[
    {
        "case": 0,
        "collider1": {
            "type": "Box",
            "collider2origin": [
                [
                    0.907778172512869,
                    0.4194505805326725,
                    0.0,
                    -1.612083837096907
                ],
                [
                    -0.4194505805326725,
                    0.907778172512869,
                    0.0,
                    -0.24654756573714753
                ],
                [
                    0.0,
                    0.0,
                    1.0,
                    -0.040000000000000036
                ],
                [
                    0.0,
                    0.0,
                    0.0,
                    1.0
                ]
            ],
            "size": [
                2.0,
                2.0,
                2.0
            ]
        },
        "collider2": {
            "type": "Cylinder",
            "collider2origin": [
                [
                    -0.15037794844195582,
                    -0.270207151742634,
                    -0.9509861028267036,
                    -0.27670113078289965
                ],
                [
                    -0.010174765878785259,
                    -0.9614506050464795,
                    0.27478938879634757,
                    1.0588048973931936
                ],
                [
                    -0.9885762220292879,
                    0.05099832549105391,
                    0.14183167500741206,
                    0.2319343920032999
                ],
                [
                    0.0,
                    0.0,
                    0.0,
                    1.0
                ]
            ],
            "radius": 0.01271,
            "height": 0.05982
        },
        "distance": 0.7280603895073863
    },
    {
        "case": 1,
        "collider1": {
            "type": "Box",
            "collider2origin": [
                [
                    0.907778172512869,
                    0.4194505805326725,
                    0.0,
                    -0.7418785952877999
                ],
                [
                    -0.4194505805326725,
                    0.907778172512869,
                    0.0,
                    1.2791466490804724
                ],
                [
                    0.0,
                    0.0,
                    1.0,
                    0.27
                ],
                [
                    0.0,
                    0.0,
                    0.0,
                    1.0
                ]
            ],
            "size": [
                0.52,
                1.16,
                0.6
            ]
        },
        "collider2": {
            "type": "Cylinder",
            "collider2origin": [
                [
                    -0.15037794844195582,
                    -0.270207151742634,
                    -0.9509861028267036,
                    -0.27670113078289965
                ],
                [
                    -0.010174765878785259,
                    -0.9614506050464795,
                    0.27478938879634757,
                    1.0588048973931936
                ],
                [
                    -0.9885762220292879,
                    0.05099832549105391,
                    0.14183167500741206,
                    0.2319343920032999
                ],
                [
                    0.0,
                    0.0,
                    0.0,
                    1.0
                ]
            ],
            "radius": 0.01271,
            "height": 0.05982
        },
        "distance": 0.22281346110684486
    },
    {
        "case": 2,
        "collider1": {
            "type": "Box",
            "collider2origin": [
                [
                    0.907778172512869,
                    0.4194505805326725,
                    0.0,
                    -1.612083837096907
                ],
                [
                    -0.4194505805326725,
                    0.907778172512869,
                    0.0,
                    -0.24654756573714753
                ],
                [
                    0.0,
                    0.0,
                    1.0,
                    -0.040000000000000036
                ],
                [
                    0.0,
                    0.0,
                    0.0,
                    1.0
                ]
            ],
            "size": [
                2.0,
                2.0,
                2.0
            ]
        },
        "collider2": {
            "type": "Cylinder",
            "collider2origin": [
                [
                    -0.13256989669754612,
                    -0.18639962652264466,
                    -0.9734887784262439,
                    -0.2629030007513454
                ],
                [
                    -0.06124561643055339,
                    -0.9787403281095012,
                    0.19574561195630197,
                    1.0534031841556106
                ],
                [
                    -0.9892796353699204,
                    0.08557189587898692,
                    0.11833534416239477,
                    0.23131374578261843
                ],
                [
                    0.0,
                    0.0,
                    0.0,
                    1.0
                ]
            ],
            "radius": 0.01169,
            "height": 0.05502
        },
        "distance": 0.7282619452534056
    },
    {
        "case": 3,
        "collider1": {
            "type": "Box",
            "collider2origin": [
                [
                    0.907778172512869,
                    0.4194505805326725,
                    0.0,
                    -0.7418785952877999
                ],
                [
                    -0.4194505805326725,
                    0.907778172512869,
                    0.0,
                    1.2791466490804724
                ],
                [
                    0.0,
                    0.0,
                    1.0,
                    0.27
                ],
                [
                    0.0,
                    0.0,
                    0.0,
                    1.0
                ]
            ],
            "size": [
                0.52,
                1.16,
                0.6
            ]
        },
        "collider2": {
            "type": "Cylinder",
            "collider2origin": [
                [
                    -0.13256989669754612,
                    -0.18639962652264466,
                    -0.9734887784262439,
                    -0.2629030007513454
                ],
                [
                    -0.06124561643055339,
                    -0.9787403281095012,
                    0.19574561195630197,
                    1.0534031841556106
                ],
                [
                    -0.9892796353699204,
                    0.08557189587898692,
                    0.11833534416239477,
                    0.23131374578261843
                ],
                [
                    0.0,
                    0.0,
                    0.0,
                    1.0
                ]
            ],
            "radius": 0.01169,
            "height": 0.05502
        },
        "distance": 0.2398918607602751
    },
    {
        "case": 4,
        "collider1": {
            "type": "Box",
            "collider2origin": [
                [
                    0.907778172512869,
                    0.4194505805326725,
                    0.0,
                    -1.612083837096907
                ],
                [
                    -0.4194505805326725,
                    0.907778172512869,
                    0.0,
                    -0.24654756573714753
                ],
                [
                    0.0,
                    0.0,
                    1.0,
                    -0.040000000000000036
                ],
                [
                    0.0,
                    0.0,
                    0.0,
                    1.0
                ]
            ],
            "size": [
                2.0,
                2.0,
                2.0
            ]
        },
        "collider2": {
            "type": "Box",
            "collider2origin": [
                [
                    0.36134763284341553,
                    -0.529427541120747,
                    -0.7675508888284216,
                    -0.21248703651418338
                ],
                [
                    -0.22549830393337345,
                    -0.8483551606935658,
                    0.4790031693504399,
                    1.0630046673951776
                ],
                [
                    -0.9047532277707729,
                    -5.237755912794154e-06,
                    -0.42593614170546007,
                    0.29942409838838113
                ],
                [
                    0.0,
                    0.0,
                    0.0,
                    1.0
                ]
            ],
            "size": [
                0.1202,
                0.13634,
                0.67816
            ]
        },
        "distance": 0.6680927367321732
    },
    {
        "case": 5,
        "collider1": {
            "type": "Box",
            "collider2origin": [
                [
                    0.907778172512869,
                    0.4194505805326725,
                    0.0,
                    -0.7418785952877999
                ],
                [
                    -0.4194505805326725,
                    0.907778172512869,
                    0.0,
                    1.2791466490804724
                ],
                [
                    0.0,
                    0.0,
                    1.0,
                    0.27
                ],
                [
                    0.0,
                    0.0,
                    0.0,
                    1.0
                ]
            ],
            "size": [
                0.52,
                1.16,
                0.6
            ]
        },
        "collider2": {
            "type": "Box",
            "collider2origin": [
                [
                    0.36134763284341553,
                    -0.529427541120747,
                    -0.7675508888284216,
                    -0.21248703651418338
                ],
                [
                    -0.22549830393337345,
                    -0.8483551606935658,
                    0.4790031693504399,
                    1.0630046673951776
                ],
                [
                    -0.9047532277707729,
                    -5.237755912794154e-06,
                    -0.42593614170546007,
                    0.29942409838838113
                ],
                [
                    0.0,
                    0.0,
                    0.0,
                    1.0
                ]
            ],
            "size": [
                0.1202,
                0.13634,
                0.67816
            ]
        },
        "distance": 0.0
    },
    {
        "case": 6,
        "collider1": {
            "type": "Box",
            "collider2origin": [
                [
                    0.907778172512869,
                    0.4194505805326725,
                    0.0,
                    -0.7418785952877999
                ],
                [
                    -0.4194505805326725,
                    0.907778172512869,
                    0.0,
                    1.2791466490804724
                ],
                [
                    0.0,
                    0.0,
                    1.0,
                    0.27
                ],
                [
                    0.0,
                    0.0,
                    0.0,
                    1.0
                ]
            ],
            "size": [
                0.52,
                1.16,
                0.6
            ]
        },
        "collider2": {
            "type": "Cylinder",
            "collider2origin": [
                [
                    0.34211037311161374,
                    -0.49293581489417626,
                    -0.7999842342221793,
                    -0.2459867504911732
                ],
                [
                    0.3742858827760137,
                    -0.7094167192402655,
                    0.5971917584971829,
                    1.0575346232900453
                ],
                [
                    -0.8618993970087299,
                    -0.5037283006313938,
                    -0.05819990188132378,
                    0.30857746192243596
                ],
                [
                    0.0,
                    0.0,
                    0.0,
                    1.0
                ]
            ],
            "radius": 0.00783,
            "height": 0.03044
        },
        "distance": 0.2665693348367962
    },
    {
        "case": 7,
        "collider1": {
            "type": "Box",
            "collider2origin": [
                [
                    0.907778172512869,
                    0.4194505805326725,
                    0.0,
                    -1.612083837096907
                ],
                [
                    -0.4194505805326725,
                    0.907778172512869,
                    0.0,
                    -0.24654756573714753
                ],
                [
                    0.0,
                    0.0,
                    1.0,
                    -0.040000000000000036
                ],
                [
                    0.0,
                    0.0,
                    0.0,
                    1.0
                ]
            ],
            "size": [
                2.0,
                2.0,
                2.0
            ]
        },
        "collider2": {
            "type": "Box",
            "collider2origin": [
                [
                    0.036998603484922434,
                    0.995203529851083,
                    0.0905595799024568,
                    -0.2799438423646929
                ],
                [
                    0.3860547954092948,
                    0.06935176349467534,
                    -0.9198652226503974,
                    1.0870443777410905
                ],
                [
                    -0.921733583136501,
                    0.06899468872400655,
                    -0.3816371767087484,
                    0.2819598988728862
                ],
                [
                    0.0,
                    0.0,
                    0.0,
                    1.0
                ]
            ],
            "size": [
                0.07264,
                0.04753,
                0.03326
            ]
        },
        "distance": 0.7314089837171728
    },
    {
        "case": 8,
        "collider1": {
            "type": "Box",
            "collider2origin": [
                [
                    0.907778172512869,
                    0.4194505805326725,
                    0.0,
                    -0.7418785952877999
                ],
                [
                    -0.4194505805326725,
                    0.907778172512869,
                    0.0,
                    1.2791466490804724
                ],
                [
                    0.0,
                    0.0,
                    1.0,
                    0.27
                ],
                [
                    0.0,
                    0.0,
                    0.0,
                    1.0
                ]
            ],
            "size": [
                0.52,
                1.16,
                0.6
            ]
        },
        "collider2": {
            "type": "Box",
            "collider2origin": [
                [
                    0.036998603484922434,
                    0.995203529851083,
                    0.0905595799024568,
                    -0.2799438423646929
                ],
                [
                    0.3860547954092948,
                    0.06935176349467534,
                    -0.9198652226503974,
                    1.0870443777410905
                ],
                [
                    -0.921733583136501,
                    0.06899468872400655,
                    -0.3816371767087484,
                    0.2819598988728862
                ],
                [
                    0.0,
                    0.0,
                    0.0,
                    1.0
                ]
            ],
            "size": [
                0.07264,
                0.04753,
                0.03326
            ]
        },
        "distance": 0.2066880647712938
    },
    {
        "case": 9,
        "collider1": {
            "type": "Box",
            "collider2origin": [
                [
                    0.907778172512869,
                    0.4194505805326725,
                    0.0,
                    -1.612083837096907
                ],
                [
                    -0.4194505805326725,
                    0.907778172512869,
                    0.0,
                    -0.24654756573714753
                ],
                [
                    0.0,
                    0.0,
                    1.0,
                    -0.040000000000000036
                ],
                [
                    0.0,
                    0.0,
                    0.0,
                    1.0
                ]
            ],
            "size": [
                2.0,
                2.0,
                2.0
            ]
        },
        "collider2": {
            "type": "Box",
            "collider2origin": [
                [
                    0.17016126298896134,
                    0.9853318824926292,
                    -0.012892863201515623,
                    -0.41409315327197965
                ],
                [
                    0.9157442890468431,
                    -0.15328456851282785,
                    0.3713707556255981,
                    1.0882099978542525
                ],
                [
                    0.3639471687705416,
                    -0.0749994826606669,
                    -0.9283951399832612,
                    0.2836858163961762
                ],
                [
                    0.0,
                    0.0,
                    0.0,
                    1.0
                ]
            ],
            "size": [
                0.08993,
                0.0305,
                0.09007
            ]
        },
        "distance": 0.6544537139773395
    },
    {
        "case": 10,
        "collider1": {
            "type": "Box",
            "collider2origin": [
                [
                    0.907778172512869,
                    0.4194505805326725,
                    0.0,
                    -0.7418785952877999
                ],
                [
                    -0.4194505805326725,
                    0.907778172512869,
                    0.0,
                    1.2791466490804724
                ],
                [
                    0.0,
                    0.0,
                    1.0,
                    0.27
                ],
                [
                    0.0,
                    0.0,
                    0.0,
                    1.0
                ]
            ],
            "size": [
                0.52,
                1.16,
                0.6
            ]
        },
        "collider2": {
            "type": "Box",
            "collider2origin": [
                [
                    0.17016126298896134,
                    0.9853318824926292,
                    -0.012892863201515623,
                    -0.41409315327197965
                ],
                [
                    0.9157442890468431,
                    -0.15328456851282785,
                    0.3713707556255981,
                    1.0882099978542525
                ],
                [
                    0.3639471687705416,
                    -0.0749994826606669,
                    -0.9283951399832612,
                    0.2836858163961762
                ],
                [
                    0.0,
                    0.0,
                    0.0,
                    1.0
                ]
            ],
            "size": [
                0.08993,
                0.0305,
                0.09007
            ]
        },
        "distance": 0.08515583889646007
    },
    {
        "case": 11,
        "collider1": {
            "type": "Box",
            "collider2origin": [
                [
                    0.907778172512869,
                    0.4194505805326725,
                    0.0,
                    -1.612083837096907
                ],
                [
                    -0.4194505805326725,
                    0.907778172512869,
                    0.0,
                    -0.24654756573714753
                ],
                [
                    0.0,
                    0.0,
                    1.0,
                    -0.040000000000000036
                ],
                [
                    0.0,
                    0.0,
                    0.0,
                    1.0
                ]
            ],
            "size": [
                2.0,
                2.0,
                2.0
            ]
        },
        "collider2": {
            "type": "Box",
            "collider2origin": [
                [
                    -0.1560119995418892,
                    0.9853321838268901,
                    0.06914292092378695,
                    -0.4879331689698773
                ],
                [
                    -0.9872393413142294,
                    -0.15328609112980462,
                    -0.04314924365028214,
                    1.0994137693785262
                ],
                [
                    -0.03191769039870662,
                    -0.07499241148994198,
                    0.9966731657160913,
                    0.2864283660647584
                ],
                [
                    0.0,
                    0.0,
                    0.0,
                    1.0
                ]
            ],
            "size": [
                0.09126,
                0.11887,
                0.10009
            ]
        },
        "distance": 0.6326777658105012
    },
    {
        "case": 12,
        "collider1": {
            "type": "Box",
            "collider2origin": [
                [
                    0.907778172512869,
                    0.4194505805326725,
                    0.0,
                    -0.7418785952877999
                ],
                [
                    -0.4194505805326725,
                    0.907778172512869,
                    0.0,
                    1.2791466490804724
                ],
                [
                    0.0,
                    0.0,
                    1.0,
                    0.27
                ],
                [
                    0.0,
                    0.0,
                    0.0,
                    1.0
                ]
            ],
            "size": [
                0.52,
                1.16,
                0.6
            ]
        },
        "collider2": {
            "type": "Box",
            "collider2origin": [
                [
                    -0.1560119995418892,
                    0.9853321838268901,
                    0.06914292092378695,
                    -0.4879331689698773
                ],
                [
                    -0.9872393413142294,
                    -0.15328609112980462,
                    -0.04314924365028214,
                    1.0994137693785262
                ],
                [
                    -0.03191769039870662,
                    -0.07499241148994198,
                    0.9966731657160913,
                    0.2864283660647584
                ],
                [
                    0.0,
                    0.0,
                    0.0,
                    1.0
                ]
            ],
            "size": [
                0.09126,
                0.11887,
                0.10009
            ]
        },
        "distance": 0.0
    },
    {
        "case": 13,
        "collider1": {
            "type": "Box",
            "collider2origin": [
                [
                    0.907778172512869,
                    0.4194505805326725,
                    0.0,
                    -1.612083837096907
                ],
                [
                    -0.4194505805326725,
                    0.907778172512869,
                    0.0,
                    -0.24654756573714753
                ],
                [
                    0.0,
                    0.0,
                    1.0,
                    -0.040000000000000036
                ],
                [
                    0.0,
                    0.0,
                    0.0,
                    1.0
                ]
            ],
            "size": [
                2.0,
                2.0,
                2.0
            ]
        },
        "collider2": {
            "type": "Box",
            "collider2origin": [
                [
                    0.055155144986258106,
                    0.9952038105490648,
                    0.08079161744986557,
                    -0.33076524184439043
                ],
                [
                    0.1847358612377412,
                    0.06934660488597658,
                    -0.9803385690482331,
                    1.0807307940243276
                ],
                [
                    -0.9812393039184143,
                    0.06899582494186708,
                    -0.1800250110020726,
                    0.27918146125861165
                ],
                [
                    0.0,
                    0.0,
                    0.0,
                    1.0
                ]
            ],
            "size": [
                0.06241,
                0.05638,
                0.02858
            ]
        },
        "distance": 0.710594139673063
    },
    {
        "case": 14,
        "collider1": {
            "type": "Box",
            "collider2origin": [
                [
                    0.907778172512869,
                    0.4194505805326725,
                    0.0,
                    -0.7418785952877999
                ],
                [
                    -0.4194505805326725,
                    0.907778172512869,
                    0.0,
                    1.2791466490804724
                ],
                [
                    0.0,
                    0.0,
                    1.0,
                    0.27
                ],
                [
                    0.0,
                    0.0,
                    0.0,
                    1.0
                ]
            ],
            "size": [
                0.52,
                1.16,
                0.6
            ]
        },
        "collider2": {
            "type": "Box",
            "collider2origin": [
                [
                    0.055155144986258106,
                    0.9952038105490648,
                    0.08079161744986557,
                    -0.33076524184439043
                ],
                [
                    0.1847358612377412,
                    0.06934660488597658,
                    -0.9803385690482331,
                    1.0807307940243276
                ],
                [
                    -0.9812393039184143,
                    0.06899582494186708,
                    -0.1800250110020726,
                    0.27918146125861165
                ],
                [
                    0.0,
                    0.0,
                    0.0,
                    1.0
                ]
            ],
            "size": [
                0.06241,
                0.05638,
                0.02858
            ]
        },
        "distance": 0.16399807143570616
    },
    {
        "case": 15,
        "collider1": {
            "type": "Box",
            "collider2origin": [
                [
                    0.907778172512869,
                    0.4194505805326725,
                    0.0,
                    -1.612083837096907
                ],
                [
                    -0.4194505805326725,
                    0.907778172512869,
                    0.0,
                    -0.24654756573714753
                ],
                [
                    0.0,
                    0.0,
                    1.0,
                    -0.040000000000000036
                ],
                [
                    0.0,
                    0.0,
                    0.0,
                    1.0
                ]
            ],
            "size": [
                2.0,
                2.0,
                2.0
            ]
        },
        "collider2": {
            "type": "Box",
            "collider2origin": [
                [
                    -0.8455347357794598,
                    -0.529424467772775,
                    0.06914292092378695,
                    -0.4953380269869459
                ],
                [
                    0.527663159457712,
                    -0.8483570786664738,
                    -0.04314924365028214,
                    1.1077838794781218
                ],
                [
                    0.08150215175971932,
                    -1.2220144669722944e-08,
                    0.9966731657160913,
                    0.17758944907681196
                ],
                [
                    0.0,
                    0.0,
                    0.0,
                    1.0
                ]
            ],
            "size": [
                0.09102,
                0.10007,
                0.11882
            ]
        },
        "distance": 0.6419452672694843
    },
    {
        "case": 16,
        "collider1": {
            "type": "Box",
            "collider2origin": [
                [
                    0.907778172512869,
                    0.4194505805326725,
                    0.0,
                    -0.7418785952877999
                ],
                [
                    -0.4194505805326725,
                    0.907778172512869,
                    0.0,
                    1.2791466490804724
                ],
                [
                    0.0,
                    0.0,
                    1.0,
                    0.27
                ],
                [
                    0.0,
                    0.0,
                    0.0,
                    1.0
                ]
            ],
            "size": [
                0.52,
                1.16,
                0.6
            ]
        },
        "collider2": {
            "type": "Box",
            "collider2origin": [
                [
                    -0.8455347357794598,
                    -0.529424467772775,
                    0.06914292092378695,
                    -0.4953380269869459
                ],
                [
                    0.527663159457712,
                    -0.8483570786664738,
                    -0.04314924365028214,
                    1.1077838794781218
                ],
                [
                    0.08150215175971932,
                    -1.2220144669722944e-08,
                    0.9966731657160913,
                    0.17758944907681196
                ],
                [
                    0.0,
                    0.0,
                    0.0,
                    1.0
                ]
            ],
            "size": [
                0.09102,
                0.10007,
                0.11882
            ]
        },
        "distance": 0.0
    },
    {
        "case": 17,
        "collider1": {
            "type": "Box",
            "collider2origin": [
                [
                    0.907778172512869,
                    0.4194505805326725,
                    0.0,
                    -0.7418785952877999
                ],
                [
                    -0.4194505805326725,
                    0.907778172512869,
                    0.0,
                    1.2791466490804724
                ],
                [
                    0.0,
                    0.0,
                    1.0,
                    0.27
                ],
                [
                    0.0,
                    0.0,
                    0.0,
                    1.0
                ]
            ],
            "size": [
                0.52,
                1.16,
                0.6
            ]
        },
        "collider2": {
            "type": "Cylinder",
            "collider2origin": [
                [
                    -0.09464625293112014,
                    -0.9349104136546645,
                    -0.3420301233022642,
                    -0.25669838906805414
                ],
                [
                    0.3061780817183216,
                    -0.3542564543962928,
                    0.8836047457963628,
                    1.0745885291525559
                ],
                [
                    -0.9472576571774897,
                    -0.021092248780787484,
                    0.3197781230165413,
                    0.24796558226256904
                ],
                [
                    0.0,
                    0.0,
                    0.0,
                    1.0
                ]
            ],
            "radius": 0.00713,
            "height": 0.01697
        },
        "distance": 0.2552383423613001
    }
]