[
    {
        "case": 0,
        "collider1": {
            "type": "Box",
            "collider2origin": [
                [
                    0.9077781725128689,
                    0.4194505805326724,
                    0.0,
                    0.4158817547107895
                ],
                [
                    -0.4194505805326724,
                    0.9077781725128689,
                    0.0,
                    0.733173894971941
                ],
                [
                    0.0,
                    0.0,
                    1.0,
                    -0.6599999999999999
                ],
                [
                    0.0,
                    0.0,
                    0.0,
                    1.0
                ]
            ],
            "size": [
                0.6,
                1.0,
                0.8
            ]
        },
        "collider2": {
            "type": "Box",
            "collider2origin": [
                [
                    -0.035622560298405534,
                    0.9991479690930903,
                    -0.020841522375767568,
                    0.46814409232943255
                ],
                [
                    0.8624758810201798,
                    0.041271489073128984,
                    0.5044125482659519,
                    0.9584265828069096
                ],
                [
                    0.5048429338479951,
                    -6.843956965713839e-06,
                    -0.8632112210211987,
                    -0.3616880394435942
                ],
                [
                    0.0,
                    0.0,
                    0.0,
                    1.0
                ]
            ],
            "size": [
                0.15068,
                0.17726,
                0.74884
            ]
        },
        "distance": 0.0
    },
    {
        "case": 1,
        "collider1": {
            "type": "Box",
            "collider2origin": [
                [
                    0.9077781725128689,
                    0.4194505805326724,
                    0.0,
                    0.27063700059322826
                ],
                [
                    -0.4194505805326724,
                    0.9077781725128689,
                    0.0,
                    0.8002854543438492
                ],
                [
                    0.0,
                    0.0,
                    1.0,
                    -0.25
                ],
                [
                    0.0,
                    0.0,
                    0.0,
                    1.0
                ]
            ],
            "size": [
                0.2,
                0.2,
                0.02
            ]
        },
        "collider2": {
            "type": "Box",
            "collider2origin": [
                [
                    -0.035622560298405534,
                    0.9991479690930903,
                    -0.020841522375767568,
                    0.46814409232943255
                ],
                [
                    0.8624758810201798,
                    0.041271489073128984,
                    0.5044125482659519,
                    0.9584265828069096
                ],
                [
                    0.5048429338479951,
                    -6.843956965713839e-06,
                    -0.8632112210211987,
                    -0.3616880394435942
                ],
                [
                    0.0,
                    0.0,
                    0.0,
                    1.0
                ]
            ],
            "size": [
                0.15068,
                0.17726,
                0.74884
            ]
        },
        "distance": 0.0
    },
    {
        "case": 2,
        "collider1": {
            "type": "Box",
            "collider2origin": [
                [
                    0.907778172512869,
                    0.4194505805326725,
                    0.0,
                    0.9947946797881562
                ],
                [
                    -0.4194505805326725,
                    0.907778172512869,
                    0.0,
                    0.5317739604993647
                ],
                [
                    0.0,
                    0.0,
                    1.0,
                    -0.69
                ],
                [
                    0.0,
                    0.0,
                    0.0,
                    1.0
                ]
            ],
            "size": [
                0.6,
                1.2,
                0.75
            ]
        },
        "collider2": {
            "type": "Box",
            "collider2origin": [
                [
                    -0.035622560298405534,
                    0.9991479690930903,
                    -0.020841522375767568,
                    0.46814409232943255
                ],
                [
                    0.8624758810201798,
                    0.041271489073128984,
                    0.5044125482659519,
                    0.9584265828069096
                ],
                [
                    0.5048429338479951,
                    -6.843956965713839e-06,
                    -0.8632112210211987,
                    -0.3616880394435942
                ],
                [
                    0.0,
                    0.0,
                    0.0,
                    1.0
                ]
            ],
            "size": [
                0.15068,
                0.17726,
                0.74884
            ]
        },
        "distance": 0.218227462732725
    },
    {
        "case": 3,
        "collider1": {
            "type": "Box",
            "collider2origin": [
                [
                    0.9077781725128689,
                    0.4194505805326724,
                    0.0,
                    0.4158817547107895
                ],
                [
                    -0.4194505805326724,
                    0.9077781725128689,
                    0.0,
                    0.733173894971941
                ],
                [
                    0.0,
                    0.0,
                    1.0,
                    -0.6599999999999999
                ],
                [
                    0.0,
                    0.0,
                    0.0,
                    1.0
                ]
            ],
            "size": [
                0.6,
                1.0,
                0.8
            ]
        },
        "collider2": {
            "type": "Box",
            "collider2origin": [
                [
                    -0.035622560298405534,
                    0.9991479690930903,
                    -0.020841522375767568,
                    0.46814409232943255
                ],
                [
                    0.8624758810201798,
                    0.041271489073128984,
                    0.5044125482659519,
                    0.9584265828069096
                ],
                [
                    0.5048429338479951,
                    -6.843956965713839e-06,
                    -0.8632112210211987,
                    -0.3616880394435942
                ],
                [
                    0.0,
                    0.0,
                    0.0,
                    1.0
                ]
            ],
            "size": [
                0.15068,
                0.17726,
                0.74884
            ]
        },
        "distance": 0.0
    },
    {
        "case": 4,
        "collider1": {
            "type": "Box",
            "collider2origin": [
                [
                    0.9077781725128689,
                    0.4194505805326724,
                    0.0,
                    0.27063700059322826
                ],
                [
                    -0.4194505805326724,
                    0.9077781725128689,
                    0.0,
                    0.8002854543438492
                ],
                [
                    0.0,
                    0.0,
                    1.0,
                    -0.25
                ],
                [
                    0.0,
                    0.0,
                    0.0,
                    1.0
                ]
            ],
            "size": [
                0.2,
                0.2,
                0.02
            ]
        },
        "collider2": {
            "type": "Box",
            "collider2origin": [
                [
                    -0.035622560298405534,
                    0.9991479690930903,
                    -0.020841522375767568,
                    0.46814409232943255
                ],
                [
                    0.8624758810201798,
                    0.041271489073128984,
                    0.5044125482659519,
                    0.9584265828069096
                ],
                [
                    0.5048429338479951,
                    -6.843956965713839e-06,
                    -0.8632112210211987,
                    -0.3616880394435942
                ],
                [
                    0.0,
                    0.0,
                    0.0,
                    1.0
                ]
            ],
            "size": [
                0.15068,
                0.17726,
                0.74884
            ]
        },
        "distance": 0.0
    },
    {
        "case": 5,
        "collider1": {
            "type": "Box",
            "collider2origin": [
                [
                    0.907778172512869,
                    0.4194505805326725,
                    0.0,
                    0.9947946797881562
                ],
                [
                    -0.4194505805326725,
                    0.907778172512869,
                    0.0,
                    0.5317739604993647
                ],
                [
                    0.0,
                    0.0,
                    1.0,
                    -0.69
                ],
                [
                    0.0,
                    0.0,
                    0.0,
                    1.0
                ]
            ],
            "size": [
                0.6,
                1.2,
                0.75
            ]
        },
        "collider2": {
            "type": "Box",
            "collider2origin": [
                [
                    -0.035622560298405534,
                    0.9991479690930903,
                    -0.020841522375767568,
                    0.46814409232943255
                ],
                [
                    0.8624758810201798,
                    0.041271489073128984,
                    0.5044125482659519,
                    0.9584265828069096
                ],
                [
                    0.5048429338479951,
                    -6.843956965713839e-06,
                    -0.8632112210211987,
                    -0.3616880394435942
                ],
                [
                    0.0,
                    0.0,
                    0.0,
                    1.0
                ]
            ],
            "size": [
                0.15068,
                0.17726,
                0.74884
            ]
        },
        "distance": 0.218227462732725
    },
    {
        "case": 6,
        "collider1": {
            "type": "Box",
            "collider2origin": [
                [
                    0.9077781725128689,
                    0.4194505805326724,
                    0.0,
                    0.4158817547107895
                ],
                [
                    -0.4194505805326724,
                    0.9077781725128689,
                    0.0,
                    0.733173894971941
                ],
                [
                    0.0,
                    0.0,
                    1.0,
                    -0.6599999999999999
                ],
                [
                    0.0,
                    0.0,
                    0.0,
                    1.0
                ]
            ],
            "size": [
                0.6,
                1.0,
                0.8
            ]
        },
        "collider2": {
            "type": "Box",
            "collider2origin": [
                [
                    -0.041099959254538354,
                    0.999148059367003,
                    0.0037348108957533195,
                    0.33645715746032573
                ],
                [
                    0.9950320529942672,
                    0.04126930347612011,
                    -0.09059833389533115,
                    1.0852202558381565
                ],
                [
                    -0.09067528253768653,
                    -7.3312784803721264e-06,
                    -0.9958805114485184,
                    -0.9102129924183453
                ],
                [
                    0.0,
                    0.0,
                    0.0,
                    1.0
                ]
            ],
            "size": [
                0.1202,
                0.13634,
                0.67816
            ]
        },
        "distance": 0.0
    },
    {
        "case": 7,
        "collider1": {
            "type": "Box",
            "collider2origin": [
                [
                    0.9077781725128689,
                    0.4194505805326724,
                    0.0,
                    0.4158817547107895
                ],
                [
                    -0.4194505805326724,
                    0.9077781725128689,
                    0.0,
                    0.733173894971941
                ],
                [
                    0.0,
                    0.0,
                    1.0,
                    -0.6599999999999999
                ],
                [
                    0.0,
                    0.0,
                    0.0,
                    1.0
                ]
            ],
            "size": [
                0.6,
                1.0,
                0.8
            ]
        },
        "collider2": {
            "type": "Box",
            "collider2origin": [
                [
                    -0.3493098104887707,
                    0.9363789461589086,
                    0.034309262402898576,
                    0.45903304767025144
                ],
                [
                    -0.5309252252883834,
                    -0.16762181179498345,
                    -0.8306752273681011,
                    0.9702466305405684
                ],
                [
                    -0.7720758132779308,
                    -0.3083786591204051,
                    0.5556991462566074,
                    -1.1394270811593648
                ],
                [
                    0.0,
                    0.0,
                    0.0,
                    1.0
                ]
            ],
            "size": [
                0.09126,
                0.11887,
                0.10009
            ]
        },
        "distance": 0.0
    },
    {
        "case": 8,
        "collider1": {
            "type": "Box",
            "collider2origin": [
                [
                    0.907778172512869,
                    0.4194505805326725,
                    0.0,
                    0.9947946797881562
                ],
                [
                    -0.4194505805326725,
                    0.907778172512869,
                    0.0,
                    0.5317739604993647
                ],
                [
                    0.0,
                    0.0,
                    1.0,
                    -0.69
                ],
                [
                    0.0,
                    0.0,
                    0.0,
                    1.0
                ]
            ],
            "size": [
                0.6,
                1.2,
                0.75
            ]
        },
        "collider2": {
            "type": "Box",
            "collider2origin": [
                [
                    -0.3493098104887707,
                    0.9363789461589086,
                    0.034309262402898576,
                    0.45903304767025144
                ],
                [
                    -0.5309252252883834,
                    -0.16762181179498345,
                    -0.8306752273681011,
                    0.9702466305405684
                ],
                [
                    -0.7720758132779308,
                    -0.3083786591204051,
                    0.5556991462566074,
                    -1.1394270811593648
                ],
                [
                    0.0,
                    0.0,
                    0.0,
                    1.0
                ]
            ],
            "size": [
                0.09126,
                0.11887,
                0.10009
            ]
        },
        "distance": 0.2937739570690702
    }
]