[
    {
        "case": 0,
        "collider1": {
            "type": "Box",
            "collider2origin": [
                [
                    0.9077781725128689,
                    0.4194505805326724,
                    0.0,
                    0.4158817547107895
                ],
                [
                    -0.4194505805326724,
                    0.9077781725128689,
                    0.0,
                    0.733173894971941
                ],
                [
                    0.0,
                    0.0,
                    1.0,
                    -0.6599999999999999
                ],
                [
                    0.0,
                    0.0,
                    0.0,
                    1.0
                ]
            ],
            "size": [
                0.6,
                1.0,
                0.8
            ]
        },
        "collider2": {
            "type": "Box",
            "collider2origin": [
                [
                    0.5410815622633236,
                    -0.22284701061392853,
                    0.8109068706325758,
                    0.5042977396472799
                ],
                [
                    -0.12369363055876535,
                    -0.9748534299205236,
                    -0.18536632901199393,
                    0.5742560223315496
                ],
                [
                    0.8318236764710852,
                    -5.711980763451962e-06,
                    -0.5550399726411606,
                    -0.26927824774393083
                ],
                [
                    0.0,
                    0.0,
                    0.0,
                    1.0
                ]
            ],
            "size": [
                0.15068,
                0.17726,
                0.74884
            ]
        },
        "distance": 0.0
    },
    {
        "case": 1,
        "collider1": {
            "type": "Box",
            "collider2origin": [
                [
                    0.9077781725128689,
                    0.4194505805326724,
                    0.0,
                    0.27063700059322826
                ],
                [
                    -0.4194505805326724,
                    0.9077781725128689,
                    0.0,
                    0.8002854543438492
                ],
                [
                    0.0,
                    0.0,
                    1.0,
                    -0.25
                ],
                [
                    0.0,
                    0.0,
                    0.0,
                    1.0
                ]
            ],
            "size": [
                0.2,
                0.2,
                0.02
            ]
        },
        "collider2": {
            "type": "Box",
            "collider2origin": [
                [
                    0.5410815622633236,
                    -0.22284701061392853,
                    0.8109068706325758,
                    0.5042977396472799
                ],
                [
                    -0.12369363055876535,
                    -0.9748534299205236,
                    -0.18536632901199393,
                    0.5742560223315496
                ],
                [
                    0.8318236764710852,
                    -5.711980763451962e-06,
                    -0.5550399726411606,
                    -0.26927824774393083
                ],
                [
                    0.0,
                    0.0,
                    0.0,
                    1.0
                ]
            ],
            "size": [
                0.15068,
                0.17726,
                0.74884
            ]
        },
        "distance": 0.007250347170354289
    },
    {
        "case": 2,
        "collider1": {
            "type": "Box",
            "collider2origin": [
                [
                    0.907778172512869,
                    0.4194505805326725,
                    0.0,
                    0.9947946797881562
                ],
                [
                    -0.4194505805326725,
                    0.907778172512869,
                    0.0,
                    0.5317739604993647
                ],
                [
                    0.0,
                    0.0,
                    1.0,
                    -0.69
                ],
                [
                    0.0,
                    0.0,
                    0.0,
                    1.0
                ]
            ],
            "size": [
                0.6,
                1.2,
                0.75
            ]
        },
        "collider2": {
            "type": "Box",
            "collider2origin": [
                [
                    0.5410815622633236,
                    -0.22284701061392853,
                    0.8109068706325758,
                    0.5042977396472799
                ],
                [
                    -0.12369363055876535,
                    -0.9748534299205236,
                    -0.18536632901199393,
                    0.5742560223315496
                ],
                [
                    0.8318236764710852,
                    -5.711980763451962e-06,
                    -0.5550399726411606,
                    -0.26927824774393083
                ],
                [
                    0.0,
                    0.0,
                    0.0,
                    1.0
                ]
            ],
            "size": [
                0.15068,
                0.17726,
                0.74884
            ]
        },
        "distance": 0.0
    },
    {
        "case": 3,
        "collider1": {
            "type": "Box",
            "collider2origin": [
                [
                    0.9077781725128689,
                    0.4194505805326724,
                    0.0,
                    0.4158817547107895
                ],
                [
                    -0.4194505805326724,
                    0.9077781725128689,
                    0.0,
                    0.733173894971941
                ],
                [
                    0.0,
                    0.0,
                    1.0,
                    -0.6599999999999999
                ],
                [
                    0.0,
                    0.0,
                    0.0,
                    1.0
                ]
            ],
            "size": [
                0.6,
                1.0,
                0.8
            ]
        },
        "collider2": {
            "type": "Box",
            "collider2origin": [
                [
                    0.5410815622633236,
                    -0.22284701061392853,
                    0.8109068706325758,
                    0.5042977396472799
                ],
                [
                    -0.12369363055876535,
                    -0.9748534299205236,
                    -0.18536632901199393,
                    0.5742560223315496
                ],
                [
                    0.8318236764710852,
                    -5.711980763451962e-06,
                    -0.5550399726411606,
                    -0.26927824774393083
                ],
                [
                    0.0,
                    0.0,
                    0.0,
                    1.0
                ]
            ],
            "size": [
                0.15068,
                0.17726,
                0.74884
            ]
        },
        "distance": 0.0
    },
    {
        "case": 4,
        "collider1": {
            "type": "Box",
            "collider2origin": [
                [
                    0.9077781725128689,
                    0.4194505805326724,
                    0.0,
                    0.27063700059322826
                ],
                [
                    -0.4194505805326724,
                    0.9077781725128689,
                    0.0,
                    0.8002854543438492
                ],
                [
                    0.0,
                    0.0,
                    1.0,
                    -0.25
                ],
                [
                    0.0,
                    0.0,
                    0.0,
                    1.0
                ]
            ],
            "size": [
                0.2,
                0.2,
                0.02
            ]
        },
        "collider2": {
            "type": "Box",
            "collider2origin": [
                [
                    0.5410815622633236,
                    -0.22284701061392853,
                    0.8109068706325758,
                    0.5042977396472799
                ],
                [
                    -0.12369363055876535,
                    -0.9748534299205236,
                    -0.18536632901199393,
                    0.5742560223315496
                ],
                [
                    0.8318236764710852,
                    -5.711980763451962e-06,
                    -0.5550399726411606,
                    -0.26927824774393083
                ],
                [
                    0.0,
                    0.0,
                    0.0,
                    1.0
                ]
            ],
            "size": [
                0.15068,
                0.17726,
                0.74884
            ]
        },
        "distance": 0.007250347170354289
    },
    {
        "case": 5,
        "collider1": {
            "type": "Box",
            "collider2origin": [
                [
                    0.907778172512869,
                    0.4194505805326725,
                    0.0,
                    0.9947946797881562
                ],
                [
                    -0.4194505805326725,
                    0.907778172512869,
                    0.0,
                    0.5317739604993647
                ],
                [
                    0.0,
                    0.0,
                    1.0,
                    -0.69
                ],
                [
                    0.0,
                    0.0,
                    0.0,
                    1.0
                ]
            ],
            "size": [
                0.6,
                1.2,
                0.75
            ]
        },
        "collider2": {
            "type": "Box",
            "collider2origin": [
                [
                    0.5410815622633236,
                    -0.22284701061392853,
                    0.8109068706325758,
                    0.5042977396472799
                ],
                [
                    -0.12369363055876535,
                    -0.9748534299205236,
                    -0.18536632901199393,
                    0.5742560223315496
                ],
                [
                    0.8318236764710852,
                    -5.711980763451962e-06,
                    -0.5550399726411606,
                    -0.26927824774393083
                ],
                [
                    0.0,
                    0.0,
                    0.0,
                    1.0
                ]
            ],
            "size": [
                0.15068,
                0.17726,
                0.74884
            ]
        },
        "distance": 0.0
    },
    {
        "case": 6,
        "collider1": {
            "type": "Box",
            "collider2origin": [
                [
                    0.9077781725128689,
                    0.4194505805326724,
                    0.0,
                    0.4158817547107895
                ],
                [
                    -0.4194505805326724,
                    0.9077781725128689,
                    0.0,
                    0.733173894971941
                ],
                [
                    0.0,
                    0.0,
                    1.0,
                    -0.6599999999999999
                ],
                [
                    0.0,
                    0.0,
                    0.0,
                    1.0
                ]
            ],
            "size": [
                0.6,
                1.0,
                0.8
            ]
        },
        "collider2": {
            "type": "Box",
            "collider2origin": [
                [
                    -0.1568416395636151,
                    -0.22284645505251052,
                    0.9621539157377714,
                    1.0553232752709296
                ],
                [
                    0.03585006286353685,
                    -0.9748535569310034,
                    -0.21994389178072496,
                    0.5778918901233323
                ],
                [
                    0.9869728836658469,
                    -3.0822352939724996e-06,
                    0.1608866896260293,
                    -0.3973398230193096
                ],
                [
                    0.0,
                    0.0,
                    0.0,
                    1.0
                ]
            ],
            "size": [
                0.1202,
                0.13634,
                0.67816
            ]
        },
        "distance": 0.0
    },
    {
        "case": 7,
        "collider1": {
            "type": "Box",
            "collider2origin": [
                [
                    0.907778172512869,
                    0.4194505805326725,
                    0.0,
                    0.9947946797881562
                ],
                [
                    -0.4194505805326725,
                    0.907778172512869,
                    0.0,
                    0.5317739604993647
                ],
                [
                    0.0,
                    0.0,
                    1.0,
                    -0.69
                ],
                [
                    0.0,
                    0.0,
                    0.0,
                    1.0
                ]
            ],
            "size": [
                0.6,
                1.2,
                0.75
            ]
        },
        "collider2": {
            "type": "Box",
            "collider2origin": [
                [
                    -0.1568416395636151,
                    -0.22284645505251052,
                    0.9621539157377714,
                    1.0553232752709296
                ],
                [
                    0.03585006286353685,
                    -0.9748535569310034,
                    -0.21994389178072496,
                    0.5778918901233323
                ],
                [
                    0.9869728836658469,
                    -3.0822352939724996e-06,
                    0.1608866896260293,
                    -0.3973398230193096
                ],
                [
                    0.0,
                    0.0,
                    0.0,
                    1.0
                ]
            ],
            "size": [
                0.1202,
                0.13634,
                0.67816
            ]
        },
        "distance": 0.0
    },
    {
        "case": 8,
        "collider1": {
            "type": "Box",
            "collider2origin": [
                [
                    0.907778172512869,
                    0.4194505805326725,
                    0.0,
                    0.9947946797881562
                ],
                [
                    -0.4194505805326725,
                    0.907778172512869,
                    0.0,
                    0.5317739604993647
                ],
                [
                    0.0,
                    0.0,
                    1.0,
                    -0.69
                ],
                [
                    0.0,
                    0.0,
                    0.0,
                    1.0
                ]
            ],
            "size": [
                0.6,
                1.2,
                0.75
            ]
        },
        "collider2": {
            "type": "Box",
            "collider2origin": [
                [
                    -0.9308521530808005,
                    -0.22285105289684606,
                    -0.28957154094904636,
                    1.3107047017512357
                ],
                [
                    0.2127926331427848,
                    -0.9748525058811408,
                    0.06619582356478818,
                    0.40486890754432286
                ],
                [
                    -0.29704135130482806,
                    -1.6579152145474337e-07,
                    0.9548646163802353,
                    -0.34777314600772313
                ],
                [
                    0.0,
                    0.0,
                    0.0,
                    1.0
                ]
            ],
            "size": [
                0.09102,
                0.10007,
                0.11882
            ]
        },
        "distance": 0.0
    }
]