[
    {
        "case": 0,
        "collider1": {
            "type": "Box",
            "collider2origin": [
                [
                    0.9077781725128689,
                    0.4194505805326724,
                    0.0,
                    0.4158817547107895
                ],
                [
                    -0.4194505805326724,
                    0.9077781725128689,
                    0.0,
                    0.733173894971941
                ],
                [
                    0.0,
                    0.0,
                    1.0,
                    -0.6599999999999999
                ],
                [
                    0.0,
                    0.0,
                    0.0,
                    1.0
                ]
            ],
            "size": [
                0.6,
                1.0,
                0.8
            ]
        },
        "collider2": {
            "type": "Box",
            "collider2origin": [
                [
                    0.8917796014549518,
                    -0.08463400250128504,
                    0.44448422699738127,
                    0.41847134136344033
                ],
                [
                    -0.07574976417625628,
                    -0.9964121062954632,
                    -0.03774768410221084,
                    0.6147694759687796
                ],
                [
                    0.44608420242829566,
                    -6.960690600170334e-06,
                    -0.8949909967678221,
                    -0.37121520765622684
                ],
                [
                    0.0,
                    0.0,
                    0.0,
                    1.0
                ]
            ],
            "size": [
                0.15068,
                0.17726,
                0.74884
            ]
        },
        "distance": 0.0
    },
    {
        "case": 1,
        "collider1": {
            "type": "Box",
            "collider2origin": [
                [
                    0.9077781725128689,
                    0.4194505805326724,
                    0.0,
                    0.27063700059322826
                ],
                [
                    -0.4194505805326724,
                    0.9077781725128689,
                    0.0,
                    0.8002854543438492
                ],
                [
                    0.0,
                    0.0,
                    1.0,
                    -0.25
                ],
                [
                    0.0,
                    0.0,
                    0.0,
                    1.0
                ]
            ],
            "size": [
                0.2,
                0.2,
                0.02
            ]
        },
        "collider2": {
            "type": "Box",
            "collider2origin": [
                [
                    0.8917796014549518,
                    -0.08463400250128504,
                    0.44448422699738127,
                    0.41847134136344033
                ],
                [
                    -0.07574976417625628,
                    -0.9964121062954632,
                    -0.03774768410221084,
                    0.6147694759687796
                ],
                [
                    0.44608420242829566,
                    -6.960690600170334e-06,
                    -0.8949909967678221,
                    -0.37121520765622684
                ],
                [
                    0.0,
                    0.0,
                    0.0,
                    1.0
                ]
            ],
            "size": [
                0.15068,
                0.17726,
                0.74884
            ]
        },
        "distance": 0.0
    },
    {
        "case": 2,
        "collider1": {
            "type": "Box",
            "collider2origin": [
                [
                    0.907778172512869,
                    0.4194505805326725,
                    0.0,
                    0.9947946797881562
                ],
                [
                    -0.4194505805326725,
                    0.907778172512869,
                    0.0,
                    0.5317739604993647
                ],
                [
                    0.0,
                    0.0,
                    1.0,
                    -0.69
                ],
                [
                    0.0,
                    0.0,
                    0.0,
                    1.0
                ]
            ],
            "size": [
                0.6,
                1.2,
                0.75
            ]
        },
        "collider2": {
            "type": "Box",
            "collider2origin": [
                [
                    0.8917796014549518,
                    -0.08463400250128504,
                    0.44448422699738127,
                    0.41847134136344033
                ],
                [
                    -0.07574976417625628,
                    -0.9964121062954632,
                    -0.03774768410221084,
                    0.6147694759687796
                ],
                [
                    0.44608420242829566,
                    -6.960690600170334e-06,
                    -0.8949909967678221,
                    -0.37121520765622684
                ],
                [
                    0.0,
                    0.0,
                    0.0,
                    1.0
                ]
            ],
            "size": [
                0.15068,
                0.17726,
                0.74884
            ]
        },
        "distance": 0.0073645129769775
    },
    {
        "case": 3,
        "collider1": {
            "type": "Box",
            "collider2origin": [
                [
                    0.9077781725128689,
                    0.4194505805326724,
                    0.0,
                    0.4158817547107895
                ],
                [
                    -0.4194505805326724,
                    0.9077781725128689,
                    0.0,
                    0.733173894971941
                ],
                [
                    0.0,
                    0.0,
                    1.0,
                    -0.6599999999999999
                ],
                [
                    0.0,
                    0.0,
                    0.0,
                    1.0
                ]
            ],
            "size": [
                0.6,
                1.0,
                0.8
            ]
        },
        "collider2": {
            "type": "Box",
            "collider2origin": [
                [
                    0.8917796014549518,
                    -0.08463400250128504,
                    0.44448422699738127,
                    0.41847134136344033
                ],
                [
                    -0.07574976417625628,
                    -0.9964121062954632,
                    -0.03774768410221084,
                    0.6147694759687796
                ],
                [
                    0.44608420242829566,
                    -6.960690600170334e-06,
                    -0.8949909967678221,
                    -0.37121520765622684
                ],
                [
                    0.0,
                    0.0,
                    0.0,
                    1.0
                ]
            ],
            "size": [
                0.15068,
                0.17726,
                0.74884
            ]
        },
        "distance": 0.0
    },
    {
        "case": 4,
        "collider1": {
            "type": "Box",
            "collider2origin": [
                [
                    0.9077781725128689,
                    0.4194505805326724,
                    0.0,
                    0.27063700059322826
                ],
                [
                    -0.4194505805326724,
                    0.9077781725128689,
                    0.0,
                    0.8002854543438492
                ],
                [
                    0.0,
                    0.0,
                    1.0,
                    -0.25
                ],
                [
                    0.0,
                    0.0,
                    0.0,
                    1.0
                ]
            ],
            "size": [
                0.2,
                0.2,
                0.02
            ]
        },
        "collider2": {
            "type": "Box",
            "collider2origin": [
                [
                    0.8917796014549518,
                    -0.08463400250128504,
                    0.44448422699738127,
                    0.41847134136344033
                ],
                [
                    -0.07574976417625628,
                    -0.9964121062954632,
                    -0.03774768410221084,
                    0.6147694759687796
                ],
                [
                    0.44608420242829566,
                    -6.960690600170334e-06,
                    -0.8949909967678221,
                    -0.37121520765622684
                ],
                [
                    0.0,
                    0.0,
                    0.0,
                    1.0
                ]
            ],
            "size": [
                0.15068,
                0.17726,
                0.74884
            ]
        },
        "distance": 0.0
    },
    {
        "case": 5,
        "collider1": {
            "type": "Box",
            "collider2origin": [
                [
                    0.907778172512869,
                    0.4194505805326725,
                    0.0,
                    0.9947946797881562
                ],
                [
                    -0.4194505805326725,
                    0.907778172512869,
                    0.0,
                    0.5317739604993647
                ],
                [
                    0.0,
                    0.0,
                    1.0,
                    -0.69
                ],
                [
                    0.0,
                    0.0,
                    0.0,
                    1.0
                ]
            ],
            "size": [
                0.6,
                1.2,
                0.75
            ]
        },
        "collider2": {
            "type": "Box",
            "collider2origin": [
                [
                    0.8917796014549518,
                    -0.08463400250128504,
                    0.44448422699738127,
                    0.41847134136344033
                ],
                [
                    -0.07574976417625628,
                    -0.9964121062954632,
                    -0.03774768410221084,
                    0.6147694759687796
                ],
                [
                    0.44608420242829566,
                    -6.960690600170334e-06,
                    -0.8949909967678221,
                    -0.37121520765622684
                ],
                [
                    0.0,
                    0.0,
                    0.0,
                    1.0
                ]
            ],
            "size": [
                0.15068,
                0.17726,
                0.74884
            ]
        },
        "distance": 0.0073645129769775
    },
    {
        "case": 6,
        "collider1": {
            "type": "Box",
            "collider2origin": [
                [
                    0.9077781725128689,
                    0.4194505805326724,
                    0.0,
                    0.4158817547107895
                ],
                [
                    -0.4194505805326724,
                    0.9077781725128689,
                    0.0,
                    0.733173894971941
                ],
                [
                    0.0,
                    0.0,
                    1.0,
                    -0.6599999999999999
                ],
                [
                    0.0,
                    0.0,
                    0.0,
                    1.0
                ]
            ],
            "size": [
                0.6,
                1.0,
                0.8
            ]
        },
        "collider2": {
            "type": "Box",
            "collider2origin": [
                [
                    -0.9491573009119979,
                    -0.08463452142376234,
                    0.30321183339180874,
                    0.6530296660868881
                ],
                [
                    0.08062068290058433,
                    -0.9964120622429962,
                    -0.025754760827913902,
                    0.7216409862244302
                ],
                [
                    0.30430367006346576,
                    -1.7420147099462415e-07,
                    0.9525750765088674,
                    -0.3833621261826473
                ],
                [
                    0.0,
                    0.0,
                    0.0,
                    1.0
                ]
            ],
            "size": [
                0.1202,
                0.13634,
                0.67816
            ]
        },
        "distance": 0.0
    },
    {
        "case": 7,
        "collider1": {
            "type": "Box",
            "collider2origin": [
                [
                    0.907778172512869,
                    0.4194505805326725,
                    0.0,
                    0.9947946797881562
                ],
                [
                    -0.4194505805326725,
                    0.907778172512869,
                    0.0,
                    0.5317739604993647
                ],
                [
                    0.0,
                    0.0,
                    1.0,
                    -0.69
                ],
                [
                    0.0,
                    0.0,
                    0.0,
                    1.0
                ]
            ],
            "size": [
                0.6,
                1.2,
                0.75
            ]
        },
        "collider2": {
            "type": "Box",
            "collider2origin": [
                [
                    -0.9491573009119979,
                    -0.08463452142376234,
                    0.30321183339180874,
                    0.6530296660868881
                ],
                [
                    0.08062068290058433,
                    -0.9964120622429962,
                    -0.025754760827913902,
                    0.7216409862244302
                ],
                [
                    0.30430367006346576,
                    -1.7420147099462415e-07,
                    0.9525750765088674,
                    -0.3833621261826473
                ],
                [
                    0.0,
                    0.0,
                    0.0,
                    1.0
                ]
            ],
            "size": [
                0.1202,
                0.13634,
                0.67816
            ]
        },
        "distance": 0.0
    }
]