[
    {
        "case": 0,
        "collider1": {
            "type": "Box",
            "collider2origin": [
                [
                    0.907778172512869,
                    0.4194505805326725,
                    0.0,
                    -1.612083837096907
                ],
                [
                    -0.4194505805326725,
                    0.907778172512869,
                    0.0,
                    -0.24654756573714753
                ],
                [
                    0.0,
                    0.0,
                    1.0,
                    -0.040000000000000036
                ],
                [
                    0.0,
                    0.0,
                    0.0,
                    1.0
                ]
            ],
            "size": [
                2.0,
                2.0,
                2.0
            ]
        },
        "collider2": {
            "type": "Box",
            "collider2origin": [
                [
                    -0.1778796146296073,
                    -0.7297292355360607,
                    -0.6601924609560296,
                    -0.02538766234758133
                ],
                [
                    0.1898489096197622,
                    -0.6837362377383336,
                    0.7046007016173175,
                    0.8919997689702306
                ],
                [
                    -0.9655652407866645,
                    -2.7175802502985975e-06,
                    0.260161038161376,
                    -0.02456464179770701
                ],
                [
                    0.0,
                    0.0,
                    0.0,
                    1.0
                ]
            ],
            "size": [
                0.15068,
                0.17726,
                0.74884
            ]
        },
        "distance": 0.5452897693667117
    },
    {
        "case": 1,
        "collider1": {
            "type": "Box",
            "collider2origin": [
                [
                    0.9081427509232697,
                    -0.4186606548811531,
                    0.0,
                    -0.09474126814702305
                ],
                [
                    0.41866065488115317,
                    0.9081427509232698,
                    0.0,
                    1.368923948110301
                ],
                [
                    0.0,
                    0.0,
                    1.0,
                    -0.21500000000000008
                ],
                [
                    0.0,
                    0.0,
                    0.0,
                    1.0
                ]
            ],
            "size": [
                0.2,
                0.3,
                0.22
            ]
        },
        "collider2": {
            "type": "Box",
            "collider2origin": [
                [
                    -0.1778796146296073,
                    -0.7297292355360607,
                    -0.6601924609560296,
                    -0.02538766234758133
                ],
                [
                    0.1898489096197622,
                    -0.6837362377383336,
                    0.7046007016173175,
                    0.8919997689702306
                ],
                [
                    -0.9655652407866645,
                    -2.7175802502985975e-06,
                    0.260161038161376,
                    -0.02456464179770701
                ],
                [
                    0.0,
                    0.0,
                    0.0,
                    1.0
                ]
            ],
            "size": [
                0.15068,
                0.17726,
                0.74884
            ]
        },
        "distance": 0.08846890549536367
    },
    {
        "case": 2,
        "collider1": {
            "type": "Box",
            "collider2origin": [
                [
                    0.9798474486812189,
                    -0.1997472836183421,
                    0.0,
                    -0.20628161272202655
                ],
                [
                    0.19974728361834207,
                    0.9798474486812188,
                    0.0,
                    1.335871448475788
                ],
                [
                    0.0,
                    0.0,
                    1.0,
                    -0.21500000000000008
                ],
                [
                    0.0,
                    0.0,
                    0.0,
                    1.0
                ]
            ],
            "size": [
                0.2,
                0.3,
                0.22
            ]
        },
        "collider2": {
            "type": "Box",
            "collider2origin": [
                [
                    -0.1778796146296073,
                    -0.7297292355360607,
                    -0.6601924609560296,
                    -0.02538766234758133
                ],
                [
                    0.1898489096197622,
                    -0.6837362377383336,
                    0.7046007016173175,
                    0.8919997689702306
                ],
                [
                    -0.9655652407866645,
                    -2.7175802502985975e-06,
                    0.260161038161376,
                    -0.02456464179770701
                ],
                [
                    0.0,
                    0.0,
                    0.0,
                    1.0
                ]
            ],
            "size": [
                0.15068,
                0.17726,
                0.74884
            ]
        },
        "distance": 0.08513080892955467
    },
    {
        "case": 3,
        "collider1": {
            "type": "Box",
            "collider2origin": [
                [
                    0.9984065575563776,
                    -0.05643000822632935,
                    0.0,
                    -0.3111399560290343
                ],
                [
                    0.05643000822632935,
                    0.9984065575563776,
                    0.0,
                    1.3240986306775833
                ],
                [
                    0.0,
                    0.0,
                    1.0,
                    -0.21500000000000008
                ],
                [
                    0.0,
                    0.0,
                    0.0,
                    1.0
                ]
            ],
            "size": [
                0.2,
                0.3,
                0.22
            ]
        },
        "collider2": {
            "type": "Box",
            "collider2origin": [
                [
                    -0.1778796146296073,
                    -0.7297292355360607,
                    -0.6601924609560296,
                    -0.02538766234758133
                ],
                [
                    0.1898489096197622,
                    -0.6837362377383336,
                    0.7046007016173175,
                    0.8919997689702306
                ],
                [
                    -0.9655652407866645,
                    -2.7175802502985975e-06,
                    0.260161038161376,
                    -0.02456464179770701
                ],
                [
                    0.0,
                    0.0,
                    0.0,
                    1.0
                ]
            ],
            "size": [
                0.15068,
                0.17726,
                0.74884
            ]
        },
        "distance": 0.0885626701520819
    },
    {
        "case": 4,
        "collider1": {
            "type": "Box",
            "collider2origin": [
                [
                    0.9997288002091077,
                    0.023287894547555033,
                    0.0,
                    -0.42010216954734814
                ],
                [
                    -0.02328789454755501,
                    0.9997288002091077,
                    0.0,
                    1.3190360102899432
                ],
                [
                    0.0,
                    0.0,
                    1.0,
                    -0.21500000000000008
                ],
                [
                    0.0,
                    0.0,
                    0.0,
                    1.0
                ]
            ],
            "size": [
                0.2,
                0.3,
                0.22
            ]
        },
        "collider2": {
            "type": "Box",
            "collider2origin": [
                [
                    -0.1778796146296073,
                    -0.7297292355360607,
                    -0.6601924609560296,
                    -0.02538766234758133
                ],
                [
                    0.1898489096197622,
                    -0.6837362377383336,
                    0.7046007016173175,
                    0.8919997689702306
                ],
                [
                    -0.9655652407866645,
                    -2.7175802502985975e-06,
                    0.260161038161376,
                    -0.02456464179770701
                ],
                [
                    0.0,
                    0.0,
                    0.0,
                    1.0
                ]
            ],
            "size": [
                0.15068,
                0.17726,
                0.74884
            ]
        },
        "distance": 0.10753611257305902
    },
    {
        "case": 5,
        "collider1": {
            "type": "Box",
            "collider2origin": [
                [
                    0.907778172512869,
                    0.4194505805326725,
                    0.0,
                    -0.7418785952877999
                ],
                [
                    -0.4194505805326725,
                    0.907778172512869,
                    0.0,
                    1.2791466490804724
                ],
                [
                    0.0,
                    0.0,
                    1.0,
                    0.27
                ],
                [
                    0.0,
                    0.0,
                    0.0,
                    1.0
                ]
            ],
            "size": [
                0.52,
                1.16,
                0.6
            ]
        },
        "collider2": {
            "type": "Box",
            "collider2origin": [
                [
                    -0.1778796146296073,
                    -0.7297292355360607,
                    -0.6601924609560296,
                    -0.02538766234758133
                ],
                [
                    0.1898489096197622,
                    -0.6837362377383336,
                    0.7046007016173175,
                    0.8919997689702306
                ],
                [
                    -0.9655652407866645,
                    -2.7175802502985975e-06,
                    0.260161038161376,
                    -0.02456464179770701
                ],
                [
                    0.0,
                    0.0,
                    0.0,
                    1.0
                ]
            ],
            "size": [
                0.15068,
                0.17726,
                0.74884
            ]
        },
        "distance": 0.16629487829313294
    },
    {
        "case": 6,
        "collider1": {
            "type": "Cylinder",
            "collider2origin": [
                [
                    0.907778172512869,
                    0.4194505805326725,
                    0.0,
                    -0.07232761537572224
                ],
                [
                    -0.4194505805326725,
                    0.907778172512869,
                    0.0,
                    1.2000044650142188
                ],
                [
                    0.0,
                    0.0,
                    1.0,
                    -0.5800000000000001
                ],
                [
                    0.0,
                    0.0,
                    0.0,
                    1.0
                ]
            ],
            "radius": 0.04,
            "height": 0.96
        },
        "collider2": {
            "type": "Box",
            "collider2origin": [
                [
                    -0.1778796146296073,
                    -0.7297292355360607,
                    -0.6601924609560296,
                    -0.02538766234758133
                ],
                [
                    0.1898489096197622,
                    -0.6837362377383336,
                    0.7046007016173175,
                    0.8919997689702306
                ],
                [
                    -0.9655652407866645,
                    -2.7175802502985975e-06,
                    0.260161038161376,
                    -0.02456464179770701
                ],
                [
                    0.0,
                    0.0,
                    0.0,
                    1.0
                ]
            ],
            "size": [
                0.15068,
                0.17726,
                0.74884
            ]
        },
        "distance": 0.07874523112056539
    },
    {
        "case": 7,
        "collider1": {
            "type": "Box",
            "collider2origin": [
                [
                    0.907778172512869,
                    0.4194505805326725,
                    0.0,
                    -1.612083837096907
                ],
                [
                    -0.4194505805326725,
                    0.907778172512869,
                    0.0,
                    -0.24654756573714753
                ],
                [
                    0.0,
                    0.0,
                    1.0,
                    -0.040000000000000036
                ],
                [
                    0.0,
                    0.0,
                    0.0,
                    1.0
                ]
            ],
            "size": [
                2.0,
                2.0,
                2.0
            ]
        },
        "collider2": {
            "type": "Box",
            "collider2origin": [
                [
                    -0.1778796146296073,
                    -0.7297292355360607,
                    -0.6601924609560296,
                    -0.02538766234758133
                ],
                [
                    0.1898489096197622,
                    -0.6837362377383336,
                    0.7046007016173175,
                    0.8919997689702306
                ],
                [
                    -0.9655652407866645,
                    -2.7175802502985975e-06,
                    0.260161038161376,
                    -0.02456464179770701
                ],
                [
                    0.0,
                    0.0,
                    0.0,
                    1.0
                ]
            ],
            "size": [
                0.15068,
                0.17726,
                0.74884
            ]
        },
        "distance": 0.5452897693667117
    },
    {
        "case": 8,
        "collider1": {
            "type": "Box",
            "collider2origin": [
                [
                    0.9081427509232697,
                    -0.4186606548811531,
                    0.0,
                    -0.09474126814702305
                ],
                [
                    0.41866065488115317,
                    0.9081427509232698,
                    0.0,
                    1.368923948110301
                ],
                [
                    0.0,
                    0.0,
                    1.0,
                    -0.21500000000000008
                ],
                [
                    0.0,
                    0.0,
                    0.0,
                    1.0
                ]
            ],
            "size": [
                0.2,
                0.3,
                0.22
            ]
        },
        "collider2": {
            "type": "Box",
            "collider2origin": [
                [
                    -0.1778796146296073,
                    -0.7297292355360607,
                    -0.6601924609560296,
                    -0.02538766234758133
                ],
                [
                    0.1898489096197622,
                    -0.6837362377383336,
                    0.7046007016173175,
                    0.8919997689702306
                ],
                [
                    -0.9655652407866645,
                    -2.7175802502985975e-06,
                    0.260161038161376,
                    -0.02456464179770701
                ],
                [
                    0.0,
                    0.0,
                    0.0,
                    1.0
                ]
            ],
            "size": [
                0.15068,
                0.17726,
                0.74884
            ]
        },
        "distance": 0.08846890549536367
    },
    {
        "case": 9,
        "collider1": {
            "type": "Box",
            "collider2origin": [
                [
                    0.9798474486812189,
                    -0.1997472836183421,
                    0.0,
                    -0.20628161272202655
                ],
                [
                    0.19974728361834207,
                    0.9798474486812188,
                    0.0,
                    1.335871448475788
                ],
                [
                    0.0,
                    0.0,
                    1.0,
                    -0.21500000000000008
                ],
                [
                    0.0,
                    0.0,
                    0.0,
                    1.0
                ]
            ],
            "size": [
                0.2,
                0.3,
                0.22
            ]
        },
        "collider2": {
            "type": "Box",
            "collider2origin": [
                [
                    -0.1778796146296073,
                    -0.7297292355360607,
                    -0.6601924609560296,
                    -0.02538766234758133
                ],
                [
                    0.1898489096197622,
                    -0.6837362377383336,
                    0.7046007016173175,
                    0.8919997689702306
                ],
                [
                    -0.9655652407866645,
                    -2.7175802502985975e-06,
                    0.260161038161376,
                    -0.02456464179770701
                ],
                [
                    0.0,
                    0.0,
                    0.0,
                    1.0
                ]
            ],
            "size": [
                0.15068,
                0.17726,
                0.74884
            ]
        },
        "distance": 0.08513080892955467
    },
    {
        "case": 10,
        "collider1": {
            "type": "Box",
            "collider2origin": [
                [
                    0.9984065575563776,
                    -0.05643000822632935,
                    0.0,
                    -0.3111399560290343
                ],
                [
                    0.05643000822632935,
                    0.9984065575563776,
                    0.0,
                    1.3240986306775833
                ],
                [
                    0.0,
                    0.0,
                    1.0,
                    -0.21500000000000008
                ],
                [
                    0.0,
                    0.0,
                    0.0,
                    1.0
                ]
            ],
            "size": [
                0.2,
                0.3,
                0.22
            ]
        },
        "collider2": {
            "type": "Box",
            "collider2origin": [
                [
                    -0.1778796146296073,
                    -0.7297292355360607,
                    -0.6601924609560296,
                    -0.02538766234758133
                ],
                [
                    0.1898489096197622,
                    -0.6837362377383336,
                    0.7046007016173175,
                    0.8919997689702306
                ],
                [
                    -0.9655652407866645,
                    -2.7175802502985975e-06,
                    0.260161038161376,
                    -0.02456464179770701
                ],
                [
                    0.0,
                    0.0,
                    0.0,
                    1.0
                ]
            ],
            "size": [
                0.15068,
                0.17726,
                0.74884
            ]
        },
        "distance": 0.0885626701520819
    },
    {
        "case": 11,
        "collider1": {
            "type": "Box",
            "collider2origin": [
                [
                    0.9997288002091077,
                    0.023287894547555033,
                    0.0,
                    -0.42010216954734814
                ],
                [
                    -0.02328789454755501,
                    0.9997288002091077,
                    0.0,
                    1.3190360102899432
                ],
                [
                    0.0,
                    0.0,
                    1.0,
                    -0.21500000000000008
                ],
                [
                    0.0,
                    0.0,
                    0.0,
                    1.0
                ]
            ],
            "size": [
                0.2,
                0.3,
                0.22
            ]
        },
        "collider2": {
            "type": "Box",
            "collider2origin": [
                [
                    -0.1778796146296073,
                    -0.7297292355360607,
                    -0.6601924609560296,
                    -0.02538766234758133
                ],
                [
                    0.1898489096197622,
                    -0.6837362377383336,
                    0.7046007016173175,
                    0.8919997689702306
                ],
                [
                    -0.9655652407866645,
                    -2.7175802502985975e-06,
                    0.260161038161376,
                    -0.02456464179770701
                ],
                [
                    0.0,
                    0.0,
                    0.0,
                    1.0
                ]
            ],
            "size": [
                0.15068,
                0.17726,
                0.74884
            ]
        },
        "distance": 0.10753611257305902
    },
    {
        "case": 12,
        "collider1": {
            "type": "Box",
            "collider2origin": [
                [
                    0.907778172512869,
                    0.4194505805326725,
                    0.0,
                    -0.7418785952877999
                ],
                [
                    -0.4194505805326725,
                    0.907778172512869,
                    0.0,
                    1.2791466490804724
                ],
                [
                    0.0,
                    0.0,
                    1.0,
                    0.27
                ],
                [
                    0.0,
                    0.0,
                    0.0,
                    1.0
                ]
            ],
            "size": [
                0.52,
                1.16,
                0.6
            ]
        },
        "collider2": {
            "type": "Box",
            "collider2origin": [
                [
                    -0.1778796146296073,
                    -0.7297292355360607,
                    -0.6601924609560296,
                    -0.02538766234758133
                ],
                [
                    0.1898489096197622,
                    -0.6837362377383336,
                    0.7046007016173175,
                    0.8919997689702306
                ],
                [
                    -0.9655652407866645,
                    -2.7175802502985975e-06,
                    0.260161038161376,
                    -0.02456464179770701
                ],
                [
                    0.0,
                    0.0,
                    0.0,
                    1.0
                ]
            ],
            "size": [
                0.15068,
                0.17726,
                0.74884
            ]
        },
        "distance": 0.16629487829313294
    },
    {
        "case": 13,
        "collider1": {
            "type": "Cylinder",
            "collider2origin": [
                [
                    0.907778172512869,
                    0.4194505805326725,
                    0.0,
                    -0.07232761537572224
                ],
                [
                    -0.4194505805326725,
                    0.907778172512869,
                    0.0,
                    1.2000044650142188
                ],
                [
                    0.0,
                    0.0,
                    1.0,
                    -0.5800000000000001
                ],
                [
                    0.0,
                    0.0,
                    0.0,
                    1.0
                ]
            ],
            "radius": 0.04,
            "height": 0.96
        },
        "collider2": {
            "type": "Box",
            "collider2origin": [
                [
                    -0.1778796146296073,
                    -0.7297292355360607,
                    -0.6601924609560296,
                    -0.02538766234758133
                ],
                [
                    0.1898489096197622,
                    -0.6837362377383336,
                    0.7046007016173175,
                    0.8919997689702306
                ],
                [
                    -0.9655652407866645,
                    -2.7175802502985975e-06,
                    0.260161038161376,
                    -0.02456464179770701
                ],
                [
                    0.0,
                    0.0,
                    0.0,
                    1.0
                ]
            ],
            "size": [
                0.15068,
                0.17726,
                0.74884
            ]
        },
        "distance": 0.07874523112056539
    },
    {
        "case": 14,
        "collider1": {
            "type": "Box",
            "collider2origin": [
                [
                    0.9077781725128689,
                    0.4194505805326724,
                    0.0,
                    0.4158817547107895
                ],
                [
                    -0.4194505805326724,
                    0.9077781725128689,
                    0.0,
                    0.733173894971941
                ],
                [
                    0.0,
                    0.0,
                    1.0,
                    -0.6599999999999999
                ],
                [
                    0.0,
                    0.0,
                    0.0,
                    1.0
                ]
            ],
            "size": [
                0.6,
                1.0,
                0.8
            ]
        },
        "collider2": {
            "type": "Box",
            "collider2origin": [
                [
                    0.37288173963902166,
                    -0.7297289156638266,
                    -0.5731098654602561,
                    -0.299933403243215
                ],
                [
                    -0.397957104910983,
                    -0.6837365791091439,
                    0.6116652949440523,
                    1.3697898828501742
                ],
                [
                    -0.8382060312922149,
                    -5.676401066941348e-06,
                    -0.5453536917204581,
                    -0.09633770293094934
                ],
                [
                    0.0,
                    0.0,
                    0.0,
                    1.0
                ]
            ],
            "size": [
                0.1202,
                0.13634,
                0.67816
            ]
        },
        "distance": 0.4211873625070735
    },
    {
        "case": 15,
        "collider1": {
            "type": "Cylinder",
            "collider2origin": [
                [
                    0.907778172512869,
                    0.4194505805326725,
                    0.0,
                    -0.6004934663570113
                ],
                [
                    -0.4194505805326725,
                    0.907778172512869,
                    0.0,
                    1.5387870906862133
                ],
                [
                    0.0,
                    0.0,
                    1.0,
                    -0.20999999999999996
                ],
                [
                    0.0,
                    0.0,
                    0.0,
                    1.0
                ]
            ],
            "radius": 0.04,
            "height": 0.22
        },
        "collider2": {
            "type": "Box",
            "collider2origin": [
                [
                    0.37288173963902166,
                    -0.7297289156638266,
                    -0.5731098654602561,
                    -0.299933403243215
                ],
                [
                    -0.397957104910983,
                    -0.6837365791091439,
                    0.6116652949440523,
                    1.3697898828501742
                ],
                [
                    -0.8382060312922149,
                    -5.676401066941348e-06,
                    -0.5453536917204581,
                    -0.09633770293094934
                ],
                [
                    0.0,
                    0.0,
                    0.0,
                    1.0
                ]
            ],
            "size": [
                0.1202,
                0.13634,
                0.67816
            ]
        },
        "distance": 0.0
    },
    {
        "case": 16,
        "collider1": {
            "type": "Box",
            "collider2origin": [
                [
                    0.718022042059392,
                    -0.6960203640101781,
                    0.0,
                    0.13748258467077087
                ],
                [
                    0.6960203640101781,
                    0.718022042059392,
                    0.0,
                    1.5384737068316263
                ],
                [
                    0.0,
                    0.0,
                    1.0,
                    -0.21500000000000008
                ],
                [
                    0.0,
                    0.0,
                    0.0,
                    1.0
                ]
            ],
            "size": [
                0.2,
                0.3,
                0.22
            ]
        },
        "collider2": {
            "type": "Box",
            "collider2origin": [
                [
                    0.37288173963902166,
                    -0.7297289156638266,
                    -0.5731098654602561,
                    -0.299933403243215
                ],
                [
                    -0.397957104910983,
                    -0.6837365791091439,
                    0.6116652949440523,
                    1.3697898828501742
                ],
                [
                    -0.8382060312922149,
                    -5.676401066941348e-06,
                    -0.5453536917204581,
                    -0.09633770293094934
                ],
                [
                    0.0,
                    0.0,
                    0.0,
                    1.0
                ]
            ],
            "size": [
                0.1202,
                0.13634,
                0.67816
            ]
        },
        "distance": 0.26382925012924197
    },
    {
        "case": 17,
        "collider1": {
            "type": "Box",
            "collider2origin": [
                [
                    0.8404842512412337,
                    -0.5418359746412772,
                    0.0,
                    0.011439976095501792
                ],
                [
                    0.5418359746412771,
                    0.8404842512412338,
                    0.0,
                    1.4325762997644957
                ],
                [
                    0.0,
                    0.0,
                    1.0,
                    -0.21500000000000008
                ],
                [
                    0.0,
                    0.0,
                    0.0,
                    1.0
                ]
            ],
            "size": [
                0.2,
                0.3,
                0.22
            ]
        },
        "collider2": {
            "type": "Box",
            "collider2origin": [
                [
                    0.37288173963902166,
                    -0.7297289156638266,
                    -0.5731098654602561,
                    -0.299933403243215
                ],
                [
                    -0.397957104910983,
                    -0.6837365791091439,
                    0.6116652949440523,
                    1.3697898828501742
                ],
                [
                    -0.8382060312922149,
                    -5.676401066941348e-06,
                    -0.5453536917204581,
                    -0.09633770293094934
                ],
                [
                    0.0,
                    0.0,
                    0.0,
                    1.0
                ]
            ],
            "size": [
                0.1202,
                0.13634,
                0.67816
            ]
        },
        "distance": 0.10729039494277111
    },
    {
        "case": 18,
        "collider1": {
            "type": "Box",
            "collider2origin": [
                [
                    0.9081427509232697,
                    -0.4186606548811531,
                    0.0,
                    -0.09474126814702305
                ],
                [
                    0.41866065488115317,
                    0.9081427509232698,
                    0.0,
                    1.368923948110301
                ],
                [
                    0.0,
                    0.0,
                    1.0,
                    -0.21500000000000008
                ],
                [
                    0.0,
                    0.0,
                    0.0,
                    1.0
                ]
            ],
            "size": [
                0.2,
                0.3,
                0.22
            ]
        },
        "collider2": {
            "type": "Box",
            "collider2origin": [
                [
                    0.37288173963902166,
                    -0.7297289156638266,
                    -0.5731098654602561,
                    -0.299933403243215
                ],
                [
                    -0.397957104910983,
                    -0.6837365791091439,
                    0.6116652949440523,
                    1.3697898828501742
                ],
                [
                    -0.8382060312922149,
                    -5.676401066941348e-06,
                    -0.5453536917204581,
                    -0.09633770293094934
                ],
                [
                    0.0,
                    0.0,
                    0.0,
                    1.0
                ]
            ],
            "size": [
                0.1202,
                0.13634,
                0.67816
            ]
        },
        "distance": 0.0
    },
    {
        "case": 19,
        "collider1": {
            "type": "Box",
            "collider2origin": [
                [
                    0.9798474486812189,
                    -0.1997472836183421,
                    0.0,
                    -0.20628161272202655
                ],
                [
                    0.19974728361834207,
                    0.9798474486812188,
                    0.0,
                    1.335871448475788
                ],
                [
                    0.0,
                    0.0,
                    1.0,
                    -0.21500000000000008
                ],
                [
                    0.0,
                    0.0,
                    0.0,
                    1.0
                ]
            ],
            "size": [
                0.2,
                0.3,
                0.22
            ]
        },
        "collider2": {
            "type": "Box",
            "collider2origin": [
                [
                    0.37288173963902166,
                    -0.7297289156638266,
                    -0.5731098654602561,
                    -0.299933403243215
                ],
                [
                    -0.397957104910983,
                    -0.6837365791091439,
                    0.6116652949440523,
                    1.3697898828501742
                ],
                [
                    -0.8382060312922149,
                    -5.676401066941348e-06,
                    -0.5453536917204581,
                    -0.09633770293094934
                ],
                [
                    0.0,
                    0.0,
                    0.0,
                    1.0
                ]
            ],
            "size": [
                0.1202,
                0.13634,
                0.67816
            ]
        },
        "distance": 0.0
    },
    {
        "case": 20,
        "collider1": {
            "type": "Box",
            "collider2origin": [
                [
                    0.9984065575563776,
                    -0.05643000822632935,
                    0.0,
                    -0.3111399560290343
                ],
                [
                    0.05643000822632935,
                    0.9984065575563776,
                    0.0,
                    1.3240986306775833
                ],
                [
                    0.0,
                    0.0,
                    1.0,
                    -0.21500000000000008
                ],
                [
                    0.0,
                    0.0,
                    0.0,
                    1.0
                ]
            ],
            "size": [
                0.2,
                0.3,
                0.22
            ]
        },
        "collider2": {
            "type": "Box",
            "collider2origin": [
                [
                    0.37288173963902166,
                    -0.7297289156638266,
                    -0.5731098654602561,
                    -0.299933403243215
                ],
                [
                    -0.397957104910983,
                    -0.6837365791091439,
                    0.6116652949440523,
                    1.3697898828501742
                ],
                [
                    -0.8382060312922149,
                    -5.676401066941348e-06,
                    -0.5453536917204581,
                    -0.09633770293094934
                ],
                [
                    0.0,
                    0.0,
                    0.0,
                    1.0
                ]
            ],
            "size": [
                0.1202,
                0.13634,
                0.67816
            ]
        },
        "distance": 0.0
    },
    {
        "case": 21,
        "collider1": {
            "type": "Box",
            "collider2origin": [
                [
                    0.9997288002091077,
                    0.023287894547555033,
                    0.0,
                    -0.42010216954734814
                ],
                [
                    -0.02328789454755501,
                    0.9997288002091077,
                    0.0,
                    1.3190360102899432
                ],
                [
                    0.0,
                    0.0,
                    1.0,
                    -0.21500000000000008
                ],
                [
                    0.0,
                    0.0,
                    0.0,
                    1.0
                ]
            ],
            "size": [
                0.2,
                0.3,
                0.22
            ]
        },
        "collider2": {
            "type": "Box",
            "collider2origin": [
                [
                    0.37288173963902166,
                    -0.7297289156638266,
                    -0.5731098654602561,
                    -0.299933403243215
                ],
                [
                    -0.397957104910983,
                    -0.6837365791091439,
                    0.6116652949440523,
                    1.3697898828501742
                ],
                [
                    -0.8382060312922149,
                    -5.676401066941348e-06,
                    -0.5453536917204581,
                    -0.09633770293094934
                ],
                [
                    0.0,
                    0.0,
                    0.0,
                    1.0
                ]
            ],
            "size": [
                0.1202,
                0.13634,
                0.67816
            ]
        },
        "distance": 0.0
    },
    {
        "case": 22,
        "collider1": {
            "type": "Box",
            "collider2origin": [
                [
                    0.9741881675007261,
                    0.22573748980082478,
                    0.0,
                    -0.5292040201289168
                ],
                [
                    -0.2257374898008248,
                    0.974188167500726,
                    0.0,
                    1.3318616486630257
                ],
                [
                    0.0,
                    0.0,
                    1.0,
                    -0.21500000000000008
                ],
                [
                    0.0,
                    0.0,
                    0.0,
                    1.0
                ]
            ],
            "size": [
                0.2,
                0.3,
                0.22
            ]
        },
        "collider2": {
            "type": "Box",
            "collider2origin": [
                [
                    0.37288173963902166,
                    -0.7297289156638266,
                    -0.5731098654602561,
                    -0.299933403243215
                ],
                [
                    -0.397957104910983,
                    -0.6837365791091439,
                    0.6116652949440523,
                    1.3697898828501742
                ],
                [
                    -0.8382060312922149,
                    -5.676401066941348e-06,
                    -0.5453536917204581,
                    -0.09633770293094934
                ],
                [
                    0.0,
                    0.0,
                    0.0,
                    1.0
                ]
            ],
            "size": [
                0.1202,
                0.13634,
                0.67816
            ]
        },
        "distance": 0.0
    },
    {
        "case": 23,
        "collider1": {
            "type": "Box",
            "collider2origin": [
                [
                    0.907778172512869,
                    0.4194505805326725,
                    0.0,
                    -0.6717546761389399
                ],
                [
                    -0.4194505805326725,
                    0.907778172512869,
                    0.0,
                    1.384443828829999
                ],
                [
                    0.0,
                    0.0,
                    1.0,
                    -0.21500000000000008
                ],
                [
                    0.0,
                    0.0,
                    0.0,
                    1.0
                ]
            ],
            "size": [
                0.2,
                0.3,
                0.22
            ]
        },
        "collider2": {
            "type": "Box",
            "collider2origin": [
                [
                    0.37288173963902166,
                    -0.7297289156638266,
                    -0.5731098654602561,
                    -0.299933403243215
                ],
                [
                    -0.397957104910983,
                    -0.6837365791091439,
                    0.6116652949440523,
                    1.3697898828501742
                ],
                [
                    -0.8382060312922149,
                    -5.676401066941348e-06,
                    -0.5453536917204581,
                    -0.09633770293094934
                ],
                [
                    0.0,
                    0.0,
                    0.0,
                    1.0
                ]
            ],
            "size": [
                0.1202,
                0.13634,
                0.67816
            ]
        },
        "distance": 0.01656095104090631
    },
    {
        "case": 24,
        "collider1": {
            "type": "Box",
            "collider2origin": [
                [
                    0.907778172512869,
                    0.4194505805326725,
                    0.0,
                    -0.7418785952877999
                ],
                [
                    -0.4194505805326725,
                    0.907778172512869,
                    0.0,
                    1.2791466490804724
                ],
                [
                    0.0,
                    0.0,
                    1.0,
                    0.27
                ],
                [
                    0.0,
                    0.0,
                    0.0,
                    1.0
                ]
            ],
            "size": [
                0.52,
                1.16,
                0.6
            ]
        },
        "collider2": {
            "type": "Box",
            "collider2origin": [
                [
                    0.37288173963902166,
                    -0.7297289156638266,
                    -0.5731098654602561,
                    -0.299933403243215
                ],
                [
                    -0.397957104910983,
                    -0.6837365791091439,
                    0.6116652949440523,
                    1.3697898828501742
                ],
                [
                    -0.8382060312922149,
                    -5.676401066941348e-06,
                    -0.5453536917204581,
                    -0.09633770293094934
                ],
                [
                    0.0,
                    0.0,
                    0.0,
                    1.0
                ]
            ],
            "size": [
                0.1202,
                0.13634,
                0.67816
            ]
        },
        "distance": 0.04017551547652945
    },
    {
        "case": 25,
        "collider1": {
            "type": "Cylinder",
            "collider2origin": [
                [
                    0.907778172512869,
                    0.4194505805326725,
                    0.0,
                    -0.1927378995604882
                ],
                [
                    -0.4194505805326725,
                    0.907778172512869,
                    0.0,
                    1.5211249462397922
                ],
                [
                    0.0,
                    0.0,
                    1.0,
                    -0.20999999999999996
                ],
                [
                    0.0,
                    0.0,
                    0.0,
                    1.0
                ]
            ],
            "radius": 0.04,
            "height": 0.22
        },
        "collider2": {
            "type": "Box",
            "collider2origin": [
                [
                    0.37288173963902166,
                    -0.7297289156638266,
                    -0.5731098654602561,
                    -0.299933403243215
                ],
                [
                    -0.397957104910983,
                    -0.6837365791091439,
                    0.6116652949440523,
                    1.3697898828501742
                ],
                [
                    -0.8382060312922149,
                    -5.676401066941348e-06,
                    -0.5453536917204581,
                    -0.09633770293094934
                ],
                [
                    0.0,
                    0.0,
                    0.0,
                    1.0
                ]
            ],
            "size": [
                0.1202,
                0.13634,
                0.67816
            ]
        },
        "distance": 0.07352643304372028
    },
    {
        "case": 26,
        "collider1": {
            "type": "Cylinder",
            "collider2origin": [
                [
                    0.907778172512869,
                    0.4194505805326725,
                    0.0,
                    -0.07232761537572224
                ],
                [
                    -0.4194505805326725,
                    0.907778172512869,
                    0.0,
                    1.2000044650142188
                ],
                [
                    0.0,
                    0.0,
                    1.0,
                    -0.5800000000000001
                ],
                [
                    0.0,
                    0.0,
                    0.0,
                    1.0
                ]
            ],
            "radius": 0.04,
            "height": 0.96
        },
        "collider2": {
            "type": "Box",
            "collider2origin": [
                [
                    0.37288173963902166,
                    -0.7297289156638266,
                    -0.5731098654602561,
                    -0.299933403243215
                ],
                [
                    -0.397957104910983,
                    -0.6837365791091439,
                    0.6116652949440523,
                    1.3697898828501742
                ],
                [
                    -0.8382060312922149,
                    -5.676401066941348e-06,
                    -0.5453536917204581,
                    -0.09633770293094934
                ],
                [
                    0.0,
                    0.0,
                    0.0,
                    1.0
                ]
            ],
            "size": [
                0.1202,
                0.13634,
                0.67816
            ]
        },
        "distance": 0.07359296729170123
    },
    {
        "case": 27,
        "collider1": {
            "type": "Box",
            "collider2origin": [
                [
                    0.9997288002091077,
                    0.023287894547555033,
                    0.0,
                    -0.42010216954734814
                ],
                [
                    -0.02328789454755501,
                    0.9997288002091077,
                    0.0,
                    1.3190360102899432
                ],
                [
                    0.0,
                    0.0,
                    1.0,
                    -0.21500000000000008
                ],
                [
                    0.0,
                    0.0,
                    0.0,
                    1.0
                ]
            ],
            "size": [
                0.2,
                0.3,
                0.22
            ]
        },
        "collider2": {
            "type": "Box",
            "collider2origin": [
                [
                    -0.9746092180802237,
                    -0.20243385343859893,
                    -0.0956943416041679,
                    -0.4882616063722875
                ],
                [
                    0.14423765295089835,
                    -0.24069970023782192,
                    -0.95982245950834,
                    1.3653948482528462
                ],
                [
                    0.17126695975660777,
                    -0.9492545439909266,
                    0.2637867305387175,
                    -0.323744742496361
                ],
                [
                    0.0,
                    0.0,
                    0.0,
                    1.0
                ]
            ],
            "size": [
                0.08993,
                0.0305,
                0.09007
            ]
        },
        "distance": 0.0
    },
    {
        "case": 28,
        "collider1": {
            "type": "Box",
            "collider2origin": [
                [
                    0.9741881675007261,
                    0.22573748980082478,
                    0.0,
                    -0.5292040201289168
                ],
                [
                    -0.2257374898008248,
                    0.974188167500726,
                    0.0,
                    1.3318616486630257
                ],
                [
                    0.0,
                    0.0,
                    1.0,
                    -0.21500000000000008
                ],
                [
                    0.0,
                    0.0,
                    0.0,
                    1.0
                ]
            ],
            "size": [
                0.2,
                0.3,
                0.22
            ]
        },
        "collider2": {
            "type": "Box",
            "collider2origin": [
                [
                    -0.9746092180802237,
                    -0.20243385343859893,
                    -0.0956943416041679,
                    -0.4882616063722875
                ],
                [
                    0.14423765295089835,
                    -0.24069970023782192,
                    -0.95982245950834,
                    1.3653948482528462
                ],
                [
                    0.17126695975660777,
                    -0.9492545439909266,
                    0.2637867305387175,
                    -0.323744742496361
                ],
                [
                    0.0,
                    0.0,
                    0.0,
                    1.0
                ]
            ],
            "size": [
                0.08993,
                0.0305,
                0.09007
            ]
        },
        "distance": 0.0
    },
    {
        "case": 29,
        "collider1": {
            "type": "Box",
            "collider2origin": [
                [
                    0.907778172512869,
                    0.4194505805326725,
                    0.0,
                    -0.6717546761389399
                ],
                [
                    -0.4194505805326725,
                    0.907778172512869,
                    0.0,
                    1.384443828829999
                ],
                [
                    0.0,
                    0.0,
                    1.0,
                    -0.21500000000000008
                ],
                [
                    0.0,
                    0.0,
                    0.0,
                    1.0
                ]
            ],
            "size": [
                0.2,
                0.3,
                0.22
            ]
        },
        "collider2": {
            "type": "Box",
            "collider2origin": [
                [
                    -0.9746092180802237,
                    -0.20243385343859893,
                    -0.0956943416041679,
                    -0.4882616063722875
                ],
                [
                    0.14423765295089835,
                    -0.24069970023782192,
                    -0.95982245950834,
                    1.3653948482528462
                ],
                [
                    0.17126695975660777,
                    -0.9492545439909266,
                    0.2637867305387175,
                    -0.323744742496361
                ],
                [
                    0.0,
                    0.0,
                    0.0,
                    1.0
                ]
            ],
            "size": [
                0.08993,
                0.0305,
                0.09007
            ]
        },
        "distance": 0.018026565984025612
    },
    {
        "case": 30,
        "collider1": {
            "type": "Box",
            "collider2origin": [
                [
                    0.9984065575563776,
                    -0.05643000822632935,
                    0.0,
                    -0.3111399560290343
                ],
                [
                    0.05643000822632935,
                    0.9984065575563776,
                    0.0,
                    1.3240986306775833
                ],
                [
                    0.0,
                    0.0,
                    1.0,
                    -0.21500000000000008
                ],
                [
                    0.0,
                    0.0,
                    0.0,
                    1.0
                ]
            ],
            "size": [
                0.2,
                0.3,
                0.22
            ]
        },
        "collider2": {
            "type": "Box",
            "collider2origin": [
                [
                    -0.7015964197406476,
                    -0.20243099234101056,
                    0.6832160398782651,
                    -0.47565620326073516
                ],
                [
                    -0.6406124882432397,
                    -0.2406988529808911,
                    -0.7291637004682067,
                    1.387001335032458
                ],
                [
                    0.31205464860166754,
                    -0.9492553689674432,
                    0.03919363178595079,
                    -0.2532393509901617
                ],
                [
                    0.0,
                    0.0,
                    0.0,
                    1.0
                ]
            ],
            "size": [
                0.09126,
                0.11887,
                0.10009
            ]
        },
        "distance": 0.0
    },
    {
        "case": 31,
        "collider1": {
            "type": "Box",
            "collider2origin": [
                [
                    0.9997288002091077,
                    0.023287894547555033,
                    0.0,
                    -0.42010216954734814
                ],
                [
                    -0.02328789454755501,
                    0.9997288002091077,
                    0.0,
                    1.3190360102899432
                ],
                [
                    0.0,
                    0.0,
                    1.0,
                    -0.21500000000000008
                ],
                [
                    0.0,
                    0.0,
                    0.0,
                    1.0
                ]
            ],
            "size": [
                0.2,
                0.3,
                0.22
            ]
        },
        "collider2": {
            "type": "Box",
            "collider2origin": [
                [
                    -0.7015964197406476,
                    -0.20243099234101056,
                    0.6832160398782651,
                    -0.47565620326073516
                ],
                [
                    -0.6406124882432397,
                    -0.2406988529808911,
                    -0.7291637004682067,
                    1.387001335032458
                ],
                [
                    0.31205464860166754,
                    -0.9492553689674432,
                    0.03919363178595079,
                    -0.2532393509901617
                ],
                [
                    0.0,
                    0.0,
                    0.0,
                    1.0
                ]
            ],
            "size": [
                0.09126,
                0.11887,
                0.10009
            ]
        },
        "distance": 0.0
    },
    {
        "case": 32,
        "collider1": {
            "type": "Box",
            "collider2origin": [
                [
                    0.9741881675007261,
                    0.22573748980082478,
                    0.0,
                    -0.5292040201289168
                ],
                [
                    -0.2257374898008248,
                    0.974188167500726,
                    0.0,
                    1.3318616486630257
                ],
                [
                    0.0,
                    0.0,
                    1.0,
                    -0.21500000000000008
                ],
                [
                    0.0,
                    0.0,
                    0.0,
                    1.0
                ]
            ],
            "size": [
                0.2,
                0.3,
                0.22
            ]
        },
        "collider2": {
            "type": "Box",
            "collider2origin": [
                [
                    -0.7015964197406476,
                    -0.20243099234101056,
                    0.6832160398782651,
                    -0.47565620326073516
                ],
                [
                    -0.6406124882432397,
                    -0.2406988529808911,
                    -0.7291637004682067,
                    1.387001335032458
                ],
                [
                    0.31205464860166754,
                    -0.9492553689674432,
                    0.03919363178595079,
                    -0.2532393509901617
                ],
                [
                    0.0,
                    0.0,
                    0.0,
                    1.0
                ]
            ],
            "size": [
                0.09126,
                0.11887,
                0.10009
            ]
        },
        "distance": 0.0
    },
    {
        "case": 33,
        "collider1": {
            "type": "Box",
            "collider2origin": [
                [
                    0.907778172512869,
                    0.4194505805326725,
                    0.0,
                    -0.6717546761389399
                ],
                [
                    -0.4194505805326725,
                    0.907778172512869,
                    0.0,
                    1.384443828829999
                ],
                [
                    0.0,
                    0.0,
                    1.0,
                    -0.21500000000000008
                ],
                [
                    0.0,
                    0.0,
                    0.0,
                    1.0
                ]
            ],
            "size": [
                0.2,
                0.3,
                0.22
            ]
        },
        "collider2": {
            "type": "Box",
            "collider2origin": [
                [
                    -0.7015964197406476,
                    -0.20243099234101056,
                    0.6832160398782651,
                    -0.47565620326073516
                ],
                [
                    -0.6406124882432397,
                    -0.2406988529808911,
                    -0.7291637004682067,
                    1.387001335032458
                ],
                [
                    0.31205464860166754,
                    -0.9492553689674432,
                    0.03919363178595079,
                    -0.2532393509901617
                ],
                [
                    0.0,
                    0.0,
                    0.0,
                    1.0
                ]
            ],
            "size": [
                0.09126,
                0.11887,
                0.10009
            ]
        },
        "distance": 0.008874921499530453
    },
    {
        "case": 34,
        "collider1": {
            "type": "Cylinder",
            "collider2origin": [
                [
                    0.907778172512869,
                    0.4194505805326725,
                    0.0,
                    -0.6004934663570113
                ],
                [
                    -0.4194505805326725,
                    0.907778172512869,
                    0.0,
                    1.5387870906862133
                ],
                [
                    0.0,
                    0.0,
                    1.0,
                    -0.20999999999999996
                ],
                [
                    0.0,
                    0.0,
                    0.0,
                    1.0
                ]
            ],
            "radius": 0.04,
            "height": 0.22
        },
        "collider2": {
            "type": "Box",
            "collider2origin": [
                [
                    -0.02680088614717286,
                    -0.7297243009210995,
                    0.6832160398782651,
                    -0.546983570390303
                ],
                [
                    0.028598134322967563,
                    -0.6837415042490524,
                    -0.7291637004682067,
                    1.470003170803417
                ],
                [
                    0.9992316344146494,
                    -3.529238855075542e-06,
                    0.03919363178595079,
                    -0.25569021746744613
                ],
                [
                    0.0,
                    0.0,
                    0.0,
                    1.0
                ]
            ],
            "size": [
                0.09102,
                0.10007,
                0.11882
            ]
        },
        "distance": 0.0
    },
    {
        "case": 35,
        "collider1": {
            "type": "Box",
            "collider2origin": [
                [
                    0.9997288002091077,
                    0.023287894547555033,
                    0.0,
                    -0.42010216954734814
                ],
                [
                    -0.02328789454755501,
                    0.9997288002091077,
                    0.0,
                    1.3190360102899432
                ],
                [
                    0.0,
                    0.0,
                    1.0,
                    -0.21500000000000008
                ],
                [
                    0.0,
                    0.0,
                    0.0,
                    1.0
                ]
            ],
            "size": [
                0.2,
                0.3,
                0.22
            ]
        },
        "collider2": {
            "type": "Box",
            "collider2origin": [
                [
                    -0.02680088614717286,
                    -0.7297243009210995,
                    0.6832160398782651,
                    -0.546983570390303
                ],
                [
                    0.028598134322967563,
                    -0.6837415042490524,
                    -0.7291637004682067,
                    1.470003170803417
                ],
                [
                    0.9992316344146494,
                    -3.529238855075542e-06,
                    0.03919363178595079,
                    -0.25569021746744613
                ],
                [
                    0.0,
                    0.0,
                    0.0,
                    1.0
                ]
            ],
            "size": [
                0.09102,
                0.10007,
                0.11882
            ]
        },
        "distance": 0.0
    },
    {
        "case": 36,
        "collider1": {
            "type": "Box",
            "collider2origin": [
                [
                    0.9741881675007261,
                    0.22573748980082478,
                    0.0,
                    -0.5292040201289168
                ],
                [
                    -0.2257374898008248,
                    0.974188167500726,
                    0.0,
                    1.3318616486630257
                ],
                [
                    0.0,
                    0.0,
                    1.0,
                    -0.21500000000000008
                ],
                [
                    0.0,
                    0.0,
                    0.0,
                    1.0
                ]
            ],
            "size": [
                0.2,
                0.3,
                0.22
            ]
        },
        "collider2": {
            "type": "Box",
            "collider2origin": [
                [
                    -0.02680088614717286,
                    -0.7297243009210995,
                    0.6832160398782651,
                    -0.546983570390303
                ],
                [
                    0.028598134322967563,
                    -0.6837415042490524,
                    -0.7291637004682067,
                    1.470003170803417
                ],
                [
                    0.9992316344146494,
                    -3.529238855075542e-06,
                    0.03919363178595079,
                    -0.25569021746744613
                ],
                [
                    0.0,
                    0.0,
                    0.0,
                    1.0
                ]
            ],
            "size": [
                0.09102,
                0.10007,
                0.11882
            ]
        },
        "distance": 0.0
    },
    {
        "case": 37,
        "collider1": {
            "type": "Box",
            "collider2origin": [
                [
                    0.907778172512869,
                    0.4194505805326725,
                    0.0,
                    -0.6717546761389399
                ],
                [
                    -0.4194505805326725,
                    0.907778172512869,
                    0.0,
                    1.384443828829999
                ],
                [
                    0.0,
                    0.0,
                    1.0,
                    -0.21500000000000008
                ],
                [
                    0.0,
                    0.0,
                    0.0,
                    1.0
                ]
            ],
            "size": [
                0.2,
                0.3,
                0.22
            ]
        },
        "collider2": {
            "type": "Box",
            "collider2origin": [
                [
                    -0.02680088614717286,
                    -0.7297243009210995,
                    0.6832160398782651,
                    -0.546983570390303
                ],
                [
                    0.028598134322967563,
                    -0.6837415042490524,
                    -0.7291637004682067,
                    1.470003170803417
                ],
                [
                    0.9992316344146494,
                    -3.529238855075542e-06,
                    0.03919363178595079,
                    -0.25569021746744613
                ],
                [
                    0.0,
                    0.0,
                    0.0,
                    1.0
                ]
            ],
            "size": [
                0.09102,
                0.10007,
                0.11882
            ]
        },
        "distance": 0.0
    }
]