[
    {
        "case": 0,
        "collider1": {
            "type": "Box",
            "collider2origin": [
                [
                    0.9077781725128689,
                    0.4194505805326724,
                    0.0,
                    0.4158817547107895
                ],
                [
                    -0.4194505805326724,
                    0.9077781725128689,
                    0.0,
                    0.733173894971941
                ],
                [
                    0.0,
                    0.0,
                    1.0,
                    -0.6599999999999999
                ],
                [
                    0.0,
                    0.0,
                    0.0,
                    1.0
                ]
            ],
            "size": [
                0.6,
                1.0,
                0.8
            ]
        },
        "collider2": {
            "type": "Box",
            "collider2origin": [
                [
                    0.17410308056065607,
                    0.7907793617859721,
                    0.5868186417562589,
                    0.6140338946130623
                ],
                [
                    0.2249179995512756,
                    -0.6121012995829296,
                    0.7581186533299001,
                    0.9205532874219438
                ],
                [
                    0.9586970380767544,
                    -4.717972017291886e-06,
                    -0.2844292340119043,
                    -0.18811569191848965
                ],
                [
                    0.0,
                    0.0,
                    0.0,
                    1.0
                ]
            ],
            "size": [
                0.15068,
                0.17726,
                0.74884
            ]
        },
        "distance": 0.0
    },
    {
        "case": 1,
        "collider1": {
            "type": "Box",
            "collider2origin": [
                [
                    0.9077781725128689,
                    0.4194505805326724,
                    0.0,
                    0.27063700059322826
                ],
                [
                    -0.4194505805326724,
                    0.9077781725128689,
                    0.0,
                    0.8002854543438492
                ],
                [
                    0.0,
                    0.0,
                    1.0,
                    -0.25
                ],
                [
                    0.0,
                    0.0,
                    0.0,
                    1.0
                ]
            ],
            "size": [
                0.2,
                0.2,
                0.02
            ]
        },
        "collider2": {
            "type": "Box",
            "collider2origin": [
                [
                    0.17410308056065607,
                    0.7907793617859721,
                    0.5868186417562589,
                    0.6140338946130623
                ],
                [
                    0.2249179995512756,
                    -0.6121012995829296,
                    0.7581186533299001,
                    0.9205532874219438
                ],
                [
                    0.9586970380767544,
                    -4.717972017291886e-06,
                    -0.2844292340119043,
                    -0.18811569191848965
                ],
                [
                    0.0,
                    0.0,
                    0.0,
                    1.0
                ]
            ],
            "size": [
                0.15068,
                0.17726,
                0.74884
            ]
        },
        "distance": 0.04369506038186238
    },
    {
        "case": 2,
        "collider1": {
            "type": "Box",
            "collider2origin": [
                [
                    0.907778172512869,
                    0.4194505805326725,
                    0.0,
                    0.9947946797881562
                ],
                [
                    -0.4194505805326725,
                    0.907778172512869,
                    0.0,
                    0.5317739604993647
                ],
                [
                    0.0,
                    0.0,
                    1.0,
                    -0.69
                ],
                [
                    0.0,
                    0.0,
                    0.0,
                    1.0
                ]
            ],
            "size": [
                0.6,
                1.2,
                0.75
            ]
        },
        "collider2": {
            "type": "Box",
            "collider2origin": [
                [
                    0.17410308056065607,
                    0.7907793617859721,
                    0.5868186417562589,
                    0.6140338946130623
                ],
                [
                    0.2249179995512756,
                    -0.6121012995829296,
                    0.7581186533299001,
                    0.9205532874219438
                ],
                [
                    0.9586970380767544,
                    -4.717972017291886e-06,
                    -0.2844292340119043,
                    -0.18811569191848965
                ],
                [
                    0.0,
                    0.0,
                    0.0,
                    1.0
                ]
            ],
            "size": [
                0.15068,
                0.17726,
                0.74884
            ]
        },
        "distance": 0.043209942686696076
    },
    {
        "case": 3,
        "collider1": {
            "type": "Box",
            "collider2origin": [
                [
                    0.9077781725128689,
                    0.4194505805326724,
                    0.0,
                    0.4158817547107895
                ],
                [
                    -0.4194505805326724,
                    0.9077781725128689,
                    0.0,
                    0.733173894971941
                ],
                [
                    0.0,
                    0.0,
                    1.0,
                    -0.6599999999999999
                ],
                [
                    0.0,
                    0.0,
                    0.0,
                    1.0
                ]
            ],
            "size": [
                0.6,
                1.0,
                0.8
            ]
        },
        "collider2": {
            "type": "Box",
            "collider2origin": [
                [
                    0.17410308056065607,
                    0.7907793617859721,
                    0.5868186417562589,
                    0.6140338946130623
                ],
                [
                    0.2249179995512756,
                    -0.6121012995829296,
                    0.7581186533299001,
                    0.9205532874219438
                ],
                [
                    0.9586970380767544,
                    -4.717972017291886e-06,
                    -0.2844292340119043,
                    -0.18811569191848965
                ],
                [
                    0.0,
                    0.0,
                    0.0,
                    1.0
                ]
            ],
            "size": [
                0.15068,
                0.17726,
                0.74884
            ]
        },
        "distance": 0.0
    },
    {
        "case": 4,
        "collider1": {
            "type": "Box",
            "collider2origin": [
                [
                    0.9077781725128689,
                    0.4194505805326724,
                    0.0,
                    0.27063700059322826
                ],
                [
                    -0.4194505805326724,
                    0.9077781725128689,
                    0.0,
                    0.8002854543438492
                ],
                [
                    0.0,
                    0.0,
                    1.0,
                    -0.25
                ],
                [
                    0.0,
                    0.0,
                    0.0,
                    1.0
                ]
            ],
            "size": [
                0.2,
                0.2,
                0.02
            ]
        },
        "collider2": {
            "type": "Box",
            "collider2origin": [
                [
                    0.17410308056065607,
                    0.7907793617859721,
                    0.5868186417562589,
                    0.6140338946130623
                ],
                [
                    0.2249179995512756,
                    -0.6121012995829296,
                    0.7581186533299001,
                    0.9205532874219438
                ],
                [
                    0.9586970380767544,
                    -4.717972017291886e-06,
                    -0.2844292340119043,
                    -0.18811569191848965
                ],
                [
                    0.0,
                    0.0,
                    0.0,
                    1.0
                ]
            ],
            "size": [
                0.15068,
                0.17726,
                0.74884
            ]
        },
        "distance": 0.04369506038186238
    },
    {
        "case": 5,
        "collider1": {
            "type": "Box",
            "collider2origin": [
                [
                    0.907778172512869,
                    0.4194505805326725,
                    0.0,
                    0.9947946797881562
                ],
                [
                    -0.4194505805326725,
                    0.907778172512869,
                    0.0,
                    0.5317739604993647
                ],
                [
                    0.0,
                    0.0,
                    1.0,
                    -0.69
                ],
                [
                    0.0,
                    0.0,
                    0.0,
                    1.0
                ]
            ],
            "size": [
                0.6,
                1.2,
                0.75
            ]
        },
        "collider2": {
            "type": "Box",
            "collider2origin": [
                [
                    0.17410308056065607,
                    0.7907793617859721,
                    0.5868186417562589,
                    0.6140338946130623
                ],
                [
                    0.2249179995512756,
                    -0.6121012995829296,
                    0.7581186533299001,
                    0.9205532874219438
                ],
                [
                    0.9586970380767544,
                    -4.717972017291886e-06,
                    -0.2844292340119043,
                    -0.18811569191848965
                ],
                [
                    0.0,
                    0.0,
                    0.0,
                    1.0
                ]
            ],
            "size": [
                0.15068,
                0.17726,
                0.74884
            ]
        },
        "distance": 0.043209942686696076
    },
    {
        "case": 6,
        "collider1": {
            "type": "Box",
            "collider2origin": [
                [
                    0.9077781725128689,
                    0.4194505805326724,
                    0.0,
                    0.4158817547107895
                ],
                [
                    -0.4194505805326724,
                    0.9077781725128689,
                    0.0,
                    0.733173894971941
                ],
                [
                    0.0,
                    0.0,
                    1.0,
                    -0.6599999999999999
                ],
                [
                    0.0,
                    0.0,
                    0.0,
                    1.0
                ]
            ],
            "size": [
                0.6,
                1.0,
                0.8
            ]
        },
        "collider2": {
            "type": "Box",
            "collider2origin": [
                [
                    -0.31553607954244595,
                    0.7907791328946615,
                    0.5245048574468595,
                    0.8443391332546997
                ],
                [
                    -0.40764617226569516,
                    -0.6121015953052237,
                    0.677610681189374,
                    1.4244870726131489
                ],
                [
                    0.8568906468996557,
                    -1.7796743951070146e-06,
                    0.5154982242963813,
                    -0.13228726568831717
                ],
                [
                    0.0,
                    0.0,
                    0.0,
                    1.0
                ]
            ],
            "size": [
                0.1202,
                0.13634,
                0.67816
            ]
        },
        "distance": 0.0
    },
    {
        "case": 7,
        "collider1": {
            "type": "Box",
            "collider2origin": [
                [
                    0.907778172512869,
                    0.4194505805326725,
                    0.0,
                    0.9947946797881562
                ],
                [
                    -0.4194505805326725,
                    0.907778172512869,
                    0.0,
                    0.5317739604993647
                ],
                [
                    0.0,
                    0.0,
                    1.0,
                    -0.69
                ],
                [
                    0.0,
                    0.0,
                    0.0,
                    1.0
                ]
            ],
            "size": [
                0.6,
                1.2,
                0.75
            ]
        },
        "collider2": {
            "type": "Box",
            "collider2origin": [
                [
                    -0.31553607954244595,
                    0.7907791328946615,
                    0.5245048574468595,
                    0.8443391332546997
                ],
                [
                    -0.40764617226569516,
                    -0.6121015953052237,
                    0.677610681189374,
                    1.4244870726131489
                ],
                [
                    0.8568906468996557,
                    -1.7796743951070146e-06,
                    0.5154982242963813,
                    -0.13228726568831717
                ],
                [
                    0.0,
                    0.0,
                    0.0,
                    1.0
                ]
            ],
            "size": [
                0.1202,
                0.13634,
                0.67816
            ]
        },
        "distance": 0.17679958664350917
    },
    {
        "case": 8,
        "collider1": {
            "type": "Box",
            "collider2origin": [
                [
                    0.907778172512869,
                    0.4194505805326725,
                    0.0,
                    1.1611274528425521
                ],
                [
                    -0.4194505805326725,
                    0.907778172512869,
                    0.0,
                    2.3937174098575977
                ],
                [
                    0.0,
                    0.0,
                    1.0,
                    -0.040000000000000036
                ],
                [
                    0.0,
                    0.0,
                    0.0,
                    1.0
                ]
            ],
            "size": [
                0.62,
                1.2,
                2.0
            ]
        },
        "collider2": {
            "type": "Box",
            "collider2origin": [
                [
                    -0.31553607954244595,
                    0.7907791328946615,
                    0.5245048574468595,
                    0.8443391332546997
                ],
                [
                    -0.40764617226569516,
                    -0.6121015953052237,
                    0.677610681189374,
                    1.4244870726131489
                ],
                [
                    0.8568906468996557,
                    -1.7796743951070146e-06,
                    0.5154982242963813,
                    -0.13228726568831717
                ],
                [
                    0.0,
                    0.0,
                    0.0,
                    1.0
                ]
            ],
            "size": [
                0.1202,
                0.13634,
                0.67816
            ]
        },
        "distance": 0.08408750644101991
    }
]