[
    {
        "case": 0,
        "collider1": {
            "type": "Box",
            "collider2origin": [
                [
                    0.718022042059392,
                    -0.6960203640101781,
                    0.0,
                    0.13748258467077087
                ],
                [
                    0.6960203640101781,
                    0.718022042059392,
                    0.0,
                    1.5384737068316263
                ],
                [
                    0.0,
                    0.0,
                    1.0,
                    -0.21500000000000008
                ],
                [
                    0.0,
                    0.0,
                    0.0,
                    1.0
                ]
            ],
            "size": [
                0.2,
                0.3,
                0.22
            ]
        },
        "collider2": {
            "type": "Box",
            "collider2origin": [
                [
                    0.18804617302773285,
                    -0.8987246006114619,
                    0.39614735776651633,
                    0.2619490896057105
                ],
                [
                    0.3853925255786578,
                    0.43851350292934704,
                    0.8118980902654823,
                    1.1200450652769567
                ],
                [
                    -0.9033887524414544,
                    -2.098051998924229e-06,
                    0.4288225296761709,
                    0.026022596734351033
                ],
                [
                    0.0,
                    0.0,
                    0.0,
                    1.0
                ]
            ],
            "size": [
                0.15068,
                0.17726,
                0.74884
            ]
        },
        "distance": 0.1549768355156798
    },
    {
        "case": 1,
        "collider1": {
            "type": "Box",
            "collider2origin": [
                [
                    0.8404842512412337,
                    -0.5418359746412772,
                    0.0,
                    0.011439976095501792
                ],
                [
                    0.5418359746412771,
                    0.8404842512412338,
                    0.0,
                    1.4325762997644957
                ],
                [
                    0.0,
                    0.0,
                    1.0,
                    -0.21500000000000008
                ],
                [
                    0.0,
                    0.0,
                    0.0,
                    1.0
                ]
            ],
            "size": [
                0.2,
                0.3,
                0.22
            ]
        },
        "collider2": {
            "type": "Box",
            "collider2origin": [
                [
                    0.18804617302773285,
                    -0.8987246006114619,
                    0.39614735776651633,
                    0.2619490896057105
                ],
                [
                    0.3853925255786578,
                    0.43851350292934704,
                    0.8118980902654823,
                    1.1200450652769567
                ],
                [
                    -0.9033887524414544,
                    -2.098051998924229e-06,
                    0.4288225296761709,
                    0.026022596734351033
                ],
                [
                    0.0,
                    0.0,
                    0.0,
                    1.0
                ]
            ],
            "size": [
                0.15068,
                0.17726,
                0.74884
            ]
        },
        "distance": 0.1518977245302175
    },
    {
        "case": 2,
        "collider1": {
            "type": "Box",
            "collider2origin": [
                [
                    0.9081427509232697,
                    -0.4186606548811531,
                    0.0,
                    -0.09474126814702305
                ],
                [
                    0.41866065488115317,
                    0.9081427509232698,
                    0.0,
                    1.368923948110301
                ],
                [
                    0.0,
                    0.0,
                    1.0,
                    -0.21500000000000008
                ],
                [
                    0.0,
                    0.0,
                    0.0,
                    1.0
                ]
            ],
            "size": [
                0.2,
                0.3,
                0.22
            ]
        },
        "collider2": {
            "type": "Box",
            "collider2origin": [
                [
                    0.18804617302773285,
                    -0.8987246006114619,
                    0.39614735776651633,
                    0.2619490896057105
                ],
                [
                    0.3853925255786578,
                    0.43851350292934704,
                    0.8118980902654823,
                    1.1200450652769567
                ],
                [
                    -0.9033887524414544,
                    -2.098051998924229e-06,
                    0.4288225296761709,
                    0.026022596734351033
                ],
                [
                    0.0,
                    0.0,
                    0.0,
                    1.0
                ]
            ],
            "size": [
                0.15068,
                0.17726,
                0.74884
            ]
        },
        "distance": 0.1739936418086654
    },
    {
        "case": 3,
        "collider1": {
            "type": "Box",
            "collider2origin": [
                [
                    0.718022042059392,
                    -0.6960203640101781,
                    0.0,
                    0.13748258467077087
                ],
                [
                    0.6960203640101781,
                    0.718022042059392,
                    0.0,
                    1.5384737068316263
                ],
                [
                    0.0,
                    0.0,
                    1.0,
                    -0.21500000000000008
                ],
                [
                    0.0,
                    0.0,
                    0.0,
                    1.0
                ]
            ],
            "size": [
                0.2,
                0.3,
                0.22
            ]
        },
        "collider2": {
            "type": "Box",
            "collider2origin": [
                [
                    0.18804617302773285,
                    -0.8987246006114619,
                    0.39614735776651633,
                    0.2619490896057105
                ],
                [
                    0.3853925255786578,
                    0.43851350292934704,
                    0.8118980902654823,
                    1.1200450652769567
                ],
                [
                    -0.9033887524414544,
                    -2.098051998924229e-06,
                    0.4288225296761709,
                    0.026022596734351033
                ],
                [
                    0.0,
                    0.0,
                    0.0,
                    1.0
                ]
            ],
            "size": [
                0.15068,
                0.17726,
                0.74884
            ]
        },
        "distance": 0.1549768355156798
    },
    {
        "case": 4,
        "collider1": {
            "type": "Box",
            "collider2origin": [
                [
                    0.8404842512412337,
                    -0.5418359746412772,
                    0.0,
                    0.011439976095501792
                ],
                [
                    0.5418359746412771,
                    0.8404842512412338,
                    0.0,
                    1.4325762997644957
                ],
                [
                    0.0,
                    0.0,
                    1.0,
                    -0.21500000000000008
                ],
                [
                    0.0,
                    0.0,
                    0.0,
                    1.0
                ]
            ],
            "size": [
                0.2,
                0.3,
                0.22
            ]
        },
        "collider2": {
            "type": "Box",
            "collider2origin": [
                [
                    0.18804617302773285,
                    -0.8987246006114619,
                    0.39614735776651633,
                    0.2619490896057105
                ],
                [
                    0.3853925255786578,
                    0.43851350292934704,
                    0.8118980902654823,
                    1.1200450652769567
                ],
                [
                    -0.9033887524414544,
                    -2.098051998924229e-06,
                    0.4288225296761709,
                    0.026022596734351033
                ],
                [
                    0.0,
                    0.0,
                    0.0,
                    1.0
                ]
            ],
            "size": [
                0.15068,
                0.17726,
                0.74884
            ]
        },
        "distance": 0.1518977245302175
    },
    {
        "case": 5,
        "collider1": {
            "type": "Box",
            "collider2origin": [
                [
                    0.9081427509232697,
                    -0.4186606548811531,
                    0.0,
                    -0.09474126814702305
                ],
                [
                    0.41866065488115317,
                    0.9081427509232698,
                    0.0,
                    1.368923948110301
                ],
                [
                    0.0,
                    0.0,
                    1.0,
                    -0.21500000000000008
                ],
                [
                    0.0,
                    0.0,
                    0.0,
                    1.0
                ]
            ],
            "size": [
                0.2,
                0.3,
                0.22
            ]
        },
        "collider2": {
            "type": "Box",
            "collider2origin": [
                [
                    0.18804617302773285,
                    -0.8987246006114619,
                    0.39614735776651633,
                    0.2619490896057105
                ],
                [
                    0.3853925255786578,
                    0.43851350292934704,
                    0.8118980902654823,
                    1.1200450652769567
                ],
                [
                    -0.9033887524414544,
                    -2.098051998924229e-06,
                    0.4288225296761709,
                    0.026022596734351033
                ],
                [
                    0.0,
                    0.0,
                    0.0,
                    1.0
                ]
            ],
            "size": [
                0.15068,
                0.17726,
                0.74884
            ]
        },
        "distance": 0.1739936418086654
    }
]