[
    {
        "case": 0,
        "collider1": {
            "type": "Box",
            "collider2origin": [
                [
                    0.9077781725128689,
                    0.4194505805326724,
                    0.0,
                    0.4158817547107895
                ],
                [
                    -0.4194505805326724,
                    0.9077781725128689,
                    0.0,
                    0.733173894971941
                ],
                [
                    0.0,
                    0.0,
                    1.0,
                    -0.6599999999999999
                ],
                [
                    0.0,
                    0.0,
                    0.0,
                    1.0
                ]
            ],
            "size": [
                0.6,
                1.0,
                0.8
            ]
        },
        "collider2": {
            "type": "Box",
            "collider2origin": [
                [
                    0.6175155098225502,
                    -0.6801156180769616,
                    0.39511687027560405,
                    0.3283552395293634
                ],
                [
                    -0.5728861024130493,
                    -0.7331048669883434,
                    -0.3665498160686878,
                    0.7079505436549789
                ],
                [
                    0.5389583553397994,
                    -6.767264815374614e-06,
                    -0.8423324113220522,
                    -0.9471663724787728
                ],
                [
                    0.0,
                    0.0,
                    0.0,
                    1.0
                ]
            ],
            "size": [
                0.1202,
                0.13634,
                0.67816
            ]
        },
        "distance": 0.0
    },
    {
        "case": 1,
        "collider1": {
            "type": "Box",
            "collider2origin": [
                [
                    0.907778172512869,
                    0.4194505805326725,
                    0.0,
                    0.9947946797881562
                ],
                [
                    -0.4194505805326725,
                    0.907778172512869,
                    0.0,
                    0.5317739604993647
                ],
                [
                    0.0,
                    0.0,
                    1.0,
                    -0.69
                ],
                [
                    0.0,
                    0.0,
                    0.0,
                    1.0
                ]
            ],
            "size": [
                0.6,
                1.2,
                0.75
            ]
        },
        "collider2": {
            "type": "Box",
            "collider2origin": [
                [
                    0.6175155098225502,
                    -0.6801156180769616,
                    0.39511687027560405,
                    0.3283552395293634
                ],
                [
                    -0.5728861024130493,
                    -0.7331048669883434,
                    -0.3665498160686878,
                    0.7079505436549789
                ],
                [
                    0.5389583553397994,
                    -6.767264815374614e-06,
                    -0.8423324113220522,
                    -0.9471663724787728
                ],
                [
                    0.0,
                    0.0,
                    0.0,
                    1.0
                ]
            ],
            "size": [
                0.1202,
                0.13634,
                0.67816
            ]
        },
        "distance": 0.18644118964276563
    },
    {
        "case": 2,
        "collider1": {
            "type": "Box",
            "collider2origin": [
                [
                    0.9077781725128689,
                    0.4194505805326724,
                    0.0,
                    0.4158817547107895
                ],
                [
                    -0.4194505805326724,
                    0.9077781725128689,
                    0.0,
                    0.733173894971941
                ],
                [
                    0.0,
                    0.0,
                    1.0,
                    -0.6599999999999999
                ],
                [
                    0.0,
                    0.0,
                    0.0,
                    1.0
                ]
            ],
            "size": [
                0.6,
                1.0,
                0.8
            ]
        },
        "collider2": {
            "type": "Box",
            "collider2origin": [
                [
                    0.7286083746898717,
                    -0.6801173671604809,
                    -0.08105679008250416,
                    0.15690495394575593
                ],
                [
                    -0.6759462647274865,
                    -0.7331032443203729,
                    0.07520824667483242,
                    0.6946703713653422
                ],
                [
                    -0.11057343050092223,
                    -7.323885955955249e-06,
                    -0.9938679572325583,
                    -0.4008202771138166
                ],
                [
                    0.0,
                    0.0,
                    0.0,
                    1.0
                ]
            ],
            "size": [
                0.15068,
                0.17726,
                0.74884
            ]
        },
        "distance": 0.0
    },
    {
        "case": 3,
        "collider1": {
            "type": "Box",
            "collider2origin": [
                [
                    0.9077781725128689,
                    0.4194505805326724,
                    0.0,
                    0.27063700059322826
                ],
                [
                    -0.4194505805326724,
                    0.9077781725128689,
                    0.0,
                    0.8002854543438492
                ],
                [
                    0.0,
                    0.0,
                    1.0,
                    -0.25
                ],
                [
                    0.0,
                    0.0,
                    0.0,
                    1.0
                ]
            ],
            "size": [
                0.2,
                0.2,
                0.02
            ]
        },
        "collider2": {
            "type": "Box",
            "collider2origin": [
                [
                    0.7286083746898717,
                    -0.6801173671604809,
                    -0.08105679008250416,
                    0.15690495394575593
                ],
                [
                    -0.6759462647274865,
                    -0.7331032443203729,
                    0.07520824667483242,
                    0.6946703713653422
                ],
                [
                    -0.11057343050092223,
                    -7.323885955955249e-06,
                    -0.9938679572325583,
                    -0.4008202771138166
                ],
                [
                    0.0,
                    0.0,
                    0.0,
                    1.0
                ]
            ],
            "size": [
                0.15068,
                0.17726,
                0.74884
            ]
        },
        "distance": 0.0
    },
    {
        "case": 4,
        "collider1": {
            "type": "Box",
            "collider2origin": [
                [
                    0.9077781725128689,
                    0.4194505805326724,
                    0.0,
                    0.4158817547107895
                ],
                [
                    -0.4194505805326724,
                    0.9077781725128689,
                    0.0,
                    0.733173894971941
                ],
                [
                    0.0,
                    0.0,
                    1.0,
                    -0.6599999999999999
                ],
                [
                    0.0,
                    0.0,
                    0.0,
                    1.0
                ]
            ],
            "size": [
                0.6,
                1.0,
                0.8
            ]
        },
        "collider2": {
            "type": "Box",
            "collider2origin": [
                [
                    0.7286083746898717,
                    -0.6801173671604809,
                    -0.08105679008250416,
                    0.15690495394575593
                ],
                [
                    -0.6759462647274865,
                    -0.7331032443203729,
                    0.07520824667483242,
                    0.6946703713653422
                ],
                [
                    -0.11057343050092223,
                    -7.323885955955249e-06,
                    -0.9938679572325583,
                    -0.4008202771138166
                ],
                [
                    0.0,
                    0.0,
                    0.0,
                    1.0
                ]
            ],
            "size": [
                0.15068,
                0.17726,
                0.74884
            ]
        },
        "distance": 0.0
    },
    {
        "case": 5,
        "collider1": {
            "type": "Box",
            "collider2origin": [
                [
                    0.9077781725128689,
                    0.4194505805326724,
                    0.0,
                    0.27063700059322826
                ],
                [
                    -0.4194505805326724,
                    0.9077781725128689,
                    0.0,
                    0.8002854543438492
                ],
                [
                    0.0,
                    0.0,
                    1.0,
                    -0.25
                ],
                [
                    0.0,
                    0.0,
                    0.0,
                    1.0
                ]
            ],
            "size": [
                0.2,
                0.2,
                0.02
            ]
        },
        "collider2": {
            "type": "Box",
            "collider2origin": [
                [
                    0.7286083746898717,
                    -0.6801173671604809,
                    -0.08105679008250416,
                    0.15690495394575593
                ],
                [
                    -0.6759462647274865,
                    -0.7331032443203729,
                    0.07520824667483242,
                    0.6946703713653422
                ],
                [
                    -0.11057343050092223,
                    -7.323885955955249e-06,
                    -0.9938679572325583,
                    -0.4008202771138166
                ],
                [
                    0.0,
                    0.0,
                    0.0,
                    1.0
                ]
            ],
            "size": [
                0.15068,
                0.17726,
                0.74884
            ]
        },
        "distance": 0.0
    }
]