[
    {
        "case": 0,
        "collider1": {
            "type": "Box",
            "collider2origin": [
                [
                    0.907778172512869,
                    0.4194505805326725,
                    0.0,
                    -1.612083837096907
                ],
                [
                    -0.4194505805326725,
                    0.907778172512869,
                    0.0,
                    -0.24654756573714753
                ],
                [
                    0.0,
                    0.0,
                    1.0,
                    -0.040000000000000036
                ],
                [
                    0.0,
                    0.0,
                    0.0,
                    1.0
                ]
            ],
            "size": [
                2.0,
                2.0,
                2.0
            ]
        },
        "collider2": {
            "type": "Box",
            "collider2origin": [
                [
                    -0.08303318355605999,
                    -0.03791688216437463,
                    -0.9958251857005217,
                    -0.00532688543524662
                ],
                [
                    0.0031539838175853765,
                    -0.9992808964628462,
                    0.037785478037055634,
                    0.6369185849858303
                ],
                [
                    -0.9965417918053532,
                    -3.3679872390824677e-06,
                    0.0830930633328234,
                    -0.07767665874852092
                ],
                [
                    0.0,
                    0.0,
                    0.0,
                    1.0
                ]
            ],
            "size": [
                0.15068,
                0.17726,
                0.74884
            ]
        },
        "distance": 0.24817793711861524
    },
    {
        "case": 1,
        "collider1": {
            "type": "Box",
            "collider2origin": [
                [
                    0.907778172512869,
                    0.4194505805326725,
                    0.0,
                    -0.7418785952877999
                ],
                [
                    -0.4194505805326725,
                    0.907778172512869,
                    0.0,
                    1.2791466490804724
                ],
                [
                    0.0,
                    0.0,
                    1.0,
                    0.27
                ],
                [
                    0.0,
                    0.0,
                    0.0,
                    1.0
                ]
            ],
            "size": [
                0.52,
                1.16,
                0.6
            ]
        },
        "collider2": {
            "type": "Box",
            "collider2origin": [
                [
                    -0.08303318355605999,
                    -0.03791688216437463,
                    -0.9958251857005217,
                    -0.00532688543524662
                ],
                [
                    0.0031539838175853765,
                    -0.9992808964628462,
                    0.037785478037055634,
                    0.6369185849858303
                ],
                [
                    -0.9965417918053532,
                    -3.3679872390824677e-06,
                    0.0830930633328234,
                    -0.07767665874852092
                ],
                [
                    0.0,
                    0.0,
                    0.0,
                    1.0
                ]
            ],
            "size": [
                0.15068,
                0.17726,
                0.74884
            ]
        },
        "distance": 0.299892411547932
    },
    {
        "case": 2,
        "collider1": {
            "type": "Box",
            "collider2origin": [
                [
                    0.907778172512869,
                    0.4194505805326725,
                    0.0,
                    -1.612083837096907
                ],
                [
                    -0.4194505805326725,
                    0.907778172512869,
                    0.0,
                    -0.24654756573714753
                ],
                [
                    0.0,
                    0.0,
                    1.0,
                    -0.040000000000000036
                ],
                [
                    0.0,
                    0.0,
                    0.0,
                    1.0
                ]
            ],
            "size": [
                2.0,
                2.0,
                2.0
            ]
        },
        "collider2": {
            "type": "Box",
            "collider2origin": [
                [
                    -0.08303318355605999,
                    -0.03791688216437463,
                    -0.9958251857005217,
                    -0.00532688543524662
                ],
                [
                    0.0031539838175853765,
                    -0.9992808964628462,
                    0.037785478037055634,
                    0.6369185849858303
                ],
                [
                    -0.9965417918053532,
                    -3.3679872390824677e-06,
                    0.0830930633328234,
                    -0.07767665874852092
                ],
                [
                    0.0,
                    0.0,
                    0.0,
                    1.0
                ]
            ],
            "size": [
                0.15068,
                0.17726,
                0.74884
            ]
        },
        "distance": 0.24817793711861524
    },
    {
        "case": 3,
        "collider1": {
            "type": "Box",
            "collider2origin": [
                [
                    0.907778172512869,
                    0.4194505805326725,
                    0.0,
                    -0.7418785952877999
                ],
                [
                    -0.4194505805326725,
                    0.907778172512869,
                    0.0,
                    1.2791466490804724
                ],
                [
                    0.0,
                    0.0,
                    1.0,
                    0.27
                ],
                [
                    0.0,
                    0.0,
                    0.0,
                    1.0
                ]
            ],
            "size": [
                0.52,
                1.16,
                0.6
            ]
        },
        "collider2": {
            "type": "Box",
            "collider2origin": [
                [
                    -0.08303318355605999,
                    -0.03791688216437463,
                    -0.9958251857005217,
                    -0.00532688543524662
                ],
                [
                    0.0031539838175853765,
                    -0.9992808964628462,
                    0.037785478037055634,
                    0.6369185849858303
                ],
                [
                    -0.9965417918053532,
                    -3.3679872390824677e-06,
                    0.0830930633328234,
                    -0.07767665874852092
                ],
                [
                    0.0,
                    0.0,
                    0.0,
                    1.0
                ]
            ],
            "size": [
                0.15068,
                0.17726,
                0.74884
            ]
        },
        "distance": 0.299892411547932
    },
    {
        "case": 4,
        "collider1": {
            "type": "Box",
            "collider2origin": [
                [
                    0.907778172512869,
                    0.4194505805326725,
                    0.0,
                    -1.612083837096907
                ],
                [
                    -0.4194505805326725,
                    0.907778172512869,
                    0.0,
                    -0.24654756573714753
                ],
                [
                    0.0,
                    0.0,
                    1.0,
                    -0.040000000000000036
                ],
                [
                    0.0,
                    0.0,
                    0.0,
                    1.0
                ]
            ],
            "size": [
                2.0,
                2.0,
                2.0
            ]
        },
        "collider2": {
            "type": "Box",
            "collider2origin": [
                [
                    -0.0882252316728237,
                    -0.03790956806333084,
                    0.9953789093332892,
                    -0.0321723644510607
                ],
                [
                    0.003343648100904772,
                    -0.999281173963583,
                    -0.037761824364572046,
                    0.7643678296200712
                ],
                [
                    0.9960949395081041,
                    -3.348903079922552e-06,
                    0.08828856933448936,
                    -0.02716293128763092
                ],
                [
                    0.0,
                    0.0,
                    0.0,
                    1.0
                ]
            ],
            "size": [
                0.1202,
                0.13634,
                0.67816
            ]
        },
        "distance": 0.3854707163292304
    },
    {
        "case": 5,
        "collider1": {
            "type": "Box",
            "collider2origin": [
                [
                    0.907778172512869,
                    0.4194505805326725,
                    0.0,
                    -0.7418785952877999
                ],
                [
                    -0.4194505805326725,
                    0.907778172512869,
                    0.0,
                    1.2791466490804724
                ],
                [
                    0.0,
                    0.0,
                    1.0,
                    0.27
                ],
                [
                    0.0,
                    0.0,
                    0.0,
                    1.0
                ]
            ],
            "size": [
                0.52,
                1.16,
                0.6
            ]
        },
        "collider2": {
            "type": "Box",
            "collider2origin": [
                [
                    -0.0882252316728237,
                    -0.03790956806333084,
                    0.9953789093332892,
                    -0.0321723644510607
                ],
                [
                    0.003343648100904772,
                    -0.999281173963583,
                    -0.037761824364572046,
                    0.7643678296200712
                ],
                [
                    0.9960949395081041,
                    -3.348903079922552e-06,
                    0.08828856933448936,
                    -0.02716293128763092
                ],
                [
                    0.0,
                    0.0,
                    0.0,
                    1.0
                ]
            ],
            "size": [
                0.1202,
                0.13634,
                0.67816
            ]
        },
        "distance": 0.2572972695988452
    }
]