[
    {
        "case": 0,
        "collider1": {
            "type": "Box",
            "collider2origin": [
                [
                    0.9077781725128689,
                    0.4194505805326724,
                    0.0,
                    0.4158817547107895
                ],
                [
                    -0.4194505805326724,
                    0.9077781725128689,
                    0.0,
                    0.733173894971941
                ],
                [
                    0.0,
                    0.0,
                    1.0,
                    -0.6599999999999999
                ],
                [
                    0.0,
                    0.0,
                    0.0,
                    1.0
                ]
            ],
            "size": [
                0.6,
                1.0,
                0.8
            ]
        },
        "collider2": {
            "type": "Box",
            "collider2origin": [
                [
                    -0.7919766610239706,
                    -0.45103139778815904,
                    0.41151384740076735,
                    -0.13813171210505393
                ],
                [
                    0.4002273553312037,
                    -0.8925080829936992,
                    -0.20796005826961625,
                    0.9674063800786056
                ],
                [
                    0.46107595083447256,
                    -4.137473433776087e-07,
                    0.8873606750143457,
                    0.006552837999957539
                ],
                [
                    0.0,
                    0.0,
                    0.0,
                    1.0
                ]
            ],
            "size": [
                0.1202,
                0.13634,
                0.67816
            ]
        },
        "distance": 0.3279303852703429
    },
    {
        "case": 1,
        "collider1": {
            "type": "Box",
            "collider2origin": [
                [
                    0.907778172512869,
                    0.4194505805326725,
                    0.0,
                    -1.612083837096907
                ],
                [
                    -0.4194505805326725,
                    0.907778172512869,
                    0.0,
                    -0.24654756573714753
                ],
                [
                    0.0,
                    0.0,
                    1.0,
                    -0.040000000000000036
                ],
                [
                    0.0,
                    0.0,
                    0.0,
                    1.0
                ]
            ],
            "size": [
                2.0,
                2.0,
                2.0
            ]
        },
        "collider2": {
            "type": "Box",
            "collider2origin": [
                [
                    -0.7919766610239706,
                    -0.45103139778815904,
                    0.41151384740076735,
                    -0.13813171210505393
                ],
                [
                    0.4002273553312037,
                    -0.8925080829936992,
                    -0.20796005826961625,
                    0.9674063800786056
                ],
                [
                    0.46107595083447256,
                    -4.137473433776087e-07,
                    0.8873606750143457,
                    0.006552837999957539
                ],
                [
                    0.0,
                    0.0,
                    0.0,
                    1.0
                ]
            ],
            "size": [
                0.1202,
                0.13634,
                0.67816
            ]
        },
        "distance": 0.6456341176743376
    },
    {
        "case": 2,
        "collider1": {
            "type": "Box",
            "collider2origin": [
                [
                    0.907778172512869,
                    0.4194505805326725,
                    0.0,
                    -0.7418785952877999
                ],
                [
                    -0.4194505805326725,
                    0.907778172512869,
                    0.0,
                    1.2791466490804724
                ],
                [
                    0.0,
                    0.0,
                    1.0,
                    0.27
                ],
                [
                    0.0,
                    0.0,
                    0.0,
                    1.0
                ]
            ],
            "size": [
                0.52,
                1.16,
                0.6
            ]
        },
        "collider2": {
            "type": "Box",
            "collider2origin": [
                [
                    -0.7919766610239706,
                    -0.45103139778815904,
                    0.41151384740076735,
                    -0.13813171210505393
                ],
                [
                    0.4002273553312037,
                    -0.8925080829936992,
                    -0.20796005826961625,
                    0.9674063800786056
                ],
                [
                    0.46107595083447256,
                    -4.137473433776087e-07,
                    0.8873606750143457,
                    0.006552837999957539
                ],
                [
                    0.0,
                    0.0,
                    0.0,
                    1.0
                ]
            ],
            "size": [
                0.1202,
                0.13634,
                0.67816
            ]
        },
        "distance": 0.2926617476825293
    },
    {
        "case": 3,
        "collider1": {
            "type": "Box",
            "collider2origin": [
                [
                    0.9077781725128689,
                    0.4194505805326724,
                    0.0,
                    0.4158817547107895
                ],
                [
                    -0.4194505805326724,
                    0.9077781725128689,
                    0.0,
                    0.733173894971941
                ],
                [
                    0.0,
                    0.0,
                    1.0,
                    -0.6599999999999999
                ],
                [
                    0.0,
                    0.0,
                    0.0,
                    1.0
                ]
            ],
            "size": [
                0.6,
                1.0,
                0.8
            ]
        },
        "collider2": {
            "type": "Box",
            "collider2origin": [
                [
                    0.2034700294258031,
                    -0.45103610138953376,
                    -0.8690030968695064,
                    -0.03941876306725495
                ],
                [
                    -0.10282056056611066,
                    -0.8925057059890343,
                    0.4391599903245809,
                    0.7759657803346163
                ],
                [
                    -0.9736672324004404,
                    -4.5106001690770035e-06,
                    -0.22797394704071094,
                    -0.17098969221610805
                ],
                [
                    0.0,
                    0.0,
                    0.0,
                    1.0
                ]
            ],
            "size": [
                0.15068,
                0.17726,
                0.74884
            ]
        },
        "distance": 0.04055880154525147
    },
    {
        "case": 4,
        "collider1": {
            "type": "Box",
            "collider2origin": [
                [
                    0.9077781725128689,
                    0.4194505805326724,
                    0.0,
                    0.27063700059322826
                ],
                [
                    -0.4194505805326724,
                    0.9077781725128689,
                    0.0,
                    0.8002854543438492
                ],
                [
                    0.0,
                    0.0,
                    1.0,
                    -0.25
                ],
                [
                    0.0,
                    0.0,
                    0.0,
                    1.0
                ]
            ],
            "size": [
                0.2,
                0.2,
                0.02
            ]
        },
        "collider2": {
            "type": "Box",
            "collider2origin": [
                [
                    0.2034700294258031,
                    -0.45103610138953376,
                    -0.8690030968695064,
                    -0.03941876306725495
                ],
                [
                    -0.10282056056611066,
                    -0.8925057059890343,
                    0.4391599903245809,
                    0.7759657803346163
                ],
                [
                    -0.9736672324004404,
                    -4.5106001690770035e-06,
                    -0.22797394704071094,
                    -0.17098969221610805
                ],
                [
                    0.0,
                    0.0,
                    0.0,
                    1.0
                ]
            ],
            "size": [
                0.15068,
                0.17726,
                0.74884
            ]
        },
        "distance": 0.030210362132058043
    },
    {
        "case": 5,
        "collider1": {
            "type": "Box",
            "collider2origin": [
                [
                    0.907778172512869,
                    0.4194505805326725,
                    0.0,
                    -1.612083837096907
                ],
                [
                    -0.4194505805326725,
                    0.907778172512869,
                    0.0,
                    -0.24654756573714753
                ],
                [
                    0.0,
                    0.0,
                    1.0,
                    -0.040000000000000036
                ],
                [
                    0.0,
                    0.0,
                    0.0,
                    1.0
                ]
            ],
            "size": [
                2.0,
                2.0,
                2.0
            ]
        },
        "collider2": {
            "type": "Box",
            "collider2origin": [
                [
                    0.2034700294258031,
                    -0.45103610138953376,
                    -0.8690030968695064,
                    -0.03941876306725495
                ],
                [
                    -0.10282056056611066,
                    -0.8925057059890343,
                    0.4391599903245809,
                    0.7759657803346163
                ],
                [
                    -0.9736672324004404,
                    -4.5106001690770035e-06,
                    -0.22797394704071094,
                    -0.17098969221610805
                ],
                [
                    0.0,
                    0.0,
                    0.0,
                    1.0
                ]
            ],
            "size": [
                0.15068,
                0.17726,
                0.74884
            ]
        },
        "distance": 0.4988341028165509
    },
    {
        "case": 6,
        "collider1": {
            "type": "Box",
            "collider2origin": [
                [
                    0.907778172512869,
                    0.4194505805326725,
                    0.0,
                    -0.7418785952877999
                ],
                [
                    -0.4194505805326725,
                    0.907778172512869,
                    0.0,
                    1.2791466490804724
                ],
                [
                    0.0,
                    0.0,
                    1.0,
                    0.27
                ],
                [
                    0.0,
                    0.0,
                    0.0,
                    1.0
                ]
            ],
            "size": [
                0.52,
                1.16,
                0.6
            ]
        },
        "collider2": {
            "type": "Box",
            "collider2origin": [
                [
                    0.2034700294258031,
                    -0.45103610138953376,
                    -0.8690030968695064,
                    -0.03941876306725495
                ],
                [
                    -0.10282056056611066,
                    -0.8925057059890343,
                    0.4391599903245809,
                    0.7759657803346163
                ],
                [
                    -0.9736672324004404,
                    -4.5106001690770035e-06,
                    -0.22797394704071094,
                    -0.17098969221610805
                ],
                [
                    0.0,
                    0.0,
                    0.0,
                    1.0
                ]
            ],
            "size": [
                0.15068,
                0.17726,
                0.74884
            ]
        },
        "distance": 0.2550968850391535
    },
    {
        "case": 7,
        "collider1": {
            "type": "Box",
            "collider2origin": [
                [
                    0.9077781725128689,
                    0.4194505805326724,
                    0.0,
                    0.4158817547107895
                ],
                [
                    -0.4194505805326724,
                    0.9077781725128689,
                    0.0,
                    0.733173894971941
                ],
                [
                    0.0,
                    0.0,
                    1.0,
                    -0.6599999999999999
                ],
                [
                    0.0,
                    0.0,
                    0.0,
                    1.0
                ]
            ],
            "size": [
                0.6,
                1.0,
                0.8
            ]
        },
        "collider2": {
            "type": "Box",
            "collider2origin": [
                [
                    0.2034700294258031,
                    -0.45103610138953376,
                    -0.8690030968695064,
                    -0.03941876306725495
                ],
                [
                    -0.10282056056611066,
                    -0.8925057059890343,
                    0.4391599903245809,
                    0.7759657803346163
                ],
                [
                    -0.9736672324004404,
                    -4.5106001690770035e-06,
                    -0.22797394704071094,
                    -0.17098969221610805
                ],
                [
                    0.0,
                    0.0,
                    0.0,
                    1.0
                ]
            ],
            "size": [
                0.15068,
                0.17726,
                0.74884
            ]
        },
        "distance": 0.04055880154525147
    },
    {
        "case": 8,
        "collider1": {
            "type": "Box",
            "collider2origin": [
                [
                    0.9077781725128689,
                    0.4194505805326724,
                    0.0,
                    0.27063700059322826
                ],
                [
                    -0.4194505805326724,
                    0.9077781725128689,
                    0.0,
                    0.8002854543438492
                ],
                [
                    0.0,
                    0.0,
                    1.0,
                    -0.25
                ],
                [
                    0.0,
                    0.0,
                    0.0,
                    1.0
                ]
            ],
            "size": [
                0.2,
                0.2,
                0.02
            ]
        },
        "collider2": {
            "type": "Box",
            "collider2origin": [
                [
                    0.2034700294258031,
                    -0.45103610138953376,
                    -0.8690030968695064,
                    -0.03941876306725495
                ],
                [
                    -0.10282056056611066,
                    -0.8925057059890343,
                    0.4391599903245809,
                    0.7759657803346163
                ],
                [
                    -0.9736672324004404,
                    -4.5106001690770035e-06,
                    -0.22797394704071094,
                    -0.17098969221610805
                ],
                [
                    0.0,
                    0.0,
                    0.0,
                    1.0
                ]
            ],
            "size": [
                0.15068,
                0.17726,
                0.74884
            ]
        },
        "distance": 0.030210362132058043
    },
    {
        "case": 9,
        "collider1": {
            "type": "Box",
            "collider2origin": [
                [
                    0.907778172512869,
                    0.4194505805326725,
                    0.0,
                    -1.612083837096907
                ],
                [
                    -0.4194505805326725,
                    0.907778172512869,
                    0.0,
                    -0.24654756573714753
                ],
                [
                    0.0,
                    0.0,
                    1.0,
                    -0.040000000000000036
                ],
                [
                    0.0,
                    0.0,
                    0.0,
                    1.0
                ]
            ],
            "size": [
                2.0,
                2.0,
                2.0
            ]
        },
        "collider2": {
            "type": "Box",
            "collider2origin": [
                [
                    0.2034700294258031,
                    -0.45103610138953376,
                    -0.8690030968695064,
                    -0.03941876306725495
                ],
                [
                    -0.10282056056611066,
                    -0.8925057059890343,
                    0.4391599903245809,
                    0.7759657803346163
                ],
                [
                    -0.9736672324004404,
                    -4.5106001690770035e-06,
                    -0.22797394704071094,
                    -0.17098969221610805
                ],
                [
                    0.0,
                    0.0,
                    0.0,
                    1.0
                ]
            ],
            "size": [
                0.15068,
                0.17726,
                0.74884
            ]
        },
        "distance": 0.4988341028165509
    },
    {
        "case": 10,
        "collider1": {
            "type": "Box",
            "collider2origin": [
                [
                    0.907778172512869,
                    0.4194505805326725,
                    0.0,
                    -0.7418785952877999
                ],
                [
                    -0.4194505805326725,
                    0.907778172512869,
                    0.0,
                    1.2791466490804724
                ],
                [
                    0.0,
                    0.0,
                    1.0,
                    0.27
                ],
                [
                    0.0,
                    0.0,
                    0.0,
                    1.0
                ]
            ],
            "size": [
                0.52,
                1.16,
                0.6
            ]
        },
        "collider2": {
            "type": "Box",
            "collider2origin": [
                [
                    0.2034700294258031,
                    -0.45103610138953376,
                    -0.8690030968695064,
                    -0.03941876306725495
                ],
                [
                    -0.10282056056611066,
                    -0.8925057059890343,
                    0.4391599903245809,
                    0.7759657803346163
                ],
                [
                    -0.9736672324004404,
                    -4.5106001690770035e-06,
                    -0.22797394704071094,
                    -0.17098969221610805
                ],
                [
                    0.0,
                    0.0,
                    0.0,
                    1.0
                ]
            ],
            "size": [
                0.15068,
                0.17726,
                0.74884
            ]
        },
        "distance": 0.2550968850391535
    }
]