[
    {
        "case": 0,
        "collider1": {
            "type": "Box",
            "collider2origin": [
                [
                    0.907778172512869,
                    0.4194505805326725,
                    0.0,
                    -0.7418785952877999
                ],
                [
                    -0.4194505805326725,
                    0.907778172512869,
                    0.0,
                    1.2791466490804724
                ],
                [
                    0.0,
                    0.0,
                    1.0,
                    0.27
                ],
                [
                    0.0,
                    0.0,
                    0.0,
                    1.0
                ]
            ],
            "size": [
                0.52,
                1.16,
                0.6
            ]
        },
        "collider2": {
            "type": "Cylinder",
            "collider2origin": [
                [
                    -0.5776596157940843,
                    -0.7702152463014619,
                    -0.2703291376182176,
                    -0.41637972690993436
                ],
                [
                    -0.8081649666945325,
                    0.4930699405335833,
                    0.3221046729711223,
                    1.1827593871335509
                ],
                [
                    -0.11479875821739541,
                    0.40453740013376566,
                    -0.9072875712830841,
                    0.02965869148429734
                ],
                [
                    0.0,
                    0.0,
                    0.0,
                    1.0
                ]
            ],
            "radius": 0.0076,
            "height": 0.02993
        },
        "distance": 0.06318787374072207
    },
    {
        "case": 1,
        "collider1": {
            "type": "Box",
            "collider2origin": [
                [
                    0.907778172512869,
                    0.4194505805326725,
                    0.0,
                    -0.7418785952877999
                ],
                [
                    -0.4194505805326725,
                    0.907778172512869,
                    0.0,
                    1.2791466490804724
                ],
                [
                    0.0,
                    0.0,
                    1.0,
                    0.27
                ],
                [
                    0.0,
                    0.0,
                    0.0,
                    1.0
                ]
            ],
            "size": [
                0.52,
                1.16,
                0.6
            ]
        },
        "collider2": {
            "type": "Sphere",
            "collider2origin": [
                [
                    1.0,
                    0.0,
                    0.0,
                    -0.4352412900987764
                ],
                [
                    0.0,
                    1.0,
                    0.0,
                    1.2224426867630056
                ],
                [
                    0.0,
                    0.0,
                    1.0,
                    0.05577317365889067
                ],
                [
                    0.0,
                    0.0,
                    0.0,
                    1.0
                ]
            ],
            "radius": 0.00484
        },
        "distance": 0.03730316244132683
    },
    {
        "case": 2,
        "collider1": {
            "type": "Box",
            "collider2origin": [
                [
                    0.907778172512869,
                    0.4194505805326725,
                    0.0,
                    -0.7418785952877999
                ],
                [
                    -0.4194505805326725,
                    0.907778172512869,
                    0.0,
                    1.2791466490804724
                ],
                [
                    0.0,
                    0.0,
                    1.0,
                    0.27
                ],
                [
                    0.0,
                    0.0,
                    0.0,
                    1.0
                ]
            ],
            "size": [
                0.52,
                1.16,
                0.6
            ]
        },
        "collider2": {
            "type": "Sphere",
            "collider2origin": [
                [
                    1.0,
                    0.0,
                    0.0,
                    -0.5205607343108596
                ],
                [
                    0.0,
                    1.0,
                    0.0,
                    1.1866670717774177
                ],
                [
                    0.0,
                    0.0,
                    1.0,
                    0.04970922775657871
                ],
                [
                    0.0,
                    0.0,
                    0.0,
                    1.0
                ]
            ],
            "radius": 0.01051
        },
        "distance": 0.0
    },
    {
        "case": 3,
        "collider1": {
            "type": "Box",
            "collider2origin": [
                [
                    0.907778172512869,
                    0.4194505805326725,
                    0.0,
                    -0.7418785952877999
                ],
                [
                    -0.4194505805326725,
                    0.907778172512869,
                    0.0,
                    1.2791466490804724
                ],
                [
                    0.0,
                    0.0,
                    1.0,
                    0.27
                ],
                [
                    0.0,
                    0.0,
                    0.0,
                    1.0
                ]
            ],
            "size": [
                0.52,
                1.16,
                0.6
            ]
        },
        "collider2": {
            "type": "Sphere",
            "collider2origin": [
                [
                    1.0,
                    0.0,
                    0.0,
                    -0.41274496722715587
                ],
                [
                    0.0,
                    1.0,
                    0.0,
                    1.1783811117191485
                ],
                [
                    0.0,
                    0.0,
                    1.0,
                    0.04516872135029315
                ],
                [
                    0.0,
                    0.0,
                    0.0,
                    1.0
                ]
            ],
            "radius": 0.00487
        },
        "distance": 0.07617648653731575
    },
    {
        "case": 4,
        "collider1": {
            "type": "Box",
            "collider2origin": [
                [
                    0.907778172512869,
                    0.4194505805326725,
                    0.0,
                    -0.7418785952877999
                ],
                [
                    -0.4194505805326725,
                    0.907778172512869,
                    0.0,
                    1.2791466490804724
                ],
                [
                    0.0,
                    0.0,
                    1.0,
                    0.27
                ],
                [
                    0.0,
                    0.0,
                    0.0,
                    1.0
                ]
            ],
            "size": [
                0.52,
                1.16,
                0.6
            ]
        },
        "collider2": {
            "type": "Cylinder",
            "collider2origin": [
                [
                    -0.4289626106782524,
                    -0.9023626307081132,
                    0.04162645002437262,
                    -0.43387624935892527
                ],
                [
                    -0.9023301671749512,
                    0.43019541260638616,
                    0.0270587578880799,
                    1.2214281604386135
                ],
                [
                    -0.04232431979515582,
                    -0.025953606184010658,
                    -0.9987667707127236,
                    0.04137115643505496
                ],
                [
                    0.0,
                    0.0,
                    0.0,
                    1.0
                ]
            ],
            "radius": 0.0076,
            "height": 0.02993
        },
        "distance": 0.03581487553794674
    },
    {
        "case": 5,
        "collider1": {
            "type": "Box",
            "collider2origin": [
                [
                    0.9077781725128689,
                    0.4194505805326724,
                    0.0,
                    0.4158817547107895
                ],
                [
                    -0.4194505805326724,
                    0.9077781725128689,
                    0.0,
                    0.733173894971941
                ],
                [
                    0.0,
                    0.0,
                    1.0,
                    -0.6599999999999999
                ],
                [
                    0.0,
                    0.0,
                    0.0,
                    1.0
                ]
            ],
            "size": [
                0.6,
                1.0,
                0.8
            ]
        },
        "collider2": {
            "type": "Box",
            "collider2origin": [
                [
                    0.44970327880613736,
                    0.3952375627192769,
                    -0.8009708047405569,
                    -0.3397051680116328
                ],
                [
                    -0.1934923447912744,
                    0.9185789400003738,
                    0.344635232521233,
                    1.1277202112287474
                ],
                [
                    0.8719677021187103,
                    -1.8749383096664447e-06,
                    0.4895634039205754,
                    -0.354300158966965
                ],
                [
                    0.0,
                    0.0,
                    0.0,
                    1.0
                ]
            ],
            "size": [
                0.1202,
                0.13634,
                0.67816
            ]
        },
        "distance": 0.22461546320679132
    },
    {
        "case": 6,
        "collider1": {
            "type": "Box",
            "collider2origin": [
                [
                    0.907778172512869,
                    0.4194505805326725,
                    0.0,
                    -1.612083837096907
                ],
                [
                    -0.4194505805326725,
                    0.907778172512869,
                    0.0,
                    -0.24654756573714753
                ],
                [
                    0.0,
                    0.0,
                    1.0,
                    -0.040000000000000036
                ],
                [
                    0.0,
                    0.0,
                    0.0,
                    1.0
                ]
            ],
            "size": [
                2.0,
                2.0,
                2.0
            ]
        },
        "collider2": {
            "type": "Box",
            "collider2origin": [
                [
                    0.44970327880613736,
                    0.3952375627192769,
                    -0.8009708047405569,
                    -0.3397051680116328
                ],
                [
                    -0.1934923447912744,
                    0.9185789400003738,
                    0.344635232521233,
                    1.1277202112287474
                ],
                [
                    0.8719677021187103,
                    -1.8749383096664447e-06,
                    0.4895634039205754,
                    -0.354300158966965
                ],
                [
                    0.0,
                    0.0,
                    0.0,
                    1.0
                ]
            ],
            "size": [
                0.1202,
                0.13634,
                0.67816
            ]
        },
        "distance": 0.7044661680721532
    },
    {
        "case": 7,
        "collider1": {
            "type": "Box",
            "collider2origin": [
                [
                    0.8303727586998911,
                    0.5572082928395201,
                    0.0,
                    -0.8244226375645679
                ],
                [
                    -0.5572082928395201,
                    0.8303727586998911,
                    0.0,
                    1.4713226142389986
                ],
                [
                    0.0,
                    0.0,
                    1.0,
                    -0.21500000000000008
                ],
                [
                    0.0,
                    0.0,
                    0.0,
                    1.0
                ]
            ],
            "size": [
                0.2,
                0.3,
                0.22
            ]
        },
        "collider2": {
            "type": "Box",
            "collider2origin": [
                [
                    0.44970327880613736,
                    0.3952375627192769,
                    -0.8009708047405569,
                    -0.3397051680116328
                ],
                [
                    -0.1934923447912744,
                    0.9185789400003738,
                    0.344635232521233,
                    1.1277202112287474
                ],
                [
                    0.8719677021187103,
                    -1.8749383096664447e-06,
                    0.4895634039205754,
                    -0.354300158966965
                ],
                [
                    0.0,
                    0.0,
                    0.0,
                    1.0
                ]
            ],
            "size": [
                0.1202,
                0.13634,
                0.67816
            ]
        },
        "distance": 0.1618745188224838
    },
    {
        "case": 8,
        "collider1": {
            "type": "Box",
            "collider2origin": [
                [
                    0.8404842512412337,
                    -0.5418359746412772,
                    0.0,
                    0.011439976095501792
                ],
                [
                    0.5418359746412771,
                    0.8404842512412338,
                    0.0,
                    1.4325762997644957
                ],
                [
                    0.0,
                    0.0,
                    1.0,
                    -0.21500000000000008
                ],
                [
                    0.0,
                    0.0,
                    0.0,
                    1.0
                ]
            ],
            "size": [
                0.2,
                0.3,
                0.22
            ]
        },
        "collider2": {
            "type": "Box",
            "collider2origin": [
                [
                    0.44970327880613736,
                    0.3952375627192769,
                    -0.8009708047405569,
                    -0.3397051680116328
                ],
                [
                    -0.1934923447912744,
                    0.9185789400003738,
                    0.344635232521233,
                    1.1277202112287474
                ],
                [
                    0.8719677021187103,
                    -1.8749383096664447e-06,
                    0.4895634039205754,
                    -0.354300158966965
                ],
                [
                    0.0,
                    0.0,
                    0.0,
                    1.0
                ]
            ],
            "size": [
                0.1202,
                0.13634,
                0.67816
            ]
        },
        "distance": 0.20844987429211667
    },
    {
        "case": 9,
        "collider1": {
            "type": "Box",
            "collider2origin": [
                [
                    0.9081427509232697,
                    -0.4186606548811531,
                    0.0,
                    -0.09474126814702305
                ],
                [
                    0.41866065488115317,
                    0.9081427509232698,
                    0.0,
                    1.368923948110301
                ],
                [
                    0.0,
                    0.0,
                    1.0,
                    -0.21500000000000008
                ],
                [
                    0.0,
                    0.0,
                    0.0,
                    1.0
                ]
            ],
            "size": [
                0.2,
                0.3,
                0.22
            ]
        },
        "collider2": {
            "type": "Box",
            "collider2origin": [
                [
                    0.44970327880613736,
                    0.3952375627192769,
                    -0.8009708047405569,
                    -0.3397051680116328
                ],
                [
                    -0.1934923447912744,
                    0.9185789400003738,
                    0.344635232521233,
                    1.1277202112287474
                ],
                [
                    0.8719677021187103,
                    -1.8749383096664447e-06,
                    0.4895634039205754,
                    -0.354300158966965
                ],
                [
                    0.0,
                    0.0,
                    0.0,
                    1.0
                ]
            ],
            "size": [
                0.1202,
                0.13634,
                0.67816
            ]
        },
        "distance": 0.09104313253022586
    },
    {
        "case": 10,
        "collider1": {
            "type": "Box",
            "collider2origin": [
                [
                    0.9798474486812189,
                    -0.1997472836183421,
                    0.0,
                    -0.20628161272202655
                ],
                [
                    0.19974728361834207,
                    0.9798474486812188,
                    0.0,
                    1.335871448475788
                ],
                [
                    0.0,
                    0.0,
                    1.0,
                    -0.21500000000000008
                ],
                [
                    0.0,
                    0.0,
                    0.0,
                    1.0
                ]
            ],
            "size": [
                0.2,
                0.3,
                0.22
            ]
        },
        "collider2": {
            "type": "Box",
            "collider2origin": [
                [
                    0.44970327880613736,
                    0.3952375627192769,
                    -0.8009708047405569,
                    -0.3397051680116328
                ],
                [
                    -0.1934923447912744,
                    0.9185789400003738,
                    0.344635232521233,
                    1.1277202112287474
                ],
                [
                    0.8719677021187103,
                    -1.8749383096664447e-06,
                    0.4895634039205754,
                    -0.354300158966965
                ],
                [
                    0.0,
                    0.0,
                    0.0,
                    1.0
                ]
            ],
            "size": [
                0.1202,
                0.13634,
                0.67816
            ]
        },
        "distance": 0.0
    },
    {
        "case": 11,
        "collider1": {
            "type": "Box",
            "collider2origin": [
                [
                    0.9984065575563776,
                    -0.05643000822632935,
                    0.0,
                    -0.3111399560290343
                ],
                [
                    0.05643000822632935,
                    0.9984065575563776,
                    0.0,
                    1.3240986306775833
                ],
                [
                    0.0,
                    0.0,
                    1.0,
                    -0.21500000000000008
                ],
                [
                    0.0,
                    0.0,
                    0.0,
                    1.0
                ]
            ],
            "size": [
                0.2,
                0.3,
                0.22
            ]
        },
        "collider2": {
            "type": "Box",
            "collider2origin": [
                [
                    0.44970327880613736,
                    0.3952375627192769,
                    -0.8009708047405569,
                    -0.3397051680116328
                ],
                [
                    -0.1934923447912744,
                    0.9185789400003738,
                    0.344635232521233,
                    1.1277202112287474
                ],
                [
                    0.8719677021187103,
                    -1.8749383096664447e-06,
                    0.4895634039205754,
                    -0.354300158966965
                ],
                [
                    0.0,
                    0.0,
                    0.0,
                    1.0
                ]
            ],
            "size": [
                0.1202,
                0.13634,
                0.67816
            ]
        },
        "distance": 0.0
    },
    {
        "case": 12,
        "collider1": {
            "type": "Box",
            "collider2origin": [
                [
                    0.9997288002091077,
                    0.023287894547555033,
                    0.0,
                    -0.42010216954734814
                ],
                [
                    -0.02328789454755501,
                    0.9997288002091077,
                    0.0,
                    1.3190360102899432
                ],
                [
                    0.0,
                    0.0,
                    1.0,
                    -0.21500000000000008
                ],
                [
                    0.0,
                    0.0,
                    0.0,
                    1.0
                ]
            ],
            "size": [
                0.2,
                0.3,
                0.22
            ]
        },
        "collider2": {
            "type": "Box",
            "collider2origin": [
                [
                    0.44970327880613736,
                    0.3952375627192769,
                    -0.8009708047405569,
                    -0.3397051680116328
                ],
                [
                    -0.1934923447912744,
                    0.9185789400003738,
                    0.344635232521233,
                    1.1277202112287474
                ],
                [
                    0.8719677021187103,
                    -1.8749383096664447e-06,
                    0.4895634039205754,
                    -0.354300158966965
                ],
                [
                    0.0,
                    0.0,
                    0.0,
                    1.0
                ]
            ],
            "size": [
                0.1202,
                0.13634,
                0.67816
            ]
        },
        "distance": 0.0
    },
    {
        "case": 13,
        "collider1": {
            "type": "Box",
            "collider2origin": [
                [
                    0.9741881675007261,
                    0.22573748980082478,
                    0.0,
                    -0.5292040201289168
                ],
                [
                    -0.2257374898008248,
                    0.974188167500726,
                    0.0,
                    1.3318616486630257
                ],
                [
                    0.0,
                    0.0,
                    1.0,
                    -0.21500000000000008
                ],
                [
                    0.0,
                    0.0,
                    0.0,
                    1.0
                ]
            ],
            "size": [
                0.2,
                0.3,
                0.22
            ]
        },
        "collider2": {
            "type": "Box",
            "collider2origin": [
                [
                    0.44970327880613736,
                    0.3952375627192769,
                    -0.8009708047405569,
                    -0.3397051680116328
                ],
                [
                    -0.1934923447912744,
                    0.9185789400003738,
                    0.344635232521233,
                    1.1277202112287474
                ],
                [
                    0.8719677021187103,
                    -1.8749383096664447e-06,
                    0.4895634039205754,
                    -0.354300158966965
                ],
                [
                    0.0,
                    0.0,
                    0.0,
                    1.0
                ]
            ],
            "size": [
                0.1202,
                0.13634,
                0.67816
            ]
        },
        "distance": 0.0
    },
    {
        "case": 14,
        "collider1": {
            "type": "Box",
            "collider2origin": [
                [
                    0.907778172512869,
                    0.4194505805326725,
                    0.0,
                    -0.6717546761389399
                ],
                [
                    -0.4194505805326725,
                    0.907778172512869,
                    0.0,
                    1.384443828829999
                ],
                [
                    0.0,
                    0.0,
                    1.0,
                    -0.21500000000000008
                ],
                [
                    0.0,
                    0.0,
                    0.0,
                    1.0
                ]
            ],
            "size": [
                0.2,
                0.3,
                0.22
            ]
        },
        "collider2": {
            "type": "Box",
            "collider2origin": [
                [
                    0.44970327880613736,
                    0.3952375627192769,
                    -0.8009708047405569,
                    -0.3397051680116328
                ],
                [
                    -0.1934923447912744,
                    0.9185789400003738,
                    0.344635232521233,
                    1.1277202112287474
                ],
                [
                    0.8719677021187103,
                    -1.8749383096664447e-06,
                    0.4895634039205754,
                    -0.354300158966965
                ],
                [
                    0.0,
                    0.0,
                    0.0,
                    1.0
                ]
            ],
            "size": [
                0.1202,
                0.13634,
                0.67816
            ]
        },
        "distance": 0.0
    },
    {
        "case": 15,
        "collider1": {
            "type": "Cylinder",
            "collider2origin": [
                [
                    0.907778172512869,
                    0.4194505805326725,
                    0.0,
                    -0.07232761537572224
                ],
                [
                    -0.4194505805326725,
                    0.907778172512869,
                    0.0,
                    1.2000044650142188
                ],
                [
                    0.0,
                    0.0,
                    1.0,
                    -0.5800000000000001
                ],
                [
                    0.0,
                    0.0,
                    0.0,
                    1.0
                ]
            ],
            "radius": 0.04,
            "height": 0.96
        },
        "collider2": {
            "type": "Box",
            "collider2origin": [
                [
                    0.44970327880613736,
                    0.3952375627192769,
                    -0.8009708047405569,
                    -0.3397051680116328
                ],
                [
                    -0.1934923447912744,
                    0.9185789400003738,
                    0.344635232521233,
                    1.1277202112287474
                ],
                [
                    0.8719677021187103,
                    -1.8749383096664447e-06,
                    0.4895634039205754,
                    -0.354300158966965
                ],
                [
                    0.0,
                    0.0,
                    0.0,
                    1.0
                ]
            ],
            "size": [
                0.1202,
                0.13634,
                0.67816
            ]
        },
        "distance": 0.06390654469273643
    },
    {
        "case": 16,
        "collider1": {
            "type": "Box",
            "collider2origin": [
                [
                    0.907778172512869,
                    0.4194505805326725,
                    0.0,
                    -0.7418785952877999
                ],
                [
                    -0.4194505805326725,
                    0.907778172512869,
                    0.0,
                    1.2791466490804724
                ],
                [
                    0.0,
                    0.0,
                    1.0,
                    0.27
                ],
                [
                    0.0,
                    0.0,
                    0.0,
                    1.0
                ]
            ],
            "size": [
                0.52,
                1.16,
                0.6
            ]
        },
        "collider2": {
            "type": "Cylinder",
            "collider2origin": [
                [
                    -0.5738243600559609,
                    -0.5202116281322018,
                    -0.6325389045445431,
                    -0.4330562511034502
                ],
                [
                    -0.8100467979987284,
                    0.24676071095086083,
                    0.5319147831965497,
                    1.1986346924313656
                ],
                [
                    -0.12062250560477415,
                    0.8176117743079957,
                    -0.5629930706985269,
                    0.0023809565613923667
                ],
                [
                    0.0,
                    0.0,
                    0.0,
                    1.0
                ]
            ],
            "radius": 0.00783,
            "height": 0.03683
        },
        "distance": 0.034704497015618806
    },
    {
        "case": 17,
        "collider1": {
            "type": "Box",
            "collider2origin": [
                [
                    0.907778172512869,
                    0.4194505805326725,
                    0.0,
                    -0.7418785952877999
                ],
                [
                    -0.4194505805326725,
                    0.907778172512869,
                    0.0,
                    1.2791466490804724
                ],
                [
                    0.0,
                    0.0,
                    1.0,
                    0.27
                ],
                [
                    0.0,
                    0.0,
                    0.0,
                    1.0
                ]
            ],
            "size": [
                0.52,
                1.16,
                0.6
            ]
        },
        "collider2": {
            "type": "Sphere",
            "collider2origin": [
                [
                    1.0,
                    0.0,
                    0.0,
                    -0.4537743725667736
                ],
                [
                    0.0,
                    1.0,
                    0.0,
                    1.1711771769755561
                ],
                [
                    0.0,
                    0.0,
                    1.0,
                    0.0627629529774234
                ],
                [
                    0.0,
                    0.0,
                    0.0,
                    1.0
                ]
            ],
            "radius": 0.00563
        },
        "distance": 0.041192582549147136
    },
    {
        "case": 18,
        "collider1": {
            "type": "Box",
            "collider2origin": [
                [
                    0.907778172512869,
                    0.4194505805326725,
                    0.0,
                    -0.7418785952877999
                ],
                [
                    -0.4194505805326725,
                    0.907778172512869,
                    0.0,
                    1.2791466490804724
                ],
                [
                    0.0,
                    0.0,
                    1.0,
                    0.27
                ],
                [
                    0.0,
                    0.0,
                    0.0,
                    1.0
                ]
            ],
            "size": [
                0.52,
                1.16,
                0.6
            ]
        },
        "collider2": {
            "type": "Cylinder",
            "collider2origin": [
                [
                    -0.9899632034974848,
                    -0.1307546771918992,
                    -0.053629004404701835,
                    -0.5252166401639633
                ],
                [
                    -0.13804444865137014,
                    0.8133622239881135,
                    0.565142126182122,
                    1.2077530387194209
                ],
                [
                    -0.030275169983610586,
                    0.5668730960114019,
                    -0.8232486301846552,
                    0.019223041724085732
                ],
                [
                    0.0,
                    0.0,
                    0.0,
                    1.0
                ]
            ],
            "radius": 0.01271,
            "height": 0.05982
        },
        "distance": 0.0
    },
    {
        "case": 19,
        "collider1": {
            "type": "Box",
            "collider2origin": [
                [
                    0.907778172512869,
                    0.4194505805326725,
                    0.0,
                    -0.7418785952877999
                ],
                [
                    -0.4194505805326725,
                    0.907778172512869,
                    0.0,
                    1.2791466490804724
                ],
                [
                    0.0,
                    0.0,
                    1.0,
                    0.27
                ],
                [
                    0.0,
                    0.0,
                    0.0,
                    1.0
                ]
            ],
            "size": [
                0.52,
                1.16,
                0.6
            ]
        },
        "collider2": {
            "type": "Cylinder",
            "collider2origin": [
                [
                    -0.9926352414244168,
                    -0.07979403361721402,
                    -0.09114927142541508,
                    -0.5232237376255406
                ],
                [
                    -0.11940590490439221,
                    0.7713762852947796,
                    0.6250766803831268,
                    1.2008088151653988
                ],
                [
                    0.020432996751634323,
                    0.6313569027768059,
                    -0.7752231639726888,
                    0.0321751920746689
                ],
                [
                    0.0,
                    0.0,
                    0.0,
                    1.0
                ]
            ],
            "radius": 0.01169,
            "height": 0.05502
        },
        "distance": 0.0
    },
    {
        "case": 20,
        "collider1": {
            "type": "Box",
            "collider2origin": [
                [
                    0.907778172512869,
                    0.4194505805326725,
                    0.0,
                    -0.7418785952877999
                ],
                [
                    -0.4194505805326725,
                    0.907778172512869,
                    0.0,
                    1.2791466490804724
                ],
                [
                    0.0,
                    0.0,
                    1.0,
                    0.27
                ],
                [
                    0.0,
                    0.0,
                    0.0,
                    1.0
                ]
            ],
            "size": [
                0.52,
                1.16,
                0.6
            ]
        },
        "collider2": {
            "type": "Cylinder",
            "collider2origin": [
                [
                    -0.6943046040994797,
                    -0.714521922742371,
                    0.08602057106767873,
                    -0.45065769067550837
                ],
                [
                    -0.6975146151997472,
                    0.6975320157422549,
                    0.16408061615344696,
                    1.1732534421068945
                ],
                [
                    -0.17724129967085178,
                    0.0539213217112832,
                    -0.9826891740300667,
                    0.04238334510354491
                ],
                [
                    0.0,
                    0.0,
                    0.0,
                    1.0
                ]
            ],
            "radius": 0.00813,
            "height": 0.03824
        },
        "distance": 0.0404741710687986
    },
    {
        "case": 21,
        "collider1": {
            "type": "Box",
            "collider2origin": [
                [
                    0.9077781725128689,
                    0.4194505805326724,
                    0.0,
                    0.4158817547107895
                ],
                [
                    -0.4194505805326724,
                    0.9077781725128689,
                    0.0,
                    0.733173894971941
                ],
                [
                    0.0,
                    0.0,
                    1.0,
                    -0.6599999999999999
                ],
                [
                    0.0,
                    0.0,
                    0.0,
                    1.0
                ]
            ],
            "size": [
                0.6,
                1.0,
                0.8
            ]
        },
        "collider2": {
            "type": "Box",
            "collider2origin": [
                [
                    -0.5835812733190466,
                    0.39523789915130547,
                    -0.7093799408679263,
                    0.15625072719701888
                ],
                [
                    0.25110320036200257,
                    0.9185787952257447,
                    0.3052215256655067,
                    1.0518620268940175
                ],
                [
                    0.7722564860195609,
                    -6.006832285967294e-06,
                    -0.635310884342963,
                    -0.2933512220717489
                ],
                [
                    0.0,
                    0.0,
                    0.0,
                    1.0
                ]
            ],
            "size": [
                0.15068,
                0.17726,
                0.74884
            ]
        },
        "distance": 0.0
    },
    {
        "case": 22,
        "collider1": {
            "type": "Box",
            "collider2origin": [
                [
                    0.9077781725128689,
                    0.4194505805326724,
                    0.0,
                    0.27063700059322826
                ],
                [
                    -0.4194505805326724,
                    0.9077781725128689,
                    0.0,
                    0.8002854543438492
                ],
                [
                    0.0,
                    0.0,
                    1.0,
                    -0.25
                ],
                [
                    0.0,
                    0.0,
                    0.0,
                    1.0
                ]
            ],
            "size": [
                0.2,
                0.2,
                0.02
            ]
        },
        "collider2": {
            "type": "Box",
            "collider2origin": [
                [
                    -0.5835812733190466,
                    0.39523789915130547,
                    -0.7093799408679263,
                    0.15625072719701888
                ],
                [
                    0.25110320036200257,
                    0.9185787952257447,
                    0.3052215256655067,
                    1.0518620268940175
                ],
                [
                    0.7722564860195609,
                    -6.006832285967294e-06,
                    -0.635310884342963,
                    -0.2933512220717489
                ],
                [
                    0.0,
                    0.0,
                    0.0,
                    1.0
                ]
            ],
            "size": [
                0.15068,
                0.17726,
                0.74884
            ]
        },
        "distance": 0.0
    },
    {
        "case": 23,
        "collider1": {
            "type": "Box",
            "collider2origin": [
                [
                    0.907778172512869,
                    0.4194505805326725,
                    0.0,
                    0.9947946797881562
                ],
                [
                    -0.4194505805326725,
                    0.907778172512869,
                    0.0,
                    0.5317739604993647
                ],
                [
                    0.0,
                    0.0,
                    1.0,
                    -0.69
                ],
                [
                    0.0,
                    0.0,
                    0.0,
                    1.0
                ]
            ],
            "size": [
                0.6,
                1.2,
                0.75
            ]
        },
        "collider2": {
            "type": "Box",
            "collider2origin": [
                [
                    -0.5835812733190466,
                    0.39523789915130547,
                    -0.7093799408679263,
                    0.15625072719701888
                ],
                [
                    0.25110320036200257,
                    0.9185787952257447,
                    0.3052215256655067,
                    1.0518620268940175
                ],
                [
                    0.7722564860195609,
                    -6.006832285967294e-06,
                    -0.635310884342963,
                    -0.2933512220717489
                ],
                [
                    0.0,
                    0.0,
                    0.0,
                    1.0
                ]
            ],
            "size": [
                0.15068,
                0.17726,
                0.74884
            ]
        },
        "distance": 0.3952458295126251
    },
    {
        "case": 24,
        "collider1": {
            "type": "Box",
            "collider2origin": [
                [
                    0.8404842512412337,
                    -0.5418359746412772,
                    0.0,
                    0.011439976095501792
                ],
                [
                    0.5418359746412771,
                    0.8404842512412338,
                    0.0,
                    1.4325762997644957
                ],
                [
                    0.0,
                    0.0,
                    1.0,
                    -0.21500000000000008
                ],
                [
                    0.0,
                    0.0,
                    0.0,
                    1.0
                ]
            ],
            "size": [
                0.2,
                0.3,
                0.22
            ]
        },
        "collider2": {
            "type": "Box",
            "collider2origin": [
                [
                    -0.5835812733190466,
                    0.39523789915130547,
                    -0.7093799408679263,
                    0.15625072719701888
                ],
                [
                    0.25110320036200257,
                    0.9185787952257447,
                    0.3052215256655067,
                    1.0518620268940175
                ],
                [
                    0.7722564860195609,
                    -6.006832285967294e-06,
                    -0.635310884342963,
                    -0.2933512220717489
                ],
                [
                    0.0,
                    0.0,
                    0.0,
                    1.0
                ]
            ],
            "size": [
                0.15068,
                0.17726,
                0.74884
            ]
        },
        "distance": 0.05222652079072978
    },
    {
        "case": 25,
        "collider1": {
            "type": "Box",
            "collider2origin": [
                [
                    0.9081427509232697,
                    -0.4186606548811531,
                    0.0,
                    -0.09474126814702305
                ],
                [
                    0.41866065488115317,
                    0.9081427509232698,
                    0.0,
                    1.368923948110301
                ],
                [
                    0.0,
                    0.0,
                    1.0,
                    -0.21500000000000008
                ],
                [
                    0.0,
                    0.0,
                    0.0,
                    1.0
                ]
            ],
            "size": [
                0.2,
                0.3,
                0.22
            ]
        },
        "collider2": {
            "type": "Box",
            "collider2origin": [
                [
                    -0.5835812733190466,
                    0.39523789915130547,
                    -0.7093799408679263,
                    0.15625072719701888
                ],
                [
                    0.25110320036200257,
                    0.9185787952257447,
                    0.3052215256655067,
                    1.0518620268940175
                ],
                [
                    0.7722564860195609,
                    -6.006832285967294e-06,
                    -0.635310884342963,
                    -0.2933512220717489
                ],
                [
                    0.0,
                    0.0,
                    0.0,
                    1.0
                ]
            ],
            "size": [
                0.15068,
                0.17726,
                0.74884
            ]
        },
        "distance": 0.0496890490318918
    },
    {
        "case": 26,
        "collider1": {
            "type": "Box",
            "collider2origin": [
                [
                    0.9798474486812189,
                    -0.1997472836183421,
                    0.0,
                    -0.20628161272202655
                ],
                [
                    0.19974728361834207,
                    0.9798474486812188,
                    0.0,
                    1.335871448475788
                ],
                [
                    0.0,
                    0.0,
                    1.0,
                    -0.21500000000000008
                ],
                [
                    0.0,
                    0.0,
                    0.0,
                    1.0
                ]
            ],
            "size": [
                0.2,
                0.3,
                0.22
            ]
        },
        "collider2": {
            "type": "Box",
            "collider2origin": [
                [
                    -0.5835812733190466,
                    0.39523789915130547,
                    -0.7093799408679263,
                    0.15625072719701888
                ],
                [
                    0.25110320036200257,
                    0.9185787952257447,
                    0.3052215256655067,
                    1.0518620268940175
                ],
                [
                    0.7722564860195609,
                    -6.006832285967294e-06,
                    -0.635310884342963,
                    -0.2933512220717489
                ],
                [
                    0.0,
                    0.0,
                    0.0,
                    1.0
                ]
            ],
            "size": [
                0.15068,
                0.17726,
                0.74884
            ]
        },
        "distance": 0.07654370060182526
    },
    {
        "case": 27,
        "collider1": {
            "type": "Cylinder",
            "collider2origin": [
                [
                    0.907778172512869,
                    0.4194505805326725,
                    0.0,
                    -0.07232761537572224
                ],
                [
                    -0.4194505805326725,
                    0.907778172512869,
                    0.0,
                    1.2000044650142188
                ],
                [
                    0.0,
                    0.0,
                    1.0,
                    -0.5800000000000001
                ],
                [
                    0.0,
                    0.0,
                    0.0,
                    1.0
                ]
            ],
            "radius": 0.04,
            "height": 0.96
        },
        "collider2": {
            "type": "Box",
            "collider2origin": [
                [
                    -0.5835812733190466,
                    0.39523789915130547,
                    -0.7093799408679263,
                    0.15625072719701888
                ],
                [
                    0.25110320036200257,
                    0.9185787952257447,
                    0.3052215256655067,
                    1.0518620268940175
                ],
                [
                    0.7722564860195609,
                    -6.006832285967294e-06,
                    -0.635310884342963,
                    -0.2933512220717489
                ],
                [
                    0.0,
                    0.0,
                    0.0,
                    1.0
                ]
            ],
            "size": [
                0.15068,
                0.17726,
                0.74884
            ]
        },
        "distance": 0.0
    },
    {
        "case": 28,
        "collider1": {
            "type": "Box",
            "collider2origin": [
                [
                    0.9077781725128689,
                    0.4194505805326724,
                    0.0,
                    0.4158817547107895
                ],
                [
                    -0.4194505805326724,
                    0.9077781725128689,
                    0.0,
                    0.733173894971941
                ],
                [
                    0.0,
                    0.0,
                    1.0,
                    -0.6599999999999999
                ],
                [
                    0.0,
                    0.0,
                    0.0,
                    1.0
                ]
            ],
            "size": [
                0.6,
                1.0,
                0.8
            ]
        },
        "collider2": {
            "type": "Box",
            "collider2origin": [
                [
                    -0.5835812733190466,
                    0.39523789915130547,
                    -0.7093799408679263,
                    0.15625072719701888
                ],
                [
                    0.25110320036200257,
                    0.9185787952257447,
                    0.3052215256655067,
                    1.0518620268940175
                ],
                [
                    0.7722564860195609,
                    -6.006832285967294e-06,
                    -0.635310884342963,
                    -0.2933512220717489
                ],
                [
                    0.0,
                    0.0,
                    0.0,
                    1.0
                ]
            ],
            "size": [
                0.15068,
                0.17726,
                0.74884
            ]
        },
        "distance": 0.0
    },
    {
        "case": 29,
        "collider1": {
            "type": "Box",
            "collider2origin": [
                [
                    0.9077781725128689,
                    0.4194505805326724,
                    0.0,
                    0.27063700059322826
                ],
                [
                    -0.4194505805326724,
                    0.9077781725128689,
                    0.0,
                    0.8002854543438492
                ],
                [
                    0.0,
                    0.0,
                    1.0,
                    -0.25
                ],
                [
                    0.0,
                    0.0,
                    0.0,
                    1.0
                ]
            ],
            "size": [
                0.2,
                0.2,
                0.02
            ]
        },
        "collider2": {
            "type": "Box",
            "collider2origin": [
                [
                    -0.5835812733190466,
                    0.39523789915130547,
                    -0.7093799408679263,
                    0.15625072719701888
                ],
                [
                    0.25110320036200257,
                    0.9185787952257447,
                    0.3052215256655067,
                    1.0518620268940175
                ],
                [
                    0.7722564860195609,
                    -6.006832285967294e-06,
                    -0.635310884342963,
                    -0.2933512220717489
                ],
                [
                    0.0,
                    0.0,
                    0.0,
                    1.0
                ]
            ],
            "size": [
                0.15068,
                0.17726,
                0.74884
            ]
        },
        "distance": 0.0
    },
    {
        "case": 30,
        "collider1": {
            "type": "Box",
            "collider2origin": [
                [
                    0.907778172512869,
                    0.4194505805326725,
                    0.0,
                    0.9947946797881562
                ],
                [
                    -0.4194505805326725,
                    0.907778172512869,
                    0.0,
                    0.5317739604993647
                ],
                [
                    0.0,
                    0.0,
                    1.0,
                    -0.69
                ],
                [
                    0.0,
                    0.0,
                    0.0,
                    1.0
                ]
            ],
            "size": [
                0.6,
                1.2,
                0.75
            ]
        },
        "collider2": {
            "type": "Box",
            "collider2origin": [
                [
                    -0.5835812733190466,
                    0.39523789915130547,
                    -0.7093799408679263,
                    0.15625072719701888
                ],
                [
                    0.25110320036200257,
                    0.9185787952257447,
                    0.3052215256655067,
                    1.0518620268940175
                ],
                [
                    0.7722564860195609,
                    -6.006832285967294e-06,
                    -0.635310884342963,
                    -0.2933512220717489
                ],
                [
                    0.0,
                    0.0,
                    0.0,
                    1.0
                ]
            ],
            "size": [
                0.15068,
                0.17726,
                0.74884
            ]
        },
        "distance": 0.3952458295126251
    },
    {
        "case": 31,
        "collider1": {
            "type": "Box",
            "collider2origin": [
                [
                    0.8404842512412337,
                    -0.5418359746412772,
                    0.0,
                    0.011439976095501792
                ],
                [
                    0.5418359746412771,
                    0.8404842512412338,
                    0.0,
                    1.4325762997644957
                ],
                [
                    0.0,
                    0.0,
                    1.0,
                    -0.21500000000000008
                ],
                [
                    0.0,
                    0.0,
                    0.0,
                    1.0
                ]
            ],
            "size": [
                0.2,
                0.3,
                0.22
            ]
        },
        "collider2": {
            "type": "Box",
            "collider2origin": [
                [
                    -0.5835812733190466,
                    0.39523789915130547,
                    -0.7093799408679263,
                    0.15625072719701888
                ],
                [
                    0.25110320036200257,
                    0.9185787952257447,
                    0.3052215256655067,
                    1.0518620268940175
                ],
                [
                    0.7722564860195609,
                    -6.006832285967294e-06,
                    -0.635310884342963,
                    -0.2933512220717489
                ],
                [
                    0.0,
                    0.0,
                    0.0,
                    1.0
                ]
            ],
            "size": [
                0.15068,
                0.17726,
                0.74884
            ]
        },
        "distance": 0.05222652079072978
    },
    {
        "case": 32,
        "collider1": {
            "type": "Box",
            "collider2origin": [
                [
                    0.9081427509232697,
                    -0.4186606548811531,
                    0.0,
                    -0.09474126814702305
                ],
                [
                    0.41866065488115317,
                    0.9081427509232698,
                    0.0,
                    1.368923948110301
                ],
                [
                    0.0,
                    0.0,
                    1.0,
                    -0.21500000000000008
                ],
                [
                    0.0,
                    0.0,
                    0.0,
                    1.0
                ]
            ],
            "size": [
                0.2,
                0.3,
                0.22
            ]
        },
        "collider2": {
            "type": "Box",
            "collider2origin": [
                [
                    -0.5835812733190466,
                    0.39523789915130547,
                    -0.7093799408679263,
                    0.15625072719701888
                ],
                [
                    0.25110320036200257,
                    0.9185787952257447,
                    0.3052215256655067,
                    1.0518620268940175
                ],
                [
                    0.7722564860195609,
                    -6.006832285967294e-06,
                    -0.635310884342963,
                    -0.2933512220717489
                ],
                [
                    0.0,
                    0.0,
                    0.0,
                    1.0
                ]
            ],
            "size": [
                0.15068,
                0.17726,
                0.74884
            ]
        },
        "distance": 0.0496890490318918
    },
    {
        "case": 33,
        "collider1": {
            "type": "Box",
            "collider2origin": [
                [
                    0.9798474486812189,
                    -0.1997472836183421,
                    0.0,
                    -0.20628161272202655
                ],
                [
                    0.19974728361834207,
                    0.9798474486812188,
                    0.0,
                    1.335871448475788
                ],
                [
                    0.0,
                    0.0,
                    1.0,
                    -0.21500000000000008
                ],
                [
                    0.0,
                    0.0,
                    0.0,
                    1.0
                ]
            ],
            "size": [
                0.2,
                0.3,
                0.22
            ]
        },
        "collider2": {
            "type": "Box",
            "collider2origin": [
                [
                    -0.5835812733190466,
                    0.39523789915130547,
                    -0.7093799408679263,
                    0.15625072719701888
                ],
                [
                    0.25110320036200257,
                    0.9185787952257447,
                    0.3052215256655067,
                    1.0518620268940175
                ],
                [
                    0.7722564860195609,
                    -6.006832285967294e-06,
                    -0.635310884342963,
                    -0.2933512220717489
                ],
                [
                    0.0,
                    0.0,
                    0.0,
                    1.0
                ]
            ],
            "size": [
                0.15068,
                0.17726,
                0.74884
            ]
        },
        "distance": 0.07654370060182526
    },
    {
        "case": 34,
        "collider1": {
            "type": "Cylinder",
            "collider2origin": [
                [
                    0.907778172512869,
                    0.4194505805326725,
                    0.0,
                    -0.07232761537572224
                ],
                [
                    -0.4194505805326725,
                    0.907778172512869,
                    0.0,
                    1.2000044650142188
                ],
                [
                    0.0,
                    0.0,
                    1.0,
                    -0.5800000000000001
                ],
                [
                    0.0,
                    0.0,
                    0.0,
                    1.0
                ]
            ],
            "radius": 0.04,
            "height": 0.96
        },
        "collider2": {
            "type": "Box",
            "collider2origin": [
                [
                    -0.5835812733190466,
                    0.39523789915130547,
                    -0.7093799408679263,
                    0.15625072719701888
                ],
                [
                    0.25110320036200257,
                    0.9185787952257447,
                    0.3052215256655067,
                    1.0518620268940175
                ],
                [
                    0.7722564860195609,
                    -6.006832285967294e-06,
                    -0.635310884342963,
                    -0.2933512220717489
                ],
                [
                    0.0,
                    0.0,
                    0.0,
                    1.0
                ]
            ],
            "size": [
                0.15068,
                0.17726,
                0.74884
            ]
        },
        "distance": 0.0
    },
    {
        "case": 35,
        "collider1": {
            "type": "Box",
            "collider2origin": [
                [
                    0.907778172512869,
                    0.4194505805326725,
                    0.0,
                    -0.7418785952877999
                ],
                [
                    -0.4194505805326725,
                    0.907778172512869,
                    0.0,
                    1.2791466490804724
                ],
                [
                    0.0,
                    0.0,
                    1.0,
                    0.27
                ],
                [
                    0.0,
                    0.0,
                    0.0,
                    1.0
                ]
            ],
            "size": [
                0.52,
                1.16,
                0.6
            ]
        },
        "collider2": {
            "type": "Cylinder",
            "collider2origin": [
                [
                    -0.6943046040994797,
                    -0.6631313535046404,
                    -0.27963891847410643,
                    -0.4531987113345401
                ],
                [
                    -0.6975146151997472,
                    0.5243505938476869,
                    0.4883951436227906,
                    1.1828862374718243
                ],
                [
                    -0.17724129967085178,
                    0.5341472294514699,
                    -0.8266028423374224,
                    0.014428557186843216
                ],
                [
                    0.0,
                    0.0,
                    0.0,
                    1.0
                ]
            ],
            "radius": 0.00683,
            "height": 0.01183
        },
        "distance": 0.03365147619727659
    },
    {
        "case": 36,
        "collider1": {
            "type": "Box",
            "collider2origin": [
                [
                    0.9997288002091077,
                    0.023287894547555033,
                    0.0,
                    -0.42010216954734814
                ],
                [
                    -0.02328789454755501,
                    0.9997288002091077,
                    0.0,
                    1.3190360102899432
                ],
                [
                    0.0,
                    0.0,
                    1.0,
                    -0.21500000000000008
                ],
                [
                    0.0,
                    0.0,
                    0.0,
                    1.0
                ]
            ],
            "size": [
                0.2,
                0.3,
                0.22
            ]
        },
        "collider2": {
            "type": "Box",
            "collider2origin": [
                [
                    0.7413740407166419,
                    0.39523851266104637,
                    -0.5423569395342546,
                    -0.5308650669007051
                ],
                [
                    -0.3189919476904459,
                    0.918578531269364,
                    0.23336156324397994,
                    1.3316383693029226
                ],
                [
                    0.59043091810993,
                    -7.086046802599703e-07,
                    0.8070881803987486,
                    -0.20935787146971974
                ],
                [
                    0.0,
                    0.0,
                    0.0,
                    1.0
                ]
            ],
            "size": [
                0.09102,
                0.10007,
                0.11882
            ]
        },
        "distance": 0.0
    },
    {
        "case": 37,
        "collider1": {
            "type": "Box",
            "collider2origin": [
                [
                    0.9741881675007261,
                    0.22573748980082478,
                    0.0,
                    -0.5292040201289168
                ],
                [
                    -0.2257374898008248,
                    0.974188167500726,
                    0.0,
                    1.3318616486630257
                ],
                [
                    0.0,
                    0.0,
                    1.0,
                    -0.21500000000000008
                ],
                [
                    0.0,
                    0.0,
                    0.0,
                    1.0
                ]
            ],
            "size": [
                0.2,
                0.3,
                0.22
            ]
        },
        "collider2": {
            "type": "Box",
            "collider2origin": [
                [
                    0.7413740407166419,
                    0.39523851266104637,
                    -0.5423569395342546,
                    -0.5308650669007051
                ],
                [
                    -0.3189919476904459,
                    0.918578531269364,
                    0.23336156324397994,
                    1.3316383693029226
                ],
                [
                    0.59043091810993,
                    -7.086046802599703e-07,
                    0.8070881803987486,
                    -0.20935787146971974
                ],
                [
                    0.0,
                    0.0,
                    0.0,
                    1.0
                ]
            ],
            "size": [
                0.09102,
                0.10007,
                0.11882
            ]
        },
        "distance": 0.0
    },
    {
        "case": 38,
        "collider1": {
            "type": "Box",
            "collider2origin": [
                [
                    0.907778172512869,
                    0.4194505805326725,
                    0.0,
                    -0.6717546761389399
                ],
                [
                    -0.4194505805326725,
                    0.907778172512869,
                    0.0,
                    1.384443828829999
                ],
                [
                    0.0,
                    0.0,
                    1.0,
                    -0.21500000000000008
                ],
                [
                    0.0,
                    0.0,
                    0.0,
                    1.0
                ]
            ],
            "size": [
                0.2,
                0.3,
                0.22
            ]
        },
        "collider2": {
            "type": "Box",
            "collider2origin": [
                [
                    0.7413740407166419,
                    0.39523851266104637,
                    -0.5423569395342546,
                    -0.5308650669007051
                ],
                [
                    -0.3189919476904459,
                    0.918578531269364,
                    0.23336156324397994,
                    1.3316383693029226
                ],
                [
                    0.59043091810993,
                    -7.086046802599703e-07,
                    0.8070881803987486,
                    -0.20935787146971974
                ],
                [
                    0.0,
                    0.0,
                    0.0,
                    1.0
                ]
            ],
            "size": [
                0.09102,
                0.10007,
                0.11882
            ]
        },
        "distance": 0.0
    },
    {
        "case": 39,
        "collider1": {
            "type": "Box",
            "collider2origin": [
                [
                    0.907778172512869,
                    0.4194505805326725,
                    0.0,
                    -0.7418785952877999
                ],
                [
                    -0.4194505805326725,
                    0.907778172512869,
                    0.0,
                    1.2791466490804724
                ],
                [
                    0.0,
                    0.0,
                    1.0,
                    0.27
                ],
                [
                    0.0,
                    0.0,
                    0.0,
                    1.0
                ]
            ],
            "size": [
                0.52,
                1.16,
                0.6
            ]
        },
        "collider2": {
            "type": "Box",
            "collider2origin": [
                [
                    -0.7158374394793685,
                    0.6675596055805436,
                    -0.20479485647049378,
                    -0.5046812227508519
                ],
                [
                    -0.6977374281907421,
                    -0.6724183127996376,
                    0.2470143597312864,
                    1.2535284951957562
                ],
                [
                    0.02718899669701463,
                    0.31971516324509447,
                    0.9471235256553243,
                    -0.03595266485524573
                ],
                [
                    0.0,
                    0.0,
                    0.0,
                    1.0
                ]
            ],
            "size": [
                0.06241,
                0.05638,
                0.02858
            ]
        },
        "distance": 0.0
    },
    {
        "case": 40,
        "collider1": {
            "type": "Box",
            "collider2origin": [
                [
                    0.907778172512869,
                    0.4194505805326725,
                    0.0,
                    -0.7418785952877999
                ],
                [
                    -0.4194505805326725,
                    0.907778172512869,
                    0.0,
                    1.2791466490804724
                ],
                [
                    0.0,
                    0.0,
                    1.0,
                    0.27
                ],
                [
                    0.0,
                    0.0,
                    0.0,
                    1.0
                ]
            ],
            "size": [
                0.52,
                1.16,
                0.6
            ]
        },
        "collider2": {
            "type": "Cylinder",
            "collider2origin": [
                [
                    -0.6943046040994797,
                    -0.6631313535046404,
                    -0.27963891847410643,
                    -0.4577658651112801
                ],
                [
                    -0.6975146151997472,
                    0.5243505938476869,
                    0.4883951436227906,
                    1.1908595746758155
                ],
                [
                    -0.17724129967085178,
                    0.5341472294514699,
                    -0.8266028423374224,
                    0.0009411630645133062
                ],
                [
                    0.0,
                    0.0,
                    0.0,
                    1.0
                ]
            ],
            "radius": 0.00683,
            "height": 0.01782
        },
        "distance": 0.02478726310921653
    },
    {
        "case": 41,
        "collider1": {
            "type": "Box",
            "collider2origin": [
                [
                    0.907778172512869,
                    0.4194505805326725,
                    0.0,
                    -0.7418785952877999
                ],
                [
                    -0.4194505805326725,
                    0.907778172512869,
                    0.0,
                    1.2791466490804724
                ],
                [
                    0.0,
                    0.0,
                    1.0,
                    0.27
                ],
                [
                    0.0,
                    0.0,
                    0.0,
                    1.0
                ]
            ],
            "size": [
                0.52,
                1.16,
                0.6
            ]
        },
        "collider2": {
            "type": "Box",
            "collider2origin": [
                [
                    -0.657035163408042,
                    0.6675591348257788,
                    -0.35024219556761754,
                    -0.47085810651202803
                ],
                [
                    -0.7340050755060943,
                    -0.6724209490987603,
                    0.09532374491392606,
                    1.217590288410832
                ],
                [
                    -0.17187595287491741,
                    0.31971060151921726,
                    0.931796001332673,
                    -0.021994233676239094
                ],
                [
                    0.0,
                    0.0,
                    0.0,
                    1.0
                ]
            ],
            "size": [
                0.07264,
                0.04753,
                0.03326
            ]
        },
        "distance": 0.0
    },
    {
        "case": 42,
        "collider1": {
            "type": "Box",
            "collider2origin": [
                [
                    0.907778172512869,
                    0.4194505805326725,
                    0.0,
                    -0.7418785952877999
                ],
                [
                    -0.4194505805326725,
                    0.907778172512869,
                    0.0,
                    1.2791466490804724
                ],
                [
                    0.0,
                    0.0,
                    1.0,
                    0.27
                ],
                [
                    0.0,
                    0.0,
                    0.0,
                    1.0
                ]
            ],
            "size": [
                0.52,
                1.16,
                0.6
            ]
        },
        "collider2": {
            "type": "Cylinder",
            "collider2origin": [
                [
                    -0.8178723450866645,
                    0.0800175212538996,
                    -0.5698087604054727,
                    -0.46004734628045435
                ],
                [
                    -0.5343934212822937,
                    -0.47277496920366924,
                    0.700647914279829,
                    1.161414286671896
                ],
                [
                    -0.21332720978029163,
                    0.8775426056818272,
                    0.4294304097062803,
                    -0.0364074813776496
                ],
                [
                    0.0,
                    0.0,
                    0.0,
                    1.0
                ]
            ],
            "radius": 0.00713,
            "height": 0.01426
        },
        "distance": 0.03594908800508012
    },
    {
        "case": 43,
        "collider1": {
            "type": "Box",
            "collider2origin": [
                [
                    0.8303727586998911,
                    0.5572082928395201,
                    0.0,
                    -0.8244226375645679
                ],
                [
                    -0.5572082928395201,
                    0.8303727586998911,
                    0.0,
                    1.4713226142389986
                ],
                [
                    0.0,
                    0.0,
                    1.0,
                    -0.21500000000000008
                ],
                [
                    0.0,
                    0.0,
                    0.0,
                    1.0
                ]
            ],
            "size": [
                0.2,
                0.3,
                0.22
            ]
        },
        "collider2": {
            "type": "Box",
            "collider2origin": [
                [
                    -0.6575838812817909,
                    0.5229076297181107,
                    -0.5423569395342546,
                    -0.5873537007225953
                ],
                [
                    -0.7158186525984068,
                    -0.6581383117495345,
                    0.23336156324397994,
                    1.3592916089583027
                ],
                [
                    -0.23491933864749617,
                    0.541684016184768,
                    0.8070881803987486,
                    -0.11982641587173437
                ],
                [
                    0.0,
                    0.0,
                    0.0,
                    1.0
                ]
            ],
            "size": [
                0.09126,
                0.11887,
                0.10009
            ]
        },
        "distance": 0.07591561787635333
    },
    {
        "case": 44,
        "collider1": {
            "type": "Box",
            "collider2origin": [
                [
                    0.9997288002091077,
                    0.023287894547555033,
                    0.0,
                    -0.42010216954734814
                ],
                [
                    -0.02328789454755501,
                    0.9997288002091077,
                    0.0,
                    1.3190360102899432
                ],
                [
                    0.0,
                    0.0,
                    1.0,
                    -0.21500000000000008
                ],
                [
                    0.0,
                    0.0,
                    0.0,
                    1.0
                ]
            ],
            "size": [
                0.2,
                0.3,
                0.22
            ]
        },
        "collider2": {
            "type": "Box",
            "collider2origin": [
                [
                    -0.6575838812817909,
                    0.5229076297181107,
                    -0.5423569395342546,
                    -0.5873537007225953
                ],
                [
                    -0.7158186525984068,
                    -0.6581383117495345,
                    0.23336156324397994,
                    1.3592916089583027
                ],
                [
                    -0.23491933864749617,
                    0.541684016184768,
                    0.8070881803987486,
                    -0.11982641587173437
                ],
                [
                    0.0,
                    0.0,
                    0.0,
                    1.0
                ]
            ],
            "size": [
                0.09126,
                0.11887,
                0.10009
            ]
        },
        "distance": 0.0
    },
    {
        "case": 45,
        "collider1": {
            "type": "Box",
            "collider2origin": [
                [
                    0.9741881675007261,
                    0.22573748980082478,
                    0.0,
                    -0.5292040201289168
                ],
                [
                    -0.2257374898008248,
                    0.974188167500726,
                    0.0,
                    1.3318616486630257
                ],
                [
                    0.0,
                    0.0,
                    1.0,
                    -0.21500000000000008
                ],
                [
                    0.0,
                    0.0,
                    0.0,
                    1.0
                ]
            ],
            "size": [
                0.2,
                0.3,
                0.22
            ]
        },
        "collider2": {
            "type": "Box",
            "collider2origin": [
                [
                    -0.6575838812817909,
                    0.5229076297181107,
                    -0.5423569395342546,
                    -0.5873537007225953
                ],
                [
                    -0.7158186525984068,
                    -0.6581383117495345,
                    0.23336156324397994,
                    1.3592916089583027
                ],
                [
                    -0.23491933864749617,
                    0.541684016184768,
                    0.8070881803987486,
                    -0.11982641587173437
                ],
                [
                    0.0,
                    0.0,
                    0.0,
                    1.0
                ]
            ],
            "size": [
                0.09126,
                0.11887,
                0.10009
            ]
        },
        "distance": 0.0
    },
    {
        "case": 46,
        "collider1": {
            "type": "Box",
            "collider2origin": [
                [
                    0.907778172512869,
                    0.4194505805326725,
                    0.0,
                    -0.6717546761389399
                ],
                [
                    -0.4194505805326725,
                    0.907778172512869,
                    0.0,
                    1.384443828829999
                ],
                [
                    0.0,
                    0.0,
                    1.0,
                    -0.21500000000000008
                ],
                [
                    0.0,
                    0.0,
                    0.0,
                    1.0
                ]
            ],
            "size": [
                0.2,
                0.3,
                0.22
            ]
        },
        "collider2": {
            "type": "Box",
            "collider2origin": [
                [
                    -0.6575838812817909,
                    0.5229076297181107,
                    -0.5423569395342546,
                    -0.5873537007225953
                ],
                [
                    -0.7158186525984068,
                    -0.6581383117495345,
                    0.23336156324397994,
                    1.3592916089583027
                ],
                [
                    -0.23491933864749617,
                    0.541684016184768,
                    0.8070881803987486,
                    -0.11982641587173437
                ],
                [
                    0.0,
                    0.0,
                    0.0,
                    1.0
                ]
            ],
            "size": [
                0.09126,
                0.11887,
                0.10009
            ]
        },
        "distance": 0.0
    },
    {
        "case": 47,
        "collider1": {
            "type": "Box",
            "collider2origin": [
                [
                    0.9997288002091077,
                    0.023287894547555033,
                    0.0,
                    -0.42010216954734814
                ],
                [
                    -0.02328789454755501,
                    0.9997288002091077,
                    0.0,
                    1.3190360102899432
                ],
                [
                    0.0,
                    0.0,
                    1.0,
                    -0.21500000000000008
                ],
                [
                    0.0,
                    0.0,
                    0.0,
                    1.0
                ]
            ],
            "size": [
                0.2,
                0.3,
                0.22
            ]
        },
        "collider2": {
            "type": "Box",
            "collider2origin": [
                [
                    0.49448076857254947,
                    0.5229070715882507,
                    -0.6943032219390177,
                    -0.5509759016829308
                ],
                [
                    -0.28340958636554825,
                    -0.6581417310534816,
                    -0.6975159268447104,
                    1.31038546580301
                ],
                [
                    -0.8216859350554866,
                    0.5416804005397712,
                    -0.1772415521345475,
                    -0.0764971604614384
                ],
                [
                    0.0,
                    0.0,
                    0.0,
                    1.0
                ]
            ],
            "size": [
                0.08993,
                0.0305,
                0.09007
            ]
        },
        "distance": 0.0
    },
    {
        "case": 48,
        "collider1": {
            "type": "Box",
            "collider2origin": [
                [
                    0.9741881675007261,
                    0.22573748980082478,
                    0.0,
                    -0.5292040201289168
                ],
                [
                    -0.2257374898008248,
                    0.974188167500726,
                    0.0,
                    1.3318616486630257
                ],
                [
                    0.0,
                    0.0,
                    1.0,
                    -0.21500000000000008
                ],
                [
                    0.0,
                    0.0,
                    0.0,
                    1.0
                ]
            ],
            "size": [
                0.2,
                0.3,
                0.22
            ]
        },
        "collider2": {
            "type": "Box",
            "collider2origin": [
                [
                    0.49448076857254947,
                    0.5229070715882507,
                    -0.6943032219390177,
                    -0.5509759016829308
                ],
                [
                    -0.28340958636554825,
                    -0.6581417310534816,
                    -0.6975159268447104,
                    1.31038546580301
                ],
                [
                    -0.8216859350554866,
                    0.5416804005397712,
                    -0.1772415521345475,
                    -0.0764971604614384
                ],
                [
                    0.0,
                    0.0,
                    0.0,
                    1.0
                ]
            ],
            "size": [
                0.08993,
                0.0305,
                0.09007
            ]
        },
        "distance": 0.0
    },
    {
        "case": 49,
        "collider1": {
            "type": "Box",
            "collider2origin": [
                [
                    0.907778172512869,
                    0.4194505805326725,
                    0.0,
                    -0.6717546761389399
                ],
                [
                    -0.4194505805326725,
                    0.907778172512869,
                    0.0,
                    1.384443828829999
                ],
                [
                    0.0,
                    0.0,
                    1.0,
                    -0.21500000000000008
                ],
                [
                    0.0,
                    0.0,
                    0.0,
                    1.0
                ]
            ],
            "size": [
                0.2,
                0.3,
                0.22
            ]
        },
        "collider2": {
            "type": "Box",
            "collider2origin": [
                [
                    0.49448076857254947,
                    0.5229070715882507,
                    -0.6943032219390177,
                    -0.5509759016829308
                ],
                [
                    -0.28340958636554825,
                    -0.6581417310534816,
                    -0.6975159268447104,
                    1.31038546580301
                ],
                [
                    -0.8216859350554866,
                    0.5416804005397712,
                    -0.1772415521345475,
                    -0.0764971604614384
                ],
                [
                    0.0,
                    0.0,
                    0.0,
                    1.0
                ]
            ],
            "size": [
                0.08993,
                0.0305,
                0.09007
            ]
        },
        "distance": 0.01852605562349218
    },
    {
        "case": 50,
        "collider1": {
            "type": "Box",
            "collider2origin": [
                [
                    0.907778172512869,
                    0.4194505805326725,
                    0.0,
                    -0.7418785952877999
                ],
                [
                    -0.4194505805326725,
                    0.907778172512869,
                    0.0,
                    1.2791466490804724
                ],
                [
                    0.0,
                    0.0,
                    1.0,
                    0.27
                ],
                [
                    0.0,
                    0.0,
                    0.0,
                    1.0
                ]
            ],
            "size": [
                0.52,
                1.16,
                0.6
            ]
        },
        "collider2": {
            "type": "Box",
            "collider2origin": [
                [
                    0.49448076857254947,
                    0.5229070715882507,
                    -0.6943032219390177,
                    -0.5509759016829308
                ],
                [
                    -0.28340958636554825,
                    -0.6581417310534816,
                    -0.6975159268447104,
                    1.31038546580301
                ],
                [
                    -0.8216859350554866,
                    0.5416804005397712,
                    -0.1772415521345475,
                    -0.0764971604614384
                ],
                [
                    0.0,
                    0.0,
                    0.0,
                    1.0
                ]
            ],
            "size": [
                0.08993,
                0.0305,
                0.09007
            ]
        },
        "distance": 0.0
    },
    {
        "case": 51,
        "collider1": {
            "type": "Box",
            "collider2origin": [
                [
                    0.907778172512869,
                    0.4194505805326725,
                    0.0,
                    -0.7418785952877999
                ],
                [
                    -0.4194505805326725,
                    0.907778172512869,
                    0.0,
                    1.2791466490804724
                ],
                [
                    0.0,
                    0.0,
                    1.0,
                    0.27
                ],
                [
                    0.0,
                    0.0,
                    0.0,
                    1.0
                ]
            ],
            "size": [
                0.52,
                1.16,
                0.6
            ]
        },
        "collider2": {
            "type": "Cylinder",
            "collider2origin": [
                [
                    -0.42323536334680056,
                    -0.8508986135756529,
                    -0.31119668479553764,
                    -0.43689175551865883
                ],
                [
                    -0.9048549798910543,
                    0.3795640437258419,
                    0.19279160271351706,
                    1.2243939141444402
                ],
                [
                    -0.04592703538288934,
                    0.3631840939874961,
                    -0.9305847738360112,
                    0.015669303825622816
                ],
                [
                    0.0,
                    0.0,
                    0.0,
                    1.0
                ]
            ],
            "radius": 0.00783,
            "height": 0.03044
        },
        "distance": 0.027001263124158754
    },
    {
        "case": 52,
        "collider1": {
            "type": "Box",
            "collider2origin": [
                [
                    0.907778172512869,
                    0.4194505805326725,
                    0.0,
                    -0.7418785952877999
                ],
                [
                    -0.4194505805326725,
                    0.907778172512869,
                    0.0,
                    1.2791466490804724
                ],
                [
                    0.0,
                    0.0,
                    1.0,
                    0.27
                ],
                [
                    0.0,
                    0.0,
                    0.0,
                    1.0
                ]
            ],
            "size": [
                0.52,
                1.16,
                0.6
            ]
        },
        "collider2": {
            "type": "Cylinder",
            "collider2origin": [
                [
                    -0.8309052998928322,
                    0.054684342962177834,
                    -0.5537201506580716,
                    -0.4689837267980384
                ],
                [
                    -0.5082603408204388,
                    -0.47955855026316757,
                    0.7153286117712476,
                    1.172199655083809
                ],
                [
                    -0.22642395756433,
                    0.8758043271783279,
                    0.4262616238140871,
                    -0.029801492352415915
                ],
                [
                    0.0,
                    0.0,
                    0.0,
                    1.0
                ]
            ],
            "radius": 0.00713,
            "height": 0.01697
        },
        "distance": 0.0215252451675928
    }
]