[
    {
        "case": 0,
        "collider1": {
            "type": "Box",
            "collider2origin": [
                [
                    0.9077781725128689,
                    0.4194505805326724,
                    0.0,
                    0.4158817547107895
                ],
                [
                    -0.4194505805326724,
                    0.9077781725128689,
                    0.0,
                    0.733173894971941
                ],
                [
                    0.0,
                    0.0,
                    1.0,
                    -0.6599999999999999
                ],
                [
                    0.0,
                    0.0,
                    0.0,
                    1.0
                ]
            ],
            "size": [
                0.6,
                1.0,
                0.8
            ]
        },
        "collider2": {
            "type": "Box",
            "collider2origin": [
                [
                    -0.8843509034727006,
                    -0.2636982729816697,
                    0.38520994321733576,
                    0.8825861825957424
                ],
                [
                    -0.24176172181981168,
                    0.9646052149853389,
                    0.10529980572540514,
                    1.0092339928470082
                ],
                [
                    -0.399342897006743,
                    -7.040805573117878e-06,
                    -0.9168016418837222,
                    -0.014173453232778854
                ],
                [
                    0.0,
                    0.0,
                    0.0,
                    1.0
                ]
            ],
            "size": [
                0.1202,
                0.13634,
                0.67816
            ]
        },
        "distance": 0.01192036971929399
    },
    {
        "case": 1,
        "collider1": {
            "type": "Box",
            "collider2origin": [
                [
                    0.907778172512869,
                    0.4194505805326725,
                    0.0,
                    0.9947946797881562
                ],
                [
                    -0.4194505805326725,
                    0.907778172512869,
                    0.0,
                    0.5317739604993647
                ],
                [
                    0.0,
                    0.0,
                    1.0,
                    -0.69
                ],
                [
                    0.0,
                    0.0,
                    0.0,
                    1.0
                ]
            ],
            "size": [
                0.6,
                1.2,
                0.75
            ]
        },
        "collider2": {
            "type": "Box",
            "collider2origin": [
                [
                    -0.8843509034727006,
                    -0.2636982729816697,
                    0.38520994321733576,
                    0.8825861825957424
                ],
                [
                    -0.24176172181981168,
                    0.9646052149853389,
                    0.10529980572540514,
                    1.0092339928470082
                ],
                [
                    -0.399342897006743,
                    -7.040805573117878e-06,
                    -0.9168016418837222,
                    -0.014173453232778854
                ],
                [
                    0.0,
                    0.0,
                    0.0,
                    1.0
                ]
            ],
            "size": [
                0.1202,
                0.13634,
                0.67816
            ]
        },
        "distance": 0.0
    },
    {
        "case": 2,
        "collider1": {
            "type": "Box",
            "collider2origin": [
                [
                    0.9077781725128689,
                    0.4194505805326724,
                    0.0,
                    0.4158817547107895
                ],
                [
                    -0.4194505805326724,
                    0.9077781725128689,
                    0.0,
                    0.733173894971941
                ],
                [
                    0.0,
                    0.0,
                    1.0,
                    -0.6599999999999999
                ],
                [
                    0.0,
                    0.0,
                    0.0,
                    1.0
                ]
            ],
            "size": [
                0.6,
                1.0,
                0.8
            ]
        },
        "collider2": {
            "type": "Box",
            "collider2origin": [
                [
                    -0.1258082995096455,
                    -0.26370320085944754,
                    -0.9563644146615731,
                    0.9630467796597331
                ],
                [
                    -0.03438917836713831,
                    0.9646038678334441,
                    -0.26145126232625593,
                    1.1470898746955736
                ],
                [
                    0.9914583481849978,
                    -4.152278135852905e-06,
                    -0.1304237087228933,
                    -0.28236190207226697
                ],
                [
                    0.0,
                    0.0,
                    0.0,
                    1.0
                ]
            ],
            "size": [
                0.09102,
                0.10007,
                0.11882
            ]
        },
        "distance": 0.027297679833790826
    },
    {
        "case": 3,
        "collider1": {
            "type": "Box",
            "collider2origin": [
                [
                    0.907778172512869,
                    0.4194505805326725,
                    0.0,
                    0.9947946797881562
                ],
                [
                    -0.4194505805326725,
                    0.907778172512869,
                    0.0,
                    0.5317739604993647
                ],
                [
                    0.0,
                    0.0,
                    1.0,
                    -0.69
                ],
                [
                    0.0,
                    0.0,
                    0.0,
                    1.0
                ]
            ],
            "size": [
                0.6,
                1.2,
                0.75
            ]
        },
        "collider2": {
            "type": "Box",
            "collider2origin": [
                [
                    -0.1258082995096455,
                    -0.26370320085944754,
                    -0.9563644146615731,
                    0.9630467796597331
                ],
                [
                    -0.03438917836713831,
                    0.9646038678334441,
                    -0.26145126232625593,
                    1.1470898746955736
                ],
                [
                    0.9914583481849978,
                    -4.152278135852905e-06,
                    -0.1304237087228933,
                    -0.28236190207226697
                ],
                [
                    0.0,
                    0.0,
                    0.0,
                    1.0
                ]
            ],
            "size": [
                0.09102,
                0.10007,
                0.11882
            ]
        },
        "distance": 0.0
    },
    {
        "case": 4,
        "collider1": {
            "type": "Box",
            "collider2origin": [
                [
                    0.9077781725128689,
                    0.4194505805326724,
                    0.0,
                    0.4158817547107895
                ],
                [
                    -0.4194505805326724,
                    0.9077781725128689,
                    0.0,
                    0.733173894971941
                ],
                [
                    0.0,
                    0.0,
                    1.0,
                    -0.6599999999999999
                ],
                [
                    0.0,
                    0.0,
                    0.0,
                    1.0
                ]
            ],
            "size": [
                0.6,
                1.0,
                0.8
            ]
        },
        "collider2": {
            "type": "Box",
            "collider2origin": [
                [
                    0.5579249317276292,
                    0.07151127440314854,
                    0.8268046372571682,
                    0.8600857065105565
                ],
                [
                    0.6599755797178275,
                    -0.642252366522919,
                    -0.38980011784480983,
                    1.071624911818133
                ],
                [
                    0.50314213174096,
                    0.7631500739231751,
                    -0.4055243025247865,
                    -0.23866462938793753
                ],
                [
                    0.0,
                    0.0,
                    0.0,
                    1.0
                ]
            ],
            "size": [
                0.08993,
                0.0305,
                0.09007
            ]
        },
        "distance": 0.0
    },
    {
        "case": 5,
        "collider1": {
            "type": "Box",
            "collider2origin": [
                [
                    0.9077781725128689,
                    0.4194505805326724,
                    0.0,
                    0.4158817547107895
                ],
                [
                    -0.4194505805326724,
                    0.9077781725128689,
                    0.0,
                    0.733173894971941
                ],
                [
                    0.0,
                    0.0,
                    1.0,
                    -0.6599999999999999
                ],
                [
                    0.0,
                    0.0,
                    0.0,
                    1.0
                ]
            ],
            "size": [
                0.6,
                1.0,
                0.8
            ]
        },
        "collider2": {
            "type": "Box",
            "collider2origin": [
                [
                    0.28329168845782565,
                    0.07150472445748693,
                    -0.9563644146615731,
                    0.8575621497261761
                ],
                [
                    -0.7205246287986262,
                    -0.6422518950712479,
                    -0.26145126232625593,
                    1.120909538986108
                ],
                [
                    -0.6329218581668011,
                    0.7631510844240801,
                    -0.1304237087228933,
                    -0.2948086973230126
                ],
                [
                    0.0,
                    0.0,
                    0.0,
                    1.0
                ]
            ],
            "size": [
                0.09126,
                0.11887,
                0.10009
            ]
        },
        "distance": 0.0
    },
    {
        "case": 6,
        "collider1": {
            "type": "Box",
            "collider2origin": [
                [
                    0.907778172512869,
                    0.4194505805326725,
                    0.0,
                    0.9947946797881562
                ],
                [
                    -0.4194505805326725,
                    0.907778172512869,
                    0.0,
                    0.5317739604993647
                ],
                [
                    0.0,
                    0.0,
                    1.0,
                    -0.69
                ],
                [
                    0.0,
                    0.0,
                    0.0,
                    1.0
                ]
            ],
            "size": [
                0.6,
                1.2,
                0.75
            ]
        },
        "collider2": {
            "type": "Box",
            "collider2origin": [
                [
                    0.28329168845782565,
                    0.07150472445748693,
                    -0.9563644146615731,
                    0.8575621497261761
                ],
                [
                    -0.7205246287986262,
                    -0.6422518950712479,
                    -0.26145126232625593,
                    1.120909538986108
                ],
                [
                    -0.6329218581668011,
                    0.7631510844240801,
                    -0.1304237087228933,
                    -0.2948086973230126
                ],
                [
                    0.0,
                    0.0,
                    0.0,
                    1.0
                ]
            ],
            "size": [
                0.09126,
                0.11887,
                0.10009
            ]
        },
        "distance": 0.006648817906958354
    }
]