[
    {
        "case": 0,
        "collider1": {
            "type": "Box",
            "collider2origin": [
                [
                    0.9077781725128689,
                    0.4194505805326724,
                    0.0,
                    0.4158817547107895
                ],
                [
                    -0.4194505805326724,
                    0.9077781725128689,
                    0.0,
                    0.733173894971941
                ],
                [
                    0.0,
                    0.0,
                    1.0,
                    -0.6599999999999999
                ],
                [
                    0.0,
                    0.0,
                    0.0,
                    1.0
                ]
            ],
            "size": [
                0.6,
                1.0,
                0.8
            ]
        },
        "collider2": {
            "type": "Box",
            "collider2origin": [
                [
                    -0.15475731522714453,
                    0.9853669119548768,
                    -0.07142984116037245,
                    0.245820502088934
                ],
                [
                    0.8946829130247601,
                    0.17044661561730293,
                    0.41290487568704853,
                    1.3960110494843512
                ],
                [
                    0.41903777696672634,
                    -7.008360732529856e-06,
                    -0.9079687998084882,
                    0.02349248572399487
                ],
                [
                    0.0,
                    0.0,
                    0.0,
                    1.0
                ]
            ],
            "size": [
                0.1202,
                0.13634,
                0.67816
            ]
        },
        "distance": 0.15152360556373645
    },
    {
        "case": 1,
        "collider1": {
            "type": "Box",
            "collider2origin": [
                [
                    -0.49996093967317806,
                    0.8660479541001831,
                    0.0,
                    0.23518030403224222
                ],
                [
                    -0.8660479541001831,
                    -0.49996093967317806,
                    0.0,
                    1.6545490191575776
                ],
                [
                    0.0,
                    0.0,
                    1.0,
                    -0.21500000000000008
                ],
                [
                    0.0,
                    0.0,
                    0.0,
                    1.0
                ]
            ],
            "size": [
                0.2,
                0.3,
                0.22
            ]
        },
        "collider2": {
            "type": "Box",
            "collider2origin": [
                [
                    -0.15475731522714453,
                    0.9853669119548768,
                    -0.07142984116037245,
                    0.245820502088934
                ],
                [
                    0.8946829130247601,
                    0.17044661561730293,
                    0.41290487568704853,
                    1.3960110494843512
                ],
                [
                    0.41903777696672634,
                    -7.008360732529856e-06,
                    -0.9079687998084882,
                    0.02349248572399487
                ],
                [
                    0.0,
                    0.0,
                    0.0,
                    1.0
                ]
            ],
            "size": [
                0.1202,
                0.13634,
                0.67816
            ]
        },
        "distance": 0.0
    },
    {
        "case": 2,
        "collider1": {
            "type": "Box",
            "collider2origin": [
                [
                    0.718022042059392,
                    -0.6960203640101781,
                    0.0,
                    0.13748258467077087
                ],
                [
                    0.6960203640101781,
                    0.718022042059392,
                    0.0,
                    1.5384737068316263
                ],
                [
                    0.0,
                    0.0,
                    1.0,
                    -0.21500000000000008
                ],
                [
                    0.0,
                    0.0,
                    0.0,
                    1.0
                ]
            ],
            "size": [
                0.2,
                0.3,
                0.22
            ]
        },
        "collider2": {
            "type": "Box",
            "collider2origin": [
                [
                    -0.15475731522714453,
                    0.9853669119548768,
                    -0.07142984116037245,
                    0.245820502088934
                ],
                [
                    0.8946829130247601,
                    0.17044661561730293,
                    0.41290487568704853,
                    1.3960110494843512
                ],
                [
                    0.41903777696672634,
                    -7.008360732529856e-06,
                    -0.9079687998084882,
                    0.02349248572399487
                ],
                [
                    0.0,
                    0.0,
                    0.0,
                    1.0
                ]
            ],
            "size": [
                0.1202,
                0.13634,
                0.67816
            ]
        },
        "distance": 0.0
    },
    {
        "case": 3,
        "collider1": {
            "type": "Box",
            "collider2origin": [
                [
                    0.8404842512412337,
                    -0.5418359746412772,
                    0.0,
                    0.011439976095501792
                ],
                [
                    0.5418359746412771,
                    0.8404842512412338,
                    0.0,
                    1.4325762997644957
                ],
                [
                    0.0,
                    0.0,
                    1.0,
                    -0.21500000000000008
                ],
                [
                    0.0,
                    0.0,
                    0.0,
                    1.0
                ]
            ],
            "size": [
                0.2,
                0.3,
                0.22
            ]
        },
        "collider2": {
            "type": "Box",
            "collider2origin": [
                [
                    -0.15475731522714453,
                    0.9853669119548768,
                    -0.07142984116037245,
                    0.245820502088934
                ],
                [
                    0.8946829130247601,
                    0.17044661561730293,
                    0.41290487568704853,
                    1.3960110494843512
                ],
                [
                    0.41903777696672634,
                    -7.008360732529856e-06,
                    -0.9079687998084882,
                    0.02349248572399487
                ],
                [
                    0.0,
                    0.0,
                    0.0,
                    1.0
                ]
            ],
            "size": [
                0.1202,
                0.13634,
                0.67816
            ]
        },
        "distance": 0.011548719027316908
    },
    {
        "case": 4,
        "collider1": {
            "type": "Box",
            "collider2origin": [
                [
                    0.907778172512869,
                    0.4194505805326725,
                    0.0,
                    0.3318610395686135
                ],
                [
                    -0.4194505805326725,
                    0.907778172512869,
                    0.0,
                    1.862570334354233
                ],
                [
                    0.0,
                    0.0,
                    1.0,
                    -0.21500000000000008
                ],
                [
                    0.0,
                    0.0,
                    0.0,
                    1.0
                ]
            ],
            "size": [
                0.3,
                0.46,
                0.22
            ]
        },
        "collider2": {
            "type": "Box",
            "collider2origin": [
                [
                    -0.15475731522714453,
                    0.9853669119548768,
                    -0.07142984116037245,
                    0.245820502088934
                ],
                [
                    0.8946829130247601,
                    0.17044661561730293,
                    0.41290487568704853,
                    1.3960110494843512
                ],
                [
                    0.41903777696672634,
                    -7.008360732529856e-06,
                    -0.9079687998084882,
                    0.02349248572399487
                ],
                [
                    0.0,
                    0.0,
                    0.0,
                    1.0
                ]
            ],
            "size": [
                0.1202,
                0.13634,
                0.67816
            ]
        },
        "distance": 0.02905167327549316
    },
    {
        "case": 5,
        "collider1": {
            "type": "Box",
            "collider2origin": [
                [
                    0.907778172512869,
                    0.4194505805326725,
                    0.0,
                    0.3318610395686135
                ],
                [
                    -0.4194505805326725,
                    0.907778172512869,
                    0.0,
                    1.862570334354233
                ],
                [
                    0.0,
                    0.0,
                    1.0,
                    -0.21500000000000008
                ],
                [
                    0.0,
                    0.0,
                    0.0,
                    1.0
                ]
            ],
            "size": [
                0.3,
                0.46,
                0.22
            ]
        },
        "collider2": {
            "type": "Cylinder",
            "collider2origin": [
                [
                    -0.38013341854255506,
                    -0.6367078557971341,
                    -0.6708961845720737,
                    0.5387865515014231
                ],
                [
                    0.6286944160752542,
                    -0.7098888978488183,
                    0.31749186431589765,
                    1.7096481831789032
                ],
                [
                    -0.678411317198457,
                    -0.30109941726480455,
                    0.6701471671355843,
                    -0.3202748062294165
                ],
                [
                    0.0,
                    0.0,
                    0.0,
                    1.0
                ]
            ],
            "radius": 0.00783,
            "height": 0.03683
        },
        "distance": 0.08307066651595922
    },
    {
        "case": 6,
        "collider1": {
            "type": "Box",
            "collider2origin": [
                [
                    -0.49996093967317806,
                    0.8660479541001831,
                    0.0,
                    0.23518030403224222
                ],
                [
                    -0.8660479541001831,
                    -0.49996093967317806,
                    0.0,
                    1.6545490191575776
                ],
                [
                    0.0,
                    0.0,
                    1.0,
                    -0.21500000000000008
                ],
                [
                    0.0,
                    0.0,
                    0.0,
                    1.0
                ]
            ],
            "size": [
                0.2,
                0.3,
                0.22
            ]
        },
        "collider2": {
            "type": "Box",
            "collider2origin": [
                [
                    0.038729008306140573,
                    0.9853665646147227,
                    -0.16599035289739733,
                    0.33464645874087723
                ],
                [
                    -0.22387687634355044,
                    0.17044862372962025,
                    0.9595970044280739,
                    1.5381849590173324
                ],
                [
                    0.9738476308716253,
                    -2.838645209609744e-06,
                    0.22720209470351402,
                    -0.2411296310612293
                ],
                [
                    0.0,
                    0.0,
                    0.0,
                    1.0
                ]
            ],
            "size": [
                0.09102,
                0.10007,
                0.11882
            ]
        },
        "distance": 0.0
    },
    {
        "case": 7,
        "collider1": {
            "type": "Box",
            "collider2origin": [
                [
                    0.718022042059392,
                    -0.6960203640101781,
                    0.0,
                    0.13748258467077087
                ],
                [
                    0.6960203640101781,
                    0.718022042059392,
                    0.0,
                    1.5384737068316263
                ],
                [
                    0.0,
                    0.0,
                    1.0,
                    -0.21500000000000008
                ],
                [
                    0.0,
                    0.0,
                    0.0,
                    1.0
                ]
            ],
            "size": [
                0.2,
                0.3,
                0.22
            ]
        },
        "collider2": {
            "type": "Box",
            "collider2origin": [
                [
                    0.038729008306140573,
                    0.9853665646147227,
                    -0.16599035289739733,
                    0.33464645874087723
                ],
                [
                    -0.22387687634355044,
                    0.17044862372962025,
                    0.9595970044280739,
                    1.5381849590173324
                ],
                [
                    0.9738476308716253,
                    -2.838645209609744e-06,
                    0.22720209470351402,
                    -0.2411296310612293
                ],
                [
                    0.0,
                    0.0,
                    0.0,
                    1.0
                ]
            ],
            "size": [
                0.09102,
                0.10007,
                0.11882
            ]
        },
        "distance": 0.0
    },
    {
        "case": 8,
        "collider1": {
            "type": "Cylinder",
            "collider2origin": [
                [
                    0.907778172512869,
                    0.4194505805326725,
                    0.0,
                    0.41976000612504893
                ],
                [
                    -0.4194505805326725,
                    0.907778172512869,
                    0.0,
                    1.6236691588060355
                ],
                [
                    0.0,
                    0.0,
                    1.0,
                    -0.18000000000000016
                ],
                [
                    0.0,
                    0.0,
                    0.0,
                    1.0
                ]
            ],
            "radius": 0.04,
            "height": 0.3
        },
        "collider2": {
            "type": "Box",
            "collider2origin": [
                [
                    0.038729008306140573,
                    0.9853665646147227,
                    -0.16599035289739733,
                    0.33464645874087723
                ],
                [
                    -0.22387687634355044,
                    0.17044862372962025,
                    0.9595970044280739,
                    1.5381849590173324
                ],
                [
                    0.9738476308716253,
                    -2.838645209609744e-06,
                    0.22720209470351402,
                    -0.2411296310612293
                ],
                [
                    0.0,
                    0.0,
                    0.0,
                    1.0
                ]
            ],
            "size": [
                0.09102,
                0.10007,
                0.11882
            ]
        },
        "distance": 0.008427955562453484
    },
    {
        "case": 9,
        "collider1": {
            "type": "Box",
            "collider2origin": [
                [
                    0.907778172512869,
                    0.4194505805326725,
                    0.0,
                    0.3318610395686135
                ],
                [
                    -0.4194505805326725,
                    0.907778172512869,
                    0.0,
                    1.862570334354233
                ],
                [
                    0.0,
                    0.0,
                    1.0,
                    -0.21500000000000008
                ],
                [
                    0.0,
                    0.0,
                    0.0,
                    1.0
                ]
            ],
            "size": [
                0.3,
                0.46,
                0.22
            ]
        },
        "collider2": {
            "type": "Box",
            "collider2origin": [
                [
                    0.038729008306140573,
                    0.9853665646147227,
                    -0.16599035289739733,
                    0.33464645874087723
                ],
                [
                    -0.22387687634355044,
                    0.17044862372962025,
                    0.9595970044280739,
                    1.5381849590173324
                ],
                [
                    0.9738476308716253,
                    -2.838645209609744e-06,
                    0.22720209470351402,
                    -0.2411296310612293
                ],
                [
                    0.0,
                    0.0,
                    0.0,
                    1.0
                ]
            ],
            "size": [
                0.09102,
                0.10007,
                0.11882
            ]
        },
        "distance": 0.0
    },
    {
        "case": 10,
        "collider1": {
            "type": "Box",
            "collider2origin": [
                [
                    -0.49996093967317806,
                    0.8660479541001831,
                    0.0,
                    0.23518030403224222
                ],
                [
                    -0.8660479541001831,
                    -0.49996093967317806,
                    0.0,
                    1.6545490191575776
                ],
                [
                    0.0,
                    0.0,
                    1.0,
                    -0.21500000000000008
                ],
                [
                    0.0,
                    0.0,
                    0.0,
                    1.0
                ]
            ],
            "size": [
                0.2,
                0.3,
                0.22
            ]
        },
        "collider2": {
            "type": "Box",
            "collider2origin": [
                [
                    0.10286521581064327,
                    0.8394211174395246,
                    -0.5336580693410428,
                    0.3837901107628725
                ],
                [
                    0.7882952684282747,
                    0.2584042359063805,
                    0.5584065012508663,
                    1.6677506631392929
                ],
                [
                    0.6066377149088442,
                    -0.4781207362813488,
                    -0.6351308876034581,
                    -0.25258431572630835
                ],
                [
                    0.0,
                    0.0,
                    0.0,
                    1.0
                ]
            ],
            "size": [
                0.08993,
                0.0305,
                0.09007
            ]
        },
        "distance": 0.0
    },
    {
        "case": 11,
        "collider1": {
            "type": "Cylinder",
            "collider2origin": [
                [
                    0.907778172512869,
                    0.4194505805326725,
                    0.0,
                    0.41976000612504893
                ],
                [
                    -0.4194505805326725,
                    0.907778172512869,
                    0.0,
                    1.6236691588060355
                ],
                [
                    0.0,
                    0.0,
                    1.0,
                    -0.18000000000000016
                ],
                [
                    0.0,
                    0.0,
                    0.0,
                    1.0
                ]
            ],
            "radius": 0.04,
            "height": 0.3
        },
        "collider2": {
            "type": "Box",
            "collider2origin": [
                [
                    0.10286521581064327,
                    0.8394211174395246,
                    -0.5336580693410428,
                    0.3837901107628725
                ],
                [
                    0.7882952684282747,
                    0.2584042359063805,
                    0.5584065012508663,
                    1.6677506631392929
                ],
                [
                    0.6066377149088442,
                    -0.4781207362813488,
                    -0.6351308876034581,
                    -0.25258431572630835
                ],
                [
                    0.0,
                    0.0,
                    0.0,
                    1.0
                ]
            ],
            "size": [
                0.08993,
                0.0305,
                0.09007
            ]
        },
        "distance": 0.0
    },
    {
        "case": 12,
        "collider1": {
            "type": "Box",
            "collider2origin": [
                [
                    0.907778172512869,
                    0.4194505805326725,
                    0.0,
                    0.3318610395686135
                ],
                [
                    -0.4194505805326725,
                    0.907778172512869,
                    0.0,
                    1.862570334354233
                ],
                [
                    0.0,
                    0.0,
                    1.0,
                    -0.21500000000000008
                ],
                [
                    0.0,
                    0.0,
                    0.0,
                    1.0
                ]
            ],
            "size": [
                0.3,
                0.46,
                0.22
            ]
        },
        "collider2": {
            "type": "Box",
            "collider2origin": [
                [
                    0.10286521581064327,
                    0.8394211174395246,
                    -0.5336580693410428,
                    0.3837901107628725
                ],
                [
                    0.7882952684282747,
                    0.2584042359063805,
                    0.5584065012508663,
                    1.6677506631392929
                ],
                [
                    0.6066377149088442,
                    -0.4781207362813488,
                    -0.6351308876034581,
                    -0.25258431572630835
                ],
                [
                    0.0,
                    0.0,
                    0.0,
                    1.0
                ]
            ],
            "size": [
                0.08993,
                0.0305,
                0.09007
            ]
        },
        "distance": 0.0
    },
    {
        "case": 13,
        "collider1": {
            "type": "Box",
            "collider2origin": [
                [
                    -0.49996093967317806,
                    0.8660479541001831,
                    0.0,
                    0.23518030403224222
                ],
                [
                    -0.8660479541001831,
                    -0.49996093967317806,
                    0.0,
                    1.6545490191575776
                ],
                [
                    0.0,
                    0.0,
                    1.0,
                    -0.21500000000000008
                ],
                [
                    0.0,
                    0.0,
                    0.0,
                    1.0
                ]
            ],
            "size": [
                0.2,
                0.3,
                0.22
            ]
        },
        "collider2": {
            "type": "Box",
            "collider2origin": [
                [
                    0.5175105052378458,
                    0.8394224679584571,
                    -0.16599035289739733,
                    0.3222643582595839
                ],
                [
                    -0.11135563909719431,
                    0.2584057095613842,
                    0.9595970044280739,
                    1.6443031469373395
                ],
                [
                    0.8484001406233529,
                    -0.4781175687554374,
                    0.22720209470351402,
                    -0.21708064104141545
                ],
                [
                    0.0,
                    0.0,
                    0.0,
                    1.0
                ]
            ],
            "size": [
                0.09126,
                0.11887,
                0.10009
            ]
        },
        "distance": 0.0
    },
    {
        "case": 14,
        "collider1": {
            "type": "Box",
            "collider2origin": [
                [
                    0.718022042059392,
                    -0.6960203640101781,
                    0.0,
                    0.13748258467077087
                ],
                [
                    0.6960203640101781,
                    0.718022042059392,
                    0.0,
                    1.5384737068316263
                ],
                [
                    0.0,
                    0.0,
                    1.0,
                    -0.21500000000000008
                ],
                [
                    0.0,
                    0.0,
                    0.0,
                    1.0
                ]
            ],
            "size": [
                0.2,
                0.3,
                0.22
            ]
        },
        "collider2": {
            "type": "Box",
            "collider2origin": [
                [
                    0.5175105052378458,
                    0.8394224679584571,
                    -0.16599035289739733,
                    0.3222643582595839
                ],
                [
                    -0.11135563909719431,
                    0.2584057095613842,
                    0.9595970044280739,
                    1.6443031469373395
                ],
                [
                    0.8484001406233529,
                    -0.4781175687554374,
                    0.22720209470351402,
                    -0.21708064104141545
                ],
                [
                    0.0,
                    0.0,
                    0.0,
                    1.0
                ]
            ],
            "size": [
                0.09126,
                0.11887,
                0.10009
            ]
        },
        "distance": 0.018945026325432168
    },
    {
        "case": 15,
        "collider1": {
            "type": "Cylinder",
            "collider2origin": [
                [
                    0.907778172512869,
                    0.4194505805326725,
                    0.0,
                    0.41976000612504893
                ],
                [
                    -0.4194505805326725,
                    0.907778172512869,
                    0.0,
                    1.6236691588060355
                ],
                [
                    0.0,
                    0.0,
                    1.0,
                    -0.18000000000000016
                ],
                [
                    0.0,
                    0.0,
                    0.0,
                    1.0
                ]
            ],
            "radius": 0.04,
            "height": 0.3
        },
        "collider2": {
            "type": "Box",
            "collider2origin": [
                [
                    0.5175105052378458,
                    0.8394224679584571,
                    -0.16599035289739733,
                    0.3222643582595839
                ],
                [
                    -0.11135563909719431,
                    0.2584057095613842,
                    0.9595970044280739,
                    1.6443031469373395
                ],
                [
                    0.8484001406233529,
                    -0.4781175687554374,
                    0.22720209470351402,
                    -0.21708064104141545
                ],
                [
                    0.0,
                    0.0,
                    0.0,
                    1.0
                ]
            ],
            "size": [
                0.09126,
                0.11887,
                0.10009
            ]
        },
        "distance": 0.0
    },
    {
        "case": 16,
        "collider1": {
            "type": "Box",
            "collider2origin": [
                [
                    0.907778172512869,
                    0.4194505805326725,
                    0.0,
                    0.3318610395686135
                ],
                [
                    -0.4194505805326725,
                    0.907778172512869,
                    0.0,
                    1.862570334354233
                ],
                [
                    0.0,
                    0.0,
                    1.0,
                    -0.21500000000000008
                ],
                [
                    0.0,
                    0.0,
                    0.0,
                    1.0
                ]
            ],
            "size": [
                0.3,
                0.46,
                0.22
            ]
        },
        "collider2": {
            "type": "Box",
            "collider2origin": [
                [
                    0.5175105052378458,
                    0.8394224679584571,
                    -0.16599035289739733,
                    0.3222643582595839
                ],
                [
                    -0.11135563909719431,
                    0.2584057095613842,
                    0.9595970044280739,
                    1.6443031469373395
                ],
                [
                    0.8484001406233529,
                    -0.4781175687554374,
                    0.22720209470351402,
                    -0.21708064104141545
                ],
                [
                    0.0,
                    0.0,
                    0.0,
                    1.0
                ]
            ],
            "size": [
                0.09126,
                0.11887,
                0.10009
            ]
        },
        "distance": 0.0
    },
    {
        "case": 17,
        "collider1": {
            "type": "Box",
            "collider2origin": [
                [
                    0.907778172512869,
                    0.4194505805326725,
                    0.0,
                    0.3318610395686135
                ],
                [
                    -0.4194505805326725,
                    0.907778172512869,
                    0.0,
                    1.862570334354233
                ],
                [
                    0.0,
                    0.0,
                    1.0,
                    -0.21500000000000008
                ],
                [
                    0.0,
                    0.0,
                    0.0,
                    1.0
                ]
            ],
            "size": [
                0.3,
                0.46,
                0.22
            ]
        },
        "collider2": {
            "type": "Cylinder",
            "collider2origin": [
                [
                    -0.19398932178028028,
                    -0.9792133489630888,
                    -0.05923985354234269,
                    0.5403265074588428
                ],
                [
                    0.6690066038066894,
                    -0.17621812521060737,
                    0.7220646345101648,
                    1.6712378546821354
                ],
                [
                    -0.7174944648554901,
                    0.10044097550178448,
                    0.689284631586969,
                    -0.32776719522498265
                ],
                [
                    0.0,
                    0.0,
                    0.0,
                    1.0
                ]
            ],
            "radius": 0.0076,
            "height": 0.02993
        },
        "distance": 0.10705747981277927
    },
    {
        "case": 18,
        "collider1": {
            "type": "Box",
            "collider2origin": [
                [
                    0.718022042059392,
                    -0.6960203640101781,
                    0.0,
                    0.13748258467077087
                ],
                [
                    0.6960203640101781,
                    0.718022042059392,
                    0.0,
                    1.5384737068316263
                ],
                [
                    0.0,
                    0.0,
                    1.0,
                    -0.21500000000000008
                ],
                [
                    0.0,
                    0.0,
                    0.0,
                    1.0
                ]
            ],
            "size": [
                0.2,
                0.3,
                0.22
            ]
        },
        "collider2": {
            "type": "Box",
            "collider2origin": [
                [
                    0.10605900321282753,
                    0.9853666842097879,
                    -0.13343157604896028,
                    0.4319511133792827
                ],
                [
                    -0.6131251966339352,
                    0.17044793236493808,
                    0.771378633101226,
                    1.0612007611742909
                ],
                [
                    0.7828339422189737,
                    -1.3876241947860944e-06,
                    0.6222306798189676,
                    0.08387247530099051
                ],
                [
                    0.0,
                    0.0,
                    0.0,
                    1.0
                ]
            ],
            "size": [
                0.15068,
                0.17726,
                0.74884
            ]
        },
        "distance": 0.3078358505385683
    },
    {
        "case": 19,
        "collider1": {
            "type": "Box",
            "collider2origin": [
                [
                    0.718022042059392,
                    -0.6960203640101781,
                    0.0,
                    0.13748258467077087
                ],
                [
                    0.6960203640101781,
                    0.718022042059392,
                    0.0,
                    1.5384737068316263
                ],
                [
                    0.0,
                    0.0,
                    1.0,
                    -0.21500000000000008
                ],
                [
                    0.0,
                    0.0,
                    0.0,
                    1.0
                ]
            ],
            "size": [
                0.2,
                0.3,
                0.22
            ]
        },
        "collider2": {
            "type": "Box",
            "collider2origin": [
                [
                    0.10605900321282753,
                    0.9853666842097879,
                    -0.13343157604896028,
                    0.4319511133792827
                ],
                [
                    -0.6131251966339352,
                    0.17044793236493808,
                    0.771378633101226,
                    1.0612007611742909
                ],
                [
                    0.7828339422189737,
                    -1.3876241947860944e-06,
                    0.6222306798189676,
                    0.08387247530099051
                ],
                [
                    0.0,
                    0.0,
                    0.0,
                    1.0
                ]
            ],
            "size": [
                0.15068,
                0.17726,
                0.74884
            ]
        },
        "distance": 0.3078358505385683
    },
    {
        "case": 20,
        "collider1": {
            "type": "Box",
            "collider2origin": [
                [
                    0.907778172512869,
                    0.4194505805326725,
                    0.0,
                    0.3318610395686135
                ],
                [
                    -0.4194505805326725,
                    0.907778172512869,
                    0.0,
                    1.862570334354233
                ],
                [
                    0.0,
                    0.0,
                    1.0,
                    -0.21500000000000008
                ],
                [
                    0.0,
                    0.0,
                    0.0,
                    1.0
                ]
            ],
            "size": [
                0.3,
                0.46,
                0.22
            ]
        },
        "collider2": {
            "type": "Cylinder",
            "collider2origin": [
                [
                    -0.5336605937769927,
                    -0.752229434197265,
                    -0.38646765579650966,
                    0.5181782519643542
                ],
                [
                    0.5584057498113848,
                    -0.6566226582994685,
                    0.506980969253604,
                    1.7185611114902213
                ],
                [
                    -0.6351294271462877,
                    0.054750003972615494,
                    0.7704628789486396,
                    -0.3285912392950072
                ],
                [
                    0.0,
                    0.0,
                    0.0,
                    1.0
                ]
            ],
            "radius": 0.00683,
            "height": 0.01782
        },
        "distance": 0.06887708864087892
    },
    {
        "case": 21,
        "collider1": {
            "type": "Box",
            "collider2origin": [
                [
                    -0.49996093967317806,
                    0.8660479541001831,
                    0.0,
                    0.23518030403224222
                ],
                [
                    -0.8660479541001831,
                    -0.49996093967317806,
                    0.0,
                    1.6545490191575776
                ],
                [
                    0.0,
                    0.0,
                    1.0,
                    -0.21500000000000008
                ],
                [
                    0.0,
                    0.0,
                    0.0,
                    1.0
                ]
            ],
            "size": [
                0.2,
                0.3,
                0.22
            ]
        },
        "collider2": {
            "type": "Box",
            "collider2origin": [
                [
                    -0.45712667149982716,
                    0.8636975433521088,
                    0.2122775537145194,
                    0.45436656978115264
                ],
                [
                    0.43159067207100144,
                    0.42410419878649414,
                    -0.7961564672556312,
                    1.6940209148819074
                ],
                [
                    -0.7776661867310358,
                    -0.27232734379639034,
                    -0.5666331439617804,
                    -0.289307684768918
                ],
                [
                    0.0,
                    0.0,
                    0.0,
                    1.0
                ]
            ],
            "size": [
                0.06241,
                0.05638,
                0.02858
            ]
        },
        "distance": 0.015628583465366754
    },
    {
        "case": 22,
        "collider1": {
            "type": "Cylinder",
            "collider2origin": [
                [
                    0.907778172512869,
                    0.4194505805326725,
                    0.0,
                    0.41976000612504893
                ],
                [
                    -0.4194505805326725,
                    0.907778172512869,
                    0.0,
                    1.6236691588060355
                ],
                [
                    0.0,
                    0.0,
                    1.0,
                    -0.18000000000000016
                ],
                [
                    0.0,
                    0.0,
                    0.0,
                    1.0
                ]
            ],
            "radius": 0.04,
            "height": 0.3
        },
        "collider2": {
            "type": "Box",
            "collider2origin": [
                [
                    -0.45712667149982716,
                    0.8636975433521088,
                    0.2122775537145194,
                    0.45436656978115264
                ],
                [
                    0.43159067207100144,
                    0.42410419878649414,
                    -0.7961564672556312,
                    1.6940209148819074
                ],
                [
                    -0.7776661867310358,
                    -0.27232734379639034,
                    -0.5666331439617804,
                    -0.289307684768918
                ],
                [
                    0.0,
                    0.0,
                    0.0,
                    1.0
                ]
            ],
            "size": [
                0.06241,
                0.05638,
                0.02858
            ]
        },
        "distance": 0.003417567666588832
    },
    {
        "case": 23,
        "collider1": {
            "type": "Box",
            "collider2origin": [
                [
                    0.907778172512869,
                    0.4194505805326725,
                    0.0,
                    0.3318610395686135
                ],
                [
                    -0.4194505805326725,
                    0.907778172512869,
                    0.0,
                    1.862570334354233
                ],
                [
                    0.0,
                    0.0,
                    1.0,
                    -0.21500000000000008
                ],
                [
                    0.0,
                    0.0,
                    0.0,
                    1.0
                ]
            ],
            "size": [
                0.3,
                0.46,
                0.22
            ]
        },
        "collider2": {
            "type": "Box",
            "collider2origin": [
                [
                    -0.45712667149982716,
                    0.8636975433521088,
                    0.2122775537145194,
                    0.45436656978115264
                ],
                [
                    0.43159067207100144,
                    0.42410419878649414,
                    -0.7961564672556312,
                    1.6940209148819074
                ],
                [
                    -0.7776661867310358,
                    -0.27232734379639034,
                    -0.5666331439617804,
                    -0.289307684768918
                ],
                [
                    0.0,
                    0.0,
                    0.0,
                    1.0
                ]
            ],
            "size": [
                0.06241,
                0.05638,
                0.02858
            ]
        },
        "distance": 0.0
    },
    {
        "case": 24,
        "collider1": {
            "type": "Box",
            "collider2origin": [
                [
                    0.907778172512869,
                    0.4194505805326725,
                    0.0,
                    0.3318610395686135
                ],
                [
                    -0.4194505805326725,
                    0.907778172512869,
                    0.0,
                    1.862570334354233
                ],
                [
                    0.0,
                    0.0,
                    1.0,
                    -0.21500000000000008
                ],
                [
                    0.0,
                    0.0,
                    0.0,
                    1.0
                ]
            ],
            "size": [
                0.3,
                0.46,
                0.22
            ]
        },
        "collider2": {
            "type": "Cylinder",
            "collider2origin": [
                [
                    -0.1881748472613557,
                    -0.8809280629001623,
                    -0.4342303246586223,
                    0.5342986281823121
                ],
                [
                    0.672795785918437,
                    -0.4377183844480722,
                    0.5964465159312793,
                    1.6887216151538902
                ],
                [
                    -0.7154970700908271,
                    -0.1799121005133797,
                    0.6750522785535245,
                    -0.30942443122405083
                ],
                [
                    0.0,
                    0.0,
                    0.0,
                    1.0
                ]
            ],
            "radius": 0.00783,
            "height": 0.03044
        },
        "distance": 0.09089439557727008
    },
    {
        "case": 25,
        "collider1": {
            "type": "Box",
            "collider2origin": [
                [
                    0.907778172512869,
                    0.4194505805326725,
                    0.0,
                    0.3318610395686135
                ],
                [
                    -0.4194505805326725,
                    0.907778172512869,
                    0.0,
                    1.862570334354233
                ],
                [
                    0.0,
                    0.0,
                    1.0,
                    -0.21500000000000008
                ],
                [
                    0.0,
                    0.0,
                    0.0,
                    1.0
                ]
            ],
            "size": [
                0.3,
                0.46,
                0.22
            ]
        },
        "collider2": {
            "type": "Box",
            "collider2origin": [
                [
                    -0.49146176320397117,
                    0.86369557021376,
                    0.11178236578982945,
                    0.49747737022038535
                ],
                [
                    0.5888348253341732,
                    0.4241089660894868,
                    -0.6880444268767678,
                    1.7183316269500004
                ],
                [
                    -0.6416688271858916,
                    -0.2723261773602273,
                    -0.7170073704936708,
                    -0.30275550482389035
                ],
                [
                    0.0,
                    0.0,
                    0.0,
                    1.0
                ]
            ],
            "size": [
                0.07264,
                0.04753,
                0.03326
            ]
        },
        "distance": 0.014777467611777206
    }
]