[
    {
        "case": 0,
        "collider1": {
            "type": "Box",
            "collider2origin": [
                [
                    0.9077781725128689,
                    0.4194505805326724,
                    0.0,
                    0.4158817547107895
                ],
                [
                    -0.4194505805326724,
                    0.9077781725128689,
                    0.0,
                    0.733173894971941
                ],
                [
                    0.0,
                    0.0,
                    1.0,
                    -0.6599999999999999
                ],
                [
                    0.0,
                    0.0,
                    0.0,
                    1.0
                ]
            ],
            "size": [
                0.6,
                1.0,
                0.8
            ]
        },
        "collider2": {
            "type": "Box",
            "collider2origin": [
                [
                    0.4499643683439793,
                    -0.88880807375445,
                    -0.0869038275895127,
                    0.11875347335287886
                ],
                [
                    -0.8726780932367796,
                    -0.4582796176745253,
                    0.16856078312795522,
                    0.7706607469316518
                ],
                [
                    -0.1896444378446742,
                    -7.279751943059005e-06,
                    -0.9818528337493263,
                    -0.39720828054189883
                ],
                [
                    0.0,
                    0.0,
                    0.0,
                    1.0
                ]
            ],
            "size": [
                0.15068,
                0.17726,
                0.74884
            ]
        },
        "distance": 0.0
    },
    {
        "case": 1,
        "collider1": {
            "type": "Box",
            "collider2origin": [
                [
                    0.9077781725128689,
                    0.4194505805326724,
                    0.0,
                    0.27063700059322826
                ],
                [
                    -0.4194505805326724,
                    0.9077781725128689,
                    0.0,
                    0.8002854543438492
                ],
                [
                    0.0,
                    0.0,
                    1.0,
                    -0.25
                ],
                [
                    0.0,
                    0.0,
                    0.0,
                    1.0
                ]
            ],
            "size": [
                0.2,
                0.2,
                0.02
            ]
        },
        "collider2": {
            "type": "Box",
            "collider2origin": [
                [
                    0.4499643683439793,
                    -0.88880807375445,
                    -0.0869038275895127,
                    0.11875347335287886
                ],
                [
                    -0.8726780932367796,
                    -0.4582796176745253,
                    0.16856078312795522,
                    0.7706607469316518
                ],
                [
                    -0.1896444378446742,
                    -7.279751943059005e-06,
                    -0.9818528337493263,
                    -0.39720828054189883
                ],
                [
                    0.0,
                    0.0,
                    0.0,
                    1.0
                ]
            ],
            "size": [
                0.15068,
                0.17726,
                0.74884
            ]
        },
        "distance": 0.0
    },
    {
        "case": 2,
        "collider1": {
            "type": "Box",
            "collider2origin": [
                [
                    0.9077781725128689,
                    0.4194505805326724,
                    0.0,
                    0.4158817547107895
                ],
                [
                    -0.4194505805326724,
                    0.9077781725128689,
                    0.0,
                    0.733173894971941
                ],
                [
                    0.0,
                    0.0,
                    1.0,
                    -0.6599999999999999
                ],
                [
                    0.0,
                    0.0,
                    0.0,
                    1.0
                ]
            ],
            "size": [
                0.6,
                1.0,
                0.8
            ]
        },
        "collider2": {
            "type": "Box",
            "collider2origin": [
                [
                    0.4499643683439793,
                    -0.88880807375445,
                    -0.0869038275895127,
                    0.11875347335287886
                ],
                [
                    -0.8726780932367796,
                    -0.4582796176745253,
                    0.16856078312795522,
                    0.7706607469316518
                ],
                [
                    -0.1896444378446742,
                    -7.279751943059005e-06,
                    -0.9818528337493263,
                    -0.39720828054189883
                ],
                [
                    0.0,
                    0.0,
                    0.0,
                    1.0
                ]
            ],
            "size": [
                0.15068,
                0.17726,
                0.74884
            ]
        },
        "distance": 0.0
    },
    {
        "case": 3,
        "collider1": {
            "type": "Box",
            "collider2origin": [
                [
                    0.9077781725128689,
                    0.4194505805326724,
                    0.0,
                    0.27063700059322826
                ],
                [
                    -0.4194505805326724,
                    0.9077781725128689,
                    0.0,
                    0.8002854543438492
                ],
                [
                    0.0,
                    0.0,
                    1.0,
                    -0.25
                ],
                [
                    0.0,
                    0.0,
                    0.0,
                    1.0
                ]
            ],
            "size": [
                0.2,
                0.2,
                0.02
            ]
        },
        "collider2": {
            "type": "Box",
            "collider2origin": [
                [
                    0.4499643683439793,
                    -0.88880807375445,
                    -0.0869038275895127,
                    0.11875347335287886
                ],
                [
                    -0.8726780932367796,
                    -0.4582796176745253,
                    0.16856078312795522,
                    0.7706607469316518
                ],
                [
                    -0.1896444378446742,
                    -7.279751943059005e-06,
                    -0.9818528337493263,
                    -0.39720828054189883
                ],
                [
                    0.0,
                    0.0,
                    0.0,
                    1.0
                ]
            ],
            "size": [
                0.15068,
                0.17726,
                0.74884
            ]
        },
        "distance": 0.0
    },
    {
        "case": 4,
        "collider1": {
            "type": "Box",
            "collider2origin": [
                [
                    0.9077781725128689,
                    0.4194505805326724,
                    0.0,
                    0.4158817547107895
                ],
                [
                    -0.4194505805326724,
                    0.9077781725128689,
                    0.0,
                    0.733173894971941
                ],
                [
                    0.0,
                    0.0,
                    1.0,
                    -0.6599999999999999
                ],
                [
                    0.0,
                    0.0,
                    0.0,
                    1.0
                ]
            ],
            "size": [
                0.6,
                1.0,
                0.8
            ]
        },
        "collider2": {
            "type": "Box",
            "collider2origin": [
                [
                    0.42941393792487426,
                    -0.8888071665335224,
                    0.16007963841320907,
                    0.30698155133658206
                ],
                [
                    -0.8328260533142033,
                    -0.4582813771778508,
                    -0.3104495840761592,
                    0.43742337866997566
                ],
                [
                    0.3492913323243792,
                    -7.115050354797259e-06,
                    -0.9370141755130685,
                    -1.071084412159928
                ],
                [
                    0.0,
                    0.0,
                    0.0,
                    1.0
                ]
            ],
            "size": [
                0.09102,
                0.10007,
                0.11882
            ]
        },
        "distance": 0.0
    },
    {
        "case": 5,
        "collider1": {
            "type": "Box",
            "collider2origin": [
                [
                    0.9077781725128689,
                    0.4194505805326724,
                    0.0,
                    0.4158817547107895
                ],
                [
                    -0.4194505805326724,
                    0.9077781725128689,
                    0.0,
                    0.733173894971941
                ],
                [
                    0.0,
                    0.0,
                    1.0,
                    -0.6599999999999999
                ],
                [
                    0.0,
                    0.0,
                    0.0,
                    1.0
                ]
            ],
            "size": [
                0.6,
                1.0,
                0.8
            ]
        },
        "collider2": {
            "type": "Box",
            "collider2origin": [
                [
                    0.29227374068757883,
                    -0.8888064579487625,
                    0.3529860348697448,
                    0.3029260180839091
                ],
                [
                    -0.5668540240252985,
                    -0.4582827514454197,
                    -0.6845826722711743,
                    0.6891555881737966
                ],
                [
                    0.7702289113963562,
                    -6.015856054200645e-06,
                    -0.6377675313254767,
                    -0.8824712986503862
                ],
                [
                    0.0,
                    0.0,
                    0.0,
                    1.0
                ]
            ],
            "size": [
                0.1202,
                0.13634,
                0.67816
            ]
        },
        "distance": 0.0
    },
    {
        "case": 6,
        "collider1": {
            "type": "Box",
            "collider2origin": [
                [
                    0.907778172512869,
                    0.4194505805326725,
                    0.0,
                    0.9947946797881562
                ],
                [
                    -0.4194505805326725,
                    0.907778172512869,
                    0.0,
                    0.5317739604993647
                ],
                [
                    0.0,
                    0.0,
                    1.0,
                    -0.69
                ],
                [
                    0.0,
                    0.0,
                    0.0,
                    1.0
                ]
            ],
            "size": [
                0.6,
                1.2,
                0.75
            ]
        },
        "collider2": {
            "type": "Box",
            "collider2origin": [
                [
                    0.29227374068757883,
                    -0.8888064579487625,
                    0.3529860348697448,
                    0.3029260180839091
                ],
                [
                    -0.5668540240252985,
                    -0.4582827514454197,
                    -0.6845826722711743,
                    0.6891555881737966
                ],
                [
                    0.7702289113963562,
                    -6.015856054200645e-06,
                    -0.6377675313254767,
                    -0.8824712986503862
                ],
                [
                    0.0,
                    0.0,
                    0.0,
                    1.0
                ]
            ],
            "size": [
                0.1202,
                0.13634,
                0.67816
            ]
        },
        "distance": 0.1159246734487004
    }
]