[
    {
        "case": 0,
        "collider1": {
            "type": "Box",
            "collider2origin": [
                [
                    0.9077781725128689,
                    0.4194505805326724,
                    0.0,
                    0.4158817547107895
                ],
                [
                    -0.4194505805326724,
                    0.9077781725128689,
                    0.0,
                    0.733173894971941
                ],
                [
                    0.0,
                    0.0,
                    1.0,
                    -0.6599999999999999
                ],
                [
                    0.0,
                    0.0,
                    0.0,
                    1.0
                ]
            ],
            "size": [
                0.6,
                1.0,
                0.8
            ]
        },
        "collider2": {
            "type": "Box",
            "collider2origin": [
                [
                    0.8429978050296967,
                    -0.20226333180676037,
                    0.4984418173884911,
                    0.6839418070080931
                ],
                [
                    0.17410584831256884,
                    0.9793311720792752,
                    0.10294468892174005,
                    0.9285131677175351
                ],
                [
                    -0.5089615450095166,
                    -5.113496100642455e-07,
                    0.8607892574267315,
                    -0.4156375584027683
                ],
                [
                    0.0,
                    0.0,
                    0.0,
                    1.0
                ]
            ],
            "size": [
                0.1202,
                0.13634,
                0.67816
            ]
        },
        "distance": 0.0
    },
    {
        "case": 1,
        "collider1": {
            "type": "Box",
            "collider2origin": [
                [
                    0.907778172512869,
                    0.4194505805326725,
                    0.0,
                    0.9947946797881562
                ],
                [
                    -0.4194505805326725,
                    0.907778172512869,
                    0.0,
                    0.5317739604993647
                ],
                [
                    0.0,
                    0.0,
                    1.0,
                    -0.69
                ],
                [
                    0.0,
                    0.0,
                    0.0,
                    1.0
                ]
            ],
            "size": [
                0.6,
                1.2,
                0.75
            ]
        },
        "collider2": {
            "type": "Box",
            "collider2origin": [
                [
                    0.8429978050296967,
                    -0.20226333180676037,
                    0.4984418173884911,
                    0.6839418070080931
                ],
                [
                    0.17410584831256884,
                    0.9793311720792752,
                    0.10294468892174005,
                    0.9285131677175351
                ],
                [
                    -0.5089615450095166,
                    -5.113496100642455e-07,
                    0.8607892574267315,
                    -0.4156375584027683
                ],
                [
                    0.0,
                    0.0,
                    0.0,
                    1.0
                ]
            ],
            "size": [
                0.1202,
                0.13634,
                0.67816
            ]
        },
        "distance": 0.003683900219362029
    },
    {
        "case": 2,
        "collider1": {
            "type": "Box",
            "collider2origin": [
                [
                    0.9077781725128689,
                    0.4194505805326724,
                    0.0,
                    0.4158817547107895
                ],
                [
                    -0.4194505805326724,
                    0.9077781725128689,
                    0.0,
                    0.733173894971941
                ],
                [
                    0.0,
                    0.0,
                    1.0,
                    -0.6599999999999999
                ],
                [
                    0.0,
                    0.0,
                    0.0,
                    1.0
                ]
            ],
            "size": [
                0.6,
                1.0,
                0.8
            ]
        },
        "collider2": {
            "type": "Box",
            "collider2origin": [
                [
                    -0.8870433248126409,
                    -0.20226363822353127,
                    0.41502236151551636,
                    0.38927840051778584
                ],
                [
                    -0.1832062466980169,
                    0.9793311087694381,
                    0.08570910434282142,
                    0.996661754670304
                ],
                [
                    -0.42378014474036046,
                    -7.0002660353793575e-06,
                    -0.9057650848177109,
                    -0.3743610828789853
                ],
                [
                    0.0,
                    0.0,
                    0.0,
                    1.0
                ]
            ],
            "size": [
                0.15068,
                0.17726,
                0.74884
            ]
        },
        "distance": 0.0
    },
    {
        "case": 3,
        "collider1": {
            "type": "Box",
            "collider2origin": [
                [
                    0.9077781725128689,
                    0.4194505805326724,
                    0.0,
                    0.27063700059322826
                ],
                [
                    -0.4194505805326724,
                    0.9077781725128689,
                    0.0,
                    0.8002854543438492
                ],
                [
                    0.0,
                    0.0,
                    1.0,
                    -0.25
                ],
                [
                    0.0,
                    0.0,
                    0.0,
                    1.0
                ]
            ],
            "size": [
                0.2,
                0.2,
                0.02
            ]
        },
        "collider2": {
            "type": "Box",
            "collider2origin": [
                [
                    -0.8870433248126409,
                    -0.20226363822353127,
                    0.41502236151551636,
                    0.38927840051778584
                ],
                [
                    -0.1832062466980169,
                    0.9793311087694381,
                    0.08570910434282142,
                    0.996661754670304
                ],
                [
                    -0.42378014474036046,
                    -7.0002660353793575e-06,
                    -0.9057650848177109,
                    -0.3743610828789853
                ],
                [
                    0.0,
                    0.0,
                    0.0,
                    1.0
                ]
            ],
            "size": [
                0.15068,
                0.17726,
                0.74884
            ]
        },
        "distance": 0.0
    },
    {
        "case": 4,
        "collider1": {
            "type": "Box",
            "collider2origin": [
                [
                    0.907778172512869,
                    0.4194505805326725,
                    0.0,
                    0.9947946797881562
                ],
                [
                    -0.4194505805326725,
                    0.907778172512869,
                    0.0,
                    0.5317739604993647
                ],
                [
                    0.0,
                    0.0,
                    1.0,
                    -0.69
                ],
                [
                    0.0,
                    0.0,
                    0.0,
                    1.0
                ]
            ],
            "size": [
                0.6,
                1.2,
                0.75
            ]
        },
        "collider2": {
            "type": "Box",
            "collider2origin": [
                [
                    -0.8870433248126409,
                    -0.20226363822353127,
                    0.41502236151551636,
                    0.38927840051778584
                ],
                [
                    -0.1832062466980169,
                    0.9793311087694381,
                    0.08570910434282142,
                    0.996661754670304
                ],
                [
                    -0.42378014474036046,
                    -7.0002660353793575e-06,
                    -0.9057650848177109,
                    -0.3743610828789853
                ],
                [
                    0.0,
                    0.0,
                    0.0,
                    1.0
                ]
            ],
            "size": [
                0.15068,
                0.17726,
                0.74884
            ]
        },
        "distance": 0.20951249502313307
    },
    {
        "case": 5,
        "collider1": {
            "type": "Box",
            "collider2origin": [
                [
                    0.9077781725128689,
                    0.4194505805326724,
                    0.0,
                    0.4158817547107895
                ],
                [
                    -0.4194505805326724,
                    0.9077781725128689,
                    0.0,
                    0.733173894971941
                ],
                [
                    0.0,
                    0.0,
                    1.0,
                    -0.6599999999999999
                ],
                [
                    0.0,
                    0.0,
                    0.0,
                    1.0
                ]
            ],
            "size": [
                0.6,
                1.0,
                0.8
            ]
        },
        "collider2": {
            "type": "Box",
            "collider2origin": [
                [
                    -0.8870433248126409,
                    -0.20226363822353127,
                    0.41502236151551636,
                    0.38927840051778584
                ],
                [
                    -0.1832062466980169,
                    0.9793311087694381,
                    0.08570910434282142,
                    0.996661754670304
                ],
                [
                    -0.42378014474036046,
                    -7.0002660353793575e-06,
                    -0.9057650848177109,
                    -0.3743610828789853
                ],
                [
                    0.0,
                    0.0,
                    0.0,
                    1.0
                ]
            ],
            "size": [
                0.15068,
                0.17726,
                0.74884
            ]
        },
        "distance": 0.0
    },
    {
        "case": 6,
        "collider1": {
            "type": "Box",
            "collider2origin": [
                [
                    0.9077781725128689,
                    0.4194505805326724,
                    0.0,
                    0.27063700059322826
                ],
                [
                    -0.4194505805326724,
                    0.9077781725128689,
                    0.0,
                    0.8002854543438492
                ],
                [
                    0.0,
                    0.0,
                    1.0,
                    -0.25
                ],
                [
                    0.0,
                    0.0,
                    0.0,
                    1.0
                ]
            ],
            "size": [
                0.2,
                0.2,
                0.02
            ]
        },
        "collider2": {
            "type": "Box",
            "collider2origin": [
                [
                    -0.8870433248126409,
                    -0.20226363822353127,
                    0.41502236151551636,
                    0.38927840051778584
                ],
                [
                    -0.1832062466980169,
                    0.9793311087694381,
                    0.08570910434282142,
                    0.996661754670304
                ],
                [
                    -0.42378014474036046,
                    -7.0002660353793575e-06,
                    -0.9057650848177109,
                    -0.3743610828789853
                ],
                [
                    0.0,
                    0.0,
                    0.0,
                    1.0
                ]
            ],
            "size": [
                0.15068,
                0.17726,
                0.74884
            ]
        },
        "distance": 0.0
    },
    {
        "case": 7,
        "collider1": {
            "type": "Box",
            "collider2origin": [
                [
                    0.907778172512869,
                    0.4194505805326725,
                    0.0,
                    0.9947946797881562
                ],
                [
                    -0.4194505805326725,
                    0.907778172512869,
                    0.0,
                    0.5317739604993647
                ],
                [
                    0.0,
                    0.0,
                    1.0,
                    -0.69
                ],
                [
                    0.0,
                    0.0,
                    0.0,
                    1.0
                ]
            ],
            "size": [
                0.6,
                1.2,
                0.75
            ]
        },
        "collider2": {
            "type": "Box",
            "collider2origin": [
                [
                    -0.8870433248126409,
                    -0.20226363822353127,
                    0.41502236151551636,
                    0.38927840051778584
                ],
                [
                    -0.1832062466980169,
                    0.9793311087694381,
                    0.08570910434282142,
                    0.996661754670304
                ],
                [
                    -0.42378014474036046,
                    -7.0002660353793575e-06,
                    -0.9057650848177109,
                    -0.3743610828789853
                ],
                [
                    0.0,
                    0.0,
                    0.0,
                    1.0
                ]
            ],
            "size": [
                0.15068,
                0.17726,
                0.74884
            ]
        },
        "distance": 0.20951249502313307
    }
]