[
    {
        "case": 0,
        "collider1": {
            "type": "Box",
            "collider2origin": [
                [
                    0.907778172512869,
                    0.4194505805326725,
                    0.0,
                    -1.612083837096907
                ],
                [
                    -0.4194505805326725,
                    0.907778172512869,
                    0.0,
                    -0.24654756573714753
                ],
                [
                    0.0,
                    0.0,
                    1.0,
                    -0.040000000000000036
                ],
                [
                    0.0,
                    0.0,
                    0.0,
                    1.0
                ]
            ],
            "size": [
                2.0,
                2.0,
                2.0
            ]
        },
        "collider2": {
            "type": "Box",
            "collider2origin": [
                [
                    0.7239300187738633,
                    0.2801963057734806,
                    0.6304088817180228,
                    -0.2541539776917325
                ],
                [
                    -0.6168509036217966,
                    0.6720760113242685,
                    0.4096447213176737,
                    0.742112950351827
                ],
                [
                    -0.3089017491356224,
                    -0.6854223991330863,
                    0.6593753439033014,
                    0.9048364204768764
                ],
                [
                    0.0,
                    0.0,
                    0.0,
                    1.0
                ]
            ],
            "size": [
                0.08993,
                0.0305,
                0.09007
            ]
        },
        "distance": 0.41579220516312776
    },
    {
        "case": 1,
        "collider1": {
            "type": "Box",
            "collider2origin": [
                [
                    0.907778172512869,
                    0.4194505805326725,
                    0.0,
                    -1.612083837096907
                ],
                [
                    -0.4194505805326725,
                    0.907778172512869,
                    0.0,
                    -0.24654756573714753
                ],
                [
                    0.0,
                    0.0,
                    1.0,
                    -0.040000000000000036
                ],
                [
                    0.0,
                    0.0,
                    0.0,
                    1.0
                ]
            ],
            "size": [
                2.0,
                2.0,
                2.0
            ]
        },
        "collider2": {
            "type": "Box",
            "collider2origin": [
                [
                    -0.13959124043072155,
                    0.28019050155964187,
                    -0.9497407901268475,
                    -0.27211969846909106
                ],
                [
                    0.7349627549727812,
                    0.6720748381239479,
                    0.09025054439441835,
                    0.6912265411371235
                ],
                [
                    0.6635842330841142,
                    -0.6854259221800891,
                    -0.29974534325947794,
                    0.9565512690462739
                ],
                [
                    0.0,
                    0.0,
                    0.0,
                    1.0
                ]
            ],
            "size": [
                0.09126,
                0.11887,
                0.10009
            ]
        },
        "distance": 0.32648526172021797
    }
]