[
    {
        "case": 0,
        "collider1": {
            "type": "Box",
            "collider2origin": [
                [
                    0.9077781725128689,
                    0.4194505805326724,
                    0.0,
                    0.4158817547107895
                ],
                [
                    -0.4194505805326724,
                    0.9077781725128689,
                    0.0,
                    0.733173894971941
                ],
                [
                    0.0,
                    0.0,
                    1.0,
                    -0.6599999999999999
                ],
                [
                    0.0,
                    0.0,
                    0.0,
                    1.0
                ]
            ],
            "size": [
                0.6,
                1.0,
                0.8
            ]
        },
        "collider2": {
            "type": "Box",
            "collider2origin": [
                [
                    0.41424624938383486,
                    0.8278508328149982,
                    0.37823675585397554,
                    0.7513709215805571
                ],
                [
                    0.6113393960066005,
                    -0.5609483029359624,
                    0.5582124544683226,
                    1.1809762030293993
                ],
                [
                    0.6742879116235964,
                    -6.385751581890004e-06,
                    -0.7384685587061316,
                    -0.5299789643048479
                ],
                [
                    0.0,
                    0.0,
                    0.0,
                    1.0
                ]
            ],
            "size": [
                0.09102,
                0.10007,
                0.11882
            ]
        },
        "distance": 0.0
    },
    {
        "case": 1,
        "collider1": {
            "type": "Box",
            "collider2origin": [
                [
                    0.907778172512869,
                    0.4194505805326725,
                    0.0,
                    0.9947946797881562
                ],
                [
                    -0.4194505805326725,
                    0.907778172512869,
                    0.0,
                    0.5317739604993647
                ],
                [
                    0.0,
                    0.0,
                    1.0,
                    -0.69
                ],
                [
                    0.0,
                    0.0,
                    0.0,
                    1.0
                ]
            ],
            "size": [
                0.6,
                1.2,
                0.75
            ]
        },
        "collider2": {
            "type": "Box",
            "collider2origin": [
                [
                    0.41424624938383486,
                    0.8278508328149982,
                    0.37823675585397554,
                    0.7513709215805571
                ],
                [
                    0.6113393960066005,
                    -0.5609483029359624,
                    0.5582124544683226,
                    1.1809762030293993
                ],
                [
                    0.6742879116235964,
                    -6.385751581890004e-06,
                    -0.7384685587061316,
                    -0.5299789643048479
                ],
                [
                    0.0,
                    0.0,
                    0.0,
                    1.0
                ]
            ],
            "size": [
                0.09102,
                0.10007,
                0.11882
            ]
        },
        "distance": 0.13197665567593866
    },
    {
        "case": 2,
        "collider1": {
            "type": "Box",
            "collider2origin": [
                [
                    0.9077781725128689,
                    0.4194505805326724,
                    0.0,
                    0.4158817547107895
                ],
                [
                    -0.4194505805326724,
                    0.9077781725128689,
                    0.0,
                    0.733173894971941
                ],
                [
                    0.0,
                    0.0,
                    1.0,
                    -0.6599999999999999
                ],
                [
                    0.0,
                    0.0,
                    0.0,
                    1.0
                ]
            ],
            "size": [
                0.6,
                1.0,
                0.8
            ]
        },
        "collider2": {
            "type": "Box",
            "collider2origin": [
                [
                    -0.8743238877220812,
                    0.3041294064696893,
                    0.37823675585397554,
                    0.796722348143712
                ],
                [
                    0.4775049771832231,
                    0.6785188666807288,
                    0.5582124544683226,
                    1.2413956633381127
                ],
                [
                    -0.08687195245759563,
                    0.6686684168395378,
                    -0.7384685587061316,
                    -0.6091556780557341
                ],
                [
                    0.0,
                    0.0,
                    0.0,
                    1.0
                ]
            ],
            "size": [
                0.09126,
                0.11887,
                0.10009
            ]
        },
        "distance": 0.04056160647018925
    },
    {
        "case": 3,
        "collider1": {
            "type": "Box",
            "collider2origin": [
                [
                    0.907778172512869,
                    0.4194505805326725,
                    0.0,
                    0.9947946797881562
                ],
                [
                    -0.4194505805326725,
                    0.907778172512869,
                    0.0,
                    0.5317739604993647
                ],
                [
                    0.0,
                    0.0,
                    1.0,
                    -0.69
                ],
                [
                    0.0,
                    0.0,
                    0.0,
                    1.0
                ]
            ],
            "size": [
                0.6,
                1.2,
                0.75
            ]
        },
        "collider2": {
            "type": "Box",
            "collider2origin": [
                [
                    -0.8743238877220812,
                    0.3041294064696893,
                    0.37823675585397554,
                    0.796722348143712
                ],
                [
                    0.4775049771832231,
                    0.6785188666807288,
                    0.5582124544683226,
                    1.2413956633381127
                ],
                [
                    -0.08687195245759563,
                    0.6686684168395378,
                    -0.7384685587061316,
                    -0.6091556780557341
                ],
                [
                    0.0,
                    0.0,
                    0.0,
                    1.0
                ]
            ],
            "size": [
                0.09126,
                0.11887,
                0.10009
            ]
        },
        "distance": 0.1261294698318733
    },
    {
        "case": 4,
        "collider1": {
            "type": "Box",
            "collider2origin": [
                [
                    0.9077781725128689,
                    0.4194505805326724,
                    0.0,
                    0.4158817547107895
                ],
                [
                    -0.4194505805326724,
                    0.9077781725128689,
                    0.0,
                    0.733173894971941
                ],
                [
                    0.0,
                    0.0,
                    1.0,
                    -0.6599999999999999
                ],
                [
                    0.0,
                    0.0,
                    0.0,
                    1.0
                ]
            ],
            "size": [
                0.6,
                1.0,
                0.8
            ]
        },
        "collider2": {
            "type": "Box",
            "collider2origin": [
                [
                    0.5603144469445219,
                    0.8278493453791631,
                    -0.02670546574290767,
                    0.6657085579895775
                ],
                [
                    0.8269112856840617,
                    -0.5609504980846193,
                    -0.03939878560247423,
                    1.2537872480095327
                ],
                [
                    -0.04759670317980807,
                    -7.342247123310033e-06,
                    -0.9988666346377301,
                    -0.2363485207692546
                ],
                [
                    0.0,
                    0.0,
                    0.0,
                    1.0
                ]
            ],
            "size": [
                0.1202,
                0.13634,
                0.67816
            ]
        },
        "distance": 0.0
    },
    {
        "case": 5,
        "collider1": {
            "type": "Box",
            "collider2origin": [
                [
                    0.907778172512869,
                    0.4194505805326725,
                    0.0,
                    0.9947946797881562
                ],
                [
                    -0.4194505805326725,
                    0.907778172512869,
                    0.0,
                    0.5317739604993647
                ],
                [
                    0.0,
                    0.0,
                    1.0,
                    -0.69
                ],
                [
                    0.0,
                    0.0,
                    0.0,
                    1.0
                ]
            ],
            "size": [
                0.6,
                1.2,
                0.75
            ]
        },
        "collider2": {
            "type": "Box",
            "collider2origin": [
                [
                    0.5603144469445219,
                    0.8278493453791631,
                    -0.02670546574290767,
                    0.6657085579895775
                ],
                [
                    0.8269112856840617,
                    -0.5609504980846193,
                    -0.03939878560247423,
                    1.2537872480095327
                ],
                [
                    -0.04759670317980807,
                    -7.342247123310033e-06,
                    -0.9988666346377301,
                    -0.2363485207692546
                ],
                [
                    0.0,
                    0.0,
                    0.0,
                    1.0
                ]
            ],
            "size": [
                0.1202,
                0.13634,
                0.67816
            ]
        },
        "distance": 0.22517136010601188
    },
    {
        "case": 6,
        "collider1": {
            "type": "Box",
            "collider2origin": [
                [
                    0.9077781725128689,
                    0.4194505805326724,
                    0.0,
                    0.4158817547107895
                ],
                [
                    -0.4194505805326724,
                    0.9077781725128689,
                    0.0,
                    0.733173894971941
                ],
                [
                    0.0,
                    0.0,
                    1.0,
                    -0.6599999999999999
                ],
                [
                    0.0,
                    0.0,
                    0.0,
                    1.0
                ]
            ],
            "size": [
                0.6,
                1.0,
                0.8
            ]
        },
        "collider2": {
            "type": "Box",
            "collider2origin": [
                [
                    -0.12585546782716836,
                    0.30413148566208215,
                    0.9442798529286638,
                    0.8218071496868347
                ],
                [
                    0.7243856704655,
                    0.6785163681669594,
                    -0.12198745244396,
                    1.2940253818147198
                ],
                [
                    -0.6778095614863018,
                    0.6686700064744148,
                    -0.3057034850950397,
                    -0.5622853335216879
                ],
                [
                    0.0,
                    0.0,
                    0.0,
                    1.0
                ]
            ],
            "size": [
                0.08993,
                0.0305,
                0.09007
            ]
        },
        "distance": 0.12801106217345282
    }
]