[
    {
        "case": 0,
        "collider1": {
            "type": "Box",
            "collider2origin": [
                [
                    0.8404842512412337,
                    -0.5418359746412772,
                    0.0,
                    0.011439976095501792
                ],
                [
                    0.5418359746412771,
                    0.8404842512412338,
                    0.0,
                    1.4325762997644957
                ],
                [
                    0.0,
                    0.0,
                    1.0,
                    -0.21500000000000008
                ],
                [
                    0.0,
                    0.0,
                    0.0,
                    1.0
                ]
            ],
            "size": [
                0.2,
                0.3,
                0.22
            ]
        },
        "collider2": {
            "type": "Box",
            "collider2origin": [
                [
                    0.6499900655491815,
                    -0.4230901874240966,
                    0.6312745900104119,
                    0.4154521239620888
                ],
                [
                    0.30350675030883617,
                    0.9060875748537583,
                    0.2947693322118242,
                    1.0465412751397898
                ],
                [
                    -0.6967040743417111,
                    -1.038199649077971e-06,
                    0.7173586500451371,
                    0.11255433613539356
                ],
                [
                    0.0,
                    0.0,
                    0.0,
                    1.0
                ]
            ],
            "size": [
                0.15068,
                0.17726,
                0.74884
            ]
        },
        "distance": 0.2699306468673677
    },
    {
        "case": 1,
        "collider1": {
            "type": "Box",
            "collider2origin": [
                [
                    0.8404842512412337,
                    -0.5418359746412772,
                    0.0,
                    0.011439976095501792
                ],
                [
                    0.5418359746412771,
                    0.8404842512412338,
                    0.0,
                    1.4325762997644957
                ],
                [
                    0.0,
                    0.0,
                    1.0,
                    -0.21500000000000008
                ],
                [
                    0.0,
                    0.0,
                    0.0,
                    1.0
                ]
            ],
            "size": [
                0.2,
                0.3,
                0.22
            ]
        },
        "collider2": {
            "type": "Box",
            "collider2origin": [
                [
                    0.6499900655491815,
                    -0.4230901874240966,
                    0.6312745900104119,
                    0.4154521239620888
                ],
                [
                    0.30350675030883617,
                    0.9060875748537583,
                    0.2947693322118242,
                    1.0465412751397898
                ],
                [
                    -0.6967040743417111,
                    -1.038199649077971e-06,
                    0.7173586500451371,
                    0.11255433613539356
                ],
                [
                    0.0,
                    0.0,
                    0.0,
                    1.0
                ]
            ],
            "size": [
                0.15068,
                0.17726,
                0.74884
            ]
        },
        "distance": 0.2699306468673677
    }
]