[
    {
        "case": 0,
        "collider1": {
            "type": "Box",
            "collider2origin": [
                [
                    0.9077781725128689,
                    0.4194505805326724,
                    0.0,
                    0.4158817547107895
                ],
                [
                    -0.4194505805326724,
                    0.9077781725128689,
                    0.0,
                    0.733173894971941
                ],
                [
                    0.0,
                    0.0,
                    1.0,
                    -0.6599999999999999
                ],
                [
                    0.0,
                    0.0,
                    0.0,
                    1.0
                ]
            ],
            "size": [
                0.6,
                1.0,
                0.8
            ]
        },
        "collider2": {
            "type": "Box",
            "collider2origin": [
                [
                    0.10708073666761016,
                    -0.990612642809048,
                    0.08497239399708227,
                    0.20299322789480434
                ],
                [
                    0.7759757343664178,
                    0.13669890967465695,
                    0.6157719283697975,
                    0.44961501767872597
                ],
                [
                    -0.6216070909418754,
                    -7.958763142956958e-07,
                    0.7833291929260301,
                    -0.18093306113701724
                ],
                [
                    0.0,
                    0.0,
                    0.0,
                    1.0
                ]
            ],
            "size": [
                0.1202,
                0.13634,
                0.67816
            ]
        },
        "distance": 0.0
    },
    {
        "case": 1,
        "collider1": {
            "type": "Box",
            "collider2origin": [
                [
                    0.9077781725128689,
                    0.4194505805326724,
                    0.0,
                    0.27063700059322826
                ],
                [
                    -0.4194505805326724,
                    0.9077781725128689,
                    0.0,
                    0.8002854543438492
                ],
                [
                    0.0,
                    0.0,
                    1.0,
                    -0.25
                ],
                [
                    0.0,
                    0.0,
                    0.0,
                    1.0
                ]
            ],
            "size": [
                0.2,
                0.2,
                0.02
            ]
        },
        "collider2": {
            "type": "Box",
            "collider2origin": [
                [
                    0.10708073666761016,
                    -0.990612642809048,
                    0.08497239399708227,
                    0.20299322789480434
                ],
                [
                    0.7759757343664178,
                    0.13669890967465695,
                    0.6157719283697975,
                    0.44961501767872597
                ],
                [
                    -0.6216070909418754,
                    -7.958763142956958e-07,
                    0.7833291929260301,
                    -0.18093306113701724
                ],
                [
                    0.0,
                    0.0,
                    0.0,
                    1.0
                ]
            ],
            "size": [
                0.1202,
                0.13634,
                0.67816
            ]
        },
        "distance": 0.1591669633106968
    },
    {
        "case": 2,
        "collider1": {
            "type": "Box",
            "collider2origin": [
                [
                    0.9077781725128689,
                    0.4194505805326724,
                    0.0,
                    0.4158817547107895
                ],
                [
                    -0.4194505805326724,
                    0.9077781725128689,
                    0.0,
                    0.733173894971941
                ],
                [
                    0.0,
                    0.0,
                    1.0,
                    -0.6599999999999999
                ],
                [
                    0.0,
                    0.0,
                    0.0,
                    1.0
                ]
            ],
            "size": [
                0.6,
                1.0,
                0.8
            ]
        },
        "collider2": {
            "type": "Box",
            "collider2origin": [
                [
                    -0.06654572017660769,
                    -0.9906133935171015,
                    -0.119401724069248,
                    0.0912869693750783
                ],
                [
                    -0.48221990033713086,
                    0.13669346931988588,
                    -0.8653200928928791,
                    0.5643368056018543
                ],
                [
                    0.8735191096049498,
                    -5.461284091305331e-06,
                    -0.48678985725377444,
                    -0.24880938420725163
                ],
                [
                    0.0,
                    0.0,
                    0.0,
                    1.0
                ]
            ],
            "size": [
                0.15068,
                0.17726,
                0.74884
            ]
        },
        "distance": 0.0
    },
    {
        "case": 3,
        "collider1": {
            "type": "Box",
            "collider2origin": [
                [
                    0.9077781725128689,
                    0.4194505805326724,
                    0.0,
                    0.27063700059322826
                ],
                [
                    -0.4194505805326724,
                    0.9077781725128689,
                    0.0,
                    0.8002854543438492
                ],
                [
                    0.0,
                    0.0,
                    1.0,
                    -0.25
                ],
                [
                    0.0,
                    0.0,
                    0.0,
                    1.0
                ]
            ],
            "size": [
                0.2,
                0.2,
                0.02
            ]
        },
        "collider2": {
            "type": "Box",
            "collider2origin": [
                [
                    -0.06654572017660769,
                    -0.9906133935171015,
                    -0.119401724069248,
                    0.0912869693750783
                ],
                [
                    -0.48221990033713086,
                    0.13669346931988588,
                    -0.8653200928928791,
                    0.5643368056018543
                ],
                [
                    0.8735191096049498,
                    -5.461284091305331e-06,
                    -0.48678985725377444,
                    -0.24880938420725163
                ],
                [
                    0.0,
                    0.0,
                    0.0,
                    1.0
                ]
            ],
            "size": [
                0.15068,
                0.17726,
                0.74884
            ]
        },
        "distance": 0.00020961186890254148
    },
    {
        "case": 4,
        "collider1": {
            "type": "Box",
            "collider2origin": [
                [
                    0.9077781725128689,
                    0.4194505805326724,
                    0.0,
                    0.4158817547107895
                ],
                [
                    -0.4194505805326724,
                    0.9077781725128689,
                    0.0,
                    0.733173894971941
                ],
                [
                    0.0,
                    0.0,
                    1.0,
                    -0.6599999999999999
                ],
                [
                    0.0,
                    0.0,
                    0.0,
                    1.0
                ]
            ],
            "size": [
                0.6,
                1.0,
                0.8
            ]
        },
        "collider2": {
            "type": "Box",
            "collider2origin": [
                [
                    -0.06654572017660769,
                    -0.9906133935171015,
                    -0.119401724069248,
                    0.0912869693750783
                ],
                [
                    -0.48221990033713086,
                    0.13669346931988588,
                    -0.8653200928928791,
                    0.5643368056018543
                ],
                [
                    0.8735191096049498,
                    -5.461284091305331e-06,
                    -0.48678985725377444,
                    -0.24880938420725163
                ],
                [
                    0.0,
                    0.0,
                    0.0,
                    1.0
                ]
            ],
            "size": [
                0.15068,
                0.17726,
                0.74884
            ]
        },
        "distance": 0.0
    },
    {
        "case": 5,
        "collider1": {
            "type": "Box",
            "collider2origin": [
                [
                    0.9077781725128689,
                    0.4194505805326724,
                    0.0,
                    0.27063700059322826
                ],
                [
                    -0.4194505805326724,
                    0.9077781725128689,
                    0.0,
                    0.8002854543438492
                ],
                [
                    0.0,
                    0.0,
                    1.0,
                    -0.25
                ],
                [
                    0.0,
                    0.0,
                    0.0,
                    1.0
                ]
            ],
            "size": [
                0.2,
                0.2,
                0.02
            ]
        },
        "collider2": {
            "type": "Box",
            "collider2origin": [
                [
                    -0.06654572017660769,
                    -0.9906133935171015,
                    -0.119401724069248,
                    0.0912869693750783
                ],
                [
                    -0.48221990033713086,
                    0.13669346931988588,
                    -0.8653200928928791,
                    0.5643368056018543
                ],
                [
                    0.8735191096049498,
                    -5.461284091305331e-06,
                    -0.48678985725377444,
                    -0.24880938420725163
                ],
                [
                    0.0,
                    0.0,
                    0.0,
                    1.0
                ]
            ],
            "size": [
                0.15068,
                0.17726,
                0.74884
            ]
        },
        "distance": 0.00020961186890254148
    }
]