[
    {
        "case": 0,
        "collider1": {
            "type": "Box",
            "collider2origin": [
                [
                    0.9077781725128689,
                    0.4194505805326724,
                    0.0,
                    0.4158817547107895
                ],
                [
                    -0.4194505805326724,
                    0.9077781725128689,
                    0.0,
                    0.733173894971941
                ],
                [
                    0.0,
                    0.0,
                    1.0,
                    -0.6599999999999999
                ],
                [
                    0.0,
                    0.0,
                    0.0,
                    1.0
                ]
            ],
            "size": [
                0.6,
                1.0,
                0.8
            ]
        },
        "collider2": {
            "type": "Box",
            "collider2origin": [
                [
                    0.38436019138979394,
                    0.6284182854440531,
                    0.6762822648823178,
                    0.9782932162889146
                ],
                [
                    -0.3105131284549687,
                    0.7778756060682863,
                    -0.5463434254578382,
                    0.313997746996936
                ],
                [
                    -0.8693956753584117,
                    -1.8582136900225052e-06,
                    0.4941165446173989,
                    -0.12921246733555591
                ],
                [
                    0.0,
                    0.0,
                    0.0,
                    1.0
                ]
            ],
            "size": [
                0.1202,
                0.13634,
                0.67816
            ]
        },
        "distance": 0.05719258491750406
    },
    {
        "case": 1,
        "collider1": {
            "type": "Box",
            "collider2origin": [
                [
                    0.907778172512869,
                    0.4194505805326725,
                    0.0,
                    0.9947946797881562
                ],
                [
                    -0.4194505805326725,
                    0.907778172512869,
                    0.0,
                    0.5317739604993647
                ],
                [
                    0.0,
                    0.0,
                    1.0,
                    -0.69
                ],
                [
                    0.0,
                    0.0,
                    0.0,
                    1.0
                ]
            ],
            "size": [
                0.6,
                1.2,
                0.75
            ]
        },
        "collider2": {
            "type": "Box",
            "collider2origin": [
                [
                    0.38436019138979394,
                    0.6284182854440531,
                    0.6762822648823178,
                    0.9782932162889146
                ],
                [
                    -0.3105131284549687,
                    0.7778756060682863,
                    -0.5463434254578382,
                    0.313997746996936
                ],
                [
                    -0.8693956753584117,
                    -1.8582136900225052e-06,
                    0.4941165446173989,
                    -0.12921246733555591
                ],
                [
                    0.0,
                    0.0,
                    0.0,
                    1.0
                ]
            ],
            "size": [
                0.1202,
                0.13634,
                0.67816
            ]
        },
        "distance": 0.0
    },
    {
        "case": 2,
        "collider1": {
            "type": "Box",
            "collider2origin": [
                [
                    0.9077781725128689,
                    0.4194505805326724,
                    0.0,
                    0.4158817547107895
                ],
                [
                    -0.4194505805326724,
                    0.9077781725128689,
                    0.0,
                    0.733173894971941
                ],
                [
                    0.0,
                    0.0,
                    1.0,
                    -0.6599999999999999
                ],
                [
                    0.0,
                    0.0,
                    0.0,
                    1.0
                ]
            ],
            "size": [
                0.6,
                1.0,
                0.8
            ]
        },
        "collider2": {
            "type": "Box",
            "collider2origin": [
                [
                    -0.20987083941603338,
                    0.6284185526575126,
                    0.7490289403211645,
                    0.6343913537232959
                ],
                [
                    0.16954159953362904,
                    0.7778753901841104,
                    -0.6051161238749934,
                    0.7542381644087238
                ],
                [
                    -0.962917377966764,
                    -4.664222791909393e-06,
                    -0.26979644769317646,
                    -0.18353625089289216
                ],
                [
                    0.0,
                    0.0,
                    0.0,
                    1.0
                ]
            ],
            "size": [
                0.15068,
                0.17726,
                0.74884
            ]
        },
        "distance": 0.0
    },
    {
        "case": 3,
        "collider1": {
            "type": "Box",
            "collider2origin": [
                [
                    0.9077781725128689,
                    0.4194505805326724,
                    0.0,
                    0.27063700059322826
                ],
                [
                    -0.4194505805326724,
                    0.9077781725128689,
                    0.0,
                    0.8002854543438492
                ],
                [
                    0.0,
                    0.0,
                    1.0,
                    -0.25
                ],
                [
                    0.0,
                    0.0,
                    0.0,
                    1.0
                ]
            ],
            "size": [
                0.2,
                0.2,
                0.02
            ]
        },
        "collider2": {
            "type": "Box",
            "collider2origin": [
                [
                    -0.20987083941603338,
                    0.6284185526575126,
                    0.7490289403211645,
                    0.6343913537232959
                ],
                [
                    0.16954159953362904,
                    0.7778753901841104,
                    -0.6051161238749934,
                    0.7542381644087238
                ],
                [
                    -0.962917377966764,
                    -4.664222791909393e-06,
                    -0.26979644769317646,
                    -0.18353625089289216
                ],
                [
                    0.0,
                    0.0,
                    0.0,
                    1.0
                ]
            ],
            "size": [
                0.15068,
                0.17726,
                0.74884
            ]
        },
        "distance": 0.04233337071714312
    },
    {
        "case": 4,
        "collider1": {
            "type": "Box",
            "collider2origin": [
                [
                    0.907778172512869,
                    0.4194505805326725,
                    0.0,
                    0.9947946797881562
                ],
                [
                    -0.4194505805326725,
                    0.907778172512869,
                    0.0,
                    0.5317739604993647
                ],
                [
                    0.0,
                    0.0,
                    1.0,
                    -0.69
                ],
                [
                    0.0,
                    0.0,
                    0.0,
                    1.0
                ]
            ],
            "size": [
                0.6,
                1.2,
                0.75
            ]
        },
        "collider2": {
            "type": "Box",
            "collider2origin": [
                [
                    -0.20987083941603338,
                    0.6284185526575126,
                    0.7490289403211645,
                    0.6343913537232959
                ],
                [
                    0.16954159953362904,
                    0.7778753901841104,
                    -0.6051161238749934,
                    0.7542381644087238
                ],
                [
                    -0.962917377966764,
                    -4.664222791909393e-06,
                    -0.26979644769317646,
                    -0.18353625089289216
                ],
                [
                    0.0,
                    0.0,
                    0.0,
                    1.0
                ]
            ],
            "size": [
                0.15068,
                0.17726,
                0.74884
            ]
        },
        "distance": 0.0
    },
    {
        "case": 5,
        "collider1": {
            "type": "Box",
            "collider2origin": [
                [
                    0.9077781725128689,
                    0.4194505805326724,
                    0.0,
                    0.4158817547107895
                ],
                [
                    -0.4194505805326724,
                    0.9077781725128689,
                    0.0,
                    0.733173894971941
                ],
                [
                    0.0,
                    0.0,
                    1.0,
                    -0.6599999999999999
                ],
                [
                    0.0,
                    0.0,
                    0.0,
                    1.0
                ]
            ],
            "size": [
                0.6,
                1.0,
                0.8
            ]
        },
        "collider2": {
            "type": "Box",
            "collider2origin": [
                [
                    -0.20987083941603338,
                    0.6284185526575126,
                    0.7490289403211645,
                    0.6343913537232959
                ],
                [
                    0.16954159953362904,
                    0.7778753901841104,
                    -0.6051161238749934,
                    0.7542381644087238
                ],
                [
                    -0.962917377966764,
                    -4.664222791909393e-06,
                    -0.26979644769317646,
                    -0.18353625089289216
                ],
                [
                    0.0,
                    0.0,
                    0.0,
                    1.0
                ]
            ],
            "size": [
                0.15068,
                0.17726,
                0.74884
            ]
        },
        "distance": 0.0
    },
    {
        "case": 6,
        "collider1": {
            "type": "Box",
            "collider2origin": [
                [
                    0.9077781725128689,
                    0.4194505805326724,
                    0.0,
                    0.27063700059322826
                ],
                [
                    -0.4194505805326724,
                    0.9077781725128689,
                    0.0,
                    0.8002854543438492
                ],
                [
                    0.0,
                    0.0,
                    1.0,
                    -0.25
                ],
                [
                    0.0,
                    0.0,
                    0.0,
                    1.0
                ]
            ],
            "size": [
                0.2,
                0.2,
                0.02
            ]
        },
        "collider2": {
            "type": "Box",
            "collider2origin": [
                [
                    -0.20987083941603338,
                    0.6284185526575126,
                    0.7490289403211645,
                    0.6343913537232959
                ],
                [
                    0.16954159953362904,
                    0.7778753901841104,
                    -0.6051161238749934,
                    0.7542381644087238
                ],
                [
                    -0.962917377966764,
                    -4.664222791909393e-06,
                    -0.26979644769317646,
                    -0.18353625089289216
                ],
                [
                    0.0,
                    0.0,
                    0.0,
                    1.0
                ]
            ],
            "size": [
                0.15068,
                0.17726,
                0.74884
            ]
        },
        "distance": 0.04233337071714312
    },
    {
        "case": 7,
        "collider1": {
            "type": "Box",
            "collider2origin": [
                [
                    0.907778172512869,
                    0.4194505805326725,
                    0.0,
                    0.9947946797881562
                ],
                [
                    -0.4194505805326725,
                    0.907778172512869,
                    0.0,
                    0.5317739604993647
                ],
                [
                    0.0,
                    0.0,
                    1.0,
                    -0.69
                ],
                [
                    0.0,
                    0.0,
                    0.0,
                    1.0
                ]
            ],
            "size": [
                0.6,
                1.2,
                0.75
            ]
        },
        "collider2": {
            "type": "Box",
            "collider2origin": [
                [
                    -0.20987083941603338,
                    0.6284185526575126,
                    0.7490289403211645,
                    0.6343913537232959
                ],
                [
                    0.16954159953362904,
                    0.7778753901841104,
                    -0.6051161238749934,
                    0.7542381644087238
                ],
                [
                    -0.962917377966764,
                    -4.664222791909393e-06,
                    -0.26979644769317646,
                    -0.18353625089289216
                ],
                [
                    0.0,
                    0.0,
                    0.0,
                    1.0
                ]
            ],
            "size": [
                0.15068,
                0.17726,
                0.74884
            ]
        },
        "distance": 0.0
    }
]