[
    {
        "case": 0,
        "collider1": {
            "type": "Box",
            "collider2origin": [
                [
                    0.9081427509232697,
                    -0.4186606548811531,
                    0.0,
                    -0.09474126814702305
                ],
                [
                    0.41866065488115317,
                    0.9081427509232698,
                    0.0,
                    1.368923948110301
                ],
                [
                    0.0,
                    0.0,
                    1.0,
                    -0.21500000000000008
                ],
                [
                    0.0,
                    0.0,
                    0.0,
                    1.0
                ]
            ],
            "size": [
                0.2,
                0.3,
                0.22
            ]
        },
        "collider2": {
            "type": "Box",
            "collider2origin": [
                [
                    -0.34572257182093413,
                    -0.8841817425188687,
                    -0.31416325299088654,
                    0.0514687860501922
                ],
                [
                    0.6543653301332021,
                    -0.46714306823005014,
                    0.5946287653017469,
                    0.8967700283442219
                ],
                [
                    -0.6725190837836381,
                    -9.54740275642465e-07,
                    0.7400797807979242,
                    0.11936760188486151
                ],
                [
                    0.0,
                    0.0,
                    0.0,
                    1.0
                ]
            ],
            "size": [
                0.15068,
                0.17726,
                0.74884
            ]
        },
        "distance": 0.3237329293821766
    },
    {
        "case": 1,
        "collider1": {
            "type": "Box",
            "collider2origin": [
                [
                    0.9798474486812189,
                    -0.1997472836183421,
                    0.0,
                    -0.20628161272202655
                ],
                [
                    0.19974728361834207,
                    0.9798474486812188,
                    0.0,
                    1.335871448475788
                ],
                [
                    0.0,
                    0.0,
                    1.0,
                    -0.21500000000000008
                ],
                [
                    0.0,
                    0.0,
                    0.0,
                    1.0
                ]
            ],
            "size": [
                0.2,
                0.3,
                0.22
            ]
        },
        "collider2": {
            "type": "Box",
            "collider2origin": [
                [
                    -0.34572257182093413,
                    -0.8841817425188687,
                    -0.31416325299088654,
                    0.0514687860501922
                ],
                [
                    0.6543653301332021,
                    -0.46714306823005014,
                    0.5946287653017469,
                    0.8967700283442219
                ],
                [
                    -0.6725190837836381,
                    -9.54740275642465e-07,
                    0.7400797807979242,
                    0.11936760188486151
                ],
                [
                    0.0,
                    0.0,
                    0.0,
                    1.0
                ]
            ],
            "size": [
                0.15068,
                0.17726,
                0.74884
            ]
        },
        "distance": 0.3246543006953937
    },
    {
        "case": 2,
        "collider1": {
            "type": "Cylinder",
            "collider2origin": [
                [
                    0.907778172512869,
                    0.4194505805326725,
                    0.0,
                    -0.07232761537572224
                ],
                [
                    -0.4194505805326725,
                    0.907778172512869,
                    0.0,
                    1.2000044650142188
                ],
                [
                    0.0,
                    0.0,
                    1.0,
                    -0.5800000000000001
                ],
                [
                    0.0,
                    0.0,
                    0.0,
                    1.0
                ]
            ],
            "radius": 0.04,
            "height": 0.96
        },
        "collider2": {
            "type": "Box",
            "collider2origin": [
                [
                    -0.34572257182093413,
                    -0.8841817425188687,
                    -0.31416325299088654,
                    0.0514687860501922
                ],
                [
                    0.6543653301332021,
                    -0.46714306823005014,
                    0.5946287653017469,
                    0.8967700283442219
                ],
                [
                    -0.6725190837836381,
                    -9.54740275642465e-07,
                    0.7400797807979242,
                    0.11936760188486151
                ],
                [
                    0.0,
                    0.0,
                    0.0,
                    1.0
                ]
            ],
            "size": [
                0.15068,
                0.17726,
                0.74884
            ]
        },
        "distance": 0.28381101994194147
    },
    {
        "case": 3,
        "collider1": {
            "type": "Box",
            "collider2origin": [
                [
                    0.9081427509232697,
                    -0.4186606548811531,
                    0.0,
                    -0.09474126814702305
                ],
                [
                    0.41866065488115317,
                    0.9081427509232698,
                    0.0,
                    1.368923948110301
                ],
                [
                    0.0,
                    0.0,
                    1.0,
                    -0.21500000000000008
                ],
                [
                    0.0,
                    0.0,
                    0.0,
                    1.0
                ]
            ],
            "size": [
                0.2,
                0.3,
                0.22
            ]
        },
        "collider2": {
            "type": "Box",
            "collider2origin": [
                [
                    -0.34572257182093413,
                    -0.8841817425188687,
                    -0.31416325299088654,
                    0.0514687860501922
                ],
                [
                    0.6543653301332021,
                    -0.46714306823005014,
                    0.5946287653017469,
                    0.8967700283442219
                ],
                [
                    -0.6725190837836381,
                    -9.54740275642465e-07,
                    0.7400797807979242,
                    0.11936760188486151
                ],
                [
                    0.0,
                    0.0,
                    0.0,
                    1.0
                ]
            ],
            "size": [
                0.15068,
                0.17726,
                0.74884
            ]
        },
        "distance": 0.3237329293821766
    },
    {
        "case": 4,
        "collider1": {
            "type": "Box",
            "collider2origin": [
                [
                    0.9798474486812189,
                    -0.1997472836183421,
                    0.0,
                    -0.20628161272202655
                ],
                [
                    0.19974728361834207,
                    0.9798474486812188,
                    0.0,
                    1.335871448475788
                ],
                [
                    0.0,
                    0.0,
                    1.0,
                    -0.21500000000000008
                ],
                [
                    0.0,
                    0.0,
                    0.0,
                    1.0
                ]
            ],
            "size": [
                0.2,
                0.3,
                0.22
            ]
        },
        "collider2": {
            "type": "Box",
            "collider2origin": [
                [
                    -0.34572257182093413,
                    -0.8841817425188687,
                    -0.31416325299088654,
                    0.0514687860501922
                ],
                [
                    0.6543653301332021,
                    -0.46714306823005014,
                    0.5946287653017469,
                    0.8967700283442219
                ],
                [
                    -0.6725190837836381,
                    -9.54740275642465e-07,
                    0.7400797807979242,
                    0.11936760188486151
                ],
                [
                    0.0,
                    0.0,
                    0.0,
                    1.0
                ]
            ],
            "size": [
                0.15068,
                0.17726,
                0.74884
            ]
        },
        "distance": 0.3246543006953937
    },
    {
        "case": 5,
        "collider1": {
            "type": "Cylinder",
            "collider2origin": [
                [
                    0.907778172512869,
                    0.4194505805326725,
                    0.0,
                    -0.07232761537572224
                ],
                [
                    -0.4194505805326725,
                    0.907778172512869,
                    0.0,
                    1.2000044650142188
                ],
                [
                    0.0,
                    0.0,
                    1.0,
                    -0.5800000000000001
                ],
                [
                    0.0,
                    0.0,
                    0.0,
                    1.0
                ]
            ],
            "radius": 0.04,
            "height": 0.96
        },
        "collider2": {
            "type": "Box",
            "collider2origin": [
                [
                    -0.34572257182093413,
                    -0.8841817425188687,
                    -0.31416325299088654,
                    0.0514687860501922
                ],
                [
                    0.6543653301332021,
                    -0.46714306823005014,
                    0.5946287653017469,
                    0.8967700283442219
                ],
                [
                    -0.6725190837836381,
                    -9.54740275642465e-07,
                    0.7400797807979242,
                    0.11936760188486151
                ],
                [
                    0.0,
                    0.0,
                    0.0,
                    1.0
                ]
            ],
            "size": [
                0.15068,
                0.17726,
                0.74884
            ]
        },
        "distance": 0.28381101994194147
    }
]