[
    {
        "case": 0,
        "collider1": {
            "type": "Box",
            "collider2origin": [
                [
                    0.907778172512869,
                    0.4194505805326725,
                    0.0,
                    1.1611274528425521
                ],
                [
                    -0.4194505805326725,
                    0.907778172512869,
                    0.0,
                    2.3937174098575977
                ],
                [
                    0.0,
                    0.0,
                    1.0,
                    -0.040000000000000036
                ],
                [
                    0.0,
                    0.0,
                    0.0,
                    1.0
                ]
            ],
            "size": [
                0.62,
                1.2,
                2.0
            ]
        },
        "collider2": {
            "type": "Box",
            "collider2origin": [
                [
                    0.2959990994521049,
                    -0.7978178931344433,
                    0.5252343691325436,
                    0.7496109082707663
                ],
                [
                    0.3916940352556774,
                    0.6028985067082369,
                    0.6950461663473171,
                    1.474925515228023
                ],
                [
                    -0.8711832848882416,
                    -1.869815947692571e-06,
                    0.49095792500766966,
                    0.269496752976772
                ],
                [
                    0.0,
                    0.0,
                    0.0,
                    1.0
                ]
            ],
            "size": [
                0.1202,
                0.13634,
                0.67816
            ]
        },
        "distance": 0.07469743343924569
    },
    {
        "case": 1,
        "collider1": {
            "type": "Box",
            "collider2origin": [
                [
                    0.907778172512869,
                    0.4194505805326725,
                    0.0,
                    1.1611274528425521
                ],
                [
                    -0.4194505805326725,
                    0.907778172512869,
                    0.0,
                    2.3937174098575977
                ],
                [
                    0.0,
                    0.0,
                    1.0,
                    -0.040000000000000036
                ],
                [
                    0.0,
                    0.0,
                    0.0,
                    1.0
                ]
            ],
            "size": [
                0.62,
                1.2,
                2.0
            ]
        },
        "collider2": {
            "type": "Box",
            "collider2origin": [
                [
                    0.6023744174058936,
                    -0.7978199145108914,
                    -0.02506881059691991,
                    0.8136025006442265
                ],
                [
                    0.7971299202555017,
                    0.6028958318066512,
                    -0.033173878634005054,
                    1.7449792376813744
                ],
                [
                    0.041580662433010014,
                    -3.1767704297959482e-09,
                    0.999135150273291,
                    0.41532939717276074
                ],
                [
                    0.0,
                    0.0,
                    0.0,
                    1.0
                ]
            ],
            "size": [
                0.09102,
                0.10007,
                0.11882
            ]
        },
        "distance": 0.07719550315655636
    },
    {
        "case": 2,
        "collider1": {
            "type": "Box",
            "collider2origin": [
                [
                    0.907778172512869,
                    0.4194505805326725,
                    0.0,
                    1.1611274528425521
                ],
                [
                    -0.4194505805326725,
                    0.907778172512869,
                    0.0,
                    2.3937174098575977
                ],
                [
                    0.0,
                    0.0,
                    1.0,
                    -0.040000000000000036
                ],
                [
                    0.0,
                    0.0,
                    0.0,
                    1.0
                ]
            ],
            "size": [
                0.62,
                1.2,
                2.0
            ]
        },
        "collider2": {
            "type": "Box",
            "collider2origin": [
                [
                    -0.03407826127383254,
                    0.5499386129021114,
                    0.8345095530596722,
                    0.8507699580886847
                ],
                [
                    -0.03910327551115836,
                    -0.835088861815976,
                    0.5487235430662658,
                    1.680144520040463
                ],
                [
                    0.9986538969797546,
                    -0.013932512702270654,
                    0.0499627775143678,
                    0.5273275897484431
                ],
                [
                    0.0,
                    0.0,
                    0.0,
                    1.0
                ]
            ],
            "size": [
                0.08993,
                0.0305,
                0.09007
            ]
        },
        "distance": 0.12946711028375998
    },
    {
        "case": 3,
        "collider1": {
            "type": "Box",
            "collider2origin": [
                [
                    0.907778172512869,
                    0.4194505805326725,
                    0.0,
                    1.1611274528425521
                ],
                [
                    -0.4194505805326725,
                    0.907778172512869,
                    0.0,
                    2.3937174098575977
                ],
                [
                    0.0,
                    0.0,
                    1.0,
                    -0.040000000000000036
                ],
                [
                    0.0,
                    0.0,
                    0.0,
                    1.0
                ]
            ],
            "size": [
                0.62,
                1.2,
                2.0
            ]
        },
        "collider2": {
            "type": "Box",
            "collider2origin": [
                [
                    -0.8348308508466461,
                    0.5499354554944793,
                    -0.02506881059691991,
                    0.8089521657618273
                ],
                [
                    -0.5491106598465438,
                    -0.8350909992445551,
                    -0.033173878634005054,
                    1.7420796243299033
                ],
                [
                    -0.03917823014836443,
                    -0.013929026197467123,
                    0.999135150273291,
                    0.5245610817594175
                ],
                [
                    0.0,
                    0.0,
                    0.0,
                    1.0
                ]
            ],
            "size": [
                0.09126,
                0.11887,
                0.10009
            ]
        },
        "distance": 0.0671594756680657
    },
    {
        "case": 4,
        "collider1": {
            "type": "Box",
            "collider2origin": [
                [
                    0.718022042059392,
                    -0.6960203640101781,
                    0.0,
                    0.13748258467077087
                ],
                [
                    0.6960203640101781,
                    0.718022042059392,
                    0.0,
                    1.5384737068316263
                ],
                [
                    0.0,
                    0.0,
                    1.0,
                    -0.21500000000000008
                ],
                [
                    0.0,
                    0.0,
                    0.0,
                    1.0
                ]
            ],
            "size": [
                0.2,
                0.3,
                0.22
            ]
        },
        "collider2": {
            "type": "Box",
            "collider2origin": [
                [
                    0.23099384729104167,
                    -0.7978177768496771,
                    0.5568919441474457,
                    0.3277756809421346
                ],
                [
                    0.30567144496266035,
                    0.602898660586922,
                    0.7369383778830729,
                    1.1262592991972844
                ],
                [
                    -0.9236919455360224,
                    -2.265868015652125e-06,
                    0.3831359938021271,
                    0.012320014499641596
                ],
                [
                    0.0,
                    0.0,
                    0.0,
                    1.0
                ]
            ],
            "size": [
                0.15068,
                0.17726,
                0.74884
            ]
        },
        "distance": 0.19140982010998875
    },
    {
        "case": 5,
        "collider1": {
            "type": "Box",
            "collider2origin": [
                [
                    0.8404842512412337,
                    -0.5418359746412772,
                    0.0,
                    0.011439976095501792
                ],
                [
                    0.5418359746412771,
                    0.8404842512412338,
                    0.0,
                    1.4325762997644957
                ],
                [
                    0.0,
                    0.0,
                    1.0,
                    -0.21500000000000008
                ],
                [
                    0.0,
                    0.0,
                    0.0,
                    1.0
                ]
            ],
            "size": [
                0.2,
                0.3,
                0.22
            ]
        },
        "collider2": {
            "type": "Box",
            "collider2origin": [
                [
                    0.23099384729104167,
                    -0.7978177768496771,
                    0.5568919441474457,
                    0.3277756809421346
                ],
                [
                    0.30567144496266035,
                    0.602898660586922,
                    0.7369383778830729,
                    1.1262592991972844
                ],
                [
                    -0.9236919455360224,
                    -2.265868015652125e-06,
                    0.3831359938021271,
                    0.012320014499641596
                ],
                [
                    0.0,
                    0.0,
                    0.0,
                    1.0
                ]
            ],
            "size": [
                0.15068,
                0.17726,
                0.74884
            ]
        },
        "distance": 0.18672436474528906
    },
    {
        "case": 6,
        "collider1": {
            "type": "Box",
            "collider2origin": [
                [
                    0.9081427509232697,
                    -0.4186606548811531,
                    0.0,
                    -0.09474126814702305
                ],
                [
                    0.41866065488115317,
                    0.9081427509232698,
                    0.0,
                    1.368923948110301
                ],
                [
                    0.0,
                    0.0,
                    1.0,
                    -0.21500000000000008
                ],
                [
                    0.0,
                    0.0,
                    0.0,
                    1.0
                ]
            ],
            "size": [
                0.2,
                0.3,
                0.22
            ]
        },
        "collider2": {
            "type": "Box",
            "collider2origin": [
                [
                    0.23099384729104167,
                    -0.7978177768496771,
                    0.5568919441474457,
                    0.3277756809421346
                ],
                [
                    0.30567144496266035,
                    0.602898660586922,
                    0.7369383778830729,
                    1.1262592991972844
                ],
                [
                    -0.9236919455360224,
                    -2.265868015652125e-06,
                    0.3831359938021271,
                    0.012320014499641596
                ],
                [
                    0.0,
                    0.0,
                    0.0,
                    1.0
                ]
            ],
            "size": [
                0.15068,
                0.17726,
                0.74884
            ]
        },
        "distance": 0.21593383775023733
    },
    {
        "case": 7,
        "collider1": {
            "type": "Box",
            "collider2origin": [
                [
                    0.718022042059392,
                    -0.6960203640101781,
                    0.0,
                    0.13748258467077087
                ],
                [
                    0.6960203640101781,
                    0.718022042059392,
                    0.0,
                    1.5384737068316263
                ],
                [
                    0.0,
                    0.0,
                    1.0,
                    -0.21500000000000008
                ],
                [
                    0.0,
                    0.0,
                    0.0,
                    1.0
                ]
            ],
            "size": [
                0.2,
                0.3,
                0.22
            ]
        },
        "collider2": {
            "type": "Box",
            "collider2origin": [
                [
                    0.23099384729104167,
                    -0.7978177768496771,
                    0.5568919441474457,
                    0.3277756809421346
                ],
                [
                    0.30567144496266035,
                    0.602898660586922,
                    0.7369383778830729,
                    1.1262592991972844
                ],
                [
                    -0.9236919455360224,
                    -2.265868015652125e-06,
                    0.3831359938021271,
                    0.012320014499641596
                ],
                [
                    0.0,
                    0.0,
                    0.0,
                    1.0
                ]
            ],
            "size": [
                0.15068,
                0.17726,
                0.74884
            ]
        },
        "distance": 0.19140982010998875
    },
    {
        "case": 8,
        "collider1": {
            "type": "Box",
            "collider2origin": [
                [
                    0.8404842512412337,
                    -0.5418359746412772,
                    0.0,
                    0.011439976095501792
                ],
                [
                    0.5418359746412771,
                    0.8404842512412338,
                    0.0,
                    1.4325762997644957
                ],
                [
                    0.0,
                    0.0,
                    1.0,
                    -0.21500000000000008
                ],
                [
                    0.0,
                    0.0,
                    0.0,
                    1.0
                ]
            ],
            "size": [
                0.2,
                0.3,
                0.22
            ]
        },
        "collider2": {
            "type": "Box",
            "collider2origin": [
                [
                    0.23099384729104167,
                    -0.7978177768496771,
                    0.5568919441474457,
                    0.3277756809421346
                ],
                [
                    0.30567144496266035,
                    0.602898660586922,
                    0.7369383778830729,
                    1.1262592991972844
                ],
                [
                    -0.9236919455360224,
                    -2.265868015652125e-06,
                    0.3831359938021271,
                    0.012320014499641596
                ],
                [
                    0.0,
                    0.0,
                    0.0,
                    1.0
                ]
            ],
            "size": [
                0.15068,
                0.17726,
                0.74884
            ]
        },
        "distance": 0.18672436474528906
    },
    {
        "case": 9,
        "collider1": {
            "type": "Box",
            "collider2origin": [
                [
                    0.9081427509232697,
                    -0.4186606548811531,
                    0.0,
                    -0.09474126814702305
                ],
                [
                    0.41866065488115317,
                    0.9081427509232698,
                    0.0,
                    1.368923948110301
                ],
                [
                    0.0,
                    0.0,
                    1.0,
                    -0.21500000000000008
                ],
                [
                    0.0,
                    0.0,
                    0.0,
                    1.0
                ]
            ],
            "size": [
                0.2,
                0.3,
                0.22
            ]
        },
        "collider2": {
            "type": "Box",
            "collider2origin": [
                [
                    0.23099384729104167,
                    -0.7978177768496771,
                    0.5568919441474457,
                    0.3277756809421346
                ],
                [
                    0.30567144496266035,
                    0.602898660586922,
                    0.7369383778830729,
                    1.1262592991972844
                ],
                [
                    -0.9236919455360224,
                    -2.265868015652125e-06,
                    0.3831359938021271,
                    0.012320014499641596
                ],
                [
                    0.0,
                    0.0,
                    0.0,
                    1.0
                ]
            ],
            "size": [
                0.15068,
                0.17726,
                0.74884
            ]
        },
        "distance": 0.21593383775023733
    }
]