[
    {
        "case": 0,
        "collider1": {
            "type": "Box",
            "collider2origin": [
                [
                    0.9077781725128689,
                    0.4194505805326724,
                    0.0,
                    0.4158817547107895
                ],
                [
                    -0.4194505805326724,
                    0.9077781725128689,
                    0.0,
                    0.733173894971941
                ],
                [
                    0.0,
                    0.0,
                    1.0,
                    -0.6599999999999999
                ],
                [
                    0.0,
                    0.0,
                    0.0,
                    1.0
                ]
            ],
            "size": [
                0.6,
                1.0,
                0.8
            ]
        },
        "collider2": {
            "type": "Box",
            "collider2origin": [
                [
                    -0.865747018325679,
                    0.4927633923047353,
                    -0.08755763510126534,
                    0.7392629715294833
                ],
                [
                    -0.4902624781821041,
                    -0.8701633405311495,
                    -0.049582893041982455,
                    0.9933580998541155
                ],
                [
                    -0.10062207882437466,
                    -1.8642546638079684e-08,
                    0.9949247193898946,
                    -0.16848259268199572
                ],
                [
                    0.0,
                    0.0,
                    0.0,
                    1.0
                ]
            ],
            "size": [
                0.1202,
                0.13634,
                0.67816
            ]
        },
        "distance": 0.0
    },
    {
        "case": 1,
        "collider1": {
            "type": "Box",
            "collider2origin": [
                [
                    0.907778172512869,
                    0.4194505805326725,
                    0.0,
                    0.9947946797881562
                ],
                [
                    -0.4194505805326725,
                    0.907778172512869,
                    0.0,
                    0.5317739604993647
                ],
                [
                    0.0,
                    0.0,
                    1.0,
                    -0.69
                ],
                [
                    0.0,
                    0.0,
                    0.0,
                    1.0
                ]
            ],
            "size": [
                0.6,
                1.2,
                0.75
            ]
        },
        "collider2": {
            "type": "Box",
            "collider2origin": [
                [
                    -0.865747018325679,
                    0.4927633923047353,
                    -0.08755763510126534,
                    0.7392629715294833
                ],
                [
                    -0.4902624781821041,
                    -0.8701633405311495,
                    -0.049582893041982455,
                    0.9933580998541155
                ],
                [
                    -0.10062207882437466,
                    -1.8642546638079684e-08,
                    0.9949247193898946,
                    -0.16848259268199572
                ],
                [
                    0.0,
                    0.0,
                    0.0,
                    1.0
                ]
            ],
            "size": [
                0.1202,
                0.13634,
                0.67816
            ]
        },
        "distance": 0.015429672017573906
    },
    {
        "case": 2,
        "collider1": {
            "type": "Box",
            "collider2origin": [
                [
                    0.9077781725128689,
                    0.4194505805326724,
                    0.0,
                    0.4158817547107895
                ],
                [
                    -0.4194505805326724,
                    0.9077781725128689,
                    0.0,
                    0.733173894971941
                ],
                [
                    0.0,
                    0.0,
                    1.0,
                    -0.6599999999999999
                ],
                [
                    0.0,
                    0.0,
                    0.0,
                    1.0
                ]
            ],
            "size": [
                0.6,
                1.0,
                0.8
            ]
        },
        "collider2": {
            "type": "Box",
            "collider2origin": [
                [
                    0.49019078512304437,
                    0.49276635478600883,
                    0.7189536242146378,
                    0.6016235615383129
                ],
                [
                    0.27758609929203776,
                    -0.8701616628868074,
                    0.4071420365448614,
                    0.7702237076435225
                ],
                [
                    0.8262317784134692,
                    -5.742432906012807e-06,
                    -0.5633303190018623,
                    -0.2717645499164303
                ],
                [
                    0.0,
                    0.0,
                    0.0,
                    1.0
                ]
            ],
            "size": [
                0.15068,
                0.17726,
                0.74884
            ]
        },
        "distance": 0.0
    },
    {
        "case": 3,
        "collider1": {
            "type": "Box",
            "collider2origin": [
                [
                    0.9077781725128689,
                    0.4194505805326724,
                    0.0,
                    0.27063700059322826
                ],
                [
                    -0.4194505805326724,
                    0.9077781725128689,
                    0.0,
                    0.8002854543438492
                ],
                [
                    0.0,
                    0.0,
                    1.0,
                    -0.25
                ],
                [
                    0.0,
                    0.0,
                    0.0,
                    1.0
                ]
            ],
            "size": [
                0.2,
                0.2,
                0.02
            ]
        },
        "collider2": {
            "type": "Box",
            "collider2origin": [
                [
                    0.49019078512304437,
                    0.49276635478600883,
                    0.7189536242146378,
                    0.6016235615383129
                ],
                [
                    0.27758609929203776,
                    -0.8701616628868074,
                    0.4071420365448614,
                    0.7702237076435225
                ],
                [
                    0.8262317784134692,
                    -5.742432906012807e-06,
                    -0.5633303190018623,
                    -0.2717645499164303
                ],
                [
                    0.0,
                    0.0,
                    0.0,
                    1.0
                ]
            ],
            "size": [
                0.15068,
                0.17726,
                0.74884
            ]
        },
        "distance": 0.027284617590895722
    },
    {
        "case": 4,
        "collider1": {
            "type": "Box",
            "collider2origin": [
                [
                    0.907778172512869,
                    0.4194505805326725,
                    0.0,
                    0.9947946797881562
                ],
                [
                    -0.4194505805326725,
                    0.907778172512869,
                    0.0,
                    0.5317739604993647
                ],
                [
                    0.0,
                    0.0,
                    1.0,
                    -0.69
                ],
                [
                    0.0,
                    0.0,
                    0.0,
                    1.0
                ]
            ],
            "size": [
                0.6,
                1.2,
                0.75
            ]
        },
        "collider2": {
            "type": "Box",
            "collider2origin": [
                [
                    0.49019078512304437,
                    0.49276635478600883,
                    0.7189536242146378,
                    0.6016235615383129
                ],
                [
                    0.27758609929203776,
                    -0.8701616628868074,
                    0.4071420365448614,
                    0.7702237076435225
                ],
                [
                    0.8262317784134692,
                    -5.742432906012807e-06,
                    -0.5633303190018623,
                    -0.2717645499164303
                ],
                [
                    0.0,
                    0.0,
                    0.0,
                    1.0
                ]
            ],
            "size": [
                0.15068,
                0.17726,
                0.74884
            ]
        },
        "distance": 0.0
    },
    {
        "case": 5,
        "collider1": {
            "type": "Box",
            "collider2origin": [
                [
                    0.9077781725128689,
                    0.4194505805326724,
                    0.0,
                    0.4158817547107895
                ],
                [
                    -0.4194505805326724,
                    0.9077781725128689,
                    0.0,
                    0.733173894971941
                ],
                [
                    0.0,
                    0.0,
                    1.0,
                    -0.6599999999999999
                ],
                [
                    0.0,
                    0.0,
                    0.0,
                    1.0
                ]
            ],
            "size": [
                0.6,
                1.0,
                0.8
            ]
        },
        "collider2": {
            "type": "Box",
            "collider2origin": [
                [
                    0.49019078512304437,
                    0.49276635478600883,
                    0.7189536242146378,
                    0.6016235615383129
                ],
                [
                    0.27758609929203776,
                    -0.8701616628868074,
                    0.4071420365448614,
                    0.7702237076435225
                ],
                [
                    0.8262317784134692,
                    -5.742432906012807e-06,
                    -0.5633303190018623,
                    -0.2717645499164303
                ],
                [
                    0.0,
                    0.0,
                    0.0,
                    1.0
                ]
            ],
            "size": [
                0.15068,
                0.17726,
                0.74884
            ]
        },
        "distance": 0.0
    },
    {
        "case": 6,
        "collider1": {
            "type": "Box",
            "collider2origin": [
                [
                    0.9077781725128689,
                    0.4194505805326724,
                    0.0,
                    0.27063700059322826
                ],
                [
                    -0.4194505805326724,
                    0.9077781725128689,
                    0.0,
                    0.8002854543438492
                ],
                [
                    0.0,
                    0.0,
                    1.0,
                    -0.25
                ],
                [
                    0.0,
                    0.0,
                    0.0,
                    1.0
                ]
            ],
            "size": [
                0.2,
                0.2,
                0.02
            ]
        },
        "collider2": {
            "type": "Box",
            "collider2origin": [
                [
                    0.49019078512304437,
                    0.49276635478600883,
                    0.7189536242146378,
                    0.6016235615383129
                ],
                [
                    0.27758609929203776,
                    -0.8701616628868074,
                    0.4071420365448614,
                    0.7702237076435225
                ],
                [
                    0.8262317784134692,
                    -5.742432906012807e-06,
                    -0.5633303190018623,
                    -0.2717645499164303
                ],
                [
                    0.0,
                    0.0,
                    0.0,
                    1.0
                ]
            ],
            "size": [
                0.15068,
                0.17726,
                0.74884
            ]
        },
        "distance": 0.027284617590895722
    },
    {
        "case": 7,
        "collider1": {
            "type": "Box",
            "collider2origin": [
                [
                    0.907778172512869,
                    0.4194505805326725,
                    0.0,
                    0.9947946797881562
                ],
                [
                    -0.4194505805326725,
                    0.907778172512869,
                    0.0,
                    0.5317739604993647
                ],
                [
                    0.0,
                    0.0,
                    1.0,
                    -0.69
                ],
                [
                    0.0,
                    0.0,
                    0.0,
                    1.0
                ]
            ],
            "size": [
                0.6,
                1.2,
                0.75
            ]
        },
        "collider2": {
            "type": "Box",
            "collider2origin": [
                [
                    0.49019078512304437,
                    0.49276635478600883,
                    0.7189536242146378,
                    0.6016235615383129
                ],
                [
                    0.27758609929203776,
                    -0.8701616628868074,
                    0.4071420365448614,
                    0.7702237076435225
                ],
                [
                    0.8262317784134692,
                    -5.742432906012807e-06,
                    -0.5633303190018623,
                    -0.2717645499164303
                ],
                [
                    0.0,
                    0.0,
                    0.0,
                    1.0
                ]
            ],
            "size": [
                0.15068,
                0.17726,
                0.74884
            ]
        },
        "distance": 0.0
    }
]