[
    {
        "case": 0,
        "collider1": {
            "type": "Box",
            "collider2origin": [
                [
                    0.9077781725128689,
                    0.4194505805326724,
                    0.0,
                    0.4158817547107895
                ],
                [
                    -0.4194505805326724,
                    0.9077781725128689,
                    0.0,
                    0.733173894971941
                ],
                [
                    0.0,
                    0.0,
                    1.0,
                    -0.6599999999999999
                ],
                [
                    0.0,
                    0.0,
                    0.0,
                    1.0
                ]
            ],
            "size": [
                0.6,
                1.0,
                0.8
            ]
        },
        "collider2": {
            "type": "Box",
            "collider2origin": [
                [
                    0.16981934569168478,
                    -0.10454202002349114,
                    0.9799144635519246,
                    0.5756806395602545
                ],
                [
                    -0.017855333532853627,
                    -0.9945204703931007,
                    -0.10300592717662532,
                    0.5955184451711742
                ],
                [
                    0.9853134409380999,
                    -4.300424887109179e-06,
                    -0.17075544819486058,
                    -0.1540195986581634
                ],
                [
                    0.0,
                    0.0,
                    0.0,
                    1.0
                ]
            ],
            "size": [
                0.15068,
                0.17726,
                0.74884
            ]
        },
        "distance": 0.006389246353317562
    },
    {
        "case": 1,
        "collider1": {
            "type": "Box",
            "collider2origin": [
                [
                    0.9077781725128689,
                    0.4194505805326724,
                    0.0,
                    0.27063700059322826
                ],
                [
                    -0.4194505805326724,
                    0.9077781725128689,
                    0.0,
                    0.8002854543438492
                ],
                [
                    0.0,
                    0.0,
                    1.0,
                    -0.25
                ],
                [
                    0.0,
                    0.0,
                    0.0,
                    1.0
                ]
            ],
            "size": [
                0.2,
                0.2,
                0.02
            ]
        },
        "collider2": {
            "type": "Box",
            "collider2origin": [
                [
                    0.16981934569168478,
                    -0.10454202002349114,
                    0.9799144635519246,
                    0.5756806395602545
                ],
                [
                    -0.017855333532853627,
                    -0.9945204703931007,
                    -0.10300592717662532,
                    0.5955184451711742
                ],
                [
                    0.9853134409380999,
                    -4.300424887109179e-06,
                    -0.17075544819486058,
                    -0.1540195986581634
                ],
                [
                    0.0,
                    0.0,
                    0.0,
                    1.0
                ]
            ],
            "size": [
                0.15068,
                0.17726,
                0.74884
            ]
        },
        "distance": 0.051542803290999174
    },
    {
        "case": 2,
        "collider1": {
            "type": "Box",
            "collider2origin": [
                [
                    0.9077781725128689,
                    0.4194505805326724,
                    0.0,
                    0.4158817547107895
                ],
                [
                    -0.4194505805326724,
                    0.9077781725128689,
                    0.0,
                    0.733173894971941
                ],
                [
                    0.0,
                    0.0,
                    1.0,
                    -0.6599999999999999
                ],
                [
                    0.0,
                    0.0,
                    0.0,
                    1.0
                ]
            ],
            "size": [
                0.6,
                1.0,
                0.8
            ]
        },
        "collider2": {
            "type": "Box",
            "collider2origin": [
                [
                    0.16981934569168478,
                    -0.10454202002349114,
                    0.9799144635519246,
                    0.5756806395602545
                ],
                [
                    -0.017855333532853627,
                    -0.9945204703931007,
                    -0.10300592717662532,
                    0.5955184451711742
                ],
                [
                    0.9853134409380999,
                    -4.300424887109179e-06,
                    -0.17075544819486058,
                    -0.1540195986581634
                ],
                [
                    0.0,
                    0.0,
                    0.0,
                    1.0
                ]
            ],
            "size": [
                0.15068,
                0.17726,
                0.74884
            ]
        },
        "distance": 0.006389246353317562
    },
    {
        "case": 3,
        "collider1": {
            "type": "Box",
            "collider2origin": [
                [
                    0.9077781725128689,
                    0.4194505805326724,
                    0.0,
                    0.27063700059322826
                ],
                [
                    -0.4194505805326724,
                    0.9077781725128689,
                    0.0,
                    0.8002854543438492
                ],
                [
                    0.0,
                    0.0,
                    1.0,
                    -0.25
                ],
                [
                    0.0,
                    0.0,
                    0.0,
                    1.0
                ]
            ],
            "size": [
                0.2,
                0.2,
                0.02
            ]
        },
        "collider2": {
            "type": "Box",
            "collider2origin": [
                [
                    0.16981934569168478,
                    -0.10454202002349114,
                    0.9799144635519246,
                    0.5756806395602545
                ],
                [
                    -0.017855333532853627,
                    -0.9945204703931007,
                    -0.10300592717662532,
                    0.5955184451711742
                ],
                [
                    0.9853134409380999,
                    -4.300424887109179e-06,
                    -0.17075544819486058,
                    -0.1540195986581634
                ],
                [
                    0.0,
                    0.0,
                    0.0,
                    1.0
                ]
            ],
            "size": [
                0.15068,
                0.17726,
                0.74884
            ]
        },
        "distance": 0.051542803290999174
    },
    {
        "case": 4,
        "collider1": {
            "type": "Box",
            "collider2origin": [
                [
                    0.9077781725128689,
                    0.4194505805326724,
                    0.0,
                    0.4158817547107895
                ],
                [
                    -0.4194505805326724,
                    0.9077781725128689,
                    0.0,
                    0.733173894971941
                ],
                [
                    0.0,
                    0.0,
                    1.0,
                    -0.6599999999999999
                ],
                [
                    0.0,
                    0.0,
                    0.0,
                    1.0
                ]
            ],
            "size": [
                0.6,
                1.0,
                0.8
            ]
        },
        "collider2": {
            "type": "Box",
            "collider2origin": [
                [
                    -0.5559444119248779,
                    -0.10454864844255941,
                    -0.8246183304767942,
                    0.6634922015276759
                ],
                [
                    0.05844487112256281,
                    -0.9945197736124759,
                    0.08668689020409504,
                    0.7133233102445294
                ],
                [
                    -0.829162232551006,
                    -1.6198539070976126e-06,
                    0.5590080429729141,
                    -0.05040284367951764
                ],
                [
                    0.0,
                    0.0,
                    0.0,
                    1.0
                ]
            ],
            "size": [
                0.1202,
                0.13634,
                0.67816
            ]
        },
        "distance": 0.06013511536693586
    },
    {
        "case": 5,
        "collider1": {
            "type": "Box",
            "collider2origin": [
                [
                    0.9077781725128689,
                    0.4194505805326724,
                    0.0,
                    0.27063700059322826
                ],
                [
                    -0.4194505805326724,
                    0.9077781725128689,
                    0.0,
                    0.8002854543438492
                ],
                [
                    0.0,
                    0.0,
                    1.0,
                    -0.25
                ],
                [
                    0.0,
                    0.0,
                    0.0,
                    1.0
                ]
            ],
            "size": [
                0.2,
                0.2,
                0.02
            ]
        },
        "collider2": {
            "type": "Box",
            "collider2origin": [
                [
                    -0.5559444119248779,
                    -0.10454864844255941,
                    -0.8246183304767942,
                    0.6634922015276759
                ],
                [
                    0.05844487112256281,
                    -0.9945197736124759,
                    0.08668689020409504,
                    0.7133233102445294
                ],
                [
                    -0.829162232551006,
                    -1.6198539070976126e-06,
                    0.5590080429729141,
                    -0.05040284367951764
                ],
                [
                    0.0,
                    0.0,
                    0.0,
                    1.0
                ]
            ],
            "size": [
                0.1202,
                0.13634,
                0.67816
            ]
        },
        "distance": 0.25279664333056046
    }
]