[
    {
        "case": 0,
        "collider1": {
            "type": "Box",
            "collider2origin": [
                [
                    0.9077781725128689,
                    0.4194505805326724,
                    0.0,
                    0.4158817547107895
                ],
                [
                    -0.4194505805326724,
                    0.9077781725128689,
                    0.0,
                    0.733173894971941
                ],
                [
                    0.0,
                    0.0,
                    1.0,
                    -0.6599999999999999
                ],
                [
                    0.0,
                    0.0,
                    0.0,
                    1.0
                ]
            ],
            "size": [
                0.6,
                1.0,
                0.8
            ]
        },
        "collider2": {
            "type": "Box",
            "collider2origin": [
                [
                    -0.5736919958769433,
                    0.43683798618348,
                    0.6928564553310383,
                    0.03223884667580096
                ],
                [
                    -0.27859953412741384,
                    -0.8995402013392126,
                    0.33646652992325526,
                    0.6163874018373331
                ],
                [
                    0.7702335966774738,
                    -1.330574937034329e-06,
                    0.6377618729177155,
                    -0.21733967802977472
                ],
                [
                    0.0,
                    0.0,
                    0.0,
                    1.0
                ]
            ],
            "size": [
                0.1202,
                0.13634,
                0.67816
            ]
        },
        "distance": 0.0
    },
    {
        "case": 1,
        "collider1": {
            "type": "Box",
            "collider2origin": [
                [
                    0.9077781725128689,
                    0.4194505805326724,
                    0.0,
                    0.27063700059322826
                ],
                [
                    -0.4194505805326724,
                    0.9077781725128689,
                    0.0,
                    0.8002854543438492
                ],
                [
                    0.0,
                    0.0,
                    1.0,
                    -0.25
                ],
                [
                    0.0,
                    0.0,
                    0.0,
                    1.0
                ]
            ],
            "size": [
                0.2,
                0.2,
                0.02
            ]
        },
        "collider2": {
            "type": "Box",
            "collider2origin": [
                [
                    -0.5736919958769433,
                    0.43683798618348,
                    0.6928564553310383,
                    0.03223884667580096
                ],
                [
                    -0.27859953412741384,
                    -0.8995402013392126,
                    0.33646652992325526,
                    0.6163874018373331
                ],
                [
                    0.7702335966774738,
                    -1.330574937034329e-06,
                    0.6377618729177155,
                    -0.21733967802977472
                ],
                [
                    0.0,
                    0.0,
                    0.0,
                    1.0
                ]
            ],
            "size": [
                0.1202,
                0.13634,
                0.67816
            ]
        },
        "distance": 0.05606745846263802
    },
    {
        "case": 2,
        "collider1": {
            "type": "Box",
            "collider2origin": [
                [
                    0.907778172512869,
                    0.4194505805326725,
                    0.0,
                    -0.7418785952877999
                ],
                [
                    -0.4194505805326725,
                    0.907778172512869,
                    0.0,
                    1.2791466490804724
                ],
                [
                    0.0,
                    0.0,
                    1.0,
                    0.27
                ],
                [
                    0.0,
                    0.0,
                    0.0,
                    1.0
                ]
            ],
            "size": [
                0.52,
                1.16,
                0.6
            ]
        },
        "collider2": {
            "type": "Box",
            "collider2origin": [
                [
                    -0.5736919958769433,
                    0.43683798618348,
                    0.6928564553310383,
                    0.03223884667580096
                ],
                [
                    -0.27859953412741384,
                    -0.8995402013392126,
                    0.33646652992325526,
                    0.6163874018373331
                ],
                [
                    0.7702335966774738,
                    -1.330574937034329e-06,
                    0.6377618729177155,
                    -0.21733967802977472
                ],
                [
                    0.0,
                    0.0,
                    0.0,
                    1.0
                ]
            ],
            "size": [
                0.1202,
                0.13634,
                0.67816
            ]
        },
        "distance": 0.5970042276442739
    },
    {
        "case": 3,
        "collider1": {
            "type": "Box",
            "collider2origin": [
                [
                    0.9077781725128689,
                    0.4194505805326724,
                    0.0,
                    0.4158817547107895
                ],
                [
                    -0.4194505805326724,
                    0.9077781725128689,
                    0.0,
                    0.733173894971941
                ],
                [
                    0.0,
                    0.0,
                    1.0,
                    -0.6599999999999999
                ],
                [
                    0.0,
                    0.0,
                    0.0,
                    1.0
                ]
            ],
            "size": [
                0.6,
                1.0,
                0.8
            ]
        },
        "collider2": {
            "type": "Box",
            "collider2origin": [
                [
                    0.43125883017922495,
                    0.4368325414565992,
                    -0.7894258369961138,
                    0.1393990199170932
                ],
                [
                    0.20943155822497744,
                    -0.8995428453915009,
                    -0.38335504656182634,
                    0.527977320531201
                ],
                [
                    -0.877584322906867,
                    -5.434221597647356e-06,
                    -0.47942231504026267,
                    -0.24642616167916287
                ],
                [
                    0.0,
                    0.0,
                    0.0,
                    1.0
                ]
            ],
            "size": [
                0.15068,
                0.17726,
                0.74884
            ]
        },
        "distance": 0.0
    },
    {
        "case": 4,
        "collider1": {
            "type": "Box",
            "collider2origin": [
                [
                    0.9077781725128689,
                    0.4194505805326724,
                    0.0,
                    0.27063700059322826
                ],
                [
                    -0.4194505805326724,
                    0.9077781725128689,
                    0.0,
                    0.8002854543438492
                ],
                [
                    0.0,
                    0.0,
                    1.0,
                    -0.25
                ],
                [
                    0.0,
                    0.0,
                    0.0,
                    1.0
                ]
            ],
            "size": [
                0.2,
                0.2,
                0.02
            ]
        },
        "collider2": {
            "type": "Box",
            "collider2origin": [
                [
                    0.43125883017922495,
                    0.4368325414565992,
                    -0.7894258369961138,
                    0.1393990199170932
                ],
                [
                    0.20943155822497744,
                    -0.8995428453915009,
                    -0.38335504656182634,
                    0.527977320531201
                ],
                [
                    -0.877584322906867,
                    -5.434221597647356e-06,
                    -0.47942231504026267,
                    -0.24642616167916287
                ],
                [
                    0.0,
                    0.0,
                    0.0,
                    1.0
                ]
            ],
            "size": [
                0.15068,
                0.17726,
                0.74884
            ]
        },
        "distance": 0.008879292455668906
    },
    {
        "case": 5,
        "collider1": {
            "type": "Box",
            "collider2origin": [
                [
                    0.907778172512869,
                    0.4194505805326725,
                    0.0,
                    0.9947946797881562
                ],
                [
                    -0.4194505805326725,
                    0.907778172512869,
                    0.0,
                    0.5317739604993647
                ],
                [
                    0.0,
                    0.0,
                    1.0,
                    -0.69
                ],
                [
                    0.0,
                    0.0,
                    0.0,
                    1.0
                ]
            ],
            "size": [
                0.6,
                1.2,
                0.75
            ]
        },
        "collider2": {
            "type": "Box",
            "collider2origin": [
                [
                    0.43125883017922495,
                    0.4368325414565992,
                    -0.7894258369961138,
                    0.1393990199170932
                ],
                [
                    0.20943155822497744,
                    -0.8995428453915009,
                    -0.38335504656182634,
                    0.527977320531201
                ],
                [
                    -0.877584322906867,
                    -5.434221597647356e-06,
                    -0.47942231504026267,
                    -0.24642616167916287
                ],
                [
                    0.0,
                    0.0,
                    0.0,
                    1.0
                ]
            ],
            "size": [
                0.15068,
                0.17726,
                0.74884
            ]
        },
        "distance": 0.2526946226575214
    },
    {
        "case": 6,
        "collider1": {
            "type": "Box",
            "collider2origin": [
                [
                    0.9077781725128689,
                    0.4194505805326724,
                    0.0,
                    0.4158817547107895
                ],
                [
                    -0.4194505805326724,
                    0.9077781725128689,
                    0.0,
                    0.733173894971941
                ],
                [
                    0.0,
                    0.0,
                    1.0,
                    -0.6599999999999999
                ],
                [
                    0.0,
                    0.0,
                    0.0,
                    1.0
                ]
            ],
            "size": [
                0.6,
                1.0,
                0.8
            ]
        },
        "collider2": {
            "type": "Box",
            "collider2origin": [
                [
                    0.43125883017922495,
                    0.4368325414565992,
                    -0.7894258369961138,
                    0.1393990199170932
                ],
                [
                    0.20943155822497744,
                    -0.8995428453915009,
                    -0.38335504656182634,
                    0.527977320531201
                ],
                [
                    -0.877584322906867,
                    -5.434221597647356e-06,
                    -0.47942231504026267,
                    -0.24642616167916287
                ],
                [
                    0.0,
                    0.0,
                    0.0,
                    1.0
                ]
            ],
            "size": [
                0.15068,
                0.17726,
                0.74884
            ]
        },
        "distance": 0.0
    },
    {
        "case": 7,
        "collider1": {
            "type": "Box",
            "collider2origin": [
                [
                    0.9077781725128689,
                    0.4194505805326724,
                    0.0,
                    0.27063700059322826
                ],
                [
                    -0.4194505805326724,
                    0.9077781725128689,
                    0.0,
                    0.8002854543438492
                ],
                [
                    0.0,
                    0.0,
                    1.0,
                    -0.25
                ],
                [
                    0.0,
                    0.0,
                    0.0,
                    1.0
                ]
            ],
            "size": [
                0.2,
                0.2,
                0.02
            ]
        },
        "collider2": {
            "type": "Box",
            "collider2origin": [
                [
                    0.43125883017922495,
                    0.4368325414565992,
                    -0.7894258369961138,
                    0.1393990199170932
                ],
                [
                    0.20943155822497744,
                    -0.8995428453915009,
                    -0.38335504656182634,
                    0.527977320531201
                ],
                [
                    -0.877584322906867,
                    -5.434221597647356e-06,
                    -0.47942231504026267,
                    -0.24642616167916287
                ],
                [
                    0.0,
                    0.0,
                    0.0,
                    1.0
                ]
            ],
            "size": [
                0.15068,
                0.17726,
                0.74884
            ]
        },
        "distance": 0.008879292455668906
    },
    {
        "case": 8,
        "collider1": {
            "type": "Box",
            "collider2origin": [
                [
                    0.907778172512869,
                    0.4194505805326725,
                    0.0,
                    0.9947946797881562
                ],
                [
                    -0.4194505805326725,
                    0.907778172512869,
                    0.0,
                    0.5317739604993647
                ],
                [
                    0.0,
                    0.0,
                    1.0,
                    -0.69
                ],
                [
                    0.0,
                    0.0,
                    0.0,
                    1.0
                ]
            ],
            "size": [
                0.6,
                1.2,
                0.75
            ]
        },
        "collider2": {
            "type": "Box",
            "collider2origin": [
                [
                    0.43125883017922495,
                    0.4368325414565992,
                    -0.7894258369961138,
                    0.1393990199170932
                ],
                [
                    0.20943155822497744,
                    -0.8995428453915009,
                    -0.38335504656182634,
                    0.527977320531201
                ],
                [
                    -0.877584322906867,
                    -5.434221597647356e-06,
                    -0.47942231504026267,
                    -0.24642616167916287
                ],
                [
                    0.0,
                    0.0,
                    0.0,
                    1.0
                ]
            ],
            "size": [
                0.15068,
                0.17726,
                0.74884
            ]
        },
        "distance": 0.2526946226575214
    }
]