[
    {
        "case": 0,
        "collider1": {
            "type": "Box",
            "collider2origin": [
                [
                    0.9077781725128689,
                    0.4194505805326724,
                    0.0,
                    0.4158817547107895
                ],
                [
                    -0.4194505805326724,
                    0.9077781725128689,
                    0.0,
                    0.733173894971941
                ],
                [
                    0.0,
                    0.0,
                    1.0,
                    -0.6599999999999999
                ],
                [
                    0.0,
                    0.0,
                    0.0,
                    1.0
                ]
            ],
            "size": [
                0.6,
                1.0,
                0.8
            ]
        },
        "collider2": {
            "type": "Box",
            "collider2origin": [
                [
                    0.8196132255398273,
                    0.11290516424651151,
                    0.5616819245860315,
                    0.548209068181102
                ],
                [
                    -0.09313445267866981,
                    0.9936057688470081,
                    -0.06382436711938555,
                    0.8203048797853633
                ],
                [
                    -0.565296501178315,
                    -6.432230641826087e-07,
                    0.8248877897963706,
                    -0.47731489184216225
                ],
                [
                    0.0,
                    0.0,
                    0.0,
                    1.0
                ]
            ],
            "size": [
                0.1202,
                0.13634,
                0.67816
            ]
        },
        "distance": 0.0
    },
    {
        "case": 1,
        "collider1": {
            "type": "Box",
            "collider2origin": [
                [
                    0.9077781725128689,
                    0.4194505805326724,
                    0.0,
                    0.27063700059322826
                ],
                [
                    -0.4194505805326724,
                    0.9077781725128689,
                    0.0,
                    0.8002854543438492
                ],
                [
                    0.0,
                    0.0,
                    1.0,
                    -0.25
                ],
                [
                    0.0,
                    0.0,
                    0.0,
                    1.0
                ]
            ],
            "size": [
                0.2,
                0.2,
                0.02
            ]
        },
        "collider2": {
            "type": "Box",
            "collider2origin": [
                [
                    0.8196132255398273,
                    0.11290516424651151,
                    0.5616819245860315,
                    0.548209068181102
                ],
                [
                    -0.09313445267866981,
                    0.9936057688470081,
                    -0.06382436711938555,
                    0.8203048797853633
                ],
                [
                    -0.565296501178315,
                    -6.432230641826087e-07,
                    0.8248877897963706,
                    -0.47731489184216225
                ],
                [
                    0.0,
                    0.0,
                    0.0,
                    1.0
                ]
            ],
            "size": [
                0.1202,
                0.13634,
                0.67816
            ]
        },
        "distance": 0.18415117578574855
    },
    {
        "case": 2,
        "collider1": {
            "type": "Box",
            "collider2origin": [
                [
                    0.907778172512869,
                    0.4194505805326725,
                    0.0,
                    0.9947946797881562
                ],
                [
                    -0.4194505805326725,
                    0.907778172512869,
                    0.0,
                    0.5317739604993647
                ],
                [
                    0.0,
                    0.0,
                    1.0,
                    -0.69
                ],
                [
                    0.0,
                    0.0,
                    0.0,
                    1.0
                ]
            ],
            "size": [
                0.6,
                1.2,
                0.75
            ]
        },
        "collider2": {
            "type": "Box",
            "collider2origin": [
                [
                    0.8196132255398273,
                    0.11290516424651151,
                    0.5616819245860315,
                    0.548209068181102
                ],
                [
                    -0.09313445267866981,
                    0.9936057688470081,
                    -0.06382436711938555,
                    0.8203048797853633
                ],
                [
                    -0.565296501178315,
                    -6.432230641826087e-07,
                    0.8248877897963706,
                    -0.47731489184216225
                ],
                [
                    0.0,
                    0.0,
                    0.0,
                    1.0
                ]
            ],
            "size": [
                0.1202,
                0.13634,
                0.67816
            ]
        },
        "distance": 0.025344251449537447
    },
    {
        "case": 3,
        "collider1": {
            "type": "Box",
            "collider2origin": [
                [
                    0.9077781725128689,
                    0.4194505805326724,
                    0.0,
                    0.4158817547107895
                ],
                [
                    -0.4194505805326724,
                    0.9077781725128689,
                    0.0,
                    0.733173894971941
                ],
                [
                    0.0,
                    0.0,
                    1.0,
                    -0.6599999999999999
                ],
                [
                    0.0,
                    0.0,
                    0.0,
                    1.0
                ]
            ],
            "size": [
                0.6,
                1.0,
                0.8
            ]
        },
        "collider2": {
            "type": "Box",
            "collider2origin": [
                [
                    0.7052544372204184,
                    0.1129005301720542,
                    -0.6999068859982592,
                    0.7228922533824493
                ],
                [
                    -0.08013520983113782,
                    0.9936062954136978,
                    0.0795291007090283,
                    0.9129357787028364
                ],
                [
                    0.7044107657654237,
                    -1.0659914629926296e-06,
                    0.7097925563660362,
                    -0.23486500417993073
                ],
                [
                    0.0,
                    0.0,
                    0.0,
                    1.0
                ]
            ],
            "size": [
                0.09102,
                0.10007,
                0.11882
            ]
        },
        "distance": 0.0
    },
    {
        "case": 4,
        "collider1": {
            "type": "Box",
            "collider2origin": [
                [
                    0.9077781725128689,
                    0.4194505805326724,
                    0.0,
                    0.4158817547107895
                ],
                [
                    -0.4194505805326724,
                    0.9077781725128689,
                    0.0,
                    0.733173894971941
                ],
                [
                    0.0,
                    0.0,
                    1.0,
                    -0.6599999999999999
                ],
                [
                    0.0,
                    0.0,
                    0.0,
                    1.0
                ]
            ],
            "size": [
                0.6,
                1.0,
                0.8
            ]
        },
        "collider2": {
            "type": "Box",
            "collider2origin": [
                [
                    -0.9837733810546454,
                    0.11290361325471956,
                    0.13943711429293193,
                    0.36163047625544653
                ],
                [
                    0.11178530486647784,
                    0.9936059450610146,
                    -0.015851547410800335,
                    0.9686590425763058
                ],
                [
                    -0.14033524270196715,
                    -7.310060333734787e-06,
                    -0.9901040448368761,
                    -0.3996882729229737
                ],
                [
                    0.0,
                    0.0,
                    0.0,
                    1.0
                ]
            ],
            "size": [
                0.15068,
                0.17726,
                0.74884
            ]
        },
        "distance": 0.0
    },
    {
        "case": 5,
        "collider1": {
            "type": "Box",
            "collider2origin": [
                [
                    0.9077781725128689,
                    0.4194505805326724,
                    0.0,
                    0.27063700059322826
                ],
                [
                    -0.4194505805326724,
                    0.9077781725128689,
                    0.0,
                    0.8002854543438492
                ],
                [
                    0.0,
                    0.0,
                    1.0,
                    -0.25
                ],
                [
                    0.0,
                    0.0,
                    0.0,
                    1.0
                ]
            ],
            "size": [
                0.2,
                0.2,
                0.02
            ]
        },
        "collider2": {
            "type": "Box",
            "collider2origin": [
                [
                    -0.9837733810546454,
                    0.11290361325471956,
                    0.13943711429293193,
                    0.36163047625544653
                ],
                [
                    0.11178530486647784,
                    0.9936059450610146,
                    -0.015851547410800335,
                    0.9686590425763058
                ],
                [
                    -0.14033524270196715,
                    -7.310060333734787e-06,
                    -0.9901040448368761,
                    -0.3996882729229737
                ],
                [
                    0.0,
                    0.0,
                    0.0,
                    1.0
                ]
            ],
            "size": [
                0.15068,
                0.17726,
                0.74884
            ]
        },
        "distance": 0.0
    },
    {
        "case": 6,
        "collider1": {
            "type": "Box",
            "collider2origin": [
                [
                    0.907778172512869,
                    0.4194505805326725,
                    0.0,
                    0.9947946797881562
                ],
                [
                    -0.4194505805326725,
                    0.907778172512869,
                    0.0,
                    0.5317739604993647
                ],
                [
                    0.0,
                    0.0,
                    1.0,
                    -0.69
                ],
                [
                    0.0,
                    0.0,
                    0.0,
                    1.0
                ]
            ],
            "size": [
                0.6,
                1.2,
                0.75
            ]
        },
        "collider2": {
            "type": "Box",
            "collider2origin": [
                [
                    -0.9837733810546454,
                    0.11290361325471956,
                    0.13943711429293193,
                    0.36163047625544653
                ],
                [
                    0.11178530486647784,
                    0.9936059450610146,
                    -0.015851547410800335,
                    0.9686590425763058
                ],
                [
                    -0.14033524270196715,
                    -7.310060333734787e-06,
                    -0.9901040448368761,
                    -0.3996882729229737
                ],
                [
                    0.0,
                    0.0,
                    0.0,
                    1.0
                ]
            ],
            "size": [
                0.15068,
                0.17726,
                0.74884
            ]
        },
        "distance": 0.30947233182486256
    },
    {
        "case": 7,
        "collider1": {
            "type": "Box",
            "collider2origin": [
                [
                    0.9077781725128689,
                    0.4194505805326724,
                    0.0,
                    0.4158817547107895
                ],
                [
                    -0.4194505805326724,
                    0.9077781725128689,
                    0.0,
                    0.733173894971941
                ],
                [
                    0.0,
                    0.0,
                    1.0,
                    -0.6599999999999999
                ],
                [
                    0.0,
                    0.0,
                    0.0,
                    1.0
                ]
            ],
            "size": [
                0.6,
                1.0,
                0.8
            ]
        },
        "collider2": {
            "type": "Box",
            "collider2origin": [
                [
                    -0.9837733810546454,
                    0.11290361325471956,
                    0.13943711429293193,
                    0.36163047625544653
                ],
                [
                    0.11178530486647784,
                    0.9936059450610146,
                    -0.015851547410800335,
                    0.9686590425763058
                ],
                [
                    -0.14033524270196715,
                    -7.310060333734787e-06,
                    -0.9901040448368761,
                    -0.3996882729229737
                ],
                [
                    0.0,
                    0.0,
                    0.0,
                    1.0
                ]
            ],
            "size": [
                0.15068,
                0.17726,
                0.74884
            ]
        },
        "distance": 0.0
    },
    {
        "case": 8,
        "collider1": {
            "type": "Box",
            "collider2origin": [
                [
                    0.9077781725128689,
                    0.4194505805326724,
                    0.0,
                    0.27063700059322826
                ],
                [
                    -0.4194505805326724,
                    0.9077781725128689,
                    0.0,
                    0.8002854543438492
                ],
                [
                    0.0,
                    0.0,
                    1.0,
                    -0.25
                ],
                [
                    0.0,
                    0.0,
                    0.0,
                    1.0
                ]
            ],
            "size": [
                0.2,
                0.2,
                0.02
            ]
        },
        "collider2": {
            "type": "Box",
            "collider2origin": [
                [
                    -0.9837733810546454,
                    0.11290361325471956,
                    0.13943711429293193,
                    0.36163047625544653
                ],
                [
                    0.11178530486647784,
                    0.9936059450610146,
                    -0.015851547410800335,
                    0.9686590425763058
                ],
                [
                    -0.14033524270196715,
                    -7.310060333734787e-06,
                    -0.9901040448368761,
                    -0.3996882729229737
                ],
                [
                    0.0,
                    0.0,
                    0.0,
                    1.0
                ]
            ],
            "size": [
                0.15068,
                0.17726,
                0.74884
            ]
        },
        "distance": 0.0
    },
    {
        "case": 9,
        "collider1": {
            "type": "Box",
            "collider2origin": [
                [
                    0.907778172512869,
                    0.4194505805326725,
                    0.0,
                    0.9947946797881562
                ],
                [
                    -0.4194505805326725,
                    0.907778172512869,
                    0.0,
                    0.5317739604993647
                ],
                [
                    0.0,
                    0.0,
                    1.0,
                    -0.69
                ],
                [
                    0.0,
                    0.0,
                    0.0,
                    1.0
                ]
            ],
            "size": [
                0.6,
                1.2,
                0.75
            ]
        },
        "collider2": {
            "type": "Box",
            "collider2origin": [
                [
                    -0.9837733810546454,
                    0.11290361325471956,
                    0.13943711429293193,
                    0.36163047625544653
                ],
                [
                    0.11178530486647784,
                    0.9936059450610146,
                    -0.015851547410800335,
                    0.9686590425763058
                ],
                [
                    -0.14033524270196715,
                    -7.310060333734787e-06,
                    -0.9901040448368761,
                    -0.3996882729229737
                ],
                [
                    0.0,
                    0.0,
                    0.0,
                    1.0
                ]
            ],
            "size": [
                0.15068,
                0.17726,
                0.74884
            ]
        },
        "distance": 0.30947233182486256
    }
]