[
    {
        "case": 0,
        "collider1": {
            "type": "Box",
            "collider2origin": [
                [
                    0.9077781725128689,
                    0.4194505805326724,
                    0.0,
                    0.4158817547107895
                ],
                [
                    -0.4194505805326724,
                    0.9077781725128689,
                    0.0,
                    0.733173894971941
                ],
                [
                    0.0,
                    0.0,
                    1.0,
                    -0.6599999999999999
                ],
                [
                    0.0,
                    0.0,
                    0.0,
                    1.0
                ]
            ],
            "size": [
                0.6,
                1.0,
                0.8
            ]
        },
        "collider2": {
            "type": "Box",
            "collider2origin": [
                [
                    0.24041151642063754,
                    0.6534053648925544,
                    -0.7178187319246813,
                    0.1986986910218691
                ],
                [
                    0.2075152711217179,
                    -0.7570082094047624,
                    -0.6195772616430297,
                    0.4819962359687372
                ],
                [
                    -0.9482297796544935,
                    -4.839760251052751e-06,
                    -0.31758508301393384,
                    -0.19787286042389507
                ],
                [
                    0.0,
                    0.0,
                    0.0,
                    1.0
                ]
            ],
            "size": [
                0.15068,
                0.17726,
                0.74884
            ]
        },
        "distance": 0.0
    },
    {
        "case": 1,
        "collider1": {
            "type": "Box",
            "collider2origin": [
                [
                    0.9077781725128689,
                    0.4194505805326724,
                    0.0,
                    0.27063700059322826
                ],
                [
                    -0.4194505805326724,
                    0.9077781725128689,
                    0.0,
                    0.8002854543438492
                ],
                [
                    0.0,
                    0.0,
                    1.0,
                    -0.25
                ],
                [
                    0.0,
                    0.0,
                    0.0,
                    1.0
                ]
            ],
            "size": [
                0.2,
                0.2,
                0.02
            ]
        },
        "collider2": {
            "type": "Box",
            "collider2origin": [
                [
                    0.24041151642063754,
                    0.6534053648925544,
                    -0.7178187319246813,
                    0.1986986910218691
                ],
                [
                    0.2075152711217179,
                    -0.7570082094047624,
                    -0.6195772616430297,
                    0.4819962359687372
                ],
                [
                    -0.9482297796544935,
                    -4.839760251052751e-06,
                    -0.31758508301393384,
                    -0.19787286042389507
                ],
                [
                    0.0,
                    0.0,
                    0.0,
                    1.0
                ]
            ],
            "size": [
                0.15068,
                0.17726,
                0.74884
            ]
        },
        "distance": 0.027960624423924746
    },
    {
        "case": 2,
        "collider1": {
            "type": "Box",
            "collider2origin": [
                [
                    0.907778172512869,
                    0.4194505805326725,
                    0.0,
                    0.9947946797881562
                ],
                [
                    -0.4194505805326725,
                    0.907778172512869,
                    0.0,
                    0.5317739604993647
                ],
                [
                    0.0,
                    0.0,
                    1.0,
                    -0.69
                ],
                [
                    0.0,
                    0.0,
                    0.0,
                    1.0
                ]
            ],
            "size": [
                0.6,
                1.2,
                0.75
            ]
        },
        "collider2": {
            "type": "Box",
            "collider2origin": [
                [
                    0.24041151642063754,
                    0.6534053648925544,
                    -0.7178187319246813,
                    0.1986986910218691
                ],
                [
                    0.2075152711217179,
                    -0.7570082094047624,
                    -0.6195772616430297,
                    0.4819962359687372
                ],
                [
                    -0.9482297796544935,
                    -4.839760251052751e-06,
                    -0.31758508301393384,
                    -0.19787286042389507
                ],
                [
                    0.0,
                    0.0,
                    0.0,
                    1.0
                ]
            ],
            "size": [
                0.15068,
                0.17726,
                0.74884
            ]
        },
        "distance": 0.23272610949231476
    },
    {
        "case": 3,
        "collider1": {
            "type": "Box",
            "collider2origin": [
                [
                    0.9077781725128689,
                    0.4194505805326724,
                    0.0,
                    0.4158817547107895
                ],
                [
                    -0.4194505805326724,
                    0.9077781725128689,
                    0.0,
                    0.733173894971941
                ],
                [
                    0.0,
                    0.0,
                    1.0,
                    -0.6599999999999999
                ],
                [
                    0.0,
                    0.0,
                    0.0,
                    1.0
                ]
            ],
            "size": [
                0.6,
                1.0,
                0.8
            ]
        },
        "collider2": {
            "type": "Box",
            "collider2origin": [
                [
                    0.24041151642063754,
                    0.6534053648925544,
                    -0.7178187319246813,
                    0.1986986910218691
                ],
                [
                    0.2075152711217179,
                    -0.7570082094047624,
                    -0.6195772616430297,
                    0.4819962359687372
                ],
                [
                    -0.9482297796544935,
                    -4.839760251052751e-06,
                    -0.31758508301393384,
                    -0.19787286042389507
                ],
                [
                    0.0,
                    0.0,
                    0.0,
                    1.0
                ]
            ],
            "size": [
                0.15068,
                0.17726,
                0.74884
            ]
        },
        "distance": 0.0
    },
    {
        "case": 4,
        "collider1": {
            "type": "Box",
            "collider2origin": [
                [
                    0.9077781725128689,
                    0.4194505805326724,
                    0.0,
                    0.27063700059322826
                ],
                [
                    -0.4194505805326724,
                    0.9077781725128689,
                    0.0,
                    0.8002854543438492
                ],
                [
                    0.0,
                    0.0,
                    1.0,
                    -0.25
                ],
                [
                    0.0,
                    0.0,
                    0.0,
                    1.0
                ]
            ],
            "size": [
                0.2,
                0.2,
                0.02
            ]
        },
        "collider2": {
            "type": "Box",
            "collider2origin": [
                [
                    0.24041151642063754,
                    0.6534053648925544,
                    -0.7178187319246813,
                    0.1986986910218691
                ],
                [
                    0.2075152711217179,
                    -0.7570082094047624,
                    -0.6195772616430297,
                    0.4819962359687372
                ],
                [
                    -0.9482297796544935,
                    -4.839760251052751e-06,
                    -0.31758508301393384,
                    -0.19787286042389507
                ],
                [
                    0.0,
                    0.0,
                    0.0,
                    1.0
                ]
            ],
            "size": [
                0.15068,
                0.17726,
                0.74884
            ]
        },
        "distance": 0.027960624423924746
    },
    {
        "case": 5,
        "collider1": {
            "type": "Box",
            "collider2origin": [
                [
                    0.907778172512869,
                    0.4194505805326725,
                    0.0,
                    0.9947946797881562
                ],
                [
                    -0.4194505805326725,
                    0.907778172512869,
                    0.0,
                    0.5317739604993647
                ],
                [
                    0.0,
                    0.0,
                    1.0,
                    -0.69
                ],
                [
                    0.0,
                    0.0,
                    0.0,
                    1.0
                ]
            ],
            "size": [
                0.6,
                1.2,
                0.75
            ]
        },
        "collider2": {
            "type": "Box",
            "collider2origin": [
                [
                    0.24041151642063754,
                    0.6534053648925544,
                    -0.7178187319246813,
                    0.1986986910218691
                ],
                [
                    0.2075152711217179,
                    -0.7570082094047624,
                    -0.6195772616430297,
                    0.4819962359687372
                ],
                [
                    -0.9482297796544935,
                    -4.839760251052751e-06,
                    -0.31758508301393384,
                    -0.19787286042389507
                ],
                [
                    0.0,
                    0.0,
                    0.0,
                    1.0
                ]
            ],
            "size": [
                0.15068,
                0.17726,
                0.74884
            ]
        },
        "distance": 0.23272610949231476
    },
    {
        "case": 6,
        "collider1": {
            "type": "Box",
            "collider2origin": [
                [
                    0.9077781725128689,
                    0.4194505805326724,
                    0.0,
                    0.4158817547107895
                ],
                [
                    -0.4194505805326724,
                    0.9077781725128689,
                    0.0,
                    0.733173894971941
                ],
                [
                    0.0,
                    0.0,
                    1.0,
                    -0.6599999999999999
                ],
                [
                    0.0,
                    0.0,
                    0.0,
                    1.0
                ]
            ],
            "size": [
                0.6,
                1.0,
                0.8
            ]
        },
        "collider2": {
            "type": "Box",
            "collider2origin": [
                [
                    -0.6044563632574207,
                    0.653409675571571,
                    0.45572831905321326,
                    0.020015236904758926
                ],
                [
                    -0.5217380976451838,
                    -0.7570044886715709,
                    0.39336187105091724,
                    0.4946597343959031
                ],
                [
                    0.6020148356836381,
                    -7.40206288923199e-07,
                    0.7984849013076288,
                    -0.07321871880945752
                ],
                [
                    0.0,
                    0.0,
                    0.0,
                    1.0
                ]
            ],
            "size": [
                0.1202,
                0.13634,
                0.67816
            ]
        },
        "distance": 0.0
    },
    {
        "case": 7,
        "collider1": {
            "type": "Box",
            "collider2origin": [
                [
                    0.9077781725128689,
                    0.4194505805326724,
                    0.0,
                    0.27063700059322826
                ],
                [
                    -0.4194505805326724,
                    0.9077781725128689,
                    0.0,
                    0.8002854543438492
                ],
                [
                    0.0,
                    0.0,
                    1.0,
                    -0.25
                ],
                [
                    0.0,
                    0.0,
                    0.0,
                    1.0
                ]
            ],
            "size": [
                0.2,
                0.2,
                0.02
            ]
        },
        "collider2": {
            "type": "Box",
            "collider2origin": [
                [
                    -0.6044563632574207,
                    0.653409675571571,
                    0.45572831905321326,
                    0.020015236904758926
                ],
                [
                    -0.5217380976451838,
                    -0.7570044886715709,
                    0.39336187105091724,
                    0.4946597343959031
                ],
                [
                    0.6020148356836381,
                    -7.40206288923199e-07,
                    0.7984849013076288,
                    -0.07321871880945752
                ],
                [
                    0.0,
                    0.0,
                    0.0,
                    1.0
                ]
            ],
            "size": [
                0.1202,
                0.13634,
                0.67816
            ]
        },
        "distance": 0.2504262103589694
    }
]