[
    {
        "case": 0,
        "collider1": {
            "type": "Box",
            "collider2origin": [
                [
                    0.907778172512869,
                    0.4194505805326725,
                    0.0,
                    -1.612083837096907
                ],
                [
                    -0.4194505805326725,
                    0.907778172512869,
                    0.0,
                    -0.24654756573714753
                ],
                [
                    0.0,
                    0.0,
                    1.0,
                    -0.040000000000000036
                ],
                [
                    0.0,
                    0.0,
                    0.0,
                    1.0
                ]
            ],
            "size": [
                2.0,
                2.0,
                2.0
            ]
        },
        "collider2": {
            "type": "Cylinder",
            "collider2origin": [
                [
                    -0.30841335654095653,
                    0.4490916546563972,
                    -0.8385689519801695,
                    -0.2540195386762986
                ],
                [
                    0.8400623813606877,
                    0.5421706597933122,
                    -0.01860567337923383,
                    0.281604959828178
                ],
                [
                    0.4462918293333983,
                    -0.7101884689131917,
                    -0.5444776778647454,
                    -0.6887250568507525
                ],
                [
                    0.0,
                    0.0,
                    0.0,
                    1.0
                ]
            ],
            "radius": 0.01271,
            "height": 0.05982
        },
        "distance": 0.026245604257901033
    },
    {
        "case": 1,
        "collider1": {
            "type": "Box",
            "collider2origin": [
                [
                    0.9077781725128689,
                    0.4194505805326724,
                    0.0,
                    0.4158817547107895
                ],
                [
                    -0.4194505805326724,
                    0.9077781725128689,
                    0.0,
                    0.733173894971941
                ],
                [
                    0.0,
                    0.0,
                    1.0,
                    -0.6599999999999999
                ],
                [
                    0.0,
                    0.0,
                    0.0,
                    1.0
                ]
            ],
            "size": [
                0.6,
                1.0,
                0.8
            ]
        },
        "collider2": {
            "type": "Box",
            "collider2origin": [
                [
                    0.42113800330537016,
                    0.38210624317206326,
                    -0.8225798448180568,
                    0.11990284596271633
                ],
                [
                    0.17413809720843115,
                    -0.9241184009099376,
                    -0.3401192499701935,
                    0.5366607806502999
                ],
                [
                    -0.8901228596506174,
                    -5.347160455626792e-06,
                    -0.4557206322944077,
                    -0.2393151278591117
                ],
                [
                    0.0,
                    0.0,
                    0.0,
                    1.0
                ]
            ],
            "size": [
                0.15068,
                0.17726,
                0.74884
            ]
        },
        "distance": 0.0
    },
    {
        "case": 2,
        "collider1": {
            "type": "Box",
            "collider2origin": [
                [
                    0.9077781725128689,
                    0.4194505805326724,
                    0.0,
                    0.27063700059322826
                ],
                [
                    -0.4194505805326724,
                    0.9077781725128689,
                    0.0,
                    0.8002854543438492
                ],
                [
                    0.0,
                    0.0,
                    1.0,
                    -0.25
                ],
                [
                    0.0,
                    0.0,
                    0.0,
                    1.0
                ]
            ],
            "size": [
                0.2,
                0.2,
                0.02
            ]
        },
        "collider2": {
            "type": "Box",
            "collider2origin": [
                [
                    0.42113800330537016,
                    0.38210624317206326,
                    -0.8225798448180568,
                    0.11990284596271633
                ],
                [
                    0.17413809720843115,
                    -0.9241184009099376,
                    -0.3401192499701935,
                    0.5366607806502999
                ],
                [
                    -0.8901228596506174,
                    -5.347160455626792e-06,
                    -0.4557206322944077,
                    -0.2393151278591117
                ],
                [
                    0.0,
                    0.0,
                    0.0,
                    1.0
                ]
            ],
            "size": [
                0.15068,
                0.17726,
                0.74884
            ]
        },
        "distance": 0.01255132331364494
    },
    {
        "case": 3,
        "collider1": {
            "type": "Box",
            "collider2origin": [
                [
                    0.907778172512869,
                    0.4194505805326725,
                    0.0,
                    0.9947946797881562
                ],
                [
                    -0.4194505805326725,
                    0.907778172512869,
                    0.0,
                    0.5317739604993647
                ],
                [
                    0.0,
                    0.0,
                    1.0,
                    -0.69
                ],
                [
                    0.0,
                    0.0,
                    0.0,
                    1.0
                ]
            ],
            "size": [
                0.6,
                1.2,
                0.75
            ]
        },
        "collider2": {
            "type": "Box",
            "collider2origin": [
                [
                    0.42113800330537016,
                    0.38210624317206326,
                    -0.8225798448180568,
                    0.11990284596271633
                ],
                [
                    0.17413809720843115,
                    -0.9241184009099376,
                    -0.3401192499701935,
                    0.5366607806502999
                ],
                [
                    -0.8901228596506174,
                    -5.347160455626792e-06,
                    -0.4557206322944077,
                    -0.2393151278591117
                ],
                [
                    0.0,
                    0.0,
                    0.0,
                    1.0
                ]
            ],
            "size": [
                0.15068,
                0.17726,
                0.74884
            ]
        },
        "distance": 0.2552308508328244
    },
    {
        "case": 4,
        "collider1": {
            "type": "Box",
            "collider2origin": [
                [
                    0.9077781725128689,
                    0.4194505805326724,
                    0.0,
                    0.4158817547107895
                ],
                [
                    -0.4194505805326724,
                    0.9077781725128689,
                    0.0,
                    0.733173894971941
                ],
                [
                    0.0,
                    0.0,
                    1.0,
                    -0.6599999999999999
                ],
                [
                    0.0,
                    0.0,
                    0.0,
                    1.0
                ]
            ],
            "size": [
                0.6,
                1.0,
                0.8
            ]
        },
        "collider2": {
            "type": "Box",
            "collider2origin": [
                [
                    0.42113800330537016,
                    0.38210624317206326,
                    -0.8225798448180568,
                    0.11990284596271633
                ],
                [
                    0.17413809720843115,
                    -0.9241184009099376,
                    -0.3401192499701935,
                    0.5366607806502999
                ],
                [
                    -0.8901228596506174,
                    -5.347160455626792e-06,
                    -0.4557206322944077,
                    -0.2393151278591117
                ],
                [
                    0.0,
                    0.0,
                    0.0,
                    1.0
                ]
            ],
            "size": [
                0.15068,
                0.17726,
                0.74884
            ]
        },
        "distance": 0.0
    },
    {
        "case": 5,
        "collider1": {
            "type": "Box",
            "collider2origin": [
                [
                    0.9077781725128689,
                    0.4194505805326724,
                    0.0,
                    0.27063700059322826
                ],
                [
                    -0.4194505805326724,
                    0.9077781725128689,
                    0.0,
                    0.8002854543438492
                ],
                [
                    0.0,
                    0.0,
                    1.0,
                    -0.25
                ],
                [
                    0.0,
                    0.0,
                    0.0,
                    1.0
                ]
            ],
            "size": [
                0.2,
                0.2,
                0.02
            ]
        },
        "collider2": {
            "type": "Box",
            "collider2origin": [
                [
                    0.42113800330537016,
                    0.38210624317206326,
                    -0.8225798448180568,
                    0.11990284596271633
                ],
                [
                    0.17413809720843115,
                    -0.9241184009099376,
                    -0.3401192499701935,
                    0.5366607806502999
                ],
                [
                    -0.8901228596506174,
                    -5.347160455626792e-06,
                    -0.4557206322944077,
                    -0.2393151278591117
                ],
                [
                    0.0,
                    0.0,
                    0.0,
                    1.0
                ]
            ],
            "size": [
                0.15068,
                0.17726,
                0.74884
            ]
        },
        "distance": 0.01255132331364494
    },
    {
        "case": 6,
        "collider1": {
            "type": "Box",
            "collider2origin": [
                [
                    0.907778172512869,
                    0.4194505805326725,
                    0.0,
                    0.9947946797881562
                ],
                [
                    -0.4194505805326725,
                    0.907778172512869,
                    0.0,
                    0.5317739604993647
                ],
                [
                    0.0,
                    0.0,
                    1.0,
                    -0.69
                ],
                [
                    0.0,
                    0.0,
                    0.0,
                    1.0
                ]
            ],
            "size": [
                0.6,
                1.2,
                0.75
            ]
        },
        "collider2": {
            "type": "Box",
            "collider2origin": [
                [
                    0.42113800330537016,
                    0.38210624317206326,
                    -0.8225798448180568,
                    0.11990284596271633
                ],
                [
                    0.17413809720843115,
                    -0.9241184009099376,
                    -0.3401192499701935,
                    0.5366607806502999
                ],
                [
                    -0.8901228596506174,
                    -5.347160455626792e-06,
                    -0.4557206322944077,
                    -0.2393151278591117
                ],
                [
                    0.0,
                    0.0,
                    0.0,
                    1.0
                ]
            ],
            "size": [
                0.15068,
                0.17726,
                0.74884
            ]
        },
        "distance": 0.2552308508328244
    },
    {
        "case": 7,
        "collider1": {
            "type": "Box",
            "collider2origin": [
                [
                    0.907778172512869,
                    0.4194505805326725,
                    0.0,
                    -1.612083837096907
                ],
                [
                    -0.4194505805326725,
                    0.907778172512869,
                    0.0,
                    -0.24654756573714753
                ],
                [
                    0.0,
                    0.0,
                    1.0,
                    -0.040000000000000036
                ],
                [
                    0.0,
                    0.0,
                    0.0,
                    1.0
                ]
            ],
            "size": [
                2.0,
                2.0,
                2.0
            ]
        },
        "collider2": {
            "type": "Box",
            "collider2origin": [
                [
                    -0.6667848665656485,
                    0.38210691442154177,
                    -0.6398376729064014,
                    -0.34860765886531947
                ],
                [
                    -0.2757032821895156,
                    -0.9241181233750383,
                    -0.2645626470984253,
                    0.35871824301003036
                ],
                [
                    -0.6923768063048894,
                    -1.0228549817099358e-06,
                    0.7215361100388497,
                    -0.9072504818069128
                ],
                [
                    0.0,
                    0.0,
                    0.0,
                    1.0
                ]
            ],
            "size": [
                0.09102,
                0.10007,
                0.11882
            ]
        },
        "distance": 0.0
    },
    {
        "case": 8,
        "collider1": {
            "type": "Box",
            "collider2origin": [
                [
                    0.907778172512869,
                    0.4194505805326725,
                    0.0,
                    -1.612083837096907
                ],
                [
                    -0.4194505805326725,
                    0.907778172512869,
                    0.0,
                    -0.24654756573714753
                ],
                [
                    0.0,
                    0.0,
                    1.0,
                    -0.040000000000000036
                ],
                [
                    0.0,
                    0.0,
                    0.0,
                    1.0
                ]
            ],
            "size": [
                2.0,
                2.0,
                2.0
            ]
        },
        "collider2": {
            "type": "Box",
            "collider2origin": [
                [
                    -0.5516939673913319,
                    0.7531275620093102,
                    -0.3583750014801878,
                    -0.3620659324141508
                ],
                [
                    -0.8173879421501056,
                    -0.4027694279415803,
                    0.4118904465306616,
                    0.2945064558384216
                ],
                [
                    0.165863553475825,
                    0.5201688795550196,
                    0.8378028517323435,
                    -0.7850019452118356
                ],
                [
                    0.0,
                    0.0,
                    0.0,
                    1.0
                ]
            ],
            "size": [
                0.08993,
                0.0305,
                0.09007
            ]
        },
        "distance": 0.0
    },
    {
        "case": 9,
        "collider1": {
            "type": "Box",
            "collider2origin": [
                [
                    0.907778172512869,
                    0.4194505805326725,
                    0.0,
                    -1.612083837096907
                ],
                [
                    -0.4194505805326725,
                    0.907778172512869,
                    0.0,
                    -0.24654756573714753
                ],
                [
                    0.0,
                    0.0,
                    1.0,
                    -0.040000000000000036
                ],
                [
                    0.0,
                    0.0,
                    0.0,
                    1.0
                ]
            ],
            "size": [
                2.0,
                2.0,
                2.0
            ]
        },
        "collider2": {
            "type": "Box",
            "collider2origin": [
                [
                    -0.3363700853321448,
                    0.6026245441215141,
                    0.7236703838875701,
                    -0.27374165254838884
                ],
                [
                    0.372719777233421,
                    -0.620508877591048,
                    0.6899628254404484,
                    0.22364034373937836
                ],
                [
                    0.8648324307938009,
                    0.5018091187424105,
                    -0.015889461735708432,
                    -0.713049246717577
                ],
                [
                    0.0,
                    0.0,
                    0.0,
                    1.0
                ]
            ],
            "size": [
                0.07264,
                0.04753,
                0.03326
            ]
        },
        "distance": 0.0
    },
    {
        "case": 10,
        "collider1": {
            "type": "Box",
            "collider2origin": [
                [
                    0.907778172512869,
                    0.4194505805326725,
                    0.0,
                    -1.612083837096907
                ],
                [
                    -0.4194505805326725,
                    0.907778172512869,
                    0.0,
                    -0.24654756573714753
                ],
                [
                    0.0,
                    0.0,
                    1.0,
                    -0.040000000000000036
                ],
                [
                    0.0,
                    0.0,
                    0.0,
                    1.0
                ]
            ],
            "size": [
                2.0,
                2.0,
                2.0
            ]
        },
        "collider2": {
            "type": "Box",
            "collider2origin": [
                [
                    -0.152997336390972,
                    0.7531265281391893,
                    -0.6398376729064014,
                    -0.4155672083067558
                ],
                [
                    -0.8762313576369373,
                    -0.40277191269253615,
                    -0.2645626470984253,
                    0.32514100778189825
                ],
                [
                    -0.456957791213803,
                    0.5201684524834306,
                    0.7215361100388497,
                    -0.827388282187954
                ],
                [
                    0.0,
                    0.0,
                    0.0,
                    1.0
                ]
            ],
            "size": [
                0.09126,
                0.11887,
                0.10009
            ]
        },
        "distance": 0.0
    },
    {
        "case": 11,
        "collider1": {
            "type": "Box",
            "collider2origin": [
                [
                    0.907778172512869,
                    0.4194505805326725,
                    0.0,
                    -1.612083837096907
                ],
                [
                    -0.4194505805326725,
                    0.907778172512869,
                    0.0,
                    -0.24654756573714753
                ],
                [
                    0.0,
                    0.0,
                    1.0,
                    -0.040000000000000036
                ],
                [
                    0.0,
                    0.0,
                    0.0,
                    1.0
                ]
            ],
            "size": [
                2.0,
                2.0,
                2.0
            ]
        },
        "collider2": {
            "type": "Box",
            "collider2origin": [
                [
                    0.852023692595454,
                    0.3821079502584958,
                    -0.35783954729076367,
                    -0.28539239411510026
                ],
                [
                    0.3523011865395461,
                    -0.9241176950472323,
                    -0.147953910605359,
                    0.5057928393120823
                ],
                [
                    -0.38722022315322785,
                    -7.059853394375685e-06,
                    -0.9219872551892041,
                    -0.6400925051359103
                ],
                [
                    0.0,
                    0.0,
                    0.0,
                    1.0
                ]
            ],
            "size": [
                0.1202,
                0.13634,
                0.67816
            ]
        },
        "distance": 0.05604280241210237
    },
    {
        "case": 12,
        "collider1": {
            "type": "Box",
            "collider2origin": [
                [
                    0.907778172512869,
                    0.4194505805326725,
                    0.0,
                    -1.612083837096907
                ],
                [
                    -0.4194505805326725,
                    0.907778172512869,
                    0.0,
                    -0.24654756573714753
                ],
                [
                    0.0,
                    0.0,
                    1.0,
                    -0.040000000000000036
                ],
                [
                    0.0,
                    0.0,
                    0.0,
                    1.0
                ]
            ],
            "size": [
                2.0,
                2.0,
                2.0
            ]
        },
        "collider2": {
            "type": "Box",
            "collider2origin": [
                [
                    -0.1772634622464111,
                    0.602628701353857,
                    0.7780850295803015,
                    -0.30236987733923365
                ],
                [
                    0.5090190428386602,
                    -0.6205070139470842,
                    0.5965489583178292,
                    0.2563232975251375
                ],
                [
                    0.8423047423468712,
                    0.5018064307549639,
                    -0.19675626310980276,
                    -0.7403007600179934
                ],
                [
                    0.0,
                    0.0,
                    0.0,
                    1.0
                ]
            ],
            "size": [
                0.06241,
                0.05638,
                0.02858
            ]
        },
        "distance": 0.0
    }
]