[
    {
        "case": 0,
        "collider1": {
            "type": "Box",
            "collider2origin": [
                [
                    0.9077781725128689,
                    0.4194505805326724,
                    0.0,
                    0.4158817547107895
                ],
                [
                    -0.4194505805326724,
                    0.9077781725128689,
                    0.0,
                    0.733173894971941
                ],
                [
                    0.0,
                    0.0,
                    1.0,
                    -0.6599999999999999
                ],
                [
                    0.0,
                    0.0,
                    0.0,
                    1.0
                ]
            ],
            "size": [
                0.6,
                1.0,
                0.8
            ]
        },
        "collider2": {
            "type": "Box",
            "collider2origin": [
                [
                    0.5611813386627472,
                    0.8260586385137455,
                    0.05198683365530402,
                    0.42368407483554077
                ],
                [
                    0.8225355401856442,
                    -0.5635841779921411,
                    0.07621128163489505,
                    0.8957682593369084
                ],
                [
                    0.09225394445874768,
                    -7.330745867326133e-06,
                    -0.995735511909695,
                    -0.9814093888797814
                ],
                [
                    0.0,
                    0.0,
                    0.0,
                    1.0
                ]
            ],
            "size": [
                0.1202,
                0.13634,
                0.67816
            ]
        },
        "distance": 0.0
    },
    {
        "case": 1,
        "collider1": {
            "type": "Box",
            "collider2origin": [
                [
                    0.907778172512869,
                    0.4194505805326725,
                    0.0,
                    0.9947946797881562
                ],
                [
                    -0.4194505805326725,
                    0.907778172512869,
                    0.0,
                    0.5317739604993647
                ],
                [
                    0.0,
                    0.0,
                    1.0,
                    -0.69
                ],
                [
                    0.0,
                    0.0,
                    0.0,
                    1.0
                ]
            ],
            "size": [
                0.6,
                1.2,
                0.75
            ]
        },
        "collider2": {
            "type": "Box",
            "collider2origin": [
                [
                    0.5611813386627472,
                    0.8260586385137455,
                    0.05198683365530402,
                    0.42368407483554077
                ],
                [
                    0.8225355401856442,
                    -0.5635841779921411,
                    0.07621128163489505,
                    0.8957682593369084
                ],
                [
                    0.09225394445874768,
                    -7.330745867326133e-06,
                    -0.995735511909695,
                    -0.9814093888797814
                ],
                [
                    0.0,
                    0.0,
                    0.0,
                    1.0
                ]
            ],
            "size": [
                0.1202,
                0.13634,
                0.67816
            ]
        },
        "distance": 0.29260658218378327
    },
    {
        "case": 2,
        "collider1": {
            "type": "Box",
            "collider2origin": [
                [
                    0.9077781725128689,
                    0.4194505805326724,
                    0.0,
                    0.4158817547107895
                ],
                [
                    -0.4194505805326724,
                    0.9077781725128689,
                    0.0,
                    0.733173894971941
                ],
                [
                    0.0,
                    0.0,
                    1.0,
                    -0.6599999999999999
                ],
                [
                    0.0,
                    0.0,
                    0.0,
                    1.0
                ]
            ],
            "size": [
                0.6,
                1.0,
                0.8
            ]
        },
        "collider2": {
            "type": "Box",
            "collider2origin": [
                [
                    0.5520822542603834,
                    0.8260588636493061,
                    0.11327814580575798,
                    0.4781065971550643
                ],
                [
                    0.8091980982098587,
                    -0.5635838480062602,
                    0.16604723460510987,
                    0.7513605085586291
                ],
                [
                    0.20100652323823004,
                    -7.271439733350673e-06,
                    -0.9795899027464527,
                    -0.39656810378496077
                ],
                [
                    0.0,
                    0.0,
                    0.0,
                    1.0
                ]
            ],
            "size": [
                0.15068,
                0.17726,
                0.74884
            ]
        },
        "distance": 0.0
    },
    {
        "case": 3,
        "collider1": {
            "type": "Box",
            "collider2origin": [
                [
                    0.9077781725128689,
                    0.4194505805326724,
                    0.0,
                    0.27063700059322826
                ],
                [
                    -0.4194505805326724,
                    0.9077781725128689,
                    0.0,
                    0.8002854543438492
                ],
                [
                    0.0,
                    0.0,
                    1.0,
                    -0.25
                ],
                [
                    0.0,
                    0.0,
                    0.0,
                    1.0
                ]
            ],
            "size": [
                0.2,
                0.2,
                0.02
            ]
        },
        "collider2": {
            "type": "Box",
            "collider2origin": [
                [
                    0.5520822542603834,
                    0.8260588636493061,
                    0.11327814580575798,
                    0.4781065971550643
                ],
                [
                    0.8091980982098587,
                    -0.5635838480062602,
                    0.16604723460510987,
                    0.7513605085586291
                ],
                [
                    0.20100652323823004,
                    -7.271439733350673e-06,
                    -0.9795899027464527,
                    -0.39656810378496077
                ],
                [
                    0.0,
                    0.0,
                    0.0,
                    1.0
                ]
            ],
            "size": [
                0.15068,
                0.17726,
                0.74884
            ]
        },
        "distance": 0.0034397531021776507
    },
    {
        "case": 4,
        "collider1": {
            "type": "Box",
            "collider2origin": [
                [
                    0.907778172512869,
                    0.4194505805326725,
                    0.0,
                    0.9947946797881562
                ],
                [
                    -0.4194505805326725,
                    0.907778172512869,
                    0.0,
                    0.5317739604993647
                ],
                [
                    0.0,
                    0.0,
                    1.0,
                    -0.69
                ],
                [
                    0.0,
                    0.0,
                    0.0,
                    1.0
                ]
            ],
            "size": [
                0.6,
                1.2,
                0.75
            ]
        },
        "collider2": {
            "type": "Box",
            "collider2origin": [
                [
                    0.5520822542603834,
                    0.8260588636493061,
                    0.11327814580575798,
                    0.4781065971550643
                ],
                [
                    0.8091980982098587,
                    -0.5635838480062602,
                    0.16604723460510987,
                    0.7513605085586291
                ],
                [
                    0.20100652323823004,
                    -7.271439733350673e-06,
                    -0.9795899027464527,
                    -0.39656810378496077
                ],
                [
                    0.0,
                    0.0,
                    0.0,
                    1.0
                ]
            ],
            "size": [
                0.15068,
                0.17726,
                0.74884
            ]
        },
        "distance": 0.14911989691250876
    },
    {
        "case": 5,
        "collider1": {
            "type": "Box",
            "collider2origin": [
                [
                    0.9077781725128689,
                    0.4194505805326724,
                    0.0,
                    0.4158817547107895
                ],
                [
                    -0.4194505805326724,
                    0.9077781725128689,
                    0.0,
                    0.733173894971941
                ],
                [
                    0.0,
                    0.0,
                    1.0,
                    -0.6599999999999999
                ],
                [
                    0.0,
                    0.0,
                    0.0,
                    1.0
                ]
            ],
            "size": [
                0.6,
                1.0,
                0.8
            ]
        },
        "collider2": {
            "type": "Box",
            "collider2origin": [
                [
                    0.5520822542603834,
                    0.8260588636493061,
                    0.11327814580575798,
                    0.4781065971550643
                ],
                [
                    0.8091980982098587,
                    -0.5635838480062602,
                    0.16604723460510987,
                    0.7513605085586291
                ],
                [
                    0.20100652323823004,
                    -7.271439733350673e-06,
                    -0.9795899027464527,
                    -0.39656810378496077
                ],
                [
                    0.0,
                    0.0,
                    0.0,
                    1.0
                ]
            ],
            "size": [
                0.15068,
                0.17726,
                0.74884
            ]
        },
        "distance": 0.0
    },
    {
        "case": 6,
        "collider1": {
            "type": "Box",
            "collider2origin": [
                [
                    0.9077781725128689,
                    0.4194505805326724,
                    0.0,
                    0.27063700059322826
                ],
                [
                    -0.4194505805326724,
                    0.9077781725128689,
                    0.0,
                    0.8002854543438492
                ],
                [
                    0.0,
                    0.0,
                    1.0,
                    -0.25
                ],
                [
                    0.0,
                    0.0,
                    0.0,
                    1.0
                ]
            ],
            "size": [
                0.2,
                0.2,
                0.02
            ]
        },
        "collider2": {
            "type": "Box",
            "collider2origin": [
                [
                    0.5520822542603834,
                    0.8260588636493061,
                    0.11327814580575798,
                    0.4781065971550643
                ],
                [
                    0.8091980982098587,
                    -0.5635838480062602,
                    0.16604723460510987,
                    0.7513605085586291
                ],
                [
                    0.20100652323823004,
                    -7.271439733350673e-06,
                    -0.9795899027464527,
                    -0.39656810378496077
                ],
                [
                    0.0,
                    0.0,
                    0.0,
                    1.0
                ]
            ],
            "size": [
                0.15068,
                0.17726,
                0.74884
            ]
        },
        "distance": 0.0034397531021776507
    },
    {
        "case": 7,
        "collider1": {
            "type": "Box",
            "collider2origin": [
                [
                    0.907778172512869,
                    0.4194505805326725,
                    0.0,
                    0.9947946797881562
                ],
                [
                    -0.4194505805326725,
                    0.907778172512869,
                    0.0,
                    0.5317739604993647
                ],
                [
                    0.0,
                    0.0,
                    1.0,
                    -0.69
                ],
                [
                    0.0,
                    0.0,
                    0.0,
                    1.0
                ]
            ],
            "size": [
                0.6,
                1.2,
                0.75
            ]
        },
        "collider2": {
            "type": "Box",
            "collider2origin": [
                [
                    0.5520822542603834,
                    0.8260588636493061,
                    0.11327814580575798,
                    0.4781065971550643
                ],
                [
                    0.8091980982098587,
                    -0.5635838480062602,
                    0.16604723460510987,
                    0.7513605085586291
                ],
                [
                    0.20100652323823004,
                    -7.271439733350673e-06,
                    -0.9795899027464527,
                    -0.39656810378496077
                ],
                [
                    0.0,
                    0.0,
                    0.0,
                    1.0
                ]
            ],
            "size": [
                0.15068,
                0.17726,
                0.74884
            ]
        },
        "distance": 0.14911989691250876
    }
]