[
    {
        "case": 0,
        "collider1": {
            "type": "Box",
            "collider2origin": [
                [
                    0.907778172512869,
                    0.4194505805326725,
                    0.0,
                    -0.7418785952877999
                ],
                [
                    -0.4194505805326725,
                    0.907778172512869,
                    0.0,
                    1.2791466490804724
                ],
                [
                    0.0,
                    0.0,
                    1.0,
                    0.27
                ],
                [
                    0.0,
                    0.0,
                    0.0,
                    1.0
                ]
            ],
            "size": [
                0.52,
                1.16,
                0.6
            ]
        },
        "collider2": {
            "type": "Box",
            "collider2origin": [
                [
                    -0.314631694518071,
                    -0.319056264398614,
                    0.8939854567903714,
                    0.06773073420184
                ],
                [
                    0.10591865486753692,
                    -0.9477357754891289,
                    -0.30096202153938106,
                    0.8273347129404078
                ],
                [
                    0.9432858184854357,
                    -2.4537681429372e-06,
                    0.331981723349705,
                    0.3524490552978994
                ],
                [
                    0.0,
                    0.0,
                    0.0,
                    1.0
                ]
            ],
            "size": [
                0.1202,
                0.13634,
                0.67816
            ]
        },
        "distance": 0.31928541170252067
    },
    {
        "case": 1,
        "collider1": {
            "type": "Box",
            "collider2origin": [
                [
                    0.907778172512869,
                    0.4194505805326725,
                    0.0,
                    -1.612083837096907
                ],
                [
                    -0.4194505805326725,
                    0.907778172512869,
                    0.0,
                    -0.24654756573714753
                ],
                [
                    0.0,
                    0.0,
                    1.0,
                    -0.040000000000000036
                ],
                [
                    0.0,
                    0.0,
                    0.0,
                    1.0
                ]
            ],
            "size": [
                2.0,
                2.0,
                2.0
            ]
        },
        "collider2": {
            "type": "Box",
            "collider2origin": [
                [
                    -0.5607912321349988,
                    -0.31906235455869836,
                    -0.7640107380554081,
                    0.015186154742534319
                ],
                [
                    0.1887962569628755,
                    -0.947733725210415,
                    0.2572095633050947,
                    0.7117178276364882
                ],
                [
                    -0.8061446317611484,
                    -1.4997015359636558e-06,
                    0.5917185417750851,
                    0.0748768962799935
                ],
                [
                    0.0,
                    0.0,
                    0.0,
                    1.0
                ]
            ],
            "size": [
                0.15068,
                0.17726,
                0.74884
            ]
        },
        "distance": 0.4269640832790211
    },
    {
        "case": 2,
        "collider1": {
            "type": "Box",
            "collider2origin": [
                [
                    0.907778172512869,
                    0.4194505805326725,
                    0.0,
                    -0.7418785952877999
                ],
                [
                    -0.4194505805326725,
                    0.907778172512869,
                    0.0,
                    1.2791466490804724
                ],
                [
                    0.0,
                    0.0,
                    1.0,
                    0.27
                ],
                [
                    0.0,
                    0.0,
                    0.0,
                    1.0
                ]
            ],
            "size": [
                0.52,
                1.16,
                0.6
            ]
        },
        "collider2": {
            "type": "Box",
            "collider2origin": [
                [
                    -0.5607912321349988,
                    -0.31906235455869836,
                    -0.7640107380554081,
                    0.015186154742534319
                ],
                [
                    0.1887962569628755,
                    -0.947733725210415,
                    0.2572095633050947,
                    0.7117178276364882
                ],
                [
                    -0.8061446317611484,
                    -1.4997015359636558e-06,
                    0.5917185417750851,
                    0.0748768962799935
                ],
                [
                    0.0,
                    0.0,
                    0.0,
                    1.0
                ]
            ],
            "size": [
                0.15068,
                0.17726,
                0.74884
            ]
        },
        "distance": 0.31129830134470887
    },
    {
        "case": 3,
        "collider1": {
            "type": "Box",
            "collider2origin": [
                [
                    0.907778172512869,
                    0.4194505805326725,
                    0.0,
                    -1.612083837096907
                ],
                [
                    -0.4194505805326725,
                    0.907778172512869,
                    0.0,
                    -0.24654756573714753
                ],
                [
                    0.0,
                    0.0,
                    1.0,
                    -0.040000000000000036
                ],
                [
                    0.0,
                    0.0,
                    0.0,
                    1.0
                ]
            ],
            "size": [
                2.0,
                2.0,
                2.0
            ]
        },
        "collider2": {
            "type": "Box",
            "collider2origin": [
                [
                    -0.5607912321349988,
                    -0.31906235455869836,
                    -0.7640107380554081,
                    0.015186154742534319
                ],
                [
                    0.1887962569628755,
                    -0.947733725210415,
                    0.2572095633050947,
                    0.7117178276364882
                ],
                [
                    -0.8061446317611484,
                    -1.4997015359636558e-06,
                    0.5917185417750851,
                    0.0748768962799935
                ],
                [
                    0.0,
                    0.0,
                    0.0,
                    1.0
                ]
            ],
            "size": [
                0.15068,
                0.17726,
                0.74884
            ]
        },
        "distance": 0.4269640832790211
    },
    {
        "case": 4,
        "collider1": {
            "type": "Box",
            "collider2origin": [
                [
                    0.907778172512869,
                    0.4194505805326725,
                    0.0,
                    -0.7418785952877999
                ],
                [
                    -0.4194505805326725,
                    0.907778172512869,
                    0.0,
                    1.2791466490804724
                ],
                [
                    0.0,
                    0.0,
                    1.0,
                    0.27
                ],
                [
                    0.0,
                    0.0,
                    0.0,
                    1.0
                ]
            ],
            "size": [
                0.52,
                1.16,
                0.6
            ]
        },
        "collider2": {
            "type": "Box",
            "collider2origin": [
                [
                    -0.5607912321349988,
                    -0.31906235455869836,
                    -0.7640107380554081,
                    0.015186154742534319
                ],
                [
                    0.1887962569628755,
                    -0.947733725210415,
                    0.2572095633050947,
                    0.7117178276364882
                ],
                [
                    -0.8061446317611484,
                    -1.4997015359636558e-06,
                    0.5917185417750851,
                    0.0748768962799935
                ],
                [
                    0.0,
                    0.0,
                    0.0,
                    1.0
                ]
            ],
            "size": [
                0.15068,
                0.17726,
                0.74884
            ]
        },
        "distance": 0.31129830134470887
    }
]