[
    {
        "case": 0,
        "collider1": {
            "type": "Box",
            "collider2origin": [
                [
                    0.9077781725128689,
                    0.4194505805326724,
                    0.0,
                    0.4158817547107895
                ],
                [
                    -0.4194505805326724,
                    0.9077781725128689,
                    0.0,
                    0.733173894971941
                ],
                [
                    0.0,
                    0.0,
                    1.0,
                    -0.6599999999999999
                ],
                [
                    0.0,
                    0.0,
                    0.0,
                    1.0
                ]
            ],
            "size": [
                0.6,
                1.0,
                0.8
            ]
        },
        "collider2": {
            "type": "Box",
            "collider2origin": [
                [
                    0.06911834910901292,
                    0.9354459386026484,
                    0.34664614489166723,
                    0.6086801770548962
                ],
                [
                    -0.1829275874247934,
                    0.35346979495153275,
                    -0.9173857431941407,
                    0.11945481655845747
                ],
                [
                    -0.980693709358528,
                    -2.954909414165992e-06,
                    0.1955501174018551,
                    -0.4388644909161137
                ],
                [
                    0.0,
                    0.0,
                    0.0,
                    1.0
                ]
            ],
            "size": [
                0.1202,
                0.13634,
                0.67816
            ]
        },
        "distance": 0.0
    },
    {
        "case": 1,
        "collider1": {
            "type": "Box",
            "collider2origin": [
                [
                    0.907778172512869,
                    0.4194505805326725,
                    0.0,
                    0.9947946797881562
                ],
                [
                    -0.4194505805326725,
                    0.907778172512869,
                    0.0,
                    0.5317739604993647
                ],
                [
                    0.0,
                    0.0,
                    1.0,
                    -0.69
                ],
                [
                    0.0,
                    0.0,
                    0.0,
                    1.0
                ]
            ],
            "size": [
                0.6,
                1.2,
                0.75
            ]
        },
        "collider2": {
            "type": "Box",
            "collider2origin": [
                [
                    0.06911834910901292,
                    0.9354459386026484,
                    0.34664614489166723,
                    0.6086801770548962
                ],
                [
                    -0.1829275874247934,
                    0.35346979495153275,
                    -0.9173857431941407,
                    0.11945481655845747
                ],
                [
                    -0.980693709358528,
                    -2.954909414165992e-06,
                    0.1955501174018551,
                    -0.4388644909161137
                ],
                [
                    0.0,
                    0.0,
                    0.0,
                    1.0
                ]
            ],
            "size": [
                0.1202,
                0.13634,
                0.67816
            ]
        },
        "distance": 0.0
    },
    {
        "case": 2,
        "collider1": {
            "type": "Box",
            "collider2origin": [
                [
                    1.0,
                    0.0,
                    0.0,
                    0.35
                ],
                [
                    0.0,
                    1.0,
                    0.0,
                    -0.34649
                ],
                [
                    0.0,
                    0.0,
                    1.0,
                    -0.54511
                ],
                [
                    0.0,
                    0.0,
                    0.0,
                    1.0
                ]
            ],
            "size": [
                0.7,
                0.7,
                1.1
            ]
        },
        "collider2": {
            "type": "Box",
            "collider2origin": [
                [
                    0.06911834910901292,
                    0.9354459386026484,
                    0.34664614489166723,
                    0.6086801770548962
                ],
                [
                    -0.1829275874247934,
                    0.35346979495153275,
                    -0.9173857431941407,
                    0.11945481655845747
                ],
                [
                    -0.980693709358528,
                    -2.954909414165992e-06,
                    0.1955501174018551,
                    -0.4388644909161137
                ],
                [
                    0.0,
                    0.0,
                    0.0,
                    1.0
                ]
            ],
            "size": [
                0.1202,
                0.13634,
                0.67816
            ]
        },
        "distance": 0.0
    },
    {
        "case": 3,
        "collider1": {
            "type": "Box",
            "collider2origin": [
                [
                    0.9077781725128689,
                    0.4194505805326724,
                    0.0,
                    0.4158817547107895
                ],
                [
                    -0.4194505805326724,
                    0.9077781725128689,
                    0.0,
                    0.733173894971941
                ],
                [
                    0.0,
                    0.0,
                    1.0,
                    -0.6599999999999999
                ],
                [
                    0.0,
                    0.0,
                    0.0,
                    1.0
                ]
            ],
            "size": [
                0.6,
                1.0,
                0.8
            ]
        },
        "collider2": {
            "type": "Box",
            "collider2origin": [
                [
                    -0.22586767548087186,
                    0.9354456640149581,
                    0.27189189551820336,
                    0.5448552924947754
                ],
                [
                    0.5977367101736233,
                    0.3534705215988593,
                    -0.7195619609675348,
                    0.6457894788910026
                ],
                [
                    -0.7692168865045029,
                    -6.020338273521331e-06,
                    -0.6389877788190271,
                    -0.2943017312463262
                ],
                [
                    0.0,
                    0.0,
                    0.0,
                    1.0
                ]
            ],
            "size": [
                0.15068,
                0.17726,
                0.74884
            ]
        },
        "distance": 0.0
    },
    {
        "case": 4,
        "collider1": {
            "type": "Box",
            "collider2origin": [
                [
                    0.9077781725128689,
                    0.4194505805326724,
                    0.0,
                    0.27063700059322826
                ],
                [
                    -0.4194505805326724,
                    0.9077781725128689,
                    0.0,
                    0.8002854543438492
                ],
                [
                    0.0,
                    0.0,
                    1.0,
                    -0.25
                ],
                [
                    0.0,
                    0.0,
                    0.0,
                    1.0
                ]
            ],
            "size": [
                0.2,
                0.2,
                0.02
            ]
        },
        "collider2": {
            "type": "Box",
            "collider2origin": [
                [
                    -0.22586767548087186,
                    0.9354456640149581,
                    0.27189189551820336,
                    0.5448552924947754
                ],
                [
                    0.5977367101736233,
                    0.3534705215988593,
                    -0.7195619609675348,
                    0.6457894788910026
                ],
                [
                    -0.7692168865045029,
                    -6.020338273521331e-06,
                    -0.6389877788190271,
                    -0.2943017312463262
                ],
                [
                    0.0,
                    0.0,
                    0.0,
                    1.0
                ]
            ],
            "size": [
                0.15068,
                0.17726,
                0.74884
            ]
        },
        "distance": 0.015851001578150562
    },
    {
        "case": 5,
        "collider1": {
            "type": "Box",
            "collider2origin": [
                [
                    0.907778172512869,
                    0.4194505805326725,
                    0.0,
                    0.9947946797881562
                ],
                [
                    -0.4194505805326725,
                    0.907778172512869,
                    0.0,
                    0.5317739604993647
                ],
                [
                    0.0,
                    0.0,
                    1.0,
                    -0.69
                ],
                [
                    0.0,
                    0.0,
                    0.0,
                    1.0
                ]
            ],
            "size": [
                0.6,
                1.2,
                0.75
            ]
        },
        "collider2": {
            "type": "Box",
            "collider2origin": [
                [
                    -0.22586767548087186,
                    0.9354456640149581,
                    0.27189189551820336,
                    0.5448552924947754
                ],
                [
                    0.5977367101736233,
                    0.3534705215988593,
                    -0.7195619609675348,
                    0.6457894788910026
                ],
                [
                    -0.7692168865045029,
                    -6.020338273521331e-06,
                    -0.6389877788190271,
                    -0.2943017312463262
                ],
                [
                    0.0,
                    0.0,
                    0.0,
                    1.0
                ]
            ],
            "size": [
                0.15068,
                0.17726,
                0.74884
            ]
        },
        "distance": 0.0
    },
    {
        "case": 6,
        "collider1": {
            "type": "Box",
            "collider2origin": [
                [
                    0.9077781725128689,
                    0.4194505805326724,
                    0.0,
                    0.4158817547107895
                ],
                [
                    -0.4194505805326724,
                    0.9077781725128689,
                    0.0,
                    0.733173894971941
                ],
                [
                    0.0,
                    0.0,
                    1.0,
                    -0.6599999999999999
                ],
                [
                    0.0,
                    0.0,
                    0.0,
                    1.0
                ]
            ],
            "size": [
                0.6,
                1.0,
                0.8
            ]
        },
        "collider2": {
            "type": "Box",
            "collider2origin": [
                [
                    -0.22586767548087186,
                    0.9354456640149581,
                    0.27189189551820336,
                    0.5448552924947754
                ],
                [
                    0.5977367101736233,
                    0.3534705215988593,
                    -0.7195619609675348,
                    0.6457894788910026
                ],
                [
                    -0.7692168865045029,
                    -6.020338273521331e-06,
                    -0.6389877788190271,
                    -0.2943017312463262
                ],
                [
                    0.0,
                    0.0,
                    0.0,
                    1.0
                ]
            ],
            "size": [
                0.15068,
                0.17726,
                0.74884
            ]
        },
        "distance": 0.0
    },
    {
        "case": 7,
        "collider1": {
            "type": "Box",
            "collider2origin": [
                [
                    0.9077781725128689,
                    0.4194505805326724,
                    0.0,
                    0.27063700059322826
                ],
                [
                    -0.4194505805326724,
                    0.9077781725128689,
                    0.0,
                    0.8002854543438492
                ],
                [
                    0.0,
                    0.0,
                    1.0,
                    -0.25
                ],
                [
                    0.0,
                    0.0,
                    0.0,
                    1.0
                ]
            ],
            "size": [
                0.2,
                0.2,
                0.02
            ]
        },
        "collider2": {
            "type": "Box",
            "collider2origin": [
                [
                    -0.22586767548087186,
                    0.9354456640149581,
                    0.27189189551820336,
                    0.5448552924947754
                ],
                [
                    0.5977367101736233,
                    0.3534705215988593,
                    -0.7195619609675348,
                    0.6457894788910026
                ],
                [
                    -0.7692168865045029,
                    -6.020338273521331e-06,
                    -0.6389877788190271,
                    -0.2943017312463262
                ],
                [
                    0.0,
                    0.0,
                    0.0,
                    1.0
                ]
            ],
            "size": [
                0.15068,
                0.17726,
                0.74884
            ]
        },
        "distance": 0.015851001578150562
    },
    {
        "case": 8,
        "collider1": {
            "type": "Box",
            "collider2origin": [
                [
                    0.907778172512869,
                    0.4194505805326725,
                    0.0,
                    0.9947946797881562
                ],
                [
                    -0.4194505805326725,
                    0.907778172512869,
                    0.0,
                    0.5317739604993647
                ],
                [
                    0.0,
                    0.0,
                    1.0,
                    -0.69
                ],
                [
                    0.0,
                    0.0,
                    0.0,
                    1.0
                ]
            ],
            "size": [
                0.6,
                1.2,
                0.75
            ]
        },
        "collider2": {
            "type": "Box",
            "collider2origin": [
                [
                    -0.22586767548087186,
                    0.9354456640149581,
                    0.27189189551820336,
                    0.5448552924947754
                ],
                [
                    0.5977367101736233,
                    0.3534705215988593,
                    -0.7195619609675348,
                    0.6457894788910026
                ],
                [
                    -0.7692168865045029,
                    -6.020338273521331e-06,
                    -0.6389877788190271,
                    -0.2943017312463262
                ],
                [
                    0.0,
                    0.0,
                    0.0,
                    1.0
                ]
            ],
            "size": [
                0.15068,
                0.17726,
                0.74884
            ]
        },
        "distance": 0.0
    },
    {
        "case": 9,
        "collider1": {
            "type": "Box",
            "collider2origin": [
                [
                    0.907778172512869,
                    0.4194505805326725,
                    0.0,
                    0.9947946797881562
                ],
                [
                    -0.4194505805326725,
                    0.907778172512869,
                    0.0,
                    0.5317739604993647
                ],
                [
                    0.0,
                    0.0,
                    1.0,
                    -0.69
                ],
                [
                    0.0,
                    0.0,
                    0.0,
                    1.0
                ]
            ],
            "size": [
                0.6,
                1.2,
                0.75
            ]
        },
        "collider2": {
            "type": "Box",
            "collider2origin": [
                [
                    -0.7534724703542854,
                    0.5553773726625676,
                    -0.35190227386681366,
                    0.7799143326236
                ],
                [
                    -0.22206164847137244,
                    0.2888140953096063,
                    0.9312760292355163,
                    -0.0025809691847760163
                ],
                [
                    0.6188439712046866,
                    0.7798348493655033,
                    -0.09428545496891759,
                    -0.39069050979785835
                ],
                [
                    0.0,
                    0.0,
                    0.0,
                    1.0
                ]
            ],
            "size": [
                0.09126,
                0.11887,
                0.10009
            ]
        },
        "distance": 0.0
    },
    {
        "case": 10,
        "collider1": {
            "type": "Box",
            "collider2origin": [
                [
                    1.0,
                    0.0,
                    0.0,
                    0.35
                ],
                [
                    0.0,
                    1.0,
                    0.0,
                    -0.34649
                ],
                [
                    0.0,
                    0.0,
                    1.0,
                    -0.54511
                ],
                [
                    0.0,
                    0.0,
                    0.0,
                    1.0
                ]
            ],
            "size": [
                0.7,
                0.7,
                1.1
            ]
        },
        "collider2": {
            "type": "Box",
            "collider2origin": [
                [
                    -0.7534724703542854,
                    0.5553773726625676,
                    -0.35190227386681366,
                    0.7799143326236
                ],
                [
                    -0.22206164847137244,
                    0.2888140953096063,
                    0.9312760292355163,
                    -0.0025809691847760163
                ],
                [
                    0.6188439712046866,
                    0.7798348493655033,
                    -0.09428545496891759,
                    -0.39069050979785835
                ],
                [
                    0.0,
                    0.0,
                    0.0,
                    1.0
                ]
            ],
            "size": [
                0.09126,
                0.11887,
                0.10009
            ]
        },
        "distance": 0.0
    },
    {
        "case": 11,
        "collider1": {
            "type": "Box",
            "collider2origin": [
                [
                    0.907778172512869,
                    0.4194505805326725,
                    0.0,
                    0.9947946797881562
                ],
                [
                    -0.4194505805326725,
                    0.907778172512869,
                    0.0,
                    0.5317739604993647
                ],
                [
                    0.0,
                    0.0,
                    1.0,
                    -0.69
                ],
                [
                    0.0,
                    0.0,
                    0.0,
                    1.0
                ]
            ],
            "size": [
                0.6,
                1.2,
                0.75
            ]
        },
        "collider2": {
            "type": "Box",
            "collider2origin": [
                [
                    -0.03332395738494623,
                    0.9354433726910317,
                    -0.35190227386681366,
                    0.813516111138356
                ],
                [
                    0.08820011847531022,
                    0.3534765854653898,
                    0.9312760292355163,
                    -0.10645334842471488
                ],
                [
                    0.9955452038783309,
                    -4.019534917736872e-06,
                    -0.09428545496891759,
                    -0.38229487519001837
                ],
                [
                    0.0,
                    0.0,
                    0.0,
                    1.0
                ]
            ],
            "size": [
                0.09102,
                0.10007,
                0.11882
            ]
        },
        "distance": 0.0
    },
    {
        "case": 12,
        "collider1": {
            "type": "Box",
            "collider2origin": [
                [
                    0.907778172512869,
                    0.4194505805326725,
                    0.0,
                    0.9947946797881562
                ],
                [
                    -0.4194505805326725,
                    0.907778172512869,
                    0.0,
                    0.5317739604993647
                ],
                [
                    0.0,
                    0.0,
                    1.0,
                    -0.69
                ],
                [
                    0.0,
                    0.0,
                    0.0,
                    1.0
                ]
            ],
            "size": [
                0.6,
                1.2,
                0.75
            ]
        },
        "collider2": {
            "type": "Box",
            "collider2origin": [
                [
                    0.2101343866748533,
                    0.5553816207637452,
                    0.8046084730194052,
                    0.8208768421259216
                ],
                [
                    0.8585847656865717,
                    0.2888091186391225,
                    -0.4235817431403628,
                    0.02209378349332758
                ],
                [
                    -0.4676277789735315,
                    0.7798336670782615,
                    -0.41615347171873157,
                    -0.333237408658969
                ],
                [
                    0.0,
                    0.0,
                    0.0,
                    1.0
                ]
            ],
            "size": [
                0.08993,
                0.0305,
                0.09007
            ]
        },
        "distance": 0.0
    }
]