[
    {
        "case": 0,
        "collider1": {
            "type": "Box",
            "collider2origin": [
                [
                    0.9077781725128689,
                    0.4194505805326724,
                    0.0,
                    0.4158817547107895
                ],
                [
                    -0.4194505805326724,
                    0.9077781725128689,
                    0.0,
                    0.733173894971941
                ],
                [
                    0.0,
                    0.0,
                    1.0,
                    -0.6599999999999999
                ],
                [
                    0.0,
                    0.0,
                    0.0,
                    1.0
                ]
            ],
            "size": [
                0.6,
                1.0,
                0.8
            ]
        },
        "collider2": {
            "type": "Box",
            "collider2origin": [
                [
                    0.5564494053360045,
                    -0.8044436432636319,
                    -0.2079290362454022,
                    0.39979884935286925
                ],
                [
                    -0.7535485885899011,
                    -0.594028976365737,
                    0.2815920806273548,
                    0.5837152718658114
                ],
                [
                    -0.350040831811626,
                    -7.114022838552764e-06,
                    -0.9367344426324972,
                    -0.8797799602914207
                ],
                [
                    0.0,
                    0.0,
                    0.0,
                    1.0
                ]
            ],
            "size": [
                0.1202,
                0.13634,
                0.67816
            ]
        },
        "distance": 0.0
    },
    {
        "case": 1,
        "collider1": {
            "type": "Box",
            "collider2origin": [
                [
                    0.907778172512869,
                    0.4194505805326725,
                    0.0,
                    0.9947946797881562
                ],
                [
                    -0.4194505805326725,
                    0.907778172512869,
                    0.0,
                    0.5317739604993647
                ],
                [
                    0.0,
                    0.0,
                    1.0,
                    -0.69
                ],
                [
                    0.0,
                    0.0,
                    0.0,
                    1.0
                ]
            ],
            "size": [
                0.6,
                1.2,
                0.75
            ]
        },
        "collider2": {
            "type": "Box",
            "collider2origin": [
                [
                    0.5564494053360045,
                    -0.8044436432636319,
                    -0.2079290362454022,
                    0.39979884935286925
                ],
                [
                    -0.7535485885899011,
                    -0.594028976365737,
                    0.2815920806273548,
                    0.5837152718658114
                ],
                [
                    -0.350040831811626,
                    -7.114022838552764e-06,
                    -0.9367344426324972,
                    -0.8797799602914207
                ],
                [
                    0.0,
                    0.0,
                    0.0,
                    1.0
                ]
            ],
            "size": [
                0.1202,
                0.13634,
                0.67816
            ]
        },
        "distance": 0.0757078351967866
    },
    {
        "case": 2,
        "collider1": {
            "type": "Box",
            "collider2origin": [
                [
                    0.9077781725128689,
                    0.4194505805326724,
                    0.0,
                    0.4158817547107895
                ],
                [
                    -0.4194505805326724,
                    0.9077781725128689,
                    0.0,
                    0.733173894971941
                ],
                [
                    0.0,
                    0.0,
                    1.0,
                    -0.6599999999999999
                ],
                [
                    0.0,
                    0.0,
                    0.0,
                    1.0
                ]
            ],
            "size": [
                0.6,
                1.0,
                0.8
            ]
        },
        "collider2": {
            "type": "Box",
            "collider2origin": [
                [
                    0.49934679437129625,
                    -0.8044416976252182,
                    0.32175508398930935,
                    0.2560591416259239
                ],
                [
                    -0.6762250314610815,
                    -0.5940316111758251,
                    -0.43571338256853315,
                    0.5656832812729675
                ],
                [
                    0.5416387040976393,
                    -6.760943162388892e-06,
                    -0.8406113930810832,
                    -0.3549124080816527
                ],
                [
                    0.0,
                    0.0,
                    0.0,
                    1.0
                ]
            ],
            "size": [
                0.15068,
                0.17726,
                0.74884
            ]
        },
        "distance": 0.0
    },
    {
        "case": 3,
        "collider1": {
            "type": "Box",
            "collider2origin": [
                [
                    0.9077781725128689,
                    0.4194505805326724,
                    0.0,
                    0.27063700059322826
                ],
                [
                    -0.4194505805326724,
                    0.9077781725128689,
                    0.0,
                    0.8002854543438492
                ],
                [
                    0.0,
                    0.0,
                    1.0,
                    -0.25
                ],
                [
                    0.0,
                    0.0,
                    0.0,
                    1.0
                ]
            ],
            "size": [
                0.2,
                0.2,
                0.02
            ]
        },
        "collider2": {
            "type": "Box",
            "collider2origin": [
                [
                    0.49934679437129625,
                    -0.8044416976252182,
                    0.32175508398930935,
                    0.2560591416259239
                ],
                [
                    -0.6762250314610815,
                    -0.5940316111758251,
                    -0.43571338256853315,
                    0.5656832812729675
                ],
                [
                    0.5416387040976393,
                    -6.760943162388892e-06,
                    -0.8406113930810832,
                    -0.3549124080816527
                ],
                [
                    0.0,
                    0.0,
                    0.0,
                    1.0
                ]
            ],
            "size": [
                0.15068,
                0.17726,
                0.74884
            ]
        },
        "distance": 0.0
    },
    {
        "case": 4,
        "collider1": {
            "type": "Box",
            "collider2origin": [
                [
                    0.907778172512869,
                    0.4194505805326725,
                    0.0,
                    0.9947946797881562
                ],
                [
                    -0.4194505805326725,
                    0.907778172512869,
                    0.0,
                    0.5317739604993647
                ],
                [
                    0.0,
                    0.0,
                    1.0,
                    -0.69
                ],
                [
                    0.0,
                    0.0,
                    0.0,
                    1.0
                ]
            ],
            "size": [
                0.6,
                1.2,
                0.75
            ]
        },
        "collider2": {
            "type": "Box",
            "collider2origin": [
                [
                    0.49934679437129625,
                    -0.8044416976252182,
                    0.32175508398930935,
                    0.2560591416259239
                ],
                [
                    -0.6762250314610815,
                    -0.5940316111758251,
                    -0.43571338256853315,
                    0.5656832812729675
                ],
                [
                    0.5416387040976393,
                    -6.760943162388892e-06,
                    -0.8406113930810832,
                    -0.3549124080816527
                ],
                [
                    0.0,
                    0.0,
                    0.0,
                    1.0
                ]
            ],
            "size": [
                0.15068,
                0.17726,
                0.74884
            ]
        },
        "distance": 0.10888096647812745
    },
    {
        "case": 5,
        "collider1": {
            "type": "Box",
            "collider2origin": [
                [
                    0.9077781725128689,
                    0.4194505805326724,
                    0.0,
                    0.4158817547107895
                ],
                [
                    -0.4194505805326724,
                    0.9077781725128689,
                    0.0,
                    0.733173894971941
                ],
                [
                    0.0,
                    0.0,
                    1.0,
                    -0.6599999999999999
                ],
                [
                    0.0,
                    0.0,
                    0.0,
                    1.0
                ]
            ],
            "size": [
                0.6,
                1.0,
                0.8
            ]
        },
        "collider2": {
            "type": "Box",
            "collider2origin": [
                [
                    0.49934679437129625,
                    -0.8044416976252182,
                    0.32175508398930935,
                    0.2560591416259239
                ],
                [
                    -0.6762250314610815,
                    -0.5940316111758251,
                    -0.43571338256853315,
                    0.5656832812729675
                ],
                [
                    0.5416387040976393,
                    -6.760943162388892e-06,
                    -0.8406113930810832,
                    -0.3549124080816527
                ],
                [
                    0.0,
                    0.0,
                    0.0,
                    1.0
                ]
            ],
            "size": [
                0.15068,
                0.17726,
                0.74884
            ]
        },
        "distance": 0.0
    },
    {
        "case": 6,
        "collider1": {
            "type": "Box",
            "collider2origin": [
                [
                    0.9077781725128689,
                    0.4194505805326724,
                    0.0,
                    0.27063700059322826
                ],
                [
                    -0.4194505805326724,
                    0.9077781725128689,
                    0.0,
                    0.8002854543438492
                ],
                [
                    0.0,
                    0.0,
                    1.0,
                    -0.25
                ],
                [
                    0.0,
                    0.0,
                    0.0,
                    1.0
                ]
            ],
            "size": [
                0.2,
                0.2,
                0.02
            ]
        },
        "collider2": {
            "type": "Box",
            "collider2origin": [
                [
                    0.49934679437129625,
                    -0.8044416976252182,
                    0.32175508398930935,
                    0.2560591416259239
                ],
                [
                    -0.6762250314610815,
                    -0.5940316111758251,
                    -0.43571338256853315,
                    0.5656832812729675
                ],
                [
                    0.5416387040976393,
                    -6.760943162388892e-06,
                    -0.8406113930810832,
                    -0.3549124080816527
                ],
                [
                    0.0,
                    0.0,
                    0.0,
                    1.0
                ]
            ],
            "size": [
                0.15068,
                0.17726,
                0.74884
            ]
        },
        "distance": 0.0
    },
    {
        "case": 7,
        "collider1": {
            "type": "Box",
            "collider2origin": [
                [
                    0.907778172512869,
                    0.4194505805326725,
                    0.0,
                    0.9947946797881562
                ],
                [
                    -0.4194505805326725,
                    0.907778172512869,
                    0.0,
                    0.5317739604993647
                ],
                [
                    0.0,
                    0.0,
                    1.0,
                    -0.69
                ],
                [
                    0.0,
                    0.0,
                    0.0,
                    1.0
                ]
            ],
            "size": [
                0.6,
                1.2,
                0.75
            ]
        },
        "collider2": {
            "type": "Box",
            "collider2origin": [
                [
                    0.49934679437129625,
                    -0.8044416976252182,
                    0.32175508398930935,
                    0.2560591416259239
                ],
                [
                    -0.6762250314610815,
                    -0.5940316111758251,
                    -0.43571338256853315,
                    0.5656832812729675
                ],
                [
                    0.5416387040976393,
                    -6.760943162388892e-06,
                    -0.8406113930810832,
                    -0.3549124080816527
                ],
                [
                    0.0,
                    0.0,
                    0.0,
                    1.0
                ]
            ],
            "size": [
                0.15068,
                0.17726,
                0.74884
            ]
        },
        "distance": 0.10888096647812745
    }
]