[
    {
        "case": 0,
        "collider1": {
            "type": "Box",
            "collider2origin": [
                [
                    0.9077781725128689,
                    0.4194505805326724,
                    0.0,
                    0.4158817547107895
                ],
                [
                    -0.4194505805326724,
                    0.9077781725128689,
                    0.0,
                    0.733173894971941
                ],
                [
                    0.0,
                    0.0,
                    1.0,
                    -0.6599999999999999
                ],
                [
                    0.0,
                    0.0,
                    0.0,
                    1.0
                ]
            ],
            "size": [
                0.6,
                1.0,
                0.8
            ]
        },
        "collider2": {
            "type": "Box",
            "collider2origin": [
                [
                    0.2662336554733821,
                    0.9586098672868578,
                    0.10092949535964789,
                    0.49756624851670156
                ],
                [
                    0.8963511581436897,
                    -0.2847228868386789,
                    0.3398344876623251,
                    0.8521554396515448
                ],
                [
                    0.3545056304034488,
                    -7.107849786251292e-06,
                    -0.9350538797105393,
                    -0.3832238137160391
                ],
                [
                    0.0,
                    0.0,
                    0.0,
                    1.0
                ]
            ],
            "size": [
                0.15068,
                0.17726,
                0.74884
            ]
        },
        "distance": 0.0
    },
    {
        "case": 1,
        "collider1": {
            "type": "Box",
            "collider2origin": [
                [
                    0.9077781725128689,
                    0.4194505805326724,
                    0.0,
                    0.27063700059322826
                ],
                [
                    -0.4194505805326724,
                    0.9077781725128689,
                    0.0,
                    0.8002854543438492
                ],
                [
                    0.0,
                    0.0,
                    1.0,
                    -0.25
                ],
                [
                    0.0,
                    0.0,
                    0.0,
                    1.0
                ]
            ],
            "size": [
                0.2,
                0.2,
                0.02
            ]
        },
        "collider2": {
            "type": "Box",
            "collider2origin": [
                [
                    0.2662336554733821,
                    0.9586098672868578,
                    0.10092949535964789,
                    0.49756624851670156
                ],
                [
                    0.8963511581436897,
                    -0.2847228868386789,
                    0.3398344876623251,
                    0.8521554396515448
                ],
                [
                    0.3545056304034488,
                    -7.107849786251292e-06,
                    -0.9350538797105393,
                    -0.3832238137160391
                ],
                [
                    0.0,
                    0.0,
                    0.0,
                    1.0
                ]
            ],
            "size": [
                0.15068,
                0.17726,
                0.74884
            ]
        },
        "distance": 0.0008132664242276135
    },
    {
        "case": 2,
        "collider1": {
            "type": "Box",
            "collider2origin": [
                [
                    0.907778172512869,
                    0.4194505805326725,
                    0.0,
                    0.9947946797881562
                ],
                [
                    -0.4194505805326725,
                    0.907778172512869,
                    0.0,
                    0.5317739604993647
                ],
                [
                    0.0,
                    0.0,
                    1.0,
                    -0.69
                ],
                [
                    0.0,
                    0.0,
                    0.0,
                    1.0
                ]
            ],
            "size": [
                0.6,
                1.2,
                0.75
            ]
        },
        "collider2": {
            "type": "Box",
            "collider2origin": [
                [
                    0.2662336554733821,
                    0.9586098672868578,
                    0.10092949535964789,
                    0.49756624851670156
                ],
                [
                    0.8963511581436897,
                    -0.2847228868386789,
                    0.3398344876623251,
                    0.8521554396515448
                ],
                [
                    0.3545056304034488,
                    -7.107849786251292e-06,
                    -0.9350538797105393,
                    -0.3832238137160391
                ],
                [
                    0.0,
                    0.0,
                    0.0,
                    1.0
                ]
            ],
            "size": [
                0.15068,
                0.17726,
                0.74884
            ]
        },
        "distance": 0.18248813103722786
    },
    {
        "case": 3,
        "collider1": {
            "type": "Box",
            "collider2origin": [
                [
                    0.9077781725128689,
                    0.4194505805326724,
                    0.0,
                    0.4158817547107895
                ],
                [
                    -0.4194505805326724,
                    0.9077781725128689,
                    0.0,
                    0.733173894971941
                ],
                [
                    0.0,
                    0.0,
                    1.0,
                    -0.6599999999999999
                ],
                [
                    0.0,
                    0.0,
                    0.0,
                    1.0
                ]
            ],
            "size": [
                0.6,
                1.0,
                0.8
            ]
        },
        "collider2": {
            "type": "Box",
            "collider2origin": [
                [
                    0.2662336554733821,
                    0.9586098672868578,
                    0.10092949535964789,
                    0.49756624851670156
                ],
                [
                    0.8963511581436897,
                    -0.2847228868386789,
                    0.3398344876623251,
                    0.8521554396515448
                ],
                [
                    0.3545056304034488,
                    -7.107849786251292e-06,
                    -0.9350538797105393,
                    -0.3832238137160391
                ],
                [
                    0.0,
                    0.0,
                    0.0,
                    1.0
                ]
            ],
            "size": [
                0.15068,
                0.17726,
                0.74884
            ]
        },
        "distance": 0.0
    },
    {
        "case": 4,
        "collider1": {
            "type": "Box",
            "collider2origin": [
                [
                    0.9077781725128689,
                    0.4194505805326724,
                    0.0,
                    0.27063700059322826
                ],
                [
                    -0.4194505805326724,
                    0.9077781725128689,
                    0.0,
                    0.8002854543438492
                ],
                [
                    0.0,
                    0.0,
                    1.0,
                    -0.25
                ],
                [
                    0.0,
                    0.0,
                    0.0,
                    1.0
                ]
            ],
            "size": [
                0.2,
                0.2,
                0.02
            ]
        },
        "collider2": {
            "type": "Box",
            "collider2origin": [
                [
                    0.2662336554733821,
                    0.9586098672868578,
                    0.10092949535964789,
                    0.49756624851670156
                ],
                [
                    0.8963511581436897,
                    -0.2847228868386789,
                    0.3398344876623251,
                    0.8521554396515448
                ],
                [
                    0.3545056304034488,
                    -7.107849786251292e-06,
                    -0.9350538797105393,
                    -0.3832238137160391
                ],
                [
                    0.0,
                    0.0,
                    0.0,
                    1.0
                ]
            ],
            "size": [
                0.15068,
                0.17726,
                0.74884
            ]
        },
        "distance": 0.0008132664242276135
    },
    {
        "case": 5,
        "collider1": {
            "type": "Box",
            "collider2origin": [
                [
                    0.907778172512869,
                    0.4194505805326725,
                    0.0,
                    0.9947946797881562
                ],
                [
                    -0.4194505805326725,
                    0.907778172512869,
                    0.0,
                    0.5317739604993647
                ],
                [
                    0.0,
                    0.0,
                    1.0,
                    -0.69
                ],
                [
                    0.0,
                    0.0,
                    0.0,
                    1.0
                ]
            ],
            "size": [
                0.6,
                1.2,
                0.75
            ]
        },
        "collider2": {
            "type": "Box",
            "collider2origin": [
                [
                    0.2662336554733821,
                    0.9586098672868578,
                    0.10092949535964789,
                    0.49756624851670156
                ],
                [
                    0.8963511581436897,
                    -0.2847228868386789,
                    0.3398344876623251,
                    0.8521554396515448
                ],
                [
                    0.3545056304034488,
                    -7.107849786251292e-06,
                    -0.9350538797105393,
                    -0.3832238137160391
                ],
                [
                    0.0,
                    0.0,
                    0.0,
                    1.0
                ]
            ],
            "size": [
                0.15068,
                0.17726,
                0.74884
            ]
        },
        "distance": 0.18248813103722786
    },
    {
        "case": 6,
        "collider1": {
            "type": "Box",
            "collider2origin": [
                [
                    0.9077781725128689,
                    0.4194505805326724,
                    0.0,
                    0.4158817547107895
                ],
                [
                    -0.4194505805326724,
                    0.9077781725128689,
                    0.0,
                    0.733173894971941
                ],
                [
                    0.0,
                    0.0,
                    1.0,
                    -0.6599999999999999
                ],
                [
                    0.0,
                    0.0,
                    0.0,
                    1.0
                ]
            ],
            "size": [
                0.6,
                1.0,
                0.8
            ]
        },
        "collider2": {
            "type": "Box",
            "collider2origin": [
                [
                    -0.2784226087758303,
                    0.9586092777233013,
                    -0.05957435341882673,
                    0.3912927194999357
                ],
                [
                    -0.937390812166567,
                    -0.28472487187248624,
                    -0.20057470579038725,
                    0.9380815949309989
                ],
                [
                    -0.2092350739913485,
                    -8.130503218363248e-08,
                    0.9778653710055532,
                    -0.40075425192879544
                ],
                [
                    0.0,
                    0.0,
                    0.0,
                    1.0
                ]
            ],
            "size": [
                0.1202,
                0.13634,
                0.67816
            ]
        },
        "distance": 0.0
    },
    {
        "case": 7,
        "collider1": {
            "type": "Box",
            "collider2origin": [
                [
                    0.9077781725128689,
                    0.4194505805326724,
                    0.0,
                    0.27063700059322826
                ],
                [
                    -0.4194505805326724,
                    0.9077781725128689,
                    0.0,
                    0.8002854543438492
                ],
                [
                    0.0,
                    0.0,
                    1.0,
                    -0.25
                ],
                [
                    0.0,
                    0.0,
                    0.0,
                    1.0
                ]
            ],
            "size": [
                0.2,
                0.2,
                0.02
            ]
        },
        "collider2": {
            "type": "Box",
            "collider2origin": [
                [
                    -0.2784226087758303,
                    0.9586092777233013,
                    -0.05957435341882673,
                    0.3912927194999357
                ],
                [
                    -0.937390812166567,
                    -0.28472487187248624,
                    -0.20057470579038725,
                    0.9380815949309989
                ],
                [
                    -0.2092350739913485,
                    -8.130503218363248e-08,
                    0.9778653710055532,
                    -0.40075425192879544
                ],
                [
                    0.0,
                    0.0,
                    0.0,
                    1.0
                ]
            ],
            "size": [
                0.1202,
                0.13634,
                0.67816
            ]
        },
        "distance": 0.0
    },
    {
        "case": 8,
        "collider1": {
            "type": "Box",
            "collider2origin": [
                [
                    0.907778172512869,
                    0.4194505805326725,
                    0.0,
                    0.9947946797881562
                ],
                [
                    -0.4194505805326725,
                    0.907778172512869,
                    0.0,
                    0.5317739604993647
                ],
                [
                    0.0,
                    0.0,
                    1.0,
                    -0.69
                ],
                [
                    0.0,
                    0.0,
                    0.0,
                    1.0
                ]
            ],
            "size": [
                0.6,
                1.2,
                0.75
            ]
        },
        "collider2": {
            "type": "Box",
            "collider2origin": [
                [
                    -0.2784226087758303,
                    0.9586092777233013,
                    -0.05957435341882673,
                    0.3912927194999357
                ],
                [
                    -0.937390812166567,
                    -0.28472487187248624,
                    -0.20057470579038725,
                    0.9380815949309989
                ],
                [
                    -0.2092350739913485,
                    -8.130503218363248e-08,
                    0.9778653710055532,
                    -0.40075425192879544
                ],
                [
                    0.0,
                    0.0,
                    0.0,
                    1.0
                ]
            ],
            "size": [
                0.1202,
                0.13634,
                0.67816
            ]
        },
        "distance": 0.33918609936810623
    }
]