[
    {
        "case": 0,
        "collider1": {
            "type": "Box",
            "collider2origin": [
                [
                    0.9077781725128689,
                    0.4194505805326724,
                    0.0,
                    0.4158817547107895
                ],
                [
                    -0.4194505805326724,
                    0.9077781725128689,
                    0.0,
                    0.733173894971941
                ],
                [
                    0.0,
                    0.0,
                    1.0,
                    -0.6599999999999999
                ],
                [
                    0.0,
                    0.0,
                    0.0,
                    1.0
                ]
            ],
            "size": [
                0.6,
                1.0,
                0.8
            ]
        },
        "collider2": {
            "type": "Box",
            "collider2origin": [
                [
                    0.532661752993284,
                    0.580642595671029,
                    0.6157317865682521,
                    0.07885868925802608
                ],
                [
                    -0.3798855345773663,
                    0.8141585693774871,
                    -0.43912732154589507,
                    1.0169143679905246
                ],
                [
                    -0.7562793382851275,
                    -1.2700148753281045e-06,
                    0.6542488536339951,
                    -0.24511454359653473
                ],
                [
                    0.0,
                    0.0,
                    0.0,
                    1.0
                ]
            ],
            "size": [
                0.1202,
                0.13634,
                0.67816
            ]
        },
        "distance": 0.025736440033024104
    },
    {
        "case": 1,
        "collider1": {
            "type": "Box",
            "collider2origin": [
                [
                    0.9077781725128689,
                    0.4194505805326724,
                    0.0,
                    0.27063700059322826
                ],
                [
                    -0.4194505805326724,
                    0.9077781725128689,
                    0.0,
                    0.8002854543438492
                ],
                [
                    0.0,
                    0.0,
                    1.0,
                    -0.25
                ],
                [
                    0.0,
                    0.0,
                    0.0,
                    1.0
                ]
            ],
            "size": [
                0.2,
                0.2,
                0.02
            ]
        },
        "collider2": {
            "type": "Box",
            "collider2origin": [
                [
                    0.532661752993284,
                    0.580642595671029,
                    0.6157317865682521,
                    0.07885868925802608
                ],
                [
                    -0.3798855345773663,
                    0.8141585693774871,
                    -0.43912732154589507,
                    1.0169143679905246
                ],
                [
                    -0.7562793382851275,
                    -1.2700148753281045e-06,
                    0.6542488536339951,
                    -0.24511454359653473
                ],
                [
                    0.0,
                    0.0,
                    0.0,
                    1.0
                ]
            ],
            "size": [
                0.1202,
                0.13634,
                0.67816
            ]
        },
        "distance": 0.04404829496703249
    },
    {
        "case": 2,
        "collider1": {
            "type": "Box",
            "collider2origin": [
                [
                    0.9081427509232697,
                    -0.4186606548811531,
                    0.0,
                    -0.09474126814702305
                ],
                [
                    0.41866065488115317,
                    0.9081427509232698,
                    0.0,
                    1.368923948110301
                ],
                [
                    0.0,
                    0.0,
                    1.0,
                    -0.21500000000000008
                ],
                [
                    0.0,
                    0.0,
                    0.0,
                    1.0
                ]
            ],
            "size": [
                0.2,
                0.3,
                0.22
            ]
        },
        "collider2": {
            "type": "Box",
            "collider2origin": [
                [
                    0.532661752993284,
                    0.580642595671029,
                    0.6157317865682521,
                    0.07885868925802608
                ],
                [
                    -0.3798855345773663,
                    0.8141585693774871,
                    -0.43912732154589507,
                    1.0169143679905246
                ],
                [
                    -0.7562793382851275,
                    -1.2700148753281045e-06,
                    0.6542488536339951,
                    -0.24511454359653473
                ],
                [
                    0.0,
                    0.0,
                    0.0,
                    1.0
                ]
            ],
            "size": [
                0.1202,
                0.13634,
                0.67816
            ]
        },
        "distance": 0.03430689306822152
    },
    {
        "case": 3,
        "collider1": {
            "type": "Box",
            "collider2origin": [
                [
                    0.9798474486812189,
                    -0.1997472836183421,
                    0.0,
                    -0.20628161272202655
                ],
                [
                    0.19974728361834207,
                    0.9798474486812188,
                    0.0,
                    1.335871448475788
                ],
                [
                    0.0,
                    0.0,
                    1.0,
                    -0.21500000000000008
                ],
                [
                    0.0,
                    0.0,
                    0.0,
                    1.0
                ]
            ],
            "size": [
                0.2,
                0.3,
                0.22
            ]
        },
        "collider2": {
            "type": "Box",
            "collider2origin": [
                [
                    0.532661752993284,
                    0.580642595671029,
                    0.6157317865682521,
                    0.07885868925802608
                ],
                [
                    -0.3798855345773663,
                    0.8141585693774871,
                    -0.43912732154589507,
                    1.0169143679905246
                ],
                [
                    -0.7562793382851275,
                    -1.2700148753281045e-06,
                    0.6542488536339951,
                    -0.24511454359653473
                ],
                [
                    0.0,
                    0.0,
                    0.0,
                    1.0
                ]
            ],
            "size": [
                0.1202,
                0.13634,
                0.67816
            ]
        },
        "distance": 0.03613603690126207
    },
    {
        "case": 4,
        "collider1": {
            "type": "Cylinder",
            "collider2origin": [
                [
                    0.907778172512869,
                    0.4194505805326725,
                    0.0,
                    -0.07232761537572224
                ],
                [
                    -0.4194505805326725,
                    0.907778172512869,
                    0.0,
                    1.2000044650142188
                ],
                [
                    0.0,
                    0.0,
                    1.0,
                    -0.5800000000000001
                ],
                [
                    0.0,
                    0.0,
                    0.0,
                    1.0
                ]
            ],
            "radius": 0.04,
            "height": 0.96
        },
        "collider2": {
            "type": "Box",
            "collider2origin": [
                [
                    0.532661752993284,
                    0.580642595671029,
                    0.6157317865682521,
                    0.07885868925802608
                ],
                [
                    -0.3798855345773663,
                    0.8141585693774871,
                    -0.43912732154589507,
                    1.0169143679905246
                ],
                [
                    -0.7562793382851275,
                    -1.2700148753281045e-06,
                    0.6542488536339951,
                    -0.24511454359653473
                ],
                [
                    0.0,
                    0.0,
                    0.0,
                    1.0
                ]
            ],
            "size": [
                0.1202,
                0.13634,
                0.67816
            ]
        },
        "distance": 0.0
    },
    {
        "case": 5,
        "collider1": {
            "type": "Box",
            "collider2origin": [
                [
                    0.9077781725128689,
                    0.4194505805326724,
                    0.0,
                    0.4158817547107895
                ],
                [
                    -0.4194505805326724,
                    0.9077781725128689,
                    0.0,
                    0.733173894971941
                ],
                [
                    0.0,
                    0.0,
                    1.0,
                    -0.6599999999999999
                ],
                [
                    0.0,
                    0.0,
                    0.0,
                    1.0
                ]
            ],
            "size": [
                0.6,
                1.0,
                0.8
            ]
        },
        "collider2": {
            "type": "Box",
            "collider2origin": [
                [
                    -0.43356944348191573,
                    0.5806378027070261,
                    -0.6891134012238759,
                    0.19467513566537847
                ],
                [
                    0.3092155830386421,
                    0.8141619875896117,
                    0.49145292874313573,
                    1.089494969682415
                ],
                [
                    0.8464060850944153,
                    -5.629326463545003e-06,
                    -0.5325380165616874,
                    -0.2625297781437217
                ],
                [
                    0.0,
                    0.0,
                    0.0,
                    1.0
                ]
            ],
            "size": [
                0.15068,
                0.17726,
                0.74884
            ]
        },
        "distance": 0.0
    },
    {
        "case": 6,
        "collider1": {
            "type": "Box",
            "collider2origin": [
                [
                    0.9077781725128689,
                    0.4194505805326724,
                    0.0,
                    0.27063700059322826
                ],
                [
                    -0.4194505805326724,
                    0.9077781725128689,
                    0.0,
                    0.8002854543438492
                ],
                [
                    0.0,
                    0.0,
                    1.0,
                    -0.25
                ],
                [
                    0.0,
                    0.0,
                    0.0,
                    1.0
                ]
            ],
            "size": [
                0.2,
                0.2,
                0.02
            ]
        },
        "collider2": {
            "type": "Box",
            "collider2origin": [
                [
                    -0.43356944348191573,
                    0.5806378027070261,
                    -0.6891134012238759,
                    0.19467513566537847
                ],
                [
                    0.3092155830386421,
                    0.8141619875896117,
                    0.49145292874313573,
                    1.089494969682415
                ],
                [
                    0.8464060850944153,
                    -5.629326463545003e-06,
                    -0.5325380165616874,
                    -0.2625297781437217
                ],
                [
                    0.0,
                    0.0,
                    0.0,
                    1.0
                ]
            ],
            "size": [
                0.15068,
                0.17726,
                0.74884
            ]
        },
        "distance": 0.010247667177756338
    },
    {
        "case": 7,
        "collider1": {
            "type": "Box",
            "collider2origin": [
                [
                    0.907778172512869,
                    0.4194505805326725,
                    0.0,
                    0.9947946797881562
                ],
                [
                    -0.4194505805326725,
                    0.907778172512869,
                    0.0,
                    0.5317739604993647
                ],
                [
                    0.0,
                    0.0,
                    1.0,
                    -0.69
                ],
                [
                    0.0,
                    0.0,
                    0.0,
                    1.0
                ]
            ],
            "size": [
                0.6,
                1.2,
                0.75
            ]
        },
        "collider2": {
            "type": "Box",
            "collider2origin": [
                [
                    -0.43356944348191573,
                    0.5806378027070261,
                    -0.6891134012238759,
                    0.19467513566537847
                ],
                [
                    0.3092155830386421,
                    0.8141619875896117,
                    0.49145292874313573,
                    1.089494969682415
                ],
                [
                    0.8464060850944153,
                    -5.629326463545003e-06,
                    -0.5325380165616874,
                    -0.2625297781437217
                ],
                [
                    0.0,
                    0.0,
                    0.0,
                    1.0
                ]
            ],
            "size": [
                0.15068,
                0.17726,
                0.74884
            ]
        },
        "distance": 0.3481690088311575
    },
    {
        "case": 8,
        "collider1": {
            "type": "Box",
            "collider2origin": [
                [
                    0.718022042059392,
                    -0.6960203640101781,
                    0.0,
                    0.13748258467077087
                ],
                [
                    0.6960203640101781,
                    0.718022042059392,
                    0.0,
                    1.5384737068316263
                ],
                [
                    0.0,
                    0.0,
                    1.0,
                    -0.21500000000000008
                ],
                [
                    0.0,
                    0.0,
                    0.0,
                    1.0
                ]
            ],
            "size": [
                0.2,
                0.3,
                0.22
            ]
        },
        "collider2": {
            "type": "Box",
            "collider2origin": [
                [
                    -0.43356944348191573,
                    0.5806378027070261,
                    -0.6891134012238759,
                    0.19467513566537847
                ],
                [
                    0.3092155830386421,
                    0.8141619875896117,
                    0.49145292874313573,
                    1.089494969682415
                ],
                [
                    0.8464060850944153,
                    -5.629326463545003e-06,
                    -0.5325380165616874,
                    -0.2625297781437217
                ],
                [
                    0.0,
                    0.0,
                    0.0,
                    1.0
                ]
            ],
            "size": [
                0.15068,
                0.17726,
                0.74884
            ]
        },
        "distance": 0.11827740833547182
    },
    {
        "case": 9,
        "collider1": {
            "type": "Box",
            "collider2origin": [
                [
                    0.8404842512412337,
                    -0.5418359746412772,
                    0.0,
                    0.011439976095501792
                ],
                [
                    0.5418359746412771,
                    0.8404842512412338,
                    0.0,
                    1.4325762997644957
                ],
                [
                    0.0,
                    0.0,
                    1.0,
                    -0.21500000000000008
                ],
                [
                    0.0,
                    0.0,
                    0.0,
                    1.0
                ]
            ],
            "size": [
                0.2,
                0.3,
                0.22
            ]
        },
        "collider2": {
            "type": "Box",
            "collider2origin": [
                [
                    -0.43356944348191573,
                    0.5806378027070261,
                    -0.6891134012238759,
                    0.19467513566537847
                ],
                [
                    0.3092155830386421,
                    0.8141619875896117,
                    0.49145292874313573,
                    1.089494969682415
                ],
                [
                    0.8464060850944153,
                    -5.629326463545003e-06,
                    -0.5325380165616874,
                    -0.2625297781437217
                ],
                [
                    0.0,
                    0.0,
                    0.0,
                    1.0
                ]
            ],
            "size": [
                0.15068,
                0.17726,
                0.74884
            ]
        },
        "distance": 0.0
    },
    {
        "case": 10,
        "collider1": {
            "type": "Box",
            "collider2origin": [
                [
                    0.9081427509232697,
                    -0.4186606548811531,
                    0.0,
                    -0.09474126814702305
                ],
                [
                    0.41866065488115317,
                    0.9081427509232698,
                    0.0,
                    1.368923948110301
                ],
                [
                    0.0,
                    0.0,
                    1.0,
                    -0.21500000000000008
                ],
                [
                    0.0,
                    0.0,
                    0.0,
                    1.0
                ]
            ],
            "size": [
                0.2,
                0.3,
                0.22
            ]
        },
        "collider2": {
            "type": "Box",
            "collider2origin": [
                [
                    -0.43356944348191573,
                    0.5806378027070261,
                    -0.6891134012238759,
                    0.19467513566537847
                ],
                [
                    0.3092155830386421,
                    0.8141619875896117,
                    0.49145292874313573,
                    1.089494969682415
                ],
                [
                    0.8464060850944153,
                    -5.629326463545003e-06,
                    -0.5325380165616874,
                    -0.2625297781437217
                ],
                [
                    0.0,
                    0.0,
                    0.0,
                    1.0
                ]
            ],
            "size": [
                0.15068,
                0.17726,
                0.74884
            ]
        },
        "distance": 0.0
    },
    {
        "case": 11,
        "collider1": {
            "type": "Box",
            "collider2origin": [
                [
                    0.9798474486812189,
                    -0.1997472836183421,
                    0.0,
                    -0.20628161272202655
                ],
                [
                    0.19974728361834207,
                    0.9798474486812188,
                    0.0,
                    1.335871448475788
                ],
                [
                    0.0,
                    0.0,
                    1.0,
                    -0.21500000000000008
                ],
                [
                    0.0,
                    0.0,
                    0.0,
                    1.0
                ]
            ],
            "size": [
                0.2,
                0.3,
                0.22
            ]
        },
        "collider2": {
            "type": "Box",
            "collider2origin": [
                [
                    -0.43356944348191573,
                    0.5806378027070261,
                    -0.6891134012238759,
                    0.19467513566537847
                ],
                [
                    0.3092155830386421,
                    0.8141619875896117,
                    0.49145292874313573,
                    1.089494969682415
                ],
                [
                    0.8464060850944153,
                    -5.629326463545003e-06,
                    -0.5325380165616874,
                    -0.2625297781437217
                ],
                [
                    0.0,
                    0.0,
                    0.0,
                    1.0
                ]
            ],
            "size": [
                0.15068,
                0.17726,
                0.74884
            ]
        },
        "distance": 0.027065908044400264
    },
    {
        "case": 12,
        "collider1": {
            "type": "Cylinder",
            "collider2origin": [
                [
                    0.907778172512869,
                    0.4194505805326725,
                    0.0,
                    -0.07232761537572224
                ],
                [
                    -0.4194505805326725,
                    0.907778172512869,
                    0.0,
                    1.2000044650142188
                ],
                [
                    0.0,
                    0.0,
                    1.0,
                    -0.5800000000000001
                ],
                [
                    0.0,
                    0.0,
                    0.0,
                    1.0
                ]
            ],
            "radius": 0.04,
            "height": 0.96
        },
        "collider2": {
            "type": "Box",
            "collider2origin": [
                [
                    -0.43356944348191573,
                    0.5806378027070261,
                    -0.6891134012238759,
                    0.19467513566537847
                ],
                [
                    0.3092155830386421,
                    0.8141619875896117,
                    0.49145292874313573,
                    1.089494969682415
                ],
                [
                    0.8464060850944153,
                    -5.629326463545003e-06,
                    -0.5325380165616874,
                    -0.2625297781437217
                ],
                [
                    0.0,
                    0.0,
                    0.0,
                    1.0
                ]
            ],
            "size": [
                0.15068,
                0.17726,
                0.74884
            ]
        },
        "distance": 0.0
    },
    {
        "case": 13,
        "collider1": {
            "type": "Box",
            "collider2origin": [
                [
                    0.9077781725128689,
                    0.4194505805326724,
                    0.0,
                    0.4158817547107895
                ],
                [
                    -0.4194505805326724,
                    0.9077781725128689,
                    0.0,
                    0.733173894971941
                ],
                [
                    0.0,
                    0.0,
                    1.0,
                    -0.6599999999999999
                ],
                [
                    0.0,
                    0.0,
                    0.0,
                    1.0
                ]
            ],
            "size": [
                0.6,
                1.0,
                0.8
            ]
        },
        "collider2": {
            "type": "Box",
            "collider2origin": [
                [
                    -0.43356944348191573,
                    0.5806378027070261,
                    -0.6891134012238759,
                    0.19467513566537847
                ],
                [
                    0.3092155830386421,
                    0.8141619875896117,
                    0.49145292874313573,
                    1.089494969682415
                ],
                [
                    0.8464060850944153,
                    -5.629326463545003e-06,
                    -0.5325380165616874,
                    -0.2625297781437217
                ],
                [
                    0.0,
                    0.0,
                    0.0,
                    1.0
                ]
            ],
            "size": [
                0.15068,
                0.17726,
                0.74884
            ]
        },
        "distance": 0.0
    },
    {
        "case": 14,
        "collider1": {
            "type": "Box",
            "collider2origin": [
                [
                    0.9077781725128689,
                    0.4194505805326724,
                    0.0,
                    0.27063700059322826
                ],
                [
                    -0.4194505805326724,
                    0.9077781725128689,
                    0.0,
                    0.8002854543438492
                ],
                [
                    0.0,
                    0.0,
                    1.0,
                    -0.25
                ],
                [
                    0.0,
                    0.0,
                    0.0,
                    1.0
                ]
            ],
            "size": [
                0.2,
                0.2,
                0.02
            ]
        },
        "collider2": {
            "type": "Box",
            "collider2origin": [
                [
                    -0.43356944348191573,
                    0.5806378027070261,
                    -0.6891134012238759,
                    0.19467513566537847
                ],
                [
                    0.3092155830386421,
                    0.8141619875896117,
                    0.49145292874313573,
                    1.089494969682415
                ],
                [
                    0.8464060850944153,
                    -5.629326463545003e-06,
                    -0.5325380165616874,
                    -0.2625297781437217
                ],
                [
                    0.0,
                    0.0,
                    0.0,
                    1.0
                ]
            ],
            "size": [
                0.15068,
                0.17726,
                0.74884
            ]
        },
        "distance": 0.010247667177756338
    },
    {
        "case": 15,
        "collider1": {
            "type": "Box",
            "collider2origin": [
                [
                    0.907778172512869,
                    0.4194505805326725,
                    0.0,
                    0.9947946797881562
                ],
                [
                    -0.4194505805326725,
                    0.907778172512869,
                    0.0,
                    0.5317739604993647
                ],
                [
                    0.0,
                    0.0,
                    1.0,
                    -0.69
                ],
                [
                    0.0,
                    0.0,
                    0.0,
                    1.0
                ]
            ],
            "size": [
                0.6,
                1.2,
                0.75
            ]
        },
        "collider2": {
            "type": "Box",
            "collider2origin": [
                [
                    -0.43356944348191573,
                    0.5806378027070261,
                    -0.6891134012238759,
                    0.19467513566537847
                ],
                [
                    0.3092155830386421,
                    0.8141619875896117,
                    0.49145292874313573,
                    1.089494969682415
                ],
                [
                    0.8464060850944153,
                    -5.629326463545003e-06,
                    -0.5325380165616874,
                    -0.2625297781437217
                ],
                [
                    0.0,
                    0.0,
                    0.0,
                    1.0
                ]
            ],
            "size": [
                0.15068,
                0.17726,
                0.74884
            ]
        },
        "distance": 0.3481690088311575
    },
    {
        "case": 16,
        "collider1": {
            "type": "Box",
            "collider2origin": [
                [
                    0.718022042059392,
                    -0.6960203640101781,
                    0.0,
                    0.13748258467077087
                ],
                [
                    0.6960203640101781,
                    0.718022042059392,
                    0.0,
                    1.5384737068316263
                ],
                [
                    0.0,
                    0.0,
                    1.0,
                    -0.21500000000000008
                ],
                [
                    0.0,
                    0.0,
                    0.0,
                    1.0
                ]
            ],
            "size": [
                0.2,
                0.3,
                0.22
            ]
        },
        "collider2": {
            "type": "Box",
            "collider2origin": [
                [
                    -0.43356944348191573,
                    0.5806378027070261,
                    -0.6891134012238759,
                    0.19467513566537847
                ],
                [
                    0.3092155830386421,
                    0.8141619875896117,
                    0.49145292874313573,
                    1.089494969682415
                ],
                [
                    0.8464060850944153,
                    -5.629326463545003e-06,
                    -0.5325380165616874,
                    -0.2625297781437217
                ],
                [
                    0.0,
                    0.0,
                    0.0,
                    1.0
                ]
            ],
            "size": [
                0.15068,
                0.17726,
                0.74884
            ]
        },
        "distance": 0.11827740833547182
    },
    {
        "case": 17,
        "collider1": {
            "type": "Box",
            "collider2origin": [
                [
                    0.8404842512412337,
                    -0.5418359746412772,
                    0.0,
                    0.011439976095501792
                ],
                [
                    0.5418359746412771,
                    0.8404842512412338,
                    0.0,
                    1.4325762997644957
                ],
                [
                    0.0,
                    0.0,
                    1.0,
                    -0.21500000000000008
                ],
                [
                    0.0,
                    0.0,
                    0.0,
                    1.0
                ]
            ],
            "size": [
                0.2,
                0.3,
                0.22
            ]
        },
        "collider2": {
            "type": "Box",
            "collider2origin": [
                [
                    -0.43356944348191573,
                    0.5806378027070261,
                    -0.6891134012238759,
                    0.19467513566537847
                ],
                [
                    0.3092155830386421,
                    0.8141619875896117,
                    0.49145292874313573,
                    1.089494969682415
                ],
                [
                    0.8464060850944153,
                    -5.629326463545003e-06,
                    -0.5325380165616874,
                    -0.2625297781437217
                ],
                [
                    0.0,
                    0.0,
                    0.0,
                    1.0
                ]
            ],
            "size": [
                0.15068,
                0.17726,
                0.74884
            ]
        },
        "distance": 0.0
    },
    {
        "case": 18,
        "collider1": {
            "type": "Box",
            "collider2origin": [
                [
                    0.9081427509232697,
                    -0.4186606548811531,
                    0.0,
                    -0.09474126814702305
                ],
                [
                    0.41866065488115317,
                    0.9081427509232698,
                    0.0,
                    1.368923948110301
                ],
                [
                    0.0,
                    0.0,
                    1.0,
                    -0.21500000000000008
                ],
                [
                    0.0,
                    0.0,
                    0.0,
                    1.0
                ]
            ],
            "size": [
                0.2,
                0.3,
                0.22
            ]
        },
        "collider2": {
            "type": "Box",
            "collider2origin": [
                [
                    -0.43356944348191573,
                    0.5806378027070261,
                    -0.6891134012238759,
                    0.19467513566537847
                ],
                [
                    0.3092155830386421,
                    0.8141619875896117,
                    0.49145292874313573,
                    1.089494969682415
                ],
                [
                    0.8464060850944153,
                    -5.629326463545003e-06,
                    -0.5325380165616874,
                    -0.2625297781437217
                ],
                [
                    0.0,
                    0.0,
                    0.0,
                    1.0
                ]
            ],
            "size": [
                0.15068,
                0.17726,
                0.74884
            ]
        },
        "distance": 0.0
    },
    {
        "case": 19,
        "collider1": {
            "type": "Box",
            "collider2origin": [
                [
                    0.9798474486812189,
                    -0.1997472836183421,
                    0.0,
                    -0.20628161272202655
                ],
                [
                    0.19974728361834207,
                    0.9798474486812188,
                    0.0,
                    1.335871448475788
                ],
                [
                    0.0,
                    0.0,
                    1.0,
                    -0.21500000000000008
                ],
                [
                    0.0,
                    0.0,
                    0.0,
                    1.0
                ]
            ],
            "size": [
                0.2,
                0.3,
                0.22
            ]
        },
        "collider2": {
            "type": "Box",
            "collider2origin": [
                [
                    -0.43356944348191573,
                    0.5806378027070261,
                    -0.6891134012238759,
                    0.19467513566537847
                ],
                [
                    0.3092155830386421,
                    0.8141619875896117,
                    0.49145292874313573,
                    1.089494969682415
                ],
                [
                    0.8464060850944153,
                    -5.629326463545003e-06,
                    -0.5325380165616874,
                    -0.2625297781437217
                ],
                [
                    0.0,
                    0.0,
                    0.0,
                    1.0
                ]
            ],
            "size": [
                0.15068,
                0.17726,
                0.74884
            ]
        },
        "distance": 0.027065908044400264
    },
    {
        "case": 20,
        "collider1": {
            "type": "Cylinder",
            "collider2origin": [
                [
                    0.907778172512869,
                    0.4194505805326725,
                    0.0,
                    -0.07232761537572224
                ],
                [
                    -0.4194505805326725,
                    0.907778172512869,
                    0.0,
                    1.2000044650142188
                ],
                [
                    0.0,
                    0.0,
                    1.0,
                    -0.5800000000000001
                ],
                [
                    0.0,
                    0.0,
                    0.0,
                    1.0
                ]
            ],
            "radius": 0.04,
            "height": 0.96
        },
        "collider2": {
            "type": "Box",
            "collider2origin": [
                [
                    -0.43356944348191573,
                    0.5806378027070261,
                    -0.6891134012238759,
                    0.19467513566537847
                ],
                [
                    0.3092155830386421,
                    0.8141619875896117,
                    0.49145292874313573,
                    1.089494969682415
                ],
                [
                    0.8464060850944153,
                    -5.629326463545003e-06,
                    -0.5325380165616874,
                    -0.2625297781437217
                ],
                [
                    0.0,
                    0.0,
                    0.0,
                    1.0
                ]
            ],
            "size": [
                0.15068,
                0.17726,
                0.74884
            ]
        },
        "distance": 0.0
    }
]