[
    {
        "case": 0,
        "collider1": {
            "type": "Box",
            "collider2origin": [
                [
                    0.9077781725128689,
                    0.4194505805326724,
                    0.0,
                    0.4158817547107895
                ],
                [
                    -0.4194505805326724,
                    0.9077781725128689,
                    0.0,
                    0.733173894971941
                ],
                [
                    0.0,
                    0.0,
                    1.0,
                    -0.6599999999999999
                ],
                [
                    0.0,
                    0.0,
                    0.0,
                    1.0
                ]
            ],
            "size": [
                0.6,
                1.0,
                0.8
            ]
        },
        "collider2": {
            "type": "Box",
            "collider2origin": [
                [
                    0.04492511895477704,
                    0.9984583009788791,
                    -0.03259992167581665,
                    0.34811953949790786
                ],
                [
                    0.808182817927732,
                    -0.055506946972388,
                    -0.5863100814792417,
                    0.7972679484114318
                ],
                [
                    -0.5872156899243154,
                    -6.646409344826932e-06,
                    -0.8094304994639967,
                    -0.9190520242047455
                ],
                [
                    0.0,
                    0.0,
                    0.0,
                    1.0
                ]
            ],
            "size": [
                0.1202,
                0.13634,
                0.67816
            ]
        },
        "distance": 0.0
    },
    {
        "case": 1,
        "collider1": {
            "type": "Box",
            "collider2origin": [
                [
                    0.9077781725128689,
                    0.4194505805326724,
                    0.0,
                    0.4158817547107895
                ],
                [
                    -0.4194505805326724,
                    0.9077781725128689,
                    0.0,
                    0.733173894971941
                ],
                [
                    0.0,
                    0.0,
                    1.0,
                    -0.6599999999999999
                ],
                [
                    0.0,
                    0.0,
                    0.0,
                    1.0
                ]
            ],
            "size": [
                0.6,
                1.0,
                0.8
            ]
        },
        "collider2": {
            "type": "Box",
            "collider2origin": [
                [
                    0.05345942478383805,
                    0.9984584755485107,
                    0.014925230555176609,
                    0.4787438672819032
                ],
                [
                    0.9616471197256987,
                    -0.055503806656351906,
                    0.26861523517835356,
                    0.8707935392886174
                ],
                [
                    0.2690295653363195,
                    -7.210986182558755e-06,
                    -0.9631319187540991,
                    -0.39163792967365907
                ],
                [
                    0.0,
                    0.0,
                    0.0,
                    1.0
                ]
            ],
            "size": [
                0.15068,
                0.17726,
                0.74884
            ]
        },
        "distance": 0.0
    },
    {
        "case": 2,
        "collider1": {
            "type": "Box",
            "collider2origin": [
                [
                    0.9077781725128689,
                    0.4194505805326724,
                    0.0,
                    0.27063700059322826
                ],
                [
                    -0.4194505805326724,
                    0.9077781725128689,
                    0.0,
                    0.8002854543438492
                ],
                [
                    0.0,
                    0.0,
                    1.0,
                    -0.25
                ],
                [
                    0.0,
                    0.0,
                    0.0,
                    1.0
                ]
            ],
            "size": [
                0.2,
                0.2,
                0.02
            ]
        },
        "collider2": {
            "type": "Box",
            "collider2origin": [
                [
                    0.05345942478383805,
                    0.9984584755485107,
                    0.014925230555176609,
                    0.4787438672819032
                ],
                [
                    0.9616471197256987,
                    -0.055503806656351906,
                    0.26861523517835356,
                    0.8707935392886174
                ],
                [
                    0.2690295653363195,
                    -7.210986182558755e-06,
                    -0.9631319187540991,
                    -0.39163792967365907
                ],
                [
                    0.0,
                    0.0,
                    0.0,
                    1.0
                ]
            ],
            "size": [
                0.15068,
                0.17726,
                0.74884
            ]
        },
        "distance": 0.0
    },
    {
        "case": 3,
        "collider1": {
            "type": "Box",
            "collider2origin": [
                [
                    0.907778172512869,
                    0.4194505805326725,
                    0.0,
                    0.9947946797881562
                ],
                [
                    -0.4194505805326725,
                    0.907778172512869,
                    0.0,
                    0.5317739604993647
                ],
                [
                    0.0,
                    0.0,
                    1.0,
                    -0.69
                ],
                [
                    0.0,
                    0.0,
                    0.0,
                    1.0
                ]
            ],
            "size": [
                0.6,
                1.2,
                0.75
            ]
        },
        "collider2": {
            "type": "Box",
            "collider2origin": [
                [
                    0.05345942478383805,
                    0.9984584755485107,
                    0.014925230555176609,
                    0.4787438672819032
                ],
                [
                    0.9616471197256987,
                    -0.055503806656351906,
                    0.26861523517835356,
                    0.8707935392886174
                ],
                [
                    0.2690295653363195,
                    -7.210986182558755e-06,
                    -0.9631319187540991,
                    -0.39163792967365907
                ],
                [
                    0.0,
                    0.0,
                    0.0,
                    1.0
                ]
            ],
            "size": [
                0.15068,
                0.17726,
                0.74884
            ]
        },
        "distance": 0.1905528311558085
    },
    {
        "case": 4,
        "collider1": {
            "type": "Box",
            "collider2origin": [
                [
                    0.9077781725128689,
                    0.4194505805326724,
                    0.0,
                    0.4158817547107895
                ],
                [
                    -0.4194505805326724,
                    0.9077781725128689,
                    0.0,
                    0.733173894971941
                ],
                [
                    0.0,
                    0.0,
                    1.0,
                    -0.6599999999999999
                ],
                [
                    0.0,
                    0.0,
                    0.0,
                    1.0
                ]
            ],
            "size": [
                0.6,
                1.0,
                0.8
            ]
        },
        "collider2": {
            "type": "Box",
            "collider2origin": [
                [
                    0.05345942478383805,
                    0.9984584755485107,
                    0.014925230555176609,
                    0.4787438672819032
                ],
                [
                    0.9616471197256987,
                    -0.055503806656351906,
                    0.26861523517835356,
                    0.8707935392886174
                ],
                [
                    0.2690295653363195,
                    -7.210986182558755e-06,
                    -0.9631319187540991,
                    -0.39163792967365907
                ],
                [
                    0.0,
                    0.0,
                    0.0,
                    1.0
                ]
            ],
            "size": [
                0.15068,
                0.17726,
                0.74884
            ]
        },
        "distance": 0.0
    },
    {
        "case": 5,
        "collider1": {
            "type": "Box",
            "collider2origin": [
                [
                    0.9077781725128689,
                    0.4194505805326724,
                    0.0,
                    0.27063700059322826
                ],
                [
                    -0.4194505805326724,
                    0.9077781725128689,
                    0.0,
                    0.8002854543438492
                ],
                [
                    0.0,
                    0.0,
                    1.0,
                    -0.25
                ],
                [
                    0.0,
                    0.0,
                    0.0,
                    1.0
                ]
            ],
            "size": [
                0.2,
                0.2,
                0.02
            ]
        },
        "collider2": {
            "type": "Box",
            "collider2origin": [
                [
                    0.05345942478383805,
                    0.9984584755485107,
                    0.014925230555176609,
                    0.4787438672819032
                ],
                [
                    0.9616471197256987,
                    -0.055503806656351906,
                    0.26861523517835356,
                    0.8707935392886174
                ],
                [
                    0.2690295653363195,
                    -7.210986182558755e-06,
                    -0.9631319187540991,
                    -0.39163792967365907
                ],
                [
                    0.0,
                    0.0,
                    0.0,
                    1.0
                ]
            ],
            "size": [
                0.15068,
                0.17726,
                0.74884
            ]
        },
        "distance": 0.0
    },
    {
        "case": 6,
        "collider1": {
            "type": "Box",
            "collider2origin": [
                [
                    0.907778172512869,
                    0.4194505805326725,
                    0.0,
                    0.9947946797881562
                ],
                [
                    -0.4194505805326725,
                    0.907778172512869,
                    0.0,
                    0.5317739604993647
                ],
                [
                    0.0,
                    0.0,
                    1.0,
                    -0.69
                ],
                [
                    0.0,
                    0.0,
                    0.0,
                    1.0
                ]
            ],
            "size": [
                0.6,
                1.2,
                0.75
            ]
        },
        "collider2": {
            "type": "Box",
            "collider2origin": [
                [
                    0.05345942478383805,
                    0.9984584755485107,
                    0.014925230555176609,
                    0.4787438672819032
                ],
                [
                    0.9616471197256987,
                    -0.055503806656351906,
                    0.26861523517835356,
                    0.8707935392886174
                ],
                [
                    0.2690295653363195,
                    -7.210986182558755e-06,
                    -0.9631319187540991,
                    -0.39163792967365907
                ],
                [
                    0.0,
                    0.0,
                    0.0,
                    1.0
                ]
            ],
            "size": [
                0.15068,
                0.17726,
                0.74884
            ]
        },
        "distance": 0.1905528311558085
    }
]