[
    {
        "case": 0,
        "collider1": {
            "type": "Box",
            "collider2origin": [
                [
                    0.9077781725128689,
                    0.4194505805326724,
                    0.0,
                    0.4158817547107895
                ],
                [
                    -0.4194505805326724,
                    0.9077781725128689,
                    0.0,
                    0.733173894971941
                ],
                [
                    0.0,
                    0.0,
                    1.0,
                    -0.6599999999999999
                ],
                [
                    0.0,
                    0.0,
                    0.0,
                    1.0
                ]
            ],
            "size": [
                0.6,
                1.0,
                0.8
            ]
        },
        "collider2": {
            "type": "Box",
            "collider2origin": [
                [
                    -0.1556452134193328,
                    0.5195577459419266,
                    0.8401394623343167,
                    0.6427156706653334
                ],
                [
                    0.0946384154471411,
                    0.8544353390473083,
                    -0.5108657570328683,
                    0.7958806521770944
                ],
                [
                    -0.9832691075495582,
                    -4.3423120769572075e-06,
                    -0.18215889250827047,
                    -0.15724560068350701
                ],
                [
                    0.0,
                    0.0,
                    0.0,
                    1.0
                ]
            ],
            "size": [
                0.15068,
                0.17726,
                0.74884
            ]
        },
        "distance": 0.0017833318375940828
    },
    {
        "case": 1,
        "collider1": {
            "type": "Box",
            "collider2origin": [
                [
                    0.9077781725128689,
                    0.4194505805326724,
                    0.0,
                    0.27063700059322826
                ],
                [
                    -0.4194505805326724,
                    0.9077781725128689,
                    0.0,
                    0.8002854543438492
                ],
                [
                    0.0,
                    0.0,
                    1.0,
                    -0.25
                ],
                [
                    0.0,
                    0.0,
                    0.0,
                    1.0
                ]
            ],
            "size": [
                0.2,
                0.2,
                0.02
            ]
        },
        "collider2": {
            "type": "Box",
            "collider2origin": [
                [
                    -0.1556452134193328,
                    0.5195577459419266,
                    0.8401394623343167,
                    0.6427156706653334
                ],
                [
                    0.0946384154471411,
                    0.8544353390473083,
                    -0.5108657570328683,
                    0.7958806521770944
                ],
                [
                    -0.9832691075495582,
                    -4.3423120769572075e-06,
                    -0.18215889250827047,
                    -0.15724560068350701
                ],
                [
                    0.0,
                    0.0,
                    0.0,
                    1.0
                ]
            ],
            "size": [
                0.15068,
                0.17726,
                0.74884
            ]
        },
        "distance": 0.048109791718950905
    },
    {
        "case": 2,
        "collider1": {
            "type": "Box",
            "collider2origin": [
                [
                    0.9077781725128689,
                    0.4194505805326724,
                    0.0,
                    0.4158817547107895
                ],
                [
                    -0.4194505805326724,
                    0.9077781725128689,
                    0.0,
                    0.733173894971941
                ],
                [
                    0.0,
                    0.0,
                    1.0,
                    -0.6599999999999999
                ],
                [
                    0.0,
                    0.0,
                    0.0,
                    1.0
                ]
            ],
            "size": [
                0.6,
                1.0,
                0.8
            ]
        },
        "collider2": {
            "type": "Box",
            "collider2origin": [
                [
                    -0.1556452134193328,
                    0.5195577459419266,
                    0.8401394623343167,
                    0.6427156706653334
                ],
                [
                    0.0946384154471411,
                    0.8544353390473083,
                    -0.5108657570328683,
                    0.7958806521770944
                ],
                [
                    -0.9832691075495582,
                    -4.3423120769572075e-06,
                    -0.18215889250827047,
                    -0.15724560068350701
                ],
                [
                    0.0,
                    0.0,
                    0.0,
                    1.0
                ]
            ],
            "size": [
                0.15068,
                0.17726,
                0.74884
            ]
        },
        "distance": 0.0017833318375940828
    },
    {
        "case": 3,
        "collider1": {
            "type": "Box",
            "collider2origin": [
                [
                    0.9077781725128689,
                    0.4194505805326724,
                    0.0,
                    0.27063700059322826
                ],
                [
                    -0.4194505805326724,
                    0.9077781725128689,
                    0.0,
                    0.8002854543438492
                ],
                [
                    0.0,
                    0.0,
                    1.0,
                    -0.25
                ],
                [
                    0.0,
                    0.0,
                    0.0,
                    1.0
                ]
            ],
            "size": [
                0.2,
                0.2,
                0.02
            ]
        },
        "collider2": {
            "type": "Box",
            "collider2origin": [
                [
                    -0.1556452134193328,
                    0.5195577459419266,
                    0.8401394623343167,
                    0.6427156706653334
                ],
                [
                    0.0946384154471411,
                    0.8544353390473083,
                    -0.5108657570328683,
                    0.7958806521770944
                ],
                [
                    -0.9832691075495582,
                    -4.3423120769572075e-06,
                    -0.18215889250827047,
                    -0.15724560068350701
                ],
                [
                    0.0,
                    0.0,
                    0.0,
                    1.0
                ]
            ],
            "size": [
                0.15068,
                0.17726,
                0.74884
            ]
        },
        "distance": 0.048109791718950905
    },
    {
        "case": 4,
        "collider1": {
            "type": "Box",
            "collider2origin": [
                [
                    0.9077781725128689,
                    0.4194505805326724,
                    0.0,
                    0.4158817547107895
                ],
                [
                    -0.4194505805326724,
                    0.9077781725128689,
                    0.0,
                    0.733173894971941
                ],
                [
                    0.0,
                    0.0,
                    1.0,
                    -0.6599999999999999
                ],
                [
                    0.0,
                    0.0,
                    0.0,
                    1.0
                ]
            ],
            "size": [
                0.6,
                1.0,
                0.8
            ]
        },
        "collider2": {
            "type": "Box",
            "collider2origin": [
                [
                    0.12057696896477857,
                    0.5195515528153587,
                    -0.8458885142395637,
                    0.6020222418042024
                ],
                [
                    -0.07331456134922124,
                    0.8544391048853023,
                    0.5143527885964797,
                    0.6727614790569136
                ],
                [
                    0.9899930149498217,
                    -3.1548557269491074e-06,
                    0.14111637162501303,
                    -0.17468429007737862
                ],
                [
                    0.0,
                    0.0,
                    0.0,
                    1.0
                ]
            ],
            "size": [
                0.1202,
                0.13634,
                0.67816
            ]
        },
        "distance": 0.00825412211275249
    },
    {
        "case": 5,
        "collider1": {
            "type": "Box",
            "collider2origin": [
                [
                    0.9077781725128689,
                    0.4194505805326724,
                    0.0,
                    0.27063700059322826
                ],
                [
                    -0.4194505805326724,
                    0.9077781725128689,
                    0.0,
                    0.8002854543438492
                ],
                [
                    0.0,
                    0.0,
                    1.0,
                    -0.25
                ],
                [
                    0.0,
                    0.0,
                    0.0,
                    1.0
                ]
            ],
            "size": [
                0.2,
                0.2,
                0.02
            ]
        },
        "collider2": {
            "type": "Box",
            "collider2origin": [
                [
                    0.12057696896477857,
                    0.5195515528153587,
                    -0.8458885142395637,
                    0.6020222418042024
                ],
                [
                    -0.07331456134922124,
                    0.8544391048853023,
                    0.5143527885964797,
                    0.6727614790569136
                ],
                [
                    0.9899930149498217,
                    -3.1548557269491074e-06,
                    0.14111637162501303,
                    -0.17468429007737862
                ],
                [
                    0.0,
                    0.0,
                    0.0,
                    1.0
                ]
            ],
            "size": [
                0.1202,
                0.13634,
                0.67816
            ]
        },
        "distance": 0.03958101200569478
    }
]