[
    {
        "case": 0,
        "collider1": {
            "type": "Box",
            "collider2origin": [
                [
                    0.9077781725128689,
                    0.4194505805326724,
                    0.0,
                    0.4158817547107895
                ],
                [
                    -0.4194505805326724,
                    0.9077781725128689,
                    0.0,
                    0.733173894971941
                ],
                [
                    0.0,
                    0.0,
                    1.0,
                    -0.6599999999999999
                ],
                [
                    0.0,
                    0.0,
                    0.0,
                    1.0
                ]
            ],
            "size": [
                0.6,
                1.0,
                0.8
            ]
        },
        "collider2": {
            "type": "Box",
            "collider2origin": [
                [
                    0.4956944213168177,
                    -0.7228548185391959,
                    -0.481422841159465,
                    0.029370999046806567
                ],
                [
                    -0.5185394200958351,
                    -0.6909999357994709,
                    0.5036228336084474,
                    0.8305148111130223
                ],
                [
                    -0.696709344333819,
                    -6.308191757024617e-06,
                    -0.7173535317248717,
                    -0.3178162770359626
                ],
                [
                    0.0,
                    0.0,
                    0.0,
                    1.0
                ]
            ],
            "size": [
                0.15068,
                0.17726,
                0.74884
            ]
        },
        "distance": 0.0
    },
    {
        "case": 1,
        "collider1": {
            "type": "Box",
            "collider2origin": [
                [
                    0.9077781725128689,
                    0.4194505805326724,
                    0.0,
                    0.27063700059322826
                ],
                [
                    -0.4194505805326724,
                    0.9077781725128689,
                    0.0,
                    0.8002854543438492
                ],
                [
                    0.0,
                    0.0,
                    1.0,
                    -0.25
                ],
                [
                    0.0,
                    0.0,
                    0.0,
                    1.0
                ]
            ],
            "size": [
                0.2,
                0.2,
                0.02
            ]
        },
        "collider2": {
            "type": "Box",
            "collider2origin": [
                [
                    0.4956944213168177,
                    -0.7228548185391959,
                    -0.481422841159465,
                    0.029370999046806567
                ],
                [
                    -0.5185394200958351,
                    -0.6909999357994709,
                    0.5036228336084474,
                    0.8305148111130223
                ],
                [
                    -0.696709344333819,
                    -6.308191757024617e-06,
                    -0.7173535317248717,
                    -0.3178162770359626
                ],
                [
                    0.0,
                    0.0,
                    0.0,
                    1.0
                ]
            ],
            "size": [
                0.15068,
                0.17726,
                0.74884
            ]
        },
        "distance": 0.0
    },
    {
        "case": 2,
        "collider1": {
            "type": "Box",
            "collider2origin": [
                [
                    0.9077781725128689,
                    0.4194505805326724,
                    0.0,
                    0.4158817547107895
                ],
                [
                    -0.4194505805326724,
                    0.9077781725128689,
                    0.0,
                    0.733173894971941
                ],
                [
                    0.0,
                    0.0,
                    1.0,
                    -0.6599999999999999
                ],
                [
                    0.0,
                    0.0,
                    0.0,
                    1.0
                ]
            ],
            "size": [
                0.6,
                1.0,
                0.8
            ]
        },
        "collider2": {
            "type": "Box",
            "collider2origin": [
                [
                    0.4956944213168177,
                    -0.7228548185391959,
                    -0.481422841159465,
                    0.029370999046806567
                ],
                [
                    -0.5185394200958351,
                    -0.6909999357994709,
                    0.5036228336084474,
                    0.8305148111130223
                ],
                [
                    -0.696709344333819,
                    -6.308191757024617e-06,
                    -0.7173535317248717,
                    -0.3178162770359626
                ],
                [
                    0.0,
                    0.0,
                    0.0,
                    1.0
                ]
            ],
            "size": [
                0.15068,
                0.17726,
                0.74884
            ]
        },
        "distance": 0.0
    },
    {
        "case": 3,
        "collider1": {
            "type": "Box",
            "collider2origin": [
                [
                    0.9077781725128689,
                    0.4194505805326724,
                    0.0,
                    0.27063700059322826
                ],
                [
                    -0.4194505805326724,
                    0.9077781725128689,
                    0.0,
                    0.8002854543438492
                ],
                [
                    0.0,
                    0.0,
                    1.0,
                    -0.25
                ],
                [
                    0.0,
                    0.0,
                    0.0,
                    1.0
                ]
            ],
            "size": [
                0.2,
                0.2,
                0.02
            ]
        },
        "collider2": {
            "type": "Box",
            "collider2origin": [
                [
                    0.4956944213168177,
                    -0.7228548185391959,
                    -0.481422841159465,
                    0.029370999046806567
                ],
                [
                    -0.5185394200958351,
                    -0.6909999357994709,
                    0.5036228336084474,
                    0.8305148111130223
                ],
                [
                    -0.696709344333819,
                    -6.308191757024617e-06,
                    -0.7173535317248717,
                    -0.3178162770359626
                ],
                [
                    0.0,
                    0.0,
                    0.0,
                    1.0
                ]
            ],
            "size": [
                0.15068,
                0.17726,
                0.74884
            ]
        },
        "distance": 0.0
    },
    {
        "case": 4,
        "collider1": {
            "type": "Box",
            "collider2origin": [
                [
                    0.9984065575563776,
                    -0.05643000822632935,
                    0.0,
                    -0.3111399560290343
                ],
                [
                    0.05643000822632935,
                    0.9984065575563776,
                    0.0,
                    1.3240986306775833
                ],
                [
                    0.0,
                    0.0,
                    1.0,
                    -0.21500000000000008
                ],
                [
                    0.0,
                    0.0,
                    0.0,
                    1.0
                ]
            ],
            "size": [
                0.2,
                0.3,
                0.22
            ]
        },
        "collider2": {
            "type": "Box",
            "collider2origin": [
                [
                    -0.028181622036736787,
                    -0.8680371255722378,
                    0.4956988448722325,
                    -0.42677454568614687
                ],
                [
                    -0.8113815987708163,
                    -0.2697730245988956,
                    -0.5185387317981924,
                    1.3204404447131486
                ],
                [
                    0.5838370469193375,
                    -0.4168141838122244,
                    -0.6967067093242726,
                    -0.4083052209977255
                ],
                [
                    0.0,
                    0.0,
                    0.0,
                    1.0
                ]
            ],
            "size": [
                0.09126,
                0.11887,
                0.10009
            ]
        },
        "distance": 0.0
    },
    {
        "case": 5,
        "collider1": {
            "type": "Box",
            "collider2origin": [
                [
                    0.9997288002091077,
                    0.023287894547555033,
                    0.0,
                    -0.42010216954734814
                ],
                [
                    -0.02328789454755501,
                    0.9997288002091077,
                    0.0,
                    1.3190360102899432
                ],
                [
                    0.0,
                    0.0,
                    1.0,
                    -0.21500000000000008
                ],
                [
                    0.0,
                    0.0,
                    0.0,
                    1.0
                ]
            ],
            "size": [
                0.2,
                0.3,
                0.22
            ]
        },
        "collider2": {
            "type": "Box",
            "collider2origin": [
                [
                    -0.028181622036736787,
                    -0.8680371255722378,
                    0.4956988448722325,
                    -0.42677454568614687
                ],
                [
                    -0.8113815987708163,
                    -0.2697730245988956,
                    -0.5185387317981924,
                    1.3204404447131486
                ],
                [
                    0.5838370469193375,
                    -0.4168141838122244,
                    -0.6967067093242726,
                    -0.4083052209977255
                ],
                [
                    0.0,
                    0.0,
                    0.0,
                    1.0
                ]
            ],
            "size": [
                0.09126,
                0.11887,
                0.10009
            ]
        },
        "distance": 0.0
    },
    {
        "case": 6,
        "collider1": {
            "type": "Box",
            "collider2origin": [
                [
                    0.9741881675007261,
                    0.22573748980082478,
                    0.0,
                    -0.5292040201289168
                ],
                [
                    -0.2257374898008248,
                    0.974188167500726,
                    0.0,
                    1.3318616486630257
                ],
                [
                    0.0,
                    0.0,
                    1.0,
                    -0.21500000000000008
                ],
                [
                    0.0,
                    0.0,
                    0.0,
                    1.0
                ]
            ],
            "size": [
                0.2,
                0.3,
                0.22
            ]
        },
        "collider2": {
            "type": "Box",
            "collider2origin": [
                [
                    -0.028181622036736787,
                    -0.8680371255722378,
                    0.4956988448722325,
                    -0.42677454568614687
                ],
                [
                    -0.8113815987708163,
                    -0.2697730245988956,
                    -0.5185387317981924,
                    1.3204404447131486
                ],
                [
                    0.5838370469193375,
                    -0.4168141838122244,
                    -0.6967067093242726,
                    -0.4083052209977255
                ],
                [
                    0.0,
                    0.0,
                    0.0,
                    1.0
                ]
            ],
            "size": [
                0.09126,
                0.11887,
                0.10009
            ]
        },
        "distance": 0.009608244603400018
    },
    {
        "case": 7,
        "collider1": {
            "type": "Box",
            "collider2origin": [
                [
                    0.9984065575563776,
                    -0.05643000822632935,
                    0.0,
                    -0.3111399560290343
                ],
                [
                    0.05643000822632935,
                    0.9984065575563776,
                    0.0,
                    1.3240986306775833
                ],
                [
                    0.0,
                    0.0,
                    1.0,
                    -0.21500000000000008
                ],
                [
                    0.0,
                    0.0,
                    0.0,
                    1.0
                ]
            ],
            "size": [
                0.2,
                0.3,
                0.22
            ]
        },
        "collider2": {
            "type": "Box",
            "collider2origin": [
                [
                    0.48142367555969984,
                    -0.7228512293708321,
                    0.4956988448722325,
                    -0.4763218743681435
                ],
                [
                    -0.5036183907155177,
                    -0.6910036904085494,
                    -0.5185387317981924,
                    1.3806171317288132
                ],
                [
                    0.7173560908946833,
                    -6.232351743614335e-06,
                    -0.6967067093242726,
                    -0.3313926721451925
                ],
                [
                    0.0,
                    0.0,
                    0.0,
                    1.0
                ]
            ],
            "size": [
                0.09102,
                0.10007,
                0.11882
            ]
        },
        "distance": 0.0
    },
    {
        "case": 8,
        "collider1": {
            "type": "Box",
            "collider2origin": [
                [
                    0.9997288002091077,
                    0.023287894547555033,
                    0.0,
                    -0.42010216954734814
                ],
                [
                    -0.02328789454755501,
                    0.9997288002091077,
                    0.0,
                    1.3190360102899432
                ],
                [
                    0.0,
                    0.0,
                    1.0,
                    -0.21500000000000008
                ],
                [
                    0.0,
                    0.0,
                    0.0,
                    1.0
                ]
            ],
            "size": [
                0.2,
                0.3,
                0.22
            ]
        },
        "collider2": {
            "type": "Box",
            "collider2origin": [
                [
                    0.48142367555969984,
                    -0.7228512293708321,
                    0.4956988448722325,
                    -0.4763218743681435
                ],
                [
                    -0.5036183907155177,
                    -0.6910036904085494,
                    -0.5185387317981924,
                    1.3806171317288132
                ],
                [
                    0.7173560908946833,
                    -6.232351743614335e-06,
                    -0.6967067093242726,
                    -0.3313926721451925
                ],
                [
                    0.0,
                    0.0,
                    0.0,
                    1.0
                ]
            ],
            "size": [
                0.09102,
                0.10007,
                0.11882
            ]
        },
        "distance": 0.0
    },
    {
        "case": 9,
        "collider1": {
            "type": "Box",
            "collider2origin": [
                [
                    0.9741881675007261,
                    0.22573748980082478,
                    0.0,
                    -0.5292040201289168
                ],
                [
                    -0.2257374898008248,
                    0.974188167500726,
                    0.0,
                    1.3318616486630257
                ],
                [
                    0.0,
                    0.0,
                    1.0,
                    -0.21500000000000008
                ],
                [
                    0.0,
                    0.0,
                    0.0,
                    1.0
                ]
            ],
            "size": [
                0.2,
                0.3,
                0.22
            ]
        },
        "collider2": {
            "type": "Box",
            "collider2origin": [
                [
                    0.48142367555969984,
                    -0.7228512293708321,
                    0.4956988448722325,
                    -0.4763218743681435
                ],
                [
                    -0.5036183907155177,
                    -0.6910036904085494,
                    -0.5185387317981924,
                    1.3806171317288132
                ],
                [
                    0.7173560908946833,
                    -6.232351743614335e-06,
                    -0.6967067093242726,
                    -0.3313926721451925
                ],
                [
                    0.0,
                    0.0,
                    0.0,
                    1.0
                ]
            ],
            "size": [
                0.09102,
                0.10007,
                0.11882
            ]
        },
        "distance": 0.0
    },
    {
        "case": 10,
        "collider1": {
            "type": "Box",
            "collider2origin": [
                [
                    0.907778172512869,
                    0.4194505805326725,
                    0.0,
                    -0.6717546761389399
                ],
                [
                    -0.4194505805326725,
                    0.907778172512869,
                    0.0,
                    1.384443828829999
                ],
                [
                    0.0,
                    0.0,
                    1.0,
                    -0.21500000000000008
                ],
                [
                    0.0,
                    0.0,
                    0.0,
                    1.0
                ]
            ],
            "size": [
                0.2,
                0.3,
                0.22
            ]
        },
        "collider2": {
            "type": "Box",
            "collider2origin": [
                [
                    0.48142367555969984,
                    -0.7228512293708321,
                    0.4956988448722325,
                    -0.4763218743681435
                ],
                [
                    -0.5036183907155177,
                    -0.6910036904085494,
                    -0.5185387317981924,
                    1.3806171317288132
                ],
                [
                    0.7173560908946833,
                    -6.232351743614335e-06,
                    -0.6967067093242726,
                    -0.3313926721451925
                ],
                [
                    0.0,
                    0.0,
                    0.0,
                    1.0
                ]
            ],
            "size": [
                0.09102,
                0.10007,
                0.11882
            ]
        },
        "distance": 0.0
    },
    {
        "case": 11,
        "collider1": {
            "type": "Box",
            "collider2origin": [
                [
                    0.9077781725128689,
                    0.4194505805326724,
                    0.0,
                    0.4158817547107895
                ],
                [
                    -0.4194505805326724,
                    0.9077781725128689,
                    0.0,
                    0.733173894971941
                ],
                [
                    0.0,
                    0.0,
                    1.0,
                    -0.6599999999999999
                ],
                [
                    0.0,
                    0.0,
                    0.0,
                    1.0
                ]
            ],
            "size": [
                0.6,
                1.0,
                0.8
            ]
        },
        "collider2": {
            "type": "Box",
            "collider2origin": [
                [
                    -0.25630659807218203,
                    -0.7228554072932506,
                    -0.6417063097177506,
                    -0.20938390581147542
                ],
                [
                    0.2681258155892417,
                    -0.690999319928442,
                    0.6712886762586082,
                    1.263111596815952
                ],
                [
                    -0.928663273097019,
                    -2.3107256122087906e-06,
                    0.3709238805946467,
                    -0.43765470773353776
                ],
                [
                    0.0,
                    0.0,
                    0.0,
                    1.0
                ]
            ],
            "size": [
                0.1202,
                0.13634,
                0.67816
            ]
        },
        "distance": 0.15116951542186963
    },
    {
        "case": 12,
        "collider1": {
            "type": "Box",
            "collider2origin": [
                [
                    0.907778172512869,
                    0.4194505805326725,
                    0.0,
                    -1.612083837096907
                ],
                [
                    -0.4194505805326725,
                    0.907778172512869,
                    0.0,
                    -0.24654756573714753
                ],
                [
                    0.0,
                    0.0,
                    1.0,
                    -0.040000000000000036
                ],
                [
                    0.0,
                    0.0,
                    0.0,
                    1.0
                ]
            ],
            "size": [
                2.0,
                2.0,
                2.0
            ]
        },
        "collider2": {
            "type": "Box",
            "collider2origin": [
                [
                    -0.25630659807218203,
                    -0.7228554072932506,
                    -0.6417063097177506,
                    -0.20938390581147542
                ],
                [
                    0.2681258155892417,
                    -0.690999319928442,
                    0.6712886762586082,
                    1.263111596815952
                ],
                [
                    -0.928663273097019,
                    -2.3107256122087906e-06,
                    0.3709238805946467,
                    -0.43765470773353776
                ],
                [
                    0.0,
                    0.0,
                    0.0,
                    1.0
                ]
            ],
            "size": [
                0.1202,
                0.13634,
                0.67816
            ]
        },
        "distance": 0.7718405122179068
    },
    {
        "case": 13,
        "collider1": {
            "type": "Box",
            "collider2origin": [
                [
                    -0.49996093967317806,
                    0.8660479541001831,
                    0.0,
                    0.23518030403224222
                ],
                [
                    -0.8660479541001831,
                    -0.49996093967317806,
                    0.0,
                    1.6545490191575776
                ],
                [
                    0.0,
                    0.0,
                    1.0,
                    -0.21500000000000008
                ],
                [
                    0.0,
                    0.0,
                    0.0,
                    1.0
                ]
            ],
            "size": [
                0.2,
                0.3,
                0.22
            ]
        },
        "collider2": {
            "type": "Box",
            "collider2origin": [
                [
                    -0.25630659807218203,
                    -0.7228554072932506,
                    -0.6417063097177506,
                    -0.20938390581147542
                ],
                [
                    0.2681258155892417,
                    -0.690999319928442,
                    0.6712886762586082,
                    1.263111596815952
                ],
                [
                    -0.928663273097019,
                    -2.3107256122087906e-06,
                    0.3709238805946467,
                    -0.43765470773353776
                ],
                [
                    0.0,
                    0.0,
                    0.0,
                    1.0
                ]
            ],
            "size": [
                0.1202,
                0.13634,
                0.67816
            ]
        },
        "distance": 0.3857451164595956
    },
    {
        "case": 14,
        "collider1": {
            "type": "Box",
            "collider2origin": [
                [
                    0.718022042059392,
                    -0.6960203640101781,
                    0.0,
                    0.13748258467077087
                ],
                [
                    0.6960203640101781,
                    0.718022042059392,
                    0.0,
                    1.5384737068316263
                ],
                [
                    0.0,
                    0.0,
                    1.0,
                    -0.21500000000000008
                ],
                [
                    0.0,
                    0.0,
                    0.0,
                    1.0
                ]
            ],
            "size": [
                0.2,
                0.3,
                0.22
            ]
        },
        "collider2": {
            "type": "Box",
            "collider2origin": [
                [
                    -0.25630659807218203,
                    -0.7228554072932506,
                    -0.6417063097177506,
                    -0.20938390581147542
                ],
                [
                    0.2681258155892417,
                    -0.690999319928442,
                    0.6712886762586082,
                    1.263111596815952
                ],
                [
                    -0.928663273097019,
                    -2.3107256122087906e-06,
                    0.3709238805946467,
                    -0.43765470773353776
                ],
                [
                    0.0,
                    0.0,
                    0.0,
                    1.0
                ]
            ],
            "size": [
                0.1202,
                0.13634,
                0.67816
            ]
        },
        "distance": 0.27182927537152796
    },
    {
        "case": 15,
        "collider1": {
            "type": "Box",
            "collider2origin": [
                [
                    0.8404842512412337,
                    -0.5418359746412772,
                    0.0,
                    0.011439976095501792
                ],
                [
                    0.5418359746412771,
                    0.8404842512412338,
                    0.0,
                    1.4325762997644957
                ],
                [
                    0.0,
                    0.0,
                    1.0,
                    -0.21500000000000008
                ],
                [
                    0.0,
                    0.0,
                    0.0,
                    1.0
                ]
            ],
            "size": [
                0.2,
                0.3,
                0.22
            ]
        },
        "collider2": {
            "type": "Box",
            "collider2origin": [
                [
                    -0.25630659807218203,
                    -0.7228554072932506,
                    -0.6417063097177506,
                    -0.20938390581147542
                ],
                [
                    0.2681258155892417,
                    -0.690999319928442,
                    0.6712886762586082,
                    1.263111596815952
                ],
                [
                    -0.928663273097019,
                    -2.3107256122087906e-06,
                    0.3709238805946467,
                    -0.43765470773353776
                ],
                [
                    0.0,
                    0.0,
                    0.0,
                    1.0
                ]
            ],
            "size": [
                0.1202,
                0.13634,
                0.67816
            ]
        },
        "distance": 0.1203683453516656
    },
    {
        "case": 16,
        "collider1": {
            "type": "Box",
            "collider2origin": [
                [
                    0.9081427509232697,
                    -0.4186606548811531,
                    0.0,
                    -0.09474126814702305
                ],
                [
                    0.41866065488115317,
                    0.9081427509232698,
                    0.0,
                    1.368923948110301
                ],
                [
                    0.0,
                    0.0,
                    1.0,
                    -0.21500000000000008
                ],
                [
                    0.0,
                    0.0,
                    0.0,
                    1.0
                ]
            ],
            "size": [
                0.2,
                0.3,
                0.22
            ]
        },
        "collider2": {
            "type": "Box",
            "collider2origin": [
                [
                    -0.25630659807218203,
                    -0.7228554072932506,
                    -0.6417063097177506,
                    -0.20938390581147542
                ],
                [
                    0.2681258155892417,
                    -0.690999319928442,
                    0.6712886762586082,
                    1.263111596815952
                ],
                [
                    -0.928663273097019,
                    -2.3107256122087906e-06,
                    0.3709238805946467,
                    -0.43765470773353776
                ],
                [
                    0.0,
                    0.0,
                    0.0,
                    1.0
                ]
            ],
            "size": [
                0.1202,
                0.13634,
                0.67816
            ]
        },
        "distance": 0.01779100892407702
    },
    {
        "case": 17,
        "collider1": {
            "type": "Box",
            "collider2origin": [
                [
                    0.9798474486812189,
                    -0.1997472836183421,
                    0.0,
                    -0.20628161272202655
                ],
                [
                    0.19974728361834207,
                    0.9798474486812188,
                    0.0,
                    1.335871448475788
                ],
                [
                    0.0,
                    0.0,
                    1.0,
                    -0.21500000000000008
                ],
                [
                    0.0,
                    0.0,
                    0.0,
                    1.0
                ]
            ],
            "size": [
                0.2,
                0.3,
                0.22
            ]
        },
        "collider2": {
            "type": "Box",
            "collider2origin": [
                [
                    -0.25630659807218203,
                    -0.7228554072932506,
                    -0.6417063097177506,
                    -0.20938390581147542
                ],
                [
                    0.2681258155892417,
                    -0.690999319928442,
                    0.6712886762586082,
                    1.263111596815952
                ],
                [
                    -0.928663273097019,
                    -2.3107256122087906e-06,
                    0.3709238805946467,
                    -0.43765470773353776
                ],
                [
                    0.0,
                    0.0,
                    0.0,
                    1.0
                ]
            ],
            "size": [
                0.1202,
                0.13634,
                0.67816
            ]
        },
        "distance": 0.0
    },
    {
        "case": 18,
        "collider1": {
            "type": "Box",
            "collider2origin": [
                [
                    0.9984065575563776,
                    -0.05643000822632935,
                    0.0,
                    -0.3111399560290343
                ],
                [
                    0.05643000822632935,
                    0.9984065575563776,
                    0.0,
                    1.3240986306775833
                ],
                [
                    0.0,
                    0.0,
                    1.0,
                    -0.21500000000000008
                ],
                [
                    0.0,
                    0.0,
                    0.0,
                    1.0
                ]
            ],
            "size": [
                0.2,
                0.3,
                0.22
            ]
        },
        "collider2": {
            "type": "Box",
            "collider2origin": [
                [
                    -0.25630659807218203,
                    -0.7228554072932506,
                    -0.6417063097177506,
                    -0.20938390581147542
                ],
                [
                    0.2681258155892417,
                    -0.690999319928442,
                    0.6712886762586082,
                    1.263111596815952
                ],
                [
                    -0.928663273097019,
                    -2.3107256122087906e-06,
                    0.3709238805946467,
                    -0.43765470773353776
                ],
                [
                    0.0,
                    0.0,
                    0.0,
                    1.0
                ]
            ],
            "size": [
                0.1202,
                0.13634,
                0.67816
            ]
        },
        "distance": 0.0
    },
    {
        "case": 19,
        "collider1": {
            "type": "Box",
            "collider2origin": [
                [
                    0.9997288002091077,
                    0.023287894547555033,
                    0.0,
                    -0.42010216954734814
                ],
                [
                    -0.02328789454755501,
                    0.9997288002091077,
                    0.0,
                    1.3190360102899432
                ],
                [
                    0.0,
                    0.0,
                    1.0,
                    -0.21500000000000008
                ],
                [
                    0.0,
                    0.0,
                    0.0,
                    1.0
                ]
            ],
            "size": [
                0.2,
                0.3,
                0.22
            ]
        },
        "collider2": {
            "type": "Box",
            "collider2origin": [
                [
                    -0.25630659807218203,
                    -0.7228554072932506,
                    -0.6417063097177506,
                    -0.20938390581147542
                ],
                [
                    0.2681258155892417,
                    -0.690999319928442,
                    0.6712886762586082,
                    1.263111596815952
                ],
                [
                    -0.928663273097019,
                    -2.3107256122087906e-06,
                    0.3709238805946467,
                    -0.43765470773353776
                ],
                [
                    0.0,
                    0.0,
                    0.0,
                    1.0
                ]
            ],
            "size": [
                0.1202,
                0.13634,
                0.67816
            ]
        },
        "distance": 0.0
    },
    {
        "case": 20,
        "collider1": {
            "type": "Box",
            "collider2origin": [
                [
                    0.9741881675007261,
                    0.22573748980082478,
                    0.0,
                    -0.5292040201289168
                ],
                [
                    -0.2257374898008248,
                    0.974188167500726,
                    0.0,
                    1.3318616486630257
                ],
                [
                    0.0,
                    0.0,
                    1.0,
                    -0.21500000000000008
                ],
                [
                    0.0,
                    0.0,
                    0.0,
                    1.0
                ]
            ],
            "size": [
                0.2,
                0.3,
                0.22
            ]
        },
        "collider2": {
            "type": "Box",
            "collider2origin": [
                [
                    -0.25630659807218203,
                    -0.7228554072932506,
                    -0.6417063097177506,
                    -0.20938390581147542
                ],
                [
                    0.2681258155892417,
                    -0.690999319928442,
                    0.6712886762586082,
                    1.263111596815952
                ],
                [
                    -0.928663273097019,
                    -2.3107256122087906e-06,
                    0.3709238805946467,
                    -0.43765470773353776
                ],
                [
                    0.0,
                    0.0,
                    0.0,
                    1.0
                ]
            ],
            "size": [
                0.1202,
                0.13634,
                0.67816
            ]
        },
        "distance": 0.0
    },
    {
        "case": 21,
        "collider1": {
            "type": "Cylinder",
            "collider2origin": [
                [
                    0.907778172512869,
                    0.4194505805326725,
                    0.0,
                    -0.1927378995604882
                ],
                [
                    -0.4194505805326725,
                    0.907778172512869,
                    0.0,
                    1.5211249462397922
                ],
                [
                    0.0,
                    0.0,
                    1.0,
                    -0.20999999999999996
                ],
                [
                    0.0,
                    0.0,
                    0.0,
                    1.0
                ]
            ],
            "radius": 0.04,
            "height": 0.22
        },
        "collider2": {
            "type": "Box",
            "collider2origin": [
                [
                    -0.25630659807218203,
                    -0.7228554072932506,
                    -0.6417063097177506,
                    -0.20938390581147542
                ],
                [
                    0.2681258155892417,
                    -0.690999319928442,
                    0.6712886762586082,
                    1.263111596815952
                ],
                [
                    -0.928663273097019,
                    -2.3107256122087906e-06,
                    0.3709238805946467,
                    -0.43765470773353776
                ],
                [
                    0.0,
                    0.0,
                    0.0,
                    1.0
                ]
            ],
            "size": [
                0.1202,
                0.13634,
                0.67816
            ]
        },
        "distance": 0.08214997648054966
    },
    {
        "case": 22,
        "collider1": {
            "type": "Cylinder",
            "collider2origin": [
                [
                    0.907778172512869,
                    0.4194505805326725,
                    0.0,
                    -0.07232761537572224
                ],
                [
                    -0.4194505805326725,
                    0.907778172512869,
                    0.0,
                    1.2000044650142188
                ],
                [
                    0.0,
                    0.0,
                    1.0,
                    -0.5800000000000001
                ],
                [
                    0.0,
                    0.0,
                    0.0,
                    1.0
                ]
            ],
            "radius": 0.04,
            "height": 0.96
        },
        "collider2": {
            "type": "Box",
            "collider2origin": [
                [
                    -0.25630659807218203,
                    -0.7228554072932506,
                    -0.6417063097177506,
                    -0.20938390581147542
                ],
                [
                    0.2681258155892417,
                    -0.690999319928442,
                    0.6712886762586082,
                    1.263111596815952
                ],
                [
                    -0.928663273097019,
                    -2.3107256122087906e-06,
                    0.3709238805946467,
                    -0.43765470773353776
                ],
                [
                    0.0,
                    0.0,
                    0.0,
                    1.0
                ]
            ],
            "size": [
                0.1202,
                0.13634,
                0.67816
            ]
        },
        "distance": 0.0
    }
]