[
    {
        "case": 0,
        "collider1": {
            "type": "Box",
            "collider2origin": [
                [
                    1.0,
                    0.0,
                    0.0,
                    -0.01200000000000001
                ],
                [
                    0.0,
                    1.0,
                    0.0,
                    0.15750000000000003
                ],
                [
                    0.0,
                    0.0,
                    1.0,
                    0.335
                ],
                [
                    0.0,
                    0.0,
                    0.0,
                    1.0
                ]
            ],
            "size": [
                1.6,
                1.586,
                0.76
            ]
        },
        "collider2": {
            "type": "Sphere",
            "collider2origin": [
                [
                    1.0,
                    0.0,
                    0.0,
                    -0.22829556357979244
                ],
                [
                    0.0,
                    1.0,
                    0.0,
                    0.7591836103899577
                ],
                [
                    0.0,
                    0.0,
                    1.0,
                    0.139036892858181
                ],
                [
                    0.0,
                    0.0,
                    0.0,
                    1.0
                ]
            ],
            "radius": 0.00487
        },
        "distance": 0.0
    },
    {
        "case": 1,
        "collider1": {
            "type": "Box",
            "collider2origin": [
                [
                    1.0,
                    0.0,
                    0.0,
                    -0.01200000000000001
                ],
                [
                    0.0,
                    1.0,
                    0.0,
                    0.15750000000000003
                ],
                [
                    0.0,
                    0.0,
                    1.0,
                    0.335
                ],
                [
                    0.0,
                    0.0,
                    0.0,
                    1.0
                ]
            ],
            "size": [
                1.6,
                1.586,
                0.76
            ]
        },
        "collider2": {
            "type": "Box",
            "collider2origin": [
                [
                    -0.9921068276172696,
                    -0.12419014781026765,
                    0.017345021823589456,
                    -0.17793209306124025
                ],
                [
                    0.004753238769502807,
                    -0.17546832135094972,
                    -0.9844736029592057,
                    0.7745873336878406
                ],
                [
                    0.12530542412999132,
                    -0.9766205380746114,
                    0.17467362506818046,
                    0.4114529110510635
                ],
                [
                    0.0,
                    0.0,
                    0.0,
                    1.0
                ]
            ],
            "size": [
                0.09126,
                0.11887,
                0.10009
            ]
        },
        "distance": 0.0
    },
    {
        "case": 2,
        "collider1": {
            "type": "Box",
            "collider2origin": [
                [
                    1.0,
                    0.0,
                    0.0,
                    -0.01200000000000001
                ],
                [
                    0.0,
                    1.0,
                    0.0,
                    0.15750000000000003
                ],
                [
                    0.0,
                    0.0,
                    1.0,
                    0.335
                ],
                [
                    0.0,
                    0.0,
                    0.0,
                    1.0
                ]
            ],
            "size": [
                1.6,
                1.586,
                0.76
            ]
        },
        "collider2": {
            "type": "Sphere",
            "collider2origin": [
                [
                    1.0,
                    0.0,
                    0.0,
                    -0.2013409395240011
                ],
                [
                    0.0,
                    1.0,
                    0.0,
                    0.7771025545951489
                ],
                [
                    0.0,
                    0.0,
                    1.0,
                    0.14876312097230437
                ],
                [
                    0.0,
                    0.0,
                    0.0,
                    1.0
                ]
            ],
            "radius": 0.00563
        },
        "distance": 0.0
    },
    {
        "case": 3,
        "collider1": {
            "type": "Box",
            "collider2origin": [
                [
                    1.0,
                    0.0,
                    0.0,
                    -0.01200000000000001
                ],
                [
                    0.0,
                    1.0,
                    0.0,
                    0.15750000000000003
                ],
                [
                    0.0,
                    0.0,
                    1.0,
                    0.335
                ],
                [
                    0.0,
                    0.0,
                    0.0,
                    1.0
                ]
            ],
            "size": [
                1.6,
                1.586,
                0.76
            ]
        },
        "collider2": {
            "type": "Cylinder",
            "collider2origin": [
                [
                    0.9543778581575354,
                    0.29750743345850383,
                    0.025538811553572127,
                    -0.22794037956953786
                ],
                [
                    -0.14048191838725252,
                    0.522828668147712,
                    -0.8407823822899279,
                    0.7446041264853779
                ],
                [
                    -0.2634914314828325,
                    0.7988363479460754,
                    0.540770519476889,
                    0.14679925676326544
                ],
                [
                    0.0,
                    0.0,
                    0.0,
                    1.0
                ]
            ],
            "radius": 0.0076,
            "height": 0.02993
        },
        "distance": 0.0
    },
    {
        "case": 4,
        "collider1": {
            "type": "Box",
            "collider2origin": [
                [
                    1.0,
                    0.0,
                    0.0,
                    -0.01200000000000001
                ],
                [
                    0.0,
                    1.0,
                    0.0,
                    0.15750000000000003
                ],
                [
                    0.0,
                    0.0,
                    1.0,
                    0.335
                ],
                [
                    0.0,
                    0.0,
                    0.0,
                    1.0
                ]
            ],
            "size": [
                1.6,
                1.586,
                0.76
            ]
        },
        "collider2": {
            "type": "Box",
            "collider2origin": [
                [
                    -0.052877743462774095,
                    -0.12418657193067442,
                    0.9908489489313658,
                    -0.1861405751446213
                ],
                [
                    -0.9816718954963746,
                    -0.1754649783891631,
                    -0.07437964070527314,
                    0.7577100404220294
                ],
                [
                    0.18309624201179017,
                    -0.976621593408111,
                    -0.11263227534841866,
                    0.3390612762535894
                ],
                [
                    0.0,
                    0.0,
                    0.0,
                    1.0
                ]
            ],
            "size": [
                0.08993,
                0.0305,
                0.09007
            ]
        },
        "distance": 0.0
    },
    {
        "case": 5,
        "collider1": {
            "type": "Box",
            "collider2origin": [
                [
                    1.0,
                    0.0,
                    0.0,
                    -0.01200000000000001
                ],
                [
                    0.0,
                    1.0,
                    0.0,
                    0.15750000000000003
                ],
                [
                    0.0,
                    0.0,
                    1.0,
                    0.335
                ],
                [
                    0.0,
                    0.0,
                    0.0,
                    1.0
                ]
            ],
            "size": [
                1.6,
                1.586,
                0.76
            ]
        },
        "collider2": {
            "type": "Sphere",
            "collider2origin": [
                [
                    1.0,
                    0.0,
                    0.0,
                    -0.24282050241406805
                ],
                [
                    0.0,
                    1.0,
                    0.0,
                    0.7661787176719153
                ],
                [
                    0.0,
                    0.0,
                    1.0,
                    0.1637252188955305
                ],
                [
                    0.0,
                    0.0,
                    0.0,
                    1.0
                ]
            ],
            "radius": 0.00484
        },
        "distance": 0.0
    },
    {
        "case": 6,
        "collider1": {
            "type": "Box",
            "collider2origin": [
                [
                    1.0,
                    0.0,
                    0.0,
                    -0.01200000000000001
                ],
                [
                    0.0,
                    1.0,
                    0.0,
                    0.15750000000000003
                ],
                [
                    0.0,
                    0.0,
                    1.0,
                    0.335
                ],
                [
                    0.0,
                    0.0,
                    0.0,
                    1.0
                ]
            ],
            "size": [
                1.6,
                1.586,
                0.76
            ]
        },
        "collider2": {
            "type": "Cylinder",
            "collider2origin": [
                [
                    0.9908493157002576,
                    0.12990492091132755,
                    -0.03663802804944397,
                    -0.2023409360384271
                ],
                [
                    -0.07437901800692422,
                    0.29901048172403305,
                    -0.951346673668167,
                    0.756909540901561
                ],
                [
                    -0.112629459985635,
                    0.9453663011458482,
                    0.3059365316551143,
                    0.15330131498994093
                ],
                [
                    0.0,
                    0.0,
                    0.0,
                    1.0
                ]
            ],
            "radius": 0.00813,
            "height": 0.03824
        },
        "distance": 0.0
    },
    {
        "case": 7,
        "collider1": {
            "type": "Box",
            "collider2origin": [
                [
                    1.0,
                    0.0,
                    0.0,
                    -0.01200000000000001
                ],
                [
                    0.0,
                    1.0,
                    0.0,
                    0.15750000000000003
                ],
                [
                    0.0,
                    0.0,
                    1.0,
                    0.335
                ],
                [
                    0.0,
                    0.0,
                    0.0,
                    1.0
                ]
            ],
            "size": [
                1.6,
                1.586,
                0.76
            ]
        },
        "collider2": {
            "type": "Cylinder",
            "collider2origin": [
                [
                    0.734582342250095,
                    -0.630762732855343,
                    -0.2500543086915791,
                    -0.16433158119152458
                ],
                [
                    0.4253441914822085,
                    0.7152070474575277,
                    -0.554582002989127,
                    0.7886116718020864
                ],
                [
                    0.5286502636211491,
                    0.3010269989684396,
                    0.7936697327385895,
                    0.1984432296575852
                ],
                [
                    0.0,
                    0.0,
                    0.0,
                    1.0
                ]
            ],
            "radius": 0.01169,
            "height": 0.05502
        },
        "distance": 0.0
    },
    {
        "case": 8,
        "collider1": {
            "type": "Box",
            "collider2origin": [
                [
                    1.0,
                    0.0,
                    0.0,
                    -0.01200000000000001
                ],
                [
                    0.0,
                    1.0,
                    0.0,
                    0.15750000000000003
                ],
                [
                    0.0,
                    0.0,
                    1.0,
                    0.335
                ],
                [
                    0.0,
                    0.0,
                    0.0,
                    1.0
                ]
            ],
            "size": [
                1.6,
                1.586,
                0.76
            ]
        },
        "collider2": {
            "type": "Box",
            "collider2origin": [
                [
                    -0.0030801012416576965,
                    -0.9998448195566552,
                    0.017345021823589456,
                    -0.17553050106959997
                ],
                [
                    0.1746464665545542,
                    -0.017616378644009088,
                    -0.9844736029592057,
                    0.882653472903366
                ],
                [
                    0.9846263883810702,
                    -3.031593052346539e-06,
                    0.17467362506818046,
                    0.3942586745839657
                ],
                [
                    0.0,
                    0.0,
                    0.0,
                    1.0
                ]
            ],
            "size": [
                0.09102,
                0.10007,
                0.11882
            ]
        },
        "distance": 0.0
    },
    {
        "case": 9,
        "collider1": {
            "type": "Box",
            "collider2origin": [
                [
                    1.0,
                    0.0,
                    0.0,
                    -0.01200000000000001
                ],
                [
                    0.0,
                    1.0,
                    0.0,
                    0.15750000000000003
                ],
                [
                    0.0,
                    0.0,
                    1.0,
                    0.335
                ],
                [
                    0.0,
                    0.0,
                    0.0,
                    1.0
                ]
            ],
            "size": [
                1.6,
                1.586,
                0.76
            ]
        },
        "collider2": {
            "type": "Sphere",
            "collider2origin": [
                [
                    1.0,
                    0.0,
                    0.0,
                    -0.1590676545045393
                ],
                [
                    0.0,
                    1.0,
                    0.0,
                    0.8008968274534272
                ],
                [
                    0.0,
                    0.0,
                    1.0,
                    0.18011595690749038
                ],
                [
                    0.0,
                    0.0,
                    0.0,
                    1.0
                ]
            ],
            "radius": 0.01051
        },
        "distance": 0.0
    },
    {
        "case": 10,
        "collider1": {
            "type": "Box",
            "collider2origin": [
                [
                    1.0,
                    0.0,
                    0.0,
                    -0.01200000000000001
                ],
                [
                    0.0,
                    1.0,
                    0.0,
                    0.15750000000000003
                ],
                [
                    0.0,
                    0.0,
                    1.0,
                    0.335
                ],
                [
                    0.0,
                    0.0,
                    0.0,
                    1.0
                ]
            ],
            "size": [
                1.6,
                1.586,
                0.76
            ]
        },
        "collider2": {
            "type": "Sphere",
            "collider2origin": [
                [
                    1.0,
                    0.0,
                    0.0,
                    -0.18587358571496201
                ],
                [
                    0.0,
                    1.0,
                    0.0,
                    0.7873169274304324
                ],
                [
                    0.0,
                    0.0,
                    1.0,
                    0.16699726152904448
                ],
                [
                    0.0,
                    0.0,
                    0.0,
                    1.0
                ]
            ],
            "radius": 0.00663
        },
        "distance": 0.0
    },
    {
        "case": 11,
        "collider1": {
            "type": "Box",
            "collider2origin": [
                [
                    1.0,
                    0.0,
                    0.0,
                    -0.01200000000000001
                ],
                [
                    0.0,
                    1.0,
                    0.0,
                    0.15750000000000003
                ],
                [
                    0.0,
                    0.0,
                    1.0,
                    0.335
                ],
                [
                    0.0,
                    0.0,
                    0.0,
                    1.0
                ]
            ],
            "size": [
                1.6,
                1.586,
                0.76
            ]
        },
        "collider2": {
            "type": "Cylinder",
            "collider2origin": [
                [
                    0.9525901656700964,
                    0.2473716064260186,
                    0.1771419334963588,
                    -0.22425752889810463
                ],
                [
                    -0.1468007318742861,
                    0.8836449515694502,
                    -0.4445459983927383,
                    0.7207538798349836
                ],
                [
                    -0.2664986329979789,
                    0.3974655807740256,
                    0.8780658236773449,
                    0.17310151799014994
                ],
                [
                    0.0,
                    0.0,
                    0.0,
                    1.0
                ]
            ],
            "radius": 0.00783,
            "height": 0.03683
        },
        "distance": 0.0
    },
    {
        "case": 12,
        "collider1": {
            "type": "Box",
            "collider2origin": [
                [
                    1.0,
                    0.0,
                    0.0,
                    -0.01200000000000001
                ],
                [
                    0.0,
                    1.0,
                    0.0,
                    0.15750000000000003
                ],
                [
                    0.0,
                    0.0,
                    1.0,
                    0.335
                ],
                [
                    0.0,
                    0.0,
                    0.0,
                    1.0
                ]
            ],
            "size": [
                1.6,
                1.586,
                0.76
            ]
        },
        "collider2": {
            "type": "Cylinder",
            "collider2origin": [
                [
                    0.8772179028345702,
                    0.4792063315383529,
                    0.029155492794200478,
                    -0.24219646606589892
                ],
                [
                    -0.20416117435914422,
                    0.4273159655733872,
                    -0.8807492721827126,
                    0.7527390021202178
                ],
                [
                    -0.43451923528287373,
                    0.76665660981931,
                    0.4726845425752236,
                    0.16913773444060043
                ],
                [
                    0.0,
                    0.0,
                    0.0,
                    1.0
                ]
            ],
            "radius": 0.0076,
            "height": 0.02993
        },
        "distance": 0.0
    },
    {
        "case": 13,
        "collider1": {
            "type": "Box",
            "collider2origin": [
                [
                    1.0,
                    0.0,
                    0.0,
                    -0.01200000000000001
                ],
                [
                    0.0,
                    1.0,
                    0.0,
                    0.15750000000000003
                ],
                [
                    0.0,
                    0.0,
                    1.0,
                    0.335
                ],
                [
                    0.0,
                    0.0,
                    0.0,
                    1.0
                ]
            ],
            "size": [
                1.6,
                1.586,
                0.76
            ]
        },
        "collider2": {
            "type": "Box",
            "collider2origin": [
                [
                    0.014154357381764416,
                    -0.9998449217559917,
                    -0.010477910376791771,
                    -0.060774694118502136
                ],
                [
                    -0.8033932916772509,
                    -0.017610576221925654,
                    0.5951882781886111,
                    0.7135222990469156
                ],
                [
                    -0.5952804994749122,
                    -6.6246914086558835e-06,
                    -0.8035179692458734,
                    0.6286008438117288
                ],
                [
                    0.0,
                    0.0,
                    0.0,
                    1.0
                ]
            ],
            "size": [
                0.1202,
                0.13634,
                0.67816
            ]
        },
        "distance": 0.0
    },
    {
        "case": 14,
        "collider1": {
            "type": "Box",
            "collider2origin": [
                [
                    1.0,
                    0.0,
                    0.0,
                    -0.362
                ],
                [
                    0.0,
                    1.0,
                    0.0,
                    0.35500000000000004
                ],
                [
                    0.0,
                    0.0,
                    1.0,
                    0.75
                ],
                [
                    0.0,
                    0.0,
                    0.0,
                    1.0
                ]
            ],
            "size": [
                0.8,
                0.22,
                0.06
            ]
        },
        "collider2": {
            "type": "Box",
            "collider2origin": [
                [
                    0.014154357381764416,
                    -0.9998449217559917,
                    -0.010477910376791771,
                    -0.060774694118502136
                ],
                [
                    -0.8033932916772509,
                    -0.017610576221925654,
                    0.5951882781886111,
                    0.7135222990469156
                ],
                [
                    -0.5952804994749122,
                    -6.6246914086558835e-06,
                    -0.8035179692458734,
                    0.6286008438117288
                ],
                [
                    0.0,
                    0.0,
                    0.0,
                    1.0
                ]
            ],
            "size": [
                0.1202,
                0.13634,
                0.67816
            ]
        },
        "distance": 0.048528211558273734
    },
    {
        "case": 15,
        "collider1": {
            "type": "Box",
            "collider2origin": [
                [
                    1.0,
                    0.0,
                    0.0,
                    -0.28465
                ],
                [
                    0.0,
                    1.0,
                    0.0,
                    0.4895
                ],
                [
                    0.0,
                    0.0,
                    1.0,
                    0.8
                ],
                [
                    0.0,
                    0.0,
                    0.0,
                    1.0
                ]
            ],
            "size": [
                0.54952,
                0.04,
                0.16125
            ]
        },
        "collider2": {
            "type": "Box",
            "collider2origin": [
                [
                    0.014154357381764416,
                    -0.9998449217559917,
                    -0.010477910376791771,
                    -0.060774694118502136
                ],
                [
                    -0.8033932916772509,
                    -0.017610576221925654,
                    0.5951882781886111,
                    0.7135222990469156
                ],
                [
                    -0.5952804994749122,
                    -6.6246914086558835e-06,
                    -0.8035179692458734,
                    0.6286008438117288
                ],
                [
                    0.0,
                    0.0,
                    0.0,
                    1.0
                ]
            ],
            "size": [
                0.1202,
                0.13634,
                0.67816
            ]
        },
        "distance": 0.0
    },
    {
        "case": 16,
        "collider1": {
            "type": "Box",
            "collider2origin": [
                [
                    1.0,
                    0.0,
                    0.0,
                    -0.28465
                ],
                [
                    0.0,
                    1.0,
                    0.0,
                    0.68909
                ],
                [
                    0.0,
                    0.0,
                    1.0,
                    0.74
                ],
                [
                    0.0,
                    0.0,
                    0.0,
                    1.0
                ]
            ],
            "size": [
                0.54952,
                0.35969,
                0.04811
            ]
        },
        "collider2": {
            "type": "Box",
            "collider2origin": [
                [
                    0.014154357381764416,
                    -0.9998449217559917,
                    -0.010477910376791771,
                    -0.060774694118502136
                ],
                [
                    -0.8033932916772509,
                    -0.017610576221925654,
                    0.5951882781886111,
                    0.7135222990469156
                ],
                [
                    -0.5952804994749122,
                    -6.6246914086558835e-06,
                    -0.8035179692458734,
                    0.6286008438117288
                ],
                [
                    0.0,
                    0.0,
                    0.0,
                    1.0
                ]
            ],
            "size": [
                0.1202,
                0.13634,
                0.67816
            ]
        },
        "distance": 0.0
    },
    {
        "case": 17,
        "collider1": {
            "type": "Box",
            "collider2origin": [
                [
                    1.0,
                    0.0,
                    0.0,
                    -0.28465
                ],
                [
                    0.0,
                    1.0,
                    0.0,
                    0.88913
                ],
                [
                    0.0,
                    0.0,
                    1.0,
                    0.8
                ],
                [
                    0.0,
                    0.0,
                    0.0,
                    1.0
                ]
            ],
            "size": [
                0.54952,
                0.04073,
                0.16125
            ]
        },
        "collider2": {
            "type": "Box",
            "collider2origin": [
                [
                    0.014154357381764416,
                    -0.9998449217559917,
                    -0.010477910376791771,
                    -0.060774694118502136
                ],
                [
                    -0.8033932916772509,
                    -0.017610576221925654,
                    0.5951882781886111,
                    0.7135222990469156
                ],
                [
                    -0.5952804994749122,
                    -6.6246914086558835e-06,
                    -0.8035179692458734,
                    0.6286008438117288
                ],
                [
                    0.0,
                    0.0,
                    0.0,
                    1.0
                ]
            ],
            "size": [
                0.1202,
                0.13634,
                0.67816
            ]
        },
        "distance": 0.11793678941691842
    },
    {
        "case": 18,
        "collider1": {
            "type": "Box",
            "collider2origin": [
                [
                    1.0,
                    0.0,
                    0.0,
                    0.01006
                ],
                [
                    0.0,
                    1.0,
                    0.0,
                    0.6895
                ],
                [
                    0.0,
                    0.0,
                    1.0,
                    0.8
                ],
                [
                    0.0,
                    0.0,
                    0.0,
                    1.0
                ]
            ],
            "size": [
                0.03989,
                0.44,
                0.16125
            ]
        },
        "collider2": {
            "type": "Box",
            "collider2origin": [
                [
                    0.014154357381764416,
                    -0.9998449217559917,
                    -0.010477910376791771,
                    -0.060774694118502136
                ],
                [
                    -0.8033932916772509,
                    -0.017610576221925654,
                    0.5951882781886111,
                    0.7135222990469156
                ],
                [
                    -0.5952804994749122,
                    -6.6246914086558835e-06,
                    -0.8035179692458734,
                    0.6286008438117288
                ],
                [
                    0.0,
                    0.0,
                    0.0,
                    1.0
                ]
            ],
            "size": [
                0.1202,
                0.13634,
                0.67816
            ]
        },
        "distance": 0.0
    },
    {
        "case": 19,
        "collider1": {
            "type": "Box",
            "collider2origin": [
                [
                    1.0,
                    0.0,
                    0.0,
                    -0.01200000000000001
                ],
                [
                    0.0,
                    1.0,
                    0.0,
                    0.15750000000000003
                ],
                [
                    0.0,
                    0.0,
                    1.0,
                    0.335
                ],
                [
                    0.0,
                    0.0,
                    0.0,
                    1.0
                ]
            ],
            "size": [
                1.6,
                1.586,
                0.76
            ]
        },
        "collider2": {
            "type": "Cylinder",
            "collider2origin": [
                [
                    0.7560492042460163,
                    -0.6157919417810186,
                    -0.22178792842832495,
                    -0.16564453224733772
                ],
                [
                    0.37618490590099907,
                    0.686130403576183,
                    -0.6226636217578799,
                    0.7790076558792763
                ],
                [
                    0.5356066815595387,
                    0.3873310647572011,
                    0.7503999793062573,
                    0.20966780705183263
                ],
                [
                    0.0,
                    0.0,
                    0.0,
                    1.0
                ]
            ],
            "radius": 0.01271,
            "height": 0.05982
        },
        "distance": 0.0
    },
    {
        "case": 20,
        "collider1": {
            "type": "Box",
            "collider2origin": [
                [
                    1.0,
                    0.0,
                    0.0,
                    -0.01200000000000001
                ],
                [
                    0.0,
                    1.0,
                    0.0,
                    0.15750000000000003
                ],
                [
                    0.0,
                    0.0,
                    1.0,
                    0.335
                ],
                [
                    0.0,
                    0.0,
                    0.0,
                    1.0
                ]
            ],
            "size": [
                1.6,
                1.586,
                0.76
            ]
        },
        "collider2": {
            "type": "Cylinder",
            "collider2origin": [
                [
                    0.9968328362263794,
                    0.05255029826774166,
                    0.059688883159622064,
                    -0.18359052746679713
                ],
                [
                    0.0561520181668925,
                    0.06638683152883998,
                    -0.996212697899071,
                    0.7671438420710573
                ],
                [
                    -0.056313830243170306,
                    0.9964091803830051,
                    0.06322576825797051,
                    0.16696772987053243
                ],
                [
                    0.0,
                    0.0,
                    0.0,
                    1.0
                ]
            ],
            "radius": 0.00796,
            "height": 0.03037
        },
        "distance": 0.0
    },
    {
        "case": 21,
        "collider1": {
            "type": "Box",
            "collider2origin": [
                [
                    1.0,
                    0.0,
                    0.0,
                    -0.01200000000000001
                ],
                [
                    0.0,
                    1.0,
                    0.0,
                    0.15750000000000003
                ],
                [
                    0.0,
                    0.0,
                    1.0,
                    0.335
                ],
                [
                    0.0,
                    0.0,
                    0.0,
                    1.0
                ]
            ],
            "size": [
                1.6,
                1.586,
                0.76
            ]
        },
        "collider2": {
            "type": "Cylinder",
            "collider2origin": [
                [
                    0.9908493157002576,
                    0.13097529042703127,
                    0.0326053197175695,
                    -0.2024844456067872
                ],
                [
                    -0.07437901800692422,
                    0.7314335707787333,
                    -0.6778441511278214,
                    0.7315807923718898
                ],
                [
                    -0.112629459985635,
                    0.6692162616340294,
                    0.7344822665714383,
                    0.16876584223536528
                ],
                [
                    0.0,
                    0.0,
                    0.0,
                    1.0
                ]
            ],
            "radius": 0.00683,
            "height": 0.01183
        },
        "distance": 0.0
    },
    {
        "case": 22,
        "collider1": {
            "type": "Box",
            "collider2origin": [
                [
                    1.0,
                    0.0,
                    0.0,
                    -0.01200000000000001
                ],
                [
                    0.0,
                    1.0,
                    0.0,
                    0.15750000000000003
                ],
                [
                    0.0,
                    0.0,
                    1.0,
                    0.335
                ],
                [
                    0.0,
                    0.0,
                    0.0,
                    1.0
                ]
            ],
            "size": [
                1.6,
                1.586,
                0.76
            ]
        },
        "collider2": {
            "type": "Cylinder",
            "collider2origin": [
                [
                    0.9908493157002576,
                    0.13097529042703127,
                    0.0326053197175695,
                    -0.20195164636583085
                ],
                [
                    -0.07437901800692422,
                    0.7314335707787333,
                    -0.6778441511278214,
                    0.7205221662433995
                ],
                [
                    -0.112629459985635,
                    0.6692162616340294,
                    0.7344822665714383,
                    0.18075607630810586
                ],
                [
                    0.0,
                    0.0,
                    0.0,
                    1.0
                ]
            ],
            "radius": 0.00683,
            "height": 0.01782
        },
        "distance": 0.0
    },
    {
        "case": 23,
        "collider1": {
            "type": "Box",
            "collider2origin": [
                [
                    1.0,
                    0.0,
                    0.0,
                    -0.01200000000000001
                ],
                [
                    0.0,
                    1.0,
                    0.0,
                    0.15750000000000003
                ],
                [
                    0.0,
                    0.0,
                    1.0,
                    0.335
                ],
                [
                    0.0,
                    0.0,
                    0.0,
                    1.0
                ]
            ],
            "size": [
                1.6,
                1.586,
                0.76
            ]
        },
        "collider2": {
            "type": "Box",
            "collider2origin": [
                [
                    0.9669848576533859,
                    -0.18412092760704807,
                    -0.17618106903461733,
                    -0.1964953278187364
                ],
                [
                    0.08500223309935248,
                    -0.4187174512270686,
                    0.9041295904935477,
                    0.7374319015553364
                ],
                [
                    -0.24023926705928772,
                    -0.8892554076613912,
                    -0.3892427449648724,
                    0.25843035966956396
                ],
                [
                    0.0,
                    0.0,
                    0.0,
                    1.0
                ]
            ],
            "size": [
                0.06241,
                0.05638,
                0.02858
            ]
        },
        "distance": 0.0
    },
    {
        "case": 24,
        "collider1": {
            "type": "Box",
            "collider2origin": [
                [
                    1.0,
                    0.0,
                    0.0,
                    -0.01200000000000001
                ],
                [
                    0.0,
                    1.0,
                    0.0,
                    0.15750000000000003
                ],
                [
                    0.0,
                    0.0,
                    1.0,
                    0.335
                ],
                [
                    0.0,
                    0.0,
                    0.0,
                    1.0
                ]
            ],
            "size": [
                1.6,
                1.586,
                0.76
            ]
        },
        "collider2": {
            "type": "Cylinder",
            "collider2origin": [
                [
                    0.9968328362263794,
                    0.016033185822816914,
                    0.0778924487562347,
                    -0.18172263316790085
                ],
                [
                    0.0561520181668925,
                    0.5516783901993723,
                    -0.8321645898755929,
                    0.7410821034103315
                ],
                [
                    -0.056313830243170306,
                    0.8339028065304729,
                    0.5490308386456476,
                    0.17398359395617247
                ],
                [
                    0.0,
                    0.0,
                    0.0,
                    1.0
                ]
            ],
            "radius": 0.00713,
            "height": 0.01426
        },
        "distance": 0.0
    },
    {
        "case": 25,
        "collider1": {
            "type": "Box",
            "collider2origin": [
                [
                    1.0,
                    0.0,
                    0.0,
                    -0.01200000000000001
                ],
                [
                    0.0,
                    1.0,
                    0.0,
                    0.15750000000000003
                ],
                [
                    0.0,
                    0.0,
                    1.0,
                    0.335
                ],
                [
                    0.0,
                    0.0,
                    0.0,
                    1.0
                ]
            ],
            "size": [
                1.6,
                1.586,
                0.76
            ]
        },
        "collider2": {
            "type": "Cylinder",
            "collider2origin": [
                [
                    0.8743526424466935,
                    0.4366292512330202,
                    0.21180735023642672,
                    -0.2394728946268605
                ],
                [
                    -0.21010740116474602,
                    0.7340207282556752,
                    -0.6458083697714081,
                    0.7322230775734995
                ],
                [
                    -0.43744981040375436,
                    0.5201619627180558,
                    0.7335320006100745,
                    0.18495396656490304
                ],
                [
                    0.0,
                    0.0,
                    0.0,
                    1.0
                ]
            ],
            "radius": 0.00783,
            "height": 0.03044
        },
        "distance": 0.0
    },
    {
        "case": 26,
        "collider1": {
            "type": "Box",
            "collider2origin": [
                [
                    1.0,
                    0.0,
                    0.0,
                    -0.2855
                ],
                [
                    0.0,
                    1.0,
                    0.0,
                    0.689
                ],
                [
                    0.0,
                    0.0,
                    1.0,
                    0.82
                ],
                [
                    0.0,
                    0.0,
                    0.0,
                    1.0
                ]
            ],
            "size": [
                0.042,
                0.36,
                0.12
            ]
        },
        "collider2": {
            "type": "Box",
            "collider2origin": [
                [
                    0.007872610986081437,
                    -0.9998449411276611,
                    -0.01575168872487672,
                    -0.17923984026416231
                ],
                [
                    -0.44672740269608435,
                    -0.01760947680031779,
                    0.894496804917284,
                    0.26529223644445465
                ],
                [
                    -0.8946354842485694,
                    -5.3143812651811605e-06,
                    -0.4467967662092967,
                    0.9933622105439353
                ],
                [
                    0.0,
                    0.0,
                    0.0,
                    1.0
                ]
            ],
            "size": [
                0.15068,
                0.17726,
                0.74884
            ]
        },
        "distance": 0.0
    },
    {
        "case": 27,
        "collider1": {
            "type": "Box",
            "collider2origin": [
                [
                    1.0,
                    0.0,
                    0.0,
                    0.07799999999999999
                ],
                [
                    0.0,
                    1.0,
                    0.0,
                    -0.315
                ],
                [
                    0.0,
                    0.0,
                    1.0,
                    0.75
                ],
                [
                    0.0,
                    0.0,
                    0.0,
                    1.0
                ]
            ],
            "size": [
                1.76,
                0.64,
                0.06
            ]
        },
        "collider2": {
            "type": "Box",
            "collider2origin": [
                [
                    0.007872610986081437,
                    -0.9998449411276611,
                    -0.01575168872487672,
                    -0.17923984026416231
                ],
                [
                    -0.44672740269608435,
                    -0.01760947680031779,
                    0.894496804917284,
                    0.26529223644445465
                ],
                [
                    -0.8946354842485694,
                    -5.3143812651811605e-06,
                    -0.4467967662092967,
                    0.9933622105439353
                ],
                [
                    0.0,
                    0.0,
                    0.0,
                    1.0
                ]
            ],
            "size": [
                0.15068,
                0.17726,
                0.74884
            ]
        },
        "distance": 0.23115215577633044
    },
    {
        "case": 28,
        "collider1": {
            "type": "Box",
            "collider2origin": [
                [
                    1.0,
                    0.0,
                    0.0,
                    -0.362
                ],
                [
                    0.0,
                    1.0,
                    0.0,
                    0.35500000000000004
                ],
                [
                    0.0,
                    0.0,
                    1.0,
                    0.75
                ],
                [
                    0.0,
                    0.0,
                    0.0,
                    1.0
                ]
            ],
            "size": [
                0.8,
                0.22,
                0.06
            ]
        },
        "collider2": {
            "type": "Box",
            "collider2origin": [
                [
                    0.007872610986081437,
                    -0.9998449411276611,
                    -0.01575168872487672,
                    -0.17923984026416231
                ],
                [
                    -0.44672740269608435,
                    -0.01760947680031779,
                    0.894496804917284,
                    0.26529223644445465
                ],
                [
                    -0.8946354842485694,
                    -5.3143812651811605e-06,
                    -0.4467967662092967,
                    0.9933622105439353
                ],
                [
                    0.0,
                    0.0,
                    0.0,
                    1.0
                ]
            ],
            "size": [
                0.15068,
                0.17726,
                0.74884
            ]
        },
        "distance": 0.025600141397369835
    },
    {
        "case": 29,
        "collider1": {
            "type": "Box",
            "collider2origin": [
                [
                    1.0,
                    0.0,
                    0.0,
                    -0.28465
                ],
                [
                    0.0,
                    1.0,
                    0.0,
                    0.4895
                ],
                [
                    0.0,
                    0.0,
                    1.0,
                    0.8
                ],
                [
                    0.0,
                    0.0,
                    0.0,
                    1.0
                ]
            ],
            "size": [
                0.54952,
                0.04,
                0.16125
            ]
        },
        "collider2": {
            "type": "Box",
            "collider2origin": [
                [
                    0.007872610986081437,
                    -0.9998449411276611,
                    -0.01575168872487672,
                    -0.17923984026416231
                ],
                [
                    -0.44672740269608435,
                    -0.01760947680031779,
                    0.894496804917284,
                    0.26529223644445465
                ],
                [
                    -0.8946354842485694,
                    -5.3143812651811605e-06,
                    -0.4467967662092967,
                    0.9933622105439353
                ],
                [
                    0.0,
                    0.0,
                    0.0,
                    1.0
                ]
            ],
            "size": [
                0.15068,
                0.17726,
                0.74884
            ]
        },
        "distance": 0.0
    },
    {
        "case": 30,
        "collider1": {
            "type": "Box",
            "collider2origin": [
                [
                    1.0,
                    0.0,
                    0.0,
                    -0.28465
                ],
                [
                    0.0,
                    1.0,
                    0.0,
                    0.68909
                ],
                [
                    0.0,
                    0.0,
                    1.0,
                    0.74
                ],
                [
                    0.0,
                    0.0,
                    0.0,
                    1.0
                ]
            ],
            "size": [
                0.54952,
                0.35969,
                0.04811
            ]
        },
        "collider2": {
            "type": "Box",
            "collider2origin": [
                [
                    0.007872610986081437,
                    -0.9998449411276611,
                    -0.01575168872487672,
                    -0.17923984026416231
                ],
                [
                    -0.44672740269608435,
                    -0.01760947680031779,
                    0.894496804917284,
                    0.26529223644445465
                ],
                [
                    -0.8946354842485694,
                    -5.3143812651811605e-06,
                    -0.4467967662092967,
                    0.9933622105439353
                ],
                [
                    0.0,
                    0.0,
                    0.0,
                    1.0
                ]
            ],
            "size": [
                0.15068,
                0.17726,
                0.74884
            ]
        },
        "distance": 0.0
    },
    {
        "case": 31,
        "collider1": {
            "type": "Box",
            "collider2origin": [
                [
                    1.0,
                    0.0,
                    0.0,
                    -0.2855
                ],
                [
                    0.0,
                    1.0,
                    0.0,
                    0.689
                ],
                [
                    0.0,
                    0.0,
                    1.0,
                    0.82
                ],
                [
                    0.0,
                    0.0,
                    0.0,
                    1.0
                ]
            ],
            "size": [
                0.042,
                0.36,
                0.12
            ]
        },
        "collider2": {
            "type": "Box",
            "collider2origin": [
                [
                    0.007872610986081437,
                    -0.9998449411276611,
                    -0.01575168872487672,
                    -0.17923984026416231
                ],
                [
                    -0.44672740269608435,
                    -0.01760947680031779,
                    0.894496804917284,
                    0.26529223644445465
                ],
                [
                    -0.8946354842485694,
                    -5.3143812651811605e-06,
                    -0.4467967662092967,
                    0.9933622105439353
                ],
                [
                    0.0,
                    0.0,
                    0.0,
                    1.0
                ]
            ],
            "size": [
                0.15068,
                0.17726,
                0.74884
            ]
        },
        "distance": 0.0
    },
    {
        "case": 32,
        "collider1": {
            "type": "Box",
            "collider2origin": [
                [
                    1.0,
                    0.0,
                    0.0,
                    0.07799999999999999
                ],
                [
                    0.0,
                    1.0,
                    0.0,
                    -0.315
                ],
                [
                    0.0,
                    0.0,
                    1.0,
                    0.75
                ],
                [
                    0.0,
                    0.0,
                    0.0,
                    1.0
                ]
            ],
            "size": [
                1.76,
                0.64,
                0.06
            ]
        },
        "collider2": {
            "type": "Box",
            "collider2origin": [
                [
                    0.007872610986081437,
                    -0.9998449411276611,
                    -0.01575168872487672,
                    -0.17923984026416231
                ],
                [
                    -0.44672740269608435,
                    -0.01760947680031779,
                    0.894496804917284,
                    0.26529223644445465
                ],
                [
                    -0.8946354842485694,
                    -5.3143812651811605e-06,
                    -0.4467967662092967,
                    0.9933622105439353
                ],
                [
                    0.0,
                    0.0,
                    0.0,
                    1.0
                ]
            ],
            "size": [
                0.15068,
                0.17726,
                0.74884
            ]
        },
        "distance": 0.23115215577633044
    },
    {
        "case": 33,
        "collider1": {
            "type": "Box",
            "collider2origin": [
                [
                    1.0,
                    0.0,
                    0.0,
                    -0.362
                ],
                [
                    0.0,
                    1.0,
                    0.0,
                    0.35500000000000004
                ],
                [
                    0.0,
                    0.0,
                    1.0,
                    0.75
                ],
                [
                    0.0,
                    0.0,
                    0.0,
                    1.0
                ]
            ],
            "size": [
                0.8,
                0.22,
                0.06
            ]
        },
        "collider2": {
            "type": "Box",
            "collider2origin": [
                [
                    0.007872610986081437,
                    -0.9998449411276611,
                    -0.01575168872487672,
                    -0.17923984026416231
                ],
                [
                    -0.44672740269608435,
                    -0.01760947680031779,
                    0.894496804917284,
                    0.26529223644445465
                ],
                [
                    -0.8946354842485694,
                    -5.3143812651811605e-06,
                    -0.4467967662092967,
                    0.9933622105439353
                ],
                [
                    0.0,
                    0.0,
                    0.0,
                    1.0
                ]
            ],
            "size": [
                0.15068,
                0.17726,
                0.74884
            ]
        },
        "distance": 0.025600141397369835
    },
    {
        "case": 34,
        "collider1": {
            "type": "Box",
            "collider2origin": [
                [
                    1.0,
                    0.0,
                    0.0,
                    -0.28465
                ],
                [
                    0.0,
                    1.0,
                    0.0,
                    0.4895
                ],
                [
                    0.0,
                    0.0,
                    1.0,
                    0.8
                ],
                [
                    0.0,
                    0.0,
                    0.0,
                    1.0
                ]
            ],
            "size": [
                0.54952,
                0.04,
                0.16125
            ]
        },
        "collider2": {
            "type": "Box",
            "collider2origin": [
                [
                    0.007872610986081437,
                    -0.9998449411276611,
                    -0.01575168872487672,
                    -0.17923984026416231
                ],
                [
                    -0.44672740269608435,
                    -0.01760947680031779,
                    0.894496804917284,
                    0.26529223644445465
                ],
                [
                    -0.8946354842485694,
                    -5.3143812651811605e-06,
                    -0.4467967662092967,
                    0.9933622105439353
                ],
                [
                    0.0,
                    0.0,
                    0.0,
                    1.0
                ]
            ],
            "size": [
                0.15068,
                0.17726,
                0.74884
            ]
        },
        "distance": 0.0
    },
    {
        "case": 35,
        "collider1": {
            "type": "Box",
            "collider2origin": [
                [
                    1.0,
                    0.0,
                    0.0,
                    -0.28465
                ],
                [
                    0.0,
                    1.0,
                    0.0,
                    0.68909
                ],
                [
                    0.0,
                    0.0,
                    1.0,
                    0.74
                ],
                [
                    0.0,
                    0.0,
                    0.0,
                    1.0
                ]
            ],
            "size": [
                0.54952,
                0.35969,
                0.04811
            ]
        },
        "collider2": {
            "type": "Box",
            "collider2origin": [
                [
                    0.007872610986081437,
                    -0.9998449411276611,
                    -0.01575168872487672,
                    -0.17923984026416231
                ],
                [
                    -0.44672740269608435,
                    -0.01760947680031779,
                    0.894496804917284,
                    0.26529223644445465
                ],
                [
                    -0.8946354842485694,
                    -5.3143812651811605e-06,
                    -0.4467967662092967,
                    0.9933622105439353
                ],
                [
                    0.0,
                    0.0,
                    0.0,
                    1.0
                ]
            ],
            "size": [
                0.15068,
                0.17726,
                0.74884
            ]
        },
        "distance": 0.0
    },
    {
        "case": 36,
        "collider1": {
            "type": "Box",
            "collider2origin": [
                [
                    1.0,
                    0.0,
                    0.0,
                    -0.01200000000000001
                ],
                [
                    0.0,
                    1.0,
                    0.0,
                    0.15750000000000003
                ],
                [
                    0.0,
                    0.0,
                    1.0,
                    0.335
                ],
                [
                    0.0,
                    0.0,
                    0.0,
                    1.0
                ]
            ],
            "size": [
                1.6,
                1.586,
                0.76
            ]
        },
        "collider2": {
            "type": "Box",
            "collider2origin": [
                [
                    0.9824354019446022,
                    -0.1841180840270941,
                    0.03035147673738136,
                    -0.2042663887202814
                ],
                [
                    -0.10633497649706464,
                    -0.41872168467783344,
                    0.9018675199572967,
                    0.713760233971034
                ],
                [
                    -0.15334129834886823,
                    -0.889254003035549,
                    -0.430945198727094,
                    0.21360114524143958
                ],
                [
                    0.0,
                    0.0,
                    0.0,
                    1.0
                ]
            ],
            "size": [
                0.07264,
                0.04753,
                0.03326
            ]
        },
        "distance": 0.0
    },
    {
        "case": 37,
        "collider1": {
            "type": "Box",
            "collider2origin": [
                [
                    1.0,
                    0.0,
                    0.0,
                    -0.01200000000000001
                ],
                [
                    0.0,
                    1.0,
                    0.0,
                    0.15750000000000003
                ],
                [
                    0.0,
                    0.0,
                    1.0,
                    0.335
                ],
                [
                    0.0,
                    0.0,
                    0.0,
                    1.0
                ]
            ],
            "size": [
                1.6,
                1.586,
                0.76
            ]
        },
        "collider2": {
            "type": "Cylinder",
            "collider2origin": [
                [
                    0.997489809326876,
                    0.041360623037796466,
                    0.05747503067382582,
                    -0.1803811760330496
                ],
                [
                    0.025654803241667513,
                    0.5454396788769013,
                    -0.8377573561463327,
                    0.7281937567311396
                ],
                [
                    -0.06599932847888108,
                    0.837128936047839,
                    0.5430094226362456,
                    0.18246375740799226
                ],
                [
                    0.0,
                    0.0,
                    0.0,
                    1.0
                ]
            ],
            "radius": 0.00713,
            "height": 0.01697
        },
        "distance": 0.0
    }
]