[
    {
        "case": 0,
        "collider1": {
            "type": "Box",
            "collider2origin": [
                [
                    1.0,
                    0.0,
                    0.0,
                    0.818
                ],
                [
                    0.0,
                    1.0,
                    0.0,
                    -0.765
                ],
                [
                    0.0,
                    0.0,
                    1.0,
                    1.22
                ],
                [
                    0.0,
                    0.0,
                    0.0,
                    1.0
                ]
            ],
            "size": [
                0.5,
                0.4,
                0.48
            ]
        },
        "collider2": {
            "type": "Box",
            "collider2origin": [
                [
                    0.5320663060453125,
                    -0.8105764680403574,
                    0.24468599353153717,
                    0.5364744724122243
                ],
                [
                    0.7790142561402666,
                    0.35542324499423034,
                    -0.5165376130041239,
                    -0.7523910372181059
                ],
                [
                    0.33172614413326357,
                    0.46544613692347997,
                    0.8205593573419817,
                    1.4046339847369356
                ],
                [
                    0.0,
                    0.0,
                    0.0,
                    1.0
                ]
            ],
            "size": [
                0.09126,
                0.11887,
                0.10009
            ]
        },
        "distance": 0.0
    },
    {
        "case": 1,
        "collider1": {
            "type": "Box",
            "collider2origin": [
                [
                    1.0,
                    0.0,
                    0.0,
                    0.818
                ],
                [
                    0.0,
                    1.0,
                    0.0,
                    -0.765
                ],
                [
                    0.0,
                    0.0,
                    1.0,
                    1.22
                ],
                [
                    0.0,
                    0.0,
                    0.0,
                    1.0
                ]
            ],
            "size": [
                0.5,
                0.4,
                0.48
            ]
        },
        "collider2": {
            "type": "Box",
            "collider2origin": [
                [
                    0.351281270007109,
                    0.9037312841280183,
                    0.24468599353153722,
                    0.5077748222088814
                ],
                [
                    -0.7415653229919218,
                    0.42810018230303104,
                    -0.516537613004124,
                    -0.6982700252363467
                ],
                [
                    -0.5715613187384878,
                    -6.591222843636673e-07,
                    0.8205593573419818,
                    1.3139981959326323
                ],
                [
                    0.0,
                    0.0,
                    0.0,
                    1.0
                ]
            ],
            "size": [
                0.09102,
                0.10007,
                0.11882
            ]
        },
        "distance": 0.0
    }
]