[
    {
        "case": 0,
        "collider1": {
            "type": "Box",
            "collider2origin": [
                [
                    1.0,
                    0.0,
                    0.0,
                    -0.01200000000000001
                ],
                [
                    0.0,
                    1.0,
                    0.0,
                    0.15750000000000003
                ],
                [
                    0.0,
                    0.0,
                    1.0,
                    0.335
                ],
                [
                    0.0,
                    0.0,
                    0.0,
                    1.0
                ]
            ],
            "size": [
                1.6,
                1.586,
                0.76
            ]
        },
        "collider2": {
            "type": "Box",
            "collider2origin": [
                [
                    -0.6195855049704975,
                    0.10454985838752086,
                    0.7779351702690931,
                    -0.2068179547147276
                ],
                [
                    -0.669414147860085,
                    -0.5879110935332554,
                    -0.45414231772131486,
                    0.309373411119251
                ],
                [
                    0.40987620164533795,
                    -0.8021408063499081,
                    0.4342483461259342,
                    0.4487111324997447
                ],
                [
                    0.0,
                    0.0,
                    0.0,
                    1.0
                ]
            ],
            "size": [
                0.09126,
                0.11887,
                0.10009
            ]
        },
        "distance": 0.0
    },
    {
        "case": 1,
        "collider1": {
            "type": "Box",
            "collider2origin": [
                [
                    1.0,
                    0.0,
                    0.0,
                    -0.01200000000000001
                ],
                [
                    0.0,
                    1.0,
                    0.0,
                    0.15750000000000003
                ],
                [
                    0.0,
                    0.0,
                    1.0,
                    0.335
                ],
                [
                    0.0,
                    0.0,
                    0.0,
                    1.0
                ]
            ],
            "size": [
                1.6,
                1.586,
                0.76
            ]
        },
        "collider2": {
            "type": "Box",
            "collider2origin": [
                [
                    -0.12481618698901897,
                    0.10454337667936305,
                    -0.9866567801713008,
                    -0.19700130202374835
                ],
                [
                    0.7924285113804558,
                    -0.5879100224137077,
                    -0.16253879505172916,
                    0.2636380413076002
                ],
                [
                    -0.5970577642212491,
                    -0.8021424361907242,
                    -0.009462465066406155,
                    0.3904104747582404
                ],
                [
                    0.0,
                    0.0,
                    0.0,
                    1.0
                ]
            ],
            "size": [
                0.08993,
                0.0305,
                0.09007
            ]
        },
        "distance": 0.0
    },
    {
        "case": 2,
        "collider1": {
            "type": "Box",
            "collider2origin": [
                [
                    1.0,
                    0.0,
                    0.0,
                    -0.01200000000000001
                ],
                [
                    0.0,
                    1.0,
                    0.0,
                    0.15750000000000003
                ],
                [
                    0.0,
                    0.0,
                    1.0,
                    0.335
                ],
                [
                    0.0,
                    0.0,
                    0.0,
                    1.0
                ]
            ],
            "size": [
                1.6,
                1.586,
                0.76
            ]
        },
        "collider2": {
            "type": "Cylinder",
            "collider2origin": [
                [
                    -0.8902168483434598,
                    -0.3505016299435151,
                    -0.29096833218131435,
                    -0.148091836112927
                ],
                [
                    -0.30101971577262226,
                    -0.026790944203539897,
                    0.953241509810002,
                    0.17352425669358237
                ],
                [
                    -0.34190801927068953,
                    0.9361788572252747,
                    -0.0816581511104169,
                    0.26496146429017076
                ],
                [
                    0.0,
                    0.0,
                    0.0,
                    1.0
                ]
            ],
            "radius": 0.00783,
            "height": 0.03044
        },
        "distance": 0.0
    },
    {
        "case": 3,
        "collider1": {
            "type": "Box",
            "collider2origin": [
                [
                    1.0,
                    0.0,
                    0.0,
                    -0.01200000000000001
                ],
                [
                    0.0,
                    1.0,
                    0.0,
                    0.15750000000000003
                ],
                [
                    0.0,
                    0.0,
                    1.0,
                    0.335
                ],
                [
                    0.0,
                    0.0,
                    0.0,
                    1.0
                ]
            ],
            "size": [
                1.6,
                1.586,
                0.76
            ]
        },
        "collider2": {
            "type": "Box",
            "collider2origin": [
                [
                    0.375020611345582,
                    0.504159113697633,
                    0.7779351702690931,
                    -0.294161769489916
                ],
                [
                    -0.21893187795159877,
                    0.863610785059623,
                    -0.45414231772131486,
                    0.3569434822332105
                ],
                [
                    -0.9007931915165501,
                    -2.078121862251002e-06,
                    0.4342483461259342,
                    0.403118379441362
                ],
                [
                    0.0,
                    0.0,
                    0.0,
                    1.0
                ]
            ],
            "size": [
                0.09102,
                0.10007,
                0.11882
            ]
        },
        "distance": 0.0
    },
    {
        "case": 4,
        "collider1": {
            "type": "Box",
            "collider2origin": [
                [
                    1.0,
                    0.0,
                    0.0,
                    -0.01200000000000001
                ],
                [
                    0.0,
                    1.0,
                    0.0,
                    0.15750000000000003
                ],
                [
                    0.0,
                    0.0,
                    1.0,
                    0.335
                ],
                [
                    0.0,
                    0.0,
                    0.0,
                    1.0
                ]
            ],
            "size": [
                1.6,
                1.586,
                0.76
            ]
        },
        "collider2": {
            "type": "Sphere",
            "collider2origin": [
                [
                    1.0,
                    0.0,
                    0.0,
                    -0.22265885761080823
                ],
                [
                    0.0,
                    1.0,
                    0.0,
                    0.17521830683684794
                ],
                [
                    0.0,
                    0.0,
                    1.0,
                    0.1774326377341694
                ],
                [
                    0.0,
                    0.0,
                    0.0,
                    1.0
                ]
            ],
            "radius": 0.00663
        },
        "distance": 0.0
    },
    {
        "case": 5,
        "collider1": {
            "type": "Box",
            "collider2origin": [
                [
                    1.0,
                    0.0,
                    0.0,
                    -0.01200000000000001
                ],
                [
                    0.0,
                    1.0,
                    0.0,
                    0.15750000000000003
                ],
                [
                    0.0,
                    0.0,
                    1.0,
                    0.335
                ],
                [
                    0.0,
                    0.0,
                    0.0,
                    1.0
                ]
            ],
            "size": [
                1.6,
                1.586,
                0.76
            ]
        },
        "collider2": {
            "type": "Cylinder",
            "collider2origin": [
                [
                    -0.9866566682600746,
                    0.10101669684887997,
                    -0.12768808063272621,
                    -0.18448556048312487
                ],
                [
                    -0.16253955977968454,
                    -0.6566988335839872,
                    0.7364289059210374,
                    0.1666425130029549
                ],
                [
                    -0.009460998073911316,
                    0.7473568551416192,
                    0.6643554926304693,
                    0.23050516521614606
                ],
                [
                    0.0,
                    0.0,
                    0.0,
                    1.0
                ]
            ],
            "radius": 0.00683,
            "height": 0.01183
        },
        "distance": 0.0
    },
    {
        "case": 6,
        "collider1": {
            "type": "Box",
            "collider2origin": [
                [
                    1.0,
                    0.0,
                    0.0,
                    -0.01200000000000001
                ],
                [
                    0.0,
                    1.0,
                    0.0,
                    0.15750000000000003
                ],
                [
                    0.0,
                    0.0,
                    1.0,
                    0.335
                ],
                [
                    0.0,
                    0.0,
                    0.0,
                    1.0
                ]
            ],
            "size": [
                1.6,
                1.586,
                0.76
            ]
        },
        "collider2": {
            "type": "Box",
            "collider2origin": [
                [
                    -0.1898091526027911,
                    0.5041531615159965,
                    -0.8424975224424316,
                    -0.10649972430251971
                ],
                [
                    0.1108101843553918,
                    0.8636142597904171,
                    0.49182467743066094,
                    0.11798124547820163
                ],
                [
                    0.975547840257634,
                    -4.480528551895574e-06,
                    -0.21978719559744694,
                    0.465902673942893
                ],
                [
                    0.0,
                    0.0,
                    0.0,
                    1.0
                ]
            ],
            "size": [
                0.1202,
                0.13634,
                0.67816
            ]
        },
        "distance": 0.0
    },
    {
        "case": 7,
        "collider1": {
            "type": "Box",
            "collider2origin": [
                [
                    1.0,
                    0.0,
                    0.0,
                    -0.01200000000000001
                ],
                [
                    0.0,
                    1.0,
                    0.0,
                    0.15750000000000003
                ],
                [
                    0.0,
                    0.0,
                    1.0,
                    0.335
                ],
                [
                    0.0,
                    0.0,
                    0.0,
                    1.0
                ]
            ],
            "size": [
                1.6,
                1.586,
                0.76
            ]
        },
        "collider2": {
            "type": "Box",
            "collider2origin": [
                [
                    -0.9331085483519296,
                    0.11911690389705937,
                    0.3392927942036679,
                    -0.18929835944152043
                ],
                [
                    -0.35917169022659085,
                    -0.354490787566421,
                    -0.8633261136270068,
                    0.21895061409270256
                ],
                [
                    0.0174394361241401,
                    -0.9274413430166443,
                    0.37356180389750043,
                    0.3199585971927196
                ],
                [
                    0.0,
                    0.0,
                    0.0,
                    1.0
                ]
            ],
            "size": [
                0.06241,
                0.05638,
                0.02858
            ]
        },
        "distance": 0.0
    },
    {
        "case": 8,
        "collider1": {
            "type": "Box",
            "collider2origin": [
                [
                    1.0,
                    0.0,
                    0.0,
                    -0.01200000000000001
                ],
                [
                    0.0,
                    1.0,
                    0.0,
                    0.15750000000000003
                ],
                [
                    0.0,
                    0.0,
                    1.0,
                    0.335
                ],
                [
                    0.0,
                    0.0,
                    0.0,
                    1.0
                ]
            ],
            "size": [
                1.6,
                1.586,
                0.76
            ]
        },
        "collider2": {
            "type": "Box",
            "collider2origin": [
                [
                    -0.9834894003616216,
                    0.1191133346249494,
                    0.13623734029576168,
                    -0.18523529051879695
                ],
                [
                    -0.17029555609881014,
                    -0.3544873157398924,
                    -0.9194227354990318,
                    0.20258222848046198
                ],
                [
                    -0.06122109889029568,
                    -0.9274431284418738,
                    0.36891898915156685,
                    0.27152345371839703
                ],
                [
                    0.0,
                    0.0,
                    0.0,
                    1.0
                ]
            ],
            "size": [
                0.07264,
                0.04753,
                0.03326
            ]
        },
        "distance": 0.0
    },
    {
        "case": 9,
        "collider1": {
            "type": "Box",
            "collider2origin": [
                [
                    1.0,
                    0.0,
                    0.0,
                    -0.01200000000000001
                ],
                [
                    0.0,
                    1.0,
                    0.0,
                    0.15750000000000003
                ],
                [
                    0.0,
                    0.0,
                    1.0,
                    0.335
                ],
                [
                    0.0,
                    0.0,
                    0.0,
                    1.0
                ]
            ],
            "size": [
                1.6,
                1.586,
                0.76
            ]
        },
        "collider2": {
            "type": "Cylinder",
            "collider2origin": [
                [
                    -0.9866566682600746,
                    0.10101669684887997,
                    -0.12768808063272621,
                    -0.18656890679036864
                ],
                [
                    -0.16253955977968454,
                    -0.6566988335839872,
                    0.7364289059210374,
                    0.1786576310962209
                ],
                [
                    -0.009460998073911316,
                    0.7473568551416192,
                    0.6643554926304693,
                    0.2413513352945177
                ],
                [
                    0.0,
                    0.0,
                    0.0,
                    1.0
                ]
            ],
            "radius": 0.00683,
            "height": 0.01782
        },
        "distance": 0.0
    },
    {
        "case": 10,
        "collider1": {
            "type": "Box",
            "collider2origin": [
                [
                    1.0,
                    0.0,
                    0.0,
                    -0.01200000000000001
                ],
                [
                    0.0,
                    1.0,
                    0.0,
                    0.15750000000000003
                ],
                [
                    0.0,
                    0.0,
                    1.0,
                    0.335
                ],
                [
                    0.0,
                    0.0,
                    0.0,
                    1.0
                ]
            ],
            "size": [
                1.6,
                1.586,
                0.76
            ]
        },
        "collider2": {
            "type": "Cylinder",
            "collider2origin": [
                [
                    -0.9790167313097303,
                    0.17372909448713525,
                    0.10651028844337414,
                    -0.22184168081494382
                ],
                [
                    -0.10916512806775888,
                    -0.8884691454301262,
                    0.44576400979959147,
                    0.18522104523319796
                ],
                [
                    0.17207328273023859,
                    0.42478321453105994,
                    0.8887913174773358,
                    0.19508041511996177
                ],
                [
                    0.0,
                    0.0,
                    0.0,
                    1.0
                ]
            ],
            "radius": 0.00796,
            "height": 0.03037
        },
        "distance": 0.0
    },
    {
        "case": 11,
        "collider1": {
            "type": "Box",
            "collider2origin": [
                [
                    1.0,
                    0.0,
                    0.0,
                    0.44799999999999995
                ],
                [
                    0.0,
                    1.0,
                    0.0,
                    0.595
                ],
                [
                    0.0,
                    0.0,
                    1.0,
                    0.75
                ],
                [
                    0.0,
                    0.0,
                    0.0,
                    1.0
                ]
            ],
            "size": [
                0.82,
                0.7,
                0.06
            ]
        },
        "collider2": {
            "type": "Box",
            "collider2origin": [
                [
                    -0.8462605414883173,
                    0.5041568888796706,
                    0.1722467048017788,
                    0.13974852616219163
                ],
                [
                    0.4940257775683807,
                    0.8636120838329443,
                    -0.10056192000790465,
                    0.12052145173959783
                ],
                [
                    -0.1994533203981737,
                    -7.272605704150524e-06,
                    -0.9799073287455566,
                    0.8333762826751215
                ],
                [
                    0.0,
                    0.0,
                    0.0,
                    1.0
                ]
            ],
            "size": [
                0.15068,
                0.17726,
                0.74884
            ]
        },
        "distance": 0.014575661512549049
    },
    {
        "case": 12,
        "collider1": {
            "type": "Box",
            "collider2origin": [
                [
                    1.0,
                    0.0,
                    0.0,
                    -0.01200000000000001
                ],
                [
                    0.0,
                    1.0,
                    0.0,
                    0.15750000000000003
                ],
                [
                    0.0,
                    0.0,
                    1.0,
                    0.335
                ],
                [
                    0.0,
                    0.0,
                    0.0,
                    1.0
                ]
            ],
            "size": [
                1.6,
                1.586,
                0.76
            ]
        },
        "collider2": {
            "type": "Box",
            "collider2origin": [
                [
                    -0.8462605414883173,
                    0.5041568888796706,
                    0.1722467048017788,
                    0.13974852616219163
                ],
                [
                    0.4940257775683807,
                    0.8636120838329443,
                    -0.10056192000790465,
                    0.12052145173959783
                ],
                [
                    -0.1994533203981737,
                    -7.272605704150524e-06,
                    -0.9799073287455566,
                    0.8333762826751215
                ],
                [
                    0.0,
                    0.0,
                    0.0,
                    1.0
                ]
            ],
            "size": [
                0.15068,
                0.17726,
                0.74884
            ]
        },
        "distance": 0.0
    },
    {
        "case": 13,
        "collider1": {
            "type": "Box",
            "collider2origin": [
                [
                    1.0,
                    0.0,
                    0.0,
                    0.07799999999999999
                ],
                [
                    0.0,
                    1.0,
                    0.0,
                    -0.315
                ],
                [
                    0.0,
                    0.0,
                    1.0,
                    0.75
                ],
                [
                    0.0,
                    0.0,
                    0.0,
                    1.0
                ]
            ],
            "size": [
                1.76,
                0.64,
                0.06
            ]
        },
        "collider2": {
            "type": "Box",
            "collider2origin": [
                [
                    -0.8462605414883173,
                    0.5041568888796706,
                    0.1722467048017788,
                    0.13974852616219163
                ],
                [
                    0.4940257775683807,
                    0.8636120838329443,
                    -0.10056192000790465,
                    0.12052145173959783
                ],
                [
                    -0.1994533203981737,
                    -7.272605704150524e-06,
                    -0.9799073287455566,
                    0.8333762826751215
                ],
                [
                    0.0,
                    0.0,
                    0.0,
                    1.0
                ]
            ],
            "size": [
                0.15068,
                0.17726,
                0.74884
            ]
        },
        "distance": 0.0
    },
    {
        "case": 14,
        "collider1": {
            "type": "Box",
            "collider2origin": [
                [
                    1.0,
                    0.0,
                    0.0,
                    -0.362
                ],
                [
                    0.0,
                    1.0,
                    0.0,
                    0.35500000000000004
                ],
                [
                    0.0,
                    0.0,
                    1.0,
                    0.75
                ],
                [
                    0.0,
                    0.0,
                    0.0,
                    1.0
                ]
            ],
            "size": [
                0.8,
                0.22,
                0.06
            ]
        },
        "collider2": {
            "type": "Box",
            "collider2origin": [
                [
                    -0.8462605414883173,
                    0.5041568888796706,
                    0.1722467048017788,
                    0.13974852616219163
                ],
                [
                    0.4940257775683807,
                    0.8636120838329443,
                    -0.10056192000790465,
                    0.12052145173959783
                ],
                [
                    -0.1994533203981737,
                    -7.272605704150524e-06,
                    -0.9799073287455566,
                    0.8333762826751215
                ],
                [
                    0.0,
                    0.0,
                    0.0,
                    1.0
                ]
            ],
            "size": [
                0.15068,
                0.17726,
                0.74884
            ]
        },
        "distance": 0.0829074512506474
    },
    {
        "case": 15,
        "collider1": {
            "type": "Box",
            "collider2origin": [
                [
                    1.0,
                    0.0,
                    0.0,
                    0.44799999999999995
                ],
                [
                    0.0,
                    1.0,
                    0.0,
                    0.595
                ],
                [
                    0.0,
                    0.0,
                    1.0,
                    0.75
                ],
                [
                    0.0,
                    0.0,
                    0.0,
                    1.0
                ]
            ],
            "size": [
                0.82,
                0.7,
                0.06
            ]
        },
        "collider2": {
            "type": "Box",
            "collider2origin": [
                [
                    -0.8462605414883173,
                    0.5041568888796706,
                    0.1722467048017788,
                    0.13974852616219163
                ],
                [
                    0.4940257775683807,
                    0.8636120838329443,
                    -0.10056192000790465,
                    0.12052145173959783
                ],
                [
                    -0.1994533203981737,
                    -7.272605704150524e-06,
                    -0.9799073287455566,
                    0.8333762826751215
                ],
                [
                    0.0,
                    0.0,
                    0.0,
                    1.0
                ]
            ],
            "size": [
                0.15068,
                0.17726,
                0.74884
            ]
        },
        "distance": 0.014575661512549049
    },
    {
        "case": 16,
        "collider1": {
            "type": "Box",
            "collider2origin": [
                [
                    1.0,
                    0.0,
                    0.0,
                    -0.01200000000000001
                ],
                [
                    0.0,
                    1.0,
                    0.0,
                    0.15750000000000003
                ],
                [
                    0.0,
                    0.0,
                    1.0,
                    0.335
                ],
                [
                    0.0,
                    0.0,
                    0.0,
                    1.0
                ]
            ],
            "size": [
                1.6,
                1.586,
                0.76
            ]
        },
        "collider2": {
            "type": "Box",
            "collider2origin": [
                [
                    -0.8462605414883173,
                    0.5041568888796706,
                    0.1722467048017788,
                    0.13974852616219163
                ],
                [
                    0.4940257775683807,
                    0.8636120838329443,
                    -0.10056192000790465,
                    0.12052145173959783
                ],
                [
                    -0.1994533203981737,
                    -7.272605704150524e-06,
                    -0.9799073287455566,
                    0.8333762826751215
                ],
                [
                    0.0,
                    0.0,
                    0.0,
                    1.0
                ]
            ],
            "size": [
                0.15068,
                0.17726,
                0.74884
            ]
        },
        "distance": 0.0
    },
    {
        "case": 17,
        "collider1": {
            "type": "Box",
            "collider2origin": [
                [
                    1.0,
                    0.0,
                    0.0,
                    0.07799999999999999
                ],
                [
                    0.0,
                    1.0,
                    0.0,
                    -0.315
                ],
                [
                    0.0,
                    0.0,
                    1.0,
                    0.75
                ],
                [
                    0.0,
                    0.0,
                    0.0,
                    1.0
                ]
            ],
            "size": [
                1.76,
                0.64,
                0.06
            ]
        },
        "collider2": {
            "type": "Box",
            "collider2origin": [
                [
                    -0.8462605414883173,
                    0.5041568888796706,
                    0.1722467048017788,
                    0.13974852616219163
                ],
                [
                    0.4940257775683807,
                    0.8636120838329443,
                    -0.10056192000790465,
                    0.12052145173959783
                ],
                [
                    -0.1994533203981737,
                    -7.272605704150524e-06,
                    -0.9799073287455566,
                    0.8333762826751215
                ],
                [
                    0.0,
                    0.0,
                    0.0,
                    1.0
                ]
            ],
            "size": [
                0.15068,
                0.17726,
                0.74884
            ]
        },
        "distance": 0.0
    },
    {
        "case": 18,
        "collider1": {
            "type": "Box",
            "collider2origin": [
                [
                    1.0,
                    0.0,
                    0.0,
                    -0.362
                ],
                [
                    0.0,
                    1.0,
                    0.0,
                    0.35500000000000004
                ],
                [
                    0.0,
                    0.0,
                    1.0,
                    0.75
                ],
                [
                    0.0,
                    0.0,
                    0.0,
                    1.0
                ]
            ],
            "size": [
                0.8,
                0.22,
                0.06
            ]
        },
        "collider2": {
            "type": "Box",
            "collider2origin": [
                [
                    -0.8462605414883173,
                    0.5041568888796706,
                    0.1722467048017788,
                    0.13974852616219163
                ],
                [
                    0.4940257775683807,
                    0.8636120838329443,
                    -0.10056192000790465,
                    0.12052145173959783
                ],
                [
                    -0.1994533203981737,
                    -7.272605704150524e-06,
                    -0.9799073287455566,
                    0.8333762826751215
                ],
                [
                    0.0,
                    0.0,
                    0.0,
                    1.0
                ]
            ],
            "size": [
                0.15068,
                0.17726,
                0.74884
            ]
        },
        "distance": 0.0829074512506474
    },
    {
        "case": 19,
        "collider1": {
            "type": "Box",
            "collider2origin": [
                [
                    1.0,
                    0.0,
                    0.0,
                    -0.01200000000000001
                ],
                [
                    0.0,
                    1.0,
                    0.0,
                    0.15750000000000003
                ],
                [
                    0.0,
                    0.0,
                    1.0,
                    0.335
                ],
                [
                    0.0,
                    0.0,
                    0.0,
                    1.0
                ]
            ],
            "size": [
                1.6,
                1.586,
                0.76
            ]
        },
        "collider2": {
            "type": "Cylinder",
            "collider2origin": [
                [
                    -0.959743206201074,
                    -0.217145724463041,
                    -0.17815923354769805,
                    -0.1661366207804359
                ],
                [
                    -0.2230612153249612,
                    0.2037703116324315,
                    0.9532687733871136,
                    0.1690599268613343
                ],
                [
                    -0.17069467586492953,
                    0.9546336440984269,
                    -0.2440039614160467,
                    0.26229449258114235
                ],
                [
                    0.0,
                    0.0,
                    0.0,
                    1.0
                ]
            ],
            "radius": 0.00783,
            "height": 0.03683
        },
        "distance": 0.0
    },
    {
        "case": 20,
        "collider1": {
            "type": "Box",
            "collider2origin": [
                [
                    1.0,
                    0.0,
                    0.0,
                    -0.01200000000000001
                ],
                [
                    0.0,
                    1.0,
                    0.0,
                    0.15750000000000003
                ],
                [
                    0.0,
                    0.0,
                    1.0,
                    0.335
                ],
                [
                    0.0,
                    0.0,
                    0.0,
                    1.0
                ]
            ],
            "size": [
                1.6,
                1.586,
                0.76
            ]
        },
        "collider2": {
            "type": "Sphere",
            "collider2origin": [
                [
                    1.0,
                    0.0,
                    0.0,
                    -0.1766480469707912
                ],
                [
                    0.0,
                    1.0,
                    0.0,
                    0.11995364294104967
                ],
                [
                    0.0,
                    0.0,
                    1.0,
                    0.21526147490551195
                ],
                [
                    0.0,
                    0.0,
                    0.0,
                    1.0
                ]
            ],
            "radius": 0.00563
        },
        "distance": 0.0
    },
    {
        "case": 21,
        "collider1": {
            "type": "Box",
            "collider2origin": [
                [
                    1.0,
                    0.0,
                    0.0,
                    -0.01200000000000001
                ],
                [
                    0.0,
                    1.0,
                    0.0,
                    0.15750000000000003
                ],
                [
                    0.0,
                    0.0,
                    1.0,
                    0.335
                ],
                [
                    0.0,
                    0.0,
                    0.0,
                    1.0
                ]
            ],
            "size": [
                1.6,
                1.586,
                0.76
            ]
        },
        "collider2": {
            "type": "Sphere",
            "collider2origin": [
                [
                    1.0,
                    0.0,
                    0.0,
                    -0.19272955517549575
                ],
                [
                    0.0,
                    1.0,
                    0.0,
                    0.12180402249574046
                ],
                [
                    0.0,
                    0.0,
                    1.0,
                    0.2769561033970529
                ],
                [
                    0.0,
                    0.0,
                    0.0,
                    1.0
                ]
            ],
            "radius": 0.01051
        },
        "distance": 0.0
    },
    {
        "case": 22,
        "collider1": {
            "type": "Box",
            "collider2origin": [
                [
                    1.0,
                    0.0,
                    0.0,
                    -0.01200000000000001
                ],
                [
                    0.0,
                    1.0,
                    0.0,
                    0.15750000000000003
                ],
                [
                    0.0,
                    0.0,
                    1.0,
                    0.335
                ],
                [
                    0.0,
                    0.0,
                    0.0,
                    1.0
                ]
            ],
            "size": [
                1.6,
                1.586,
                0.76
            ]
        },
        "collider2": {
            "type": "Cylinder",
            "collider2origin": [
                [
                    -0.9866566682600746,
                    0.024398864418095054,
                    -0.16097612988587964,
                    -0.18001565249544677
                ],
                [
                    -0.16253955977968454,
                    -0.20506005287263407,
                    0.9651586741165921,
                    0.14025528716038702
                ],
                [
                    -0.009460998073911316,
                    0.9784452310328764,
                    0.20628964924218945,
                    0.21768128378675766
                ],
                [
                    0.0,
                    0.0,
                    0.0,
                    1.0
                ]
            ],
            "radius": 0.00813,
            "height": 0.03824
        },
        "distance": 0.0
    },
    {
        "case": 23,
        "collider1": {
            "type": "Box",
            "collider2origin": [
                [
                    1.0,
                    0.0,
                    0.0,
                    -0.01200000000000001
                ],
                [
                    0.0,
                    1.0,
                    0.0,
                    0.15750000000000003
                ],
                [
                    0.0,
                    0.0,
                    1.0,
                    0.335
                ],
                [
                    0.0,
                    0.0,
                    0.0,
                    1.0
                ]
            ],
            "size": [
                1.6,
                1.586,
                0.76
            ]
        },
        "collider2": {
            "type": "Cylinder",
            "collider2origin": [
                [
                    -0.616820787743014,
                    0.7701437392273831,
                    -0.16251380475809327,
                    -0.19674335579702837
                ],
                [
                    -0.5768698956215529,
                    -0.30185938242369287,
                    0.7590138580871661,
                    0.13865534777936256
                ],
                [
                    0.5354934540530499,
                    0.5619248474410529,
                    0.6304658805158951,
                    0.29160004892946134
                ],
                [
                    0.0,
                    0.0,
                    0.0,
                    1.0
                ]
            ],
            "radius": 0.01169,
            "height": 0.05502
        },
        "distance": 0.0
    },
    {
        "case": 24,
        "collider1": {
            "type": "Box",
            "collider2origin": [
                [
                    1.0,
                    0.0,
                    0.0,
                    -0.01200000000000001
                ],
                [
                    0.0,
                    1.0,
                    0.0,
                    0.15750000000000003
                ],
                [
                    0.0,
                    0.0,
                    1.0,
                    0.335
                ],
                [
                    0.0,
                    0.0,
                    0.0,
                    1.0
                ]
            ],
            "size": [
                1.6,
                1.586,
                0.76
            ]
        },
        "collider2": {
            "type": "Cylinder",
            "collider2origin": [
                [
                    -0.9790167313097303,
                    0.09804273676419024,
                    0.17864451176400148,
                    -0.2180896678527162
                ],
                [
                    -0.10916512806775888,
                    -0.9925823995964792,
                    -0.05350845564249623,
                    0.19228046989817207
                ],
                [
                    0.17207328273023859,
                    -0.0718874243458678,
                    0.9824576243234898,
                    0.22092635333336064
                ],
                [
                    0.0,
                    0.0,
                    0.0,
                    1.0
                ]
            ],
            "radius": 0.00713,
            "height": 0.01426
        },
        "distance": 0.0
    },
    {
        "case": 25,
        "collider1": {
            "type": "Box",
            "collider2origin": [
                [
                    1.0,
                    0.0,
                    0.0,
                    -0.01200000000000001
                ],
                [
                    0.0,
                    1.0,
                    0.0,
                    0.15750000000000003
                ],
                [
                    0.0,
                    0.0,
                    1.0,
                    0.335
                ],
                [
                    0.0,
                    0.0,
                    0.0,
                    1.0
                ]
            ],
            "size": [
                1.6,
                1.586,
                0.76
            ]
        },
        "collider2": {
            "type": "Cylinder",
            "collider2origin": [
                [
                    -0.9613125996279894,
                    -0.2722078580141434,
                    -0.042201514567945464,
                    -0.16212533657096362
                ],
                [
                    -0.2214426895632636,
                    0.6725581800200305,
                    0.7061364101412216,
                    0.13829368655504365
                ],
                [
                    -0.1638329058384323,
                    0.688163045014403,
                    -0.706817092635032,
                    0.2799454035039932
                ],
                [
                    0.0,
                    0.0,
                    0.0,
                    1.0
                ]
            ],
            "radius": 0.0076,
            "height": 0.02993
        },
        "distance": 0.0
    },
    {
        "case": 26,
        "collider1": {
            "type": "Box",
            "collider2origin": [
                [
                    1.0,
                    0.0,
                    0.0,
                    -0.01200000000000001
                ],
                [
                    0.0,
                    1.0,
                    0.0,
                    0.15750000000000003
                ],
                [
                    0.0,
                    0.0,
                    1.0,
                    0.335
                ],
                [
                    0.0,
                    0.0,
                    0.0,
                    1.0
                ]
            ],
            "size": [
                1.6,
                1.586,
                0.76
            ]
        },
        "collider2": {
            "type": "Sphere",
            "collider2origin": [
                [
                    1.0,
                    0.0,
                    0.0,
                    -0.16146013702817621
                ],
                [
                    0.0,
                    1.0,
                    0.0,
                    0.12762802891798009
                ],
                [
                    0.0,
                    0.0,
                    1.0,
                    0.292544731134356
                ],
                [
                    0.0,
                    0.0,
                    0.0,
                    1.0
                ]
            ],
            "radius": 0.00487
        },
        "distance": 0.0
    },
    {
        "case": 27,
        "collider1": {
            "type": "Box",
            "collider2origin": [
                [
                    1.0,
                    0.0,
                    0.0,
                    -0.01200000000000001
                ],
                [
                    0.0,
                    1.0,
                    0.0,
                    0.15750000000000003
                ],
                [
                    0.0,
                    0.0,
                    1.0,
                    0.335
                ],
                [
                    0.0,
                    0.0,
                    0.0,
                    1.0
                ]
            ],
            "size": [
                1.6,
                1.586,
                0.76
            ]
        },
        "collider2": {
            "type": "Sphere",
            "collider2origin": [
                [
                    1.0,
                    0.0,
                    0.0,
                    -0.14063749424566038
                ],
                [
                    0.0,
                    1.0,
                    0.0,
                    0.13700152821553696
                ],
                [
                    0.0,
                    0.0,
                    1.0,
                    0.2799739521534427
                ],
                [
                    0.0,
                    0.0,
                    0.0,
                    1.0
                ]
            ],
            "radius": 0.00484
        },
        "distance": 0.0
    },
    {
        "case": 28,
        "collider1": {
            "type": "Box",
            "collider2origin": [
                [
                    1.0,
                    0.0,
                    0.0,
                    -0.01200000000000001
                ],
                [
                    0.0,
                    1.0,
                    0.0,
                    0.15750000000000003
                ],
                [
                    0.0,
                    0.0,
                    1.0,
                    0.335
                ],
                [
                    0.0,
                    0.0,
                    0.0,
                    1.0
                ]
            ],
            "size": [
                1.6,
                1.586,
                0.76
            ]
        },
        "collider2": {
            "type": "Cylinder",
            "collider2origin": [
                [
                    -0.8923809601809347,
                    -0.4304332317997586,
                    -0.13558559978466755,
                    -0.14287295215967702
                ],
                [
                    -0.30223605856891556,
                    0.34692644642497034,
                    0.8878600146823082,
                    0.14906580815505063
                ],
                [
                    -0.33512622518579394,
                    0.8332882296860775,
                    -0.4396829988291141,
                    0.2722430675044708
                ],
                [
                    0.0,
                    0.0,
                    0.0,
                    1.0
                ]
            ],
            "radius": 0.0076,
            "height": 0.02993
        },
        "distance": 0.0
    },
    {
        "case": 29,
        "collider1": {
            "type": "Box",
            "collider2origin": [
                [
                    1.0,
                    0.0,
                    0.0,
                    -0.01200000000000001
                ],
                [
                    0.0,
                    1.0,
                    0.0,
                    0.15750000000000003
                ],
                [
                    0.0,
                    0.0,
                    1.0,
                    0.335
                ],
                [
                    0.0,
                    0.0,
                    0.0,
                    1.0
                ]
            ],
            "size": [
                1.6,
                1.586,
                0.76
            ]
        },
        "collider2": {
            "type": "Cylinder",
            "collider2origin": [
                [
                    -0.6562668441099029,
                    0.726422776572991,
                    -0.2040190652807107,
                    -0.20170554481856978
                ],
                [
                    -0.5411484928697758,
                    -0.26471465066689287,
                    0.7981757089683162,
                    0.15000227514782985
                ],
                [
                    0.5258061791067106,
                    0.6342208632631784,
                    0.5668260391115691,
                    0.2997594618623396
                ],
                [
                    0.0,
                    0.0,
                    0.0,
                    1.0
                ]
            ],
            "radius": 0.01271,
            "height": 0.05982
        },
        "distance": 0.0
    },
    {
        "case": 30,
        "collider1": {
            "type": "Box",
            "collider2origin": [
                [
                    1.0,
                    0.0,
                    0.0,
                    -0.01200000000000001
                ],
                [
                    0.0,
                    1.0,
                    0.0,
                    0.15750000000000003
                ],
                [
                    0.0,
                    0.0,
                    1.0,
                    0.335
                ],
                [
                    0.0,
                    0.0,
                    0.0,
                    1.0
                ]
            ],
            "size": [
                1.6,
                1.586,
                0.76
            ]
        },
        "collider2": {
            "type": "Cylinder",
            "collider2origin": [
                [
                    -0.9773627473059899,
                    0.0754085624805514,
                    0.19767551412125817,
                    -0.21545802629906521
                ],
                [
                    -0.08547913825272453,
                    -0.9954157338255688,
                    -0.04290493883081163,
                    0.19145397464375308
                ],
                [
                    0.1935339171878115,
                    -0.058830821489427046,
                    0.9793281152610802,
                    0.23616490732856532
                ],
                [
                    0.0,
                    0.0,
                    0.0,
                    1.0
                ]
            ],
            "radius": 0.00713,
            "height": 0.01697
        },
        "distance": 0.0
    }
]