[
    {
        "case": 0,
        "collider1": {
            "type": "Box",
            "collider2origin": [
                [
                    1.0,
                    0.0,
                    0.0,
                    -0.01200000000000001
                ],
                [
                    0.0,
                    1.0,
                    0.0,
                    0.15750000000000003
                ],
                [
                    0.0,
                    0.0,
                    1.0,
                    0.335
                ],
                [
                    0.0,
                    0.0,
                    0.0,
                    1.0
                ]
            ],
            "size": [
                1.6,
                1.586,
                0.76
            ]
        },
        "collider2": {
            "type": "Box",
            "collider2origin": [
                [
                    0.6178627223231488,
                    0.737932164746459,
                    -0.2714807112780435,
                    -0.45361461849457363
                ],
                [
                    0.6755972281608614,
                    -0.6748748922452945,
                    -0.29683710199074315,
                    -0.5674191722797094
                ],
                [
                    -0.40226116101953996,
                    -7.036116070548414e-06,
                    -0.9155249632236712,
                    0.8725729269518712
                ],
                [
                    0.0,
                    0.0,
                    0.0,
                    1.0
                ]
            ],
            "size": [
                0.1202,
                0.13634,
                0.67816
            ]
        },
        "distance": 0.0
    },
    {
        "case": 1,
        "collider1": {
            "type": "Box",
            "collider2origin": [
                [
                    1.0,
                    0.0,
                    0.0,
                    -0.672
                ],
                [
                    0.0,
                    1.0,
                    0.0,
                    -0.785
                ],
                [
                    0.0,
                    0.0,
                    1.0,
                    1.1
                ],
                [
                    0.0,
                    0.0,
                    0.0,
                    1.0
                ]
            ],
            "size": [
                0.4,
                0.44,
                2.2
            ]
        },
        "collider2": {
            "type": "Box",
            "collider2origin": [
                [
                    0.6178627223231488,
                    0.737932164746459,
                    -0.2714807112780435,
                    -0.45361461849457363
                ],
                [
                    0.6755972281608614,
                    -0.6748748922452945,
                    -0.29683710199074315,
                    -0.5674191722797094
                ],
                [
                    -0.40226116101953996,
                    -7.036116070548414e-06,
                    -0.9155249632236712,
                    0.8725729269518712
                ],
                [
                    0.0,
                    0.0,
                    0.0,
                    1.0
                ]
            ],
            "size": [
                0.1202,
                0.13634,
                0.67816
            ]
        },
        "distance": 0.0
    },
    {
        "case": 2,
        "collider1": {
            "type": "Box",
            "collider2origin": [
                [
                    1.0,
                    0.0,
                    0.0,
                    0.07799999999999999
                ],
                [
                    0.0,
                    1.0,
                    0.0,
                    -0.315
                ],
                [
                    0.0,
                    0.0,
                    1.0,
                    0.75
                ],
                [
                    0.0,
                    0.0,
                    0.0,
                    1.0
                ]
            ],
            "size": [
                1.76,
                0.64,
                0.06
            ]
        },
        "collider2": {
            "type": "Box",
            "collider2origin": [
                [
                    0.6178627223231488,
                    0.737932164746459,
                    -0.2714807112780435,
                    -0.45361461849457363
                ],
                [
                    0.6755972281608614,
                    -0.6748748922452945,
                    -0.29683710199074315,
                    -0.5674191722797094
                ],
                [
                    -0.40226116101953996,
                    -7.036116070548414e-06,
                    -0.9155249632236712,
                    0.8725729269518712
                ],
                [
                    0.0,
                    0.0,
                    0.0,
                    1.0
                ]
            ],
            "size": [
                0.1202,
                0.13634,
                0.67816
            ]
        },
        "distance": 0.0
    },
    {
        "case": 3,
        "collider1": {
            "type": "Box",
            "collider2origin": [
                [
                    1.0,
                    0.0,
                    0.0,
                    -0.672
                ],
                [
                    0.0,
                    1.0,
                    0.0,
                    -0.785
                ],
                [
                    0.0,
                    0.0,
                    1.0,
                    1.1
                ],
                [
                    0.0,
                    0.0,
                    0.0,
                    1.0
                ]
            ],
            "size": [
                0.4,
                0.44,
                2.2
            ]
        },
        "collider2": {
            "type": "Box",
            "collider2origin": [
                [
                    0.11183811488711985,
                    0.9741915112446541,
                    0.1960692109367301,
                    -0.4233513178974729
                ],
                [
                    -0.974328789446498,
                    0.06870500772963106,
                    0.21438990640557826,
                    -0.7080332862094925
                ],
                [
                    0.19538589026389958,
                    -0.2150128399229403,
                    0.9568666743878453,
                    0.7119500175184855
                ],
                [
                    0.0,
                    0.0,
                    0.0,
                    1.0
                ]
            ],
            "size": [
                0.09126,
                0.11887,
                0.10009
            ]
        },
        "distance": 0.0
    },
    {
        "case": 4,
        "collider1": {
            "type": "Box",
            "collider2origin": [
                [
                    1.0,
                    0.0,
                    0.0,
                    -0.672
                ],
                [
                    0.0,
                    1.0,
                    0.0,
                    -0.785
                ],
                [
                    0.0,
                    0.0,
                    1.0,
                    1.1
                ],
                [
                    0.0,
                    0.0,
                    0.0,
                    1.0
                ]
            ],
            "size": [
                0.4,
                0.44,
                2.2
            ]
        },
        "collider2": {
            "type": "Box",
            "collider2origin": [
                [
                    -0.6457634629590979,
                    0.7379338821532193,
                    0.1960692109367301,
                    -0.449709459569227
                ],
                [
                    -0.7061043707987891,
                    -0.6748730144036381,
                    0.21438990640557826,
                    -0.7287490098525969
                ],
                [
                    0.2905273953449476,
                    -1.5843755176394404e-07,
                    0.9568666743878453,
                    0.6077132142549783
                ],
                [
                    0.0,
                    0.0,
                    0.0,
                    1.0
                ]
            ],
            "size": [
                0.09102,
                0.10007,
                0.11882
            ]
        },
        "distance": 0.0
    }
]