[
    {
        "case": 0,
        "collider1": {
            "type": "Box",
            "collider2origin": [
                [
                    1.0,
                    0.0,
                    0.0,
                    -0.01200000000000001
                ],
                [
                    0.0,
                    1.0,
                    0.0,
                    0.15750000000000003
                ],
                [
                    0.0,
                    0.0,
                    1.0,
                    0.335
                ],
                [
                    0.0,
                    0.0,
                    0.0,
                    1.0
                ]
            ],
            "size": [
                1.6,
                1.586,
                0.76
            ]
        },
        "collider2": {
            "type": "Box",
            "collider2origin": [
                [
                    -0.5467569436670064,
                    0.26487978993884087,
                    -0.7942893310588207,
                    -0.19534163388103878
                ],
                [
                    0.7931676666273156,
                    0.4677432097126492,
                    -0.3900017210022126,
                    0.3273057257924244
                ],
                [
                    0.26821986721511354,
                    -0.8432407643429388,
                    -0.4658359326860078,
                    0.6299964029155938
                ],
                [
                    0.0,
                    0.0,
                    0.0,
                    1.0
                ]
            ],
            "size": [
                0.06241,
                0.05638,
                0.02858
            ]
        },
        "distance": 0.0
    },
    {
        "case": 1,
        "collider1": {
            "type": "Box",
            "collider2origin": [
                [
                    1.0,
                    0.0,
                    0.0,
                    0.44799999999999995
                ],
                [
                    0.0,
                    1.0,
                    0.0,
                    0.595
                ],
                [
                    0.0,
                    0.0,
                    1.0,
                    0.75
                ],
                [
                    0.0,
                    0.0,
                    0.0,
                    1.0
                ]
            ],
            "size": [
                0.82,
                0.7,
                0.06
            ]
        },
        "collider2": {
            "type": "Box",
            "collider2origin": [
                [
                    -0.7061193536810956,
                    0.36309960769677635,
                    0.6079096423379374,
                    0.24579990539474852
                ],
                [
                    0.27516754187490283,
                    0.931750328601367,
                    -0.2369053588456119,
                    0.09153716674893887
                ],
                [
                    -0.6524402518664184,
                    -6.456907469873805e-06,
                    -0.757840166329809,
                    0.9000345690354346
                ],
                [
                    0.0,
                    0.0,
                    0.0,
                    1.0
                ]
            ],
            "size": [
                0.15068,
                0.17726,
                0.74884
            ]
        },
        "distance": 0.06901438307333631
    },
    {
        "case": 2,
        "collider1": {
            "type": "Box",
            "collider2origin": [
                [
                    1.0,
                    0.0,
                    0.0,
                    -0.01200000000000001
                ],
                [
                    0.0,
                    1.0,
                    0.0,
                    0.15750000000000003
                ],
                [
                    0.0,
                    0.0,
                    1.0,
                    0.335
                ],
                [
                    0.0,
                    0.0,
                    0.0,
                    1.0
                ]
            ],
            "size": [
                1.6,
                1.586,
                0.76
            ]
        },
        "collider2": {
            "type": "Box",
            "collider2origin": [
                [
                    -0.7061193536810956,
                    0.36309960769677635,
                    0.6079096423379374,
                    0.24579990539474852
                ],
                [
                    0.27516754187490283,
                    0.931750328601367,
                    -0.2369053588456119,
                    0.09153716674893887
                ],
                [
                    -0.6524402518664184,
                    -6.456907469873805e-06,
                    -0.757840166329809,
                    0.9000345690354346
                ],
                [
                    0.0,
                    0.0,
                    0.0,
                    1.0
                ]
            ],
            "size": [
                0.15068,
                0.17726,
                0.74884
            ]
        },
        "distance": 0.0
    },
    {
        "case": 3,
        "collider1": {
            "type": "Box",
            "collider2origin": [
                [
                    1.0,
                    0.0,
                    0.0,
                    0.543
                ],
                [
                    0.0,
                    1.0,
                    0.0,
                    0.1875
                ],
                [
                    0.0,
                    0.0,
                    1.0,
                    0.791
                ],
                [
                    0.0,
                    0.0,
                    0.0,
                    1.0
                ]
            ],
            "size": [
                0.44,
                0.5928,
                0.142
            ]
        },
        "collider2": {
            "type": "Box",
            "collider2origin": [
                [
                    -0.7061193536810956,
                    0.36309960769677635,
                    0.6079096423379374,
                    0.24579990539474852
                ],
                [
                    0.27516754187490283,
                    0.931750328601367,
                    -0.2369053588456119,
                    0.09153716674893887
                ],
                [
                    -0.6524402518664184,
                    -6.456907469873805e-06,
                    -0.757840166329809,
                    0.9000345690354346
                ],
                [
                    0.0,
                    0.0,
                    0.0,
                    1.0
                ]
            ],
            "size": [
                0.15068,
                0.17726,
                0.74884
            ]
        },
        "distance": 0.0
    },
    {
        "case": 4,
        "collider1": {
            "type": "Box",
            "collider2origin": [
                [
                    1.0,
                    0.0,
                    0.0,
                    0.07799999999999999
                ],
                [
                    0.0,
                    1.0,
                    0.0,
                    -0.315
                ],
                [
                    0.0,
                    0.0,
                    1.0,
                    0.75
                ],
                [
                    0.0,
                    0.0,
                    0.0,
                    1.0
                ]
            ],
            "size": [
                1.76,
                0.64,
                0.06
            ]
        },
        "collider2": {
            "type": "Box",
            "collider2origin": [
                [
                    -0.7061193536810956,
                    0.36309960769677635,
                    0.6079096423379374,
                    0.24579990539474852
                ],
                [
                    0.27516754187490283,
                    0.931750328601367,
                    -0.2369053588456119,
                    0.09153716674893887
                ],
                [
                    -0.6524402518664184,
                    -6.456907469873805e-06,
                    -0.757840166329809,
                    0.9000345690354346
                ],
                [
                    0.0,
                    0.0,
                    0.0,
                    1.0
                ]
            ],
            "size": [
                0.15068,
                0.17726,
                0.74884
            ]
        },
        "distance": 0.0
    },
    {
        "case": 5,
        "collider1": {
            "type": "Box",
            "collider2origin": [
                [
                    1.0,
                    0.0,
                    0.0,
                    -0.362
                ],
                [
                    0.0,
                    1.0,
                    0.0,
                    0.35500000000000004
                ],
                [
                    0.0,
                    0.0,
                    1.0,
                    0.75
                ],
                [
                    0.0,
                    0.0,
                    0.0,
                    1.0
                ]
            ],
            "size": [
                0.8,
                0.22,
                0.06
            ]
        },
        "collider2": {
            "type": "Box",
            "collider2origin": [
                [
                    -0.7061193536810956,
                    0.36309960769677635,
                    0.6079096423379374,
                    0.24579990539474852
                ],
                [
                    0.27516754187490283,
                    0.931750328601367,
                    -0.2369053588456119,
                    0.09153716674893887
                ],
                [
                    -0.6524402518664184,
                    -6.456907469873805e-06,
                    -0.757840166329809,
                    0.9000345690354346
                ],
                [
                    0.0,
                    0.0,
                    0.0,
                    1.0
                ]
            ],
            "size": [
                0.15068,
                0.17726,
                0.74884
            ]
        },
        "distance": 0.19193490994134113
    },
    {
        "case": 6,
        "collider1": {
            "type": "Box",
            "collider2origin": [
                [
                    1.0,
                    0.0,
                    0.0,
                    0.44799999999999995
                ],
                [
                    0.0,
                    1.0,
                    0.0,
                    0.595
                ],
                [
                    0.0,
                    0.0,
                    1.0,
                    0.75
                ],
                [
                    0.0,
                    0.0,
                    0.0,
                    1.0
                ]
            ],
            "size": [
                0.82,
                0.7,
                0.06
            ]
        },
        "collider2": {
            "type": "Box",
            "collider2origin": [
                [
                    -0.7061193536810956,
                    0.36309960769677635,
                    0.6079096423379374,
                    0.24579990539474852
                ],
                [
                    0.27516754187490283,
                    0.931750328601367,
                    -0.2369053588456119,
                    0.09153716674893887
                ],
                [
                    -0.6524402518664184,
                    -6.456907469873805e-06,
                    -0.757840166329809,
                    0.9000345690354346
                ],
                [
                    0.0,
                    0.0,
                    0.0,
                    1.0
                ]
            ],
            "size": [
                0.15068,
                0.17726,
                0.74884
            ]
        },
        "distance": 0.06901438307333631
    },
    {
        "case": 7,
        "collider1": {
            "type": "Box",
            "collider2origin": [
                [
                    1.0,
                    0.0,
                    0.0,
                    -0.01200000000000001
                ],
                [
                    0.0,
                    1.0,
                    0.0,
                    0.15750000000000003
                ],
                [
                    0.0,
                    0.0,
                    1.0,
                    0.335
                ],
                [
                    0.0,
                    0.0,
                    0.0,
                    1.0
                ]
            ],
            "size": [
                1.6,
                1.586,
                0.76
            ]
        },
        "collider2": {
            "type": "Box",
            "collider2origin": [
                [
                    -0.7061193536810956,
                    0.36309960769677635,
                    0.6079096423379374,
                    0.24579990539474852
                ],
                [
                    0.27516754187490283,
                    0.931750328601367,
                    -0.2369053588456119,
                    0.09153716674893887
                ],
                [
                    -0.6524402518664184,
                    -6.456907469873805e-06,
                    -0.757840166329809,
                    0.9000345690354346
                ],
                [
                    0.0,
                    0.0,
                    0.0,
                    1.0
                ]
            ],
            "size": [
                0.15068,
                0.17726,
                0.74884
            ]
        },
        "distance": 0.0
    },
    {
        "case": 8,
        "collider1": {
            "type": "Box",
            "collider2origin": [
                [
                    1.0,
                    0.0,
                    0.0,
                    0.543
                ],
                [
                    0.0,
                    1.0,
                    0.0,
                    0.1875
                ],
                [
                    0.0,
                    0.0,
                    1.0,
                    0.791
                ],
                [
                    0.0,
                    0.0,
                    0.0,
                    1.0
                ]
            ],
            "size": [
                0.44,
                0.5928,
                0.142
            ]
        },
        "collider2": {
            "type": "Box",
            "collider2origin": [
                [
                    -0.7061193536810956,
                    0.36309960769677635,
                    0.6079096423379374,
                    0.24579990539474852
                ],
                [
                    0.27516754187490283,
                    0.931750328601367,
                    -0.2369053588456119,
                    0.09153716674893887
                ],
                [
                    -0.6524402518664184,
                    -6.456907469873805e-06,
                    -0.757840166329809,
                    0.9000345690354346
                ],
                [
                    0.0,
                    0.0,
                    0.0,
                    1.0
                ]
            ],
            "size": [
                0.15068,
                0.17726,
                0.74884
            ]
        },
        "distance": 0.0
    },
    {
        "case": 9,
        "collider1": {
            "type": "Box",
            "collider2origin": [
                [
                    1.0,
                    0.0,
                    0.0,
                    0.07799999999999999
                ],
                [
                    0.0,
                    1.0,
                    0.0,
                    -0.315
                ],
                [
                    0.0,
                    0.0,
                    1.0,
                    0.75
                ],
                [
                    0.0,
                    0.0,
                    0.0,
                    1.0
                ]
            ],
            "size": [
                1.76,
                0.64,
                0.06
            ]
        },
        "collider2": {
            "type": "Box",
            "collider2origin": [
                [
                    -0.7061193536810956,
                    0.36309960769677635,
                    0.6079096423379374,
                    0.24579990539474852
                ],
                [
                    0.27516754187490283,
                    0.931750328601367,
                    -0.2369053588456119,
                    0.09153716674893887
                ],
                [
                    -0.6524402518664184,
                    -6.456907469873805e-06,
                    -0.757840166329809,
                    0.9000345690354346
                ],
                [
                    0.0,
                    0.0,
                    0.0,
                    1.0
                ]
            ],
            "size": [
                0.15068,
                0.17726,
                0.74884
            ]
        },
        "distance": 0.0
    },
    {
        "case": 10,
        "collider1": {
            "type": "Box",
            "collider2origin": [
                [
                    1.0,
                    0.0,
                    0.0,
                    -0.362
                ],
                [
                    0.0,
                    1.0,
                    0.0,
                    0.35500000000000004
                ],
                [
                    0.0,
                    0.0,
                    1.0,
                    0.75
                ],
                [
                    0.0,
                    0.0,
                    0.0,
                    1.0
                ]
            ],
            "size": [
                0.8,
                0.22,
                0.06
            ]
        },
        "collider2": {
            "type": "Box",
            "collider2origin": [
                [
                    -0.7061193536810956,
                    0.36309960769677635,
                    0.6079096423379374,
                    0.24579990539474852
                ],
                [
                    0.27516754187490283,
                    0.931750328601367,
                    -0.2369053588456119,
                    0.09153716674893887
                ],
                [
                    -0.6524402518664184,
                    -6.456907469873805e-06,
                    -0.757840166329809,
                    0.9000345690354346
                ],
                [
                    0.0,
                    0.0,
                    0.0,
                    1.0
                ]
            ],
            "size": [
                0.15068,
                0.17726,
                0.74884
            ]
        },
        "distance": 0.19193490994134113
    },
    {
        "case": 11,
        "collider1": {
            "type": "Box",
            "collider2origin": [
                [
                    1.0,
                    0.0,
                    0.0,
                    -0.01200000000000001
                ],
                [
                    0.0,
                    1.0,
                    0.0,
                    0.15750000000000003
                ],
                [
                    0.0,
                    0.0,
                    1.0,
                    0.335
                ],
                [
                    0.0,
                    0.0,
                    0.0,
                    1.0
                ]
            ],
            "size": [
                1.6,
                1.586,
                0.76
            ]
        },
        "collider2": {
            "type": "Cylinder",
            "collider2origin": [
                [
                    -0.29091594651034675,
                    -0.6332251550549508,
                    0.717212531312457,
                    -0.18957570429992898
                ],
                [
                    0.9547772013171851,
                    -0.24024476360478259,
                    0.1751654914799287,
                    0.3299396944866407
                ],
                [
                    0.061387359536894406,
                    0.7357366081459553,
                    0.6744799741452467,
                    0.5478621688601972
                ],
                [
                    0.0,
                    0.0,
                    0.0,
                    1.0
                ]
            ],
            "radius": 0.00783,
            "height": 0.03044
        },
        "distance": 0.0
    },
    {
        "case": 12,
        "collider1": {
            "type": "Box",
            "collider2origin": [
                [
                    1.0,
                    0.0,
                    0.0,
                    -0.01200000000000001
                ],
                [
                    0.0,
                    1.0,
                    0.0,
                    0.15750000000000003
                ],
                [
                    0.0,
                    0.0,
                    1.0,
                    0.335
                ],
                [
                    0.0,
                    0.0,
                    0.0,
                    1.0
                ]
            ],
            "size": [
                1.6,
                1.586,
                0.76
            ]
        },
        "collider2": {
            "type": "Sphere",
            "collider2origin": [
                [
                    1.0,
                    0.0,
                    0.0,
                    -0.25714184661619416
                ],
                [
                    0.0,
                    1.0,
                    0.0,
                    0.36888309067946035
                ],
                [
                    0.0,
                    0.0,
                    1.0,
                    0.5363686653153391
                ],
                [
                    0.0,
                    0.0,
                    0.0,
                    1.0
                ]
            ],
            "radius": 0.00663
        },
        "distance": 0.0
    },
    {
        "case": 13,
        "collider1": {
            "type": "Box",
            "collider2origin": [
                [
                    1.0,
                    0.0,
                    0.0,
                    -0.01200000000000001
                ],
                [
                    0.0,
                    1.0,
                    0.0,
                    0.15750000000000003
                ],
                [
                    0.0,
                    0.0,
                    1.0,
                    0.335
                ],
                [
                    0.0,
                    0.0,
                    0.0,
                    1.0
                ]
            ],
            "size": [
                1.6,
                1.586,
                0.76
            ]
        },
        "collider2": {
            "type": "Cylinder",
            "collider2origin": [
                [
                    -0.39150007076641974,
                    -0.8774834697760404,
                    0.2770387244767217,
                    -0.18946235572993364
                ],
                [
                    0.8297027586267528,
                    -0.4668139923941912,
                    -0.3060686668578661,
                    0.37814242790910074
                ],
                [
                    0.3978957488049403,
                    0.11003388921053464,
                    0.9108081665796366,
                    0.5413355806643417
                ],
                [
                    0.0,
                    0.0,
                    0.0,
                    1.0
                ]
            ],
            "radius": 0.00683,
            "height": 0.01183
        },
        "distance": 0.0
    },
    {
        "case": 14,
        "collider1": {
            "type": "Box",
            "collider2origin": [
                [
                    1.0,
                    0.0,
                    0.0,
                    -0.01200000000000001
                ],
                [
                    0.0,
                    1.0,
                    0.0,
                    0.15750000000000003
                ],
                [
                    0.0,
                    0.0,
                    1.0,
                    0.335
                ],
                [
                    0.0,
                    0.0,
                    0.0,
                    1.0
                ]
            ],
            "size": [
                1.6,
                1.586,
                0.76
            ]
        },
        "collider2": {
            "type": "Cylinder",
            "collider2origin": [
                [
                    -0.4802840595549318,
                    -0.12594716715805296,
                    0.8680233483163315,
                    -0.23997331695718818
                ],
                [
                    0.7511023338840337,
                    -0.5701268480742542,
                    0.33286733264000756,
                    0.37718907425733894
                ],
                [
                    0.4529597180449843,
                    0.8118452365997951,
                    0.36842204825285696,
                    0.5433270290706945
                ],
                [
                    0.0,
                    0.0,
                    0.0,
                    1.0
                ]
            ],
            "radius": 0.00796,
            "height": 0.03037
        },
        "distance": 0.0
    },
    {
        "case": 15,
        "collider1": {
            "type": "Box",
            "collider2origin": [
                [
                    1.0,
                    0.0,
                    0.0,
                    -0.01200000000000001
                ],
                [
                    0.0,
                    1.0,
                    0.0,
                    0.15750000000000003
                ],
                [
                    0.0,
                    0.0,
                    1.0,
                    0.335
                ],
                [
                    0.0,
                    0.0,
                    0.0,
                    1.0
                ]
            ],
            "size": [
                1.6,
                1.586,
                0.76
            ]
        },
        "collider2": {
            "type": "Box",
            "collider2origin": [
                [
                    0.1469776769937221,
                    0.36309399505126133,
                    -0.9200871226265714,
                    0.13154823181262823
                ],
                [
                    -0.05727235071931002,
                    0.9317525158260336,
                    0.35854863978955664,
                    0.00046540424298913987
                ],
                [
                    0.9874803493278301,
                    -3.0937861380790153e-06,
                    0.15774206693781795,
                    0.7076613660593672
                ],
                [
                    0.0,
                    0.0,
                    0.0,
                    1.0
                ]
            ],
            "size": [
                0.1202,
                0.13634,
                0.67816
            ]
        },
        "distance": 0.0
    },
    {
        "case": 16,
        "collider1": {
            "type": "Box",
            "collider2origin": [
                [
                    1.0,
                    0.0,
                    0.0,
                    0.543
                ],
                [
                    0.0,
                    1.0,
                    0.0,
                    0.1875
                ],
                [
                    0.0,
                    0.0,
                    1.0,
                    0.791
                ],
                [
                    0.0,
                    0.0,
                    0.0,
                    1.0
                ]
            ],
            "size": [
                0.44,
                0.5928,
                0.142
            ]
        },
        "collider2": {
            "type": "Box",
            "collider2origin": [
                [
                    0.1469776769937221,
                    0.36309399505126133,
                    -0.9200871226265714,
                    0.13154823181262823
                ],
                [
                    -0.05727235071931002,
                    0.9317525158260336,
                    0.35854863978955664,
                    0.00046540424298913987
                ],
                [
                    0.9874803493278301,
                    -3.0937861380790153e-06,
                    0.15774206693781795,
                    0.7076613660593672
                ],
                [
                    0.0,
                    0.0,
                    0.0,
                    1.0
                ]
            ],
            "size": [
                0.1202,
                0.13634,
                0.67816
            ]
        },
        "distance": 0.0
    },
    {
        "case": 17,
        "collider1": {
            "type": "Box",
            "collider2origin": [
                [
                    1.0,
                    0.0,
                    0.0,
                    0.07799999999999999
                ],
                [
                    0.0,
                    1.0,
                    0.0,
                    -0.315
                ],
                [
                    0.0,
                    0.0,
                    1.0,
                    0.75
                ],
                [
                    0.0,
                    0.0,
                    0.0,
                    1.0
                ]
            ],
            "size": [
                1.76,
                0.64,
                0.06
            ]
        },
        "collider2": {
            "type": "Box",
            "collider2origin": [
                [
                    0.1469776769937221,
                    0.36309399505126133,
                    -0.9200871226265714,
                    0.13154823181262823
                ],
                [
                    -0.05727235071931002,
                    0.9317525158260336,
                    0.35854863978955664,
                    0.00046540424298913987
                ],
                [
                    0.9874803493278301,
                    -3.0937861380790153e-06,
                    0.15774206693781795,
                    0.7076613660593672
                ],
                [
                    0.0,
                    0.0,
                    0.0,
                    1.0
                ]
            ],
            "size": [
                0.1202,
                0.13634,
                0.67816
            ]
        },
        "distance": 0.0
    },
    {
        "case": 18,
        "collider1": {
            "type": "Box",
            "collider2origin": [
                [
                    1.0,
                    0.0,
                    0.0,
                    -0.01200000000000001
                ],
                [
                    0.0,
                    1.0,
                    0.0,
                    0.15750000000000003
                ],
                [
                    0.0,
                    0.0,
                    1.0,
                    0.335
                ],
                [
                    0.0,
                    0.0,
                    0.0,
                    1.0
                ]
            ],
            "size": [
                1.6,
                1.586,
                0.76
            ]
        },
        "collider2": {
            "type": "Sphere",
            "collider2origin": [
                [
                    1.0,
                    0.0,
                    0.0,
                    -0.22461959872857937
                ],
                [
                    0.0,
                    1.0,
                    0.0,
                    0.31952301462710786
                ],
                [
                    0.0,
                    0.0,
                    1.0,
                    0.5311807437418924
                ],
                [
                    0.0,
                    0.0,
                    0.0,
                    1.0
                ]
            ],
            "radius": 0.00484
        },
        "distance": 0.0
    },
    {
        "case": 19,
        "collider1": {
            "type": "Box",
            "collider2origin": [
                [
                    1.0,
                    0.0,
                    0.0,
                    -0.01200000000000001
                ],
                [
                    0.0,
                    1.0,
                    0.0,
                    0.15750000000000003
                ],
                [
                    0.0,
                    0.0,
                    1.0,
                    0.335
                ],
                [
                    0.0,
                    0.0,
                    0.0,
                    1.0
                ]
            ],
            "size": [
                1.6,
                1.586,
                0.76
            ]
        },
        "collider2": {
            "type": "Cylinder",
            "collider2origin": [
                [
                    -0.296206790226214,
                    -0.30363020976730415,
                    0.9055772927478617,
                    -0.2114521895441627
                ],
                [
                    0.9528471311197789,
                    -0.15936376840886676,
                    0.2582354236647858,
                    0.32434655194557677
                ],
                [
                    0.06590813410111136,
                    0.939367811368469,
                    0.3365178046168166,
                    0.5348771640517974
                ],
                [
                    0.0,
                    0.0,
                    0.0,
                    1.0
                ]
            ],
            "radius": 0.0076,
            "height": 0.02993
        },
        "distance": 0.0
    },
    {
        "case": 20,
        "collider1": {
            "type": "Box",
            "collider2origin": [
                [
                    1.0,
                    0.0,
                    0.0,
                    -0.01200000000000001
                ],
                [
                    0.0,
                    1.0,
                    0.0,
                    0.15750000000000003
                ],
                [
                    0.0,
                    0.0,
                    1.0,
                    0.335
                ],
                [
                    0.0,
                    0.0,
                    0.0,
                    1.0
                ]
            ],
            "size": [
                1.6,
                1.586,
                0.76
            ]
        },
        "collider2": {
            "type": "Box",
            "collider2origin": [
                [
                    -0.3681842780302903,
                    0.2648825401808286,
                    -0.8912225184086552,
                    -0.1804053571730131
                ],
                [
                    0.8572789773709422,
                    0.4677467389838387,
                    -0.21514121671082936,
                    0.35325116296333703
                ],
                [
                    0.3598792747146542,
                    -0.8432379427405624,
                    -0.39929522856342553,
                    0.5883534247786796
                ],
                [
                    0.0,
                    0.0,
                    0.0,
                    1.0
                ]
            ],
            "size": [
                0.07264,
                0.04753,
                0.03326
            ]
        },
        "distance": 0.0
    },
    {
        "case": 21,
        "collider1": {
            "type": "Box",
            "collider2origin": [
                [
                    1.0,
                    0.0,
                    0.0,
                    -0.01200000000000001
                ],
                [
                    0.0,
                    1.0,
                    0.0,
                    0.15750000000000003
                ],
                [
                    0.0,
                    0.0,
                    1.0,
                    0.335
                ],
                [
                    0.0,
                    0.0,
                    0.0,
                    1.0
                ]
            ],
            "size": [
                1.6,
                1.586,
                0.76
            ]
        },
        "collider2": {
            "type": "Cylinder",
            "collider2origin": [
                [
                    -0.4802840595549318,
                    -0.539828997880423,
                    0.6913117062402838,
                    -0.21763155338084048
                ],
                [
                    0.7511023338840337,
                    -0.660155511658942,
                    0.006323326678057712,
                    0.3829635690015017
                ],
                [
                    0.4529597180449843,
                    0.5222828290052602,
                    0.722528989283385,
                    0.5574488706909726
                ],
                [
                    0.0,
                    0.0,
                    0.0,
                    1.0
                ]
            ],
            "radius": 0.00713,
            "height": 0.01426
        },
        "distance": 0.0
    },
    {
        "case": 22,
        "collider1": {
            "type": "Box",
            "collider2origin": [
                [
                    1.0,
                    0.0,
                    0.0,
                    -0.01200000000000001
                ],
                [
                    0.0,
                    1.0,
                    0.0,
                    0.15750000000000003
                ],
                [
                    0.0,
                    0.0,
                    1.0,
                    0.335
                ],
                [
                    0.0,
                    0.0,
                    0.0,
                    1.0
                ]
            ],
            "size": [
                1.6,
                1.586,
                0.76
            ]
        },
        "collider2": {
            "type": "Box",
            "collider2origin": [
                [
                    0.15397951881481553,
                    0.3630939992602175,
                    -0.9189412687907642,
                    -0.0988546522909034
                ],
                [
                    -0.060000927729913806,
                    0.9317525141859397,
                    0.35810213763635934,
                    0.21019827374695071
                ],
                [
                    0.9862505748830303,
                    -3.0661830535134445e-06,
                    0.16525678059762314,
                    0.7540083896496422
                ],
                [
                    0.0,
                    0.0,
                    0.0,
                    1.0
                ]
            ],
            "size": [
                0.09102,
                0.10007,
                0.11882
            ]
        },
        "distance": 0.0
    },
    {
        "case": 23,
        "collider1": {
            "type": "Box",
            "collider2origin": [
                [
                    1.0,
                    0.0,
                    0.0,
                    -0.362
                ],
                [
                    0.0,
                    1.0,
                    0.0,
                    0.35500000000000004
                ],
                [
                    0.0,
                    0.0,
                    1.0,
                    0.75
                ],
                [
                    0.0,
                    0.0,
                    0.0,
                    1.0
                ]
            ],
            "size": [
                0.8,
                0.22,
                0.06
            ]
        },
        "collider2": {
            "type": "Box",
            "collider2origin": [
                [
                    0.15397951881481553,
                    0.3630939992602175,
                    -0.9189412687907642,
                    -0.0988546522909034
                ],
                [
                    -0.060000927729913806,
                    0.9317525141859397,
                    0.35810213763635934,
                    0.21019827374695071
                ],
                [
                    0.9862505748830303,
                    -3.0661830535134445e-06,
                    0.16525678059762314,
                    0.7540083896496422
                ],
                [
                    0.0,
                    0.0,
                    0.0,
                    1.0
                ]
            ],
            "size": [
                0.09102,
                0.10007,
                0.11882
            ]
        },
        "distance": 0.0
    },
    {
        "case": 24,
        "collider1": {
            "type": "Box",
            "collider2origin": [
                [
                    1.0,
                    0.0,
                    0.0,
                    -0.01200000000000001
                ],
                [
                    0.0,
                    1.0,
                    0.0,
                    0.15750000000000003
                ],
                [
                    0.0,
                    0.0,
                    1.0,
                    0.335
                ],
                [
                    0.0,
                    0.0,
                    0.0,
                    1.0
                ]
            ],
            "size": [
                1.6,
                1.586,
                0.76
            ]
        },
        "collider2": {
            "type": "Sphere",
            "collider2origin": [
                [
                    1.0,
                    0.0,
                    0.0,
                    -0.2312943130247397
                ],
                [
                    0.0,
                    1.0,
                    0.0,
                    0.34302229739602785
                ],
                [
                    0.0,
                    0.0,
                    1.0,
                    0.5165288205288984
                ],
                [
                    0.0,
                    0.0,
                    0.0,
                    1.0
                ]
            ],
            "radius": 0.00487
        },
        "distance": 0.0
    },
    {
        "case": 25,
        "collider1": {
            "type": "Box",
            "collider2origin": [
                [
                    1.0,
                    0.0,
                    0.0,
                    -0.01200000000000001
                ],
                [
                    0.0,
                    1.0,
                    0.0,
                    0.15750000000000003
                ],
                [
                    0.0,
                    0.0,
                    1.0,
                    0.335
                ],
                [
                    0.0,
                    0.0,
                    0.0,
                    1.0
                ]
            ],
            "size": [
                1.6,
                1.586,
                0.76
            ]
        },
        "collider2": {
            "type": "Cylinder",
            "collider2origin": [
                [
                    -0.34806583802596014,
                    -0.3120694213758447,
                    0.8840038736574806,
                    -0.2164475539674418
                ],
                [
                    0.9027424363452775,
                    -0.3658529712236857,
                    0.2262911776189977,
                    0.3475382108829514
                ],
                [
                    0.2527968868888179,
                    0.8767920390200554,
                    0.4090592307849509,
                    0.5221964541508931
                ],
                [
                    0.0,
                    0.0,
                    0.0,
                    1.0
                ]
            ],
            "radius": 0.0076,
            "height": 0.02993
        },
        "distance": 0.0
    },
    {
        "case": 26,
        "collider1": {
            "type": "Box",
            "collider2origin": [
                [
                    1.0,
                    0.0,
                    0.0,
                    -0.01200000000000001
                ],
                [
                    0.0,
                    1.0,
                    0.0,
                    0.15750000000000003
                ],
                [
                    0.0,
                    0.0,
                    1.0,
                    0.335
                ],
                [
                    0.0,
                    0.0,
                    0.0,
                    1.0
                ]
            ],
            "size": [
                1.6,
                1.586,
                0.76
            ]
        },
        "collider2": {
            "type": "Cylinder",
            "collider2origin": [
                [
                    -0.3428915849344993,
                    -0.7299226869053785,
                    0.5913021496003028,
                    -0.1890488346170312
                ],
                [
                    0.90582489705045,
                    -0.42364593741372314,
                    0.002318533240767346,
                    0.351731368873448
                ],
                [
                    0.24881040344938982,
                    0.5364112143250542,
                    0.8064467696517063,
                    0.5446894353678011
                ],
                [
                    0.0,
                    0.0,
                    0.0,
                    1.0
                ]
            ],
            "radius": 0.00783,
            "height": 0.03683
        },
        "distance": 0.0
    },
    {
        "case": 27,
        "collider1": {
            "type": "Box",
            "collider2origin": [
                [
                    1.0,
                    0.0,
                    0.0,
                    -0.01200000000000001
                ],
                [
                    0.0,
                    1.0,
                    0.0,
                    0.15750000000000003
                ],
                [
                    0.0,
                    0.0,
                    1.0,
                    0.335
                ],
                [
                    0.0,
                    0.0,
                    0.0,
                    1.0
                ]
            ],
            "size": [
                1.6,
                1.586,
                0.76
            ]
        },
        "collider2": {
            "type": "Sphere",
            "collider2origin": [
                [
                    1.0,
                    0.0,
                    0.0,
                    -0.25768202606282076
                ],
                [
                    0.0,
                    1.0,
                    0.0,
                    0.3985438652051451
                ],
                [
                    0.0,
                    0.0,
                    1.0,
                    0.5706542586920197
                ],
                [
                    0.0,
                    0.0,
                    0.0,
                    1.0
                ]
            ],
            "radius": 0.01051
        },
        "distance": 0.0
    },
    {
        "case": 28,
        "collider1": {
            "type": "Box",
            "collider2origin": [
                [
                    1.0,
                    0.0,
                    0.0,
                    -0.01200000000000001
                ],
                [
                    0.0,
                    1.0,
                    0.0,
                    0.15750000000000003
                ],
                [
                    0.0,
                    0.0,
                    1.0,
                    0.335
                ],
                [
                    0.0,
                    0.0,
                    0.0,
                    1.0
                ]
            ],
            "size": [
                1.6,
                1.586,
                0.76
            ]
        },
        "collider2": {
            "type": "Cylinder",
            "collider2origin": [
                [
                    -0.39150007076641974,
                    -0.8774834697760404,
                    0.2770387244767217,
                    -0.18494563711302875
                ],
                [
                    0.8297027586267528,
                    -0.4668139923941912,
                    -0.3060686668578661,
                    0.3731449596537629
                ],
                [
                    0.3978957488049403,
                    0.11003388921053464,
                    0.9108081665796366,
                    0.556200551702746
                ],
                [
                    0.0,
                    0.0,
                    0.0,
                    1.0
                ]
            ],
            "radius": 0.00683,
            "height": 0.01782
        },
        "distance": 0.0
    },
    {
        "case": 29,
        "collider1": {
            "type": "Box",
            "collider2origin": [
                [
                    1.0,
                    0.0,
                    0.0,
                    -0.01200000000000001
                ],
                [
                    0.0,
                    1.0,
                    0.0,
                    0.15750000000000003
                ],
                [
                    0.0,
                    0.0,
                    1.0,
                    0.335
                ],
                [
                    0.0,
                    0.0,
                    0.0,
                    1.0
                ]
            ],
            "size": [
                1.6,
                1.586,
                0.76
            ]
        },
        "collider2": {
            "type": "Box",
            "collider2origin": [
                [
                    0.9201457845180679,
                    0.007774323649810104,
                    -0.39149878049033215,
                    -0.20109868538088163
                ],
                [
                    0.34933945913811987,
                    0.43537761556060073,
                    0.829703726734942,
                    0.28865078342921935
                ],
                [
                    0.176900190849855,
                    -0.9002143587838142,
                    0.39789499961262537,
                    0.7041072679553739
                ],
                [
                    0.0,
                    0.0,
                    0.0,
                    1.0
                ]
            ],
            "size": [
                0.08993,
                0.0305,
                0.09007
            ]
        },
        "distance": 0.0
    },
    {
        "case": 30,
        "collider1": {
            "type": "Box",
            "collider2origin": [
                [
                    1.0,
                    0.0,
                    0.0,
                    -0.362
                ],
                [
                    0.0,
                    1.0,
                    0.0,
                    0.35500000000000004
                ],
                [
                    0.0,
                    0.0,
                    1.0,
                    0.75
                ],
                [
                    0.0,
                    0.0,
                    0.0,
                    1.0
                ]
            ],
            "size": [
                0.8,
                0.22,
                0.06
            ]
        },
        "collider2": {
            "type": "Box",
            "collider2origin": [
                [
                    0.9201457845180679,
                    0.007774323649810104,
                    -0.39149878049033215,
                    -0.20109868538088163
                ],
                [
                    0.34933945913811987,
                    0.43537761556060073,
                    0.829703726734942,
                    0.28865078342921935
                ],
                [
                    0.176900190849855,
                    -0.9002143587838142,
                    0.39789499961262537,
                    0.7041072679553739
                ],
                [
                    0.0,
                    0.0,
                    0.0,
                    1.0
                ]
            ],
            "size": [
                0.08993,
                0.0305,
                0.09007
            ]
        },
        "distance": 0.0
    },
    {
        "case": 31,
        "collider1": {
            "type": "Box",
            "collider2origin": [
                [
                    1.0,
                    0.0,
                    0.0,
                    -0.01200000000000001
                ],
                [
                    0.0,
                    1.0,
                    0.0,
                    0.15750000000000003
                ],
                [
                    0.0,
                    0.0,
                    1.0,
                    0.335
                ],
                [
                    0.0,
                    0.0,
                    0.0,
                    1.0
                ]
            ],
            "size": [
                1.6,
                1.586,
                0.76
            ]
        },
        "collider2": {
            "type": "Sphere",
            "collider2origin": [
                [
                    1.0,
                    0.0,
                    0.0,
                    -0.21967281598724264
                ],
                [
                    0.0,
                    1.0,
                    0.0,
                    0.3827078052390959
                ],
                [
                    0.0,
                    0.0,
                    1.0,
                    0.5020910559395304
                ],
                [
                    0.0,
                    0.0,
                    0.0,
                    1.0
                ]
            ],
            "radius": 0.00563
        },
        "distance": 0.0
    },
    {
        "case": 32,
        "collider1": {
            "type": "Box",
            "collider2origin": [
                [
                    1.0,
                    0.0,
                    0.0,
                    -0.01200000000000001
                ],
                [
                    0.0,
                    1.0,
                    0.0,
                    0.15750000000000003
                ],
                [
                    0.0,
                    0.0,
                    1.0,
                    0.335
                ],
                [
                    0.0,
                    0.0,
                    0.0,
                    1.0
                ]
            ],
            "size": [
                1.6,
                1.586,
                0.76
            ]
        },
        "collider2": {
            "type": "Cylinder",
            "collider2origin": [
                [
                    -0.39150007076641974,
                    -0.6245991483448361,
                    0.675724498946718,
                    -0.20455609313405332
                ],
                [
                    0.8297027586267528,
                    -0.5571515268006463,
                    -0.034285689592953805,
                    0.383046355287348
                ],
                [
                    0.3978957488049403,
                    0.5472276309458555,
                    0.7363564985877028,
                    0.5162587330266432
                ],
                [
                    0.0,
                    0.0,
                    0.0,
                    1.0
                ]
            ],
            "radius": 0.00813,
            "height": 0.03824
        },
        "distance": 0.0
    },
    {
        "case": 33,
        "collider1": {
            "type": "Box",
            "collider2origin": [
                [
                    1.0,
                    0.0,
                    0.0,
                    -0.01200000000000001
                ],
                [
                    0.0,
                    1.0,
                    0.0,
                    0.15750000000000003
                ],
                [
                    0.0,
                    0.0,
                    1.0,
                    0.335
                ],
                [
                    0.0,
                    0.0,
                    0.0,
                    1.0
                ]
            ],
            "size": [
                1.6,
                1.586,
                0.76
            ]
        },
        "collider2": {
            "type": "Cylinder",
            "collider2origin": [
                [
                    -0.5466258083883242,
                    -0.704177538059472,
                    0.45313819139012307,
                    -0.24256544800708377
                ],
                [
                    0.4216489238233662,
                    -0.6989940569058826,
                    -0.5775980379544695,
                    0.3777917800585022
                ],
                [
                    0.7234724670935362,
                    -0.12466476367745996,
                    0.6790038925181759,
                    0.5977935849539463
                ],
                [
                    0.0,
                    0.0,
                    0.0,
                    1.0
                ]
            ],
            "radius": 0.01271,
            "height": 0.05982
        },
        "distance": 0.0
    },
    {
        "case": 34,
        "collider1": {
            "type": "Box",
            "collider2origin": [
                [
                    1.0,
                    0.0,
                    0.0,
                    -0.01200000000000001
                ],
                [
                    0.0,
                    1.0,
                    0.0,
                    0.15750000000000003
                ],
                [
                    0.0,
                    0.0,
                    1.0,
                    0.335
                ],
                [
                    0.0,
                    0.0,
                    0.0,
                    1.0
                ]
            ],
            "size": [
                1.6,
                1.586,
                0.76
            ]
        },
        "collider2": {
            "type": "Cylinder",
            "collider2origin": [
                [
                    -0.5910674805102483,
                    -0.7117485641808626,
                    0.37954342949094394,
                    -0.2494645840291163
                ],
                [
                    0.4080437671019026,
                    -0.6697219043012671,
                    -0.6204618078724687,
                    0.38468411085967175
                ],
                [
                    0.6958013492460009,
                    -0.21186446678375373,
                    0.6862754039756052,
                    0.586619964310809
                ],
                [
                    0.0,
                    0.0,
                    0.0,
                    1.0
                ]
            ],
            "radius": 0.01169,
            "height": 0.05502
        },
        "distance": 0.0
    },
    {
        "case": 35,
        "collider1": {
            "type": "Box",
            "collider2origin": [
                [
                    1.0,
                    0.0,
                    0.0,
                    -0.01200000000000001
                ],
                [
                    0.0,
                    1.0,
                    0.0,
                    0.15750000000000003
                ],
                [
                    0.0,
                    0.0,
                    1.0,
                    0.335
                ],
                [
                    0.0,
                    0.0,
                    0.0,
                    1.0
                ]
            ],
            "size": [
                1.6,
                1.586,
                0.76
            ]
        },
        "collider2": {
            "type": "Box",
            "collider2origin": [
                [
                    0.39431780903894476,
                    0.007772386245370361,
                    -0.9189412687907642,
                    -0.19782830147566596
                ],
                [
                    0.8259604707769376,
                    0.43537588327123694,
                    0.35810213763635934,
                    0.25403520913530553
                ],
                [
                    0.40286817470317265,
                    -0.9002152133117076,
                    0.16525678059762314,
                    0.7703521326501944
                ],
                [
                    0.0,
                    0.0,
                    0.0,
                    1.0
                ]
            ],
            "size": [
                0.09126,
                0.11887,
                0.10009
            ]
        },
        "distance": 0.0
    },
    {
        "case": 36,
        "collider1": {
            "type": "Box",
            "collider2origin": [
                [
                    1.0,
                    0.0,
                    0.0,
                    -0.362
                ],
                [
                    0.0,
                    1.0,
                    0.0,
                    0.35500000000000004
                ],
                [
                    0.0,
                    0.0,
                    1.0,
                    0.75
                ],
                [
                    0.0,
                    0.0,
                    0.0,
                    1.0
                ]
            ],
            "size": [
                0.8,
                0.22,
                0.06
            ]
        },
        "collider2": {
            "type": "Box",
            "collider2origin": [
                [
                    0.39431780903894476,
                    0.007772386245370361,
                    -0.9189412687907642,
                    -0.19782830147566596
                ],
                [
                    0.8259604707769376,
                    0.43537588327123694,
                    0.35810213763635934,
                    0.25403520913530553
                ],
                [
                    0.40286817470317265,
                    -0.9002152133117076,
                    0.16525678059762314,
                    0.7703521326501944
                ],
                [
                    0.0,
                    0.0,
                    0.0,
                    1.0
                ]
            ],
            "size": [
                0.09126,
                0.11887,
                0.10009
            ]
        },
        "distance": 0.0
    },
    {
        "case": 37,
        "collider1": {
            "type": "Box",
            "collider2origin": [
                [
                    1.0,
                    0.0,
                    0.0,
                    -0.01200000000000001
                ],
                [
                    0.0,
                    1.0,
                    0.0,
                    0.15750000000000003
                ],
                [
                    0.0,
                    0.0,
                    1.0,
                    0.335
                ],
                [
                    0.0,
                    0.0,
                    0.0,
                    1.0
                ]
            ],
            "size": [
                1.6,
                1.586,
                0.76
            ]
        },
        "collider2": {
            "type": "Cylinder",
            "collider2origin": [
                [
                    -0.4526974296701626,
                    -0.545335518430704,
                    0.7054602820201453,
                    -0.20698225993886796
                ],
                [
                    0.7672766804093086,
                    -0.6413073215332065,
                    -0.0033786162811932407,
                    0.38317487985558685
                ],
                [
                    0.454259323371683,
                    0.5397537324426941,
                    0.7087414023775392,
                    0.5686903143903805
                ],
                [
                    0.0,
                    0.0,
                    0.0,
                    1.0
                ]
            ],
            "radius": 0.00713,
            "height": 0.01697
        },
        "distance": 0.0
    }
]