[
    {
        "case": 0,
        "collider1": {
            "type": "Box",
            "collider2origin": [
                [
                    1.0,
                    0.0,
                    0.0,
                    -0.672
                ],
                [
                    0.0,
                    1.0,
                    0.0,
                    -0.785
                ],
                [
                    0.0,
                    0.0,
                    1.0,
                    1.1
                ],
                [
                    0.0,
                    0.0,
                    0.0,
                    1.0
                ]
            ],
            "size": [
                0.4,
                0.44,
                2.2
            ]
        },
        "collider2": {
            "type": "Cylinder",
            "collider2origin": [
                [
                    0.09686940864774354,
                    -0.3775695616053453,
                    0.9209003984239463,
                    -0.5035958771463827
                ],
                [
                    0.6563131231754727,
                    0.7198175460958689,
                    0.22608800207038446,
                    -0.7372188041809593
                ],
                [
                    -0.7482442128181768,
                    0.5824980055602494,
                    0.3175321582177753,
                    1.1935960369837877
                ],
                [
                    0.0,
                    0.0,
                    0.0,
                    1.0
                ]
            ],
            "radius": 0.0076,
            "height": 0.02993
        },
        "distance": 0.0
    },
    {
        "case": 1,
        "collider1": {
            "type": "Box",
            "collider2origin": [
                [
                    1.0,
                    0.0,
                    0.0,
                    -0.672
                ],
                [
                    0.0,
                    1.0,
                    0.0,
                    -0.785
                ],
                [
                    0.0,
                    0.0,
                    1.0,
                    1.1
                ],
                [
                    0.0,
                    0.0,
                    0.0,
                    1.0
                ]
            ],
            "size": [
                0.4,
                0.44,
                2.2
            ]
        },
        "collider2": {
            "type": "Box",
            "collider2origin": [
                [
                    -0.7415854999187167,
                    0.42433801274418725,
                    -0.5196038849456583,
                    -0.5744943047020543
                ],
                [
                    0.2042714158341132,
                    -0.5949269393221516,
                    -0.7773899443277508,
                    -0.5670800304802676
                ],
                [
                    -0.6390024530339722,
                    -0.6826413317468338,
                    0.3545090650568406,
                    1.3633619200866844
                ],
                [
                    0.0,
                    0.0,
                    0.0,
                    1.0
                ]
            ],
            "size": [
                0.09126,
                0.11887,
                0.10009
            ]
        },
        "distance": 0.0
    },
    {
        "case": 2,
        "collider1": {
            "type": "Box",
            "collider2origin": [
                [
                    1.0,
                    0.0,
                    0.0,
                    -0.672
                ],
                [
                    0.0,
                    1.0,
                    0.0,
                    -0.785
                ],
                [
                    0.0,
                    0.0,
                    1.0,
                    1.1
                ],
                [
                    0.0,
                    0.0,
                    0.0,
                    1.0
                ]
            ],
            "size": [
                0.4,
                0.44,
                2.2
            ]
        },
        "collider2": {
            "type": "Cylinder",
            "collider2origin": [
                [
                    -0.009438687007054206,
                    -0.7737451384013265,
                    0.6334266903027487,
                    -0.48168901975260275
                ],
                [
                    0.7509403085439386,
                    0.41280586554455234,
                    0.5154415295413693,
                    -0.7116326457401654
                ],
                [
                    -0.6603026307622257,
                    0.4805307255236903,
                    0.5771400676059139,
                    1.193395711122942
                ],
                [
                    0.0,
                    0.0,
                    0.0,
                    1.0
                ]
            ],
            "radius": 0.00683,
            "height": 0.01183
        },
        "distance": 0.0
    },
    {
        "case": 3,
        "collider1": {
            "type": "Box",
            "collider2origin": [
                [
                    1.0,
                    0.0,
                    0.0,
                    -0.672
                ],
                [
                    0.0,
                    1.0,
                    0.0,
                    -0.785
                ],
                [
                    0.0,
                    0.0,
                    1.0,
                    1.1
                ],
                [
                    0.0,
                    0.0,
                    0.0,
                    1.0
                ]
            ],
            "size": [
                0.4,
                0.44,
                2.2
            ]
        },
        "collider2": {
            "type": "Cylinder",
            "collider2origin": [
                [
                    0.10257496724894309,
                    -0.8018367697131221,
                    0.5886732292451416,
                    -0.47558920052198894
                ],
                [
                    0.6526291082735812,
                    0.5008658306887414,
                    0.5685144384116437,
                    -0.7225536802411325
                ],
                [
                    -0.7507020868013542,
                    0.32586993476616055,
                    0.5746783121778564,
                    1.2101721283290408
                ],
                [
                    0.0,
                    0.0,
                    0.0,
                    1.0
                ]
            ],
            "radius": 0.00783,
            "height": 0.03683
        },
        "distance": 0.0
    },
    {
        "case": 4,
        "collider1": {
            "type": "Box",
            "collider2origin": [
                [
                    1.0,
                    0.0,
                    0.0,
                    -0.672
                ],
                [
                    0.0,
                    1.0,
                    0.0,
                    -0.785
                ],
                [
                    0.0,
                    0.0,
                    1.0,
                    1.1
                ],
                [
                    0.0,
                    0.0,
                    0.0,
                    1.0
                ]
            ],
            "size": [
                0.4,
                0.44,
                2.2
            ]
        },
        "collider2": {
            "type": "Box",
            "collider2origin": [
                [
                    0.19699674717637503,
                    -0.8313868439849803,
                    -0.5196038849456583,
                    -0.5152852526013754
                ],
                [
                    0.2947354047531862,
                    0.5556940845852795,
                    -0.7773899443277508,
                    -0.48306846323068575
                ],
                [
                    0.9350525775521411,
                    -2.371020596413159e-06,
                    0.3545090650568406,
                    1.3259158133270454
                ],
                [
                    0.0,
                    0.0,
                    0.0,
                    1.0
                ]
            ],
            "size": [
                0.09102,
                0.10007,
                0.11882
            ]
        },
        "distance": 0.0
    },
    {
        "case": 5,
        "collider1": {
            "type": "Box",
            "collider2origin": [
                [
                    1.0,
                    0.0,
                    0.0,
                    -0.672
                ],
                [
                    0.0,
                    1.0,
                    0.0,
                    -0.785
                ],
                [
                    0.0,
                    0.0,
                    1.0,
                    1.1
                ],
                [
                    0.0,
                    0.0,
                    0.0,
                    1.0
                ]
            ],
            "size": [
                0.4,
                0.44,
                2.2
            ]
        },
        "collider2": {
            "type": "Cylinder",
            "collider2origin": [
                [
                    -0.009438687007054206,
                    -0.7737451384013265,
                    0.6334266903027487,
                    -0.4713555068000954
                ],
                [
                    0.7509403085439386,
                    0.41280586554455234,
                    0.5154415295413693,
                    -0.7032184905403481
                ],
                [
                    -0.6603026307622257,
                    0.4805307255236903,
                    0.5771400676059139,
                    1.202817138951767
                ],
                [
                    0.0,
                    0.0,
                    0.0,
                    1.0
                ]
            ],
            "radius": 0.00683,
            "height": 0.01782
        },
        "distance": 0.0
    },
    {
        "case": 6,
        "collider1": {
            "type": "Box",
            "collider2origin": [
                [
                    1.0,
                    0.0,
                    0.0,
                    -0.672
                ],
                [
                    0.0,
                    1.0,
                    0.0,
                    -0.785
                ],
                [
                    0.0,
                    0.0,
                    1.0,
                    1.1
                ],
                [
                    0.0,
                    0.0,
                    0.0,
                    1.0
                ]
            ],
            "size": [
                0.4,
                0.44,
                2.2
            ]
        },
        "collider2": {
            "type": "Sphere",
            "collider2origin": [
                [
                    1.0,
                    0.0,
                    0.0,
                    -0.517635319668705
                ],
                [
                    0.0,
                    1.0,
                    0.0,
                    -0.6959551592895293
                ],
                [
                    0.0,
                    0.0,
                    1.0,
                    1.1540601783393805
                ],
                [
                    0.0,
                    0.0,
                    0.0,
                    1.0
                ]
            ],
            "radius": 0.01051
        },
        "distance": 0.0
    },
    {
        "case": 7,
        "collider1": {
            "type": "Box",
            "collider2origin": [
                [
                    1.0,
                    0.0,
                    0.0,
                    -0.672
                ],
                [
                    0.0,
                    1.0,
                    0.0,
                    -0.785
                ],
                [
                    0.0,
                    0.0,
                    1.0,
                    1.1
                ],
                [
                    0.0,
                    0.0,
                    0.0,
                    1.0
                ]
            ],
            "size": [
                0.4,
                0.44,
                2.2
            ]
        },
        "collider2": {
            "type": "Cylinder",
            "collider2origin": [
                [
                    -0.5572012474226288,
                    -0.830214394859161,
                    0.016456866023118414,
                    -0.5188791277185009
                ],
                [
                    0.7246302136555316,
                    -0.47646878926378944,
                    0.4978840691516823,
                    -0.6757300325200067
                ],
                [
                    -0.4055093381516689,
                    0.28934676674560456,
                    0.867087438062425,
                    1.1854464840903285
                ],
                [
                    0.0,
                    0.0,
                    0.0,
                    1.0
                ]
            ],
            "radius": 0.01271,
            "height": 0.05982
        },
        "distance": 0.0
    },
    {
        "case": 8,
        "collider1": {
            "type": "Box",
            "collider2origin": [
                [
                    1.0,
                    0.0,
                    0.0,
                    -0.672
                ],
                [
                    0.0,
                    1.0,
                    0.0,
                    -0.785
                ],
                [
                    0.0,
                    0.0,
                    1.0,
                    1.1
                ],
                [
                    0.0,
                    0.0,
                    0.0,
                    1.0
                ]
            ],
            "size": [
                0.4,
                0.44,
                2.2
            ]
        },
        "collider2": {
            "type": "Sphere",
            "collider2origin": [
                [
                    1.0,
                    0.0,
                    0.0,
                    -0.5192884214552327
                ],
                [
                    0.0,
                    1.0,
                    0.0,
                    -0.740218348621645
                ],
                [
                    0.0,
                    0.0,
                    1.0,
                    1.1893902568821741
                ],
                [
                    0.0,
                    0.0,
                    0.0,
                    1.0
                ]
            ],
            "radius": 0.00487
        },
        "distance": 0.0
    },
    {
        "case": 9,
        "collider1": {
            "type": "Box",
            "collider2origin": [
                [
                    1.0,
                    0.0,
                    0.0,
                    -0.672
                ],
                [
                    0.0,
                    1.0,
                    0.0,
                    -0.785
                ],
                [
                    0.0,
                    0.0,
                    1.0,
                    1.1
                ],
                [
                    0.0,
                    0.0,
                    0.0,
                    1.0
                ]
            ],
            "size": [
                0.4,
                0.44,
                2.2
            ]
        },
        "collider2": {
            "type": "Cylinder",
            "collider2origin": [
                [
                    -0.5936380066666637,
                    -0.8020189831447302,
                    -0.0660262653519217,
                    -0.5195273823002298
                ],
                [
                    0.6870156967414655,
                    -0.547816547840197,
                    0.47739549887204336,
                    -0.684748174538294
                ],
                [
                    -0.41905053331509834,
                    0.23803903164805004,
                    0.8762043539839265,
                    1.173690422652276
                ],
                [
                    0.0,
                    0.0,
                    0.0,
                    1.0
                ]
            ],
            "radius": 0.01169,
            "height": 0.05502
        },
        "distance": 0.0
    },
    {
        "case": 10,
        "collider1": {
            "type": "Box",
            "collider2origin": [
                [
                    1.0,
                    0.0,
                    0.0,
                    -0.672
                ],
                [
                    0.0,
                    1.0,
                    0.0,
                    -0.785
                ],
                [
                    0.0,
                    0.0,
                    1.0,
                    1.1
                ],
                [
                    0.0,
                    0.0,
                    0.0,
                    1.0
                ]
            ],
            "size": [
                0.4,
                0.44,
                2.2
            ]
        },
        "collider2": {
            "type": "Sphere",
            "collider2origin": [
                [
                    1.0,
                    0.0,
                    0.0,
                    -0.5260380645339201
                ],
                [
                    0.0,
                    1.0,
                    0.0,
                    -0.7268100693148465
                ],
                [
                    0.0,
                    0.0,
                    1.0,
                    1.176768764902441
                ],
                [
                    0.0,
                    0.0,
                    0.0,
                    1.0
                ]
            ],
            "radius": 0.00563
        },
        "distance": 0.0
    },
    {
        "case": 11,
        "collider1": {
            "type": "Box",
            "collider2origin": [
                [
                    1.0,
                    0.0,
                    0.0,
                    -0.672
                ],
                [
                    0.0,
                    1.0,
                    0.0,
                    -0.785
                ],
                [
                    0.0,
                    0.0,
                    1.0,
                    1.1
                ],
                [
                    0.0,
                    0.0,
                    0.0,
                    1.0
                ]
            ],
            "size": [
                0.4,
                0.44,
                2.2
            ]
        },
        "collider2": {
            "type": "Box",
            "collider2origin": [
                [
                    0.9054538029888017,
                    0.4243398866890196,
                    -0.009437754916599646,
                    -0.544730461307329
                ],
                [
                    0.2866364001477643,
                    -0.5949213254593868,
                    0.7509382069278246,
                    -0.6137215193502583
                ],
                [
                    0.3130383119738646,
                    -0.682645059367162,
                    -0.6603050341759913,
                    1.3131132944005794
                ],
                [
                    0.0,
                    0.0,
                    0.0,
                    1.0
                ]
            ],
            "size": [
                0.08993,
                0.0305,
                0.09007
            ]
        },
        "distance": 0.0
    },
    {
        "case": 12,
        "collider1": {
            "type": "Box",
            "collider2origin": [
                [
                    1.0,
                    0.0,
                    0.0,
                    -0.672
                ],
                [
                    0.0,
                    1.0,
                    0.0,
                    -0.785
                ],
                [
                    0.0,
                    0.0,
                    1.0,
                    1.1
                ],
                [
                    0.0,
                    0.0,
                    0.0,
                    1.0
                ]
            ],
            "size": [
                0.4,
                0.44,
                2.2
            ]
        },
        "collider2": {
            "type": "Cylinder",
            "collider2origin": [
                [
                    -0.009438687007054206,
                    -0.3577797635657716,
                    0.933758294190955,
                    -0.5060976503011482
                ],
                [
                    0.7509403085439386,
                    0.6140818621749706,
                    0.2428829338419103,
                    -0.7229510512053491
                ],
                [
                    -0.6603026307622257,
                    0.7034892375371069,
                    0.26287511954907955,
                    1.180872526525152
                ],
                [
                    0.0,
                    0.0,
                    0.0,
                    1.0
                ]
            ],
            "radius": 0.00813,
            "height": 0.03824
        },
        "distance": 0.0
    },
    {
        "case": 13,
        "collider1": {
            "type": "Box",
            "collider2origin": [
                [
                    1.0,
                    0.0,
                    0.0,
                    -0.672
                ],
                [
                    0.0,
                    1.0,
                    0.0,
                    -0.785
                ],
                [
                    0.0,
                    0.0,
                    1.0,
                    1.1
                ],
                [
                    0.0,
                    0.0,
                    0.0,
                    1.0
                ]
            ],
            "size": [
                0.4,
                0.44,
                2.2
            ]
        },
        "collider2": {
            "type": "Box",
            "collider2origin": [
                [
                    0.03232614105132705,
                    0.6434604287977314,
                    -0.7647965070371128,
                    -0.4693709437021976
                ],
                [
                    0.7292788730369878,
                    -0.5384341847251937,
                    -0.4221859235706668,
                    -0.6869060350449407
                ],
                [
                    -0.6834525191603517,
                    -0.5441022930394203,
                    -0.48666759575978946,
                    1.2296546528629773
                ],
                [
                    0.0,
                    0.0,
                    0.0,
                    1.0
                ]
            ],
            "size": [
                0.07264,
                0.04753,
                0.03326
            ]
        },
        "distance": 0.0
    },
    {
        "case": 14,
        "collider1": {
            "type": "Box",
            "collider2origin": [
                [
                    1.0,
                    0.0,
                    0.0,
                    -0.672
                ],
                [
                    0.0,
                    1.0,
                    0.0,
                    -0.785
                ],
                [
                    0.0,
                    0.0,
                    1.0,
                    1.1
                ],
                [
                    0.0,
                    0.0,
                    0.0,
                    1.0
                ]
            ],
            "size": [
                0.4,
                0.44,
                2.2
            ]
        },
        "collider2": {
            "type": "Cylinder",
            "collider2origin": [
                [
                    0.20826398318470302,
                    -0.6580462744665169,
                    0.7236029394417761,
                    -0.4844877632012919
                ],
                [
                    0.5029583096302855,
                    0.7065654848994557,
                    0.49779328473036144,
                    -0.7289308389874474
                ],
                [
                    -0.8388438782526144,
                    0.26026969898459945,
                    0.47812198413017837,
                    1.2269336917280924
                ],
                [
                    0.0,
                    0.0,
                    0.0,
                    1.0
                ]
            ],
            "radius": 0.00783,
            "height": 0.03044
        },
        "distance": 0.0
    },
    {
        "case": 15,
        "collider1": {
            "type": "Box",
            "collider2origin": [
                [
                    1.0,
                    0.0,
                    0.0,
                    -0.672
                ],
                [
                    0.0,
                    1.0,
                    0.0,
                    -0.785
                ],
                [
                    0.0,
                    0.0,
                    1.0,
                    1.1
                ],
                [
                    0.0,
                    0.0,
                    0.0,
                    1.0
                ]
            ],
            "size": [
                0.4,
                0.44,
                2.2
            ]
        },
        "collider2": {
            "type": "Box",
            "collider2origin": [
                [
                    -0.35304267280604607,
                    -0.8313865116763125,
                    -0.42913557226202453,
                    -0.2956895431310595
                ],
                [
                    -0.5281863222184787,
                    0.5556945817322769,
                    -0.6420457466993352,
                    -0.35564425420718193
                ],
                [
                    0.772256486019561,
                    -6.006832285967293e-06,
                    -0.6353108843429627,
                    1.5105837699682187
                ],
                [
                    0.0,
                    0.0,
                    0.0,
                    1.0
                ]
            ],
            "size": [
                0.1202,
                0.13634,
                0.67816
            ]
        },
        "distance": 0.0
    },
    {
        "case": 16,
        "collider1": {
            "type": "Box",
            "collider2origin": [
                [
                    1.0,
                    0.0,
                    0.0,
                    -0.672
                ],
                [
                    0.0,
                    1.0,
                    0.0,
                    -0.785
                ],
                [
                    0.0,
                    0.0,
                    1.0,
                    1.1
                ],
                [
                    0.0,
                    0.0,
                    0.0,
                    1.0
                ]
            ],
            "size": [
                0.4,
                0.44,
                2.2
            ]
        },
        "collider2": {
            "type": "Box",
            "collider2origin": [
                [
                    -0.12864573679334962,
                    0.6434570139528968,
                    -0.7545948221394824,
                    -0.5041102845472671
                ],
                [
                    0.6246229185403307,
                    -0.538438224302842,
                    -0.5656239813195345,
                    -0.6615719990486097
                ],
                [
                    -0.7702574141409189,
                    -0.5441023339450247,
                    -0.33265021592736316,
                    1.257614633510086
                ],
                [
                    0.0,
                    0.0,
                    0.0,
                    1.0
                ]
            ],
            "size": [
                0.06241,
                0.05638,
                0.02858
            ]
        },
        "distance": 0.0
    },
    {
        "case": 17,
        "collider1": {
            "type": "Box",
            "collider2origin": [
                [
                    1.0,
                    0.0,
                    0.0,
                    -0.672
                ],
                [
                    0.0,
                    1.0,
                    0.0,
                    -0.785
                ],
                [
                    0.0,
                    0.0,
                    1.0,
                    1.1
                ],
                [
                    0.0,
                    0.0,
                    0.0,
                    1.0
                ]
            ],
            "size": [
                0.4,
                0.44,
                2.2
            ]
        },
        "collider2": {
            "type": "Sphere",
            "collider2origin": [
                [
                    1.0,
                    0.0,
                    0.0,
                    -0.520470884068147
                ],
                [
                    0.0,
                    1.0,
                    0.0,
                    -0.7395655335365082
                ],
                [
                    0.0,
                    0.0,
                    1.0,
                    1.2125472403056785
                ],
                [
                    0.0,
                    0.0,
                    0.0,
                    1.0
                ]
            ],
            "radius": 0.00484
        },
        "distance": 0.0
    },
    {
        "case": 18,
        "collider1": {
            "type": "Box",
            "collider2origin": [
                [
                    1.0,
                    0.0,
                    0.0,
                    -0.672
                ],
                [
                    0.0,
                    1.0,
                    0.0,
                    -0.785
                ],
                [
                    0.0,
                    0.0,
                    1.0,
                    1.1
                ],
                [
                    0.0,
                    0.0,
                    0.0,
                    1.0
                ]
            ],
            "size": [
                0.4,
                0.44,
                2.2
            ]
        },
        "collider2": {
            "type": "Cylinder",
            "collider2origin": [
                [
                    0.20277597262888963,
                    -0.3271037863585264,
                    0.922976174055605,
                    -0.5065535439067252
                ],
                [
                    0.5074507369812462,
                    0.8412237992399025,
                    0.18664476721722975,
                    -0.7374874837943531
                ],
                [
                    -0.8374817338077275,
                    0.43051786553208143,
                    0.3365690315464314,
                    1.2160543833167925
                ],
                [
                    0.0,
                    0.0,
                    0.0,
                    1.0
                ]
            ],
            "radius": 0.0076,
            "height": 0.02993
        },
        "distance": 0.0
    }
]