[
    {
        "case": 0,
        "collider1": {
            "type": "Box",
            "collider2origin": [
                [
                    1.0,
                    0.0,
                    0.0,
                    0.9679999999999999
                ],
                [
                    0.0,
                    1.0,
                    0.0,
                    -0.23500000000000004
                ],
                [
                    0.0,
                    0.0,
                    1.0,
                    1.92
                ],
                [
                    0.0,
                    0.0,
                    0.0,
                    1.0
                ]
            ],
            "size": [
                0.2,
                3.52,
                2.12
            ]
        },
        "collider2": {
            "type": "Cylinder",
            "collider2origin": [
                [
                    0.7397898685222066,
                    0.22291702922659654,
                    -0.6348377340019137,
                    0.9134910656583065
                ],
                [
                    0.4867095662461792,
                    0.47417025890019987,
                    0.7336731995234481,
                    0.31844981414352264
                ],
                [
                    0.46456942275224294,
                    -0.8517455979664965,
                    0.24229050288515577,
                    1.910634594214108
                ],
                [
                    0.0,
                    0.0,
                    0.0,
                    1.0
                ]
            ],
            "radius": 0.00783,
            "height": 0.03683
        },
        "distance": 0.0
    },
    {
        "case": 1,
        "collider1": {
            "type": "Box",
            "collider2origin": [
                [
                    1.0,
                    0.0,
                    0.0,
                    0.9679999999999999
                ],
                [
                    0.0,
                    1.0,
                    0.0,
                    -0.23500000000000004
                ],
                [
                    0.0,
                    0.0,
                    1.0,
                    1.92
                ],
                [
                    0.0,
                    0.0,
                    0.0,
                    1.0
                ]
            ],
            "size": [
                0.2,
                3.52,
                2.12
            ]
        },
        "collider2": {
            "type": "Cylinder",
            "collider2origin": [
                [
                    0.7976848306068192,
                    0.2686170300930346,
                    -0.539947962459131,
                    0.8981758044903045
                ],
                [
                    0.311997923930747,
                    0.5823862290697459,
                    0.7506554307089406,
                    0.31393484954712664
                ],
                [
                    0.5160970901707096,
                    -0.7672490934070358,
                    0.3807527047617746,
                    1.8956360871050135
                ],
                [
                    0.0,
                    0.0,
                    0.0,
                    1.0
                ]
            ],
            "radius": 0.00783,
            "height": 0.03044
        },
        "distance": 0.0
    },
    {
        "case": 2,
        "collider1": {
            "type": "Box",
            "collider2origin": [
                [
                    1.0,
                    0.0,
                    0.0,
                    0.9679999999999999
                ],
                [
                    0.0,
                    1.0,
                    0.0,
                    -0.23500000000000004
                ],
                [
                    0.0,
                    0.0,
                    1.0,
                    1.92
                ],
                [
                    0.0,
                    0.0,
                    0.0,
                    1.0
                ]
            ],
            "size": [
                0.2,
                3.52,
                2.12
            ]
        },
        "collider2": {
            "type": "Sphere",
            "collider2origin": [
                [
                    1.0,
                    0.0,
                    0.0,
                    0.9747558989994832
                ],
                [
                    0.0,
                    1.0,
                    0.0,
                    0.377939480359086
                ],
                [
                    0.0,
                    0.0,
                    1.0,
                    1.8637588702577372
                ],
                [
                    0.0,
                    0.0,
                    0.0,
                    1.0
                ]
            ],
            "radius": 0.01051
        },
        "distance": 0.0
    },
    {
        "case": 3,
        "collider1": {
            "type": "Box",
            "collider2origin": [
                [
                    1.0,
                    0.0,
                    0.0,
                    0.9679999999999999
                ],
                [
                    0.0,
                    1.0,
                    0.0,
                    -0.23500000000000004
                ],
                [
                    0.0,
                    0.0,
                    1.0,
                    1.92
                ],
                [
                    0.0,
                    0.0,
                    0.0,
                    1.0
                ]
            ],
            "size": [
                0.2,
                3.52,
                2.12
            ]
        },
        "collider2": {
            "type": "Sphere",
            "collider2origin": [
                [
                    1.0,
                    0.0,
                    0.0,
                    0.9599574573203835
                ],
                [
                    0.0,
                    1.0,
                    0.0,
                    0.3160471509102166
                ],
                [
                    0.0,
                    0.0,
                    1.0,
                    1.9841427527451634
                ],
                [
                    0.0,
                    0.0,
                    0.0,
                    1.0
                ]
            ],
            "radius": 0.00663
        },
        "distance": 0.0
    },
    {
        "case": 4,
        "collider1": {
            "type": "Box",
            "collider2origin": [
                [
                    1.0,
                    0.0,
                    0.0,
                    0.9679999999999999
                ],
                [
                    0.0,
                    1.0,
                    0.0,
                    -0.23500000000000004
                ],
                [
                    0.0,
                    0.0,
                    1.0,
                    1.92
                ],
                [
                    0.0,
                    0.0,
                    0.0,
                    1.0
                ]
            ],
            "size": [
                0.2,
                3.52,
                2.12
            ]
        },
        "collider2": {
            "type": "Cylinder",
            "collider2origin": [
                [
                    0.7412861936483028,
                    -0.14564571632709386,
                    -0.6551962335224297,
                    0.9374622870770176
                ],
                [
                    0.4902296136084089,
                    0.7842435956593782,
                    0.3803115941022563,
                    0.29785226431727263
                ],
                [
                    0.4584426954895901,
                    -0.6031163303897652,
                    0.6527487931581503,
                    1.8940415810805549
                ],
                [
                    0.0,
                    0.0,
                    0.0,
                    1.0
                ]
            ],
            "radius": 0.0076,
            "height": 0.02993
        },
        "distance": 0.0
    },
    {
        "case": 5,
        "collider1": {
            "type": "Box",
            "collider2origin": [
                [
                    1.0,
                    0.0,
                    0.0,
                    0.9679999999999999
                ],
                [
                    0.0,
                    1.0,
                    0.0,
                    -0.23500000000000004
                ],
                [
                    0.0,
                    0.0,
                    1.0,
                    1.92
                ],
                [
                    0.0,
                    0.0,
                    0.0,
                    1.0
                ]
            ],
            "size": [
                0.2,
                3.52,
                2.12
            ]
        },
        "collider2": {
            "type": "Cylinder",
            "collider2origin": [
                [
                    0.3354189989234061,
                    -0.33666467021928387,
                    -0.8798585085042714,
                    0.9426873663394904
                ],
                [
                    0.9261937350320741,
                    -0.05288912771334731,
                    0.37332011110715296,
                    0.3942534921104275
                ],
                [
                    -0.1722186411180732,
                    -0.9401380962368572,
                    0.2940766900921969,
                    1.873816963198851
                ],
                [
                    0.0,
                    0.0,
                    0.0,
                    1.0
                ]
            ],
            "radius": 0.01271,
            "height": 0.05982
        },
        "distance": 0.0
    },
    {
        "case": 6,
        "collider1": {
            "type": "Box",
            "collider2origin": [
                [
                    1.0,
                    0.0,
                    0.0,
                    0.9679999999999999
                ],
                [
                    0.0,
                    1.0,
                    0.0,
                    -0.23500000000000004
                ],
                [
                    0.0,
                    0.0,
                    1.0,
                    1.92
                ],
                [
                    0.0,
                    0.0,
                    0.0,
                    1.0
                ]
            ],
            "size": [
                0.2,
                3.52,
                2.12
            ]
        },
        "collider2": {
            "type": "Sphere",
            "collider2origin": [
                [
                    1.0,
                    0.0,
                    0.0,
                    0.9646347098292145
                ],
                [
                    0.0,
                    1.0,
                    0.0,
                    0.3271604824876347
                ],
                [
                    0.0,
                    0.0,
                    1.0,
                    1.8663032343315022
                ],
                [
                    0.0,
                    0.0,
                    0.0,
                    1.0
                ]
            ],
            "radius": 0.00563
        },
        "distance": 0.0
    },
    {
        "case": 7,
        "collider1": {
            "type": "Box",
            "collider2origin": [
                [
                    1.0,
                    0.0,
                    0.0,
                    0.9679999999999999
                ],
                [
                    0.0,
                    1.0,
                    0.0,
                    -0.23500000000000004
                ],
                [
                    0.0,
                    0.0,
                    1.0,
                    1.92
                ],
                [
                    0.0,
                    0.0,
                    0.0,
                    1.0
                ]
            ],
            "size": [
                0.2,
                3.52,
                2.12
            ]
        },
        "collider2": {
            "type": "Cylinder",
            "collider2origin": [
                [
                    0.34736548797697103,
                    -0.2808729111700784,
                    -0.8946773862870159,
                    0.9546618355443051
                ],
                [
                    0.9108996348548793,
                    -0.12552615908326953,
                    0.3930712894718327,
                    0.3873894251444669
                ],
                [
                    -0.22270849329059797,
                    -0.9515007047588805,
                    0.21224357672161628,
                    1.8683902909266612
                ],
                [
                    0.0,
                    0.0,
                    0.0,
                    1.0
                ]
            ],
            "radius": 0.01169,
            "height": 0.05502
        },
        "distance": 0.0
    },
    {
        "case": 8,
        "collider1": {
            "type": "Box",
            "collider2origin": [
                [
                    1.0,
                    0.0,
                    0.0,
                    0.9679999999999999
                ],
                [
                    0.0,
                    1.0,
                    0.0,
                    -0.23500000000000004
                ],
                [
                    0.0,
                    0.0,
                    1.0,
                    1.92
                ],
                [
                    0.0,
                    0.0,
                    0.0,
                    1.0
                ]
            ],
            "size": [
                0.2,
                3.52,
                2.12
            ]
        },
        "collider2": {
            "type": "Box",
            "collider2origin": [
                [
                    0.4325980168762106,
                    -0.4063051704668761,
                    0.8048447454302305,
                    0.6535267075488232
                ],
                [
                    0.1923584387686038,
                    0.9137374395569777,
                    0.3578856278007872,
                    0.34335410395286015
                ],
                [
                    -0.8808275579415502,
                    -1.9341730446334465e-06,
                    0.47343723255251463,
                    1.6271530046626883
                ],
                [
                    0.0,
                    0.0,
                    0.0,
                    1.0
                ]
            ],
            "size": [
                0.1202,
                0.13634,
                0.67816
            ]
        },
        "distance": 0.0
    },
    {
        "case": 9,
        "collider1": {
            "type": "Box",
            "collider2origin": [
                [
                    1.0,
                    0.0,
                    0.0,
                    0.9679999999999999
                ],
                [
                    0.0,
                    1.0,
                    0.0,
                    -0.23500000000000004
                ],
                [
                    0.0,
                    0.0,
                    1.0,
                    1.92
                ],
                [
                    0.0,
                    0.0,
                    0.0,
                    1.0
                ]
            ],
            "size": [
                0.2,
                3.52,
                2.12
            ]
        },
        "collider2": {
            "type": "Sphere",
            "collider2origin": [
                [
                    1.0,
                    0.0,
                    0.0,
                    0.9478049681357773
                ],
                [
                    0.0,
                    1.0,
                    0.0,
                    0.29245500129965907
                ],
                [
                    0.0,
                    0.0,
                    1.0,
                    1.8823437051863816
                ],
                [
                    0.0,
                    0.0,
                    0.0,
                    1.0
                ]
            ],
            "radius": 0.00487
        },
        "distance": 0.0
    },
    {
        "case": 10,
        "collider1": {
            "type": "Box",
            "collider2origin": [
                [
                    1.0,
                    0.0,
                    0.0,
                    0.9679999999999999
                ],
                [
                    0.0,
                    1.0,
                    0.0,
                    -0.23500000000000004
                ],
                [
                    0.0,
                    0.0,
                    1.0,
                    1.92
                ],
                [
                    0.0,
                    0.0,
                    0.0,
                    1.0
                ]
            ],
            "size": [
                0.2,
                3.52,
                2.12
            ]
        },
        "collider2": {
            "type": "Cylinder",
            "collider2origin": [
                [
                    0.6668821347738779,
                    -0.4974381619888027,
                    -0.5548184327477202,
                    0.9541196487073632
                ],
                [
                    0.6301994017646337,
                    0.7738156869843222,
                    0.0637024064889113,
                    0.3270220976370599
                ],
                [
                    0.3976391986901344,
                    -0.3921282412351635,
                    0.8295290893578623,
                    1.8841572909920168
                ],
                [
                    0.0,
                    0.0,
                    0.0,
                    1.0
                ]
            ],
            "radius": 0.00813,
            "height": 0.03824
        },
        "distance": 0.0
    },
    {
        "case": 11,
        "collider1": {
            "type": "Box",
            "collider2origin": [
                [
                    1.0,
                    0.0,
                    0.0,
                    0.9679999999999999
                ],
                [
                    0.0,
                    1.0,
                    0.0,
                    -0.23500000000000004
                ],
                [
                    0.0,
                    0.0,
                    1.0,
                    1.92
                ],
                [
                    0.0,
                    0.0,
                    0.0,
                    1.0
                ]
            ],
            "size": [
                0.2,
                3.52,
                2.12
            ]
        },
        "collider2": {
            "type": "Box",
            "collider2origin": [
                [
                    -0.5521490151814686,
                    0.6098150995248031,
                    -0.5685569535461586,
                    0.779118299539196
                ],
                [
                    -0.5881338684230971,
                    -0.7682323638578741,
                    -0.25281927919964103,
                    0.5236059772862558
                ],
                [
                    -0.5909568663175149,
                    0.19479368447898296,
                    0.7828316566409951,
                    1.853312421720999
                ],
                [
                    0.0,
                    0.0,
                    0.0,
                    1.0
                ]
            ],
            "size": [
                0.09126,
                0.11887,
                0.10009
            ]
        },
        "distance": 0.0
    },
    {
        "case": 12,
        "collider1": {
            "type": "Box",
            "collider2origin": [
                [
                    1.0,
                    0.0,
                    0.0,
                    0.9679999999999999
                ],
                [
                    0.0,
                    1.0,
                    0.0,
                    -0.23500000000000004
                ],
                [
                    0.0,
                    0.0,
                    1.0,
                    1.92
                ],
                [
                    0.0,
                    0.0,
                    0.0,
                    1.0
                ]
            ],
            "size": [
                0.2,
                3.52,
                2.12
            ]
        },
        "collider2": {
            "type": "Box",
            "collider2origin": [
                [
                    0.7153006357856584,
                    -0.4063102152530057,
                    -0.5685569535461586,
                    0.8414746242746585
                ],
                [
                    0.3180729524567504,
                    0.9137351963125968,
                    -0.25281927919964103,
                    0.5492398900627979
                ],
                [
                    0.6222335553151072,
                    -7.97703867116999e-07,
                    0.7828316566409951,
                    1.7671941414613697
                ],
                [
                    0.0,
                    0.0,
                    0.0,
                    1.0
                ]
            ],
            "size": [
                0.09102,
                0.10007,
                0.11882
            ]
        },
        "distance": 0.0
    },
    {
        "case": 13,
        "collider1": {
            "type": "Box",
            "collider2origin": [
                [
                    1.0,
                    0.0,
                    0.0,
                    0.9679999999999999
                ],
                [
                    0.0,
                    1.0,
                    0.0,
                    -0.23500000000000004
                ],
                [
                    0.0,
                    0.0,
                    1.0,
                    1.92
                ],
                [
                    0.0,
                    0.0,
                    0.0,
                    1.0
                ]
            ],
            "size": [
                0.2,
                3.52,
                2.12
            ]
        },
        "collider2": {
            "type": "Cylinder",
            "collider2origin": [
                [
                    0.5765121499339131,
                    0.5143205917454239,
                    -0.6349079223676566,
                    0.9471303089283435
                ],
                [
                    0.7613920681855699,
                    -0.056180316368393164,
                    0.6458528397064203,
                    0.330055197932776
                ],
                [
                    0.2965060867548545,
                    -0.8557558652789844,
                    -0.42398825403298435,
                    1.9769729910516092
                ],
                [
                    0.0,
                    0.0,
                    0.0,
                    1.0
                ]
            ],
            "radius": 0.00796,
            "height": 0.03037
        },
        "distance": 0.0
    },
    {
        "case": 14,
        "collider1": {
            "type": "Box",
            "collider2origin": [
                [
                    1.0,
                    0.0,
                    0.0,
                    0.9679999999999999
                ],
                [
                    0.0,
                    1.0,
                    0.0,
                    -0.23500000000000004
                ],
                [
                    0.0,
                    0.0,
                    1.0,
                    1.92
                ],
                [
                    0.0,
                    0.0,
                    0.0,
                    1.0
                ]
            ],
            "size": [
                0.2,
                3.52,
                2.12
            ]
        },
        "collider2": {
            "type": "Cylinder",
            "collider2origin": [
                [
                    0.6668821347738779,
                    -0.15682410744268524,
                    -0.7284740336101487,
                    0.9346269197405831
                ],
                [
                    0.6301994017646337,
                    0.6403717816610033,
                    0.43905887448929787,
                    0.334296742564345
                ],
                [
                    0.3976391986901344,
                    -0.7518844196930244,
                    0.525882959495695,
                    1.9053193031508258
                ],
                [
                    0.0,
                    0.0,
                    0.0,
                    1.0
                ]
            ],
            "radius": 0.00683,
            "height": 0.01183
        },
        "distance": 0.0
    },
    {
        "case": 15,
        "collider1": {
            "type": "Box",
            "collider2origin": [
                [
                    1.0,
                    0.0,
                    0.0,
                    0.9679999999999999
                ],
                [
                    0.0,
                    1.0,
                    0.0,
                    -0.23500000000000004
                ],
                [
                    0.0,
                    0.0,
                    1.0,
                    1.92
                ],
                [
                    0.0,
                    0.0,
                    0.0,
                    1.0
                ]
            ],
            "size": [
                0.2,
                3.52,
                2.12
            ]
        },
        "collider2": {
            "type": "Sphere",
            "collider2origin": [
                [
                    1.0,
                    0.0,
                    0.0,
                    0.9215253301371782
                ],
                [
                    0.0,
                    1.0,
                    0.0,
                    0.2922439702362607
                ],
                [
                    0.0,
                    0.0,
                    1.0,
                    1.8711584012097449
                ],
                [
                    0.0,
                    0.0,
                    0.0,
                    1.0
                ]
            ],
            "radius": 0.00484
        },
        "distance": 0.0
    },
    {
        "case": 16,
        "collider1": {
            "type": "Box",
            "collider2origin": [
                [
                    1.0,
                    0.0,
                    0.0,
                    0.9679999999999999
                ],
                [
                    0.0,
                    1.0,
                    0.0,
                    -0.23500000000000004
                ],
                [
                    0.0,
                    0.0,
                    1.0,
                    1.92
                ],
                [
                    0.0,
                    0.0,
                    0.0,
                    1.0
                ]
            ],
            "size": [
                0.2,
                3.52,
                2.12
            ]
        },
        "collider2": {
            "type": "Cylinder",
            "collider2origin": [
                [
                    0.6668821347738779,
                    -0.15682410744268524,
                    -0.7284740336101487,
                    0.9227374007874745
                ],
                [
                    0.6301994017646337,
                    0.6403717816610033,
                    0.43905887448929787,
                    0.34146551366492994
                ],
                [
                    0.3976391986901344,
                    -0.7518844196930244,
                    0.525882959495695,
                    1.9138978146750407
                ],
                [
                    0.0,
                    0.0,
                    0.0,
                    1.0
                ]
            ],
            "radius": 0.00683,
            "height": 0.01782
        },
        "distance": 0.0
    },
    {
        "case": 17,
        "collider1": {
            "type": "Box",
            "collider2origin": [
                [
                    1.0,
                    0.0,
                    0.0,
                    0.9679999999999999
                ],
                [
                    0.0,
                    1.0,
                    0.0,
                    -0.23500000000000004
                ],
                [
                    0.0,
                    0.0,
                    1.0,
                    1.92
                ],
                [
                    0.0,
                    0.0,
                    0.0,
                    1.0
                ]
            ],
            "size": [
                0.2,
                3.52,
                2.12
            ]
        },
        "collider2": {
            "type": "Cylinder",
            "collider2origin": [
                [
                    0.5765121499339131,
                    0.7614790511295579,
                    -0.29628262802500815,
                    0.9330518262740597
                ],
                [
                    0.7613920681855699,
                    -0.36906909552529027,
                    0.5329822897923007,
                    0.34688358443591033
                ],
                [
                    0.2965060867548545,
                    -0.5328580086842761,
                    -0.7925569273549691,
                    1.9611449357745336
                ],
                [
                    0.0,
                    0.0,
                    0.0,
                    1.0
                ]
            ],
            "radius": 0.00713,
            "height": 0.01426
        },
        "distance": 0.0
    },
    {
        "case": 18,
        "collider1": {
            "type": "Box",
            "collider2origin": [
                [
                    1.0,
                    0.0,
                    0.0,
                    0.9679999999999999
                ],
                [
                    0.0,
                    1.0,
                    0.0,
                    -0.23500000000000004
                ],
                [
                    0.0,
                    0.0,
                    1.0,
                    1.92
                ],
                [
                    0.0,
                    0.0,
                    0.0,
                    1.0
                ]
            ],
            "size": [
                0.2,
                3.52,
                2.12
            ]
        },
        "collider2": {
            "type": "Box",
            "collider2origin": [
                [
                    -0.4282362479993024,
                    0.6098196375513204,
                    0.6668835922080073,
                    0.823189302797877
                ],
                [
                    -0.11258495729788796,
                    -0.7682291203568423,
                    0.6301973072189254,
                    0.46591816299866556
                ],
                [
                    0.896626088896432,
                    0.19479226959129567,
                    0.3976400739585477,
                    1.8712143882757837
                ],
                [
                    0.0,
                    0.0,
                    0.0,
                    1.0
                ]
            ],
            "size": [
                0.08993,
                0.0305,
                0.09007
            ]
        },
        "distance": 0.0
    },
    {
        "case": 19,
        "collider1": {
            "type": "Box",
            "collider2origin": [
                [
                    1.0,
                    0.0,
                    0.0,
                    0.9679999999999999
                ],
                [
                    0.0,
                    1.0,
                    0.0,
                    -0.23500000000000004
                ],
                [
                    0.0,
                    0.0,
                    1.0,
                    1.92
                ],
                [
                    0.0,
                    0.0,
                    0.0,
                    1.0
                ]
            ],
            "size": [
                0.2,
                3.52,
                2.12
            ]
        },
        "collider2": {
            "type": "Box",
            "collider2origin": [
                [
                    0.7900121213667735,
                    0.44378743776200225,
                    0.4230053878831889,
                    0.8719470949685804
                ],
                [
                    0.5604540815423145,
                    -0.8024550423811644,
                    -0.20483439027566555,
                    0.40126917519291483
                ],
                [
                    0.24853987723528584,
                    0.3988967473440712,
                    -0.8826716911639277,
                    1.8927307682303538
                ],
                [
                    0.0,
                    0.0,
                    0.0,
                    1.0
                ]
            ],
            "size": [
                0.06241,
                0.05638,
                0.02858
            ]
        },
        "distance": 0.0
    },
    {
        "case": 20,
        "collider1": {
            "type": "Box",
            "collider2origin": [
                [
                    1.0,
                    0.0,
                    0.0,
                    0.9679999999999999
                ],
                [
                    0.0,
                    1.0,
                    0.0,
                    -0.23500000000000004
                ],
                [
                    0.0,
                    0.0,
                    1.0,
                    1.92
                ],
                [
                    0.0,
                    0.0,
                    0.0,
                    1.0
                ]
            ],
            "size": [
                0.2,
                3.52,
                2.12
            ]
        },
        "collider2": {
            "type": "Cylinder",
            "collider2origin": [
                [
                    0.8001670478626847,
                    0.03321752065672178,
                    -0.5988566538297257,
                    0.9136023470958762
                ],
                [
                    0.3153346871662947,
                    0.8260325506265351,
                    0.4671554991383015,
                    0.2982043788464398
                ],
                [
                    0.5101928366651683,
                    -0.5626427122311639,
                    0.6504893909885905,
                    1.8817419057770866
                ],
                [
                    0.0,
                    0.0,
                    0.0,
                    1.0
                ]
            ],
            "radius": 0.0076,
            "height": 0.02993
        },
        "distance": 0.0
    },
    {
        "case": 21,
        "collider1": {
            "type": "Box",
            "collider2origin": [
                [
                    1.0,
                    0.0,
                    0.0,
                    0.9679999999999999
                ],
                [
                    0.0,
                    1.0,
                    0.0,
                    -0.23500000000000004
                ],
                [
                    0.0,
                    0.0,
                    1.0,
                    1.92
                ],
                [
                    0.0,
                    0.0,
                    0.0,
                    1.0
                ]
            ],
            "size": [
                0.2,
                3.52,
                2.12
            ]
        },
        "collider2": {
            "type": "Box",
            "collider2origin": [
                [
                    0.6838359421284508,
                    0.4437869968925685,
                    0.5791558560891614,
                    0.8945613397938023
                ],
                [
                    0.5909354827962662,
                    -0.8024528934622818,
                    -0.08285293565321371,
                    0.3614036452193541
                ],
                [
                    0.42797623698709947,
                    0.3989015607428566,
                    -0.8109956136818955,
                    1.9157466573270638
                ],
                [
                    0.0,
                    0.0,
                    0.0,
                    1.0
                ]
            ],
            "size": [
                0.07264,
                0.04753,
                0.03326
            ]
        },
        "distance": 0.0
    },
    {
        "case": 22,
        "collider1": {
            "type": "Box",
            "collider2origin": [
                [
                    1.0,
                    0.0,
                    0.0,
                    0.9679999999999999
                ],
                [
                    0.0,
                    1.0,
                    0.0,
                    -0.23500000000000004
                ],
                [
                    0.0,
                    0.0,
                    1.0,
                    1.92
                ],
                [
                    0.0,
                    0.0,
                    0.0,
                    1.0
                ]
            ],
            "size": [
                0.2,
                3.52,
                2.12
            ]
        },
        "collider2": {
            "type": "Cylinder",
            "collider2origin": [
                [
                    0.5513040887917257,
                    0.7728171716082425,
                    -0.3143523833995242,
                    0.928529085759587
                ],
                [
                    0.7809080367513656,
                    -0.34536107069762156,
                    0.5204885867948688,
                    0.3552469445908549
                ],
                [
                    0.29367744179397287,
                    -0.5324277886380732,
                    -0.7938981106334224,
                    1.9489211399363056
                ],
                [
                    0.0,
                    0.0,
                    0.0,
                    1.0
                ]
            ],
            "radius": 0.00713,
            "height": 0.01697
        },
        "distance": 0.0
    }
]