[
    {
        "case": 0,
        "collider1": {
            "type": "Box",
            "collider2origin": [
                [
                    1.0,
                    0.0,
                    0.0,
                    0.44799999999999995
                ],
                [
                    0.0,
                    1.0,
                    0.0,
                    0.595
                ],
                [
                    0.0,
                    0.0,
                    1.0,
                    0.75
                ],
                [
                    0.0,
                    0.0,
                    0.0,
                    1.0
                ]
            ],
            "size": [
                0.82,
                0.7,
                0.06
            ]
        },
        "collider2": {
            "type": "Box",
            "collider2origin": [
                [
                    -0.3128287573138091,
                    0.9484801914340426,
                    -0.05023440110859988,
                    0.15051093476843955
                ],
                [
                    0.9364864778893714,
                    0.3168364347797651,
                    0.15035873877632558,
                    0.10031137818100141
                ],
                [
                    0.15852837388889598,
                    -7.299960405053196e-06,
                    -0.9873544219877949,
                    0.8311069743856911
                ],
                [
                    0.0,
                    0.0,
                    0.0,
                    1.0
                ]
            ],
            "size": [
                0.15068,
                0.17726,
                0.74884
            ]
        },
        "distance": 0.0270026276630915
    },
    {
        "case": 1,
        "collider1": {
            "type": "Box",
            "collider2origin": [
                [
                    1.0,
                    0.0,
                    0.0,
                    -0.01200000000000001
                ],
                [
                    0.0,
                    1.0,
                    0.0,
                    0.15750000000000003
                ],
                [
                    0.0,
                    0.0,
                    1.0,
                    0.335
                ],
                [
                    0.0,
                    0.0,
                    0.0,
                    1.0
                ]
            ],
            "size": [
                1.6,
                1.586,
                0.76
            ]
        },
        "collider2": {
            "type": "Box",
            "collider2origin": [
                [
                    -0.3128287573138091,
                    0.9484801914340426,
                    -0.05023440110859988,
                    0.15051093476843955
                ],
                [
                    0.9364864778893714,
                    0.3168364347797651,
                    0.15035873877632558,
                    0.10031137818100141
                ],
                [
                    0.15852837388889598,
                    -7.299960405053196e-06,
                    -0.9873544219877949,
                    0.8311069743856911
                ],
                [
                    0.0,
                    0.0,
                    0.0,
                    1.0
                ]
            ],
            "size": [
                0.15068,
                0.17726,
                0.74884
            ]
        },
        "distance": 0.0
    },
    {
        "case": 2,
        "collider1": {
            "type": "Box",
            "collider2origin": [
                [
                    1.0,
                    0.0,
                    0.0,
                    0.07799999999999999
                ],
                [
                    0.0,
                    1.0,
                    0.0,
                    -0.315
                ],
                [
                    0.0,
                    0.0,
                    1.0,
                    0.75
                ],
                [
                    0.0,
                    0.0,
                    0.0,
                    1.0
                ]
            ],
            "size": [
                1.76,
                0.64,
                0.06
            ]
        },
        "collider2": {
            "type": "Box",
            "collider2origin": [
                [
                    -0.3128287573138091,
                    0.9484801914340426,
                    -0.05023440110859988,
                    0.15051093476843955
                ],
                [
                    0.9364864778893714,
                    0.3168364347797651,
                    0.15035873877632558,
                    0.10031137818100141
                ],
                [
                    0.15852837388889598,
                    -7.299960405053196e-06,
                    -0.9873544219877949,
                    0.8311069743856911
                ],
                [
                    0.0,
                    0.0,
                    0.0,
                    1.0
                ]
            ],
            "size": [
                0.15068,
                0.17726,
                0.74884
            ]
        },
        "distance": 0.002609274866433043
    },
    {
        "case": 3,
        "collider1": {
            "type": "Box",
            "collider2origin": [
                [
                    1.0,
                    0.0,
                    0.0,
                    -0.362
                ],
                [
                    0.0,
                    1.0,
                    0.0,
                    0.35500000000000004
                ],
                [
                    0.0,
                    0.0,
                    1.0,
                    0.75
                ],
                [
                    0.0,
                    0.0,
                    0.0,
                    1.0
                ]
            ],
            "size": [
                0.8,
                0.22,
                0.06
            ]
        },
        "collider2": {
            "type": "Box",
            "collider2origin": [
                [
                    -0.3128287573138091,
                    0.9484801914340426,
                    -0.05023440110859988,
                    0.15051093476843955
                ],
                [
                    0.9364864778893714,
                    0.3168364347797651,
                    0.15035873877632558,
                    0.10031137818100141
                ],
                [
                    0.15852837388889598,
                    -7.299960405053196e-06,
                    -0.9873544219877949,
                    0.8311069743856911
                ],
                [
                    0.0,
                    0.0,
                    0.0,
                    1.0
                ]
            ],
            "size": [
                0.15068,
                0.17726,
                0.74884
            ]
        },
        "distance": 0.07774198576868842
    },
    {
        "case": 4,
        "collider1": {
            "type": "Box",
            "collider2origin": [
                [
                    1.0,
                    0.0,
                    0.0,
                    0.44799999999999995
                ],
                [
                    0.0,
                    1.0,
                    0.0,
                    0.595
                ],
                [
                    0.0,
                    0.0,
                    1.0,
                    0.75
                ],
                [
                    0.0,
                    0.0,
                    0.0,
                    1.0
                ]
            ],
            "size": [
                0.82,
                0.7,
                0.06
            ]
        },
        "collider2": {
            "type": "Box",
            "collider2origin": [
                [
                    -0.3128287573138091,
                    0.9484801914340426,
                    -0.05023440110859988,
                    0.15051093476843955
                ],
                [
                    0.9364864778893714,
                    0.3168364347797651,
                    0.15035873877632558,
                    0.10031137818100141
                ],
                [
                    0.15852837388889598,
                    -7.299960405053196e-06,
                    -0.9873544219877949,
                    0.8311069743856911
                ],
                [
                    0.0,
                    0.0,
                    0.0,
                    1.0
                ]
            ],
            "size": [
                0.15068,
                0.17726,
                0.74884
            ]
        },
        "distance": 0.0270026276630915
    },
    {
        "case": 5,
        "collider1": {
            "type": "Box",
            "collider2origin": [
                [
                    1.0,
                    0.0,
                    0.0,
                    -0.01200000000000001
                ],
                [
                    0.0,
                    1.0,
                    0.0,
                    0.15750000000000003
                ],
                [
                    0.0,
                    0.0,
                    1.0,
                    0.335
                ],
                [
                    0.0,
                    0.0,
                    0.0,
                    1.0
                ]
            ],
            "size": [
                1.6,
                1.586,
                0.76
            ]
        },
        "collider2": {
            "type": "Box",
            "collider2origin": [
                [
                    -0.3128287573138091,
                    0.9484801914340426,
                    -0.05023440110859988,
                    0.15051093476843955
                ],
                [
                    0.9364864778893714,
                    0.3168364347797651,
                    0.15035873877632558,
                    0.10031137818100141
                ],
                [
                    0.15852837388889598,
                    -7.299960405053196e-06,
                    -0.9873544219877949,
                    0.8311069743856911
                ],
                [
                    0.0,
                    0.0,
                    0.0,
                    1.0
                ]
            ],
            "size": [
                0.15068,
                0.17726,
                0.74884
            ]
        },
        "distance": 0.0
    },
    {
        "case": 6,
        "collider1": {
            "type": "Box",
            "collider2origin": [
                [
                    1.0,
                    0.0,
                    0.0,
                    0.07799999999999999
                ],
                [
                    0.0,
                    1.0,
                    0.0,
                    -0.315
                ],
                [
                    0.0,
                    0.0,
                    1.0,
                    0.75
                ],
                [
                    0.0,
                    0.0,
                    0.0,
                    1.0
                ]
            ],
            "size": [
                1.76,
                0.64,
                0.06
            ]
        },
        "collider2": {
            "type": "Box",
            "collider2origin": [
                [
                    -0.3128287573138091,
                    0.9484801914340426,
                    -0.05023440110859988,
                    0.15051093476843955
                ],
                [
                    0.9364864778893714,
                    0.3168364347797651,
                    0.15035873877632558,
                    0.10031137818100141
                ],
                [
                    0.15852837388889598,
                    -7.299960405053196e-06,
                    -0.9873544219877949,
                    0.8311069743856911
                ],
                [
                    0.0,
                    0.0,
                    0.0,
                    1.0
                ]
            ],
            "size": [
                0.15068,
                0.17726,
                0.74884
            ]
        },
        "distance": 0.002609274866433043
    },
    {
        "case": 7,
        "collider1": {
            "type": "Box",
            "collider2origin": [
                [
                    1.0,
                    0.0,
                    0.0,
                    -0.362
                ],
                [
                    0.0,
                    1.0,
                    0.0,
                    0.35500000000000004
                ],
                [
                    0.0,
                    0.0,
                    1.0,
                    0.75
                ],
                [
                    0.0,
                    0.0,
                    0.0,
                    1.0
                ]
            ],
            "size": [
                0.8,
                0.22,
                0.06
            ]
        },
        "collider2": {
            "type": "Box",
            "collider2origin": [
                [
                    -0.3128287573138091,
                    0.9484801914340426,
                    -0.05023440110859988,
                    0.15051093476843955
                ],
                [
                    0.9364864778893714,
                    0.3168364347797651,
                    0.15035873877632558,
                    0.10031137818100141
                ],
                [
                    0.15852837388889598,
                    -7.299960405053196e-06,
                    -0.9873544219877949,
                    0.8311069743856911
                ],
                [
                    0.0,
                    0.0,
                    0.0,
                    1.0
                ]
            ],
            "size": [
                0.15068,
                0.17726,
                0.74884
            ]
        },
        "distance": 0.07774198576868842
    },
    {
        "case": 8,
        "collider1": {
            "type": "Box",
            "collider2origin": [
                [
                    1.0,
                    0.0,
                    0.0,
                    0.44799999999999995
                ],
                [
                    0.0,
                    1.0,
                    0.0,
                    0.595
                ],
                [
                    0.0,
                    0.0,
                    1.0,
                    0.75
                ],
                [
                    0.0,
                    0.0,
                    0.0,
                    1.0
                ]
            ],
            "size": [
                0.82,
                0.7,
                0.06
            ]
        },
        "collider2": {
            "type": "Box",
            "collider2origin": [
                [
                    0.3097171065728044,
                    0.9484801306260129,
                    -0.06678888907469181,
                    -0.003772591378897366
                ],
                [
                    -0.9271671537706087,
                    0.31683661689844894,
                    0.19993905861850456,
                    0.16341904093692322
                ],
                [
                    0.2107993900965524,
                    -8.253933063660555e-08,
                    0.9775293433625991,
                    0.7971141870430595
                ],
                [
                    0.0,
                    0.0,
                    0.0,
                    1.0
                ]
            ],
            "size": [
                0.1202,
                0.13634,
                0.67816
            ]
        },
        "distance": 0.005063811621177732
    },
    {
        "case": 9,
        "collider1": {
            "type": "Box",
            "collider2origin": [
                [
                    1.0,
                    0.0,
                    0.0,
                    -0.01200000000000001
                ],
                [
                    0.0,
                    1.0,
                    0.0,
                    0.15750000000000003
                ],
                [
                    0.0,
                    0.0,
                    1.0,
                    0.335
                ],
                [
                    0.0,
                    0.0,
                    0.0,
                    1.0
                ]
            ],
            "size": [
                1.6,
                1.586,
                0.76
            ]
        },
        "collider2": {
            "type": "Box",
            "collider2origin": [
                [
                    0.3097171065728044,
                    0.9484801306260129,
                    -0.06678888907469181,
                    -0.003772591378897366
                ],
                [
                    -0.9271671537706087,
                    0.31683661689844894,
                    0.19993905861850456,
                    0.16341904093692322
                ],
                [
                    0.2107993900965524,
                    -8.253933063660555e-08,
                    0.9775293433625991,
                    0.7971141870430595
                ],
                [
                    0.0,
                    0.0,
                    0.0,
                    1.0
                ]
            ],
            "size": [
                0.1202,
                0.13634,
                0.67816
            ]
        },
        "distance": 0.0
    },
    {
        "case": 10,
        "collider1": {
            "type": "Box",
            "collider2origin": [
                [
                    1.0,
                    0.0,
                    0.0,
                    -0.362
                ],
                [
                    0.0,
                    1.0,
                    0.0,
                    0.35500000000000004
                ],
                [
                    0.0,
                    0.0,
                    1.0,
                    0.75
                ],
                [
                    0.0,
                    0.0,
                    0.0,
                    1.0
                ]
            ],
            "size": [
                0.8,
                0.22,
                0.06
            ]
        },
        "collider2": {
            "type": "Box",
            "collider2origin": [
                [
                    0.3097171065728044,
                    0.9484801306260129,
                    -0.06678888907469181,
                    -0.003772591378897366
                ],
                [
                    -0.9271671537706087,
                    0.31683661689844894,
                    0.19993905861850456,
                    0.16341904093692322
                ],
                [
                    0.2107993900965524,
                    -8.253933063660555e-08,
                    0.9775293433625991,
                    0.7971141870430595
                ],
                [
                    0.0,
                    0.0,
                    0.0,
                    1.0
                ]
            ],
            "size": [
                0.1202,
                0.13634,
                0.67816
            ]
        },
        "distance": 0.006209159671144583
    }
]