[
    {
        "case": 0,
        "collider1": {
            "type": "Box",
            "collider2origin": [
                [
                    1.0,
                    0.0,
                    0.0,
                    -0.01200000000000001
                ],
                [
                    0.0,
                    1.0,
                    0.0,
                    0.15750000000000003
                ],
                [
                    0.0,
                    0.0,
                    1.0,
                    0.335
                ],
                [
                    0.0,
                    0.0,
                    0.0,
                    1.0
                ]
            ],
            "size": [
                1.6,
                1.586,
                0.76
            ]
        },
        "collider2": {
            "type": "Cylinder",
            "collider2origin": [
                [
                    0.7845462939232227,
                    -0.41831415008922673,
                    0.4577121197067688,
                    -0.02637198263649368
                ],
                [
                    -0.29190475369264,
                    -0.9004124740258759,
                    -0.3225662589147237,
                    0.8552410828143711
                ],
                [
                    0.5470637325421737,
                    0.11945981941108458,
                    -0.8285231584471827,
                    0.1658948496902546
                ],
                [
                    0.0,
                    0.0,
                    0.0,
                    1.0
                ]
            ],
            "radius": 0.00783,
            "height": 0.03044
        },
        "distance": 0.0
    },
    {
        "case": 1,
        "collider1": {
            "type": "Box",
            "collider2origin": [
                [
                    1.0,
                    0.0,
                    0.0,
                    -0.01200000000000001
                ],
                [
                    0.0,
                    1.0,
                    0.0,
                    0.15750000000000003
                ],
                [
                    0.0,
                    0.0,
                    1.0,
                    0.335
                ],
                [
                    0.0,
                    0.0,
                    0.0,
                    1.0
                ]
            ],
            "size": [
                1.6,
                1.586,
                0.76
            ]
        },
        "collider2": {
            "type": "Sphere",
            "collider2origin": [
                [
                    1.0,
                    0.0,
                    0.0,
                    -0.006273290753465041
                ],
                [
                    0.0,
                    1.0,
                    0.0,
                    0.8334186034718368
                ],
                [
                    0.0,
                    0.0,
                    1.0,
                    0.24255176268481404
                ],
                [
                    0.0,
                    0.0,
                    0.0,
                    1.0
                ]
            ],
            "radius": 0.00663
        },
        "distance": 0.0
    },
    {
        "case": 2,
        "collider1": {
            "type": "Box",
            "collider2origin": [
                [
                    1.0,
                    0.0,
                    0.0,
                    -0.01200000000000001
                ],
                [
                    0.0,
                    1.0,
                    0.0,
                    0.15750000000000003
                ],
                [
                    0.0,
                    0.0,
                    1.0,
                    0.335
                ],
                [
                    0.0,
                    0.0,
                    0.0,
                    1.0
                ]
            ],
            "size": [
                1.6,
                1.586,
                0.76
            ]
        },
        "collider2": {
            "type": "Box",
            "collider2origin": [
                [
                    0.5664807686407134,
                    0.4225298114978362,
                    -0.7075083724987494,
                    -0.021950623362975305
                ],
                [
                    -0.5849752262012998,
                    0.8108952691861394,
                    0.015901167953230513,
                    0.7798170540660211
                ],
                [
                    0.5804339096666948,
                    0.4048671643973384,
                    0.7065260474334216,
                    0.12720434976896255
                ],
                [
                    0.0,
                    0.0,
                    0.0,
                    1.0
                ]
            ],
            "size": [
                0.06241,
                0.05638,
                0.02858
            ]
        },
        "distance": 0.0
    },
    {
        "case": 3,
        "collider1": {
            "type": "Box",
            "collider2origin": [
                [
                    1.0,
                    0.0,
                    0.0,
                    -0.01200000000000001
                ],
                [
                    0.0,
                    1.0,
                    0.0,
                    0.15750000000000003
                ],
                [
                    0.0,
                    0.0,
                    1.0,
                    0.335
                ],
                [
                    0.0,
                    0.0,
                    0.0,
                    1.0
                ]
            ],
            "size": [
                1.6,
                1.586,
                0.76
            ]
        },
        "collider2": {
            "type": "Cylinder",
            "collider2origin": [
                [
                    0.6729766188151876,
                    -0.47775259966929173,
                    0.5646724041754748,
                    -0.007043114858768331
                ],
                [
                    -0.6172298691772589,
                    -0.7834079257596641,
                    0.07279636290614848,
                    0.8289775763887055
                ],
                [
                    0.4075901852639498,
                    -0.39752292432785963,
                    -0.8220983916237309,
                    0.18832130909502298
                ],
                [
                    0.0,
                    0.0,
                    0.0,
                    1.0
                ]
            ],
            "radius": 0.00683,
            "height": 0.01183
        },
        "distance": 0.0
    },
    {
        "case": 4,
        "collider1": {
            "type": "Box",
            "collider2origin": [
                [
                    1.0,
                    0.0,
                    0.0,
                    0.44799999999999995
                ],
                [
                    0.0,
                    1.0,
                    0.0,
                    0.595
                ],
                [
                    0.0,
                    0.0,
                    1.0,
                    0.75
                ],
                [
                    0.0,
                    0.0,
                    0.0,
                    1.0
                ]
            ],
            "size": [
                0.82,
                0.7,
                0.06
            ]
        },
        "collider2": {
            "type": "Box",
            "collider2origin": [
                [
                    -0.270580425534734,
                    0.936175295177685,
                    -0.22441490595862015,
                    0.09611023190358778
                ],
                [
                    0.720599442536959,
                    0.351533521384116,
                    0.5976291716095418,
                    0.24055622188092846
                ],
                [
                    0.6383750282810772,
                    -6.500564685374201e-06,
                    -0.7697254856277506,
                    0.896341670559791
                ],
                [
                    0.0,
                    0.0,
                    0.0,
                    1.0
                ]
            ],
            "size": [
                0.15068,
                0.17726,
                0.74884
            ]
        },
        "distance": 0.0
    },
    {
        "case": 5,
        "collider1": {
            "type": "Box",
            "collider2origin": [
                [
                    1.0,
                    0.0,
                    0.0,
                    -0.01200000000000001
                ],
                [
                    0.0,
                    1.0,
                    0.0,
                    0.15750000000000003
                ],
                [
                    0.0,
                    0.0,
                    1.0,
                    0.335
                ],
                [
                    0.0,
                    0.0,
                    0.0,
                    1.0
                ]
            ],
            "size": [
                1.6,
                1.586,
                0.76
            ]
        },
        "collider2": {
            "type": "Box",
            "collider2origin": [
                [
                    -0.270580425534734,
                    0.936175295177685,
                    -0.22441490595862015,
                    0.09611023190358778
                ],
                [
                    0.720599442536959,
                    0.351533521384116,
                    0.5976291716095418,
                    0.24055622188092846
                ],
                [
                    0.6383750282810772,
                    -6.500564685374201e-06,
                    -0.7697254856277506,
                    0.896341670559791
                ],
                [
                    0.0,
                    0.0,
                    0.0,
                    1.0
                ]
            ],
            "size": [
                0.15068,
                0.17726,
                0.74884
            ]
        },
        "distance": 0.0
    },
    {
        "case": 6,
        "collider1": {
            "type": "Box",
            "collider2origin": [
                [
                    1.0,
                    0.0,
                    0.0,
                    0.07799999999999999
                ],
                [
                    0.0,
                    1.0,
                    0.0,
                    -0.315
                ],
                [
                    0.0,
                    0.0,
                    1.0,
                    0.75
                ],
                [
                    0.0,
                    0.0,
                    0.0,
                    1.0
                ]
            ],
            "size": [
                1.76,
                0.64,
                0.06
            ]
        },
        "collider2": {
            "type": "Box",
            "collider2origin": [
                [
                    -0.270580425534734,
                    0.936175295177685,
                    -0.22441490595862015,
                    0.09611023190358778
                ],
                [
                    0.720599442536959,
                    0.351533521384116,
                    0.5976291716095418,
                    0.24055622188092846
                ],
                [
                    0.6383750282810772,
                    -6.500564685374201e-06,
                    -0.7697254856277506,
                    0.896341670559791
                ],
                [
                    0.0,
                    0.0,
                    0.0,
                    1.0
                ]
            ],
            "size": [
                0.15068,
                0.17726,
                0.74884
            ]
        },
        "distance": 0.16042157623415046
    },
    {
        "case": 7,
        "collider1": {
            "type": "Box",
            "collider2origin": [
                [
                    1.0,
                    0.0,
                    0.0,
                    -0.362
                ],
                [
                    0.0,
                    1.0,
                    0.0,
                    0.35500000000000004
                ],
                [
                    0.0,
                    0.0,
                    1.0,
                    0.75
                ],
                [
                    0.0,
                    0.0,
                    0.0,
                    1.0
                ]
            ],
            "size": [
                0.8,
                0.22,
                0.06
            ]
        },
        "collider2": {
            "type": "Box",
            "collider2origin": [
                [
                    -0.270580425534734,
                    0.936175295177685,
                    -0.22441490595862015,
                    0.09611023190358778
                ],
                [
                    0.720599442536959,
                    0.351533521384116,
                    0.5976291716095418,
                    0.24055622188092846
                ],
                [
                    0.6383750282810772,
                    -6.500564685374201e-06,
                    -0.7697254856277506,
                    0.896341670559791
                ],
                [
                    0.0,
                    0.0,
                    0.0,
                    1.0
                ]
            ],
            "size": [
                0.15068,
                0.17726,
                0.74884
            ]
        },
        "distance": 0.0
    },
    {
        "case": 8,
        "collider1": {
            "type": "Box",
            "collider2origin": [
                [
                    1.0,
                    0.0,
                    0.0,
                    -0.28465
                ],
                [
                    0.0,
                    1.0,
                    0.0,
                    0.4895
                ],
                [
                    0.0,
                    0.0,
                    1.0,
                    0.8
                ],
                [
                    0.0,
                    0.0,
                    0.0,
                    1.0
                ]
            ],
            "size": [
                0.54952,
                0.04,
                0.16125
            ]
        },
        "collider2": {
            "type": "Box",
            "collider2origin": [
                [
                    -0.270580425534734,
                    0.936175295177685,
                    -0.22441490595862015,
                    0.09611023190358778
                ],
                [
                    0.720599442536959,
                    0.351533521384116,
                    0.5976291716095418,
                    0.24055622188092846
                ],
                [
                    0.6383750282810772,
                    -6.500564685374201e-06,
                    -0.7697254856277506,
                    0.896341670559791
                ],
                [
                    0.0,
                    0.0,
                    0.0,
                    1.0
                ]
            ],
            "size": [
                0.15068,
                0.17726,
                0.74884
            ]
        },
        "distance": 0.0053472434167468365
    },
    {
        "case": 9,
        "collider1": {
            "type": "Box",
            "collider2origin": [
                [
                    1.0,
                    0.0,
                    0.0,
                    -0.28465
                ],
                [
                    0.0,
                    1.0,
                    0.0,
                    0.68909
                ],
                [
                    0.0,
                    0.0,
                    1.0,
                    0.74
                ],
                [
                    0.0,
                    0.0,
                    0.0,
                    1.0
                ]
            ],
            "size": [
                0.54952,
                0.35969,
                0.04811
            ]
        },
        "collider2": {
            "type": "Box",
            "collider2origin": [
                [
                    -0.270580425534734,
                    0.936175295177685,
                    -0.22441490595862015,
                    0.09611023190358778
                ],
                [
                    0.720599442536959,
                    0.351533521384116,
                    0.5976291716095418,
                    0.24055622188092846
                ],
                [
                    0.6383750282810772,
                    -6.500564685374201e-06,
                    -0.7697254856277506,
                    0.896341670559791
                ],
                [
                    0.0,
                    0.0,
                    0.0,
                    1.0
                ]
            ],
            "size": [
                0.15068,
                0.17726,
                0.74884
            ]
        },
        "distance": 0.03179784191337407
    },
    {
        "case": 10,
        "collider1": {
            "type": "Box",
            "collider2origin": [
                [
                    1.0,
                    0.0,
                    0.0,
                    0.01006
                ],
                [
                    0.0,
                    1.0,
                    0.0,
                    0.6895
                ],
                [
                    0.0,
                    0.0,
                    1.0,
                    0.8
                ],
                [
                    0.0,
                    0.0,
                    0.0,
                    1.0
                ]
            ],
            "size": [
                0.03989,
                0.44,
                0.16125
            ]
        },
        "collider2": {
            "type": "Box",
            "collider2origin": [
                [
                    -0.270580425534734,
                    0.936175295177685,
                    -0.22441490595862015,
                    0.09611023190358778
                ],
                [
                    0.720599442536959,
                    0.351533521384116,
                    0.5976291716095418,
                    0.24055622188092846
                ],
                [
                    0.6383750282810772,
                    -6.500564685374201e-06,
                    -0.7697254856277506,
                    0.896341670559791
                ],
                [
                    0.0,
                    0.0,
                    0.0,
                    1.0
                ]
            ],
            "size": [
                0.15068,
                0.17726,
                0.74884
            ]
        },
        "distance": 0.0
    },
    {
        "case": 11,
        "collider1": {
            "type": "Box",
            "collider2origin": [
                [
                    1.0,
                    0.0,
                    0.0,
                    0.44799999999999995
                ],
                [
                    0.0,
                    1.0,
                    0.0,
                    0.595
                ],
                [
                    0.0,
                    0.0,
                    1.0,
                    0.75
                ],
                [
                    0.0,
                    0.0,
                    0.0,
                    1.0
                ]
            ],
            "size": [
                0.82,
                0.7,
                0.06
            ]
        },
        "collider2": {
            "type": "Box",
            "collider2origin": [
                [
                    -0.270580425534734,
                    0.936175295177685,
                    -0.22441490595862015,
                    0.09611023190358778
                ],
                [
                    0.720599442536959,
                    0.351533521384116,
                    0.5976291716095418,
                    0.24055622188092846
                ],
                [
                    0.6383750282810772,
                    -6.500564685374201e-06,
                    -0.7697254856277506,
                    0.896341670559791
                ],
                [
                    0.0,
                    0.0,
                    0.0,
                    1.0
                ]
            ],
            "size": [
                0.15068,
                0.17726,
                0.74884
            ]
        },
        "distance": 0.0
    },
    {
        "case": 12,
        "collider1": {
            "type": "Box",
            "collider2origin": [
                [
                    1.0,
                    0.0,
                    0.0,
                    -0.01200000000000001
                ],
                [
                    0.0,
                    1.0,
                    0.0,
                    0.15750000000000003
                ],
                [
                    0.0,
                    0.0,
                    1.0,
                    0.335
                ],
                [
                    0.0,
                    0.0,
                    0.0,
                    1.0
                ]
            ],
            "size": [
                1.6,
                1.586,
                0.76
            ]
        },
        "collider2": {
            "type": "Box",
            "collider2origin": [
                [
                    -0.270580425534734,
                    0.936175295177685,
                    -0.22441490595862015,
                    0.09611023190358778
                ],
                [
                    0.720599442536959,
                    0.351533521384116,
                    0.5976291716095418,
                    0.24055622188092846
                ],
                [
                    0.6383750282810772,
                    -6.500564685374201e-06,
                    -0.7697254856277506,
                    0.896341670559791
                ],
                [
                    0.0,
                    0.0,
                    0.0,
                    1.0
                ]
            ],
            "size": [
                0.15068,
                0.17726,
                0.74884
            ]
        },
        "distance": 0.0
    },
    {
        "case": 13,
        "collider1": {
            "type": "Box",
            "collider2origin": [
                [
                    1.0,
                    0.0,
                    0.0,
                    0.07799999999999999
                ],
                [
                    0.0,
                    1.0,
                    0.0,
                    -0.315
                ],
                [
                    0.0,
                    0.0,
                    1.0,
                    0.75
                ],
                [
                    0.0,
                    0.0,
                    0.0,
                    1.0
                ]
            ],
            "size": [
                1.76,
                0.64,
                0.06
            ]
        },
        "collider2": {
            "type": "Box",
            "collider2origin": [
                [
                    -0.270580425534734,
                    0.936175295177685,
                    -0.22441490595862015,
                    0.09611023190358778
                ],
                [
                    0.720599442536959,
                    0.351533521384116,
                    0.5976291716095418,
                    0.24055622188092846
                ],
                [
                    0.6383750282810772,
                    -6.500564685374201e-06,
                    -0.7697254856277506,
                    0.896341670559791
                ],
                [
                    0.0,
                    0.0,
                    0.0,
                    1.0
                ]
            ],
            "size": [
                0.15068,
                0.17726,
                0.74884
            ]
        },
        "distance": 0.16042157623415046
    },
    {
        "case": 14,
        "collider1": {
            "type": "Box",
            "collider2origin": [
                [
                    1.0,
                    0.0,
                    0.0,
                    -0.362
                ],
                [
                    0.0,
                    1.0,
                    0.0,
                    0.35500000000000004
                ],
                [
                    0.0,
                    0.0,
                    1.0,
                    0.75
                ],
                [
                    0.0,
                    0.0,
                    0.0,
                    1.0
                ]
            ],
            "size": [
                0.8,
                0.22,
                0.06
            ]
        },
        "collider2": {
            "type": "Box",
            "collider2origin": [
                [
                    -0.270580425534734,
                    0.936175295177685,
                    -0.22441490595862015,
                    0.09611023190358778
                ],
                [
                    0.720599442536959,
                    0.351533521384116,
                    0.5976291716095418,
                    0.24055622188092846
                ],
                [
                    0.6383750282810772,
                    -6.500564685374201e-06,
                    -0.7697254856277506,
                    0.896341670559791
                ],
                [
                    0.0,
                    0.0,
                    0.0,
                    1.0
                ]
            ],
            "size": [
                0.15068,
                0.17726,
                0.74884
            ]
        },
        "distance": 0.0
    },
    {
        "case": 15,
        "collider1": {
            "type": "Box",
            "collider2origin": [
                [
                    1.0,
                    0.0,
                    0.0,
                    -0.28465
                ],
                [
                    0.0,
                    1.0,
                    0.0,
                    0.4895
                ],
                [
                    0.0,
                    0.0,
                    1.0,
                    0.8
                ],
                [
                    0.0,
                    0.0,
                    0.0,
                    1.0
                ]
            ],
            "size": [
                0.54952,
                0.04,
                0.16125
            ]
        },
        "collider2": {
            "type": "Box",
            "collider2origin": [
                [
                    -0.270580425534734,
                    0.936175295177685,
                    -0.22441490595862015,
                    0.09611023190358778
                ],
                [
                    0.720599442536959,
                    0.351533521384116,
                    0.5976291716095418,
                    0.24055622188092846
                ],
                [
                    0.6383750282810772,
                    -6.500564685374201e-06,
                    -0.7697254856277506,
                    0.896341670559791
                ],
                [
                    0.0,
                    0.0,
                    0.0,
                    1.0
                ]
            ],
            "size": [
                0.15068,
                0.17726,
                0.74884
            ]
        },
        "distance": 0.0053472434167468365
    },
    {
        "case": 16,
        "collider1": {
            "type": "Box",
            "collider2origin": [
                [
                    1.0,
                    0.0,
                    0.0,
                    -0.28465
                ],
                [
                    0.0,
                    1.0,
                    0.0,
                    0.68909
                ],
                [
                    0.0,
                    0.0,
                    1.0,
                    0.74
                ],
                [
                    0.0,
                    0.0,
                    0.0,
                    1.0
                ]
            ],
            "size": [
                0.54952,
                0.35969,
                0.04811
            ]
        },
        "collider2": {
            "type": "Box",
            "collider2origin": [
                [
                    -0.270580425534734,
                    0.936175295177685,
                    -0.22441490595862015,
                    0.09611023190358778
                ],
                [
                    0.720599442536959,
                    0.351533521384116,
                    0.5976291716095418,
                    0.24055622188092846
                ],
                [
                    0.6383750282810772,
                    -6.500564685374201e-06,
                    -0.7697254856277506,
                    0.896341670559791
                ],
                [
                    0.0,
                    0.0,
                    0.0,
                    1.0
                ]
            ],
            "size": [
                0.15068,
                0.17726,
                0.74884
            ]
        },
        "distance": 0.03179784191337407
    },
    {
        "case": 17,
        "collider1": {
            "type": "Box",
            "collider2origin": [
                [
                    1.0,
                    0.0,
                    0.0,
                    0.01006
                ],
                [
                    0.0,
                    1.0,
                    0.0,
                    0.6895
                ],
                [
                    0.0,
                    0.0,
                    1.0,
                    0.8
                ],
                [
                    0.0,
                    0.0,
                    0.0,
                    1.0
                ]
            ],
            "size": [
                0.03989,
                0.44,
                0.16125
            ]
        },
        "collider2": {
            "type": "Box",
            "collider2origin": [
                [
                    -0.270580425534734,
                    0.936175295177685,
                    -0.22441490595862015,
                    0.09611023190358778
                ],
                [
                    0.720599442536959,
                    0.351533521384116,
                    0.5976291716095418,
                    0.24055622188092846
                ],
                [
                    0.6383750282810772,
                    -6.500564685374201e-06,
                    -0.7697254856277506,
                    0.896341670559791
                ],
                [
                    0.0,
                    0.0,
                    0.0,
                    1.0
                ]
            ],
            "size": [
                0.15068,
                0.17726,
                0.74884
            ]
        },
        "distance": 0.0
    },
    {
        "case": 18,
        "collider1": {
            "type": "Box",
            "collider2origin": [
                [
                    1.0,
                    0.0,
                    0.0,
                    -0.01200000000000001
                ],
                [
                    0.0,
                    1.0,
                    0.0,
                    0.15750000000000003
                ],
                [
                    0.0,
                    0.0,
                    1.0,
                    0.335
                ],
                [
                    0.0,
                    0.0,
                    0.0,
                    1.0
                ]
            ],
            "size": [
                1.6,
                1.586,
                0.76
            ]
        },
        "collider2": {
            "type": "Cylinder",
            "collider2origin": [
                [
                    0.5809162479133935,
                    -0.589329052573036,
                    0.5614513164145151,
                    0.006486356001796869
                ],
                [
                    -0.7049230160777791,
                    -0.7091257440475733,
                    -0.014973995217784345,
                    0.8331941853113228
                ],
                [
                    0.40696419291386277,
                    -0.3870813182295711,
                    -0.8273742797329546,
                    0.22676228355565453
                ],
                [
                    0.0,
                    0.0,
                    0.0,
                    1.0
                ]
            ],
            "radius": 0.00796,
            "height": 0.03037
        },
        "distance": 0.0
    },
    {
        "case": 19,
        "collider1": {
            "type": "Box",
            "collider2origin": [
                [
                    1.0,
                    0.0,
                    0.0,
                    -0.01200000000000001
                ],
                [
                    0.0,
                    1.0,
                    0.0,
                    0.15750000000000003
                ],
                [
                    0.0,
                    0.0,
                    1.0,
                    0.335
                ],
                [
                    0.0,
                    0.0,
                    0.0,
                    1.0
                ]
            ],
            "size": [
                1.6,
                1.586,
                0.76
            ]
        },
        "collider2": {
            "type": "Box",
            "collider2origin": [
                [
                    0.6796303546097252,
                    0.2918983003298332,
                    0.6729769411782353,
                    -0.05044005129478116
                ],
                [
                    0.29853502478618515,
                    0.727947033802537,
                    -0.6172276362526229,
                    0.7174727594198395
                ],
                [
                    -0.6700592660869418,
                    0.6203938251164678,
                    0.40759303439630373,
                    0.07902437520268069
                ],
                [
                    0.0,
                    0.0,
                    0.0,
                    1.0
                ]
            ],
            "size": [
                0.08993,
                0.0305,
                0.09007
            ]
        },
        "distance": 0.0
    },
    {
        "case": 20,
        "collider1": {
            "type": "Box",
            "collider2origin": [
                [
                    1.0,
                    0.0,
                    0.0,
                    -0.01200000000000001
                ],
                [
                    0.0,
                    1.0,
                    0.0,
                    0.15750000000000003
                ],
                [
                    0.0,
                    0.0,
                    1.0,
                    0.335
                ],
                [
                    0.0,
                    0.0,
                    0.0,
                    1.0
                ]
            ],
            "size": [
                1.6,
                1.586,
                0.76
            ]
        },
        "collider2": {
            "type": "Cylinder",
            "collider2origin": [
                [
                    0.6729766188151876,
                    -0.13484299251626963,
                    0.7272687521799176,
                    -0.027064718895167025
                ],
                [
                    -0.6172298691772589,
                    -0.6441916788132881,
                    0.4517127068648177,
                    0.820480414162069
                ],
                [
                    0.4075901852639498,
                    -0.7528840869064599,
                    -0.5167550605069334,
                    0.20851168566169165
                ],
                [
                    0.0,
                    0.0,
                    0.0,
                    1.0
                ]
            ],
            "radius": 0.00813,
            "height": 0.03824
        },
        "distance": 0.0
    },
    {
        "case": 21,
        "collider1": {
            "type": "Box",
            "collider2origin": [
                [
                    1.0,
                    0.0,
                    0.0,
                    -0.01200000000000001
                ],
                [
                    0.0,
                    1.0,
                    0.0,
                    0.15750000000000003
                ],
                [
                    0.0,
                    0.0,
                    1.0,
                    0.335
                ],
                [
                    0.0,
                    0.0,
                    0.0,
                    1.0
                ]
            ],
            "size": [
                1.6,
                1.586,
                0.76
            ]
        },
        "collider2": {
            "type": "Box",
            "collider2origin": [
                [
                    -0.23981961149875713,
                    0.9361751753888027,
                    -0.2570264479121349,
                    -0.04812144305952288
                ],
                [
                    0.6386801465685042,
                    0.3515338404016922,
                    0.6844790934949521,
                    0.583181032255995
                ],
                [
                    0.731145829721964,
                    -6.179143523525008e-06,
                    -0.6822212072649156,
                    0.10798219447944346
                ],
                [
                    0.0,
                    0.0,
                    0.0,
                    1.0
                ]
            ],
            "size": [
                0.09102,
                0.10007,
                0.11882
            ]
        },
        "distance": 0.0
    },
    {
        "case": 22,
        "collider1": {
            "type": "Box",
            "collider2origin": [
                [
                    1.0,
                    0.0,
                    0.0,
                    -0.01200000000000001
                ],
                [
                    0.0,
                    1.0,
                    0.0,
                    0.15750000000000003
                ],
                [
                    0.0,
                    0.0,
                    1.0,
                    0.335
                ],
                [
                    0.0,
                    0.0,
                    0.0,
                    1.0
                ]
            ],
            "size": [
                1.6,
                1.586,
                0.76
            ]
        },
        "collider2": {
            "type": "Sphere",
            "collider2origin": [
                [
                    1.0,
                    0.0,
                    0.0,
                    -0.04966446871551275
                ],
                [
                    0.0,
                    1.0,
                    0.0,
                    0.856609255013846
                ],
                [
                    0.0,
                    0.0,
                    1.0,
                    0.19861242749013586
                ],
                [
                    0.0,
                    0.0,
                    0.0,
                    1.0
                ]
            ],
            "radius": 0.00484
        },
        "distance": 0.0
    },
    {
        "case": 23,
        "collider1": {
            "type": "Box",
            "collider2origin": [
                [
                    1.0,
                    0.0,
                    0.0,
                    -0.01200000000000001
                ],
                [
                    0.0,
                    1.0,
                    0.0,
                    0.15750000000000003
                ],
                [
                    0.0,
                    0.0,
                    1.0,
                    0.335
                ],
                [
                    0.0,
                    0.0,
                    0.0,
                    1.0
                ]
            ],
            "size": [
                1.6,
                1.586,
                0.76
            ]
        },
        "collider2": {
            "type": "Box",
            "collider2origin": [
                [
                    0.7021550396775015,
                    0.42253442346199394,
                    -0.573099433994771,
                    0.0022181103301094477
                ],
                [
                    -0.5753231927681327,
                    0.810893991048634,
                    -0.107024105435645,
                    0.8205724479055104
                ],
                [
                    0.41950151861294727,
                    0.40486491113809553,
                    0.8124671560195973,
                    0.1468325408384641
                ],
                [
                    0.0,
                    0.0,
                    0.0,
                    1.0
                ]
            ],
            "size": [
                0.07264,
                0.04753,
                0.03326
            ]
        },
        "distance": 0.0
    },
    {
        "case": 24,
        "collider1": {
            "type": "Box",
            "collider2origin": [
                [
                    1.0,
                    0.0,
                    0.0,
                    -0.01200000000000001
                ],
                [
                    0.0,
                    1.0,
                    0.0,
                    0.15750000000000003
                ],
                [
                    0.0,
                    0.0,
                    1.0,
                    0.335
                ],
                [
                    0.0,
                    0.0,
                    0.0,
                    1.0
                ]
            ],
            "size": [
                1.6,
                1.586,
                0.76
            ]
        },
        "collider2": {
            "type": "Cylinder",
            "collider2origin": [
                [
                    0.6729766188151876,
                    -0.47775259966929173,
                    0.5646724041754748,
                    0.0021698643266044233
                ],
                [
                    -0.6172298691772589,
                    -0.7834079257596641,
                    0.07279636290614848,
                    0.8301615458588943
                ],
                [
                    0.4075901852639498,
                    -0.39752292432785963,
                    -0.8220983916237309,
                    0.1749025896768539
                ],
                [
                    0.0,
                    0.0,
                    0.0,
                    1.0
                ]
            ],
            "radius": 0.00683,
            "height": 0.01782
        },
        "distance": 0.0
    },
    {
        "case": 25,
        "collider1": {
            "type": "Box",
            "collider2origin": [
                [
                    1.0,
                    0.0,
                    0.0,
                    -0.01200000000000001
                ],
                [
                    0.0,
                    1.0,
                    0.0,
                    0.15750000000000003
                ],
                [
                    0.0,
                    0.0,
                    1.0,
                    0.335
                ],
                [
                    0.0,
                    0.0,
                    0.0,
                    1.0
                ]
            ],
            "size": [
                1.6,
                1.586,
                0.76
            ]
        },
        "collider2": {
            "type": "Box",
            "collider2origin": [
                [
                    -0.9212680292022242,
                    0.29189488423663823,
                    -0.2570264479121349,
                    -0.07196444959821219
                ],
                [
                    0.03968028804752533,
                    0.7279518152383398,
                    0.6844790934949521,
                    0.6611301578258768
                ],
                [
                    0.38689881508000945,
                    0.6203898220052337,
                    -0.6822212072649156,
                    0.034886906965851505
                ],
                [
                    0.0,
                    0.0,
                    0.0,
                    1.0
                ]
            ],
            "size": [
                0.09126,
                0.11887,
                0.10009
            ]
        },
        "distance": 0.0
    },
    {
        "case": 26,
        "collider1": {
            "type": "Box",
            "collider2origin": [
                [
                    1.0,
                    0.0,
                    0.0,
                    -0.01200000000000001
                ],
                [
                    0.0,
                    1.0,
                    0.0,
                    0.15750000000000003
                ],
                [
                    0.0,
                    0.0,
                    1.0,
                    0.335
                ],
                [
                    0.0,
                    0.0,
                    0.0,
                    1.0
                ]
            ],
            "size": [
                1.6,
                1.586,
                0.76
            ]
        },
        "collider2": {
            "type": "Cylinder",
            "collider2origin": [
                [
                    0.5809162479133935,
                    -0.7901868249618925,
                    0.19529745151145236,
                    0.01821897746327883
                ],
                [
                    -0.7049230160777791,
                    -0.6083614459302015,
                    -0.36466408173759224,
                    0.8289946845332794
                ],
                [
                    0.40696419291386277,
                    0.07416962156002846,
                    -0.9104279284620008,
                    0.20274904997796261
                ],
                [
                    0.0,
                    0.0,
                    0.0,
                    1.0
                ]
            ],
            "radius": 0.00713,
            "height": 0.01426
        },
        "distance": 0.0
    },
    {
        "case": 27,
        "collider1": {
            "type": "Box",
            "collider2origin": [
                [
                    1.0,
                    0.0,
                    0.0,
                    -0.01200000000000001
                ],
                [
                    0.0,
                    1.0,
                    0.0,
                    0.15750000000000003
                ],
                [
                    0.0,
                    0.0,
                    1.0,
                    0.335
                ],
                [
                    0.0,
                    0.0,
                    0.0,
                    1.0
                ]
            ],
            "size": [
                1.6,
                1.586,
                0.76
            ]
        },
        "collider2": {
            "type": "Sphere",
            "collider2origin": [
                [
                    1.0,
                    0.0,
                    0.0,
                    -0.01053323455722457
                ],
                [
                    0.0,
                    1.0,
                    0.0,
                    0.8877379357987267
                ],
                [
                    0.0,
                    0.0,
                    1.0,
                    0.2131057975466174
                ],
                [
                    0.0,
                    0.0,
                    0.0,
                    1.0
                ]
            ],
            "radius": 0.00487
        },
        "distance": 0.0
    },
    {
        "case": 28,
        "collider1": {
            "type": "Box",
            "collider2origin": [
                [
                    1.0,
                    0.0,
                    0.0,
                    -0.01200000000000001
                ],
                [
                    0.0,
                    1.0,
                    0.0,
                    0.15750000000000003
                ],
                [
                    0.0,
                    0.0,
                    1.0,
                    0.335
                ],
                [
                    0.0,
                    0.0,
                    0.0,
                    1.0
                ]
            ],
            "size": [
                1.6,
                1.586,
                0.76
            ]
        },
        "collider2": {
            "type": "Box",
            "collider2origin": [
                [
                    -0.3355809270447816,
                    0.9361757349441261,
                    -0.104692094761687,
                    -0.12154724446822285
                ],
                [
                    0.8937011314347166,
                    0.3515323502186907,
                    0.27878897830084853,
                    0.4608036382183983
                ],
                [
                    0.2977981347760126,
                    -7.179752724002662e-06,
                    -0.9546288655139121,
                    0.3885403337982144
                ],
                [
                    0.0,
                    0.0,
                    0.0,
                    1.0
                ]
            ],
            "size": [
                0.1202,
                0.13634,
                0.67816
            ]
        },
        "distance": 0.0
    },
    {
        "case": 29,
        "collider1": {
            "type": "Box",
            "collider2origin": [
                [
                    1.0,
                    0.0,
                    0.0,
                    -0.362
                ],
                [
                    0.0,
                    1.0,
                    0.0,
                    0.35500000000000004
                ],
                [
                    0.0,
                    0.0,
                    1.0,
                    0.75
                ],
                [
                    0.0,
                    0.0,
                    0.0,
                    1.0
                ]
            ],
            "size": [
                0.8,
                0.22,
                0.06
            ]
        },
        "collider2": {
            "type": "Box",
            "collider2origin": [
                [
                    -0.3355809270447816,
                    0.9361757349441261,
                    -0.104692094761687,
                    -0.12154724446822285
                ],
                [
                    0.8937011314347166,
                    0.3515323502186907,
                    0.27878897830084853,
                    0.4608036382183983
                ],
                [
                    0.2977981347760126,
                    -7.179752724002662e-06,
                    -0.9546288655139121,
                    0.3885403337982144
                ],
                [
                    0.0,
                    0.0,
                    0.0,
                    1.0
                ]
            ],
            "size": [
                0.1202,
                0.13634,
                0.67816
            ]
        },
        "distance": 0.0
    },
    {
        "case": 30,
        "collider1": {
            "type": "Box",
            "collider2origin": [
                [
                    1.0,
                    0.0,
                    0.0,
                    -0.28465
                ],
                [
                    0.0,
                    1.0,
                    0.0,
                    0.4895
                ],
                [
                    0.0,
                    0.0,
                    1.0,
                    0.8
                ],
                [
                    0.0,
                    0.0,
                    0.0,
                    1.0
                ]
            ],
            "size": [
                0.54952,
                0.04,
                0.16125
            ]
        },
        "collider2": {
            "type": "Box",
            "collider2origin": [
                [
                    -0.3355809270447816,
                    0.9361757349441261,
                    -0.104692094761687,
                    -0.12154724446822285
                ],
                [
                    0.8937011314347166,
                    0.3515323502186907,
                    0.27878897830084853,
                    0.4608036382183983
                ],
                [
                    0.2977981347760126,
                    -7.179752724002662e-06,
                    -0.9546288655139121,
                    0.3885403337982144
                ],
                [
                    0.0,
                    0.0,
                    0.0,
                    1.0
                ]
            ],
            "size": [
                0.1202,
                0.13634,
                0.67816
            ]
        },
        "distance": 0.021512360322678163
    },
    {
        "case": 31,
        "collider1": {
            "type": "Box",
            "collider2origin": [
                [
                    1.0,
                    0.0,
                    0.0,
                    -0.28465
                ],
                [
                    0.0,
                    1.0,
                    0.0,
                    0.68909
                ],
                [
                    0.0,
                    0.0,
                    1.0,
                    0.74
                ],
                [
                    0.0,
                    0.0,
                    0.0,
                    1.0
                ]
            ],
            "size": [
                0.54952,
                0.35969,
                0.04811
            ]
        },
        "collider2": {
            "type": "Box",
            "collider2origin": [
                [
                    -0.3355809270447816,
                    0.9361757349441261,
                    -0.104692094761687,
                    -0.12154724446822285
                ],
                [
                    0.8937011314347166,
                    0.3515323502186907,
                    0.27878897830084853,
                    0.4608036382183983
                ],
                [
                    0.2977981347760126,
                    -7.179752724002662e-06,
                    -0.9546288655139121,
                    0.3885403337982144
                ],
                [
                    0.0,
                    0.0,
                    0.0,
                    1.0
                ]
            ],
            "size": [
                0.1202,
                0.13634,
                0.67816
            ]
        },
        "distance": 0.0587022083765076
    },
    {
        "case": 32,
        "collider1": {
            "type": "Box",
            "collider2origin": [
                [
                    1.0,
                    0.0,
                    0.0,
                    0.01006
                ],
                [
                    0.0,
                    1.0,
                    0.0,
                    0.6895
                ],
                [
                    0.0,
                    0.0,
                    1.0,
                    0.8
                ],
                [
                    0.0,
                    0.0,
                    0.0,
                    1.0
                ]
            ],
            "size": [
                0.03989,
                0.44,
                0.16125
            ]
        },
        "collider2": {
            "type": "Box",
            "collider2origin": [
                [
                    -0.3355809270447816,
                    0.9361757349441261,
                    -0.104692094761687,
                    -0.12154724446822285
                ],
                [
                    0.8937011314347166,
                    0.3515323502186907,
                    0.27878897830084853,
                    0.4608036382183983
                ],
                [
                    0.2977981347760126,
                    -7.179752724002662e-06,
                    -0.9546288655139121,
                    0.3885403337982144
                ],
                [
                    0.0,
                    0.0,
                    0.0,
                    1.0
                ]
            ],
            "size": [
                0.1202,
                0.13634,
                0.67816
            ]
        },
        "distance": 0.04037357345546604
    },
    {
        "case": 33,
        "collider1": {
            "type": "Box",
            "collider2origin": [
                [
                    1.0,
                    0.0,
                    0.0,
                    -0.01200000000000001
                ],
                [
                    0.0,
                    1.0,
                    0.0,
                    0.15750000000000003
                ],
                [
                    0.0,
                    0.0,
                    1.0,
                    0.335
                ],
                [
                    0.0,
                    0.0,
                    0.0,
                    1.0
                ]
            ],
            "size": [
                1.6,
                1.586,
                0.76
            ]
        },
        "collider2": {
            "type": "Sphere",
            "collider2origin": [
                [
                    1.0,
                    0.0,
                    0.0,
                    -0.042325489308784714
                ],
                [
                    0.0,
                    1.0,
                    0.0,
                    0.8099495113863955
                ],
                [
                    0.0,
                    0.0,
                    1.0,
                    0.2177616571812242
                ],
                [
                    0.0,
                    0.0,
                    0.0,
                    1.0
                ]
            ],
            "radius": 0.00563
        },
        "distance": 0.0
    },
    {
        "case": 34,
        "collider1": {
            "type": "Box",
            "collider2origin": [
                [
                    1.0,
                    0.0,
                    0.0,
                    -0.01200000000000001
                ],
                [
                    0.0,
                    1.0,
                    0.0,
                    0.15750000000000003
                ],
                [
                    0.0,
                    0.0,
                    1.0,
                    0.335
                ],
                [
                    0.0,
                    0.0,
                    0.0,
                    1.0
                ]
            ],
            "size": [
                1.6,
                1.586,
                0.76
            ]
        },
        "collider2": {
            "type": "Sphere",
            "collider2origin": [
                [
                    1.0,
                    0.0,
                    0.0,
                    0.004794240770765425
                ],
                [
                    0.0,
                    1.0,
                    0.0,
                    0.8381007528617045
                ],
                [
                    0.0,
                    0.0,
                    1.0,
                    0.20608370118920472
                ],
                [
                    0.0,
                    0.0,
                    0.0,
                    1.0
                ]
            ],
            "radius": 0.01051
        },
        "distance": 0.0
    },
    {
        "case": 35,
        "collider1": {
            "type": "Box",
            "collider2origin": [
                [
                    1.0,
                    0.0,
                    0.0,
                    -0.01200000000000001
                ],
                [
                    0.0,
                    1.0,
                    0.0,
                    0.15750000000000003
                ],
                [
                    0.0,
                    0.0,
                    1.0,
                    0.335
                ],
                [
                    0.0,
                    0.0,
                    0.0,
                    1.0
                ]
            ],
            "size": [
                1.6,
                1.586,
                0.76
            ]
        },
        "collider2": {
            "type": "Cylinder",
            "collider2origin": [
                [
                    0.7810430737844611,
                    -0.2128374943023178,
                    0.587087657775593,
                    -0.04019316056774295
                ],
                [
                    -0.29797663923676015,
                    -0.9532179347011629,
                    0.050847727906123436,
                    0.8582960897361303
                ],
                [
                    0.5488001816348884,
                    -0.21465267290010687,
                    -0.8079248669612494,
                    0.18776071745946854
                ],
                [
                    0.0,
                    0.0,
                    0.0,
                    1.0
                ]
            ],
            "radius": 0.0076,
            "height": 0.02993
        },
        "distance": 0.0
    },
    {
        "case": 36,
        "collider1": {
            "type": "Box",
            "collider2origin": [
                [
                    1.0,
                    0.0,
                    0.0,
                    -0.01200000000000001
                ],
                [
                    0.0,
                    1.0,
                    0.0,
                    0.15750000000000003
                ],
                [
                    0.0,
                    0.0,
                    1.0,
                    0.335
                ],
                [
                    0.0,
                    0.0,
                    0.0,
                    1.0
                ]
            ],
            "size": [
                1.6,
                1.586,
                0.76
            ]
        },
        "collider2": {
            "type": "Cylinder",
            "collider2origin": [
                [
                    0.7422581768254282,
                    -0.6699084296145317,
                    -0.016598038052217625,
                    0.0019886500791327826
                ],
                [
                    -0.4723355860125872,
                    -0.5054566772151458,
                    -0.7220890815161032,
                    0.862909271165759
                ],
                [
                    0.475343973478088,
                    0.5438163691817441,
                    -0.691600942370705,
                    0.16974350496772617
                ],
                [
                    0.0,
                    0.0,
                    0.0,
                    1.0
                ]
            ],
            "radius": 0.00783,
            "height": 0.03683
        },
        "distance": 0.0
    },
    {
        "case": 37,
        "collider1": {
            "type": "Box",
            "collider2origin": [
                [
                    1.0,
                    0.0,
                    0.0,
                    -0.01200000000000001
                ],
                [
                    0.0,
                    1.0,
                    0.0,
                    0.15750000000000003
                ],
                [
                    0.0,
                    0.0,
                    1.0,
                    0.335
                ],
                [
                    0.0,
                    0.0,
                    0.0,
                    1.0
                ]
            ],
            "size": [
                1.6,
                1.586,
                0.76
            ]
        },
        "collider2": {
            "type": "Cylinder",
            "collider2origin": [
                [
                    0.7373989002058933,
                    -0.5847881267549533,
                    0.33803211205678596,
                    -0.003945906573832584
                ],
                [
                    -0.47608021306164633,
                    -0.8049801366128927,
                    -0.3540545302490364,
                    0.882805119463682
                ],
                [
                    0.4791560212564554,
                    0.10014902128888069,
                    -0.8719975234073558,
                    0.19878042728808876
                ],
                [
                    0.0,
                    0.0,
                    0.0,
                    1.0
                ]
            ],
            "radius": 0.0076,
            "height": 0.02993
        },
        "distance": 0.0
    },
    {
        "case": 38,
        "collider1": {
            "type": "Box",
            "collider2origin": [
                [
                    1.0,
                    0.0,
                    0.0,
                    -0.01200000000000001
                ],
                [
                    0.0,
                    1.0,
                    0.0,
                    0.15750000000000003
                ],
                [
                    0.0,
                    0.0,
                    1.0,
                    0.335
                ],
                [
                    0.0,
                    0.0,
                    0.0,
                    1.0
                ]
            ],
            "size": [
                1.6,
                1.586,
                0.76
            ]
        },
        "collider2": {
            "type": "Cylinder",
            "collider2origin": [
                [
                    0.3797162093637079,
                    -0.9109748229284153,
                    -0.1610604617434065,
                    -0.0006471439513719174
                ],
                [
                    -0.479186522504884,
                    -0.044758579385286774,
                    -0.876571130154928,
                    0.8041587439884368
                ],
                [
                    0.7913253926142731,
                    0.41002626935594416,
                    -0.45352241558925527,
                    0.19145378779394806
                ],
                [
                    0.0,
                    0.0,
                    0.0,
                    1.0
                ]
            ],
            "radius": 0.01271,
            "height": 0.05982
        },
        "distance": 0.0
    },
    {
        "case": 39,
        "collider1": {
            "type": "Box",
            "collider2origin": [
                [
                    1.0,
                    0.0,
                    0.0,
                    -0.01200000000000001
                ],
                [
                    0.0,
                    1.0,
                    0.0,
                    0.15750000000000003
                ],
                [
                    0.0,
                    0.0,
                    1.0,
                    0.335
                ],
                [
                    0.0,
                    0.0,
                    0.0,
                    1.0
                ]
            ],
            "size": [
                1.6,
                1.586,
                0.76
            ]
        },
        "collider2": {
            "type": "Cylinder",
            "collider2origin": [
                [
                    0.3438500404900341,
                    -0.911979949350289,
                    -0.22374029953954622,
                    -0.00012038998297457668
                ],
                [
                    -0.45323234142872326,
                    0.04749354770494067,
                    -0.8901262874499527,
                    0.8176490231848952
                ],
                [
                    0.822403547133668,
                    0.40747629981318206,
                    -0.39700814947872076,
                    0.1975927614425621
                ],
                [
                    0.0,
                    0.0,
                    0.0,
                    1.0
                ]
            ],
            "radius": 0.01169,
            "height": 0.05502
        },
        "distance": 0.0
    },
    {
        "case": 40,
        "collider1": {
            "type": "Box",
            "collider2origin": [
                [
                    1.0,
                    0.0,
                    0.0,
                    -0.01200000000000001
                ],
                [
                    0.0,
                    1.0,
                    0.0,
                    0.15750000000000003
                ],
                [
                    0.0,
                    0.0,
                    1.0,
                    0.335
                ],
                [
                    0.0,
                    0.0,
                    0.0,
                    1.0
                ]
            ],
            "size": [
                1.6,
                1.586,
                0.76
            ]
        },
        "collider2": {
            "type": "Cylinder",
            "collider2origin": [
                [
                    0.6042150441366612,
                    -0.7738112943689651,
                    0.19010592085981662,
                    0.021335747666749904
                ],
                [
                    -0.6967535385043068,
                    -0.628832176301038,
                    -0.34511534395072513,
                    0.8232622044433454
                ],
                [
                    0.3865988709510927,
                    0.07606690972772968,
                    -0.9191056186444586,
                    0.18870460000459177
                ],
                [
                    0.0,
                    0.0,
                    0.0,
                    1.0
                ]
            ],
            "radius": 0.00713,
            "height": 0.01697
        },
        "distance": 0.0
    }
]