[
    {
        "case": 0,
        "collider1": {
            "type": "Box",
            "collider2origin": [
                [
                    1.0,
                    0.0,
                    0.0,
                    0.9679999999999999
                ],
                [
                    0.0,
                    1.0,
                    0.0,
                    -0.23500000000000004
                ],
                [
                    0.0,
                    0.0,
                    1.0,
                    1.92
                ],
                [
                    0.0,
                    0.0,
                    0.0,
                    1.0
                ]
            ],
            "size": [
                0.2,
                3.52,
                2.12
            ]
        },
        "collider2": {
            "type": "Cylinder",
            "collider2origin": [
                [
                    -0.6803929686186894,
                    -0.14920968787160951,
                    0.7174969528154832,
                    0.9498355987564265
                ],
                [
                    0.37541214303742115,
                    -0.9118020523055482,
                    0.1663813098621358,
                    0.5855002572852072
                ],
                [
                    0.6293894907879362,
                    0.3825617420190447,
                    0.6763988338466115,
                    1.0081051690587561
                ],
                [
                    0.0,
                    0.0,
                    0.0,
                    1.0
                ]
            ],
            "radius": 0.00783,
            "height": 0.03683
        },
        "distance": 0.0
    },
    {
        "case": 1,
        "collider1": {
            "type": "Box",
            "collider2origin": [
                [
                    1.0,
                    0.0,
                    0.0,
                    0.9679999999999999
                ],
                [
                    0.0,
                    1.0,
                    0.0,
                    -0.23500000000000004
                ],
                [
                    0.0,
                    0.0,
                    1.0,
                    1.92
                ],
                [
                    0.0,
                    0.0,
                    0.0,
                    1.0
                ]
            ],
            "size": [
                0.2,
                3.52,
                2.12
            ]
        },
        "collider2": {
            "type": "Cylinder",
            "collider2origin": [
                [
                    -0.6750543577198644,
                    -0.36009282137830484,
                    0.6439214036784562,
                    0.9624254791788867
                ],
                [
                    0.5353717970162047,
                    -0.8396211104573671,
                    0.09172475038928622,
                    0.577216381936668
                ],
                [
                    0.5076205798458733,
                    0.4066565514855866,
                    0.7595734303217757,
                    0.9971055121475325
                ],
                [
                    0.0,
                    0.0,
                    0.0,
                    1.0
                ]
            ],
            "radius": 0.00783,
            "height": 0.03044
        },
        "distance": 0.0
    },
    {
        "case": 2,
        "collider1": {
            "type": "Box",
            "collider2origin": [
                [
                    1.0,
                    0.0,
                    0.0,
                    0.9679999999999999
                ],
                [
                    0.0,
                    1.0,
                    0.0,
                    -0.23500000000000004
                ],
                [
                    0.0,
                    0.0,
                    1.0,
                    1.92
                ],
                [
                    0.0,
                    0.0,
                    0.0,
                    1.0
                ]
            ],
            "size": [
                0.2,
                3.52,
                2.12
            ]
        },
        "collider2": {
            "type": "Sphere",
            "collider2origin": [
                [
                    1.0,
                    0.0,
                    0.0,
                    0.8739426083051682
                ],
                [
                    0.0,
                    1.0,
                    0.0,
                    0.5488334309335349
                ],
                [
                    0.0,
                    0.0,
                    1.0,
                    1.0128590958833374
                ],
                [
                    0.0,
                    0.0,
                    0.0,
                    1.0
                ]
            ],
            "radius": 0.01051
        },
        "distance": 0.0
    },
    {
        "case": 3,
        "collider1": {
            "type": "Box",
            "collider2origin": [
                [
                    1.0,
                    0.0,
                    0.0,
                    0.9679999999999999
                ],
                [
                    0.0,
                    1.0,
                    0.0,
                    -0.23500000000000004
                ],
                [
                    0.0,
                    0.0,
                    1.0,
                    1.92
                ],
                [
                    0.0,
                    0.0,
                    0.0,
                    1.0
                ]
            ],
            "size": [
                0.2,
                3.52,
                2.12
            ]
        },
        "collider2": {
            "type": "Sphere",
            "collider2origin": [
                [
                    1.0,
                    0.0,
                    0.0,
                    0.8926950445282823
                ],
                [
                    0.0,
                    1.0,
                    0.0,
                    0.6368074149194382
                ],
                [
                    0.0,
                    0.0,
                    1.0,
                    1.0029266943262307
                ],
                [
                    0.0,
                    0.0,
                    0.0,
                    1.0
                ]
            ],
            "radius": 0.00663
        },
        "distance": 0.0
    },
    {
        "case": 4,
        "collider1": {
            "type": "Box",
            "collider2origin": [
                [
                    1.0,
                    0.0,
                    0.0,
                    0.9679999999999999
                ],
                [
                    0.0,
                    1.0,
                    0.0,
                    -0.23500000000000004
                ],
                [
                    0.0,
                    0.0,
                    1.0,
                    1.92
                ],
                [
                    0.0,
                    0.0,
                    0.0,
                    1.0
                ]
            ],
            "size": [
                0.2,
                3.52,
                2.12
            ]
        },
        "collider2": {
            "type": "Cylinder",
            "collider2origin": [
                [
                    -0.681346347545234,
                    0.2512791133017736,
                    0.6874779719416787,
                    0.9237407213263488
                ],
                [
                    0.36884282015455044,
                    -0.6933969608989438,
                    0.618995661242101,
                    0.5709315838654343
                ],
                [
                    0.6322358173238897,
                    0.6753217468987524,
                    0.37976098991130003,
                    0.9885854936849896
                ],
                [
                    0.0,
                    0.0,
                    0.0,
                    1.0
                ]
            ],
            "radius": 0.0076,
            "height": 0.02993
        },
        "distance": 0.0
    },
    {
        "case": 5,
        "collider1": {
            "type": "Box",
            "collider2origin": [
                [
                    1.0,
                    0.0,
                    0.0,
                    0.9679999999999999
                ],
                [
                    0.0,
                    1.0,
                    0.0,
                    -0.23500000000000004
                ],
                [
                    0.0,
                    0.0,
                    1.0,
                    1.92
                ],
                [
                    0.0,
                    0.0,
                    0.0,
                    1.0
                ]
            ],
            "size": [
                0.2,
                3.52,
                2.12
            ]
        },
        "collider2": {
            "type": "Sphere",
            "collider2origin": [
                [
                    1.0,
                    0.0,
                    0.0,
                    0.9129850543240294
                ],
                [
                    0.0,
                    1.0,
                    0.0,
                    0.5597012634873495
                ],
                [
                    0.0,
                    0.0,
                    1.0,
                    0.9830054102142165
                ],
                [
                    0.0,
                    0.0,
                    0.0,
                    1.0
                ]
            ],
            "radius": 0.00487
        },
        "distance": 0.0
    },
    {
        "case": 6,
        "collider1": {
            "type": "Box",
            "collider2origin": [
                [
                    1.0,
                    0.0,
                    0.0,
                    0.9679999999999999
                ],
                [
                    0.0,
                    1.0,
                    0.0,
                    -0.23500000000000004
                ],
                [
                    0.0,
                    0.0,
                    1.0,
                    1.92
                ],
                [
                    0.0,
                    0.0,
                    0.0,
                    1.0
                ]
            ],
            "size": [
                0.2,
                3.52,
                2.12
            ]
        },
        "collider2": {
            "type": "Sphere",
            "collider2origin": [
                [
                    1.0,
                    0.0,
                    0.0,
                    0.8968176950491206
                ],
                [
                    0.0,
                    1.0,
                    0.0,
                    0.5647588030968199
                ],
                [
                    0.0,
                    0.0,
                    1.0,
                    0.9906011541265292
                ],
                [
                    0.0,
                    0.0,
                    0.0,
                    1.0
                ]
            ],
            "radius": 0.00563
        },
        "distance": 0.0
    },
    {
        "case": 7,
        "collider1": {
            "type": "Box",
            "collider2origin": [
                [
                    1.0,
                    0.0,
                    0.0,
                    0.9679999999999999
                ],
                [
                    0.0,
                    1.0,
                    0.0,
                    -0.23500000000000004
                ],
                [
                    0.0,
                    0.0,
                    1.0,
                    1.92
                ],
                [
                    0.0,
                    0.0,
                    0.0,
                    1.0
                ]
            ],
            "size": [
                0.2,
                3.52,
                2.12
            ]
        },
        "collider2": {
            "type": "Cylinder",
            "collider2origin": [
                [
                    -0.5863528094414777,
                    0.23363608164787034,
                    0.775631719447004,
                    0.9014202544323733
                ],
                [
                    -0.5781394202568687,
                    -0.7913804713886726,
                    -0.19867501163884144,
                    0.5395366122947645
                ],
                [
                    0.5674021445193324,
                    -0.5649169238541826,
                    0.5991023915308552,
                    1.0364016345422395
                ],
                [
                    0.0,
                    0.0,
                    0.0,
                    1.0
                ]
            ],
            "radius": 0.01271,
            "height": 0.05982
        },
        "distance": 0.0
    },
    {
        "case": 8,
        "collider1": {
            "type": "Box",
            "collider2origin": [
                [
                    1.0,
                    0.0,
                    0.0,
                    0.9679999999999999
                ],
                [
                    0.0,
                    1.0,
                    0.0,
                    -0.23500000000000004
                ],
                [
                    0.0,
                    0.0,
                    1.0,
                    1.92
                ],
                [
                    0.0,
                    0.0,
                    0.0,
                    1.0
                ]
            ],
            "size": [
                0.2,
                3.52,
                2.12
            ]
        },
        "collider2": {
            "type": "Cylinder",
            "collider2origin": [
                [
                    -0.6753137247203039,
                    0.31695367080825004,
                    0.6659517578365297,
                    0.9099649312182115
                ],
                [
                    0.21820270348282073,
                    -0.7766632774134918,
                    0.590916012399495,
                    0.5784109371345451
                ],
                [
                    0.7045132741099893,
                    0.5443661672794401,
                    0.45533122287442024,
                    0.9989750670309087
                ],
                [
                    0.0,
                    0.0,
                    0.0,
                    1.0
                ]
            ],
            "radius": 0.00813,
            "height": 0.03824
        },
        "distance": 0.0
    },
    {
        "case": 9,
        "collider1": {
            "type": "Box",
            "collider2origin": [
                [
                    1.0,
                    0.0,
                    0.0,
                    0.9679999999999999
                ],
                [
                    0.0,
                    1.0,
                    0.0,
                    -0.23500000000000004
                ],
                [
                    0.0,
                    0.0,
                    1.0,
                    1.92
                ],
                [
                    0.0,
                    0.0,
                    0.0,
                    1.0
                ]
            ],
            "size": [
                0.2,
                3.52,
                2.12
            ]
        },
        "collider2": {
            "type": "Cylinder",
            "collider2origin": [
                [
                    -0.5992534741935162,
                    0.19826896289675408,
                    0.7756189090132126,
                    0.8911825422534162
                ],
                [
                    -0.6061431093018083,
                    -0.7452614810107188,
                    -0.2778054282544625,
                    0.5421346618144018
                ],
                [
                    0.5229587026840036,
                    -0.6366119251738501,
                    0.566779897326562,
                    1.0259905112582541
                ],
                [
                    0.0,
                    0.0,
                    0.0,
                    1.0
                ]
            ],
            "radius": 0.01169,
            "height": 0.05502
        },
        "distance": 0.0
    },
    {
        "case": 10,
        "collider1": {
            "type": "Box",
            "collider2origin": [
                [
                    1.0,
                    0.0,
                    0.0,
                    0.9679999999999999
                ],
                [
                    0.0,
                    1.0,
                    0.0,
                    -0.23500000000000004
                ],
                [
                    0.0,
                    0.0,
                    1.0,
                    1.92
                ],
                [
                    0.0,
                    0.0,
                    0.0,
                    1.0
                ]
            ],
            "size": [
                0.2,
                3.52,
                2.12
            ]
        },
        "collider2": {
            "type": "Cylinder",
            "collider2origin": [
                [
                    -0.6843504303951241,
                    -0.2277576927708506,
                    0.6926694174003257,
                    0.9062095004627452
                ],
                [
                    0.0864180233645997,
                    -0.9686034568290214,
                    -0.23310784769420456,
                    0.6333997877927741
                ],
                [
                    0.7240140976913111,
                    -0.09966833400116502,
                    0.6825465621784849,
                    1.0176886101287639
                ],
                [
                    0.0,
                    0.0,
                    0.0,
                    1.0
                ]
            ],
            "radius": 0.00796,
            "height": 0.03037
        },
        "distance": 0.0
    },
    {
        "case": 11,
        "collider1": {
            "type": "Box",
            "collider2origin": [
                [
                    1.0,
                    0.0,
                    0.0,
                    0.9679999999999999
                ],
                [
                    0.0,
                    1.0,
                    0.0,
                    -0.23500000000000004
                ],
                [
                    0.0,
                    0.0,
                    1.0,
                    1.92
                ],
                [
                    0.0,
                    0.0,
                    0.0,
                    1.0
                ]
            ],
            "size": [
                0.2,
                3.52,
                2.12
            ]
        },
        "collider2": {
            "type": "Cylinder",
            "collider2origin": [
                [
                    -0.6753137247203039,
                    -0.055016028449134176,
                    0.7354757710612041,
                    0.9313936063314304
                ],
                [
                    0.21820270348282073,
                    -0.9674749834698734,
                    0.1279833448256268,
                    0.5899907649634377
                ],
                [
                    0.7045132741099893,
                    0.24691171088802377,
                    0.665353780803244,
                    1.015929039142049
                ],
                [
                    0.0,
                    0.0,
                    0.0,
                    1.0
                ]
            ],
            "radius": 0.00683,
            "height": 0.01183
        },
        "distance": 0.0
    },
    {
        "case": 12,
        "collider1": {
            "type": "Box",
            "collider2origin": [
                [
                    1.0,
                    0.0,
                    0.0,
                    0.9679999999999999
                ],
                [
                    0.0,
                    1.0,
                    0.0,
                    -0.23500000000000004
                ],
                [
                    0.0,
                    0.0,
                    1.0,
                    1.92
                ],
                [
                    0.0,
                    0.0,
                    0.0,
                    1.0
                ]
            ],
            "size": [
                0.2,
                3.52,
                2.12
            ]
        },
        "collider2": {
            "type": "Sphere",
            "collider2origin": [
                [
                    1.0,
                    0.0,
                    0.0,
                    0.9338719908252339
                ],
                [
                    0.0,
                    1.0,
                    0.0,
                    0.5628686094831188
                ],
                [
                    0.0,
                    0.0,
                    1.0,
                    0.9727397281778138
                ],
                [
                    0.0,
                    0.0,
                    0.0,
                    1.0
                ]
            ],
            "radius": 0.00484
        },
        "distance": 0.0
    },
    {
        "case": 13,
        "collider1": {
            "type": "Box",
            "collider2origin": [
                [
                    1.0,
                    0.0,
                    0.0,
                    0.9679999999999999
                ],
                [
                    0.0,
                    1.0,
                    0.0,
                    -0.23500000000000004
                ],
                [
                    0.0,
                    0.0,
                    1.0,
                    1.92
                ],
                [
                    0.0,
                    0.0,
                    0.0,
                    1.0
                ]
            ],
            "size": [
                0.2,
                3.52,
                2.12
            ]
        },
        "collider2": {
            "type": "Cylinder",
            "collider2origin": [
                [
                    -0.6843504303951241,
                    -0.5412793332289694,
                    0.4885500709622403,
                    0.92335493178255
                ],
                [
                    0.0864180233645997,
                    -0.7255111474367842,
                    -0.6827631362212779,
                    0.6220280781093397
                ],
                [
                    0.7240140976913111,
                    -0.42502971468376505,
                    0.5432801560705796,
                    1.0352568770818116
                ],
                [
                    0.0,
                    0.0,
                    0.0,
                    1.0
                ]
            ],
            "radius": 0.00713,
            "height": 0.01426
        },
        "distance": 0.0
    },
    {
        "case": 14,
        "collider1": {
            "type": "Box",
            "collider2origin": [
                [
                    1.0,
                    0.0,
                    0.0,
                    0.9679999999999999
                ],
                [
                    0.0,
                    1.0,
                    0.0,
                    -0.23500000000000004
                ],
                [
                    0.0,
                    0.0,
                    1.0,
                    1.92
                ],
                [
                    0.0,
                    0.0,
                    0.0,
                    1.0
                ]
            ],
            "size": [
                0.2,
                3.52,
                2.12
            ]
        },
        "collider2": {
            "type": "Box",
            "collider2origin": [
                [
                    0.16734121419186118,
                    -0.21978973120218714,
                    -0.9610876089570938,
                    1.1176339742274297
                ],
                [
                    0.03770486542905058,
                    0.9755472689976685,
                    -0.21653145054279627,
                    0.4157668083498971
                ],
                [
                    0.9851777814972132,
                    -3.04311669874465e-06,
                    0.1715364067332897,
                    1.1218237515541145
                ],
                [
                    0.0,
                    0.0,
                    0.0,
                    1.0
                ]
            ],
            "size": [
                0.09102,
                0.10007,
                0.11882
            ]
        },
        "distance": 0.0
    },
    {
        "case": 15,
        "collider1": {
            "type": "Box",
            "collider2origin": [
                [
                    1.0,
                    0.0,
                    0.0,
                    0.9679999999999999
                ],
                [
                    0.0,
                    1.0,
                    0.0,
                    -0.23500000000000004
                ],
                [
                    0.0,
                    0.0,
                    1.0,
                    1.92
                ],
                [
                    0.0,
                    0.0,
                    0.0,
                    1.0
                ]
            ],
            "size": [
                0.2,
                3.52,
                2.12
            ]
        },
        "collider2": {
            "type": "Box",
            "collider2origin": [
                [
                    0.6844059335586767,
                    -0.2748422013769804,
                    -0.6753149505615372,
                    0.9863166696651724
                ],
                [
                    0.5413764577924487,
                    0.8119717144968966,
                    0.21820510031864676,
                    0.4577668149458662
                ],
                [
                    0.48836466810957685,
                    -0.5149404812201357,
                    0.7045113567168366,
                    1.1025314172113456
                ],
                [
                    0.0,
                    0.0,
                    0.0,
                    1.0
                ]
            ],
            "size": [
                0.08993,
                0.0305,
                0.09007
            ]
        },
        "distance": 0.0
    },
    {
        "case": 16,
        "collider1": {
            "type": "Box",
            "collider2origin": [
                [
                    1.0,
                    0.0,
                    0.0,
                    0.9679999999999999
                ],
                [
                    0.0,
                    1.0,
                    0.0,
                    -0.23500000000000004
                ],
                [
                    0.0,
                    0.0,
                    1.0,
                    1.92
                ],
                [
                    0.0,
                    0.0,
                    0.0,
                    1.0
                ]
            ],
            "size": [
                0.2,
                3.52,
                2.12
            ]
        },
        "collider2": {
            "type": "Box",
            "collider2origin": [
                [
                    -0.8106368959313981,
                    -0.05408807732497459,
                    -0.583045712484017,
                    0.9670146421130877
                ],
                [
                    0.1978147623867754,
                    0.9118874509857277,
                    -0.35962563384249324,
                    0.5287923202051139
                ],
                [
                    0.5511235276565238,
                    -0.40686085659109433,
                    -0.7285101925418679,
                    1.062499206891827
                ],
                [
                    0.0,
                    0.0,
                    0.0,
                    1.0
                ]
            ],
            "size": [
                0.06241,
                0.05638,
                0.02858
            ]
        },
        "distance": 0.0
    },
    {
        "case": 17,
        "collider1": {
            "type": "Box",
            "collider2origin": [
                [
                    1.0,
                    0.0,
                    0.0,
                    0.9679999999999999
                ],
                [
                    0.0,
                    1.0,
                    0.0,
                    -0.23500000000000004
                ],
                [
                    0.0,
                    0.0,
                    1.0,
                    1.92
                ],
                [
                    0.0,
                    0.0,
                    0.0,
                    1.0
                ]
            ],
            "size": [
                0.2,
                3.52,
                2.12
            ]
        },
        "collider2": {
            "type": "Box",
            "collider2origin": [
                [
                    0.02778120310028816,
                    -0.27484325107856755,
                    -0.9610876089570938,
                    1.0111053996722628
                ],
                [
                    0.5420504211024831,
                    0.8119701176203795,
                    -0.21653145054279627,
                    0.39776067979424423
                ],
                [
                    0.8398866267163212,
                    -0.5149424389464421,
                    0.1715364067332897,
                    1.139707997229159
                ],
                [
                    0.0,
                    0.0,
                    0.0,
                    1.0
                ]
            ],
            "size": [
                0.09126,
                0.11887,
                0.10009
            ]
        },
        "distance": 0.0
    },
    {
        "case": 18,
        "collider1": {
            "type": "Box",
            "collider2origin": [
                [
                    1.0,
                    0.0,
                    0.0,
                    0.9679999999999999
                ],
                [
                    0.0,
                    1.0,
                    0.0,
                    -0.23500000000000004
                ],
                [
                    0.0,
                    0.0,
                    1.0,
                    1.92
                ],
                [
                    0.0,
                    0.0,
                    0.0,
                    1.0
                ]
            ],
            "size": [
                0.2,
                3.52,
                2.12
            ]
        },
        "collider2": {
            "type": "Cylinder",
            "collider2origin": [
                [
                    -0.6783055801547919,
                    -0.07795286613249597,
                    0.7306332120788103,
                    0.9438667401006647
                ],
                [
                    0.5292634803810906,
                    -0.7415799140947328,
                    0.41223706692404954,
                    0.570267570125957
                ],
                [
                    0.5096878537553798,
                    0.666320179548074,
                    0.544275399096135,
                    0.9802010329113713
                ],
                [
                    0.0,
                    0.0,
                    0.0,
                    1.0
                ]
            ],
            "radius": 0.0076,
            "height": 0.02993
        },
        "distance": 0.0
    },
    {
        "case": 19,
        "collider1": {
            "type": "Box",
            "collider2origin": [
                [
                    1.0,
                    0.0,
                    0.0,
                    0.9679999999999999
                ],
                [
                    0.0,
                    1.0,
                    0.0,
                    -0.23500000000000004
                ],
                [
                    0.0,
                    0.0,
                    1.0,
                    1.92
                ],
                [
                    0.0,
                    0.0,
                    0.0,
                    1.0
                ]
            ],
            "size": [
                0.2,
                3.52,
                2.12
            ]
        },
        "collider2": {
            "type": "Box",
            "collider2origin": [
                [
                    -0.6704691573958971,
                    -0.05408689854452219,
                    -0.7399633209738644,
                    0.9647436580710712
                ],
                [
                    0.2687765247350724,
                    0.9118896102556306,
                    -0.3101878760673444,
                    0.5766625673458203
                ],
                [
                    0.6915419645489151,
                    -0.40685617374407335,
                    -0.5968565700016707,
                    1.0442323579525985
                ],
                [
                    0.0,
                    0.0,
                    0.0,
                    1.0
                ]
            ],
            "size": [
                0.07264,
                0.04753,
                0.03326
            ]
        },
        "distance": 0.0
    },
    {
        "case": 20,
        "collider1": {
            "type": "Box",
            "collider2origin": [
                [
                    1.0,
                    0.0,
                    0.0,
                    0.9679999999999999
                ],
                [
                    0.0,
                    1.0,
                    0.0,
                    -0.23500000000000004
                ],
                [
                    0.0,
                    0.0,
                    1.0,
                    1.92
                ],
                [
                    0.0,
                    0.0,
                    0.0,
                    1.0
                ]
            ],
            "size": [
                0.2,
                3.52,
                2.12
            ]
        },
        "collider2": {
            "type": "Cylinder",
            "collider2origin": [
                [
                    -0.6753137247203039,
                    -0.055016028449134176,
                    0.7354757710612041,
                    0.943396293685284
                ],
                [
                    0.21820270348282073,
                    -0.9674749834698734,
                    0.1279833448256268,
                    0.592074430731745
                ],
                [
                    0.7045132741099893,
                    0.24691171088802377,
                    0.665353780803244,
                    1.026788902550565
                ],
                [
                    0.0,
                    0.0,
                    0.0,
                    1.0
                ]
            ],
            "radius": 0.00683,
            "height": 0.01782
        },
        "distance": 0.0
    },
    {
        "case": 21,
        "collider1": {
            "type": "Box",
            "collider2origin": [
                [
                    1.0,
                    0.0,
                    0.0,
                    0.9679999999999999
                ],
                [
                    0.0,
                    1.0,
                    0.0,
                    -0.23500000000000004
                ],
                [
                    0.0,
                    0.0,
                    1.0,
                    1.92
                ],
                [
                    0.0,
                    0.0,
                    0.0,
                    1.0
                ]
            ],
            "size": [
                0.2,
                3.52,
                2.12
            ]
        },
        "collider2": {
            "type": "Box",
            "collider2origin": [
                [
                    -0.009750927564604503,
                    -0.21978261771818977,
                    0.9755001385753718,
                    0.8599626507685687
                ],
                [
                    -0.0022006013081006222,
                    0.9755488716282625,
                    0.21977160057365527,
                    0.24315348733444592
                ],
                [
                    -0.9999500371346123,
                    -3.709923050395859e-06,
                    -0.00999616029902727,
                    1.1245659661829945
                ],
                [
                    0.0,
                    0.0,
                    0.0,
                    1.0
                ]
            ],
            "size": [
                0.1202,
                0.13634,
                0.67816
            ]
        },
        "distance": 0.0
    },
    {
        "case": 22,
        "collider1": {
            "type": "Box",
            "collider2origin": [
                [
                    1.0,
                    0.0,
                    0.0,
                    0.9679999999999999
                ],
                [
                    0.0,
                    1.0,
                    0.0,
                    -0.23500000000000004
                ],
                [
                    0.0,
                    0.0,
                    1.0,
                    1.92
                ],
                [
                    0.0,
                    0.0,
                    0.0,
                    1.0
                ]
            ],
            "size": [
                0.2,
                3.52,
                2.12
            ]
        },
        "collider2": {
            "type": "Cylinder",
            "collider2origin": [
                [
                    -0.6607011760271774,
                    -0.5536407161419646,
                    0.5069081903324475,
                    0.9308366240855388
                ],
                [
                    0.09070048323445772,
                    -0.7292256749328383,
                    -0.6782354586423373,
                    0.6114792327288076
                ],
                [
                    0.7451492322597804,
                    -0.40213414732966685,
                    0.532015741509686,
                    1.0437755800909718
                ],
                [
                    0.0,
                    0.0,
                    0.0,
                    1.0
                ]
            ],
            "radius": 0.00713,
            "height": 0.01697
        },
        "distance": 0.0
    }
]