[
    {
        "case": 0,
        "collider1": {
            "type": "Box",
            "collider2origin": [
                [
                    1.0,
                    0.0,
                    0.0,
                    -0.01200000000000001
                ],
                [
                    0.0,
                    1.0,
                    0.0,
                    0.15750000000000003
                ],
                [
                    0.0,
                    0.0,
                    1.0,
                    0.335
                ],
                [
                    0.0,
                    0.0,
                    0.0,
                    1.0
                ]
            ],
            "size": [
                1.6,
                1.586,
                0.76
            ]
        },
        "collider2": {
            "type": "Cylinder",
            "collider2origin": [
                [
                    -0.6511060454161138,
                    -0.5250986696619518,
                    0.5480258248858692,
                    0.27594887267264134
                ],
                [
                    0.6299331047583299,
                    -0.7766376392534915,
                    0.004273268572645606,
                    -0.3623285807416216
                ],
                [
                    0.4233735952467045,
                    0.3480019603594366,
                    0.8364504973002697,
                    0.4901881806758549
                ],
                [
                    0.0,
                    0.0,
                    0.0,
                    1.0
                ]
            ],
            "radius": 0.0076,
            "height": 0.02993
        },
        "distance": 0.0
    },
    {
        "case": 1,
        "collider1": {
            "type": "Box",
            "collider2origin": [
                [
                    1.0,
                    0.0,
                    0.0,
                    -0.01200000000000001
                ],
                [
                    0.0,
                    1.0,
                    0.0,
                    0.15750000000000003
                ],
                [
                    0.0,
                    0.0,
                    1.0,
                    0.335
                ],
                [
                    0.0,
                    0.0,
                    0.0,
                    1.0
                ]
            ],
            "size": [
                1.6,
                1.586,
                0.76
            ]
        },
        "collider2": {
            "type": "Sphere",
            "collider2origin": [
                [
                    1.0,
                    0.0,
                    0.0,
                    0.2692994188776243
                ],
                [
                    0.0,
                    1.0,
                    0.0,
                    -0.40019314687317076
                ],
                [
                    0.0,
                    0.0,
                    1.0,
                    0.4837489438287742
                ],
                [
                    0.0,
                    0.0,
                    0.0,
                    1.0
                ]
            ],
            "radius": 0.00484
        },
        "distance": 0.0
    },
    {
        "case": 2,
        "collider1": {
            "type": "Box",
            "collider2origin": [
                [
                    1.0,
                    0.0,
                    0.0,
                    0.149
                ],
                [
                    0.0,
                    1.0,
                    0.0,
                    -0.354
                ],
                [
                    0.0,
                    0.0,
                    1.0,
                    0.865
                ],
                [
                    0.0,
                    0.0,
                    0.0,
                    1.0
                ]
            ],
            "size": [
                0.1,
                0.085,
                0.2158
            ]
        },
        "collider2": {
            "type": "Box",
            "collider2origin": [
                [
                    0.4102511799373201,
                    -0.7512767548079633,
                    0.5169885946955227,
                    0.21146411004606183
                ],
                [
                    -0.46700419914790003,
                    -0.6599873011276314,
                    -0.5884928549510975,
                    -0.48308231446090305
                ],
                [
                    0.7833269096221992,
                    -5.956506011049294e-06,
                    -0.6216099682487845,
                    0.7670587466273078
                ],
                [
                    0.0,
                    0.0,
                    0.0,
                    1.0
                ]
            ],
            "size": [
                0.09102,
                0.10007,
                0.11882
            ]
        },
        "distance": 0.0
    },
    {
        "case": 3,
        "collider1": {
            "type": "Box",
            "collider2origin": [
                [
                    1.0,
                    0.0,
                    0.0,
                    -0.01200000000000001
                ],
                [
                    0.0,
                    1.0,
                    0.0,
                    0.15750000000000003
                ],
                [
                    0.0,
                    0.0,
                    1.0,
                    0.335
                ],
                [
                    0.0,
                    0.0,
                    0.0,
                    1.0
                ]
            ],
            "size": [
                1.6,
                1.586,
                0.76
            ]
        },
        "collider2": {
            "type": "Box",
            "collider2origin": [
                [
                    0.4102511799373201,
                    -0.7512767548079633,
                    0.5169885946955227,
                    0.21146411004606183
                ],
                [
                    -0.46700419914790003,
                    -0.6599873011276314,
                    -0.5884928549510975,
                    -0.48308231446090305
                ],
                [
                    0.7833269096221992,
                    -5.956506011049294e-06,
                    -0.6216099682487845,
                    0.7670587466273078
                ],
                [
                    0.0,
                    0.0,
                    0.0,
                    1.0
                ]
            ],
            "size": [
                0.09102,
                0.10007,
                0.11882
            ]
        },
        "distance": 0.0
    },
    {
        "case": 4,
        "collider1": {
            "type": "Box",
            "collider2origin": [
                [
                    1.0,
                    0.0,
                    0.0,
                    0.07799999999999999
                ],
                [
                    0.0,
                    1.0,
                    0.0,
                    -0.315
                ],
                [
                    0.0,
                    0.0,
                    1.0,
                    0.75
                ],
                [
                    0.0,
                    0.0,
                    0.0,
                    1.0
                ]
            ],
            "size": [
                1.76,
                0.64,
                0.06
            ]
        },
        "collider2": {
            "type": "Box",
            "collider2origin": [
                [
                    0.4102511799373201,
                    -0.7512767548079633,
                    0.5169885946955227,
                    0.21146411004606183
                ],
                [
                    -0.46700419914790003,
                    -0.6599873011276314,
                    -0.5884928549510975,
                    -0.48308231446090305
                ],
                [
                    0.7833269096221992,
                    -5.956506011049294e-06,
                    -0.6216099682487845,
                    0.7670587466273078
                ],
                [
                    0.0,
                    0.0,
                    0.0,
                    1.0
                ]
            ],
            "size": [
                0.09102,
                0.10007,
                0.11882
            ]
        },
        "distance": 0.0
    },
    {
        "case": 5,
        "collider1": {
            "type": "Box",
            "collider2origin": [
                [
                    1.0,
                    0.0,
                    0.0,
                    -0.01200000000000001
                ],
                [
                    0.0,
                    1.0,
                    0.0,
                    0.15750000000000003
                ],
                [
                    0.0,
                    0.0,
                    1.0,
                    0.335
                ],
                [
                    0.0,
                    0.0,
                    0.0,
                    1.0
                ]
            ],
            "size": [
                1.6,
                1.586,
                0.76
            ]
        },
        "collider2": {
            "type": "Cylinder",
            "collider2origin": [
                [
                    -0.586926029230783,
                    -0.511728702321749,
                    0.627416585237818,
                    0.2784537770523322
                ],
                [
                    0.7566839095081151,
                    -0.6223587041491625,
                    0.20024760787906845,
                    -0.39579039734689025
                ],
                [
                    0.28800572442731087,
                    0.5922865679634085,
                    0.7524953980638196,
                    0.4940990270660238
                ],
                [
                    0.0,
                    0.0,
                    0.0,
                    1.0
                ]
            ],
            "radius": 0.0076,
            "height": 0.02993
        },
        "distance": 0.0
    },
    {
        "case": 6,
        "collider1": {
            "type": "Box",
            "collider2origin": [
                [
                    1.0,
                    0.0,
                    0.0,
                    -0.01200000000000001
                ],
                [
                    0.0,
                    1.0,
                    0.0,
                    0.15750000000000003
                ],
                [
                    0.0,
                    0.0,
                    1.0,
                    0.335
                ],
                [
                    0.0,
                    0.0,
                    0.0,
                    1.0
                ]
            ],
            "size": [
                1.6,
                1.586,
                0.76
            ]
        },
        "collider2": {
            "type": "Box",
            "collider2origin": [
                [
                    -0.8559546190412114,
                    0.008030136783574556,
                    0.5169885946955227,
                    0.2650630092963215
                ],
                [
                    -0.34860048987110115,
                    0.7294887649122053,
                    -0.5884928549510975,
                    -0.5485961583455881
                ],
                [
                    -0.38186304953954725,
                    -0.683945654836773,
                    -0.6216099682487845,
                    0.6977459315929465
                ],
                [
                    0.0,
                    0.0,
                    0.0,
                    1.0
                ]
            ],
            "size": [
                0.09126,
                0.11887,
                0.10009
            ]
        },
        "distance": 0.0
    },
    {
        "case": 7,
        "collider1": {
            "type": "Box",
            "collider2origin": [
                [
                    1.0,
                    0.0,
                    0.0,
                    0.07799999999999999
                ],
                [
                    0.0,
                    1.0,
                    0.0,
                    -0.315
                ],
                [
                    0.0,
                    0.0,
                    1.0,
                    0.75
                ],
                [
                    0.0,
                    0.0,
                    0.0,
                    1.0
                ]
            ],
            "size": [
                1.76,
                0.64,
                0.06
            ]
        },
        "collider2": {
            "type": "Box",
            "collider2origin": [
                [
                    -0.8559546190412114,
                    0.008030136783574556,
                    0.5169885946955227,
                    0.2650630092963215
                ],
                [
                    -0.34860048987110115,
                    0.7294887649122053,
                    -0.5884928549510975,
                    -0.5485961583455881
                ],
                [
                    -0.38186304953954725,
                    -0.683945654836773,
                    -0.6216099682487845,
                    0.6977459315929465
                ],
                [
                    0.0,
                    0.0,
                    0.0,
                    1.0
                ]
            ],
            "size": [
                0.09126,
                0.11887,
                0.10009
            ]
        },
        "distance": 0.0
    },
    {
        "case": 8,
        "collider1": {
            "type": "Box",
            "collider2origin": [
                [
                    1.0,
                    0.0,
                    0.0,
                    -0.01200000000000001
                ],
                [
                    0.0,
                    1.0,
                    0.0,
                    0.15750000000000003
                ],
                [
                    0.0,
                    0.0,
                    1.0,
                    0.335
                ],
                [
                    0.0,
                    0.0,
                    0.0,
                    1.0
                ]
            ],
            "size": [
                1.6,
                1.586,
                0.76
            ]
        },
        "collider2": {
            "type": "Sphere",
            "collider2origin": [
                [
                    1.0,
                    0.0,
                    0.0,
                    0.26645718771819826
                ],
                [
                    0.0,
                    1.0,
                    0.0,
                    -0.3636363508653219
                ],
                [
                    0.0,
                    0.0,
                    1.0,
                    0.4767293748585041
                ],
                [
                    0.0,
                    0.0,
                    0.0,
                    1.0
                ]
            ],
            "radius": 0.00487
        },
        "distance": 0.0
    },
    {
        "case": 9,
        "collider1": {
            "type": "Box",
            "collider2origin": [
                [
                    1.0,
                    0.0,
                    0.0,
                    -0.01200000000000001
                ],
                [
                    0.0,
                    1.0,
                    0.0,
                    0.15750000000000003
                ],
                [
                    0.0,
                    0.0,
                    1.0,
                    0.335
                ],
                [
                    0.0,
                    0.0,
                    0.0,
                    1.0
                ]
            ],
            "size": [
                1.6,
                1.586,
                0.76
            ]
        },
        "collider2": {
            "type": "Box",
            "collider2origin": [
                [
                    0.7236018173916544,
                    0.008025702638820766,
                    -0.6901709918307548,
                    0.2669868398031937
                ],
                [
                    0.46783021449180273,
                    0.729492759401565,
                    0.49897415202517653,
                    -0.49583425593667735
                ],
                [
                    0.5074793594581443,
                    -0.6839414463810797,
                    0.5241076202900584,
                    0.6448538155937331
                ],
                [
                    0.0,
                    0.0,
                    0.0,
                    1.0
                ]
            ],
            "size": [
                0.08993,
                0.0305,
                0.09007
            ]
        },
        "distance": 0.0
    },
    {
        "case": 10,
        "collider1": {
            "type": "Box",
            "collider2origin": [
                [
                    1.0,
                    0.0,
                    0.0,
                    -0.01200000000000001
                ],
                [
                    0.0,
                    1.0,
                    0.0,
                    0.15750000000000003
                ],
                [
                    0.0,
                    0.0,
                    1.0,
                    0.335
                ],
                [
                    0.0,
                    0.0,
                    0.0,
                    1.0
                ]
            ],
            "size": [
                1.6,
                1.586,
                0.76
            ]
        },
        "collider2": {
            "type": "Cylinder",
            "collider2origin": [
                [
                    -0.9659408796484619,
                    -0.14509796746351603,
                    0.2142540474808155,
                    0.22414126609513643
                ],
                [
                    0.001478952647561394,
                    -0.8310760188979965,
                    -0.5561568695176956,
                    -0.39437950764832863
                ],
                [
                    0.25875863217102835,
                    -0.5368977841736854,
                    0.8029848937722085,
                    0.5480824515542473
                ],
                [
                    0.0,
                    0.0,
                    0.0,
                    1.0
                ]
            ],
            "radius": 0.01271,
            "height": 0.05982
        },
        "distance": 0.0
    },
    {
        "case": 11,
        "collider1": {
            "type": "Box",
            "collider2origin": [
                [
                    1.0,
                    0.0,
                    0.0,
                    -0.01200000000000001
                ],
                [
                    0.0,
                    1.0,
                    0.0,
                    0.15750000000000003
                ],
                [
                    0.0,
                    0.0,
                    1.0,
                    0.335
                ],
                [
                    0.0,
                    0.0,
                    0.0,
                    1.0
                ]
            ],
            "size": [
                1.6,
                1.586,
                0.76
            ]
        },
        "collider2": {
            "type": "Cylinder",
            "collider2origin": [
                [
                    -0.9776055928656672,
                    -0.11650515418400931,
                    0.17525368425892532,
                    0.22214349783015142
                ],
                [
                    -0.01802287880923495,
                    -0.7833646869580089,
                    -0.6213010084223333,
                    -0.3874006393877992
                ],
                [
                    0.20967231728865537,
                    -0.6105459165990228,
                    0.7637219409491025,
                    0.5351496861979288
                ],
                [
                    0.0,
                    0.0,
                    0.0,
                    1.0
                ]
            ],
            "radius": 0.01169,
            "height": 0.05502
        },
        "distance": 0.0
    },
    {
        "case": 12,
        "collider1": {
            "type": "Box",
            "collider2origin": [
                [
                    1.0,
                    0.0,
                    0.0,
                    -0.01200000000000001
                ],
                [
                    0.0,
                    1.0,
                    0.0,
                    0.15750000000000003
                ],
                [
                    0.0,
                    0.0,
                    1.0,
                    0.335
                ],
                [
                    0.0,
                    0.0,
                    0.0,
                    1.0
                ]
            ],
            "size": [
                1.6,
                1.586,
                0.76
            ]
        },
        "collider2": {
            "type": "Sphere",
            "collider2origin": [
                [
                    1.0,
                    0.0,
                    0.0,
                    0.22495870048281247
                ],
                [
                    0.0,
                    1.0,
                    0.0,
                    -0.34388567190249714
                ],
                [
                    0.0,
                    0.0,
                    1.0,
                    0.4983729097507241
                ],
                [
                    0.0,
                    0.0,
                    0.0,
                    1.0
                ]
            ],
            "radius": 0.00663
        },
        "distance": 0.0
    },
    {
        "case": 13,
        "collider1": {
            "type": "Box",
            "collider2origin": [
                [
                    1.0,
                    0.0,
                    0.0,
                    -0.01200000000000001
                ],
                [
                    0.0,
                    1.0,
                    0.0,
                    0.15750000000000003
                ],
                [
                    0.0,
                    0.0,
                    1.0,
                    0.335
                ],
                [
                    0.0,
                    0.0,
                    0.0,
                    1.0
                ]
            ],
            "size": [
                1.6,
                1.586,
                0.76
            ]
        },
        "collider2": {
            "type": "Sphere",
            "collider2origin": [
                [
                    1.0,
                    0.0,
                    0.0,
                    0.2648321020152766
                ],
                [
                    0.0,
                    1.0,
                    0.0,
                    -0.32496459554138085
                ],
                [
                    0.0,
                    0.0,
                    1.0,
                    0.4887470385302892
                ],
                [
                    0.0,
                    0.0,
                    0.0,
                    1.0
                ]
            ],
            "radius": 0.00563
        },
        "distance": 0.0
    },
    {
        "case": 14,
        "collider1": {
            "type": "Box",
            "collider2origin": [
                [
                    1.0,
                    0.0,
                    0.0,
                    -0.01200000000000001
                ],
                [
                    0.0,
                    1.0,
                    0.0,
                    0.15750000000000003
                ],
                [
                    0.0,
                    0.0,
                    1.0,
                    0.335
                ],
                [
                    0.0,
                    0.0,
                    0.0,
                    1.0
                ]
            ],
            "size": [
                1.6,
                1.586,
                0.76
            ]
        },
        "collider2": {
            "type": "Cylinder",
            "collider2origin": [
                [
                    -0.6458183181213045,
                    -0.7385671321789833,
                    0.19348718625242614,
                    0.2897665811206791
                ],
                [
                    0.6347767199050754,
                    -0.6602299453367252,
                    -0.40144107306953214,
                    -0.36970736909517515
                ],
                [
                    0.42423721647861423,
                    -0.13643683720159938,
                    0.8952138144649584,
                    0.5222635764751039
                ],
                [
                    0.0,
                    0.0,
                    0.0,
                    1.0
                ]
            ],
            "radius": 0.00783,
            "height": 0.03683
        },
        "distance": 0.0
    },
    {
        "case": 15,
        "collider1": {
            "type": "Box",
            "collider2origin": [
                [
                    1.0,
                    0.0,
                    0.0,
                    -0.01200000000000001
                ],
                [
                    0.0,
                    1.0,
                    0.0,
                    0.15750000000000003
                ],
                [
                    0.0,
                    0.0,
                    1.0,
                    0.335
                ],
                [
                    0.0,
                    0.0,
                    0.0,
                    1.0
                ]
            ],
            "size": [
                1.6,
                1.586,
                0.76
            ]
        },
        "collider2": {
            "type": "Cylinder",
            "collider2origin": [
                [
                    -0.6901721250782482,
                    -0.6084346579913471,
                    0.39175209599940414,
                    0.274058548811814
                ],
                [
                    0.498973270040435,
                    -0.7922110589189316,
                    -0.3513222365744862,
                    -0.3307269273185778
                ],
                [
                    0.5241069676603519,
                    -0.04699899021783908,
                    0.8503546209484448,
                    0.5063828320196724
                ],
                [
                    0.0,
                    0.0,
                    0.0,
                    1.0
                ]
            ],
            "radius": 0.00813,
            "height": 0.03824
        },
        "distance": 0.0
    },
    {
        "case": 16,
        "collider1": {
            "type": "Box",
            "collider2origin": [
                [
                    1.0,
                    0.0,
                    0.0,
                    -0.01200000000000001
                ],
                [
                    0.0,
                    1.0,
                    0.0,
                    0.15750000000000003
                ],
                [
                    0.0,
                    0.0,
                    1.0,
                    0.335
                ],
                [
                    0.0,
                    0.0,
                    0.0,
                    1.0
                ]
            ],
            "size": [
                1.6,
                1.586,
                0.76
            ]
        },
        "collider2": {
            "type": "Sphere",
            "collider2origin": [
                [
                    1.0,
                    0.0,
                    0.0,
                    0.21875866394722143
                ],
                [
                    0.0,
                    1.0,
                    0.0,
                    -0.3732619226401109
                ],
                [
                    0.0,
                    0.0,
                    1.0,
                    0.5177381242831087
                ],
                [
                    0.0,
                    0.0,
                    0.0,
                    1.0
                ]
            ],
            "radius": 0.01051
        },
        "distance": 0.0
    },
    {
        "case": 17,
        "collider1": {
            "type": "Box",
            "collider2origin": [
                [
                    1.0,
                    0.0,
                    0.0,
                    -0.01200000000000001
                ],
                [
                    0.0,
                    1.0,
                    0.0,
                    0.15750000000000003
                ],
                [
                    0.0,
                    0.0,
                    1.0,
                    0.335
                ],
                [
                    0.0,
                    0.0,
                    0.0,
                    1.0
                ]
            ],
            "size": [
                1.6,
                1.586,
                0.76
            ]
        },
        "collider2": {
            "type": "Cylinder",
            "collider2origin": [
                [
                    -0.7419580033217803,
                    -0.3031829847793054,
                    0.5979785941378402,
                    0.23658569455153647
                ],
                [
                    0.38528137606586027,
                    -0.9227427093299255,
                    0.010205568835958344,
                    -0.3420859505755893
                ],
                [
                    0.5486862332549944,
                    0.23796211908364653,
                    0.801447095769687,
                    0.5149180181538543
                ],
                [
                    0.0,
                    0.0,
                    0.0,
                    1.0
                ]
            ],
            "radius": 0.00796,
            "height": 0.03037
        },
        "distance": 0.0
    },
    {
        "case": 18,
        "collider1": {
            "type": "Box",
            "collider2origin": [
                [
                    1.0,
                    0.0,
                    0.0,
                    -0.01200000000000001
                ],
                [
                    0.0,
                    1.0,
                    0.0,
                    0.15750000000000003
                ],
                [
                    0.0,
                    0.0,
                    1.0,
                    0.335
                ],
                [
                    0.0,
                    0.0,
                    0.0,
                    1.0
                ]
            ],
            "size": [
                1.6,
                1.586,
                0.76
            ]
        },
        "collider2": {
            "type": "Cylinder",
            "collider2origin": [
                [
                    -0.5813937785211825,
                    -0.7192065871841365,
                    0.38042497190353913,
                    0.29231754354176065
                ],
                [
                    0.7612529553704798,
                    -0.6458858680361406,
                    -0.057666137471750895,
                    -0.3937847727925591
                ],
                [
                    0.2871849791276913,
                    0.25607290060087784,
                    0.9230121653268066,
                    0.516059164790402
                ],
                [
                    0.0,
                    0.0,
                    0.0,
                    1.0
                ]
            ],
            "radius": 0.00783,
            "height": 0.03044
        },
        "distance": 0.0
    },
    {
        "case": 19,
        "collider1": {
            "type": "Box",
            "collider2origin": [
                [
                    1.0,
                    0.0,
                    0.0,
                    -0.01200000000000001
                ],
                [
                    0.0,
                    1.0,
                    0.0,
                    0.15750000000000003
                ],
                [
                    0.0,
                    0.0,
                    1.0,
                    0.335
                ],
                [
                    0.0,
                    0.0,
                    0.0,
                    1.0
                ]
            ],
            "size": [
                1.6,
                1.586,
                0.76
            ]
        },
        "collider2": {
            "type": "Cylinder",
            "collider2origin": [
                [
                    -0.7419580033217803,
                    -0.5598188574426352,
                    0.3689189181356508,
                    0.250815724763565
                ],
                [
                    0.38528137606586027,
                    -0.8063478522317229,
                    -0.4487331082704776,
                    -0.3467586585731741
                ],
                [
                    0.5486862332549944,
                    -0.1908035326007081,
                    0.8139640221677712,
                    0.5374479458087329
                ],
                [
                    0.0,
                    0.0,
                    0.0,
                    1.0
                ]
            ],
            "radius": 0.00713,
            "height": 0.01426
        },
        "distance": 0.0
    },
    {
        "case": 20,
        "collider1": {
            "type": "Box",
            "collider2origin": [
                [
                    1.0,
                    0.0,
                    0.0,
                    -0.01200000000000001
                ],
                [
                    0.0,
                    1.0,
                    0.0,
                    0.15750000000000003
                ],
                [
                    0.0,
                    0.0,
                    1.0,
                    0.335
                ],
                [
                    0.0,
                    0.0,
                    0.0,
                    1.0
                ]
            ],
            "size": [
                1.6,
                1.586,
                0.76
            ]
        },
        "collider2": {
            "type": "Cylinder",
            "collider2origin": [
                [
                    -0.6901721250782482,
                    -0.7226224790074127,
                    0.03846024698510309,
                    0.28107815868645486
                ],
                [
                    0.498973270040435,
                    -0.5137129283612347,
                    -0.6979431946940088,
                    -0.34642377600891233
                ],
                [
                    0.5241069676603519,
                    -0.46251030266114607,
                    0.715119644802298,
                    0.5305706743872872
                ],
                [
                    0.0,
                    0.0,
                    0.0,
                    1.0
                ]
            ],
            "radius": 0.00683,
            "height": 0.01183
        },
        "distance": 0.0
    },
    {
        "case": 21,
        "collider1": {
            "type": "Box",
            "collider2origin": [
                [
                    1.0,
                    0.0,
                    0.0,
                    -0.01200000000000001
                ],
                [
                    0.0,
                    1.0,
                    0.0,
                    0.15750000000000003
                ],
                [
                    0.0,
                    0.0,
                    1.0,
                    0.335
                ],
                [
                    0.0,
                    0.0,
                    0.0,
                    1.0
                ]
            ],
            "size": [
                1.6,
                1.586,
                0.76
            ]
        },
        "collider2": {
            "type": "Box",
            "collider2origin": [
                [
                    -0.8039983051585295,
                    0.2296939323863465,
                    -0.5484773675614228,
                    0.27154787173481015
                ],
                [
                    0.4775677609336194,
                    0.7989830557831895,
                    -0.3654519260972713,
                    -0.4320290628721539
                ],
                [
                    0.3542820331586985,
                    -0.555757837548201,
                    -0.7520754396898528,
                    0.5907440858426365
                ],
                [
                    0.0,
                    0.0,
                    0.0,
                    1.0
                ]
            ],
            "size": [
                0.06241,
                0.05638,
                0.02858
            ]
        },
        "distance": 0.0
    },
    {
        "case": 22,
        "collider1": {
            "type": "Box",
            "collider2origin": [
                [
                    1.0,
                    0.0,
                    0.0,
                    -0.01200000000000001
                ],
                [
                    0.0,
                    1.0,
                    0.0,
                    0.15750000000000003
                ],
                [
                    0.0,
                    0.0,
                    1.0,
                    0.335
                ],
                [
                    0.0,
                    0.0,
                    0.0,
                    1.0
                ]
            ],
            "size": [
                1.6,
                1.586,
                0.76
            ]
        },
        "collider2": {
            "type": "Cylinder",
            "collider2origin": [
                [
                    -0.6901721250782482,
                    -0.7226224790074127,
                    0.03846024698510309,
                    0.28170207800202
                ],
                [
                    0.498973270040435,
                    -0.5137129283612347,
                    -0.6979431946940088,
                    -0.35781688454782745
                ],
                [
                    0.5241069676603519,
                    -0.46251030266114607,
                    0.715119644802298,
                    0.542239033419652
                ],
                [
                    0.0,
                    0.0,
                    0.0,
                    1.0
                ]
            ],
            "radius": 0.00683,
            "height": 0.01782
        },
        "distance": 0.0
    },
    {
        "case": 23,
        "collider1": {
            "type": "Box",
            "collider2origin": [
                [
                    1.0,
                    0.0,
                    0.0,
                    -0.01200000000000001
                ],
                [
                    0.0,
                    1.0,
                    0.0,
                    0.15750000000000003
                ],
                [
                    0.0,
                    0.0,
                    1.0,
                    0.335
                ],
                [
                    0.0,
                    0.0,
                    0.0,
                    1.0
                ]
            ],
            "size": [
                1.6,
                1.586,
                0.76
            ]
        },
        "collider2": {
            "type": "Box",
            "collider2origin": [
                [
                    -0.6712222579254328,
                    0.22969495625635233,
                    -0.7047701097066161,
                    0.2837275015266857
                ],
                [
                    0.5435402040925147,
                    0.7989858176246454,
                    -0.2572658348279934,
                    -0.3895775181801214
                ],
                [
                    0.5040086576642819,
                    -0.5557534438085554,
                    -0.6611455079590114,
                    0.564668835673305
                ],
                [
                    0.0,
                    0.0,
                    0.0,
                    1.0
                ]
            ],
            "size": [
                0.07264,
                0.04753,
                0.03326
            ]
        },
        "distance": 0.0
    },
    {
        "case": 24,
        "collider1": {
            "type": "Cylinder",
            "collider2origin": [
                [
                    1.0,
                    0.0,
                    0.0,
                    0.23600000000000002
                ],
                [
                    0.0,
                    1.0,
                    0.0,
                    -0.369
                ],
                [
                    0.0,
                    0.0,
                    1.0,
                    0.9855
                ],
                [
                    0.0,
                    0.0,
                    0.0,
                    1.0
                ]
            ],
            "radius": 0.004,
            "height": 0.027
        },
        "collider2": {
            "type": "Box",
            "collider2origin": [
                [
                    0.6543478199545331,
                    -0.7512789699828322,
                    -0.08607461752621642,
                    0.3192504104849109
                ],
                [
                    -0.744860817028939,
                    -0.6599847795275469,
                    0.09799211216703416,
                    -0.4364428041814105
                ],
                [
                    -0.13042735056624943,
                    -7.315033207872415e-06,
                    -0.9914578690850957,
                    1.0582515284227392
                ],
                [
                    0.0,
                    0.0,
                    0.0,
                    1.0
                ]
            ],
            "size": [
                0.1202,
                0.13634,
                0.67816
            ]
        },
        "distance": 0.029394837025493833
    },
    {
        "case": 25,
        "collider1": {
            "type": "Box",
            "collider2origin": [
                [
                    1.0,
                    0.0,
                    0.0,
                    -0.01200000000000001
                ],
                [
                    0.0,
                    1.0,
                    0.0,
                    0.15750000000000003
                ],
                [
                    0.0,
                    0.0,
                    1.0,
                    0.335
                ],
                [
                    0.0,
                    0.0,
                    0.0,
                    1.0
                ]
            ],
            "size": [
                1.6,
                1.586,
                0.76
            ]
        },
        "collider2": {
            "type": "Box",
            "collider2origin": [
                [
                    0.6543478199545331,
                    -0.7512789699828322,
                    -0.08607461752621642,
                    0.3192504104849109
                ],
                [
                    -0.744860817028939,
                    -0.6599847795275469,
                    0.09799211216703416,
                    -0.4364428041814105
                ],
                [
                    -0.13042735056624943,
                    -7.315033207872415e-06,
                    -0.9914578690850957,
                    1.0582515284227392
                ],
                [
                    0.0,
                    0.0,
                    0.0,
                    1.0
                ]
            ],
            "size": [
                0.1202,
                0.13634,
                0.67816
            ]
        },
        "distance": 0.0
    },
    {
        "case": 26,
        "collider1": {
            "type": "Box",
            "collider2origin": [
                [
                    1.0,
                    0.0,
                    0.0,
                    0.07799999999999999
                ],
                [
                    0.0,
                    1.0,
                    0.0,
                    -0.315
                ],
                [
                    0.0,
                    0.0,
                    1.0,
                    0.75
                ],
                [
                    0.0,
                    0.0,
                    0.0,
                    1.0
                ]
            ],
            "size": [
                1.76,
                0.64,
                0.06
            ]
        },
        "collider2": {
            "type": "Box",
            "collider2origin": [
                [
                    0.6543478199545331,
                    -0.7512789699828322,
                    -0.08607461752621642,
                    0.3192504104849109
                ],
                [
                    -0.744860817028939,
                    -0.6599847795275469,
                    0.09799211216703416,
                    -0.4364428041814105
                ],
                [
                    -0.13042735056624943,
                    -7.315033207872415e-06,
                    -0.9914578690850957,
                    1.0582515284227392
                ],
                [
                    0.0,
                    0.0,
                    0.0,
                    1.0
                ]
            ],
            "size": [
                0.1202,
                0.13634,
                0.67816
            ]
        },
        "distance": 0.0
    },
    {
        "case": 27,
        "collider1": {
            "type": "Box",
            "collider2origin": [
                [
                    1.0,
                    0.0,
                    0.0,
                    -0.01200000000000001
                ],
                [
                    0.0,
                    1.0,
                    0.0,
                    0.15750000000000003
                ],
                [
                    0.0,
                    0.0,
                    1.0,
                    0.335
                ],
                [
                    0.0,
                    0.0,
                    0.0,
                    1.0
                ]
            ],
            "size": [
                1.6,
                1.586,
                0.76
            ]
        },
        "collider2": {
            "type": "Cylinder",
            "collider2origin": [
                [
                    -0.7202238297351795,
                    -0.5746666086256231,
                    0.38863340568241816,
                    0.25643734338998236
                ],
                [
                    0.396129734840263,
                    -0.8005567611127312,
                    -0.44965554084440607,
                    -0.35364139997981664
                ],
                [
                    0.5695251252201022,
                    -0.16990338774555697,
                    0.8042225877054243,
                    0.5501305099929055
                ],
                [
                    0.0,
                    0.0,
                    0.0,
                    1.0
                ]
            ],
            "radius": 0.00713,
            "height": 0.01697
        },
        "distance": 0.0
    }
]