[
    {
        "case": 0,
        "collider1": {
            "type": "Box",
            "collider2origin": [
                [
                    1.0,
                    0.0,
                    0.0,
                    0.16
                ],
                [
                    0.0,
                    1.0,
                    0.0,
                    -0.3541
                ],
                [
                    0.0,
                    0.0,
                    1.0,
                    0.994
                ],
                [
                    0.0,
                    0.0,
                    0.0,
                    1.0
                ]
            ],
            "size": [
                0.032,
                0.085,
                0.01
            ]
        },
        "collider2": {
            "type": "Box",
            "collider2origin": [
                [
                    0.5901752631063356,
                    -0.7467625215793801,
                    0.3066576188223167,
                    -0.03841123115295219
                ],
                [
                    -0.662652350617407,
                    -0.6650907729899308,
                    -0.344305280100206,
                    -0.21930117551266698
                ],
                [
                    0.4610694319065108,
                    -6.932675305253289e-06,
                    -0.8873640622164868,
                    0.861071161892486
                ],
                [
                    0.0,
                    0.0,
                    0.0,
                    1.0
                ]
            ],
            "size": [
                0.15068,
                0.17726,
                0.74884
            ]
        },
        "distance": 0.15246070605569034
    },
    {
        "case": 1,
        "collider1": {
            "type": "Box",
            "collider2origin": [
                [
                    1.0,
                    0.0,
                    0.0,
                    0.11800000000000002
                ],
                [
                    0.0,
                    1.0,
                    0.0,
                    -0.3541
                ],
                [
                    0.0,
                    0.0,
                    1.0,
                    0.994
                ],
                [
                    0.0,
                    0.0,
                    0.0,
                    1.0
                ]
            ],
            "size": [
                0.03,
                0.085,
                0.01
            ]
        },
        "collider2": {
            "type": "Box",
            "collider2origin": [
                [
                    0.5901752631063356,
                    -0.7467625215793801,
                    0.3066576188223167,
                    -0.03841123115295219
                ],
                [
                    -0.662652350617407,
                    -0.6650907729899308,
                    -0.344305280100206,
                    -0.21930117551266698
                ],
                [
                    0.4610694319065108,
                    -6.932675305253289e-06,
                    -0.8873640622164868,
                    0.861071161892486
                ],
                [
                    0.0,
                    0.0,
                    0.0,
                    1.0
                ]
            ],
            "size": [
                0.15068,
                0.17726,
                0.74884
            ]
        },
        "distance": 0.1282635202683306
    },
    {
        "case": 2,
        "collider1": {
            "type": "Cylinder",
            "collider2origin": [
                [
                    1.0,
                    0.0,
                    0.0,
                    0.064
                ],
                [
                    0.0,
                    1.0,
                    0.0,
                    -0.339
                ],
                [
                    0.0,
                    0.0,
                    1.0,
                    0.9855
                ],
                [
                    0.0,
                    0.0,
                    0.0,
                    1.0
                ]
            ],
            "radius": 0.004,
            "height": 0.027
        },
        "collider2": {
            "type": "Box",
            "collider2origin": [
                [
                    0.5901752631063356,
                    -0.7467625215793801,
                    0.3066576188223167,
                    -0.03841123115295219
                ],
                [
                    -0.662652350617407,
                    -0.6650907729899308,
                    -0.344305280100206,
                    -0.21930117551266698
                ],
                [
                    0.4610694319065108,
                    -6.932675305253289e-06,
                    -0.8873640622164868,
                    0.861071161892486
                ],
                [
                    0.0,
                    0.0,
                    0.0,
                    1.0
                ]
            ],
            "size": [
                0.15068,
                0.17726,
                0.74884
            ]
        },
        "distance": 0.11201572282271553
    },
    {
        "case": 3,
        "collider1": {
            "type": "Cylinder",
            "collider2origin": [
                [
                    1.0,
                    0.0,
                    0.0,
                    0.1585
                ],
                [
                    0.0,
                    1.0,
                    0.0,
                    -0.3215
                ],
                [
                    0.0,
                    0.0,
                    1.0,
                    0.9905
                ],
                [
                    0.0,
                    0.0,
                    0.0,
                    1.0
                ]
            ],
            "radius": 0.005,
            "height": 0.027
        },
        "collider2": {
            "type": "Box",
            "collider2origin": [
                [
                    0.5901752631063356,
                    -0.7467625215793801,
                    0.3066576188223167,
                    -0.03841123115295219
                ],
                [
                    -0.662652350617407,
                    -0.6650907729899308,
                    -0.344305280100206,
                    -0.21930117551266698
                ],
                [
                    0.4610694319065108,
                    -6.932675305253289e-06,
                    -0.8873640622164868,
                    0.861071161892486
                ],
                [
                    0.0,
                    0.0,
                    0.0,
                    1.0
                ]
            ],
            "size": [
                0.15068,
                0.17726,
                0.74884
            ]
        },
        "distance": 0.15760885214774858
    },
    {
        "case": 4,
        "collider1": {
            "type": "Cylinder",
            "collider2origin": [
                [
                    1.0,
                    0.0,
                    0.0,
                    0.11849999999999997
                ],
                [
                    0.0,
                    1.0,
                    0.0,
                    -0.3215
                ],
                [
                    0.0,
                    0.0,
                    1.0,
                    0.9905
                ],
                [
                    0.0,
                    0.0,
                    0.0,
                    1.0
                ]
            ],
            "radius": 0.005,
            "height": 0.027
        },
        "collider2": {
            "type": "Box",
            "collider2origin": [
                [
                    0.5901752631063356,
                    -0.7467625215793801,
                    0.3066576188223167,
                    -0.03841123115295219
                ],
                [
                    -0.662652350617407,
                    -0.6650907729899308,
                    -0.344305280100206,
                    -0.21930117551266698
                ],
                [
                    0.4610694319065108,
                    -6.932675305253289e-06,
                    -0.8873640622164868,
                    0.861071161892486
                ],
                [
                    0.0,
                    0.0,
                    0.0,
                    1.0
                ]
            ],
            "size": [
                0.15068,
                0.17726,
                0.74884
            ]
        },
        "distance": 0.13400184162349513
    },
    {
        "case": 5,
        "collider1": {
            "type": "Box",
            "collider2origin": [
                [
                    1.0,
                    0.0,
                    0.0,
                    0.094
                ],
                [
                    0.0,
                    1.0,
                    0.0,
                    -0.3175
                ],
                [
                    0.0,
                    0.0,
                    1.0,
                    0.994
                ],
                [
                    0.0,
                    0.0,
                    0.0,
                    1.0
                ]
            ],
            "size": [
                0.018,
                0.0116,
                0.01
            ]
        },
        "collider2": {
            "type": "Box",
            "collider2origin": [
                [
                    0.5901752631063356,
                    -0.7467625215793801,
                    0.3066576188223167,
                    -0.03841123115295219
                ],
                [
                    -0.662652350617407,
                    -0.6650907729899308,
                    -0.344305280100206,
                    -0.21930117551266698
                ],
                [
                    0.4610694319065108,
                    -6.932675305253289e-06,
                    -0.8873640622164868,
                    0.861071161892486
                ],
                [
                    0.0,
                    0.0,
                    0.0,
                    1.0
                ]
            ],
            "size": [
                0.15068,
                0.17726,
                0.74884
            ]
        },
        "distance": 0.11770663076747825
    },
    {
        "case": 6,
        "collider1": {
            "type": "Cylinder",
            "collider2origin": [
                [
                    1.0,
                    0.0,
                    0.0,
                    0.1585
                ],
                [
                    0.0,
                    1.0,
                    0.0,
                    -0.386
                ],
                [
                    0.0,
                    0.0,
                    1.0,
                    0.9905
                ],
                [
                    0.0,
                    0.0,
                    0.0,
                    1.0
                ]
            ],
            "radius": 0.005,
            "height": 0.027
        },
        "collider2": {
            "type": "Box",
            "collider2origin": [
                [
                    0.5901752631063356,
                    -0.7467625215793801,
                    0.3066576188223167,
                    -0.03841123115295219
                ],
                [
                    -0.662652350617407,
                    -0.6650907729899308,
                    -0.344305280100206,
                    -0.21930117551266698
                ],
                [
                    0.4610694319065108,
                    -6.932675305253289e-06,
                    -0.8873640622164868,
                    0.861071161892486
                ],
                [
                    0.0,
                    0.0,
                    0.0,
                    1.0
                ]
            ],
            "size": [
                0.15068,
                0.17726,
                0.74884
            ]
        },
        "distance": 0.2003499287625713
    },
    {
        "case": 7,
        "collider1": {
            "type": "Cylinder",
            "collider2origin": [
                [
                    1.0,
                    0.0,
                    0.0,
                    0.064
                ],
                [
                    0.0,
                    1.0,
                    0.0,
                    -0.369
                ],
                [
                    0.0,
                    0.0,
                    1.0,
                    0.9855
                ],
                [
                    0.0,
                    0.0,
                    0.0,
                    1.0
                ]
            ],
            "radius": 0.004,
            "height": 0.027
        },
        "collider2": {
            "type": "Box",
            "collider2origin": [
                [
                    0.5901752631063356,
                    -0.7467625215793801,
                    0.3066576188223167,
                    -0.03841123115295219
                ],
                [
                    -0.662652350617407,
                    -0.6650907729899308,
                    -0.344305280100206,
                    -0.21930117551266698
                ],
                [
                    0.4610694319065108,
                    -6.932675305253289e-06,
                    -0.8873640622164868,
                    0.861071161892486
                ],
                [
                    0.0,
                    0.0,
                    0.0,
                    1.0
                ]
            ],
            "size": [
                0.15068,
                0.17726,
                0.74884
            ]
        },
        "distance": 0.13189529334123773
    },
    {
        "case": 8,
        "collider1": {
            "type": "Cylinder",
            "collider2origin": [
                [
                    1.0,
                    0.0,
                    0.0,
                    0.11849999999999997
                ],
                [
                    0.0,
                    1.0,
                    0.0,
                    -0.386
                ],
                [
                    0.0,
                    0.0,
                    1.0,
                    0.9905
                ],
                [
                    0.0,
                    0.0,
                    0.0,
                    1.0
                ]
            ],
            "radius": 0.005,
            "height": 0.027
        },
        "collider2": {
            "type": "Box",
            "collider2origin": [
                [
                    0.5901752631063356,
                    -0.7467625215793801,
                    0.3066576188223167,
                    -0.03841123115295219
                ],
                [
                    -0.662652350617407,
                    -0.6650907729899308,
                    -0.344305280100206,
                    -0.21930117551266698
                ],
                [
                    0.4610694319065108,
                    -6.932675305253289e-06,
                    -0.8873640622164868,
                    0.861071161892486
                ],
                [
                    0.0,
                    0.0,
                    0.0,
                    1.0
                ]
            ],
            "size": [
                0.15068,
                0.17726,
                0.74884
            ]
        },
        "distance": 0.17674291823831786
    },
    {
        "case": 9,
        "collider1": {
            "type": "Box",
            "collider2origin": [
                [
                    1.0,
                    0.0,
                    0.0,
                    0.18499999999999997
                ],
                [
                    0.0,
                    1.0,
                    0.0,
                    -0.3175
                ],
                [
                    0.0,
                    0.0,
                    1.0,
                    0.994
                ],
                [
                    0.0,
                    0.0,
                    0.0,
                    1.0
                ]
            ],
            "size": [
                0.018,
                0.0116,
                0.01
            ]
        },
        "collider2": {
            "type": "Box",
            "collider2origin": [
                [
                    0.5901752631063356,
                    -0.7467625215793801,
                    0.3066576188223167,
                    -0.03841123115295219
                ],
                [
                    -0.662652350617407,
                    -0.6650907729899308,
                    -0.344305280100206,
                    -0.21930117551266698
                ],
                [
                    0.4610694319065108,
                    -6.932675305253289e-06,
                    -0.8873640622164868,
                    0.861071161892486
                ],
                [
                    0.0,
                    0.0,
                    0.0,
                    1.0
                ]
            ],
            "size": [
                0.15068,
                0.17726,
                0.74884
            ]
        },
        "distance": 0.1717058663436991
    },
    {
        "case": 10,
        "collider1": {
            "type": "Box",
            "collider2origin": [
                [
                    1.0,
                    0.0,
                    0.0,
                    0.149
                ],
                [
                    0.0,
                    1.0,
                    0.0,
                    -0.354
                ],
                [
                    0.0,
                    0.0,
                    1.0,
                    0.865
                ],
                [
                    0.0,
                    0.0,
                    0.0,
                    1.0
                ]
            ],
            "size": [
                0.1,
                0.085,
                0.2158
            ]
        },
        "collider2": {
            "type": "Box",
            "collider2origin": [
                [
                    0.5901752631063356,
                    -0.7467625215793801,
                    0.3066576188223167,
                    -0.03841123115295219
                ],
                [
                    -0.662652350617407,
                    -0.6650907729899308,
                    -0.344305280100206,
                    -0.21930117551266698
                ],
                [
                    0.4610694319065108,
                    -6.932675305253289e-06,
                    -0.8873640622164868,
                    0.861071161892486
                ],
                [
                    0.0,
                    0.0,
                    0.0,
                    1.0
                ]
            ],
            "size": [
                0.15068,
                0.17726,
                0.74884
            ]
        },
        "distance": 0.018914552721723602
    },
    {
        "case": 11,
        "collider1": {
            "type": "Box",
            "collider2origin": [
                [
                    1.0,
                    0.0,
                    0.0,
                    -0.01200000000000001
                ],
                [
                    0.0,
                    1.0,
                    0.0,
                    0.15750000000000003
                ],
                [
                    0.0,
                    0.0,
                    1.0,
                    0.335
                ],
                [
                    0.0,
                    0.0,
                    0.0,
                    1.0
                ]
            ],
            "size": [
                1.6,
                1.586,
                0.76
            ]
        },
        "collider2": {
            "type": "Box",
            "collider2origin": [
                [
                    0.5901752631063356,
                    -0.7467625215793801,
                    0.3066576188223167,
                    -0.03841123115295219
                ],
                [
                    -0.662652350617407,
                    -0.6650907729899308,
                    -0.344305280100206,
                    -0.21930117551266698
                ],
                [
                    0.4610694319065108,
                    -6.932675305253289e-06,
                    -0.8873640622164868,
                    0.861071161892486
                ],
                [
                    0.0,
                    0.0,
                    0.0,
                    1.0
                ]
            ],
            "size": [
                0.15068,
                0.17726,
                0.74884
            ]
        },
        "distance": 0.0
    },
    {
        "case": 12,
        "collider1": {
            "type": "Box",
            "collider2origin": [
                [
                    1.0,
                    0.0,
                    0.0,
                    0.07799999999999999
                ],
                [
                    0.0,
                    1.0,
                    0.0,
                    -0.315
                ],
                [
                    0.0,
                    0.0,
                    1.0,
                    0.75
                ],
                [
                    0.0,
                    0.0,
                    0.0,
                    1.0
                ]
            ],
            "size": [
                1.76,
                0.64,
                0.06
            ]
        },
        "collider2": {
            "type": "Box",
            "collider2origin": [
                [
                    0.5901752631063356,
                    -0.7467625215793801,
                    0.3066576188223167,
                    -0.03841123115295219
                ],
                [
                    -0.662652350617407,
                    -0.6650907729899308,
                    -0.344305280100206,
                    -0.21930117551266698
                ],
                [
                    0.4610694319065108,
                    -6.932675305253289e-06,
                    -0.8873640622164868,
                    0.861071161892486
                ],
                [
                    0.0,
                    0.0,
                    0.0,
                    1.0
                ]
            ],
            "size": [
                0.15068,
                0.17726,
                0.74884
            ]
        },
        "distance": 0.0
    },
    {
        "case": 13,
        "collider1": {
            "type": "Box",
            "collider2origin": [
                [
                    1.0,
                    0.0,
                    0.0,
                    0.16
                ],
                [
                    0.0,
                    1.0,
                    0.0,
                    -0.3541
                ],
                [
                    0.0,
                    0.0,
                    1.0,
                    0.994
                ],
                [
                    0.0,
                    0.0,
                    0.0,
                    1.0
                ]
            ],
            "size": [
                0.032,
                0.085,
                0.01
            ]
        },
        "collider2": {
            "type": "Box",
            "collider2origin": [
                [
                    0.5901752631063356,
                    -0.7467625215793801,
                    0.3066576188223167,
                    -0.03841123115295219
                ],
                [
                    -0.662652350617407,
                    -0.6650907729899308,
                    -0.344305280100206,
                    -0.21930117551266698
                ],
                [
                    0.4610694319065108,
                    -6.932675305253289e-06,
                    -0.8873640622164868,
                    0.861071161892486
                ],
                [
                    0.0,
                    0.0,
                    0.0,
                    1.0
                ]
            ],
            "size": [
                0.15068,
                0.17726,
                0.74884
            ]
        },
        "distance": 0.15246070605569034
    },
    {
        "case": 14,
        "collider1": {
            "type": "Box",
            "collider2origin": [
                [
                    1.0,
                    0.0,
                    0.0,
                    0.11800000000000002
                ],
                [
                    0.0,
                    1.0,
                    0.0,
                    -0.3541
                ],
                [
                    0.0,
                    0.0,
                    1.0,
                    0.994
                ],
                [
                    0.0,
                    0.0,
                    0.0,
                    1.0
                ]
            ],
            "size": [
                0.03,
                0.085,
                0.01
            ]
        },
        "collider2": {
            "type": "Box",
            "collider2origin": [
                [
                    0.5901752631063356,
                    -0.7467625215793801,
                    0.3066576188223167,
                    -0.03841123115295219
                ],
                [
                    -0.662652350617407,
                    -0.6650907729899308,
                    -0.344305280100206,
                    -0.21930117551266698
                ],
                [
                    0.4610694319065108,
                    -6.932675305253289e-06,
                    -0.8873640622164868,
                    0.861071161892486
                ],
                [
                    0.0,
                    0.0,
                    0.0,
                    1.0
                ]
            ],
            "size": [
                0.15068,
                0.17726,
                0.74884
            ]
        },
        "distance": 0.1282635202683306
    },
    {
        "case": 15,
        "collider1": {
            "type": "Cylinder",
            "collider2origin": [
                [
                    1.0,
                    0.0,
                    0.0,
                    0.064
                ],
                [
                    0.0,
                    1.0,
                    0.0,
                    -0.339
                ],
                [
                    0.0,
                    0.0,
                    1.0,
                    0.9855
                ],
                [
                    0.0,
                    0.0,
                    0.0,
                    1.0
                ]
            ],
            "radius": 0.004,
            "height": 0.027
        },
        "collider2": {
            "type": "Box",
            "collider2origin": [
                [
                    0.5901752631063356,
                    -0.7467625215793801,
                    0.3066576188223167,
                    -0.03841123115295219
                ],
                [
                    -0.662652350617407,
                    -0.6650907729899308,
                    -0.344305280100206,
                    -0.21930117551266698
                ],
                [
                    0.4610694319065108,
                    -6.932675305253289e-06,
                    -0.8873640622164868,
                    0.861071161892486
                ],
                [
                    0.0,
                    0.0,
                    0.0,
                    1.0
                ]
            ],
            "size": [
                0.15068,
                0.17726,
                0.74884
            ]
        },
        "distance": 0.11201572282271553
    },
    {
        "case": 16,
        "collider1": {
            "type": "Cylinder",
            "collider2origin": [
                [
                    1.0,
                    0.0,
                    0.0,
                    0.1585
                ],
                [
                    0.0,
                    1.0,
                    0.0,
                    -0.3215
                ],
                [
                    0.0,
                    0.0,
                    1.0,
                    0.9905
                ],
                [
                    0.0,
                    0.0,
                    0.0,
                    1.0
                ]
            ],
            "radius": 0.005,
            "height": 0.027
        },
        "collider2": {
            "type": "Box",
            "collider2origin": [
                [
                    0.5901752631063356,
                    -0.7467625215793801,
                    0.3066576188223167,
                    -0.03841123115295219
                ],
                [
                    -0.662652350617407,
                    -0.6650907729899308,
                    -0.344305280100206,
                    -0.21930117551266698
                ],
                [
                    0.4610694319065108,
                    -6.932675305253289e-06,
                    -0.8873640622164868,
                    0.861071161892486
                ],
                [
                    0.0,
                    0.0,
                    0.0,
                    1.0
                ]
            ],
            "size": [
                0.15068,
                0.17726,
                0.74884
            ]
        },
        "distance": 0.15760885214774858
    },
    {
        "case": 17,
        "collider1": {
            "type": "Cylinder",
            "collider2origin": [
                [
                    1.0,
                    0.0,
                    0.0,
                    0.11849999999999997
                ],
                [
                    0.0,
                    1.0,
                    0.0,
                    -0.3215
                ],
                [
                    0.0,
                    0.0,
                    1.0,
                    0.9905
                ],
                [
                    0.0,
                    0.0,
                    0.0,
                    1.0
                ]
            ],
            "radius": 0.005,
            "height": 0.027
        },
        "collider2": {
            "type": "Box",
            "collider2origin": [
                [
                    0.5901752631063356,
                    -0.7467625215793801,
                    0.3066576188223167,
                    -0.03841123115295219
                ],
                [
                    -0.662652350617407,
                    -0.6650907729899308,
                    -0.344305280100206,
                    -0.21930117551266698
                ],
                [
                    0.4610694319065108,
                    -6.932675305253289e-06,
                    -0.8873640622164868,
                    0.861071161892486
                ],
                [
                    0.0,
                    0.0,
                    0.0,
                    1.0
                ]
            ],
            "size": [
                0.15068,
                0.17726,
                0.74884
            ]
        },
        "distance": 0.13400184162349513
    },
    {
        "case": 18,
        "collider1": {
            "type": "Box",
            "collider2origin": [
                [
                    1.0,
                    0.0,
                    0.0,
                    0.094
                ],
                [
                    0.0,
                    1.0,
                    0.0,
                    -0.3175
                ],
                [
                    0.0,
                    0.0,
                    1.0,
                    0.994
                ],
                [
                    0.0,
                    0.0,
                    0.0,
                    1.0
                ]
            ],
            "size": [
                0.018,
                0.0116,
                0.01
            ]
        },
        "collider2": {
            "type": "Box",
            "collider2origin": [
                [
                    0.5901752631063356,
                    -0.7467625215793801,
                    0.3066576188223167,
                    -0.03841123115295219
                ],
                [
                    -0.662652350617407,
                    -0.6650907729899308,
                    -0.344305280100206,
                    -0.21930117551266698
                ],
                [
                    0.4610694319065108,
                    -6.932675305253289e-06,
                    -0.8873640622164868,
                    0.861071161892486
                ],
                [
                    0.0,
                    0.0,
                    0.0,
                    1.0
                ]
            ],
            "size": [
                0.15068,
                0.17726,
                0.74884
            ]
        },
        "distance": 0.11770663076747825
    },
    {
        "case": 19,
        "collider1": {
            "type": "Cylinder",
            "collider2origin": [
                [
                    1.0,
                    0.0,
                    0.0,
                    0.1585
                ],
                [
                    0.0,
                    1.0,
                    0.0,
                    -0.386
                ],
                [
                    0.0,
                    0.0,
                    1.0,
                    0.9905
                ],
                [
                    0.0,
                    0.0,
                    0.0,
                    1.0
                ]
            ],
            "radius": 0.005,
            "height": 0.027
        },
        "collider2": {
            "type": "Box",
            "collider2origin": [
                [
                    0.5901752631063356,
                    -0.7467625215793801,
                    0.3066576188223167,
                    -0.03841123115295219
                ],
                [
                    -0.662652350617407,
                    -0.6650907729899308,
                    -0.344305280100206,
                    -0.21930117551266698
                ],
                [
                    0.4610694319065108,
                    -6.932675305253289e-06,
                    -0.8873640622164868,
                    0.861071161892486
                ],
                [
                    0.0,
                    0.0,
                    0.0,
                    1.0
                ]
            ],
            "size": [
                0.15068,
                0.17726,
                0.74884
            ]
        },
        "distance": 0.2003499287625713
    },
    {
        "case": 20,
        "collider1": {
            "type": "Cylinder",
            "collider2origin": [
                [
                    1.0,
                    0.0,
                    0.0,
                    0.064
                ],
                [
                    0.0,
                    1.0,
                    0.0,
                    -0.369
                ],
                [
                    0.0,
                    0.0,
                    1.0,
                    0.9855
                ],
                [
                    0.0,
                    0.0,
                    0.0,
                    1.0
                ]
            ],
            "radius": 0.004,
            "height": 0.027
        },
        "collider2": {
            "type": "Box",
            "collider2origin": [
                [
                    0.5901752631063356,
                    -0.7467625215793801,
                    0.3066576188223167,
                    -0.03841123115295219
                ],
                [
                    -0.662652350617407,
                    -0.6650907729899308,
                    -0.344305280100206,
                    -0.21930117551266698
                ],
                [
                    0.4610694319065108,
                    -6.932675305253289e-06,
                    -0.8873640622164868,
                    0.861071161892486
                ],
                [
                    0.0,
                    0.0,
                    0.0,
                    1.0
                ]
            ],
            "size": [
                0.15068,
                0.17726,
                0.74884
            ]
        },
        "distance": 0.13189529334123773
    },
    {
        "case": 21,
        "collider1": {
            "type": "Cylinder",
            "collider2origin": [
                [
                    1.0,
                    0.0,
                    0.0,
                    0.11849999999999997
                ],
                [
                    0.0,
                    1.0,
                    0.0,
                    -0.386
                ],
                [
                    0.0,
                    0.0,
                    1.0,
                    0.9905
                ],
                [
                    0.0,
                    0.0,
                    0.0,
                    1.0
                ]
            ],
            "radius": 0.005,
            "height": 0.027
        },
        "collider2": {
            "type": "Box",
            "collider2origin": [
                [
                    0.5901752631063356,
                    -0.7467625215793801,
                    0.3066576188223167,
                    -0.03841123115295219
                ],
                [
                    -0.662652350617407,
                    -0.6650907729899308,
                    -0.344305280100206,
                    -0.21930117551266698
                ],
                [
                    0.4610694319065108,
                    -6.932675305253289e-06,
                    -0.8873640622164868,
                    0.861071161892486
                ],
                [
                    0.0,
                    0.0,
                    0.0,
                    1.0
                ]
            ],
            "size": [
                0.15068,
                0.17726,
                0.74884
            ]
        },
        "distance": 0.17674291823831786
    },
    {
        "case": 22,
        "collider1": {
            "type": "Box",
            "collider2origin": [
                [
                    1.0,
                    0.0,
                    0.0,
                    0.18499999999999997
                ],
                [
                    0.0,
                    1.0,
                    0.0,
                    -0.3175
                ],
                [
                    0.0,
                    0.0,
                    1.0,
                    0.994
                ],
                [
                    0.0,
                    0.0,
                    0.0,
                    1.0
                ]
            ],
            "size": [
                0.018,
                0.0116,
                0.01
            ]
        },
        "collider2": {
            "type": "Box",
            "collider2origin": [
                [
                    0.5901752631063356,
                    -0.7467625215793801,
                    0.3066576188223167,
                    -0.03841123115295219
                ],
                [
                    -0.662652350617407,
                    -0.6650907729899308,
                    -0.344305280100206,
                    -0.21930117551266698
                ],
                [
                    0.4610694319065108,
                    -6.932675305253289e-06,
                    -0.8873640622164868,
                    0.861071161892486
                ],
                [
                    0.0,
                    0.0,
                    0.0,
                    1.0
                ]
            ],
            "size": [
                0.15068,
                0.17726,
                0.74884
            ]
        },
        "distance": 0.1717058663436991
    },
    {
        "case": 23,
        "collider1": {
            "type": "Box",
            "collider2origin": [
                [
                    1.0,
                    0.0,
                    0.0,
                    0.149
                ],
                [
                    0.0,
                    1.0,
                    0.0,
                    -0.354
                ],
                [
                    0.0,
                    0.0,
                    1.0,
                    0.865
                ],
                [
                    0.0,
                    0.0,
                    0.0,
                    1.0
                ]
            ],
            "size": [
                0.1,
                0.085,
                0.2158
            ]
        },
        "collider2": {
            "type": "Box",
            "collider2origin": [
                [
                    0.5901752631063356,
                    -0.7467625215793801,
                    0.3066576188223167,
                    -0.03841123115295219
                ],
                [
                    -0.662652350617407,
                    -0.6650907729899308,
                    -0.344305280100206,
                    -0.21930117551266698
                ],
                [
                    0.4610694319065108,
                    -6.932675305253289e-06,
                    -0.8873640622164868,
                    0.861071161892486
                ],
                [
                    0.0,
                    0.0,
                    0.0,
                    1.0
                ]
            ],
            "size": [
                0.15068,
                0.17726,
                0.74884
            ]
        },
        "distance": 0.018914552721723602
    },
    {
        "case": 24,
        "collider1": {
            "type": "Box",
            "collider2origin": [
                [
                    1.0,
                    0.0,
                    0.0,
                    -0.01200000000000001
                ],
                [
                    0.0,
                    1.0,
                    0.0,
                    0.15750000000000003
                ],
                [
                    0.0,
                    0.0,
                    1.0,
                    0.335
                ],
                [
                    0.0,
                    0.0,
                    0.0,
                    1.0
                ]
            ],
            "size": [
                1.6,
                1.586,
                0.76
            ]
        },
        "collider2": {
            "type": "Box",
            "collider2origin": [
                [
                    0.5901752631063356,
                    -0.7467625215793801,
                    0.3066576188223167,
                    -0.03841123115295219
                ],
                [
                    -0.662652350617407,
                    -0.6650907729899308,
                    -0.344305280100206,
                    -0.21930117551266698
                ],
                [
                    0.4610694319065108,
                    -6.932675305253289e-06,
                    -0.8873640622164868,
                    0.861071161892486
                ],
                [
                    0.0,
                    0.0,
                    0.0,
                    1.0
                ]
            ],
            "size": [
                0.15068,
                0.17726,
                0.74884
            ]
        },
        "distance": 0.0
    },
    {
        "case": 25,
        "collider1": {
            "type": "Box",
            "collider2origin": [
                [
                    1.0,
                    0.0,
                    0.0,
                    0.07799999999999999
                ],
                [
                    0.0,
                    1.0,
                    0.0,
                    -0.315
                ],
                [
                    0.0,
                    0.0,
                    1.0,
                    0.75
                ],
                [
                    0.0,
                    0.0,
                    0.0,
                    1.0
                ]
            ],
            "size": [
                1.76,
                0.64,
                0.06
            ]
        },
        "collider2": {
            "type": "Box",
            "collider2origin": [
                [
                    0.5901752631063356,
                    -0.7467625215793801,
                    0.3066576188223167,
                    -0.03841123115295219
                ],
                [
                    -0.662652350617407,
                    -0.6650907729899308,
                    -0.344305280100206,
                    -0.21930117551266698
                ],
                [
                    0.4610694319065108,
                    -6.932675305253289e-06,
                    -0.8873640622164868,
                    0.861071161892486
                ],
                [
                    0.0,
                    0.0,
                    0.0,
                    1.0
                ]
            ],
            "size": [
                0.15068,
                0.17726,
                0.74884
            ]
        },
        "distance": 0.0
    },
    {
        "case": 26,
        "collider1": {
            "type": "Box",
            "collider2origin": [
                [
                    1.0,
                    0.0,
                    0.0,
                    0.16
                ],
                [
                    0.0,
                    1.0,
                    0.0,
                    -0.3541
                ],
                [
                    0.0,
                    0.0,
                    1.0,
                    0.994
                ],
                [
                    0.0,
                    0.0,
                    0.0,
                    1.0
                ]
            ],
            "size": [
                0.032,
                0.085,
                0.01
            ]
        },
        "collider2": {
            "type": "Box",
            "collider2origin": [
                [
                    -0.5696346695580926,
                    -0.7467623869448601,
                    0.3433107640052337,
                    0.24797952671165735
                ],
                [
                    0.6395839394618946,
                    -0.665090924193179,
                    -0.38546912579124465,
                    -0.3509016159106504
                ],
                [
                    0.5161867177871257,
                    -5.271928023310918e-07,
                    0.8564760781130293,
                    0.8243457796760324
                ],
                [
                    0.0,
                    0.0,
                    0.0,
                    1.0
                ]
            ],
            "size": [
                0.1202,
                0.13634,
                0.67816
            ]
        },
        "distance": 0.03999536005120535
    },
    {
        "case": 27,
        "collider1": {
            "type": "Box",
            "collider2origin": [
                [
                    1.0,
                    0.0,
                    0.0,
                    0.11800000000000002
                ],
                [
                    0.0,
                    1.0,
                    0.0,
                    -0.3541
                ],
                [
                    0.0,
                    0.0,
                    1.0,
                    0.994
                ],
                [
                    0.0,
                    0.0,
                    0.0,
                    1.0
                ]
            ],
            "size": [
                0.03,
                0.085,
                0.01
            ]
        },
        "collider2": {
            "type": "Box",
            "collider2origin": [
                [
                    -0.5696346695580926,
                    -0.7467623869448601,
                    0.3433107640052337,
                    0.24797952671165735
                ],
                [
                    0.6395839394618946,
                    -0.665090924193179,
                    -0.38546912579124465,
                    -0.3509016159106504
                ],
                [
                    0.5161867177871257,
                    -5.271928023310918e-07,
                    0.8564760781130293,
                    0.8243457796760324
                ],
                [
                    0.0,
                    0.0,
                    0.0,
                    1.0
                ]
            ],
            "size": [
                0.1202,
                0.13634,
                0.67816
            ]
        },
        "distance": 0.07780027164514444
    },
    {
        "case": 28,
        "collider1": {
            "type": "Cylinder",
            "collider2origin": [
                [
                    1.0,
                    0.0,
                    0.0,
                    0.064
                ],
                [
                    0.0,
                    1.0,
                    0.0,
                    -0.339
                ],
                [
                    0.0,
                    0.0,
                    1.0,
                    0.9855
                ],
                [
                    0.0,
                    0.0,
                    0.0,
                    1.0
                ]
            ],
            "radius": 0.004,
            "height": 0.027
        },
        "collider2": {
            "type": "Box",
            "collider2origin": [
                [
                    -0.5696346695580926,
                    -0.7467623869448601,
                    0.3433107640052337,
                    0.24797952671165735
                ],
                [
                    0.6395839394618946,
                    -0.665090924193179,
                    -0.38546912579124465,
                    -0.3509016159106504
                ],
                [
                    0.5161867177871257,
                    -5.271928023310918e-07,
                    0.8564760781130293,
                    0.8243457796760324
                ],
                [
                    0.0,
                    0.0,
                    0.0,
                    1.0
                ]
            ],
            "size": [
                0.1202,
                0.13634,
                0.67816
            ]
        },
        "distance": 0.1388627598141481
    },
    {
        "case": 29,
        "collider1": {
            "type": "Cylinder",
            "collider2origin": [
                [
                    1.0,
                    0.0,
                    0.0,
                    0.1585
                ],
                [
                    0.0,
                    1.0,
                    0.0,
                    -0.3215
                ],
                [
                    0.0,
                    0.0,
                    1.0,
                    0.9905
                ],
                [
                    0.0,
                    0.0,
                    0.0,
                    1.0
                ]
            ],
            "radius": 0.005,
            "height": 0.027
        },
        "collider2": {
            "type": "Box",
            "collider2origin": [
                [
                    -0.5696346695580926,
                    -0.7467623869448601,
                    0.3433107640052337,
                    0.24797952671165735
                ],
                [
                    0.6395839394618946,
                    -0.665090924193179,
                    -0.38546912579124465,
                    -0.3509016159106504
                ],
                [
                    0.5161867177871257,
                    -5.271928023310918e-07,
                    0.8564760781130293,
                    0.8243457796760324
                ],
                [
                    0.0,
                    0.0,
                    0.0,
                    1.0
                ]
            ],
            "size": [
                0.1202,
                0.13634,
                0.67816
            ]
        },
        "distance": 0.08419114251610445
    },
    {
        "case": 30,
        "collider1": {
            "type": "Cylinder",
            "collider2origin": [
                [
                    1.0,
                    0.0,
                    0.0,
                    0.11849999999999997
                ],
                [
                    0.0,
                    1.0,
                    0.0,
                    -0.3215
                ],
                [
                    0.0,
                    0.0,
                    1.0,
                    0.9905
                ],
                [
                    0.0,
                    0.0,
                    0.0,
                    1.0
                ]
            ],
            "radius": 0.005,
            "height": 0.027
        },
        "collider2": {
            "type": "Box",
            "collider2origin": [
                [
                    -0.5696346695580926,
                    -0.7467623869448601,
                    0.3433107640052337,
                    0.24797952671165735
                ],
                [
                    0.6395839394618946,
                    -0.665090924193179,
                    -0.38546912579124465,
                    -0.3509016159106504
                ],
                [
                    0.5161867177871257,
                    -5.271928023310918e-07,
                    0.8564760781130293,
                    0.8243457796760324
                ],
                [
                    0.0,
                    0.0,
                    0.0,
                    1.0
                ]
            ],
            "size": [
                0.1202,
                0.13634,
                0.67816
            ]
        },
        "distance": 0.10733223747125696
    },
    {
        "case": 31,
        "collider1": {
            "type": "Box",
            "collider2origin": [
                [
                    1.0,
                    0.0,
                    0.0,
                    0.094
                ],
                [
                    0.0,
                    1.0,
                    0.0,
                    -0.3175
                ],
                [
                    0.0,
                    0.0,
                    1.0,
                    0.994
                ],
                [
                    0.0,
                    0.0,
                    0.0,
                    1.0
                ]
            ],
            "size": [
                0.018,
                0.0116,
                0.01
            ]
        },
        "collider2": {
            "type": "Box",
            "collider2origin": [
                [
                    -0.5696346695580926,
                    -0.7467623869448601,
                    0.3433107640052337,
                    0.24797952671165735
                ],
                [
                    0.6395839394618946,
                    -0.665090924193179,
                    -0.38546912579124465,
                    -0.3509016159106504
                ],
                [
                    0.5161867177871257,
                    -5.271928023310918e-07,
                    0.8564760781130293,
                    0.8243457796760324
                ],
                [
                    0.0,
                    0.0,
                    0.0,
                    1.0
                ]
            ],
            "size": [
                0.1202,
                0.13634,
                0.67816
            ]
        },
        "distance": 0.12700531103974502
    },
    {
        "case": 32,
        "collider1": {
            "type": "Cylinder",
            "collider2origin": [
                [
                    1.0,
                    0.0,
                    0.0,
                    0.1585
                ],
                [
                    0.0,
                    1.0,
                    0.0,
                    -0.386
                ],
                [
                    0.0,
                    0.0,
                    1.0,
                    0.9905
                ],
                [
                    0.0,
                    0.0,
                    0.0,
                    1.0
                ]
            ],
            "radius": 0.005,
            "height": 0.027
        },
        "collider2": {
            "type": "Box",
            "collider2origin": [
                [
                    -0.5696346695580926,
                    -0.7467623869448601,
                    0.3433107640052337,
                    0.24797952671165735
                ],
                [
                    0.6395839394618946,
                    -0.665090924193179,
                    -0.38546912579124465,
                    -0.3509016159106504
                ],
                [
                    0.5161867177871257,
                    -5.271928023310918e-07,
                    0.8564760781130293,
                    0.8243457796760324
                ],
                [
                    0.0,
                    0.0,
                    0.0,
                    1.0
                ]
            ],
            "size": [
                0.1202,
                0.13634,
                0.67816
            ]
        },
        "distance": 0.047675321263349585
    },
    {
        "case": 33,
        "collider1": {
            "type": "Cylinder",
            "collider2origin": [
                [
                    1.0,
                    0.0,
                    0.0,
                    0.064
                ],
                [
                    0.0,
                    1.0,
                    0.0,
                    -0.369
                ],
                [
                    0.0,
                    0.0,
                    1.0,
                    0.9855
                ],
                [
                    0.0,
                    0.0,
                    0.0,
                    1.0
                ]
            ],
            "radius": 0.004,
            "height": 0.027
        },
        "collider2": {
            "type": "Box",
            "collider2origin": [
                [
                    -0.5696346695580926,
                    -0.7467623869448601,
                    0.3433107640052337,
                    0.24797952671165735
                ],
                [
                    0.6395839394618946,
                    -0.665090924193179,
                    -0.38546912579124465,
                    -0.3509016159106504
                ],
                [
                    0.5161867177871257,
                    -5.271928023310918e-07,
                    0.8564760781130293,
                    0.8243457796760324
                ],
                [
                    0.0,
                    0.0,
                    0.0,
                    1.0
                ]
            ],
            "size": [
                0.1202,
                0.13634,
                0.67816
            ]
        },
        "distance": 0.13258978858178577
    },
    {
        "case": 34,
        "collider1": {
            "type": "Cylinder",
            "collider2origin": [
                [
                    1.0,
                    0.0,
                    0.0,
                    0.11849999999999997
                ],
                [
                    0.0,
                    1.0,
                    0.0,
                    -0.386
                ],
                [
                    0.0,
                    0.0,
                    1.0,
                    0.9905
                ],
                [
                    0.0,
                    0.0,
                    0.0,
                    1.0
                ]
            ],
            "radius": 0.005,
            "height": 0.027
        },
        "collider2": {
            "type": "Box",
            "collider2origin": [
                [
                    -0.5696346695580926,
                    -0.7467623869448601,
                    0.3433107640052337,
                    0.24797952671165735
                ],
                [
                    0.6395839394618946,
                    -0.665090924193179,
                    -0.38546912579124465,
                    -0.3509016159106504
                ],
                [
                    0.5161867177871257,
                    -5.271928023310918e-07,
                    0.8564760781130293,
                    0.8243457796760324
                ],
                [
                    0.0,
                    0.0,
                    0.0,
                    1.0
                ]
            ],
            "size": [
                0.1202,
                0.13634,
                0.67816
            ]
        },
        "distance": 0.08257764506760558
    },
    {
        "case": 35,
        "collider1": {
            "type": "Box",
            "collider2origin": [
                [
                    1.0,
                    0.0,
                    0.0,
                    0.18499999999999997
                ],
                [
                    0.0,
                    1.0,
                    0.0,
                    -0.3175
                ],
                [
                    0.0,
                    0.0,
                    1.0,
                    0.994
                ],
                [
                    0.0,
                    0.0,
                    0.0,
                    1.0
                ]
            ],
            "size": [
                0.018,
                0.0116,
                0.01
            ]
        },
        "collider2": {
            "type": "Box",
            "collider2origin": [
                [
                    -0.5696346695580926,
                    -0.7467623869448601,
                    0.3433107640052337,
                    0.24797952671165735
                ],
                [
                    0.6395839394618946,
                    -0.665090924193179,
                    -0.38546912579124465,
                    -0.3509016159106504
                ],
                [
                    0.5161867177871257,
                    -5.271928023310918e-07,
                    0.8564760781130293,
                    0.8243457796760324
                ],
                [
                    0.0,
                    0.0,
                    0.0,
                    1.0
                ]
            ],
            "size": [
                0.1202,
                0.13634,
                0.67816
            ]
        },
        "distance": 0.07329448165977215
    },
    {
        "case": 36,
        "collider1": {
            "type": "Cylinder",
            "collider2origin": [
                [
                    1.0,
                    0.0,
                    0.0,
                    0.23600000000000002
                ],
                [
                    0.0,
                    1.0,
                    0.0,
                    -0.369
                ],
                [
                    0.0,
                    0.0,
                    1.0,
                    0.9855
                ],
                [
                    0.0,
                    0.0,
                    0.0,
                    1.0
                ]
            ],
            "radius": 0.004,
            "height": 0.027
        },
        "collider2": {
            "type": "Box",
            "collider2origin": [
                [
                    -0.5696346695580926,
                    -0.7467623869448601,
                    0.3433107640052337,
                    0.24797952671165735
                ],
                [
                    0.6395839394618946,
                    -0.665090924193179,
                    -0.38546912579124465,
                    -0.3509016159106504
                ],
                [
                    0.5161867177871257,
                    -5.271928023310918e-07,
                    0.8564760781130293,
                    0.8243457796760324
                ],
                [
                    0.0,
                    0.0,
                    0.0,
                    1.0
                ]
            ],
            "size": [
                0.1202,
                0.13634,
                0.67816
            ]
        },
        "distance": 0.007939760990089818
    },
    {
        "case": 37,
        "collider1": {
            "type": "Box",
            "collider2origin": [
                [
                    1.0,
                    0.0,
                    0.0,
                    0.149
                ],
                [
                    0.0,
                    1.0,
                    0.0,
                    -0.354
                ],
                [
                    0.0,
                    0.0,
                    1.0,
                    0.865
                ],
                [
                    0.0,
                    0.0,
                    0.0,
                    1.0
                ]
            ],
            "size": [
                0.1,
                0.085,
                0.2158
            ]
        },
        "collider2": {
            "type": "Box",
            "collider2origin": [
                [
                    -0.5696346695580926,
                    -0.7467623869448601,
                    0.3433107640052337,
                    0.24797952671165735
                ],
                [
                    0.6395839394618946,
                    -0.665090924193179,
                    -0.38546912579124465,
                    -0.3509016159106504
                ],
                [
                    0.5161867177871257,
                    -5.271928023310918e-07,
                    0.8564760781130293,
                    0.8243457796760324
                ],
                [
                    0.0,
                    0.0,
                    0.0,
                    1.0
                ]
            ],
            "size": [
                0.1202,
                0.13634,
                0.67816
            ]
        },
        "distance": 0.0
    },
    {
        "case": 38,
        "collider1": {
            "type": "Box",
            "collider2origin": [
                [
                    1.0,
                    0.0,
                    0.0,
                    -0.01200000000000001
                ],
                [
                    0.0,
                    1.0,
                    0.0,
                    0.15750000000000003
                ],
                [
                    0.0,
                    0.0,
                    1.0,
                    0.335
                ],
                [
                    0.0,
                    0.0,
                    0.0,
                    1.0
                ]
            ],
            "size": [
                1.6,
                1.586,
                0.76
            ]
        },
        "collider2": {
            "type": "Box",
            "collider2origin": [
                [
                    -0.5696346695580926,
                    -0.7467623869448601,
                    0.3433107640052337,
                    0.24797952671165735
                ],
                [
                    0.6395839394618946,
                    -0.665090924193179,
                    -0.38546912579124465,
                    -0.3509016159106504
                ],
                [
                    0.5161867177871257,
                    -5.271928023310918e-07,
                    0.8564760781130293,
                    0.8243457796760324
                ],
                [
                    0.0,
                    0.0,
                    0.0,
                    1.0
                ]
            ],
            "size": [
                0.1202,
                0.13634,
                0.67816
            ]
        },
        "distance": 0.0
    },
    {
        "case": 39,
        "collider1": {
            "type": "Box",
            "collider2origin": [
                [
                    1.0,
                    0.0,
                    0.0,
                    0.07799999999999999
                ],
                [
                    0.0,
                    1.0,
                    0.0,
                    -0.315
                ],
                [
                    0.0,
                    0.0,
                    1.0,
                    0.75
                ],
                [
                    0.0,
                    0.0,
                    0.0,
                    1.0
                ]
            ],
            "size": [
                1.76,
                0.64,
                0.06
            ]
        },
        "collider2": {
            "type": "Box",
            "collider2origin": [
                [
                    -0.5696346695580926,
                    -0.7467623869448601,
                    0.3433107640052337,
                    0.24797952671165735
                ],
                [
                    0.6395839394618946,
                    -0.665090924193179,
                    -0.38546912579124465,
                    -0.3509016159106504
                ],
                [
                    0.5161867177871257,
                    -5.271928023310918e-07,
                    0.8564760781130293,
                    0.8243457796760324
                ],
                [
                    0.0,
                    0.0,
                    0.0,
                    1.0
                ]
            ],
            "size": [
                0.1202,
                0.13634,
                0.67816
            ]
        },
        "distance": 0.0
    }
]