[
    {
        "case": 0,
        "collider1": {
            "type": "Box",
            "collider2origin": [
                [
                    1.0,
                    0.0,
                    0.0,
                    0.9679999999999999
                ],
                [
                    0.0,
                    1.0,
                    0.0,
                    -0.23500000000000004
                ],
                [
                    0.0,
                    0.0,
                    1.0,
                    1.92
                ],
                [
                    0.0,
                    0.0,
                    0.0,
                    1.0
                ]
            ],
            "size": [
                0.2,
                3.52,
                2.12
            ]
        },
        "collider2": {
            "type": "Cylinder",
            "collider2origin": [
                [
                    0.711692384618738,
                    -0.6391275390112984,
                    -0.2915646387219403,
                    1.0544897591871725
                ],
                [
                    -0.6009516674526085,
                    -0.768847635148589,
                    0.21847289834748673,
                    0.7343607977873565
                ],
                [
                    -0.3638008288358111,
                    0.019730757810677214,
                    -0.9312677671510984,
                    1.3825669679433523
                ],
                [
                    0.0,
                    0.0,
                    0.0,
                    1.0
                ]
            ],
            "radius": 0.00783,
            "height": 0.03044
        },
        "distance": 0.0
    },
    {
        "case": 1,
        "collider1": {
            "type": "Box",
            "collider2origin": [
                [
                    1.0,
                    0.0,
                    0.0,
                    0.9679999999999999
                ],
                [
                    0.0,
                    1.0,
                    0.0,
                    -0.23500000000000004
                ],
                [
                    0.0,
                    0.0,
                    1.0,
                    1.92
                ],
                [
                    0.0,
                    0.0,
                    0.0,
                    1.0
                ]
            ],
            "size": [
                0.2,
                3.52,
                2.12
            ]
        },
        "collider2": {
            "type": "Box",
            "collider2origin": [
                [
                    0.4893999675399885,
                    0.862981100085024,
                    0.12550415398663003,
                    1.002840222143093
                ],
                [
                    -0.8464737587765706,
                    0.5047013472211096,
                    -0.16958397865323557,
                    0.6879769936697856
                ],
                [
                    -0.20968988405386227,
                    -0.023241579318940622,
                    0.9774916784895095,
                    1.3469322085664666
                ],
                [
                    0.0,
                    0.0,
                    0.0,
                    1.0
                ]
            ],
            "size": [
                0.06241,
                0.05638,
                0.02858
            ]
        },
        "distance": 0.0
    },
    {
        "case": 2,
        "collider1": {
            "type": "Box",
            "collider2origin": [
                [
                    1.0,
                    0.0,
                    0.0,
                    0.9679999999999999
                ],
                [
                    0.0,
                    1.0,
                    0.0,
                    -0.23500000000000004
                ],
                [
                    0.0,
                    0.0,
                    1.0,
                    1.92
                ],
                [
                    0.0,
                    0.0,
                    0.0,
                    1.0
                ]
            ],
            "size": [
                0.2,
                3.52,
                2.12
            ]
        },
        "collider2": {
            "type": "Cylinder",
            "collider2origin": [
                [
                    0.5575304395136683,
                    -0.3447259435230617,
                    -0.7551978766375276,
                    1.079964637761379
                ],
                [
                    -0.727865156104386,
                    -0.6404581967013309,
                    -0.24500125062378122,
                    0.7386303224541952
                ],
                [
                    -0.3992143829383321,
                    0.6862778753101497,
                    -0.6079889425926696,
                    1.365438597842219
                ],
                [
                    0.0,
                    0.0,
                    0.0,
                    1.0
                ]
            ],
            "radius": 0.00783,
            "height": 0.03683
        },
        "distance": 0.0
    },
    {
        "case": 3,
        "collider1": {
            "type": "Box",
            "collider2origin": [
                [
                    1.0,
                    0.0,
                    0.0,
                    0.9679999999999999
                ],
                [
                    0.0,
                    1.0,
                    0.0,
                    -0.23500000000000004
                ],
                [
                    0.0,
                    0.0,
                    1.0,
                    1.92
                ],
                [
                    0.0,
                    0.0,
                    0.0,
                    1.0
                ]
            ],
            "size": [
                0.2,
                3.52,
                2.12
            ]
        },
        "collider2": {
            "type": "Cylinder",
            "collider2origin": [
                [
                    0.4985202793197939,
                    -0.21351164462056763,
                    -0.8401727850378962,
                    1.0724568782167432
                ],
                [
                    -0.8668657178218169,
                    -0.1279505395785012,
                    -0.4818428028795661,
                    0.676272589485612
                ],
                [
                    -0.004621511893371065,
                    0.9685253930759846,
                    -0.24887186380711776,
                    1.3672384198695384
                ],
                [
                    0.0,
                    0.0,
                    0.0,
                    1.0
                ]
            ],
            "radius": 0.01271,
            "height": 0.05982
        },
        "distance": 0.0
    },
    {
        "case": 4,
        "collider1": {
            "type": "Box",
            "collider2origin": [
                [
                    1.0,
                    0.0,
                    0.0,
                    0.9679999999999999
                ],
                [
                    0.0,
                    1.0,
                    0.0,
                    -0.23500000000000004
                ],
                [
                    0.0,
                    0.0,
                    1.0,
                    1.92
                ],
                [
                    0.0,
                    0.0,
                    0.0,
                    1.0
                ]
            ],
            "size": [
                0.2,
                3.52,
                2.12
            ]
        },
        "collider2": {
            "type": "Cylinder",
            "collider2origin": [
                [
                    0.5144452380392647,
                    -0.16900269617995264,
                    -0.840704576972572,
                    1.083795346183019
                ],
                [
                    -0.8562896953319783,
                    -0.04867565064928586,
                    -0.5141970815768374,
                    0.6843886404669547
                ],
                [
                    0.04597885086637585,
                    0.9844129061109342,
                    -0.16975622390720227,
                    1.3722902473256167
                ],
                [
                    0.0,
                    0.0,
                    0.0,
                    1.0
                ]
            ],
            "radius": 0.01169,
            "height": 0.05502
        },
        "distance": 0.0
    },
    {
        "case": 5,
        "collider1": {
            "type": "Box",
            "collider2origin": [
                [
                    1.0,
                    0.0,
                    0.0,
                    0.9679999999999999
                ],
                [
                    0.0,
                    1.0,
                    0.0,
                    -0.23500000000000004
                ],
                [
                    0.0,
                    0.0,
                    1.0,
                    1.92
                ],
                [
                    0.0,
                    0.0,
                    0.0,
                    1.0
                ]
            ],
            "size": [
                0.2,
                3.52,
                2.12
            ]
        },
        "collider2": {
            "type": "Cylinder",
            "collider2origin": [
                [
                    0.4100838333538325,
                    -0.6741793019158175,
                    -0.6142585111255084,
                    1.0788257716785448
                ],
                [
                    -0.8208240958818932,
                    -0.5664096749880649,
                    0.07367417254090206,
                    0.7153499172113105
                ],
                [
                    -0.397591565858103,
                    0.4739855999376085,
                    -0.7856580667251409,
                    1.3572249967857972
                ],
                [
                    0.0,
                    0.0,
                    0.0,
                    1.0
                ]
            ],
            "radius": 0.00683,
            "height": 0.01782
        },
        "distance": 0.0
    },
    {
        "case": 6,
        "collider1": {
            "type": "Box",
            "collider2origin": [
                [
                    1.0,
                    0.0,
                    0.0,
                    0.9679999999999999
                ],
                [
                    0.0,
                    1.0,
                    0.0,
                    -0.23500000000000004
                ],
                [
                    0.0,
                    0.0,
                    1.0,
                    1.92
                ],
                [
                    0.0,
                    0.0,
                    0.0,
                    1.0
                ]
            ],
            "size": [
                0.2,
                3.52,
                2.12
            ]
        },
        "collider2": {
            "type": "Box",
            "collider2origin": [
                [
                    -0.8705896017693746,
                    -0.46036763284488547,
                    0.17359547206029935,
                    0.8382941977237344
                ],
                [
                    -0.451481235184354,
                    0.8877283608040603,
                    0.09001695229536565,
                    0.614923886308793
                ],
                [
                    -0.19554651509922516,
                    -7.275496879780509e-06,
                    -0.9806944276274927,
                    1.4322959273721874
                ],
                [
                    0.0,
                    0.0,
                    0.0,
                    1.0
                ]
            ],
            "size": [
                0.09102,
                0.10007,
                0.11882
            ]
        },
        "distance": 0.0
    },
    {
        "case": 7,
        "collider1": {
            "type": "Box",
            "collider2origin": [
                [
                    1.0,
                    0.0,
                    0.0,
                    0.9679999999999999
                ],
                [
                    0.0,
                    1.0,
                    0.0,
                    -0.23500000000000004
                ],
                [
                    0.0,
                    0.0,
                    1.0,
                    1.92
                ],
                [
                    0.0,
                    0.0,
                    0.0,
                    1.0
                ]
            ],
            "size": [
                0.2,
                3.52,
                2.12
            ]
        },
        "collider2": {
            "type": "Sphere",
            "collider2origin": [
                [
                    1.0,
                    0.0,
                    0.0,
                    1.0571409508857703
                ],
                [
                    0.0,
                    1.0,
                    0.0,
                    0.7169294447994375
                ],
                [
                    0.0,
                    0.0,
                    1.0,
                    1.4186775040178534
                ],
                [
                    0.0,
                    0.0,
                    0.0,
                    1.0
                ]
            ],
            "radius": 0.00484
        },
        "distance": 0.0
    },
    {
        "case": 8,
        "collider1": {
            "type": "Box",
            "collider2origin": [
                [
                    1.0,
                    0.0,
                    0.0,
                    0.9679999999999999
                ],
                [
                    0.0,
                    1.0,
                    0.0,
                    -0.23500000000000004
                ],
                [
                    0.0,
                    0.0,
                    1.0,
                    1.92
                ],
                [
                    0.0,
                    0.0,
                    0.0,
                    1.0
                ]
            ],
            "size": [
                0.2,
                3.52,
                2.12
            ]
        },
        "collider2": {
            "type": "Box",
            "collider2origin": [
                [
                    0.01605792389764837,
                    0.9119053734911747,
                    0.41008625053519965,
                    0.9263874446199407
                ],
                [
                    0.4423636026813566,
                    0.36133657710977063,
                    -0.820822953544408,
                    0.6555263099122831
                ],
                [
                    -0.8966920241102113,
                    0.19458794371829946,
                    -0.3975914310653787,
                    1.33590068733479
                ],
                [
                    0.0,
                    0.0,
                    0.0,
                    1.0
                ]
            ],
            "size": [
                0.08993,
                0.0305,
                0.09007
            ]
        },
        "distance": 0.0
    },
    {
        "case": 9,
        "collider1": {
            "type": "Box",
            "collider2origin": [
                [
                    1.0,
                    0.0,
                    0.0,
                    0.9679999999999999
                ],
                [
                    0.0,
                    1.0,
                    0.0,
                    -0.23500000000000004
                ],
                [
                    0.0,
                    0.0,
                    1.0,
                    1.92
                ],
                [
                    0.0,
                    0.0,
                    0.0,
                    1.0
                ]
            ],
            "size": [
                0.2,
                3.52,
                2.12
            ]
        },
        "collider2": {
            "type": "Box",
            "collider2origin": [
                [
                    -0.37188006962415904,
                    0.9119045048120403,
                    0.17359547206029935,
                    0.857221407411582
                ],
                [
                    0.9280788805279371,
                    0.361339922811561,
                    0.09001695229536565,
                    0.6290373683625036
                ],
                [
                    0.019359889832889412,
                    0.1945858018613967,
                    -0.9806944276274927,
                    1.3254391411129827
                ],
                [
                    0.0,
                    0.0,
                    0.0,
                    1.0
                ]
            ],
            "size": [
                0.09126,
                0.11887,
                0.10009
            ]
        },
        "distance": 0.0
    },
    {
        "case": 10,
        "collider1": {
            "type": "Box",
            "collider2origin": [
                [
                    1.0,
                    0.0,
                    0.0,
                    0.9679999999999999
                ],
                [
                    0.0,
                    1.0,
                    0.0,
                    -0.23500000000000004
                ],
                [
                    0.0,
                    0.0,
                    1.0,
                    1.92
                ],
                [
                    0.0,
                    0.0,
                    0.0,
                    1.0
                ]
            ],
            "size": [
                0.2,
                3.52,
                2.12
            ]
        },
        "collider2": {
            "type": "Box",
            "collider2origin": [
                [
                    0.6030414146493622,
                    -0.4603658775386801,
                    0.6514632077222294,
                    0.6989102391425377
                ],
                [
                    0.31272915586116173,
                    0.8877292711162865,
                    0.337841998984306,
                    0.4167453169984237
                ],
                [
                    -0.7338538868821646,
                    -1.1779698868599843e-06,
                    0.6793073477495671,
                    1.2365527760946697
                ],
                [
                    0.0,
                    0.0,
                    0.0,
                    1.0
                ]
            ],
            "size": [
                0.1202,
                0.13634,
                0.67816
            ]
        },
        "distance": 0.0
    },
    {
        "case": 11,
        "collider1": {
            "type": "Box",
            "collider2origin": [
                [
                    1.0,
                    0.0,
                    0.0,
                    0.9679999999999999
                ],
                [
                    0.0,
                    1.0,
                    0.0,
                    -0.23500000000000004
                ],
                [
                    0.0,
                    0.0,
                    1.0,
                    1.92
                ],
                [
                    0.0,
                    0.0,
                    0.0,
                    1.0
                ]
            ],
            "size": [
                0.2,
                3.52,
                2.12
            ]
        },
        "collider2": {
            "type": "Cylinder",
            "collider2origin": [
                [
                    0.7074263314349005,
                    -0.706554138754302,
                    -0.018144823000630386,
                    1.0584585833416769
                ],
                [
                    -0.6066623631061401,
                    -0.6201829575486035,
                    0.4973267299841632,
                    0.7243305808668187
                ],
                [
                    -0.3626413693761806,
                    -0.3408142429175069,
                    -0.8673735579561637,
                    1.406275982755393
                ],
                [
                    0.0,
                    0.0,
                    0.0,
                    1.0
                ]
            ],
            "radius": 0.0076,
            "height": 0.02993
        },
        "distance": 0.0
    },
    {
        "case": 12,
        "collider1": {
            "type": "Box",
            "collider2origin": [
                [
                    1.0,
                    0.0,
                    0.0,
                    0.9679999999999999
                ],
                [
                    0.0,
                    1.0,
                    0.0,
                    -0.23500000000000004
                ],
                [
                    0.0,
                    0.0,
                    1.0,
                    1.92
                ],
                [
                    0.0,
                    0.0,
                    0.0,
                    1.0
                ]
            ],
            "size": [
                0.2,
                3.52,
                2.12
            ]
        },
        "collider2": {
            "type": "Box",
            "collider2origin": [
                [
                    0.45223454150373443,
                    0.8629814926452056,
                    0.22527064349967904,
                    1.0473151538641265
                ],
                [
                    -0.7921489614055198,
                    0.5047004366866125,
                    -0.34318725523028787,
                    0.7132072308195044
                ],
                [
                    -0.4098584419224075,
                    -0.023246775264429625,
                    0.9118528636927894,
                    1.3429558683171468
                ],
                [
                    0.0,
                    0.0,
                    0.0,
                    1.0
                ]
            ],
            "size": [
                0.07264,
                0.04753,
                0.03326
            ]
        },
        "distance": 0.0
    }
]