[
    {
        "case": 0,
        "collider1": {
            "type": "Box",
            "collider2origin": [
                [
                    1.0,
                    0.0,
                    0.0,
                    -0.01200000000000001
                ],
                [
                    0.0,
                    1.0,
                    0.0,
                    0.15750000000000003
                ],
                [
                    0.0,
                    0.0,
                    1.0,
                    0.335
                ],
                [
                    0.0,
                    0.0,
                    0.0,
                    1.0
                ]
            ],
            "size": [
                1.6,
                1.586,
                0.76
            ]
        },
        "collider2": {
            "type": "Box",
            "collider2origin": [
                [
                    0.9596577476915986,
                    -0.08987688495979579,
                    -0.26641913002900464,
                    -0.09569969463096702
                ],
                [
                    -0.08659959830793626,
                    -0.9959528831716402,
                    0.02404920113021018,
                    -0.1666121256263603
                ],
                [
                    -0.2675023679678221,
                    -7.212548338109082e-06,
                    -0.9635572028061368,
                    0.8382875598839981
                ],
                [
                    0.0,
                    0.0,
                    0.0,
                    1.0
                ]
            ],
            "size": [
                0.15068,
                0.17726,
                0.74884
            ]
        },
        "distance": 0.0
    },
    {
        "case": 1,
        "collider1": {
            "type": "Box",
            "collider2origin": [
                [
                    1.0,
                    0.0,
                    0.0,
                    0.07799999999999999
                ],
                [
                    0.0,
                    1.0,
                    0.0,
                    -0.315
                ],
                [
                    0.0,
                    0.0,
                    1.0,
                    0.75
                ],
                [
                    0.0,
                    0.0,
                    0.0,
                    1.0
                ]
            ],
            "size": [
                1.76,
                0.64,
                0.06
            ]
        },
        "collider2": {
            "type": "Box",
            "collider2origin": [
                [
                    0.9596577476915986,
                    -0.08987688495979579,
                    -0.26641913002900464,
                    -0.09569969463096702
                ],
                [
                    -0.08659959830793626,
                    -0.9959528831716402,
                    0.02404920113021018,
                    -0.1666121256263603
                ],
                [
                    -0.2675023679678221,
                    -7.212548338109082e-06,
                    -0.9635572028061368,
                    0.8382875598839981
                ],
                [
                    0.0,
                    0.0,
                    0.0,
                    1.0
                ]
            ],
            "size": [
                0.15068,
                0.17726,
                0.74884
            ]
        },
        "distance": 0.0
    },
    {
        "case": 2,
        "collider1": {
            "type": "Box",
            "collider2origin": [
                [
                    1.0,
                    0.0,
                    0.0,
                    -0.01200000000000001
                ],
                [
                    0.0,
                    1.0,
                    0.0,
                    0.15750000000000003
                ],
                [
                    0.0,
                    0.0,
                    1.0,
                    0.335
                ],
                [
                    0.0,
                    0.0,
                    0.0,
                    1.0
                ]
            ],
            "size": [
                1.6,
                1.586,
                0.76
            ]
        },
        "collider2": {
            "type": "Box",
            "collider2origin": [
                [
                    0.9596577476915986,
                    -0.08987688495979579,
                    -0.26641913002900464,
                    -0.09569969463096702
                ],
                [
                    -0.08659959830793626,
                    -0.9959528831716402,
                    0.02404920113021018,
                    -0.1666121256263603
                ],
                [
                    -0.2675023679678221,
                    -7.212548338109082e-06,
                    -0.9635572028061368,
                    0.8382875598839981
                ],
                [
                    0.0,
                    0.0,
                    0.0,
                    1.0
                ]
            ],
            "size": [
                0.15068,
                0.17726,
                0.74884
            ]
        },
        "distance": 0.0
    },
    {
        "case": 3,
        "collider1": {
            "type": "Box",
            "collider2origin": [
                [
                    1.0,
                    0.0,
                    0.0,
                    0.07799999999999999
                ],
                [
                    0.0,
                    1.0,
                    0.0,
                    -0.315
                ],
                [
                    0.0,
                    0.0,
                    1.0,
                    0.75
                ],
                [
                    0.0,
                    0.0,
                    0.0,
                    1.0
                ]
            ],
            "size": [
                1.76,
                0.64,
                0.06
            ]
        },
        "collider2": {
            "type": "Box",
            "collider2origin": [
                [
                    0.9596577476915986,
                    -0.08987688495979579,
                    -0.26641913002900464,
                    -0.09569969463096702
                ],
                [
                    -0.08659959830793626,
                    -0.9959528831716402,
                    0.02404920113021018,
                    -0.1666121256263603
                ],
                [
                    -0.2675023679678221,
                    -7.212548338109082e-06,
                    -0.9635572028061368,
                    0.8382875598839981
                ],
                [
                    0.0,
                    0.0,
                    0.0,
                    1.0
                ]
            ],
            "size": [
                0.15068,
                0.17726,
                0.74884
            ]
        },
        "distance": 0.0
    },
    {
        "case": 4,
        "collider1": {
            "type": "Box",
            "collider2origin": [
                [
                    1.0,
                    0.0,
                    0.0,
                    -0.01200000000000001
                ],
                [
                    0.0,
                    1.0,
                    0.0,
                    0.15750000000000003
                ],
                [
                    0.0,
                    0.0,
                    1.0,
                    0.335
                ],
                [
                    0.0,
                    0.0,
                    0.0,
                    1.0
                ]
            ],
            "size": [
                1.6,
                1.586,
                0.76
            ]
        },
        "collider2": {
            "type": "Box",
            "collider2origin": [
                [
                    -0.9814621525354246,
                    -0.08987652813194676,
                    -0.16927567111513223,
                    -0.21477417751278025
                ],
                [
                    0.08856886553817742,
                    -0.9959529153985868,
                    0.015275678915705249,
                    -0.029013242462140508
                ],
                [
                    -0.16996352313897023,
                    -5.3443832814766396e-08,
                    0.985450354306185,
                    0.8139243609697734
                ],
                [
                    0.0,
                    0.0,
                    0.0,
                    1.0
                ]
            ],
            "size": [
                0.1202,
                0.13634,
                0.67816
            ]
        },
        "distance": 0.0
    },
    {
        "case": 5,
        "collider1": {
            "type": "Box",
            "collider2origin": [
                [
                    1.0,
                    0.0,
                    0.0,
                    0.07799999999999999
                ],
                [
                    0.0,
                    1.0,
                    0.0,
                    -0.315
                ],
                [
                    0.0,
                    0.0,
                    1.0,
                    0.75
                ],
                [
                    0.0,
                    0.0,
                    0.0,
                    1.0
                ]
            ],
            "size": [
                1.76,
                0.64,
                0.06
            ]
        },
        "collider2": {
            "type": "Box",
            "collider2origin": [
                [
                    -0.9814621525354246,
                    -0.08987652813194676,
                    -0.16927567111513223,
                    -0.21477417751278025
                ],
                [
                    0.08856886553817742,
                    -0.9959529153985868,
                    0.015275678915705249,
                    -0.029013242462140508
                ],
                [
                    -0.16996352313897023,
                    -5.3443832814766396e-08,
                    0.985450354306185,
                    0.8139243609697734
                ],
                [
                    0.0,
                    0.0,
                    0.0,
                    1.0
                ]
            ],
            "size": [
                0.1202,
                0.13634,
                0.67816
            ]
        },
        "distance": 0.0
    }
]