[
    {
        "case": 0,
        "collider1": {
            "type": "Box",
            "collider2origin": [
                [
                    1.0,
                    0.0,
                    0.0,
                    -0.28465
                ],
                [
                    0.0,
                    1.0,
                    0.0,
                    0.4895
                ],
                [
                    0.0,
                    0.0,
                    1.0,
                    0.8
                ],
                [
                    0.0,
                    0.0,
                    0.0,
                    1.0
                ]
            ],
            "size": [
                0.54952,
                0.04,
                0.16125
            ]
        },
        "collider2": {
            "type": "Box",
            "collider2origin": [
                [
                    -0.03250325078707201,
                    0.9952397468910398,
                    -0.09187700961900866,
                    0.0768720871328673
                ],
                [
                    -0.3319028306915091,
                    -0.09745689407253288,
                    -0.9382657751280806,
                    0.2904642043860096
                ],
                [
                    -0.9427534405491373,
                    -2.448225894529738e-06,
                    0.3334905550788059,
                    0.9760297412579236
                ],
                [
                    0.0,
                    0.0,
                    0.0,
                    1.0
                ]
            ],
            "size": [
                0.1202,
                0.13634,
                0.67816
            ]
        },
        "distance": 0.03562704714281918
    },
    {
        "case": 1,
        "collider1": {
            "type": "Box",
            "collider2origin": [
                [
                    1.0,
                    0.0,
                    0.0,
                    0.01006
                ],
                [
                    0.0,
                    1.0,
                    0.0,
                    0.6895
                ],
                [
                    0.0,
                    0.0,
                    1.0,
                    0.8
                ],
                [
                    0.0,
                    0.0,
                    0.0,
                    1.0
                ]
            ],
            "size": [
                0.03989,
                0.44,
                0.16125
            ]
        },
        "collider2": {
            "type": "Box",
            "collider2origin": [
                [
                    -0.03250325078707201,
                    0.9952397468910398,
                    -0.09187700961900866,
                    0.0768720871328673
                ],
                [
                    -0.3319028306915091,
                    -0.09745689407253288,
                    -0.9382657751280806,
                    0.2904642043860096
                ],
                [
                    -0.9427534405491373,
                    -2.448225894529738e-06,
                    0.3334905550788059,
                    0.9760297412579236
                ],
                [
                    0.0,
                    0.0,
                    0.0,
                    1.0
                ]
            ],
            "size": [
                0.1202,
                0.13634,
                0.67816
            ]
        },
        "distance": 0.0
    },
    {
        "case": 2,
        "collider1": {
            "type": "Box",
            "collider2origin": [
                [
                    1.0,
                    0.0,
                    0.0,
                    0.543
                ],
                [
                    0.0,
                    1.0,
                    0.0,
                    0.1875
                ],
                [
                    0.0,
                    0.0,
                    1.0,
                    0.791
                ],
                [
                    0.0,
                    0.0,
                    0.0,
                    1.0
                ]
            ],
            "size": [
                0.44,
                0.5928,
                0.142
            ]
        },
        "collider2": {
            "type": "Box",
            "collider2origin": [
                [
                    0.03899182836083972,
                    0.9952404124256761,
                    0.08930934327296904,
                    0.20049656844686717
                ],
                [
                    0.39816820297431477,
                    -0.09745009722069177,
                    0.9121214615893448,
                    0.2565600649414461
                ],
                [
                    0.9164833437991569,
                    -5.1427547157000815e-06,
                    -0.40007284400752363,
                    1.0071988692048586
                ],
                [
                    0.0,
                    0.0,
                    0.0,
                    1.0
                ]
            ],
            "size": [
                0.15068,
                0.17726,
                0.74884
            ]
        },
        "distance": 0.011136813691068047
    },
    {
        "case": 3,
        "collider1": {
            "type": "Box",
            "collider2origin": [
                [
                    1.0,
                    0.0,
                    0.0,
                    0.543
                ],
                [
                    0.0,
                    1.0,
                    0.0,
                    0.1875
                ],
                [
                    0.0,
                    0.0,
                    1.0,
                    0.791
                ],
                [
                    0.0,
                    0.0,
                    0.0,
                    1.0
                ]
            ],
            "size": [
                0.44,
                0.5928,
                0.142
            ]
        },
        "collider2": {
            "type": "Box",
            "collider2origin": [
                [
                    0.03899182836083972,
                    0.9952404124256761,
                    0.08930934327296904,
                    0.20049656844686717
                ],
                [
                    0.39816820297431477,
                    -0.09745009722069177,
                    0.9121214615893448,
                    0.2565600649414461
                ],
                [
                    0.9164833437991569,
                    -5.1427547157000815e-06,
                    -0.40007284400752363,
                    1.0071988692048586
                ],
                [
                    0.0,
                    0.0,
                    0.0,
                    1.0
                ]
            ],
            "size": [
                0.15068,
                0.17726,
                0.74884
            ]
        },
        "distance": 0.011136813691068047
    }
]