[
    {
        "case": 0,
        "collider1": {
            "type": "Box",
            "collider2origin": [
                [
                    1.0,
                    0.0,
                    0.0,
                    -1.0879999999999999
                ],
                [
                    0.0,
                    1.0,
                    0.0,
                    0.12225000000000001
                ],
                [
                    0.0,
                    0.0,
                    1.0,
                    0.355
                ],
                [
                    0.0,
                    0.0,
                    0.0,
                    1.0
                ]
            ],
            "size": [
                0.562,
                1.70929,
                0.793
            ]
        },
        "collider2": {
            "type": "Cylinder",
            "collider2origin": [
                [
                    0.9966542982281464,
                    0.06476418152183645,
                    0.04985790423962221,
                    -0.9680734990169124
                ],
                [
                    -0.07731086842261695,
                    0.944938611233751,
                    0.317984355941248,
                    0.4181189864393512
                ],
                [
                    -0.02651866224193039,
                    -0.32077503299265075,
                    0.9467841035639867,
                    0.46090067589853545
                ],
                [
                    0.0,
                    0.0,
                    0.0,
                    1.0
                ]
            ],
            "radius": 0.01271,
            "height": 0.05982
        },
        "distance": 0.0
    },
    {
        "case": 1,
        "collider1": {
            "type": "Box",
            "collider2origin": [
                [
                    1.0,
                    0.0,
                    0.0,
                    -1.0879999999999999
                ],
                [
                    0.0,
                    1.0,
                    0.0,
                    0.12225000000000001
                ],
                [
                    0.0,
                    0.0,
                    1.0,
                    0.355
                ],
                [
                    0.0,
                    0.0,
                    0.0,
                    1.0
                ]
            ],
            "size": [
                0.562,
                1.70929,
                0.793
            ]
        },
        "collider2": {
            "type": "Cylinder",
            "collider2origin": [
                [
                    0.9965133433314108,
                    0.014072729067362677,
                    0.08223815938510358,
                    -0.9701149944955036
                ],
                [
                    -0.04525947250828459,
                    0.9192224801033596,
                    0.39112863896792316,
                    0.4149097410137965
                ],
                [
                    -0.07009091746242814,
                    -0.3934869634044117,
                    0.9166543912075314,
                    0.44656592302276366
                ],
                [
                    0.0,
                    0.0,
                    0.0,
                    1.0
                ]
            ],
            "radius": 0.01169,
            "height": 0.05502
        },
        "distance": 0.0
    },
    {
        "case": 2,
        "collider1": {
            "type": "Box",
            "collider2origin": [
                [
                    1.0,
                    0.0,
                    0.0,
                    -1.0879999999999999
                ],
                [
                    0.0,
                    1.0,
                    0.0,
                    0.12225000000000001
                ],
                [
                    0.0,
                    0.0,
                    1.0,
                    0.355
                ],
                [
                    0.0,
                    0.0,
                    0.0,
                    1.0
                ]
            ],
            "size": [
                0.562,
                1.70929,
                0.793
            ]
        },
        "collider2": {
            "type": "Sphere",
            "collider2origin": [
                [
                    1.0,
                    0.0,
                    0.0,
                    -0.9813850496688017
                ],
                [
                    0.0,
                    1.0,
                    0.0,
                    0.41600967595166166
                ],
                [
                    0.0,
                    0.0,
                    1.0,
                    0.3945807976477742
                ],
                [
                    0.0,
                    0.0,
                    0.0,
                    1.0
                ]
            ],
            "radius": 0.00487
        },
        "distance": 0.0
    },
    {
        "case": 3,
        "collider1": {
            "type": "Box",
            "collider2origin": [
                [
                    1.0,
                    0.0,
                    0.0,
                    -1.0879999999999999
                ],
                [
                    0.0,
                    1.0,
                    0.0,
                    0.12225000000000001
                ],
                [
                    0.0,
                    0.0,
                    1.0,
                    0.355
                ],
                [
                    0.0,
                    0.0,
                    0.0,
                    1.0
                ]
            ],
            "size": [
                0.562,
                1.70929,
                0.793
            ]
        },
        "collider2": {
            "type": "Cylinder",
            "collider2origin": [
                [
                    0.5831026689253684,
                    0.3609228434381068,
                    -0.7278227659098494,
                    -0.9936442557347513
                ],
                [
                    -0.7534232614936475,
                    0.5753628470060146,
                    -0.31829386316014274,
                    0.40975426297531164
                ],
                [
                    0.3038826525690248,
                    0.733956603192372,
                    0.6074232775404055,
                    0.40371991550060327
                ],
                [
                    0.0,
                    0.0,
                    0.0,
                    1.0
                ]
            ],
            "radius": 0.0076,
            "height": 0.02993
        },
        "distance": 0.0
    },
    {
        "case": 4,
        "collider1": {
            "type": "Box",
            "collider2origin": [
                [
                    1.0,
                    0.0,
                    0.0,
                    -1.0879999999999999
                ],
                [
                    0.0,
                    1.0,
                    0.0,
                    0.12225000000000001
                ],
                [
                    0.0,
                    0.0,
                    1.0,
                    0.355
                ],
                [
                    0.0,
                    0.0,
                    0.0,
                    1.0
                ]
            ],
            "size": [
                0.562,
                1.70929,
                0.793
            ]
        },
        "collider2": {
            "type": "Cylinder",
            "collider2origin": [
                [
                    0.5781861864170879,
                    0.6918173970993046,
                    -0.43253834848161965,
                    -1.0152194436902902
                ],
                [
                    -0.7581514627075564,
                    0.651454610440805,
                    0.028517540739176443,
                    0.4044083264874057
                ],
                [
                    0.3015080321166535,
                    0.3114411334524723,
                    0.9011644283719712,
                    0.43165088089298553
                ],
                [
                    0.0,
                    0.0,
                    0.0,
                    1.0
                ]
            ],
            "radius": 0.00783,
            "height": 0.03683
        },
        "distance": 0.0
    },
    {
        "case": 5,
        "collider1": {
            "type": "Box",
            "collider2origin": [
                [
                    1.0,
                    0.0,
                    0.0,
                    -1.0879999999999999
                ],
                [
                    0.0,
                    1.0,
                    0.0,
                    0.12225000000000001
                ],
                [
                    0.0,
                    0.0,
                    1.0,
                    0.355
                ],
                [
                    0.0,
                    0.0,
                    0.0,
                    1.0
                ]
            ],
            "size": [
                0.562,
                1.70929,
                0.793
            ]
        },
        "collider2": {
            "type": "Cylinder",
            "collider2origin": [
                [
                    0.5246801362559312,
                    0.7402128052158752,
                    -0.4204708760579046,
                    -1.02248968251036
                ],
                [
                    -0.8409447693281321,
                    0.5274669062637328,
                    -0.12079138105105248,
                    0.4242933235609542
                ],
                [
                    0.13237314515456533,
                    0.41696962214412087,
                    0.8992294949849438,
                    0.42976094161375444
                ],
                [
                    0.0,
                    0.0,
                    0.0,
                    1.0
                ]
            ],
            "radius": 0.00783,
            "height": 0.03044
        },
        "distance": 0.0
    },
    {
        "case": 6,
        "collider1": {
            "type": "Box",
            "collider2origin": [
                [
                    1.0,
                    0.0,
                    0.0,
                    -1.0879999999999999
                ],
                [
                    0.0,
                    1.0,
                    0.0,
                    0.12225000000000001
                ],
                [
                    0.0,
                    0.0,
                    1.0,
                    0.355
                ],
                [
                    0.0,
                    0.0,
                    0.0,
                    1.0
                ]
            ],
            "size": [
                0.562,
                1.70929,
                0.793
            ]
        },
        "collider2": {
            "type": "Sphere",
            "collider2origin": [
                [
                    1.0,
                    0.0,
                    0.0,
                    -0.9725749071617298
                ],
                [
                    0.0,
                    1.0,
                    0.0,
                    0.40602106620085154
                ],
                [
                    0.0,
                    0.0,
                    1.0,
                    0.4258424293562928
                ],
                [
                    0.0,
                    0.0,
                    0.0,
                    1.0
                ]
            ],
            "radius": 0.01051
        },
        "distance": 0.0
    },
    {
        "case": 7,
        "collider1": {
            "type": "Box",
            "collider2origin": [
                [
                    1.0,
                    0.0,
                    0.0,
                    -1.0879999999999999
                ],
                [
                    0.0,
                    1.0,
                    0.0,
                    0.12225000000000001
                ],
                [
                    0.0,
                    0.0,
                    1.0,
                    0.355
                ],
                [
                    0.0,
                    0.0,
                    0.0,
                    1.0
                ]
            ],
            "size": [
                0.562,
                1.70929,
                0.793
            ]
        },
        "collider2": {
            "type": "Sphere",
            "collider2origin": [
                [
                    1.0,
                    0.0,
                    0.0,
                    -1.0275206491788438
                ],
                [
                    0.0,
                    1.0,
                    0.0,
                    0.31082467448851103
                ],
                [
                    0.0,
                    0.0,
                    1.0,
                    0.44215908893211464
                ],
                [
                    0.0,
                    0.0,
                    0.0,
                    1.0
                ]
            ],
            "radius": 0.00663
        },
        "distance": 0.0
    },
    {
        "case": 8,
        "collider1": {
            "type": "Box",
            "collider2origin": [
                [
                    1.0,
                    0.0,
                    0.0,
                    -1.0879999999999999
                ],
                [
                    0.0,
                    1.0,
                    0.0,
                    0.12225000000000001
                ],
                [
                    0.0,
                    0.0,
                    1.0,
                    0.355
                ],
                [
                    0.0,
                    0.0,
                    0.0,
                    1.0
                ]
            ],
            "size": [
                0.562,
                1.70929,
                0.793
            ]
        },
        "collider2": {
            "type": "Cylinder",
            "collider2origin": [
                [
                    0.6150883845433034,
                    0.6447125305642356,
                    -0.45388548350147573,
                    -0.9996555126003761
                ],
                [
                    -0.6558085537000786,
                    0.7379039909946231,
                    0.1594140551144013,
                    0.3873850910414494
                ],
                [
                    0.4377001486105756,
                    0.1996082488467493,
                    0.8766841659905884,
                    0.43283813295353135
                ],
                [
                    0.0,
                    0.0,
                    0.0,
                    1.0
                ]
            ],
            "radius": 0.00683,
            "height": 0.01183
        },
        "distance": 0.0
    },
    {
        "case": 9,
        "collider1": {
            "type": "Box",
            "collider2origin": [
                [
                    1.0,
                    0.0,
                    0.0,
                    -1.0879999999999999
                ],
                [
                    0.0,
                    1.0,
                    0.0,
                    0.12225000000000001
                ],
                [
                    0.0,
                    0.0,
                    1.0,
                    0.355
                ],
                [
                    0.0,
                    0.0,
                    0.0,
                    1.0
                ]
            ],
            "size": [
                0.562,
                1.70929,
                0.793
            ]
        },
        "collider2": {
            "type": "Box",
            "collider2origin": [
                [
                    0.5972313084664216,
                    -0.18951948327004112,
                    0.7793568692508858,
                    -1.0178316131518126
                ],
                [
                    -0.6924640955312704,
                    -0.6121557252148344,
                    0.38178376666217684,
                    0.40826104731617174
                ],
                [
                    0.40473230731873355,
                    -0.7676898680767879,
                    -0.49683400232340946,
                    0.4771163588789584
                ],
                [
                    0.0,
                    0.0,
                    0.0,
                    1.0
                ]
            ],
            "size": [
                0.07264,
                0.04753,
                0.03326
            ]
        },
        "distance": 0.0
    },
    {
        "case": 10,
        "collider1": {
            "type": "Box",
            "collider2origin": [
                [
                    1.0,
                    0.0,
                    0.0,
                    -1.0879999999999999
                ],
                [
                    0.0,
                    1.0,
                    0.0,
                    0.12225000000000001
                ],
                [
                    0.0,
                    0.0,
                    1.0,
                    0.355
                ],
                [
                    0.0,
                    0.0,
                    0.0,
                    1.0
                ]
            ],
            "size": [
                0.562,
                1.70929,
                0.793
            ]
        },
        "collider2": {
            "type": "Cylinder",
            "collider2origin": [
                [
                    0.6150883845433034,
                    0.6447125305642356,
                    -0.45388548350147573,
                    -1.0070595810858778
                ],
                [
                    -0.6558085537000786,
                    0.7379039909946231,
                    0.1594140551144013,
                    0.38999056204972193
                ],
                [
                    0.4377001486105756,
                    0.1996082488467493,
                    0.8766841659905884,
                    0.44714666504760214
                ],
                [
                    0.0,
                    0.0,
                    0.0,
                    1.0
                ]
            ],
            "radius": 0.00683,
            "height": 0.01782
        },
        "distance": 0.0
    },
    {
        "case": 11,
        "collider1": {
            "type": "Box",
            "collider2origin": [
                [
                    1.0,
                    0.0,
                    0.0,
                    -1.0879999999999999
                ],
                [
                    0.0,
                    1.0,
                    0.0,
                    0.12225000000000001
                ],
                [
                    0.0,
                    0.0,
                    1.0,
                    0.355
                ],
                [
                    0.0,
                    0.0,
                    0.0,
                    1.0
                ]
            ],
            "size": [
                0.562,
                1.70929,
                0.793
            ]
        },
        "collider2": {
            "type": "Cylinder",
            "collider2origin": [
                [
                    0.6512779055634221,
                    0.7515478806124498,
                    0.10494223588172909,
                    -1.0255904562467322
                ],
                [
                    -0.506134190698821,
                    0.32718022581743045,
                    0.7979857648101902,
                    0.325980866103192
                ],
                [
                    0.5653894858684334,
                    -0.57282535120313,
                    0.5934693305373401,
                    0.45552811324146136
                ],
                [
                    0.0,
                    0.0,
                    0.0,
                    1.0
                ]
            ],
            "radius": 0.00796,
            "height": 0.03037
        },
        "distance": 0.0
    },
    {
        "case": 12,
        "collider1": {
            "type": "Box",
            "collider2origin": [
                [
                    1.0,
                    0.0,
                    0.0,
                    -1.0879999999999999
                ],
                [
                    0.0,
                    1.0,
                    0.0,
                    0.12225000000000001
                ],
                [
                    0.0,
                    0.0,
                    1.0,
                    0.355
                ],
                [
                    0.0,
                    0.0,
                    0.0,
                    1.0
                ]
            ],
            "size": [
                0.562,
                1.70929,
                0.793
            ]
        },
        "collider2": {
            "type": "Sphere",
            "collider2origin": [
                [
                    1.0,
                    0.0,
                    0.0,
                    -0.9660658908875267
                ],
                [
                    0.0,
                    1.0,
                    0.0,
                    0.3949321304923196
                ],
                [
                    0.0,
                    0.0,
                    1.0,
                    0.39694347027626564
                ],
                [
                    0.0,
                    0.0,
                    0.0,
                    1.0
                ]
            ],
            "radius": 0.00563
        },
        "distance": 0.0
    },
    {
        "case": 13,
        "collider1": {
            "type": "Box",
            "collider2origin": [
                [
                    1.0,
                    0.0,
                    0.0,
                    -1.0879999999999999
                ],
                [
                    0.0,
                    1.0,
                    0.0,
                    0.12225000000000001
                ],
                [
                    0.0,
                    0.0,
                    1.0,
                    0.355
                ],
                [
                    0.0,
                    0.0,
                    0.0,
                    1.0
                ]
            ],
            "size": [
                0.562,
                1.70929,
                0.793
            ]
        },
        "collider2": {
            "type": "Cylinder",
            "collider2origin": [
                [
                    0.6150883845433034,
                    0.3347669517877122,
                    -0.7138608878420726,
                    -0.98142540985012
                ],
                [
                    -0.6558085537000786,
                    0.7198321665869273,
                    -0.22750119305309205,
                    0.38888600057961126
                ],
                [
                    0.4377001486105756,
                    0.6080894177154647,
                    0.6623034349667428,
                    0.4094687443377939
                ],
                [
                    0.0,
                    0.0,
                    0.0,
                    1.0
                ]
            ],
            "radius": 0.00813,
            "height": 0.03824
        },
        "distance": 0.0
    },
    {
        "case": 14,
        "collider1": {
            "type": "Box",
            "collider2origin": [
                [
                    1.0,
                    0.0,
                    0.0,
                    -0.01200000000000001
                ],
                [
                    0.0,
                    1.0,
                    0.0,
                    0.15750000000000003
                ],
                [
                    0.0,
                    0.0,
                    1.0,
                    0.335
                ],
                [
                    0.0,
                    0.0,
                    0.0,
                    1.0
                ]
            ],
            "size": [
                1.6,
                1.586,
                0.76
            ]
        },
        "collider2": {
            "type": "Box",
            "collider2origin": [
                [
                    -0.6623259978198232,
                    0.331980218021835,
                    -0.6716497654686933,
                    -0.747793462508933
                ],
                [
                    0.23310374566601852,
                    0.9432863482543797,
                    0.23637577911746607,
                    0.31427769054845334
                ],
                [
                    0.7120301372613717,
                    -6.252342041404511e-06,
                    -0.7021489041453103,
                    0.8824390382816176
                ],
                [
                    0.0,
                    0.0,
                    0.0,
                    1.0
                ]
            ],
            "size": [
                0.1202,
                0.13634,
                0.67816
            ]
        },
        "distance": 0.0
    },
    {
        "case": 15,
        "collider1": {
            "type": "Box",
            "collider2origin": [
                [
                    1.0,
                    0.0,
                    0.0,
                    -1.0879999999999999
                ],
                [
                    0.0,
                    1.0,
                    0.0,
                    0.12225000000000001
                ],
                [
                    0.0,
                    0.0,
                    1.0,
                    0.355
                ],
                [
                    0.0,
                    0.0,
                    0.0,
                    1.0
                ]
            ],
            "size": [
                0.562,
                1.70929,
                0.793
            ]
        },
        "collider2": {
            "type": "Box",
            "collider2origin": [
                [
                    -0.6623259978198232,
                    0.331980218021835,
                    -0.6716497654686933,
                    -0.747793462508933
                ],
                [
                    0.23310374566601852,
                    0.9432863482543797,
                    0.23637577911746607,
                    0.31427769054845334
                ],
                [
                    0.7120301372613717,
                    -6.252342041404511e-06,
                    -0.7021489041453103,
                    0.8824390382816176
                ],
                [
                    0.0,
                    0.0,
                    0.0,
                    1.0
                ]
            ],
            "size": [
                0.1202,
                0.13634,
                0.67816
            ]
        },
        "distance": 0.0
    },
    {
        "case": 16,
        "collider1": {
            "type": "Box",
            "collider2origin": [
                [
                    1.0,
                    0.0,
                    0.0,
                    -0.5797
                ],
                [
                    0.0,
                    1.0,
                    0.0,
                    0.6895
                ],
                [
                    0.0,
                    0.0,
                    1.0,
                    0.8
                ],
                [
                    0.0,
                    0.0,
                    0.0,
                    1.0
                ]
            ],
            "size": [
                0.0406,
                0.44,
                0.16125
            ]
        },
        "collider2": {
            "type": "Box",
            "collider2origin": [
                [
                    -0.6623259978198232,
                    0.331980218021835,
                    -0.6716497654686933,
                    -0.747793462508933
                ],
                [
                    0.23310374566601852,
                    0.9432863482543797,
                    0.23637577911746607,
                    0.31427769054845334
                ],
                [
                    0.7120301372613717,
                    -6.252342041404511e-06,
                    -0.7021489041453103,
                    0.8824390382816176
                ],
                [
                    0.0,
                    0.0,
                    0.0,
                    1.0
                ]
            ],
            "size": [
                0.1202,
                0.13634,
                0.67816
            ]
        },
        "distance": 0.1273465406303363
    },
    {
        "case": 17,
        "collider1": {
            "type": "Box",
            "collider2origin": [
                [
                    1.0,
                    0.0,
                    0.0,
                    -0.362
                ],
                [
                    0.0,
                    1.0,
                    0.0,
                    0.35500000000000004
                ],
                [
                    0.0,
                    0.0,
                    1.0,
                    0.75
                ],
                [
                    0.0,
                    0.0,
                    0.0,
                    1.0
                ]
            ],
            "size": [
                0.8,
                0.22,
                0.06
            ]
        },
        "collider2": {
            "type": "Box",
            "collider2origin": [
                [
                    -0.6623259978198232,
                    0.331980218021835,
                    -0.6716497654686933,
                    -0.747793462508933
                ],
                [
                    0.23310374566601852,
                    0.9432863482543797,
                    0.23637577911746607,
                    0.31427769054845334
                ],
                [
                    0.7120301372613717,
                    -6.252342041404511e-06,
                    -0.7021489041453103,
                    0.8824390382816176
                ],
                [
                    0.0,
                    0.0,
                    0.0,
                    1.0
                ]
            ],
            "size": [
                0.1202,
                0.13634,
                0.67816
            ]
        },
        "distance": 0.0
    },
    {
        "case": 18,
        "collider1": {
            "type": "Box",
            "collider2origin": [
                [
                    1.0,
                    0.0,
                    0.0,
                    -0.28465
                ],
                [
                    0.0,
                    1.0,
                    0.0,
                    0.4895
                ],
                [
                    0.0,
                    0.0,
                    1.0,
                    0.8
                ],
                [
                    0.0,
                    0.0,
                    0.0,
                    1.0
                ]
            ],
            "size": [
                0.54952,
                0.04,
                0.16125
            ]
        },
        "collider2": {
            "type": "Box",
            "collider2origin": [
                [
                    -0.6623259978198232,
                    0.331980218021835,
                    -0.6716497654686933,
                    -0.747793462508933
                ],
                [
                    0.23310374566601852,
                    0.9432863482543797,
                    0.23637577911746607,
                    0.31427769054845334
                ],
                [
                    0.7120301372613717,
                    -6.252342041404511e-06,
                    -0.7021489041453103,
                    0.8824390382816176
                ],
                [
                    0.0,
                    0.0,
                    0.0,
                    1.0
                ]
            ],
            "size": [
                0.1202,
                0.13634,
                0.67816
            ]
        },
        "distance": 0.14390379257356226
    },
    {
        "case": 19,
        "collider1": {
            "type": "Box",
            "collider2origin": [
                [
                    1.0,
                    0.0,
                    0.0,
                    -0.902
                ],
                [
                    0.0,
                    1.0,
                    0.0,
                    0.115
                ],
                [
                    0.0,
                    0.0,
                    1.0,
                    0.775
                ],
                [
                    0.0,
                    0.0,
                    0.0,
                    1.0
                ]
            ],
            "size": [
                0.09,
                1.66,
                0.06
            ]
        },
        "collider2": {
            "type": "Box",
            "collider2origin": [
                [
                    -0.6623259978198232,
                    0.331980218021835,
                    -0.6716497654686933,
                    -0.747793462508933
                ],
                [
                    0.23310374566601852,
                    0.9432863482543797,
                    0.23637577911746607,
                    0.31427769054845334
                ],
                [
                    0.7120301372613717,
                    -6.252342041404511e-06,
                    -0.7021489041453103,
                    0.8824390382816176
                ],
                [
                    0.0,
                    0.0,
                    0.0,
                    1.0
                ]
            ],
            "size": [
                0.1202,
                0.13634,
                0.67816
            ]
        },
        "distance": 0.0
    },
    {
        "case": 20,
        "collider1": {
            "type": "Box",
            "collider2origin": [
                [
                    1.0,
                    0.0,
                    0.0,
                    -1.0879999999999999
                ],
                [
                    0.0,
                    1.0,
                    0.0,
                    0.12225000000000001
                ],
                [
                    0.0,
                    0.0,
                    1.0,
                    0.355
                ],
                [
                    0.0,
                    0.0,
                    0.0,
                    1.0
                ]
            ],
            "size": [
                0.562,
                1.70929,
                0.793
            ]
        },
        "collider2": {
            "type": "Cylinder",
            "collider2origin": [
                [
                    0.6512779055634221,
                    0.6005838162537125,
                    0.46382773675045413,
                    -1.0187780273977707
                ],
                [
                    -0.506134190698821,
                    -0.11161224532450095,
                    0.8552022495873548,
                    0.348893437366663
                ],
                [
                    0.5653894858684334,
                    -0.7917334061082364,
                    0.23128541441621062,
                    0.46819817603823544
                ],
                [
                    0.0,
                    0.0,
                    0.0,
                    1.0
                ]
            ],
            "radius": 0.00713,
            "height": 0.01426
        },
        "distance": 0.0
    },
    {
        "case": 21,
        "collider1": {
            "type": "Box",
            "collider2origin": [
                [
                    1.0,
                    0.0,
                    0.0,
                    -1.0879999999999999
                ],
                [
                    0.0,
                    1.0,
                    0.0,
                    0.12225000000000001
                ],
                [
                    0.0,
                    0.0,
                    1.0,
                    0.355
                ],
                [
                    0.0,
                    0.0,
                    0.0,
                    1.0
                ]
            ],
            "size": [
                0.562,
                1.70929,
                0.793
            ]
        },
        "collider2": {
            "type": "Box",
            "collider2origin": [
                [
                    -0.23409911874512554,
                    0.3319793286410077,
                    -0.9137764102655647,
                    -0.9091189354338308
                ],
                [
                    0.08239330930528471,
                    0.9432866612721951,
                    0.32159231528082005,
                    0.48953376246246194
                ],
                [
                    0.9687151001117301,
                    -4.58480443885048e-06,
                    -0.2481754516355319,
                    0.6766884294725384
                ],
                [
                    0.0,
                    0.0,
                    0.0,
                    1.0
                ]
            ],
            "size": [
                0.09102,
                0.10007,
                0.11882
            ]
        },
        "distance": 0.0
    },
    {
        "case": 22,
        "collider1": {
            "type": "Box",
            "collider2origin": [
                [
                    1.0,
                    0.0,
                    0.0,
                    -1.0879999999999999
                ],
                [
                    0.0,
                    1.0,
                    0.0,
                    0.12225000000000001
                ],
                [
                    0.0,
                    0.0,
                    1.0,
                    0.355
                ],
                [
                    0.0,
                    0.0,
                    0.0,
                    1.0
                ]
            ],
            "size": [
                0.562,
                1.70929,
                0.793
            ]
        },
        "collider2": {
            "type": "Sphere",
            "collider2origin": [
                [
                    1.0,
                    0.0,
                    0.0,
                    -0.9976365683992364
                ],
                [
                    0.0,
                    1.0,
                    0.0,
                    0.4361115041315102
                ],
                [
                    0.0,
                    0.0,
                    1.0,
                    0.4004777548510198
                ],
                [
                    0.0,
                    0.0,
                    0.0,
                    1.0
                ]
            ],
            "radius": 0.00484
        },
        "distance": 0.0
    },
    {
        "case": 23,
        "collider1": {
            "type": "Box",
            "collider2origin": [
                [
                    1.0,
                    0.0,
                    0.0,
                    -1.0879999999999999
                ],
                [
                    0.0,
                    1.0,
                    0.0,
                    0.12225000000000001
                ],
                [
                    0.0,
                    0.0,
                    1.0,
                    0.355
                ],
                [
                    0.0,
                    0.0,
                    0.0,
                    1.0
                ]
            ],
            "size": [
                0.562,
                1.70929,
                0.793
            ]
        },
        "collider2": {
            "type": "Cylinder",
            "collider2origin": [
                [
                    0.5304072446007129,
                    0.5159052069834611,
                    -0.6726886146520034,
                    -1.0075019629551372
                ],
                [
                    -0.8370257955348861,
                    0.4444811961779792,
                    -0.3190991755761575,
                    0.43015044457038254
                ],
                [
                    0.13437251387196097,
                    0.7323102372980628,
                    0.6675820128375124,
                    0.40927834910169913
                ],
                [
                    0.0,
                    0.0,
                    0.0,
                    1.0
                ]
            ],
            "radius": 0.0076,
            "height": 0.02993
        },
        "distance": 0.0
    },
    {
        "case": 24,
        "collider1": {
            "type": "Box",
            "collider2origin": [
                [
                    1.0,
                    0.0,
                    0.0,
                    -1.0879999999999999
                ],
                [
                    0.0,
                    1.0,
                    0.0,
                    0.12225000000000001
                ],
                [
                    0.0,
                    0.0,
                    1.0,
                    0.355
                ],
                [
                    0.0,
                    0.0,
                    0.0,
                    1.0
                ]
            ],
            "size": [
                0.562,
                1.70929,
                0.793
            ]
        },
        "collider2": {
            "type": "Box",
            "collider2origin": [
                [
                    0.4035353823128211,
                    0.0466032967055325,
                    -0.9137764102655647,
                    -1.007644936813098
                ],
                [
                    0.7887279254778523,
                    -0.5239147281034624,
                    0.32159231528082005,
                    0.5273788095071562
                ],
                [
                    -0.46375365744438996,
                    -0.8504948503150687,
                    -0.2481754516355319,
                    0.6478839156755908
                ],
                [
                    0.0,
                    0.0,
                    0.0,
                    1.0
                ]
            ],
            "size": [
                0.09126,
                0.11887,
                0.10009
            ]
        },
        "distance": 0.0
    },
    {
        "case": 25,
        "collider1": {
            "type": "Box",
            "collider2origin": [
                [
                    1.0,
                    0.0,
                    0.0,
                    -1.0879999999999999
                ],
                [
                    0.0,
                    1.0,
                    0.0,
                    0.12225000000000001
                ],
                [
                    0.0,
                    0.0,
                    1.0,
                    0.355
                ],
                [
                    0.0,
                    0.0,
                    0.0,
                    1.0
                ]
            ],
            "size": [
                0.562,
                1.70929,
                0.793
            ]
        },
        "collider2": {
            "type": "Box",
            "collider2origin": [
                [
                    0.7472789529944246,
                    -0.18951791184124864,
                    0.6369121819394641,
                    -1.00741028783611
                ],
                [
                    -0.5970936620207753,
                    -0.6121519723363713,
                    0.5184101865697758,
                    0.44168927921273665
                ],
                [
                    0.29163903234336874,
                    -0.7676932485413835,
                    -0.5706082289608175,
                    0.5145909501500286
                ],
                [
                    0.0,
                    0.0,
                    0.0,
                    1.0
                ]
            ],
            "size": [
                0.06241,
                0.05638,
                0.02858
            ]
        },
        "distance": 0.0
    },
    {
        "case": 26,
        "collider1": {
            "type": "Box",
            "collider2origin": [
                [
                    1.0,
                    0.0,
                    0.0,
                    -1.0879999999999999
                ],
                [
                    0.0,
                    1.0,
                    0.0,
                    0.12225000000000001
                ],
                [
                    0.0,
                    0.0,
                    1.0,
                    0.355
                ],
                [
                    0.0,
                    0.0,
                    0.0,
                    1.0
                ]
            ],
            "size": [
                0.562,
                1.70929,
                0.793
            ]
        },
        "collider2": {
            "type": "Box",
            "collider2origin": [
                [
                    -0.7870799012027662,
                    0.04660891253686436,
                    0.6150876672432758,
                    -1.0070301459175912
                ],
                [
                    -0.5435280102350484,
                    -0.5239183183030318,
                    -0.6558101080621218,
                    0.4887930469146777
                ],
                [
                    0.29168910026357286,
                    -0.8504923309581655,
                    0.43769882769865115,
                    0.5838791821120465
                ],
                [
                    0.0,
                    0.0,
                    0.0,
                    1.0
                ]
            ],
            "size": [
                0.08993,
                0.0305,
                0.09007
            ]
        },
        "distance": 0.0
    },
    {
        "case": 27,
        "collider1": {
            "type": "Box",
            "collider2origin": [
                [
                    1.0,
                    0.0,
                    0.0,
                    -1.0879999999999999
                ],
                [
                    0.0,
                    1.0,
                    0.0,
                    0.12225000000000001
                ],
                [
                    0.0,
                    0.0,
                    1.0,
                    0.355
                ],
                [
                    0.0,
                    0.0,
                    0.0,
                    1.0
                ]
            ],
            "size": [
                0.562,
                1.70929,
                0.793
            ]
        },
        "collider2": {
            "type": "Cylinder",
            "collider2origin": [
                [
                    0.6453238980414236,
                    0.6206174780636327,
                    0.44541106018885296,
                    -1.011517100229179
                ],
                [
                    -0.4858968097671467,
                    -0.11644108971082212,
                    0.8662250070767208,
                    0.3620698426349528
                ],
                [
                    0.5894585285452496,
                    -0.7754195113284756,
                    0.22641383477247268,
                    0.4718701564841866
                ],
                [
                    0.0,
                    0.0,
                    0.0,
                    1.0
                ]
            ],
            "radius": 0.00713,
            "height": 0.01697
        },
        "distance": 0.0
    }
]