[
    {
        "case": 0,
        "collider1": {
            "type": "Box",
            "collider2origin": [
                [
                    1.0,
                    0.0,
                    0.0,
                    -0.01200000000000001
                ],
                [
                    0.0,
                    1.0,
                    0.0,
                    0.15750000000000003
                ],
                [
                    0.0,
                    0.0,
                    1.0,
                    0.335
                ],
                [
                    0.0,
                    0.0,
                    0.0,
                    1.0
                ]
            ],
            "size": [
                1.6,
                1.586,
                0.76
            ]
        },
        "collider2": {
            "type": "Box",
            "collider2origin": [
                [
                    -0.9439715088107746,
                    -0.227975816364274,
                    -0.23863113314601828,
                    0.21783827561835653
                ],
                [
                    0.2210229453930399,
                    -0.9736667947265276,
                    0.05587334298889809,
                    -0.10050737532651706
                ],
                [
                    -0.2450849815131379,
                    -1.1202687959662809e-07,
                    0.9695015997081655,
                    0.8678079552023915
                ],
                [
                    0.0,
                    0.0,
                    0.0,
                    1.0
                ]
            ],
            "size": [
                0.1202,
                0.13634,
                0.67816
            ]
        },
        "distance": 0.0
    },
    {
        "case": 1,
        "collider1": {
            "type": "Box",
            "collider2origin": [
                [
                    1.0,
                    0.0,
                    0.0,
                    0.543
                ],
                [
                    0.0,
                    1.0,
                    0.0,
                    0.1875
                ],
                [
                    0.0,
                    0.0,
                    1.0,
                    0.791
                ],
                [
                    0.0,
                    0.0,
                    0.0,
                    1.0
                ]
            ],
            "size": [
                0.44,
                0.5928,
                0.142
            ]
        },
        "collider2": {
            "type": "Box",
            "collider2origin": [
                [
                    -0.9439715088107746,
                    -0.227975816364274,
                    -0.23863113314601828,
                    0.21783827561835653
                ],
                [
                    0.2210229453930399,
                    -0.9736667947265276,
                    0.05587334298889809,
                    -0.10050737532651706
                ],
                [
                    -0.2450849815131379,
                    -1.1202687959662809e-07,
                    0.9695015997081655,
                    0.8678079552023915
                ],
                [
                    0.0,
                    0.0,
                    0.0,
                    1.0
                ]
            ],
            "size": [
                0.1202,
                0.13634,
                0.67816
            ]
        },
        "distance": 0.0
    },
    {
        "case": 2,
        "collider1": {
            "type": "Box",
            "collider2origin": [
                [
                    1.0,
                    0.0,
                    0.0,
                    0.07799999999999999
                ],
                [
                    0.0,
                    1.0,
                    0.0,
                    -0.315
                ],
                [
                    0.0,
                    0.0,
                    1.0,
                    0.75
                ],
                [
                    0.0,
                    0.0,
                    0.0,
                    1.0
                ]
            ],
            "size": [
                1.76,
                0.64,
                0.06
            ]
        },
        "collider2": {
            "type": "Box",
            "collider2origin": [
                [
                    -0.9439715088107746,
                    -0.227975816364274,
                    -0.23863113314601828,
                    0.21783827561835653
                ],
                [
                    0.2210229453930399,
                    -0.9736667947265276,
                    0.05587334298889809,
                    -0.10050737532651706
                ],
                [
                    -0.2450849815131379,
                    -1.1202687959662809e-07,
                    0.9695015997081655,
                    0.8678079552023915
                ],
                [
                    0.0,
                    0.0,
                    0.0,
                    1.0
                ]
            ],
            "size": [
                0.1202,
                0.13634,
                0.67816
            ]
        },
        "distance": 0.0
    },
    {
        "case": 3,
        "collider1": {
            "type": "Box",
            "collider2origin": [
                [
                    1.0,
                    0.0,
                    0.0,
                    0.16
                ],
                [
                    0.0,
                    1.0,
                    0.0,
                    -0.3541
                ],
                [
                    0.0,
                    0.0,
                    1.0,
                    0.994
                ],
                [
                    0.0,
                    0.0,
                    0.0,
                    1.0
                ]
            ],
            "size": [
                0.032,
                0.085,
                0.01
            ]
        },
        "collider2": {
            "type": "Box",
            "collider2origin": [
                [
                    0.8453532478837203,
                    -0.2279731652198128,
                    0.4831212293328718,
                    0.1050472742782976
                ],
                [
                    -0.197933357518859,
                    -0.9736674154415192,
                    -0.11311122883579401,
                    -0.20385531112109598
                ],
                [
                    0.4961857235690653,
                    -6.8623420367881234e-06,
                    -0.8682164060181949,
                    0.8668114113930876
                ],
                [
                    0.0,
                    0.0,
                    0.0,
                    1.0
                ]
            ],
            "size": [
                0.15068,
                0.17726,
                0.74884
            ]
        },
        "distance": 0.04022911393141808
    },
    {
        "case": 4,
        "collider1": {
            "type": "Box",
            "collider2origin": [
                [
                    1.0,
                    0.0,
                    0.0,
                    0.11800000000000002
                ],
                [
                    0.0,
                    1.0,
                    0.0,
                    -0.3541
                ],
                [
                    0.0,
                    0.0,
                    1.0,
                    0.994
                ],
                [
                    0.0,
                    0.0,
                    0.0,
                    1.0
                ]
            ],
            "size": [
                0.03,
                0.085,
                0.01
            ]
        },
        "collider2": {
            "type": "Box",
            "collider2origin": [
                [
                    0.8453532478837203,
                    -0.2279731652198128,
                    0.4831212293328718,
                    0.1050472742782976
                ],
                [
                    -0.197933357518859,
                    -0.9736674154415192,
                    -0.11311122883579401,
                    -0.20385531112109598
                ],
                [
                    0.4961857235690653,
                    -6.8623420367881234e-06,
                    -0.8682164060181949,
                    0.8668114113930876
                ],
                [
                    0.0,
                    0.0,
                    0.0,
                    1.0
                ]
            ],
            "size": [
                0.15068,
                0.17726,
                0.74884
            ]
        },
        "distance": 0.01744111550292883
    },
    {
        "case": 5,
        "collider1": {
            "type": "Cylinder",
            "collider2origin": [
                [
                    1.0,
                    0.0,
                    0.0,
                    0.064
                ],
                [
                    0.0,
                    1.0,
                    0.0,
                    -0.339
                ],
                [
                    0.0,
                    0.0,
                    1.0,
                    0.9855
                ],
                [
                    0.0,
                    0.0,
                    0.0,
                    1.0
                ]
            ],
            "radius": 0.004,
            "height": 0.027
        },
        "collider2": {
            "type": "Box",
            "collider2origin": [
                [
                    0.8453532478837203,
                    -0.2279731652198128,
                    0.4831212293328718,
                    0.1050472742782976
                ],
                [
                    -0.197933357518859,
                    -0.9736674154415192,
                    -0.11311122883579401,
                    -0.20385531112109598
                ],
                [
                    0.4961857235690653,
                    -6.8623420367881234e-06,
                    -0.8682164060181949,
                    0.8668114113930876
                ],
                [
                    0.0,
                    0.0,
                    0.0,
                    1.0
                ]
            ],
            "size": [
                0.15068,
                0.17726,
                0.74884
            ]
        },
        "distance": 0.04831274984902583
    },
    {
        "case": 6,
        "collider1": {
            "type": "Cylinder",
            "collider2origin": [
                [
                    1.0,
                    0.0,
                    0.0,
                    0.1585
                ],
                [
                    0.0,
                    1.0,
                    0.0,
                    -0.3215
                ],
                [
                    0.0,
                    0.0,
                    1.0,
                    0.9905
                ],
                [
                    0.0,
                    0.0,
                    0.0,
                    1.0
                ]
            ],
            "radius": 0.005,
            "height": 0.027
        },
        "collider2": {
            "type": "Box",
            "collider2origin": [
                [
                    0.8453532478837203,
                    -0.2279731652198128,
                    0.4831212293328718,
                    0.1050472742782976
                ],
                [
                    -0.197933357518859,
                    -0.9736674154415192,
                    -0.11311122883579401,
                    -0.20385531112109598
                ],
                [
                    0.4961857235690653,
                    -6.8623420367881234e-06,
                    -0.8682164060181949,
                    0.8668114113930876
                ],
                [
                    0.0,
                    0.0,
                    0.0,
                    1.0
                ]
            ],
            "size": [
                0.15068,
                0.17726,
                0.74884
            ]
        },
        "distance": 0.045345471363696536
    },
    {
        "case": 7,
        "collider1": {
            "type": "Cylinder",
            "collider2origin": [
                [
                    1.0,
                    0.0,
                    0.0,
                    0.11849999999999997
                ],
                [
                    0.0,
                    1.0,
                    0.0,
                    -0.3215
                ],
                [
                    0.0,
                    0.0,
                    1.0,
                    0.9905
                ],
                [
                    0.0,
                    0.0,
                    0.0,
                    1.0
                ]
            ],
            "radius": 0.005,
            "height": 0.027
        },
        "collider2": {
            "type": "Box",
            "collider2origin": [
                [
                    0.8453532478837203,
                    -0.2279731652198128,
                    0.4831212293328718,
                    0.1050472742782976
                ],
                [
                    -0.197933357518859,
                    -0.9736674154415192,
                    -0.11311122883579401,
                    -0.20385531112109598
                ],
                [
                    0.4961857235690653,
                    -6.8623420367881234e-06,
                    -0.8682164060181949,
                    0.8668114113930876
                ],
                [
                    0.0,
                    0.0,
                    0.0,
                    1.0
                ]
            ],
            "size": [
                0.15068,
                0.17726,
                0.74884
            ]
        },
        "distance": 0.021969923422855798
    },
    {
        "case": 8,
        "collider1": {
            "type": "Box",
            "collider2origin": [
                [
                    1.0,
                    0.0,
                    0.0,
                    0.094
                ],
                [
                    0.0,
                    1.0,
                    0.0,
                    -0.3175
                ],
                [
                    0.0,
                    0.0,
                    1.0,
                    0.994
                ],
                [
                    0.0,
                    0.0,
                    0.0,
                    1.0
                ]
            ],
            "size": [
                0.018,
                0.0116,
                0.01
            ]
        },
        "collider2": {
            "type": "Box",
            "collider2origin": [
                [
                    0.8453532478837203,
                    -0.2279731652198128,
                    0.4831212293328718,
                    0.1050472742782976
                ],
                [
                    -0.197933357518859,
                    -0.9736674154415192,
                    -0.11311122883579401,
                    -0.20385531112109598
                ],
                [
                    0.4961857235690653,
                    -6.8623420367881234e-06,
                    -0.8682164060181949,
                    0.8668114113930876
                ],
                [
                    0.0,
                    0.0,
                    0.0,
                    1.0
                ]
            ],
            "size": [
                0.15068,
                0.17726,
                0.74884
            ]
        },
        "distance": 0.017536647963560373
    },
    {
        "case": 9,
        "collider1": {
            "type": "Box",
            "collider2origin": [
                [
                    1.0,
                    0.0,
                    0.0,
                    0.18499999999999997
                ],
                [
                    0.0,
                    1.0,
                    0.0,
                    -0.3175
                ],
                [
                    0.0,
                    0.0,
                    1.0,
                    0.994
                ],
                [
                    0.0,
                    0.0,
                    0.0,
                    1.0
                ]
            ],
            "size": [
                0.018,
                0.0116,
                0.01
            ]
        },
        "collider2": {
            "type": "Box",
            "collider2origin": [
                [
                    0.8453532478837203,
                    -0.2279731652198128,
                    0.4831212293328718,
                    0.1050472742782976
                ],
                [
                    -0.197933357518859,
                    -0.9736674154415192,
                    -0.11311122883579401,
                    -0.20385531112109598
                ],
                [
                    0.4961857235690653,
                    -6.8623420367881234e-06,
                    -0.8682164060181949,
                    0.8668114113930876
                ],
                [
                    0.0,
                    0.0,
                    0.0,
                    1.0
                ]
            ],
            "size": [
                0.15068,
                0.17726,
                0.74884
            ]
        },
        "distance": 0.0666147081000419
    },
    {
        "case": 10,
        "collider1": {
            "type": "Box",
            "collider2origin": [
                [
                    1.0,
                    0.0,
                    0.0,
                    0.149
                ],
                [
                    0.0,
                    1.0,
                    0.0,
                    -0.354
                ],
                [
                    0.0,
                    0.0,
                    1.0,
                    0.865
                ],
                [
                    0.0,
                    0.0,
                    0.0,
                    1.0
                ]
            ],
            "size": [
                0.1,
                0.085,
                0.2158
            ]
        },
        "collider2": {
            "type": "Box",
            "collider2origin": [
                [
                    0.8453532478837203,
                    -0.2279731652198128,
                    0.4831212293328718,
                    0.1050472742782976
                ],
                [
                    -0.197933357518859,
                    -0.9736674154415192,
                    -0.11311122883579401,
                    -0.20385531112109598
                ],
                [
                    0.4961857235690653,
                    -6.8623420367881234e-06,
                    -0.8682164060181949,
                    0.8668114113930876
                ],
                [
                    0.0,
                    0.0,
                    0.0,
                    1.0
                ]
            ],
            "size": [
                0.15068,
                0.17726,
                0.74884
            ]
        },
        "distance": 0.0
    },
    {
        "case": 11,
        "collider1": {
            "type": "Box",
            "collider2origin": [
                [
                    1.0,
                    0.0,
                    0.0,
                    -0.01200000000000001
                ],
                [
                    0.0,
                    1.0,
                    0.0,
                    0.15750000000000003
                ],
                [
                    0.0,
                    0.0,
                    1.0,
                    0.335
                ],
                [
                    0.0,
                    0.0,
                    0.0,
                    1.0
                ]
            ],
            "size": [
                1.6,
                1.586,
                0.76
            ]
        },
        "collider2": {
            "type": "Box",
            "collider2origin": [
                [
                    0.8453532478837203,
                    -0.2279731652198128,
                    0.4831212293328718,
                    0.1050472742782976
                ],
                [
                    -0.197933357518859,
                    -0.9736674154415192,
                    -0.11311122883579401,
                    -0.20385531112109598
                ],
                [
                    0.4961857235690653,
                    -6.8623420367881234e-06,
                    -0.8682164060181949,
                    0.8668114113930876
                ],
                [
                    0.0,
                    0.0,
                    0.0,
                    1.0
                ]
            ],
            "size": [
                0.15068,
                0.17726,
                0.74884
            ]
        },
        "distance": 0.0
    },
    {
        "case": 12,
        "collider1": {
            "type": "Box",
            "collider2origin": [
                [
                    1.0,
                    0.0,
                    0.0,
                    0.543
                ],
                [
                    0.0,
                    1.0,
                    0.0,
                    0.1875
                ],
                [
                    0.0,
                    0.0,
                    1.0,
                    0.791
                ],
                [
                    0.0,
                    0.0,
                    0.0,
                    1.0
                ]
            ],
            "size": [
                0.44,
                0.5928,
                0.142
            ]
        },
        "collider2": {
            "type": "Box",
            "collider2origin": [
                [
                    0.8453532478837203,
                    -0.2279731652198128,
                    0.4831212293328718,
                    0.1050472742782976
                ],
                [
                    -0.197933357518859,
                    -0.9736674154415192,
                    -0.11311122883579401,
                    -0.20385531112109598
                ],
                [
                    0.4961857235690653,
                    -6.8623420367881234e-06,
                    -0.8682164060181949,
                    0.8668114113930876
                ],
                [
                    0.0,
                    0.0,
                    0.0,
                    1.0
                ]
            ],
            "size": [
                0.15068,
                0.17726,
                0.74884
            ]
        },
        "distance": 0.05622798708495833
    },
    {
        "case": 13,
        "collider1": {
            "type": "Box",
            "collider2origin": [
                [
                    1.0,
                    0.0,
                    0.0,
                    0.07799999999999999
                ],
                [
                    0.0,
                    1.0,
                    0.0,
                    -0.315
                ],
                [
                    0.0,
                    0.0,
                    1.0,
                    0.75
                ],
                [
                    0.0,
                    0.0,
                    0.0,
                    1.0
                ]
            ],
            "size": [
                1.76,
                0.64,
                0.06
            ]
        },
        "collider2": {
            "type": "Box",
            "collider2origin": [
                [
                    0.8453532478837203,
                    -0.2279731652198128,
                    0.4831212293328718,
                    0.1050472742782976
                ],
                [
                    -0.197933357518859,
                    -0.9736674154415192,
                    -0.11311122883579401,
                    -0.20385531112109598
                ],
                [
                    0.4961857235690653,
                    -6.8623420367881234e-06,
                    -0.8682164060181949,
                    0.8668114113930876
                ],
                [
                    0.0,
                    0.0,
                    0.0,
                    1.0
                ]
            ],
            "size": [
                0.15068,
                0.17726,
                0.74884
            ]
        },
        "distance": 0.0
    },
    {
        "case": 14,
        "collider1": {
            "type": "Box",
            "collider2origin": [
                [
                    1.0,
                    0.0,
                    0.0,
                    0.16
                ],
                [
                    0.0,
                    1.0,
                    0.0,
                    -0.3541
                ],
                [
                    0.0,
                    0.0,
                    1.0,
                    0.994
                ],
                [
                    0.0,
                    0.0,
                    0.0,
                    1.0
                ]
            ],
            "size": [
                0.032,
                0.085,
                0.01
            ]
        },
        "collider2": {
            "type": "Box",
            "collider2origin": [
                [
                    0.8453532478837203,
                    -0.2279731652198128,
                    0.4831212293328718,
                    0.1050472742782976
                ],
                [
                    -0.197933357518859,
                    -0.9736674154415192,
                    -0.11311122883579401,
                    -0.20385531112109598
                ],
                [
                    0.4961857235690653,
                    -6.8623420367881234e-06,
                    -0.8682164060181949,
                    0.8668114113930876
                ],
                [
                    0.0,
                    0.0,
                    0.0,
                    1.0
                ]
            ],
            "size": [
                0.15068,
                0.17726,
                0.74884
            ]
        },
        "distance": 0.04022911393141808
    },
    {
        "case": 15,
        "collider1": {
            "type": "Box",
            "collider2origin": [
                [
                    1.0,
                    0.0,
                    0.0,
                    0.11800000000000002
                ],
                [
                    0.0,
                    1.0,
                    0.0,
                    -0.3541
                ],
                [
                    0.0,
                    0.0,
                    1.0,
                    0.994
                ],
                [
                    0.0,
                    0.0,
                    0.0,
                    1.0
                ]
            ],
            "size": [
                0.03,
                0.085,
                0.01
            ]
        },
        "collider2": {
            "type": "Box",
            "collider2origin": [
                [
                    0.8453532478837203,
                    -0.2279731652198128,
                    0.4831212293328718,
                    0.1050472742782976
                ],
                [
                    -0.197933357518859,
                    -0.9736674154415192,
                    -0.11311122883579401,
                    -0.20385531112109598
                ],
                [
                    0.4961857235690653,
                    -6.8623420367881234e-06,
                    -0.8682164060181949,
                    0.8668114113930876
                ],
                [
                    0.0,
                    0.0,
                    0.0,
                    1.0
                ]
            ],
            "size": [
                0.15068,
                0.17726,
                0.74884
            ]
        },
        "distance": 0.01744111550292883
    },
    {
        "case": 16,
        "collider1": {
            "type": "Cylinder",
            "collider2origin": [
                [
                    1.0,
                    0.0,
                    0.0,
                    0.064
                ],
                [
                    0.0,
                    1.0,
                    0.0,
                    -0.339
                ],
                [
                    0.0,
                    0.0,
                    1.0,
                    0.9855
                ],
                [
                    0.0,
                    0.0,
                    0.0,
                    1.0
                ]
            ],
            "radius": 0.004,
            "height": 0.027
        },
        "collider2": {
            "type": "Box",
            "collider2origin": [
                [
                    0.8453532478837203,
                    -0.2279731652198128,
                    0.4831212293328718,
                    0.1050472742782976
                ],
                [
                    -0.197933357518859,
                    -0.9736674154415192,
                    -0.11311122883579401,
                    -0.20385531112109598
                ],
                [
                    0.4961857235690653,
                    -6.8623420367881234e-06,
                    -0.8682164060181949,
                    0.8668114113930876
                ],
                [
                    0.0,
                    0.0,
                    0.0,
                    1.0
                ]
            ],
            "size": [
                0.15068,
                0.17726,
                0.74884
            ]
        },
        "distance": 0.04831274984902583
    },
    {
        "case": 17,
        "collider1": {
            "type": "Cylinder",
            "collider2origin": [
                [
                    1.0,
                    0.0,
                    0.0,
                    0.1585
                ],
                [
                    0.0,
                    1.0,
                    0.0,
                    -0.3215
                ],
                [
                    0.0,
                    0.0,
                    1.0,
                    0.9905
                ],
                [
                    0.0,
                    0.0,
                    0.0,
                    1.0
                ]
            ],
            "radius": 0.005,
            "height": 0.027
        },
        "collider2": {
            "type": "Box",
            "collider2origin": [
                [
                    0.8453532478837203,
                    -0.2279731652198128,
                    0.4831212293328718,
                    0.1050472742782976
                ],
                [
                    -0.197933357518859,
                    -0.9736674154415192,
                    -0.11311122883579401,
                    -0.20385531112109598
                ],
                [
                    0.4961857235690653,
                    -6.8623420367881234e-06,
                    -0.8682164060181949,
                    0.8668114113930876
                ],
                [
                    0.0,
                    0.0,
                    0.0,
                    1.0
                ]
            ],
            "size": [
                0.15068,
                0.17726,
                0.74884
            ]
        },
        "distance": 0.045345471363696536
    },
    {
        "case": 18,
        "collider1": {
            "type": "Cylinder",
            "collider2origin": [
                [
                    1.0,
                    0.0,
                    0.0,
                    0.11849999999999997
                ],
                [
                    0.0,
                    1.0,
                    0.0,
                    -0.3215
                ],
                [
                    0.0,
                    0.0,
                    1.0,
                    0.9905
                ],
                [
                    0.0,
                    0.0,
                    0.0,
                    1.0
                ]
            ],
            "radius": 0.005,
            "height": 0.027
        },
        "collider2": {
            "type": "Box",
            "collider2origin": [
                [
                    0.8453532478837203,
                    -0.2279731652198128,
                    0.4831212293328718,
                    0.1050472742782976
                ],
                [
                    -0.197933357518859,
                    -0.9736674154415192,
                    -0.11311122883579401,
                    -0.20385531112109598
                ],
                [
                    0.4961857235690653,
                    -6.8623420367881234e-06,
                    -0.8682164060181949,
                    0.8668114113930876
                ],
                [
                    0.0,
                    0.0,
                    0.0,
                    1.0
                ]
            ],
            "size": [
                0.15068,
                0.17726,
                0.74884
            ]
        },
        "distance": 0.021969923422855798
    },
    {
        "case": 19,
        "collider1": {
            "type": "Box",
            "collider2origin": [
                [
                    1.0,
                    0.0,
                    0.0,
                    0.094
                ],
                [
                    0.0,
                    1.0,
                    0.0,
                    -0.3175
                ],
                [
                    0.0,
                    0.0,
                    1.0,
                    0.994
                ],
                [
                    0.0,
                    0.0,
                    0.0,
                    1.0
                ]
            ],
            "size": [
                0.018,
                0.0116,
                0.01
            ]
        },
        "collider2": {
            "type": "Box",
            "collider2origin": [
                [
                    0.8453532478837203,
                    -0.2279731652198128,
                    0.4831212293328718,
                    0.1050472742782976
                ],
                [
                    -0.197933357518859,
                    -0.9736674154415192,
                    -0.11311122883579401,
                    -0.20385531112109598
                ],
                [
                    0.4961857235690653,
                    -6.8623420367881234e-06,
                    -0.8682164060181949,
                    0.8668114113930876
                ],
                [
                    0.0,
                    0.0,
                    0.0,
                    1.0
                ]
            ],
            "size": [
                0.15068,
                0.17726,
                0.74884
            ]
        },
        "distance": 0.017536647963560373
    },
    {
        "case": 20,
        "collider1": {
            "type": "Box",
            "collider2origin": [
                [
                    1.0,
                    0.0,
                    0.0,
                    0.18499999999999997
                ],
                [
                    0.0,
                    1.0,
                    0.0,
                    -0.3175
                ],
                [
                    0.0,
                    0.0,
                    1.0,
                    0.994
                ],
                [
                    0.0,
                    0.0,
                    0.0,
                    1.0
                ]
            ],
            "size": [
                0.018,
                0.0116,
                0.01
            ]
        },
        "collider2": {
            "type": "Box",
            "collider2origin": [
                [
                    0.8453532478837203,
                    -0.2279731652198128,
                    0.4831212293328718,
                    0.1050472742782976
                ],
                [
                    -0.197933357518859,
                    -0.9736674154415192,
                    -0.11311122883579401,
                    -0.20385531112109598
                ],
                [
                    0.4961857235690653,
                    -6.8623420367881234e-06,
                    -0.8682164060181949,
                    0.8668114113930876
                ],
                [
                    0.0,
                    0.0,
                    0.0,
                    1.0
                ]
            ],
            "size": [
                0.15068,
                0.17726,
                0.74884
            ]
        },
        "distance": 0.0666147081000419
    },
    {
        "case": 21,
        "collider1": {
            "type": "Box",
            "collider2origin": [
                [
                    1.0,
                    0.0,
                    0.0,
                    0.149
                ],
                [
                    0.0,
                    1.0,
                    0.0,
                    -0.354
                ],
                [
                    0.0,
                    0.0,
                    1.0,
                    0.865
                ],
                [
                    0.0,
                    0.0,
                    0.0,
                    1.0
                ]
            ],
            "size": [
                0.1,
                0.085,
                0.2158
            ]
        },
        "collider2": {
            "type": "Box",
            "collider2origin": [
                [
                    0.8453532478837203,
                    -0.2279731652198128,
                    0.4831212293328718,
                    0.1050472742782976
                ],
                [
                    -0.197933357518859,
                    -0.9736674154415192,
                    -0.11311122883579401,
                    -0.20385531112109598
                ],
                [
                    0.4961857235690653,
                    -6.8623420367881234e-06,
                    -0.8682164060181949,
                    0.8668114113930876
                ],
                [
                    0.0,
                    0.0,
                    0.0,
                    1.0
                ]
            ],
            "size": [
                0.15068,
                0.17726,
                0.74884
            ]
        },
        "distance": 0.0
    },
    {
        "case": 22,
        "collider1": {
            "type": "Box",
            "collider2origin": [
                [
                    1.0,
                    0.0,
                    0.0,
                    -0.01200000000000001
                ],
                [
                    0.0,
                    1.0,
                    0.0,
                    0.15750000000000003
                ],
                [
                    0.0,
                    0.0,
                    1.0,
                    0.335
                ],
                [
                    0.0,
                    0.0,
                    0.0,
                    1.0
                ]
            ],
            "size": [
                1.6,
                1.586,
                0.76
            ]
        },
        "collider2": {
            "type": "Box",
            "collider2origin": [
                [
                    0.8453532478837203,
                    -0.2279731652198128,
                    0.4831212293328718,
                    0.1050472742782976
                ],
                [
                    -0.197933357518859,
                    -0.9736674154415192,
                    -0.11311122883579401,
                    -0.20385531112109598
                ],
                [
                    0.4961857235690653,
                    -6.8623420367881234e-06,
                    -0.8682164060181949,
                    0.8668114113930876
                ],
                [
                    0.0,
                    0.0,
                    0.0,
                    1.0
                ]
            ],
            "size": [
                0.15068,
                0.17726,
                0.74884
            ]
        },
        "distance": 0.0
    },
    {
        "case": 23,
        "collider1": {
            "type": "Box",
            "collider2origin": [
                [
                    1.0,
                    0.0,
                    0.0,
                    0.543
                ],
                [
                    0.0,
                    1.0,
                    0.0,
                    0.1875
                ],
                [
                    0.0,
                    0.0,
                    1.0,
                    0.791
                ],
                [
                    0.0,
                    0.0,
                    0.0,
                    1.0
                ]
            ],
            "size": [
                0.44,
                0.5928,
                0.142
            ]
        },
        "collider2": {
            "type": "Box",
            "collider2origin": [
                [
                    0.8453532478837203,
                    -0.2279731652198128,
                    0.4831212293328718,
                    0.1050472742782976
                ],
                [
                    -0.197933357518859,
                    -0.9736674154415192,
                    -0.11311122883579401,
                    -0.20385531112109598
                ],
                [
                    0.4961857235690653,
                    -6.8623420367881234e-06,
                    -0.8682164060181949,
                    0.8668114113930876
                ],
                [
                    0.0,
                    0.0,
                    0.0,
                    1.0
                ]
            ],
            "size": [
                0.15068,
                0.17726,
                0.74884
            ]
        },
        "distance": 0.05622798708495833
    },
    {
        "case": 24,
        "collider1": {
            "type": "Box",
            "collider2origin": [
                [
                    1.0,
                    0.0,
                    0.0,
                    0.07799999999999999
                ],
                [
                    0.0,
                    1.0,
                    0.0,
                    -0.315
                ],
                [
                    0.0,
                    0.0,
                    1.0,
                    0.75
                ],
                [
                    0.0,
                    0.0,
                    0.0,
                    1.0
                ]
            ],
            "size": [
                1.76,
                0.64,
                0.06
            ]
        },
        "collider2": {
            "type": "Box",
            "collider2origin": [
                [
                    0.8453532478837203,
                    -0.2279731652198128,
                    0.4831212293328718,
                    0.1050472742782976
                ],
                [
                    -0.197933357518859,
                    -0.9736674154415192,
                    -0.11311122883579401,
                    -0.20385531112109598
                ],
                [
                    0.4961857235690653,
                    -6.8623420367881234e-06,
                    -0.8682164060181949,
                    0.8668114113930876
                ],
                [
                    0.0,
                    0.0,
                    0.0,
                    1.0
                ]
            ],
            "size": [
                0.15068,
                0.17726,
                0.74884
            ]
        },
        "distance": 0.0
    }
]