[
    {
        "case": 0,
        "collider1": {
            "type": "Box",
            "collider2origin": [
                [
                    1.0,
                    0.0,
                    0.0,
                    -0.01200000000000001
                ],
                [
                    0.0,
                    1.0,
                    0.0,
                    0.15750000000000003
                ],
                [
                    0.0,
                    0.0,
                    1.0,
                    0.335
                ],
                [
                    0.0,
                    0.0,
                    0.0,
                    1.0
                ]
            ],
            "size": [
                1.6,
                1.586,
                0.76
            ]
        },
        "collider2": {
            "type": "Cylinder",
            "collider2origin": [
                [
                    -0.5052815112770187,
                    -0.8586566925455907,
                    0.08601906014528433,
                    0.3160070476425542
                ],
                [
                    -0.3826295049907155,
                    0.13357778651440363,
                    -0.9141945290037957,
                    0.21929551917880996
                ],
                [
                    0.7734890149654174,
                    -0.4948390236193768,
                    -0.39604177106872135,
                    0.2159871209732248
                ],
                [
                    0.0,
                    0.0,
                    0.0,
                    1.0
                ]
            ],
            "radius": 0.0076,
            "height": 0.02993
        },
        "distance": 0.0
    },
    {
        "case": 1,
        "collider1": {
            "type": "Box",
            "collider2origin": [
                [
                    1.0,
                    0.0,
                    0.0,
                    -0.01200000000000001
                ],
                [
                    0.0,
                    1.0,
                    0.0,
                    0.15750000000000003
                ],
                [
                    0.0,
                    0.0,
                    1.0,
                    0.335
                ],
                [
                    0.0,
                    0.0,
                    0.0,
                    1.0
                ]
            ],
            "size": [
                1.6,
                1.586,
                0.76
            ]
        },
        "collider2": {
            "type": "Sphere",
            "collider2origin": [
                [
                    1.0,
                    0.0,
                    0.0,
                    0.31129357524775264
                ],
                [
                    0.0,
                    1.0,
                    0.0,
                    0.23855855715536248
                ],
                [
                    0.0,
                    0.0,
                    1.0,
                    0.19133351108140173
                ],
                [
                    0.0,
                    0.0,
                    0.0,
                    1.0
                ]
            ],
            "radius": 0.00484
        },
        "distance": 0.0
    },
    {
        "case": 2,
        "collider1": {
            "type": "Box",
            "collider2origin": [
                [
                    1.0,
                    0.0,
                    0.0,
                    -0.01200000000000001
                ],
                [
                    0.0,
                    1.0,
                    0.0,
                    0.15750000000000003
                ],
                [
                    0.0,
                    0.0,
                    1.0,
                    0.335
                ],
                [
                    0.0,
                    0.0,
                    0.0,
                    1.0
                ]
            ],
            "size": [
                1.6,
                1.586,
                0.76
            ]
        },
        "collider2": {
            "type": "Sphere",
            "collider2origin": [
                [
                    1.0,
                    0.0,
                    0.0,
                    0.31363343635635943
                ],
                [
                    0.0,
                    1.0,
                    0.0,
                    0.2346542258641371
                ],
                [
                    0.0,
                    0.0,
                    1.0,
                    0.221592288090817
                ],
                [
                    0.0,
                    0.0,
                    0.0,
                    1.0
                ]
            ],
            "radius": 0.00487
        },
        "distance": 0.0
    },
    {
        "case": 3,
        "collider1": {
            "type": "Box",
            "collider2origin": [
                [
                    1.0,
                    0.0,
                    0.0,
                    -0.01200000000000001
                ],
                [
                    0.0,
                    1.0,
                    0.0,
                    0.15750000000000003
                ],
                [
                    0.0,
                    0.0,
                    1.0,
                    0.335
                ],
                [
                    0.0,
                    0.0,
                    0.0,
                    1.0
                ]
            ],
            "size": [
                1.6,
                1.586,
                0.76
            ]
        },
        "collider2": {
            "type": "Cylinder",
            "collider2origin": [
                [
                    -0.3492799186504877,
                    -0.9323986701085869,
                    0.0929314715650563,
                    0.3135118439580173
                ],
                [
                    -0.33197665911453744,
                    0.030391705872619763,
                    -0.9427978797267746,
                    0.2246182084620832
                ],
                [
                    0.8762391432883254,
                    -0.36015144619158534,
                    -0.3201498080203248,
                    0.1880083551092937
                ],
                [
                    0.0,
                    0.0,
                    0.0,
                    1.0
                ]
            ],
            "radius": 0.0076,
            "height": 0.02993
        },
        "distance": 0.0
    },
    {
        "case": 4,
        "collider1": {
            "type": "Box",
            "collider2origin": [
                [
                    1.0,
                    0.0,
                    0.0,
                    -0.01200000000000001
                ],
                [
                    0.0,
                    1.0,
                    0.0,
                    0.15750000000000003
                ],
                [
                    0.0,
                    0.0,
                    1.0,
                    0.335
                ],
                [
                    0.0,
                    0.0,
                    0.0,
                    1.0
                ]
            ],
            "size": [
                1.6,
                1.586,
                0.76
            ]
        },
        "collider2": {
            "type": "Cylinder",
            "collider2origin": [
                [
                    -0.4995990429311653,
                    -0.7810444499879098,
                    -0.3746603307602054,
                    0.3107213127985076
                ],
                [
                    -0.38678123003359377,
                    0.5881255137505581,
                    -0.7102877305496286,
                    0.189186499564204
                ],
                [
                    0.7751135893505955,
                    -0.20994748681211883,
                    -0.5959202768704144,
                    0.1975557741693229
                ],
                [
                    0.0,
                    0.0,
                    0.0,
                    1.0
                ]
            ],
            "radius": 0.00783,
            "height": 0.03683
        },
        "distance": 0.0
    },
    {
        "case": 5,
        "collider1": {
            "type": "Box",
            "collider2origin": [
                [
                    1.0,
                    0.0,
                    0.0,
                    -0.01200000000000001
                ],
                [
                    0.0,
                    1.0,
                    0.0,
                    0.15750000000000003
                ],
                [
                    0.0,
                    0.0,
                    1.0,
                    0.335
                ],
                [
                    0.0,
                    0.0,
                    0.0,
                    1.0
                ]
            ],
            "size": [
                1.6,
                1.586,
                0.76
            ]
        },
        "collider2": {
            "type": "Box",
            "collider2origin": [
                [
                    -0.13199756357685313,
                    0.9912490259779237,
                    0.0014183467812309216,
                    0.17345221209189826
                ],
                [
                    0.991191206450435,
                    0.13200518339766287,
                    -0.010706251046959395,
                    0.019730755918428915
                ],
                [
                    -0.010799790049151497,
                    -7.346195987404184e-06,
                    -0.999941680539884,
                    0.8273479206751276
                ],
                [
                    0.0,
                    0.0,
                    0.0,
                    1.0
                ]
            ],
            "size": [
                0.15068,
                0.17726,
                0.74884
            ]
        },
        "distance": 0.0
    },
    {
        "case": 6,
        "collider1": {
            "type": "Box",
            "collider2origin": [
                [
                    1.0,
                    0.0,
                    0.0,
                    0.07799999999999999
                ],
                [
                    0.0,
                    1.0,
                    0.0,
                    -0.315
                ],
                [
                    0.0,
                    0.0,
                    1.0,
                    0.75
                ],
                [
                    0.0,
                    0.0,
                    0.0,
                    1.0
                ]
            ],
            "size": [
                1.76,
                0.64,
                0.06
            ]
        },
        "collider2": {
            "type": "Box",
            "collider2origin": [
                [
                    -0.13199756357685313,
                    0.9912490259779237,
                    0.0014183467812309216,
                    0.17345221209189826
                ],
                [
                    0.991191206450435,
                    0.13200518339766287,
                    -0.010706251046959395,
                    0.019730755918428915
                ],
                [
                    -0.010799790049151497,
                    -7.346195987404184e-06,
                    -0.999941680539884,
                    0.8273479206751276
                ],
                [
                    0.0,
                    0.0,
                    0.0,
                    1.0
                ]
            ],
            "size": [
                0.15068,
                0.17726,
                0.74884
            ]
        },
        "distance": 0.0
    },
    {
        "case": 7,
        "collider1": {
            "type": "Box",
            "collider2origin": [
                [
                    1.0,
                    0.0,
                    0.0,
                    -0.01200000000000001
                ],
                [
                    0.0,
                    1.0,
                    0.0,
                    0.15750000000000003
                ],
                [
                    0.0,
                    0.0,
                    1.0,
                    0.335
                ],
                [
                    0.0,
                    0.0,
                    0.0,
                    1.0
                ]
            ],
            "size": [
                1.6,
                1.586,
                0.76
            ]
        },
        "collider2": {
            "type": "Box",
            "collider2origin": [
                [
                    -0.13199756357685313,
                    0.9912490259779237,
                    0.0014183467812309216,
                    0.17345221209189826
                ],
                [
                    0.991191206450435,
                    0.13200518339766287,
                    -0.010706251046959395,
                    0.019730755918428915
                ],
                [
                    -0.010799790049151497,
                    -7.346195987404184e-06,
                    -0.999941680539884,
                    0.8273479206751276
                ],
                [
                    0.0,
                    0.0,
                    0.0,
                    1.0
                ]
            ],
            "size": [
                0.15068,
                0.17726,
                0.74884
            ]
        },
        "distance": 0.0
    },
    {
        "case": 8,
        "collider1": {
            "type": "Box",
            "collider2origin": [
                [
                    1.0,
                    0.0,
                    0.0,
                    0.07799999999999999
                ],
                [
                    0.0,
                    1.0,
                    0.0,
                    -0.315
                ],
                [
                    0.0,
                    0.0,
                    1.0,
                    0.75
                ],
                [
                    0.0,
                    0.0,
                    0.0,
                    1.0
                ]
            ],
            "size": [
                1.76,
                0.64,
                0.06
            ]
        },
        "collider2": {
            "type": "Box",
            "collider2origin": [
                [
                    -0.13199756357685313,
                    0.9912490259779237,
                    0.0014183467812309216,
                    0.17345221209189826
                ],
                [
                    0.991191206450435,
                    0.13200518339766287,
                    -0.010706251046959395,
                    0.019730755918428915
                ],
                [
                    -0.010799790049151497,
                    -7.346195987404184e-06,
                    -0.999941680539884,
                    0.8273479206751276
                ],
                [
                    0.0,
                    0.0,
                    0.0,
                    1.0
                ]
            ],
            "size": [
                0.15068,
                0.17726,
                0.74884
            ]
        },
        "distance": 0.0
    },
    {
        "case": 9,
        "collider1": {
            "type": "Box",
            "collider2origin": [
                [
                    1.0,
                    0.0,
                    0.0,
                    -0.01200000000000001
                ],
                [
                    0.0,
                    1.0,
                    0.0,
                    0.15750000000000003
                ],
                [
                    0.0,
                    0.0,
                    1.0,
                    0.335
                ],
                [
                    0.0,
                    0.0,
                    0.0,
                    1.0
                ]
            ],
            "size": [
                1.6,
                1.586,
                0.76
            ]
        },
        "collider2": {
            "type": "Sphere",
            "collider2origin": [
                [
                    1.0,
                    0.0,
                    0.0,
                    0.3040562982741583
                ],
                [
                    0.0,
                    1.0,
                    0.0,
                    0.19092355041577386
                ],
                [
                    0.0,
                    0.0,
                    1.0,
                    0.2729047909075797
                ],
                [
                    0.0,
                    0.0,
                    0.0,
                    1.0
                ]
            ],
            "radius": 0.00663
        },
        "distance": 0.0
    },
    {
        "case": 10,
        "collider1": {
            "type": "Box",
            "collider2origin": [
                [
                    1.0,
                    0.0,
                    0.0,
                    -0.01200000000000001
                ],
                [
                    0.0,
                    1.0,
                    0.0,
                    0.15750000000000003
                ],
                [
                    0.0,
                    0.0,
                    1.0,
                    0.335
                ],
                [
                    0.0,
                    0.0,
                    0.0,
                    1.0
                ]
            ],
            "size": [
                1.6,
                1.586,
                0.76
            ]
        },
        "collider2": {
            "type": "Cylinder",
            "collider2origin": [
                [
                    -0.947556147180103,
                    -0.2338412432478351,
                    0.21784311074143606,
                    0.2159366194989209
                ],
                [
                    -0.3186221502723326,
                    0.7442123380366826,
                    -0.5870501863297629,
                    0.1902369133467238
                ],
                [
                    -0.024844985349843005,
                    -0.6256726531264422,
                    -0.7796899754599161,
                    0.1987552473802141
                ],
                [
                    0.0,
                    0.0,
                    0.0,
                    1.0
                ]
            ],
            "radius": 0.01271,
            "height": 0.05982
        },
        "distance": 0.0
    },
    {
        "case": 11,
        "collider1": {
            "type": "Box",
            "collider2origin": [
                [
                    1.0,
                    0.0,
                    0.0,
                    -0.01200000000000001
                ],
                [
                    0.0,
                    1.0,
                    0.0,
                    0.15750000000000003
                ],
                [
                    0.0,
                    0.0,
                    1.0,
                    0.335
                ],
                [
                    0.0,
                    0.0,
                    0.0,
                    1.0
                ]
            ],
            "size": [
                1.6,
                1.586,
                0.76
            ]
        },
        "collider2": {
            "type": "Cylinder",
            "collider2origin": [
                [
                    -0.9632865407131885,
                    -0.20601280326351654,
                    0.17215622373973458,
                    0.2137330449710912
                ],
                [
                    -0.26698249713084693,
                    0.8025904893213655,
                    -0.5334499533008398,
                    0.20037806627747135
                ],
                [
                    -0.028273427570693947,
                    -0.559827858669429,
                    -0.8281264287239036,
                    0.20935021677778642
                ],
                [
                    0.0,
                    0.0,
                    0.0,
                    1.0
                ]
            ],
            "radius": 0.01169,
            "height": 0.05502
        },
        "distance": 0.0
    },
    {
        "case": 12,
        "collider1": {
            "type": "Box",
            "collider2origin": [
                [
                    1.0,
                    0.0,
                    0.0,
                    -0.01200000000000001
                ],
                [
                    0.0,
                    1.0,
                    0.0,
                    0.15750000000000003
                ],
                [
                    0.0,
                    0.0,
                    1.0,
                    0.335
                ],
                [
                    0.0,
                    0.0,
                    0.0,
                    1.0
                ]
            ],
            "size": [
                1.6,
                1.586,
                0.76
            ]
        },
        "collider2": {
            "type": "Sphere",
            "collider2origin": [
                [
                    1.0,
                    0.0,
                    0.0,
                    0.21041445775697593
                ],
                [
                    0.0,
                    1.0,
                    0.0,
                    0.2125925840604203
                ],
                [
                    0.0,
                    0.0,
                    1.0,
                    0.22817348520365566
                ],
                [
                    0.0,
                    0.0,
                    0.0,
                    1.0
                ]
            ],
            "radius": 0.01051
        },
        "distance": 0.0
    },
    {
        "case": 13,
        "collider1": {
            "type": "Box",
            "collider2origin": [
                [
                    1.0,
                    0.0,
                    0.0,
                    -0.01200000000000001
                ],
                [
                    0.0,
                    1.0,
                    0.0,
                    0.15750000000000003
                ],
                [
                    0.0,
                    0.0,
                    1.0,
                    0.335
                ],
                [
                    0.0,
                    0.0,
                    0.0,
                    1.0
                ]
            ],
            "size": [
                1.6,
                1.586,
                0.76
            ]
        },
        "collider2": {
            "type": "Cylinder",
            "collider2origin": [
                [
                    -0.6276891175087839,
                    -0.729530610214048,
                    0.2716458365625389,
                    0.27892757870445006
                ],
                [
                    -0.41305411078652154,
                    0.01633894866511451,
                    -0.9105599048491393,
                    0.195273553762234
                ],
                [
                    0.6598429156423513,
                    -0.6837529725838393,
                    -0.3115913977621391,
                    0.20441499863448298
                ],
                [
                    0.0,
                    0.0,
                    0.0,
                    1.0
                ]
            ],
            "radius": 0.00683,
            "height": 0.01183
        },
        "distance": 0.0
    },
    {
        "case": 14,
        "collider1": {
            "type": "Box",
            "collider2origin": [
                [
                    1.0,
                    0.0,
                    0.0,
                    -0.01200000000000001
                ],
                [
                    0.0,
                    1.0,
                    0.0,
                    0.15750000000000003
                ],
                [
                    0.0,
                    0.0,
                    1.0,
                    0.335
                ],
                [
                    0.0,
                    0.0,
                    0.0,
                    1.0
                ]
            ],
            "size": [
                1.6,
                1.586,
                0.76
            ]
        },
        "collider2": {
            "type": "Cylinder",
            "collider2origin": [
                [
                    -0.7287837458820989,
                    -0.6539310425318279,
                    -0.20309712787553674,
                    0.2999297096223146
                ],
                [
                    -0.4027478323734462,
                    0.6492352523097689,
                    -0.6452036660441112,
                    0.17659865374269745
                ],
                [
                    0.5537765210412466,
                    -0.38841701658334504,
                    -0.7365214090384249,
                    0.2591230928480456
                ],
                [
                    0.0,
                    0.0,
                    0.0,
                    1.0
                ]
            ],
            "radius": 0.00796,
            "height": 0.03037
        },
        "distance": 0.0
    },
    {
        "case": 15,
        "collider1": {
            "type": "Box",
            "collider2origin": [
                [
                    1.0,
                    0.0,
                    0.0,
                    -0.01200000000000001
                ],
                [
                    0.0,
                    1.0,
                    0.0,
                    0.15750000000000003
                ],
                [
                    0.0,
                    0.0,
                    1.0,
                    0.335
                ],
                [
                    0.0,
                    0.0,
                    0.0,
                    1.0
                ]
            ],
            "size": [
                1.6,
                1.586,
                0.76
            ]
        },
        "collider2": {
            "type": "Box",
            "collider2origin": [
                [
                    0.04431578737237043,
                    0.9912494774965649,
                    0.12434059816630198,
                    0.1331845858941322
                ],
                [
                    -0.33280077807418074,
                    0.13200179300613107,
                    -0.9337125728811767,
                    0.21163327541747806
                ],
                [
                    -0.9419552819018463,
                    -2.439969243200387e-06,
                    0.33573836076811336,
                    -0.019381093968766194
                ],
                [
                    0.0,
                    0.0,
                    0.0,
                    1.0
                ]
            ],
            "size": [
                0.09102,
                0.10007,
                0.11882
            ]
        },
        "distance": 0.0
    },
    {
        "case": 16,
        "collider1": {
            "type": "Box",
            "collider2origin": [
                [
                    1.0,
                    0.0,
                    0.0,
                    -0.01200000000000001
                ],
                [
                    0.0,
                    1.0,
                    0.0,
                    0.15750000000000003
                ],
                [
                    0.0,
                    0.0,
                    1.0,
                    0.335
                ],
                [
                    0.0,
                    0.0,
                    0.0,
                    1.0
                ]
            ],
            "size": [
                1.6,
                1.586,
                0.76
            ]
        },
        "collider2": {
            "type": "Cylinder",
            "collider2origin": [
                [
                    -0.34317637008464225,
                    -0.8979137629052015,
                    -0.2756462468472035,
                    0.3116474497300586
                ],
                [
                    -0.3357080376324506,
                    0.3913387679797699,
                    -0.8568279186307156,
                    0.20069871700680372
                ],
                [
                    0.8772286432193706,
                    -0.20150643429304368,
                    -0.43573508517676823,
                    0.17786655237587545
                ],
                [
                    0.0,
                    0.0,
                    0.0,
                    1.0
                ]
            ],
            "radius": 0.00783,
            "height": 0.03044
        },
        "distance": 0.0
    },
    {
        "case": 17,
        "collider1": {
            "type": "Box",
            "collider2origin": [
                [
                    1.0,
                    0.0,
                    0.0,
                    -0.01200000000000001
                ],
                [
                    0.0,
                    1.0,
                    0.0,
                    0.15750000000000003
                ],
                [
                    0.0,
                    0.0,
                    1.0,
                    0.335
                ],
                [
                    0.0,
                    0.0,
                    0.0,
                    1.0
                ]
            ],
            "size": [
                1.6,
                1.586,
                0.76
            ]
        },
        "collider2": {
            "type": "Box",
            "collider2origin": [
                [
                    0.537981669861037,
                    0.5626579990485,
                    -0.6276875807280785,
                    0.19383547888147742
                ],
                [
                    -0.8428080537003416,
                    0.34505403792241846,
                    -0.413052412571669,
                    0.13259714531239852
                ],
                [
                    -0.015821109675753325,
                    0.7512347749007444,
                    0.6598454405907912,
                    0.07676412817976175
                ],
                [
                    0.0,
                    0.0,
                    0.0,
                    1.0
                ]
            ],
            "size": [
                0.08993,
                0.0305,
                0.09007
            ]
        },
        "distance": 0.0
    },
    {
        "case": 18,
        "collider1": {
            "type": "Box",
            "collider2origin": [
                [
                    1.0,
                    0.0,
                    0.0,
                    -0.01200000000000001
                ],
                [
                    0.0,
                    1.0,
                    0.0,
                    0.15750000000000003
                ],
                [
                    0.0,
                    0.0,
                    1.0,
                    0.335
                ],
                [
                    0.0,
                    0.0,
                    0.0,
                    1.0
                ]
            ],
            "size": [
                1.6,
                1.586,
                0.76
            ]
        },
        "collider2": {
            "type": "Box",
            "collider2origin": [
                [
                    -0.5876065617007202,
                    0.7137264544599432,
                    -0.3811995236753265,
                    0.2801017882574367
                ],
                [
                    -0.41700249894468727,
                    0.13661365597708294,
                    0.898579782142054,
                    0.16073484215018757
                ],
                [
                    0.6934172225436457,
                    0.6869725301674101,
                    0.21735063440266916,
                    0.17559109293008346
                ],
                [
                    0.0,
                    0.0,
                    0.0,
                    1.0
                ]
            ],
            "size": [
                0.07264,
                0.04753,
                0.03326
            ]
        },
        "distance": 0.0
    },
    {
        "case": 19,
        "collider1": {
            "type": "Box",
            "collider2origin": [
                [
                    1.0,
                    0.0,
                    0.0,
                    -0.01200000000000001
                ],
                [
                    0.0,
                    1.0,
                    0.0,
                    0.15750000000000003
                ],
                [
                    0.0,
                    0.0,
                    1.0,
                    0.335
                ],
                [
                    0.0,
                    0.0,
                    0.0,
                    1.0
                ]
            ],
            "size": [
                1.6,
                1.586,
                0.76
            ]
        },
        "collider2": {
            "type": "Box",
            "collider2origin": [
                [
                    0.8172834778862793,
                    0.5626607614022446,
                    0.12434059816630198,
                    0.15199188782274545
                ],
                [
                    -0.09549796845618919,
                    0.34505212543086045,
                    -0.9337125728811767,
                    0.11073121874057179
                ],
                [
                    -0.5682674148627986,
                    0.751233584388965,
                    0.33573836076811336,
                    0.018737741275757447
                ],
                [
                    0.0,
                    0.0,
                    0.0,
                    1.0
                ]
            ],
            "size": [
                0.09126,
                0.11887,
                0.10009
            ]
        },
        "distance": 0.0
    },
    {
        "case": 20,
        "collider1": {
            "type": "Box",
            "collider2origin": [
                [
                    1.0,
                    0.0,
                    0.0,
                    -0.01200000000000001
                ],
                [
                    0.0,
                    1.0,
                    0.0,
                    0.15750000000000003
                ],
                [
                    0.0,
                    0.0,
                    1.0,
                    0.335
                ],
                [
                    0.0,
                    0.0,
                    0.0,
                    1.0
                ]
            ],
            "size": [
                1.6,
                1.586,
                0.76
            ]
        },
        "collider2": {
            "type": "Cylinder",
            "collider2origin": [
                [
                    -0.7287837458820989,
                    -0.4671399974066008,
                    -0.5006540467838212,
                    0.29103722636271356
                ],
                [
                    -0.4027478323734462,
                    0.8837413288282895,
                    -0.23831795408508222,
                    0.16296671401302074
                ],
                [
                    0.5537765210412466,
                    0.027955080822093612,
                    -0.8321959373847505,
                    0.237512457487553
                ],
                [
                    0.0,
                    0.0,
                    0.0,
                    1.0
                ]
            ],
            "radius": 0.00713,
            "height": 0.01426
        },
        "distance": 0.0
    },
    {
        "case": 21,
        "collider1": {
            "type": "Box",
            "collider2origin": [
                [
                    1.0,
                    0.0,
                    0.0,
                    -0.01200000000000001
                ],
                [
                    0.0,
                    1.0,
                    0.0,
                    0.15750000000000003
                ],
                [
                    0.0,
                    0.0,
                    1.0,
                    0.335
                ],
                [
                    0.0,
                    0.0,
                    0.0,
                    1.0
                ]
            ],
            "size": [
                1.6,
                1.586,
                0.76
            ]
        },
        "collider2": {
            "type": "Box",
            "collider2origin": [
                [
                    -0.12357915082387813,
                    0.9912488502937189,
                    -0.04641023888141046,
                    0.03564473991727292
                ],
                [
                    0.9279860367541676,
                    0.13200650264589295,
                    0.3484482728447549,
                    0.09745049504853318
                ],
                [
                    0.3515254031658908,
                    -7.111980172459911e-06,
                    -0.9361783435214026,
                    0.2528161994587691
                ],
                [
                    0.0,
                    0.0,
                    0.0,
                    1.0
                ]
            ],
            "size": [
                0.1202,
                0.13634,
                0.67816
            ]
        },
        "distance": 0.0
    },
    {
        "case": 22,
        "collider1": {
            "type": "Box",
            "collider2origin": [
                [
                    1.0,
                    0.0,
                    0.0,
                    -0.01200000000000001
                ],
                [
                    0.0,
                    1.0,
                    0.0,
                    0.15750000000000003
                ],
                [
                    0.0,
                    0.0,
                    1.0,
                    0.335
                ],
                [
                    0.0,
                    0.0,
                    0.0,
                    1.0
                ]
            ],
            "size": [
                1.6,
                1.586,
                0.76
            ]
        },
        "collider2": {
            "type": "Sphere",
            "collider2origin": [
                [
                    1.0,
                    0.0,
                    0.0,
                    0.2519304371143726
                ],
                [
                    0.0,
                    1.0,
                    0.0,
                    0.23704178875666138
                ],
                [
                    0.0,
                    0.0,
                    1.0,
                    0.20487996252081986
                ],
                [
                    0.0,
                    0.0,
                    0.0,
                    1.0
                ]
            ],
            "radius": 0.00563
        },
        "distance": 0.0
    },
    {
        "case": 23,
        "collider1": {
            "type": "Box",
            "collider2origin": [
                [
                    1.0,
                    0.0,
                    0.0,
                    -0.01200000000000001
                ],
                [
                    0.0,
                    1.0,
                    0.0,
                    0.15750000000000003
                ],
                [
                    0.0,
                    0.0,
                    1.0,
                    0.335
                ],
                [
                    0.0,
                    0.0,
                    0.0,
                    1.0
                ]
            ],
            "size": [
                1.6,
                1.586,
                0.76
            ]
        },
        "collider2": {
            "type": "Cylinder",
            "collider2origin": [
                [
                    -0.6276891175087839,
                    -0.4987949386113048,
                    0.5976704618573578,
                    0.2652002724888414
                ],
                [
                    -0.41305411078652154,
                    -0.43736548508884177,
                    -0.798810198993076,
                    0.22137906911123645
                ],
                [
                    0.6598429156423513,
                    -0.7482747100288409,
                    0.06850025553130626,
                    0.20769841643091225
                ],
                [
                    0.0,
                    0.0,
                    0.0,
                    1.0
                ]
            ],
            "radius": 0.00813,
            "height": 0.03824
        },
        "distance": 0.0
    },
    {
        "case": 24,
        "collider1": {
            "type": "Box",
            "collider2origin": [
                [
                    1.0,
                    0.0,
                    0.0,
                    -0.01200000000000001
                ],
                [
                    0.0,
                    1.0,
                    0.0,
                    0.15750000000000003
                ],
                [
                    0.0,
                    0.0,
                    1.0,
                    0.335
                ],
                [
                    0.0,
                    0.0,
                    0.0,
                    1.0
                ]
            ],
            "size": [
                1.6,
                1.586,
                0.76
            ]
        },
        "collider2": {
            "type": "Cylinder",
            "collider2origin": [
                [
                    -0.6276891175087839,
                    -0.729530610214048,
                    0.2716458365625389,
                    0.28335705363008246
                ],
                [
                    -0.41305411078652154,
                    0.01633894866511451,
                    -0.9105599048491393,
                    0.18041329058310718
                ],
                [
                    0.6598429156423513,
                    -0.6837529725838393,
                    -0.3115913977621391,
                    0.199326272847974
                ],
                [
                    0.0,
                    0.0,
                    0.0,
                    1.0
                ]
            ],
            "radius": 0.00683,
            "height": 0.01782
        },
        "distance": 0.0
    },
    {
        "case": 25,
        "collider1": {
            "type": "Box",
            "collider2origin": [
                [
                    1.0,
                    0.0,
                    0.0,
                    -0.01200000000000001
                ],
                [
                    0.0,
                    1.0,
                    0.0,
                    0.15750000000000003
                ],
                [
                    0.0,
                    0.0,
                    1.0,
                    0.335
                ],
                [
                    0.0,
                    0.0,
                    0.0,
                    1.0
                ]
            ],
            "size": [
                1.6,
                1.586,
                0.76
            ]
        },
        "collider2": {
            "type": "Box",
            "collider2origin": [
                [
                    -0.6544368572096926,
                    0.7137265806931637,
                    -0.2496132367033942,
                    0.24372246780943702
                ],
                [
                    -0.21945625849244899,
                    0.1366188159898294,
                    0.9660094459817834,
                    0.1565076568484428
                ],
                [
                    0.7235684836516826,
                    0.6869713728603117,
                    0.06722337641343751,
                    0.13968744899013696
                ],
                [
                    0.0,
                    0.0,
                    0.0,
                    1.0
                ]
            ],
            "size": [
                0.06241,
                0.05638,
                0.02858
            ]
        },
        "distance": 0.0
    },
    {
        "case": 26,
        "collider1": {
            "type": "Box",
            "collider2origin": [
                [
                    1.0,
                    0.0,
                    0.0,
                    -0.01200000000000001
                ],
                [
                    0.0,
                    1.0,
                    0.0,
                    0.15750000000000003
                ],
                [
                    0.0,
                    0.0,
                    1.0,
                    0.335
                ],
                [
                    0.0,
                    0.0,
                    0.0,
                    1.0
                ]
            ],
            "size": [
                1.6,
                1.586,
                0.76
            ]
        },
        "collider2": {
            "type": "Cylinder",
            "collider2origin": [
                [
                    -0.7268522372501554,
                    -0.4894643945689369,
                    -0.4817784051342557,
                    0.2831932056228235
                ],
                [
                    -0.42933177240738213,
                    0.8713525392211897,
                    -0.23752680184417102,
                    0.15920637020295372
                ],
                [
                    0.5360597489142219,
                    0.034195889256581735,
                    -0.8434871586171137,
                    0.2247002245596238
                ],
                [
                    0.0,
                    0.0,
                    0.0,
                    1.0
                ]
            ],
            "radius": 0.00713,
            "height": 0.01697
        },
        "distance": 0.0
    }
]