[
    {
        "case": 0,
        "collider1": {
            "type": "Box",
            "collider2origin": [
                [
                    1.0,
                    0.0,
                    0.0,
                    -0.01200000000000001
                ],
                [
                    0.0,
                    1.0,
                    0.0,
                    0.15750000000000003
                ],
                [
                    0.0,
                    0.0,
                    1.0,
                    0.335
                ],
                [
                    0.0,
                    0.0,
                    0.0,
                    1.0
                ]
            ],
            "size": [
                1.6,
                1.586,
                0.76
            ]
        },
        "collider2": {
            "type": "Box",
            "collider2origin": [
                [
                    0.6513508227732712,
                    -0.752192975254617,
                    -0.0997388271947737,
                    -0.017616847234728
                ],
                [
                    0.12093881183235466,
                    -0.02685071555759452,
                    0.992296751413922,
                    -0.6051590881982148
                ],
                [
                    -0.7490767046605844,
                    -0.6583956007231909,
                    0.07348008902544688,
                    0.0588895477120388
                ],
                [
                    0.0,
                    0.0,
                    0.0,
                    1.0
                ]
            ],
            "size": [
                0.08993,
                0.0305,
                0.09007
            ]
        },
        "distance": 0.0
    },
    {
        "case": 1,
        "collider1": {
            "type": "Box",
            "collider2origin": [
                [
                    1.0,
                    0.0,
                    0.0,
                    -0.01200000000000001
                ],
                [
                    0.0,
                    1.0,
                    0.0,
                    0.15750000000000003
                ],
                [
                    0.0,
                    0.0,
                    1.0,
                    0.335
                ],
                [
                    0.0,
                    0.0,
                    0.0,
                    1.0
                ]
            ],
            "size": [
                1.6,
                1.586,
                0.76
            ]
        },
        "collider2": {
            "type": "Box",
            "collider2origin": [
                [
                    -0.5781642209445003,
                    -0.7521914477064581,
                    0.3161236460894716,
                    0.0374350110504395
                ],
                [
                    -0.4524438677314628,
                    -0.026857634719370516,
                    -0.8913883631781802,
                    -0.6007769164793588
                ],
                [
                    0.678985036780512,
                    -0.6583970636739985,
                    -0.3247962844209014,
                    0.10924330346991051
                ],
                [
                    0.0,
                    0.0,
                    0.0,
                    1.0
                ]
            ],
            "size": [
                0.09126,
                0.11887,
                0.10009
            ]
        },
        "distance": 0.0
    },
    {
        "case": 2,
        "collider1": {
            "type": "Box",
            "collider2origin": [
                [
                    1.0,
                    0.0,
                    0.0,
                    -0.01200000000000001
                ],
                [
                    0.0,
                    1.0,
                    0.0,
                    0.15750000000000003
                ],
                [
                    0.0,
                    0.0,
                    1.0,
                    0.335
                ],
                [
                    0.0,
                    0.0,
                    0.0,
                    1.0
                ]
            ],
            "size": [
                1.6,
                1.586,
                0.76
            ]
        },
        "collider2": {
            "type": "Box",
            "collider2origin": [
                [
                    0.1085567099392365,
                    -0.9424867538115679,
                    0.3161236460894716,
                    0.00825031422941385
                ],
                [
                    -0.30611773409012416,
                    -0.3342435023542756,
                    -0.8913883631781802,
                    -0.5018313257572397
                ],
                [
                    0.9457839994431585,
                    -4.866248472862263e-06,
                    -0.3247962844209014,
                    0.14595882339827437
                ],
                [
                    0.0,
                    0.0,
                    0.0,
                    1.0
                ]
            ],
            "size": [
                0.09102,
                0.10007,
                0.11882
            ]
        },
        "distance": 0.0
    },
    {
        "case": 3,
        "collider1": {
            "type": "Box",
            "collider2origin": [
                [
                    1.0,
                    0.0,
                    0.0,
                    -0.01200000000000001
                ],
                [
                    0.0,
                    1.0,
                    0.0,
                    0.15750000000000003
                ],
                [
                    0.0,
                    0.0,
                    1.0,
                    0.335
                ],
                [
                    0.0,
                    0.0,
                    0.0,
                    1.0
                ]
            ],
            "size": [
                1.6,
                1.586,
                0.76
            ]
        },
        "collider2": {
            "type": "Sphere",
            "collider2origin": [
                [
                    1.0,
                    0.0,
                    0.0,
                    -0.17016162252616884
                ],
                [
                    0.0,
                    1.0,
                    0.0,
                    -0.5949218223886219
                ],
                [
                    0.0,
                    0.0,
                    1.0,
                    -0.04406805496298727
                ],
                [
                    0.0,
                    0.0,
                    0.0,
                    1.0
                ]
            ],
            "radius": 0.01051
        },
        "distance": 0.0
    },
    {
        "case": 4,
        "collider1": {
            "type": "Box",
            "collider2origin": [
                [
                    1.0,
                    0.0,
                    0.0,
                    -0.01200000000000001
                ],
                [
                    0.0,
                    1.0,
                    0.0,
                    0.15750000000000003
                ],
                [
                    0.0,
                    0.0,
                    1.0,
                    0.335
                ],
                [
                    0.0,
                    0.0,
                    0.0,
                    1.0
                ]
            ],
            "size": [
                1.6,
                1.586,
                0.76
            ]
        },
        "collider2": {
            "type": "Cylinder",
            "collider2origin": [
                [
                    -0.5623474734496688,
                    -0.4519273166132986,
                    0.6924788946989476,
                    -0.15481796064044193
                ],
                [
                    0.7378377495054043,
                    -0.6523055406726675,
                    0.17347315934327914,
                    -0.5905813348059955
                ],
                [
                    0.37331056040456867,
                    0.6084892621126864,
                    0.7002714069444679,
                    -0.027935630858670013
                ],
                [
                    0.0,
                    0.0,
                    0.0,
                    1.0
                ]
            ],
            "radius": 0.01169,
            "height": 0.05502
        },
        "distance": 0.0
    },
    {
        "case": 5,
        "collider1": {
            "type": "Box",
            "collider2origin": [
                [
                    1.0,
                    0.0,
                    0.0,
                    -0.01200000000000001
                ],
                [
                    0.0,
                    1.0,
                    0.0,
                    0.15750000000000003
                ],
                [
                    0.0,
                    0.0,
                    1.0,
                    0.335
                ],
                [
                    0.0,
                    0.0,
                    0.0,
                    1.0
                ]
            ],
            "size": [
                1.6,
                1.586,
                0.76
            ]
        },
        "collider2": {
            "type": "Sphere",
            "collider2origin": [
                [
                    1.0,
                    0.0,
                    0.0,
                    -0.18308600429261068
                ],
                [
                    0.0,
                    1.0,
                    0.0,
                    -0.6118213996797333
                ],
                [
                    0.0,
                    0.0,
                    1.0,
                    -0.00864790447807362
                ],
                [
                    0.0,
                    0.0,
                    0.0,
                    1.0
                ]
            ],
            "radius": 0.00563
        },
        "distance": 0.0
    },
    {
        "case": 6,
        "collider1": {
            "type": "Box",
            "collider2origin": [
                [
                    1.0,
                    0.0,
                    0.0,
                    -0.01200000000000001
                ],
                [
                    0.0,
                    1.0,
                    0.0,
                    0.15750000000000003
                ],
                [
                    0.0,
                    0.0,
                    1.0,
                    0.335
                ],
                [
                    0.0,
                    0.0,
                    0.0,
                    1.0
                ]
            ],
            "size": [
                1.6,
                1.586,
                0.76
            ]
        },
        "collider2": {
            "type": "Box",
            "collider2origin": [
                [
                    0.21572863454497956,
                    -0.9424869772194826,
                    0.2553026713707498,
                    0.038245999199620816
                ],
                [
                    -0.608318267892429,
                    -0.3342428723774856,
                    -0.7198823426180161,
                    -0.2520447149899593
                ],
                [
                    0.7638128312523385,
                    -6.044030538777628e-06,
                    -0.6454378039577136,
                    0.33534507639062605
                ],
                [
                    0.0,
                    0.0,
                    0.0,
                    1.0
                ]
            ],
            "size": [
                0.1202,
                0.13634,
                0.67816
            ]
        },
        "distance": 0.0
    },
    {
        "case": 7,
        "collider1": {
            "type": "Box",
            "collider2origin": [
                [
                    1.0,
                    0.0,
                    0.0,
                    -0.01200000000000001
                ],
                [
                    0.0,
                    1.0,
                    0.0,
                    0.15750000000000003
                ],
                [
                    0.0,
                    0.0,
                    1.0,
                    0.335
                ],
                [
                    0.0,
                    0.0,
                    0.0,
                    1.0
                ]
            ],
            "size": [
                1.6,
                1.586,
                0.76
            ]
        },
        "collider2": {
            "type": "Cylinder",
            "collider2origin": [
                [
                    -0.5214774530198046,
                    -0.4188820352212647,
                    0.7433701006637728,
                    -0.1440276965301253
                ],
                [
                    0.7719153218858172,
                    -0.602844540861376,
                    0.20180484481684746,
                    -0.5856661782783852
                ],
                [
                    0.363604182910334,
                    0.6790554470163152,
                    0.6377112967852928,
                    -0.019027009375033765
                ],
                [
                    0.0,
                    0.0,
                    0.0,
                    1.0
                ]
            ],
            "radius": 0.01271,
            "height": 0.05982
        },
        "distance": 0.0
    },
    {
        "case": 8,
        "collider1": {
            "type": "Box",
            "collider2origin": [
                [
                    1.0,
                    0.0,
                    0.0,
                    -0.01200000000000001
                ],
                [
                    0.0,
                    1.0,
                    0.0,
                    0.15750000000000003
                ],
                [
                    0.0,
                    0.0,
                    1.0,
                    0.335
                ],
                [
                    0.0,
                    0.0,
                    0.0,
                    1.0
                ]
            ],
            "size": [
                1.6,
                1.586,
                0.76
            ]
        },
        "collider2": {
            "type": "Cylinder",
            "collider2origin": [
                [
                    -0.099736056012299,
                    0.7913155088534395,
                    0.6032184385271493,
                    -0.1721239808278885
                ],
                [
                    0.9922968970024834,
                    0.034330606961577,
                    0.11903057432815994,
                    -0.6094296346244932
                ],
                [
                    0.07348188436855332,
                    0.6104434247935431,
                    -0.7886439233240656,
                    -0.026068194414794243
                ],
                [
                    0.0,
                    0.0,
                    0.0,
                    1.0
                ]
            ],
            "radius": 0.00813,
            "height": 0.03824
        },
        "distance": 0.0
    },
    {
        "case": 9,
        "collider1": {
            "type": "Box",
            "collider2origin": [
                [
                    1.0,
                    0.0,
                    0.0,
                    -0.01200000000000001
                ],
                [
                    0.0,
                    1.0,
                    0.0,
                    0.15750000000000003
                ],
                [
                    0.0,
                    0.0,
                    1.0,
                    0.335
                ],
                [
                    0.0,
                    0.0,
                    0.0,
                    1.0
                ]
            ],
            "size": [
                1.6,
                1.586,
                0.76
            ]
        },
        "collider2": {
            "type": "Box",
            "collider2origin": [
                [
                    0.3336544984720892,
                    -0.9424878423338054,
                    0.019782383635609222,
                    -0.15860175535005933
                ],
                [
                    -0.9408369294962314,
                    -0.3342404329208131,
                    -0.05576024656518722,
                    -0.07497201184768862
                ],
                [
                    0.059165426943795923,
                    -7.339975455496813e-06,
                    -0.9982481916841536,
                    0.8278489970973717
                ],
                [
                    0.0,
                    0.0,
                    0.0,
                    1.0
                ]
            ],
            "size": [
                0.15068,
                0.17726,
                0.74884
            ]
        },
        "distance": 0.0
    },
    {
        "case": 10,
        "collider1": {
            "type": "Box",
            "collider2origin": [
                [
                    1.0,
                    0.0,
                    0.0,
                    0.07799999999999999
                ],
                [
                    0.0,
                    1.0,
                    0.0,
                    -0.315
                ],
                [
                    0.0,
                    0.0,
                    1.0,
                    0.75
                ],
                [
                    0.0,
                    0.0,
                    0.0,
                    1.0
                ]
            ],
            "size": [
                1.76,
                0.64,
                0.06
            ]
        },
        "collider2": {
            "type": "Box",
            "collider2origin": [
                [
                    0.3336544984720892,
                    -0.9424878423338054,
                    0.019782383635609222,
                    -0.15860175535005933
                ],
                [
                    -0.9408369294962314,
                    -0.3342404329208131,
                    -0.05576024656518722,
                    -0.07497201184768862
                ],
                [
                    0.059165426943795923,
                    -7.339975455496813e-06,
                    -0.9982481916841536,
                    0.8278489970973717
                ],
                [
                    0.0,
                    0.0,
                    0.0,
                    1.0
                ]
            ],
            "size": [
                0.15068,
                0.17726,
                0.74884
            ]
        },
        "distance": 0.0
    },
    {
        "case": 11,
        "collider1": {
            "type": "Box",
            "collider2origin": [
                [
                    1.0,
                    0.0,
                    0.0,
                    -0.01200000000000001
                ],
                [
                    0.0,
                    1.0,
                    0.0,
                    0.15750000000000003
                ],
                [
                    0.0,
                    0.0,
                    1.0,
                    0.335
                ],
                [
                    0.0,
                    0.0,
                    0.0,
                    1.0
                ]
            ],
            "size": [
                1.6,
                1.586,
                0.76
            ]
        },
        "collider2": {
            "type": "Box",
            "collider2origin": [
                [
                    0.3336544984720892,
                    -0.9424878423338054,
                    0.019782383635609222,
                    -0.15860175535005933
                ],
                [
                    -0.9408369294962314,
                    -0.3342404329208131,
                    -0.05576024656518722,
                    -0.07497201184768862
                ],
                [
                    0.059165426943795923,
                    -7.339975455496813e-06,
                    -0.9982481916841536,
                    0.8278489970973717
                ],
                [
                    0.0,
                    0.0,
                    0.0,
                    1.0
                ]
            ],
            "size": [
                0.15068,
                0.17726,
                0.74884
            ]
        },
        "distance": 0.0
    },
    {
        "case": 12,
        "collider1": {
            "type": "Box",
            "collider2origin": [
                [
                    1.0,
                    0.0,
                    0.0,
                    0.07799999999999999
                ],
                [
                    0.0,
                    1.0,
                    0.0,
                    -0.315
                ],
                [
                    0.0,
                    0.0,
                    1.0,
                    0.75
                ],
                [
                    0.0,
                    0.0,
                    0.0,
                    1.0
                ]
            ],
            "size": [
                1.76,
                0.64,
                0.06
            ]
        },
        "collider2": {
            "type": "Box",
            "collider2origin": [
                [
                    0.3336544984720892,
                    -0.9424878423338054,
                    0.019782383635609222,
                    -0.15860175535005933
                ],
                [
                    -0.9408369294962314,
                    -0.3342404329208131,
                    -0.05576024656518722,
                    -0.07497201184768862
                ],
                [
                    0.059165426943795923,
                    -7.339975455496813e-06,
                    -0.9982481916841536,
                    0.8278489970973717
                ],
                [
                    0.0,
                    0.0,
                    0.0,
                    1.0
                ]
            ],
            "size": [
                0.15068,
                0.17726,
                0.74884
            ]
        },
        "distance": 0.0
    },
    {
        "case": 13,
        "collider1": {
            "type": "Box",
            "collider2origin": [
                [
                    1.0,
                    0.0,
                    0.0,
                    -0.01200000000000001
                ],
                [
                    0.0,
                    1.0,
                    0.0,
                    0.15750000000000003
                ],
                [
                    0.0,
                    0.0,
                    1.0,
                    0.335
                ],
                [
                    0.0,
                    0.0,
                    0.0,
                    1.0
                ]
            ],
            "size": [
                1.6,
                1.586,
                0.76
            ]
        },
        "collider2": {
            "type": "Box",
            "collider2origin": [
                [
                    -0.28887336520261647,
                    -0.5525947683712532,
                    -0.7817871838583923,
                    -0.07681879812764764
                ],
                [
                    0.9470615679722925,
                    -0.04544749386310342,
                    -0.31781899215028886,
                    -0.6063879121245628
                ],
                [
                    0.1400948441106171,
                    -0.8322100379533302,
                    0.5364698382792249,
                    -0.0003842874114741157
                ],
                [
                    0.0,
                    0.0,
                    0.0,
                    1.0
                ]
            ],
            "size": [
                0.06241,
                0.05638,
                0.02858
            ]
        },
        "distance": 0.0
    },
    {
        "case": 14,
        "collider1": {
            "type": "Box",
            "collider2origin": [
                [
                    1.0,
                    0.0,
                    0.0,
                    -0.01200000000000001
                ],
                [
                    0.0,
                    1.0,
                    0.0,
                    0.15750000000000003
                ],
                [
                    0.0,
                    0.0,
                    1.0,
                    0.335
                ],
                [
                    0.0,
                    0.0,
                    0.0,
                    1.0
                ]
            ],
            "size": [
                1.6,
                1.586,
                0.76
            ]
        },
        "collider2": {
            "type": "Cylinder",
            "collider2origin": [
                [
                    -0.3108185699104411,
                    0.1504720219283173,
                    0.9384828113586478,
                    -0.13574256617962707
                ],
                [
                    0.9234080585727378,
                    0.2817402703341356,
                    0.26065298278549337,
                    -0.642271100653318
                ],
                [
                    -0.22518741963474473,
                    0.9476183781928523,
                    -0.22651718554977912,
                    -0.047328081079608175
                ],
                [
                    0.0,
                    0.0,
                    0.0,
                    1.0
                ]
            ],
            "radius": 0.00783,
            "height": 0.03044
        },
        "distance": 0.0
    },
    {
        "case": 15,
        "collider1": {
            "type": "Box",
            "collider2origin": [
                [
                    1.0,
                    0.0,
                    0.0,
                    -0.01200000000000001
                ],
                [
                    0.0,
                    1.0,
                    0.0,
                    0.15750000000000003
                ],
                [
                    0.0,
                    0.0,
                    1.0,
                    0.335
                ],
                [
                    0.0,
                    0.0,
                    0.0,
                    1.0
                ]
            ],
            "size": [
                1.6,
                1.586,
                0.76
            ]
        },
        "collider2": {
            "type": "Cylinder",
            "collider2origin": [
                [
                    -0.099736056012299,
                    0.3880179462468032,
                    0.9162394842624516,
                    -0.14917055415311484
                ],
                [
                    0.9922968970024834,
                    -0.029216352790154002,
                    0.1203880099049865,
                    -0.6057564186213019
                ],
                [
                    0.07348188436855332,
                    0.9211886224438796,
                    -0.38211508024362584,
                    -0.044517188644282335
                ],
                [
                    0.0,
                    0.0,
                    0.0,
                    1.0
                ]
            ],
            "radius": 0.00683,
            "height": 0.01183
        },
        "distance": 0.0
    },
    {
        "case": 16,
        "collider1": {
            "type": "Box",
            "collider2origin": [
                [
                    1.0,
                    0.0,
                    0.0,
                    -0.01200000000000001
                ],
                [
                    0.0,
                    1.0,
                    0.0,
                    0.15750000000000003
                ],
                [
                    0.0,
                    0.0,
                    1.0,
                    0.335
                ],
                [
                    0.0,
                    0.0,
                    0.0,
                    1.0
                ]
            ],
            "size": [
                1.6,
                1.586,
                0.76
            ]
        },
        "collider2": {
            "type": "Cylinder",
            "collider2origin": [
                [
                    -0.099736056012299,
                    0.3880179462468032,
                    0.9162394842624516,
                    -0.13421550040685606
                ],
                [
                    0.9922968970024834,
                    -0.029216352790154002,
                    0.1203880099049865,
                    -0.6037918367101872
                ],
                [
                    0.07348188436855332,
                    0.9211886224438796,
                    -0.38211508024362584,
                    -0.05074852761444215
                ],
                [
                    0.0,
                    0.0,
                    0.0,
                    1.0
                ]
            ],
            "radius": 0.00683,
            "height": 0.01782
        },
        "distance": 0.0
    },
    {
        "case": 17,
        "collider1": {
            "type": "Box",
            "collider2origin": [
                [
                    1.0,
                    0.0,
                    0.0,
                    -0.01200000000000001
                ],
                [
                    0.0,
                    1.0,
                    0.0,
                    0.15750000000000003
                ],
                [
                    0.0,
                    0.0,
                    1.0,
                    0.335
                ],
                [
                    0.0,
                    0.0,
                    0.0,
                    1.0
                ]
            ],
            "size": [
                1.6,
                1.586,
                0.76
            ]
        },
        "collider2": {
            "type": "Box",
            "collider2origin": [
                [
                    -0.11864292854153137,
                    -0.5525915497895351,
                    -0.8249645050596347,
                    -0.10345481350123273
                ],
                [
                    0.9926328172354779,
                    -0.0454440006463674,
                    -0.1123162185635331,
                    -0.6067167153820912
                ],
                [
                    0.024575305781362616,
                    -0.8322123658697049,
                    0.5539121161694333,
                    -0.04421133697491153
                ],
                [
                    0.0,
                    0.0,
                    0.0,
                    1.0
                ]
            ],
            "size": [
                0.07264,
                0.04753,
                0.03326
            ]
        },
        "distance": 0.0
    }
]