[
    {
        "case": 0,
        "collider1": {
            "type": "Box",
            "collider2origin": [
                [
                    1.0,
                    0.0,
                    0.0,
                    0.11800000000000002
                ],
                [
                    0.0,
                    1.0,
                    0.0,
                    -0.3541
                ],
                [
                    0.0,
                    0.0,
                    1.0,
                    0.994
                ],
                [
                    0.0,
                    0.0,
                    0.0,
                    1.0
                ]
            ],
            "size": [
                0.03,
                0.085,
                0.01
            ]
        },
        "collider2": {
            "type": "Box",
            "collider2origin": [
                [
                    0.10751565628240961,
                    0.20178915385611826,
                    -0.9735098977618021,
                    -0.2568132720913065
                ],
                [
                    0.022155302146255964,
                    -0.9794289853631116,
                    -0.2005692030631661,
                    -0.2311174207341733
                ],
                [
                    -0.9939565011815007,
                    -4.076429907299407e-06,
                    -0.10977464981684913,
                    1.094468557586671
                ],
                [
                    0.0,
                    0.0,
                    0.0,
                    1.0
                ]
            ],
            "size": [
                0.15068,
                0.17726,
                0.74884
            ]
        },
        "distance": 0.08444745486098962
    },
    {
        "case": 1,
        "collider1": {
            "type": "Cylinder",
            "collider2origin": [
                [
                    1.0,
                    0.0,
                    0.0,
                    0.064
                ],
                [
                    0.0,
                    1.0,
                    0.0,
                    -0.339
                ],
                [
                    0.0,
                    0.0,
                    1.0,
                    0.9855
                ],
                [
                    0.0,
                    0.0,
                    0.0,
                    1.0
                ]
            ],
            "radius": 0.004,
            "height": 0.027
        },
        "collider2": {
            "type": "Box",
            "collider2origin": [
                [
                    0.10751565628240961,
                    0.20178915385611826,
                    -0.9735098977618021,
                    -0.2568132720913065
                ],
                [
                    0.022155302146255964,
                    -0.9794289853631116,
                    -0.2005692030631661,
                    -0.2311174207341733
                ],
                [
                    -0.9939565011815007,
                    -4.076429907299407e-06,
                    -0.10977464981684913,
                    1.094468557586671
                ],
                [
                    0.0,
                    0.0,
                    0.0,
                    1.0
                ]
            ],
            "size": [
                0.15068,
                0.17726,
                0.74884
            ]
        },
        "distance": 0.09335256601520463
    },
    {
        "case": 2,
        "collider1": {
            "type": "Cylinder",
            "collider2origin": [
                [
                    1.0,
                    0.0,
                    0.0,
                    0.11849999999999997
                ],
                [
                    0.0,
                    1.0,
                    0.0,
                    -0.3215
                ],
                [
                    0.0,
                    0.0,
                    1.0,
                    0.9905
                ],
                [
                    0.0,
                    0.0,
                    0.0,
                    1.0
                ]
            ],
            "radius": 0.005,
            "height": 0.027
        },
        "collider2": {
            "type": "Box",
            "collider2origin": [
                [
                    0.10751565628240961,
                    0.20178915385611826,
                    -0.9735098977618021,
                    -0.2568132720913065
                ],
                [
                    0.022155302146255964,
                    -0.9794289853631116,
                    -0.2005692030631661,
                    -0.2311174207341733
                ],
                [
                    -0.9939565011815007,
                    -4.076429907299407e-06,
                    -0.10977464981684913,
                    1.094468557586671
                ],
                [
                    0.0,
                    0.0,
                    0.0,
                    1.0
                ]
            ],
            "size": [
                0.15068,
                0.17726,
                0.74884
            ]
        },
        "distance": 0.08824762605460212
    },
    {
        "case": 3,
        "collider1": {
            "type": "Box",
            "collider2origin": [
                [
                    1.0,
                    0.0,
                    0.0,
                    0.094
                ],
                [
                    0.0,
                    1.0,
                    0.0,
                    -0.3175
                ],
                [
                    0.0,
                    0.0,
                    1.0,
                    0.994
                ],
                [
                    0.0,
                    0.0,
                    0.0,
                    1.0
                ]
            ],
            "size": [
                0.018,
                0.0116,
                0.01
            ]
        },
        "collider2": {
            "type": "Box",
            "collider2origin": [
                [
                    0.10751565628240961,
                    0.20178915385611826,
                    -0.9735098977618021,
                    -0.2568132720913065
                ],
                [
                    0.022155302146255964,
                    -0.9794289853631116,
                    -0.2005692030631661,
                    -0.2311174207341733
                ],
                [
                    -0.9939565011815007,
                    -4.076429907299407e-06,
                    -0.10977464981684913,
                    1.094468557586671
                ],
                [
                    0.0,
                    0.0,
                    0.0,
                    1.0
                ]
            ],
            "size": [
                0.15068,
                0.17726,
                0.74884
            ]
        },
        "distance": 0.08052905350676727
    },
    {
        "case": 4,
        "collider1": {
            "type": "Cylinder",
            "collider2origin": [
                [
                    1.0,
                    0.0,
                    0.0,
                    0.064
                ],
                [
                    0.0,
                    1.0,
                    0.0,
                    -0.369
                ],
                [
                    0.0,
                    0.0,
                    1.0,
                    0.9855
                ],
                [
                    0.0,
                    0.0,
                    0.0,
                    1.0
                ]
            ],
            "radius": 0.004,
            "height": 0.027
        },
        "collider2": {
            "type": "Box",
            "collider2origin": [
                [
                    0.10751565628240961,
                    0.20178915385611826,
                    -0.9735098977618021,
                    -0.2568132720913065
                ],
                [
                    0.022155302146255964,
                    -0.9794289853631116,
                    -0.2005692030631661,
                    -0.2311174207341733
                ],
                [
                    -0.9939565011815007,
                    -4.076429907299407e-06,
                    -0.10977464981684913,
                    1.094468557586671
                ],
                [
                    0.0,
                    0.0,
                    0.0,
                    1.0
                ]
            ],
            "size": [
                0.15068,
                0.17726,
                0.74884
            ]
        },
        "distance": 0.11866147812708233
    },
    {
        "case": 5,
        "collider1": {
            "type": "Cylinder",
            "collider2origin": [
                [
                    1.0,
                    0.0,
                    0.0,
                    0.11849999999999997
                ],
                [
                    0.0,
                    1.0,
                    0.0,
                    -0.386
                ],
                [
                    0.0,
                    0.0,
                    1.0,
                    0.9905
                ],
                [
                    0.0,
                    0.0,
                    0.0,
                    1.0
                ]
            ],
            "radius": 0.005,
            "height": 0.027
        },
        "collider2": {
            "type": "Box",
            "collider2origin": [
                [
                    0.10751565628240961,
                    0.20178915385611826,
                    -0.9735098977618021,
                    -0.2568132720913065
                ],
                [
                    0.022155302146255964,
                    -0.9794289853631116,
                    -0.2005692030631661,
                    -0.2311174207341733
                ],
                [
                    -0.9939565011815007,
                    -4.076429907299407e-06,
                    -0.10977464981684913,
                    1.094468557586671
                ],
                [
                    0.0,
                    0.0,
                    0.0,
                    1.0
                ]
            ],
            "size": [
                0.15068,
                0.17726,
                0.74884
            ]
        },
        "distance": 0.14336671118497515
    },
    {
        "case": 6,
        "collider1": {
            "type": "Box",
            "collider2origin": [
                [
                    1.0,
                    0.0,
                    0.0,
                    0.11800000000000002
                ],
                [
                    0.0,
                    1.0,
                    0.0,
                    -0.3541
                ],
                [
                    0.0,
                    0.0,
                    1.0,
                    0.994
                ],
                [
                    0.0,
                    0.0,
                    0.0,
                    1.0
                ]
            ],
            "size": [
                0.03,
                0.085,
                0.01
            ]
        },
        "collider2": {
            "type": "Box",
            "collider2origin": [
                [
                    0.10751565628240961,
                    0.20178915385611826,
                    -0.9735098977618021,
                    -0.2568132720913065
                ],
                [
                    0.022155302146255964,
                    -0.9794289853631116,
                    -0.2005692030631661,
                    -0.2311174207341733
                ],
                [
                    -0.9939565011815007,
                    -4.076429907299407e-06,
                    -0.10977464981684913,
                    1.094468557586671
                ],
                [
                    0.0,
                    0.0,
                    0.0,
                    1.0
                ]
            ],
            "size": [
                0.15068,
                0.17726,
                0.74884
            ]
        },
        "distance": 0.08444745486098962
    },
    {
        "case": 7,
        "collider1": {
            "type": "Cylinder",
            "collider2origin": [
                [
                    1.0,
                    0.0,
                    0.0,
                    0.064
                ],
                [
                    0.0,
                    1.0,
                    0.0,
                    -0.339
                ],
                [
                    0.0,
                    0.0,
                    1.0,
                    0.9855
                ],
                [
                    0.0,
                    0.0,
                    0.0,
                    1.0
                ]
            ],
            "radius": 0.004,
            "height": 0.027
        },
        "collider2": {
            "type": "Box",
            "collider2origin": [
                [
                    0.10751565628240961,
                    0.20178915385611826,
                    -0.9735098977618021,
                    -0.2568132720913065
                ],
                [
                    0.022155302146255964,
                    -0.9794289853631116,
                    -0.2005692030631661,
                    -0.2311174207341733
                ],
                [
                    -0.9939565011815007,
                    -4.076429907299407e-06,
                    -0.10977464981684913,
                    1.094468557586671
                ],
                [
                    0.0,
                    0.0,
                    0.0,
                    1.0
                ]
            ],
            "size": [
                0.15068,
                0.17726,
                0.74884
            ]
        },
        "distance": 0.09335256601520463
    },
    {
        "case": 8,
        "collider1": {
            "type": "Cylinder",
            "collider2origin": [
                [
                    1.0,
                    0.0,
                    0.0,
                    0.11849999999999997
                ],
                [
                    0.0,
                    1.0,
                    0.0,
                    -0.3215
                ],
                [
                    0.0,
                    0.0,
                    1.0,
                    0.9905
                ],
                [
                    0.0,
                    0.0,
                    0.0,
                    1.0
                ]
            ],
            "radius": 0.005,
            "height": 0.027
        },
        "collider2": {
            "type": "Box",
            "collider2origin": [
                [
                    0.10751565628240961,
                    0.20178915385611826,
                    -0.9735098977618021,
                    -0.2568132720913065
                ],
                [
                    0.022155302146255964,
                    -0.9794289853631116,
                    -0.2005692030631661,
                    -0.2311174207341733
                ],
                [
                    -0.9939565011815007,
                    -4.076429907299407e-06,
                    -0.10977464981684913,
                    1.094468557586671
                ],
                [
                    0.0,
                    0.0,
                    0.0,
                    1.0
                ]
            ],
            "size": [
                0.15068,
                0.17726,
                0.74884
            ]
        },
        "distance": 0.08824762605460212
    },
    {
        "case": 9,
        "collider1": {
            "type": "Box",
            "collider2origin": [
                [
                    1.0,
                    0.0,
                    0.0,
                    0.094
                ],
                [
                    0.0,
                    1.0,
                    0.0,
                    -0.3175
                ],
                [
                    0.0,
                    0.0,
                    1.0,
                    0.994
                ],
                [
                    0.0,
                    0.0,
                    0.0,
                    1.0
                ]
            ],
            "size": [
                0.018,
                0.0116,
                0.01
            ]
        },
        "collider2": {
            "type": "Box",
            "collider2origin": [
                [
                    0.10751565628240961,
                    0.20178915385611826,
                    -0.9735098977618021,
                    -0.2568132720913065
                ],
                [
                    0.022155302146255964,
                    -0.9794289853631116,
                    -0.2005692030631661,
                    -0.2311174207341733
                ],
                [
                    -0.9939565011815007,
                    -4.076429907299407e-06,
                    -0.10977464981684913,
                    1.094468557586671
                ],
                [
                    0.0,
                    0.0,
                    0.0,
                    1.0
                ]
            ],
            "size": [
                0.15068,
                0.17726,
                0.74884
            ]
        },
        "distance": 0.08052905350676727
    },
    {
        "case": 10,
        "collider1": {
            "type": "Cylinder",
            "collider2origin": [
                [
                    1.0,
                    0.0,
                    0.0,
                    0.064
                ],
                [
                    0.0,
                    1.0,
                    0.0,
                    -0.369
                ],
                [
                    0.0,
                    0.0,
                    1.0,
                    0.9855
                ],
                [
                    0.0,
                    0.0,
                    0.0,
                    1.0
                ]
            ],
            "radius": 0.004,
            "height": 0.027
        },
        "collider2": {
            "type": "Box",
            "collider2origin": [
                [
                    0.10751565628240961,
                    0.20178915385611826,
                    -0.9735098977618021,
                    -0.2568132720913065
                ],
                [
                    0.022155302146255964,
                    -0.9794289853631116,
                    -0.2005692030631661,
                    -0.2311174207341733
                ],
                [
                    -0.9939565011815007,
                    -4.076429907299407e-06,
                    -0.10977464981684913,
                    1.094468557586671
                ],
                [
                    0.0,
                    0.0,
                    0.0,
                    1.0
                ]
            ],
            "size": [
                0.15068,
                0.17726,
                0.74884
            ]
        },
        "distance": 0.11866147812708233
    },
    {
        "case": 11,
        "collider1": {
            "type": "Cylinder",
            "collider2origin": [
                [
                    1.0,
                    0.0,
                    0.0,
                    0.11849999999999997
                ],
                [
                    0.0,
                    1.0,
                    0.0,
                    -0.386
                ],
                [
                    0.0,
                    0.0,
                    1.0,
                    0.9905
                ],
                [
                    0.0,
                    0.0,
                    0.0,
                    1.0
                ]
            ],
            "radius": 0.005,
            "height": 0.027
        },
        "collider2": {
            "type": "Box",
            "collider2origin": [
                [
                    0.10751565628240961,
                    0.20178915385611826,
                    -0.9735098977618021,
                    -0.2568132720913065
                ],
                [
                    0.022155302146255964,
                    -0.9794289853631116,
                    -0.2005692030631661,
                    -0.2311174207341733
                ],
                [
                    -0.9939565011815007,
                    -4.076429907299407e-06,
                    -0.10977464981684913,
                    1.094468557586671
                ],
                [
                    0.0,
                    0.0,
                    0.0,
                    1.0
                ]
            ],
            "size": [
                0.15068,
                0.17726,
                0.74884
            ]
        },
        "distance": 0.14336671118497515
    }
]