[
    {
        "case": 0,
        "collider1": {
            "type": "Box",
            "collider2origin": [
                [
                    1.0,
                    0.0,
                    0.0,
                    0.44799999999999995
                ],
                [
                    0.0,
                    1.0,
                    0.0,
                    0.595
                ],
                [
                    0.0,
                    0.0,
                    1.0,
                    0.75
                ],
                [
                    0.0,
                    0.0,
                    0.0,
                    1.0
                ]
            ],
            "size": [
                0.82,
                0.7,
                0.06
            ]
        },
        "collider2": {
            "type": "Box",
            "collider2origin": [
                [
                    0.38388532098336875,
                    0.8880977203602802,
                    0.25281317098673745,
                    0.23080779402359627
                ],
                [
                    0.7416958299627663,
                    -0.4596546954458681,
                    0.48847196108928254,
                    0.06622463181748543
                ],
                [
                    0.5500175962179203,
                    -6.740893607841895e-06,
                    -0.8351530660934082,
                    0.8767240976099265
                ],
                [
                    0.0,
                    0.0,
                    0.0,
                    1.0
                ]
            ],
            "size": [
                0.15068,
                0.17726,
                0.74884
            ]
        },
        "distance": 0.0
    },
    {
        "case": 1,
        "collider1": {
            "type": "Box",
            "collider2origin": [
                [
                    1.0,
                    0.0,
                    0.0,
                    -0.01200000000000001
                ],
                [
                    0.0,
                    1.0,
                    0.0,
                    0.15750000000000003
                ],
                [
                    0.0,
                    0.0,
                    1.0,
                    0.335
                ],
                [
                    0.0,
                    0.0,
                    0.0,
                    1.0
                ]
            ],
            "size": [
                1.6,
                1.586,
                0.76
            ]
        },
        "collider2": {
            "type": "Box",
            "collider2origin": [
                [
                    0.38388532098336875,
                    0.8880977203602802,
                    0.25281317098673745,
                    0.23080779402359627
                ],
                [
                    0.7416958299627663,
                    -0.4596546954458681,
                    0.48847196108928254,
                    0.06622463181748543
                ],
                [
                    0.5500175962179203,
                    -6.740893607841895e-06,
                    -0.8351530660934082,
                    0.8767240976099265
                ],
                [
                    0.0,
                    0.0,
                    0.0,
                    1.0
                ]
            ],
            "size": [
                0.15068,
                0.17726,
                0.74884
            ]
        },
        "distance": 0.0
    },
    {
        "case": 2,
        "collider1": {
            "type": "Box",
            "collider2origin": [
                [
                    1.0,
                    0.0,
                    0.0,
                    0.543
                ],
                [
                    0.0,
                    1.0,
                    0.0,
                    0.1875
                ],
                [
                    0.0,
                    0.0,
                    1.0,
                    0.791
                ],
                [
                    0.0,
                    0.0,
                    0.0,
                    1.0
                ]
            ],
            "size": [
                0.44,
                0.5928,
                0.142
            ]
        },
        "collider2": {
            "type": "Box",
            "collider2origin": [
                [
                    0.38388532098336875,
                    0.8880977203602802,
                    0.25281317098673745,
                    0.23080779402359627
                ],
                [
                    0.7416958299627663,
                    -0.4596546954458681,
                    0.48847196108928254,
                    0.06622463181748543
                ],
                [
                    0.5500175962179203,
                    -6.740893607841895e-06,
                    -0.8351530660934082,
                    0.8767240976099265
                ],
                [
                    0.0,
                    0.0,
                    0.0,
                    1.0
                ]
            ],
            "size": [
                0.15068,
                0.17726,
                0.74884
            ]
        },
        "distance": 0.0
    },
    {
        "case": 3,
        "collider1": {
            "type": "Box",
            "collider2origin": [
                [
                    1.0,
                    0.0,
                    0.0,
                    0.07799999999999999
                ],
                [
                    0.0,
                    1.0,
                    0.0,
                    -0.315
                ],
                [
                    0.0,
                    0.0,
                    1.0,
                    0.75
                ],
                [
                    0.0,
                    0.0,
                    0.0,
                    1.0
                ]
            ],
            "size": [
                1.76,
                0.64,
                0.06
            ]
        },
        "collider2": {
            "type": "Box",
            "collider2origin": [
                [
                    0.38388532098336875,
                    0.8880977203602802,
                    0.25281317098673745,
                    0.23080779402359627
                ],
                [
                    0.7416958299627663,
                    -0.4596546954458681,
                    0.48847196108928254,
                    0.06622463181748543
                ],
                [
                    0.5500175962179203,
                    -6.740893607841895e-06,
                    -0.8351530660934082,
                    0.8767240976099265
                ],
                [
                    0.0,
                    0.0,
                    0.0,
                    1.0
                ]
            ],
            "size": [
                0.15068,
                0.17726,
                0.74884
            ]
        },
        "distance": 0.0
    },
    {
        "case": 4,
        "collider1": {
            "type": "Box",
            "collider2origin": [
                [
                    1.0,
                    0.0,
                    0.0,
                    -0.362
                ],
                [
                    0.0,
                    1.0,
                    0.0,
                    0.35500000000000004
                ],
                [
                    0.0,
                    0.0,
                    1.0,
                    0.75
                ],
                [
                    0.0,
                    0.0,
                    0.0,
                    1.0
                ]
            ],
            "size": [
                0.8,
                0.22,
                0.06
            ]
        },
        "collider2": {
            "type": "Box",
            "collider2origin": [
                [
                    0.38388532098336875,
                    0.8880977203602802,
                    0.25281317098673745,
                    0.23080779402359627
                ],
                [
                    0.7416958299627663,
                    -0.4596546954458681,
                    0.48847196108928254,
                    0.06622463181748543
                ],
                [
                    0.5500175962179203,
                    -6.740893607841895e-06,
                    -0.8351530660934082,
                    0.8767240976099265
                ],
                [
                    0.0,
                    0.0,
                    0.0,
                    1.0
                ]
            ],
            "size": [
                0.15068,
                0.17726,
                0.74884
            ]
        },
        "distance": 0.1647760432947392
    },
    {
        "case": 5,
        "collider1": {
            "type": "Box",
            "collider2origin": [
                [
                    1.0,
                    0.0,
                    0.0,
                    0.44799999999999995
                ],
                [
                    0.0,
                    1.0,
                    0.0,
                    0.595
                ],
                [
                    0.0,
                    0.0,
                    1.0,
                    0.75
                ],
                [
                    0.0,
                    0.0,
                    0.0,
                    1.0
                ]
            ],
            "size": [
                0.82,
                0.7,
                0.06
            ]
        },
        "collider2": {
            "type": "Box",
            "collider2origin": [
                [
                    0.38388532098336875,
                    0.8880977203602802,
                    0.25281317098673745,
                    0.23080779402359627
                ],
                [
                    0.7416958299627663,
                    -0.4596546954458681,
                    0.48847196108928254,
                    0.06622463181748543
                ],
                [
                    0.5500175962179203,
                    -6.740893607841895e-06,
                    -0.8351530660934082,
                    0.8767240976099265
                ],
                [
                    0.0,
                    0.0,
                    0.0,
                    1.0
                ]
            ],
            "size": [
                0.15068,
                0.17726,
                0.74884
            ]
        },
        "distance": 0.0
    },
    {
        "case": 6,
        "collider1": {
            "type": "Box",
            "collider2origin": [
                [
                    1.0,
                    0.0,
                    0.0,
                    -0.01200000000000001
                ],
                [
                    0.0,
                    1.0,
                    0.0,
                    0.15750000000000003
                ],
                [
                    0.0,
                    0.0,
                    1.0,
                    0.335
                ],
                [
                    0.0,
                    0.0,
                    0.0,
                    1.0
                ]
            ],
            "size": [
                1.6,
                1.586,
                0.76
            ]
        },
        "collider2": {
            "type": "Box",
            "collider2origin": [
                [
                    0.38388532098336875,
                    0.8880977203602802,
                    0.25281317098673745,
                    0.23080779402359627
                ],
                [
                    0.7416958299627663,
                    -0.4596546954458681,
                    0.48847196108928254,
                    0.06622463181748543
                ],
                [
                    0.5500175962179203,
                    -6.740893607841895e-06,
                    -0.8351530660934082,
                    0.8767240976099265
                ],
                [
                    0.0,
                    0.0,
                    0.0,
                    1.0
                ]
            ],
            "size": [
                0.15068,
                0.17726,
                0.74884
            ]
        },
        "distance": 0.0
    },
    {
        "case": 7,
        "collider1": {
            "type": "Box",
            "collider2origin": [
                [
                    1.0,
                    0.0,
                    0.0,
                    0.543
                ],
                [
                    0.0,
                    1.0,
                    0.0,
                    0.1875
                ],
                [
                    0.0,
                    0.0,
                    1.0,
                    0.791
                ],
                [
                    0.0,
                    0.0,
                    0.0,
                    1.0
                ]
            ],
            "size": [
                0.44,
                0.5928,
                0.142
            ]
        },
        "collider2": {
            "type": "Box",
            "collider2origin": [
                [
                    0.38388532098336875,
                    0.8880977203602802,
                    0.25281317098673745,
                    0.23080779402359627
                ],
                [
                    0.7416958299627663,
                    -0.4596546954458681,
                    0.48847196108928254,
                    0.06622463181748543
                ],
                [
                    0.5500175962179203,
                    -6.740893607841895e-06,
                    -0.8351530660934082,
                    0.8767240976099265
                ],
                [
                    0.0,
                    0.0,
                    0.0,
                    1.0
                ]
            ],
            "size": [
                0.15068,
                0.17726,
                0.74884
            ]
        },
        "distance": 0.0
    },
    {
        "case": 8,
        "collider1": {
            "type": "Box",
            "collider2origin": [
                [
                    1.0,
                    0.0,
                    0.0,
                    0.07799999999999999
                ],
                [
                    0.0,
                    1.0,
                    0.0,
                    -0.315
                ],
                [
                    0.0,
                    0.0,
                    1.0,
                    0.75
                ],
                [
                    0.0,
                    0.0,
                    0.0,
                    1.0
                ]
            ],
            "size": [
                1.76,
                0.64,
                0.06
            ]
        },
        "collider2": {
            "type": "Box",
            "collider2origin": [
                [
                    0.38388532098336875,
                    0.8880977203602802,
                    0.25281317098673745,
                    0.23080779402359627
                ],
                [
                    0.7416958299627663,
                    -0.4596546954458681,
                    0.48847196108928254,
                    0.06622463181748543
                ],
                [
                    0.5500175962179203,
                    -6.740893607841895e-06,
                    -0.8351530660934082,
                    0.8767240976099265
                ],
                [
                    0.0,
                    0.0,
                    0.0,
                    1.0
                ]
            ],
            "size": [
                0.15068,
                0.17726,
                0.74884
            ]
        },
        "distance": 0.0
    },
    {
        "case": 9,
        "collider1": {
            "type": "Box",
            "collider2origin": [
                [
                    1.0,
                    0.0,
                    0.0,
                    -0.362
                ],
                [
                    0.0,
                    1.0,
                    0.0,
                    0.35500000000000004
                ],
                [
                    0.0,
                    0.0,
                    1.0,
                    0.75
                ],
                [
                    0.0,
                    0.0,
                    0.0,
                    1.0
                ]
            ],
            "size": [
                0.8,
                0.22,
                0.06
            ]
        },
        "collider2": {
            "type": "Box",
            "collider2origin": [
                [
                    0.38388532098336875,
                    0.8880977203602802,
                    0.25281317098673745,
                    0.23080779402359627
                ],
                [
                    0.7416958299627663,
                    -0.4596546954458681,
                    0.48847196108928254,
                    0.06622463181748543
                ],
                [
                    0.5500175962179203,
                    -6.740893607841895e-06,
                    -0.8351530660934082,
                    0.8767240976099265
                ],
                [
                    0.0,
                    0.0,
                    0.0,
                    1.0
                ]
            ],
            "size": [
                0.15068,
                0.17726,
                0.74884
            ]
        },
        "distance": 0.1647760432947392
    },
    {
        "case": 10,
        "collider1": {
            "type": "Box",
            "collider2origin": [
                [
                    1.0,
                    0.0,
                    0.0,
                    0.44799999999999995
                ],
                [
                    0.0,
                    1.0,
                    0.0,
                    0.595
                ],
                [
                    0.0,
                    0.0,
                    1.0,
                    0.75
                ],
                [
                    0.0,
                    0.0,
                    0.0,
                    1.0
                ]
            ],
            "size": [
                0.82,
                0.7,
                0.06
            ]
        },
        "collider2": {
            "type": "Box",
            "collider2origin": [
                [
                    -0.43497137602930336,
                    0.8880973375770421,
                    0.14860357002354788,
                    0.23922865514338254
                ],
                [
                    -0.8404055631084274,
                    -0.4596554350690637,
                    0.2871156047794626,
                    0.3573518653224169
                ],
                [
                    0.323293042813453,
                    -1.9725515394167533e-07,
                    0.9462989001728679,
                    0.8814978342496886
                ],
                [
                    0.0,
                    0.0,
                    0.0,
                    1.0
                ]
            ],
            "size": [
                0.1202,
                0.13634,
                0.67816
            ]
        },
        "distance": 0.0
    },
    {
        "case": 11,
        "collider1": {
            "type": "Box",
            "collider2origin": [
                [
                    1.0,
                    0.0,
                    0.0,
                    -0.01200000000000001
                ],
                [
                    0.0,
                    1.0,
                    0.0,
                    0.15750000000000003
                ],
                [
                    0.0,
                    0.0,
                    1.0,
                    0.335
                ],
                [
                    0.0,
                    0.0,
                    0.0,
                    1.0
                ]
            ],
            "size": [
                1.6,
                1.586,
                0.76
            ]
        },
        "collider2": {
            "type": "Box",
            "collider2origin": [
                [
                    -0.43497137602930336,
                    0.8880973375770421,
                    0.14860357002354788,
                    0.23922865514338254
                ],
                [
                    -0.8404055631084274,
                    -0.4596554350690637,
                    0.2871156047794626,
                    0.3573518653224169
                ],
                [
                    0.323293042813453,
                    -1.9725515394167533e-07,
                    0.9462989001728679,
                    0.8814978342496886
                ],
                [
                    0.0,
                    0.0,
                    0.0,
                    1.0
                ]
            ],
            "size": [
                0.1202,
                0.13634,
                0.67816
            ]
        },
        "distance": 0.0
    },
    {
        "case": 12,
        "collider1": {
            "type": "Box",
            "collider2origin": [
                [
                    1.0,
                    0.0,
                    0.0,
                    0.543
                ],
                [
                    0.0,
                    1.0,
                    0.0,
                    0.1875
                ],
                [
                    0.0,
                    0.0,
                    1.0,
                    0.791
                ],
                [
                    0.0,
                    0.0,
                    0.0,
                    1.0
                ]
            ],
            "size": [
                0.44,
                0.5928,
                0.142
            ]
        },
        "collider2": {
            "type": "Box",
            "collider2origin": [
                [
                    -0.43497137602930336,
                    0.8880973375770421,
                    0.14860357002354788,
                    0.23922865514338254
                ],
                [
                    -0.8404055631084274,
                    -0.4596554350690637,
                    0.2871156047794626,
                    0.3573518653224169
                ],
                [
                    0.323293042813453,
                    -1.9725515394167533e-07,
                    0.9462989001728679,
                    0.8814978342496886
                ],
                [
                    0.0,
                    0.0,
                    0.0,
                    1.0
                ]
            ],
            "size": [
                0.1202,
                0.13634,
                0.67816
            ]
        },
        "distance": 0.0
    }
]