[
    {
        "case": 0,
        "collider1": {
            "type": "Box",
            "collider2origin": [
                [
                    1.0,
                    0.0,
                    0.0,
                    0.9679999999999999
                ],
                [
                    0.0,
                    1.0,
                    0.0,
                    -0.23500000000000004
                ],
                [
                    0.0,
                    0.0,
                    1.0,
                    1.92
                ],
                [
                    0.0,
                    0.0,
                    0.0,
                    1.0
                ]
            ],
            "size": [
                0.2,
                3.52,
                2.12
            ]
        },
        "collider2": {
            "type": "Box",
            "collider2origin": [
                [
                    -0.7822587240888313,
                    0.2682614294057022,
                    -0.5622340207423622,
                    1.1356483036498364
                ],
                [
                    0.21783834188162243,
                    0.9633461503784131,
                    0.15655877924076098,
                    -0.15019813636784266
                ],
                [
                    0.5836246613990698,
                    -6.655934171210473e-06,
                    -0.8120235554234368,
                    1.2014834159605605
                ],
                [
                    0.0,
                    0.0,
                    0.0,
                    1.0
                ]
            ],
            "size": [
                0.09102,
                0.10007,
                0.11882
            ]
        },
        "distance": 0.0
    },
    {
        "case": 1,
        "collider1": {
            "type": "Box",
            "collider2origin": [
                [
                    1.0,
                    0.0,
                    0.0,
                    0.9679999999999999
                ],
                [
                    0.0,
                    1.0,
                    0.0,
                    -0.23500000000000004
                ],
                [
                    0.0,
                    0.0,
                    1.0,
                    1.92
                ],
                [
                    0.0,
                    0.0,
                    0.0,
                    1.0
                ]
            ],
            "size": [
                0.2,
                3.52,
                2.12
            ]
        },
        "collider2": {
            "type": "Cylinder",
            "collider2origin": [
                [
                    -0.02450183072653065,
                    -0.42902935382617946,
                    0.9029581794560247,
                    1.0545128034534692
                ],
                [
                    0.16153126801098522,
                    0.8896615584490647,
                    0.4270947914371514,
                    -0.3688260026153791
                ],
                [
                    -0.9865633835419854,
                    0.15632058397239854,
                    0.047503318628455804,
                    1.0649104634090507
                ],
                [
                    0.0,
                    0.0,
                    0.0,
                    1.0
                ]
            ],
            "radius": 0.00683,
            "height": 0.01183
        },
        "distance": 0.0
    },
    {
        "case": 2,
        "collider1": {
            "type": "Box",
            "collider2origin": [
                [
                    1.0,
                    0.0,
                    0.0,
                    0.9679999999999999
                ],
                [
                    0.0,
                    1.0,
                    0.0,
                    -0.23500000000000004
                ],
                [
                    0.0,
                    0.0,
                    1.0,
                    1.92
                ],
                [
                    0.0,
                    0.0,
                    0.0,
                    1.0
                ]
            ],
            "size": [
                0.2,
                3.52,
                2.12
            ]
        },
        "collider2": {
            "type": "Box",
            "collider2origin": [
                [
                    -0.2066077822061642,
                    0.2174628447692942,
                    -0.9539513276245781,
                    1.0717276047878967
                ],
                [
                    0.06674057061581684,
                    -0.9695845674533741,
                    -0.23548134276440671,
                    -0.2868251005480465
                ],
                [
                    -0.9761449280540901,
                    -0.11231953392486405,
                    0.18581012279522327,
                    1.082571423131832
                ],
                [
                    0.0,
                    0.0,
                    0.0,
                    1.0
                ]
            ],
            "size": [
                0.06241,
                0.05638,
                0.02858
            ]
        },
        "distance": 0.0
    },
    {
        "case": 3,
        "collider1": {
            "type": "Box",
            "collider2origin": [
                [
                    1.0,
                    0.0,
                    0.0,
                    0.9679999999999999
                ],
                [
                    0.0,
                    1.0,
                    0.0,
                    -0.23500000000000004
                ],
                [
                    0.0,
                    0.0,
                    1.0,
                    1.92
                ],
                [
                    0.0,
                    0.0,
                    0.0,
                    1.0
                ]
            ],
            "size": [
                0.2,
                3.52,
                2.12
            ]
        },
        "collider2": {
            "type": "Cylinder",
            "collider2origin": [
                [
                    -0.02450183072653065,
                    -0.42902935382617946,
                    0.9029581794560247,
                    1.069246863416999
                ],
                [
                    0.16153126801098522,
                    0.8896615584490647,
                    0.4270947914371514,
                    -0.3618511909503959
                ],
                [
                    -0.9865633835419854,
                    0.15632058397239854,
                    0.047503318628455804,
                    1.0656865299198075
                ],
                [
                    0.0,
                    0.0,
                    0.0,
                    1.0
                ]
            ],
            "radius": 0.00683,
            "height": 0.01782
        },
        "distance": 0.0
    },
    {
        "case": 4,
        "collider1": {
            "type": "Box",
            "collider2origin": [
                [
                    1.0,
                    0.0,
                    0.0,
                    0.9679999999999999
                ],
                [
                    0.0,
                    1.0,
                    0.0,
                    -0.23500000000000004
                ],
                [
                    0.0,
                    0.0,
                    1.0,
                    1.92
                ],
                [
                    0.0,
                    0.0,
                    0.0,
                    1.0
                ]
            ],
            "size": [
                0.2,
                3.52,
                2.12
            ]
        },
        "collider2": {
            "type": "Box",
            "collider2origin": [
                [
                    0.8258622086516917,
                    -0.04294785490367282,
                    -0.5622340207423622,
                    1.0750278876458847
                ],
                [
                    0.05530095149640766,
                    -0.9861192389393052,
                    0.15655877924076098,
                    -0.13132760306102495
                ],
                [
                    -0.5611536483749722,
                    -0.16038805551829113,
                    -0.8120235554234368,
                    1.1124308546034472
                ],
                [
                    0.0,
                    0.0,
                    0.0,
                    1.0
                ]
            ],
            "size": [
                0.09126,
                0.11887,
                0.10009
            ]
        },
        "distance": 0.0
    },
    {
        "case": 5,
        "collider1": {
            "type": "Box",
            "collider2origin": [
                [
                    1.0,
                    0.0,
                    0.0,
                    0.9679999999999999
                ],
                [
                    0.0,
                    1.0,
                    0.0,
                    -0.23500000000000004
                ],
                [
                    0.0,
                    0.0,
                    1.0,
                    1.92
                ],
                [
                    0.0,
                    0.0,
                    0.0,
                    1.0
                ]
            ],
            "size": [
                0.2,
                3.52,
                2.12
            ]
        },
        "collider2": {
            "type": "Box",
            "collider2origin": [
                [
                    0.9987768951809209,
                    -0.042945879704949105,
                    -0.02450234823700901,
                    1.0696416946860183
                ],
                [
                    -0.038438954366592906,
                    -0.9861192206859447,
                    0.16152810709269086,
                    -0.20423001952415187
                ],
                [
                    -0.031099203204625846,
                    -0.1603886966407323,
                    -0.986563888225149,
                    1.0964807760183681
                ],
                [
                    0.0,
                    0.0,
                    0.0,
                    1.0
                ]
            ],
            "size": [
                0.08993,
                0.0305,
                0.09007
            ]
        },
        "distance": 0.0
    },
    {
        "case": 6,
        "collider1": {
            "type": "Box",
            "collider2origin": [
                [
                    1.0,
                    0.0,
                    0.0,
                    0.9679999999999999
                ],
                [
                    0.0,
                    1.0,
                    0.0,
                    -0.23500000000000004
                ],
                [
                    0.0,
                    0.0,
                    1.0,
                    1.92
                ],
                [
                    0.0,
                    0.0,
                    0.0,
                    1.0
                ]
            ],
            "size": [
                0.2,
                3.52,
                2.12
            ]
        },
        "collider2": {
            "type": "Sphere",
            "collider2origin": [
                [
                    1.0,
                    0.0,
                    0.0,
                    1.061104825463963
                ],
                [
                    0.0,
                    1.0,
                    0.0,
                    -0.42399919097231914
                ],
                [
                    0.0,
                    0.0,
                    1.0,
                    1.02485528780516
                ],
                [
                    0.0,
                    0.0,
                    0.0,
                    1.0
                ]
            ],
            "radius": 0.00663
        },
        "distance": 0.0
    },
    {
        "case": 7,
        "collider1": {
            "type": "Box",
            "collider2origin": [
                [
                    1.0,
                    0.0,
                    0.0,
                    0.9679999999999999
                ],
                [
                    0.0,
                    1.0,
                    0.0,
                    -0.23500000000000004
                ],
                [
                    0.0,
                    0.0,
                    1.0,
                    1.92
                ],
                [
                    0.0,
                    0.0,
                    0.0,
                    1.0
                ]
            ],
            "size": [
                0.2,
                3.52,
                2.12
            ]
        },
        "collider2": {
            "type": "Box",
            "collider2origin": [
                [
                    0.33649065185361865,
                    0.26826681028607496,
                    0.902666582805668,
                    0.8434453025644439
                ],
                [
                    -0.09370635244841391,
                    0.9633446519772775,
                    -0.2513686555988863,
                    -0.18484091542871076
                ],
                [
                    -0.9370128925078566,
                    -2.3901737562782724e-06,
                    0.3492947741784101,
                    1.1018076505923164
                ],
                [
                    0.0,
                    0.0,
                    0.0,
                    1.0
                ]
            ],
            "size": [
                0.1202,
                0.13634,
                0.67816
            ]
        },
        "distance": 0.0
    },
    {
        "case": 8,
        "collider1": {
            "type": "Box",
            "collider2origin": [
                [
                    1.0,
                    0.0,
                    0.0,
                    0.9679999999999999
                ],
                [
                    0.0,
                    1.0,
                    0.0,
                    -0.23500000000000004
                ],
                [
                    0.0,
                    0.0,
                    1.0,
                    1.92
                ],
                [
                    0.0,
                    0.0,
                    0.0,
                    1.0
                ]
            ],
            "size": [
                0.2,
                3.52,
                2.12
            ]
        },
        "collider2": {
            "type": "Box",
            "collider2origin": [
                [
                    -0.002130672484093845,
                    0.21746707153626824,
                    -0.9760653323585489,
                    1.08507114913529
                ],
                [
                    0.11460466068194089,
                    -0.9695832824161168,
                    -0.2162730454984288,
                    -0.3357834119502041
                ],
                [
                    -0.9934088946575537,
                    -0.11232244324545203,
                    -0.022856875522027795,
                    1.0751263395931123
                ],
                [
                    0.0,
                    0.0,
                    0.0,
                    1.0
                ]
            ],
            "size": [
                0.07264,
                0.04753,
                0.03326
            ]
        },
        "distance": 0.0
    },
    {
        "case": 9,
        "collider1": {
            "type": "Box",
            "collider2origin": [
                [
                    1.0,
                    0.0,
                    0.0,
                    0.9679999999999999
                ],
                [
                    0.0,
                    1.0,
                    0.0,
                    -0.23500000000000004
                ],
                [
                    0.0,
                    0.0,
                    1.0,
                    1.92
                ],
                [
                    0.0,
                    0.0,
                    0.0,
                    1.0
                ]
            ],
            "size": [
                0.2,
                3.52,
                2.12
            ]
        },
        "collider2": {
            "type": "Cylinder",
            "collider2origin": [
                [
                    -0.0809511477667608,
                    -0.8396960118487341,
                    0.5369893102851996,
                    1.0729245466154003
                ],
                [
                    0.28952225092214945,
                    0.4957176448010559,
                    0.8188045449640993,
                    -0.40772144901442803
                ],
                [
                    -0.953741987067894,
                    0.22175352154638786,
                    0.2029817671259163,
                    1.0275931535167282
                ],
                [
                    0.0,
                    0.0,
                    0.0,
                    1.0
                ]
            ],
            "radius": 0.00796,
            "height": 0.03037
        },
        "distance": 0.0
    },
    {
        "case": 10,
        "collider1": {
            "type": "Box",
            "collider2origin": [
                [
                    1.0,
                    0.0,
                    0.0,
                    0.9679999999999999
                ],
                [
                    0.0,
                    1.0,
                    0.0,
                    -0.23500000000000004
                ],
                [
                    0.0,
                    0.0,
                    1.0,
                    1.92
                ],
                [
                    0.0,
                    0.0,
                    0.0,
                    1.0
                ]
            ],
            "size": [
                0.2,
                3.52,
                2.12
            ]
        },
        "collider2": {
            "type": "Cylinder",
            "collider2origin": [
                [
                    -0.02450183072653065,
                    0.0752256408698506,
                    0.9968654689810296,
                    1.025241694147965
                ],
                [
                    0.16153126801098522,
                    0.9843596491273864,
                    -0.07031166776980186,
                    -0.37371623990116337
                ],
                [
                    -0.9865633835419854,
                    0.15930217865907542,
                    -0.036269906653592254,
                    1.0648367117042035
                ],
                [
                    0.0,
                    0.0,
                    0.0,
                    1.0
                ]
            ],
            "radius": 0.00813,
            "height": 0.03824
        },
        "distance": 0.0
    },
    {
        "case": 11,
        "collider1": {
            "type": "Box",
            "collider2origin": [
                [
                    1.0,
                    0.0,
                    0.0,
                    0.9679999999999999
                ],
                [
                    0.0,
                    1.0,
                    0.0,
                    -0.23500000000000004
                ],
                [
                    0.0,
                    0.0,
                    1.0,
                    1.92
                ],
                [
                    0.0,
                    0.0,
                    0.0,
                    1.0
                ]
            ],
            "size": [
                0.2,
                3.52,
                2.12
            ]
        },
        "collider2": {
            "type": "Sphere",
            "collider2origin": [
                [
                    1.0,
                    0.0,
                    0.0,
                    1.0048120238608886
                ],
                [
                    0.0,
                    1.0,
                    0.0,
                    -0.3704171041913739
                ],
                [
                    0.0,
                    0.0,
                    1.0,
                    1.065884220906903
                ],
                [
                    0.0,
                    0.0,
                    0.0,
                    1.0
                ]
            ],
            "radius": 0.00563
        },
        "distance": 0.0
    },
    {
        "case": 12,
        "collider1": {
            "type": "Box",
            "collider2origin": [
                [
                    1.0,
                    0.0,
                    0.0,
                    0.9679999999999999
                ],
                [
                    0.0,
                    1.0,
                    0.0,
                    -0.23500000000000004
                ],
                [
                    0.0,
                    0.0,
                    1.0,
                    1.92
                ],
                [
                    0.0,
                    0.0,
                    0.0,
                    1.0
                ]
            ],
            "size": [
                0.2,
                3.52,
                2.12
            ]
        },
        "collider2": {
            "type": "Sphere",
            "collider2origin": [
                [
                    1.0,
                    0.0,
                    0.0,
                    1.0200500213534784
                ],
                [
                    0.0,
                    1.0,
                    0.0,
                    -0.3690675600680716
                ],
                [
                    0.0,
                    0.0,
                    1.0,
                    1.1031222373305336
                ],
                [
                    0.0,
                    0.0,
                    0.0,
                    1.0
                ]
            ],
            "radius": 0.00484
        },
        "distance": 0.0
    },
    {
        "case": 13,
        "collider1": {
            "type": "Box",
            "collider2origin": [
                [
                    1.0,
                    0.0,
                    0.0,
                    0.9679999999999999
                ],
                [
                    0.0,
                    1.0,
                    0.0,
                    -0.23500000000000004
                ],
                [
                    0.0,
                    0.0,
                    1.0,
                    1.92
                ],
                [
                    0.0,
                    0.0,
                    0.0,
                    1.0
                ]
            ],
            "size": [
                0.2,
                3.52,
                2.12
            ]
        },
        "collider2": {
            "type": "Sphere",
            "collider2origin": [
                [
                    1.0,
                    0.0,
                    0.0,
                    1.015755009654917
                ],
                [
                    0.0,
                    1.0,
                    0.0,
                    -0.34224779225652385
                ],
                [
                    0.0,
                    0.0,
                    1.0,
                    1.0037104687661766
                ],
                [
                    0.0,
                    0.0,
                    0.0,
                    1.0
                ]
            ],
            "radius": 0.01051
        },
        "distance": 0.0
    },
    {
        "case": 14,
        "collider1": {
            "type": "Box",
            "collider2origin": [
                [
                    1.0,
                    0.0,
                    0.0,
                    0.9679999999999999
                ],
                [
                    0.0,
                    1.0,
                    0.0,
                    -0.23500000000000004
                ],
                [
                    0.0,
                    0.0,
                    1.0,
                    1.92
                ],
                [
                    0.0,
                    0.0,
                    0.0,
                    1.0
                ]
            ],
            "size": [
                0.2,
                3.52,
                2.12
            ]
        },
        "collider2": {
            "type": "Cylinder",
            "collider2origin": [
                [
                    0.013557917952042146,
                    -0.2988219787943882,
                    0.9542125590507659,
                    1.0602153283212403
                ],
                [
                    -0.008051771876404455,
                    0.9542367041537092,
                    0.2989439436006621,
                    -0.3643860038907553
                ],
                [
                    -0.9998756681860277,
                    -0.011736159306674645,
                    0.0105314165368348,
                    1.08429774759775
                ],
                [
                    0.0,
                    0.0,
                    0.0,
                    1.0
                ]
            ],
            "radius": 0.00783,
            "height": 0.03683
        },
        "distance": 0.0
    },
    {
        "case": 15,
        "collider1": {
            "type": "Box",
            "collider2origin": [
                [
                    1.0,
                    0.0,
                    0.0,
                    0.9679999999999999
                ],
                [
                    0.0,
                    1.0,
                    0.0,
                    -0.23500000000000004
                ],
                [
                    0.0,
                    0.0,
                    1.0,
                    1.92
                ],
                [
                    0.0,
                    0.0,
                    0.0,
                    1.0
                ]
            ],
            "size": [
                0.2,
                3.52,
                2.12
            ]
        },
        "collider2": {
            "type": "Cylinder",
            "collider2origin": [
                [
                    0.036134452281710985,
                    -0.43177077295752725,
                    0.9012592862090016,
                    1.0598776342514442
                ],
                [
                    -0.20727474230573248,
                    0.8789986270128648,
                    0.42941657503127406,
                    -0.3637374602647801
                ],
                [
                    -0.977615201682335,
                    -0.20232501903906253,
                    -0.05773304175643279,
                    1.1026716966145294
                ],
                [
                    0.0,
                    0.0,
                    0.0,
                    1.0
                ]
            ],
            "radius": 0.00783,
            "height": 0.03044
        },
        "distance": 0.0
    },
    {
        "case": 16,
        "collider1": {
            "type": "Box",
            "collider2origin": [
                [
                    1.0,
                    0.0,
                    0.0,
                    0.9679999999999999
                ],
                [
                    0.0,
                    1.0,
                    0.0,
                    -0.23500000000000004
                ],
                [
                    0.0,
                    0.0,
                    1.0,
                    1.92
                ],
                [
                    0.0,
                    0.0,
                    0.0,
                    1.0
                ]
            ],
            "size": [
                0.2,
                3.52,
                2.12
            ]
        },
        "collider2": {
            "type": "Sphere",
            "collider2origin": [
                [
                    1.0,
                    0.0,
                    0.0,
                    1.0088811503725468
                ],
                [
                    0.0,
                    1.0,
                    0.0,
                    -0.360114229109654
                ],
                [
                    0.0,
                    0.0,
                    1.0,
                    1.0839772564880543
                ],
                [
                    0.0,
                    0.0,
                    0.0,
                    1.0
                ]
            ],
            "radius": 0.00487
        },
        "distance": 0.0
    },
    {
        "case": 17,
        "collider1": {
            "type": "Box",
            "collider2origin": [
                [
                    1.0,
                    0.0,
                    0.0,
                    0.9679999999999999
                ],
                [
                    0.0,
                    1.0,
                    0.0,
                    -0.23500000000000004
                ],
                [
                    0.0,
                    0.0,
                    1.0,
                    1.92
                ],
                [
                    0.0,
                    0.0,
                    0.0,
                    1.0
                ]
            ],
            "size": [
                0.2,
                3.52,
                2.12
            ]
        },
        "collider2": {
            "type": "Cylinder",
            "collider2origin": [
                [
                    0.011541157117090575,
                    0.24281322583290954,
                    0.9700044015637325,
                    1.0245365696575945
                ],
                [
                    -0.0011166493975006914,
                    0.9700715342716284,
                    -0.24281674466562456,
                    -0.3653892213061526
                ],
                [
                    -0.9999327751336694,
                    0.0017192313702671148,
                    0.011466885234177259,
                    1.0838220007756418
                ],
                [
                    0.0,
                    0.0,
                    0.0,
                    1.0
                ]
            ],
            "radius": 0.0076,
            "height": 0.02993
        },
        "distance": 0.0
    },
    {
        "case": 18,
        "collider1": {
            "type": "Box",
            "collider2origin": [
                [
                    1.0,
                    0.0,
                    0.0,
                    0.9679999999999999
                ],
                [
                    0.0,
                    1.0,
                    0.0,
                    -0.23500000000000004
                ],
                [
                    0.0,
                    0.0,
                    1.0,
                    1.92
                ],
                [
                    0.0,
                    0.0,
                    0.0,
                    1.0
                ]
            ],
            "size": [
                0.2,
                3.52,
                2.12
            ]
        },
        "collider2": {
            "type": "Cylinder",
            "collider2origin": [
                [
                    0.03207405361345626,
                    -0.04857645254762162,
                    0.9983043540637742,
                    1.0345322172982456
                ],
                [
                    -0.20145851563469236,
                    0.9780040134773423,
                    0.0540612254807138,
                    -0.36974355028298045
                ],
                [
                    -0.9789717675005071,
                    -0.20285087596581589,
                    0.021582413137404582,
                    1.1027762057615813
                ],
                [
                    0.0,
                    0.0,
                    0.0,
                    1.0
                ]
            ],
            "radius": 0.0076,
            "height": 0.02993
        },
        "distance": 0.0
    },
    {
        "case": 19,
        "collider1": {
            "type": "Box",
            "collider2origin": [
                [
                    1.0,
                    0.0,
                    0.0,
                    0.9679999999999999
                ],
                [
                    0.0,
                    1.0,
                    0.0,
                    -0.23500000000000004
                ],
                [
                    0.0,
                    0.0,
                    1.0,
                    1.92
                ],
                [
                    0.0,
                    0.0,
                    0.0,
                    1.0
                ]
            ],
            "size": [
                0.2,
                3.52,
                2.12
            ]
        },
        "collider2": {
            "type": "Cylinder",
            "collider2origin": [
                [
                    -0.12084562139357241,
                    -0.854744448335639,
                    0.5047853641196476,
                    1.0338403875454836
                ],
                [
                    0.7869766754317673,
                    0.22744446513033775,
                    0.5735300581555749,
                    -0.3187042368543205
                ],
                [
                    -0.6050322703099099,
                    0.46656290392719674,
                    0.6451782765737366,
                    1.0263891615322684
                ],
                [
                    0.0,
                    0.0,
                    0.0,
                    1.0
                ]
            ],
            "radius": 0.01271,
            "height": 0.05982
        },
        "distance": 0.0
    },
    {
        "case": 20,
        "collider1": {
            "type": "Box",
            "collider2origin": [
                [
                    1.0,
                    0.0,
                    0.0,
                    0.9679999999999999
                ],
                [
                    0.0,
                    1.0,
                    0.0,
                    -0.23500000000000004
                ],
                [
                    0.0,
                    0.0,
                    1.0,
                    1.92
                ],
                [
                    0.0,
                    0.0,
                    0.0,
                    1.0
                ]
            ],
            "size": [
                0.2,
                3.52,
                2.12
            ]
        },
        "collider2": {
            "type": "Cylinder",
            "collider2origin": [
                [
                    -0.17417803230752787,
                    -0.8856262963704451,
                    0.4304974752988057,
                    1.025367679610391
                ],
                [
                    0.7780719610001132,
                    0.14417563736210093,
                    0.6114060918053319,
                    -0.3279125784546056
                ],
                [
                    -0.603544560547865,
                    0.4414515248228284,
                    0.6639687603078054,
                    1.01842852303909
                ],
                [
                    0.0,
                    0.0,
                    0.0,
                    1.0
                ]
            ],
            "radius": 0.01169,
            "height": 0.05502
        },
        "distance": 0.0
    }
]