[
    {
        "case": 0,
        "collider1": {
            "type": "Box",
            "collider2origin": [
                [
                    1.0,
                    0.0,
                    0.0,
                    0.01006
                ],
                [
                    0.0,
                    1.0,
                    0.0,
                    0.6895
                ],
                [
                    0.0,
                    0.0,
                    1.0,
                    0.8
                ],
                [
                    0.0,
                    0.0,
                    0.0,
                    1.0
                ]
            ],
            "size": [
                0.03989,
                0.44,
                0.16125
            ]
        },
        "collider2": {
            "type": "Cylinder",
            "collider2origin": [
                [
                    0.21947708854063028,
                    -0.9405309486838173,
                    0.259290073419029,
                    -0.0005289046382798958
                ],
                [
                    -0.45454374063097136,
                    -0.33374058139840224,
                    -0.8258372794812909,
                    0.5353289967252873
                ],
                [
                    0.863261139782703,
                    0.06339368182850381,
                    -0.5007608667271174,
                    0.7971680507769967
                ],
                [
                    0.0,
                    0.0,
                    0.0,
                    1.0
                ]
            ],
            "radius": 0.00813,
            "height": 0.03824
        },
        "distance": 0.0
    },
    {
        "case": 1,
        "collider1": {
            "type": "Box",
            "collider2origin": [
                [
                    1.0,
                    0.0,
                    0.0,
                    -0.28465
                ],
                [
                    0.0,
                    1.0,
                    0.0,
                    0.4895
                ],
                [
                    0.0,
                    0.0,
                    1.0,
                    0.8
                ],
                [
                    0.0,
                    0.0,
                    0.0,
                    1.0
                ]
            ],
            "size": [
                0.54952,
                0.04,
                0.16125
            ]
        },
        "collider2": {
            "type": "Box",
            "collider2origin": [
                [
                    0.14642940902342202,
                    -0.9891249211867518,
                    -0.013795595686780713,
                    -0.13041112251531756
                ],
                [
                    -0.9847594469170456,
                    -0.14707783732966,
                    0.0928274823210466,
                    0.5493189196127595
                ],
                [
                    -0.09384700251305585,
                    -7.330198997650944e-06,
                    -0.9955866311203573,
                    1.1432714645321458
                ],
                [
                    0.0,
                    0.0,
                    0.0,
                    1.0
                ]
            ],
            "size": [
                0.1202,
                0.13634,
                0.67816
            ]
        },
        "distance": 0.0
    },
    {
        "case": 2,
        "collider1": {
            "type": "Box",
            "collider2origin": [
                [
                    1.0,
                    0.0,
                    0.0,
                    0.01006
                ],
                [
                    0.0,
                    1.0,
                    0.0,
                    0.6895
                ],
                [
                    0.0,
                    0.0,
                    1.0,
                    0.8
                ],
                [
                    0.0,
                    0.0,
                    0.0,
                    1.0
                ]
            ],
            "size": [
                0.03989,
                0.44,
                0.16125
            ]
        },
        "collider2": {
            "type": "Sphere",
            "collider2origin": [
                [
                    1.0,
                    0.0,
                    0.0,
                    -0.007645413774702507
                ],
                [
                    0.0,
                    1.0,
                    0.0,
                    0.551743997577828
                ],
                [
                    0.0,
                    0.0,
                    1.0,
                    0.8076206124114624
                ],
                [
                    0.0,
                    0.0,
                    0.0,
                    1.0
                ]
            ],
            "radius": 0.00563
        },
        "distance": 0.0
    },
    {
        "case": 3,
        "collider1": {
            "type": "Box",
            "collider2origin": [
                [
                    1.0,
                    0.0,
                    0.0,
                    -0.28465
                ],
                [
                    0.0,
                    1.0,
                    0.0,
                    0.68909
                ],
                [
                    0.0,
                    0.0,
                    1.0,
                    0.74
                ],
                [
                    0.0,
                    0.0,
                    0.0,
                    1.0
                ]
            ],
            "size": [
                0.54952,
                0.35969,
                0.04811
            ]
        },
        "collider2": {
            "type": "Sphere",
            "collider2origin": [
                [
                    1.0,
                    0.0,
                    0.0,
                    -0.007091957194623506
                ],
                [
                    0.0,
                    1.0,
                    0.0,
                    0.5554521685780148
                ],
                [
                    0.0,
                    0.0,
                    1.0,
                    0.7643551462068758
                ],
                [
                    0.0,
                    0.0,
                    0.0,
                    1.0
                ]
            ],
            "radius": 0.00484
        },
        "distance": 0.0
    },
    {
        "case": 4,
        "collider1": {
            "type": "Box",
            "collider2origin": [
                [
                    1.0,
                    0.0,
                    0.0,
                    0.01006
                ],
                [
                    0.0,
                    1.0,
                    0.0,
                    0.6895
                ],
                [
                    0.0,
                    0.0,
                    1.0,
                    0.8
                ],
                [
                    0.0,
                    0.0,
                    0.0,
                    1.0
                ]
            ],
            "size": [
                0.03989,
                0.44,
                0.16125
            ]
        },
        "collider2": {
            "type": "Sphere",
            "collider2origin": [
                [
                    1.0,
                    0.0,
                    0.0,
                    -0.007091957194623506
                ],
                [
                    0.0,
                    1.0,
                    0.0,
                    0.5554521685780148
                ],
                [
                    0.0,
                    0.0,
                    1.0,
                    0.7643551462068758
                ],
                [
                    0.0,
                    0.0,
                    0.0,
                    1.0
                ]
            ],
            "radius": 0.00484
        },
        "distance": 0.0
    },
    {
        "case": 5,
        "collider1": {
            "type": "Box",
            "collider2origin": [
                [
                    1.0,
                    0.0,
                    0.0,
                    -0.362
                ],
                [
                    0.0,
                    1.0,
                    0.0,
                    0.35500000000000004
                ],
                [
                    0.0,
                    0.0,
                    1.0,
                    0.75
                ],
                [
                    0.0,
                    0.0,
                    0.0,
                    1.0
                ]
            ],
            "size": [
                0.8,
                0.22,
                0.06
            ]
        },
        "collider2": {
            "type": "Box",
            "collider2origin": [
                [
                    0.29109848195136767,
                    0.9529488238120639,
                    0.08455893211726659,
                    -0.07690057510129888
                ],
                [
                    -0.26976138063628063,
                    -0.0030395776068446417,
                    0.9629224052254567,
                    0.481533255743188
                ],
                [
                    0.9178727969184055,
                    -0.3031159846711737,
                    0.25618397396013626,
                    0.7829308159904061
                ],
                [
                    0.0,
                    0.0,
                    0.0,
                    1.0
                ]
            ],
            "size": [
                0.06241,
                0.05638,
                0.02858
            ]
        },
        "distance": 0.0
    },
    {
        "case": 6,
        "collider1": {
            "type": "Box",
            "collider2origin": [
                [
                    1.0,
                    0.0,
                    0.0,
                    -0.28465
                ],
                [
                    0.0,
                    1.0,
                    0.0,
                    0.4895
                ],
                [
                    0.0,
                    0.0,
                    1.0,
                    0.8
                ],
                [
                    0.0,
                    0.0,
                    0.0,
                    1.0
                ]
            ],
            "size": [
                0.54952,
                0.04,
                0.16125
            ]
        },
        "collider2": {
            "type": "Box",
            "collider2origin": [
                [
                    0.29109848195136767,
                    0.9529488238120639,
                    0.08455893211726659,
                    -0.07690057510129888
                ],
                [
                    -0.26976138063628063,
                    -0.0030395776068446417,
                    0.9629224052254567,
                    0.481533255743188
                ],
                [
                    0.9178727969184055,
                    -0.3031159846711737,
                    0.25618397396013626,
                    0.7829308159904061
                ],
                [
                    0.0,
                    0.0,
                    0.0,
                    1.0
                ]
            ],
            "size": [
                0.06241,
                0.05638,
                0.02858
            ]
        },
        "distance": 0.0
    },
    {
        "case": 7,
        "collider1": {
            "type": "Box",
            "collider2origin": [
                [
                    1.0,
                    0.0,
                    0.0,
                    -0.28465
                ],
                [
                    0.0,
                    1.0,
                    0.0,
                    0.4895
                ],
                [
                    0.0,
                    0.0,
                    1.0,
                    0.8
                ],
                [
                    0.0,
                    0.0,
                    0.0,
                    1.0
                ]
            ],
            "size": [
                0.54952,
                0.04,
                0.16125
            ]
        },
        "collider2": {
            "type": "Cylinder",
            "collider2origin": [
                [
                    0.21947708854063028,
                    -0.9453176829385587,
                    -0.24125564434723976,
                    -0.0036045690469731833
                ],
                [
                    -0.45454374063097136,
                    0.11972718090854548,
                    -0.8826411445230138,
                    0.4947683409536006
                ],
                [
                    0.863261139782703,
                    0.3033807516560105,
                    -0.4034108626025104,
                    0.7765930661642239
                ],
                [
                    0.0,
                    0.0,
                    0.0,
                    1.0
                ]
            ],
            "radius": 0.00683,
            "height": 0.01782
        },
        "distance": 0.0
    },
    {
        "case": 8,
        "collider1": {
            "type": "Box",
            "collider2origin": [
                [
                    1.0,
                    0.0,
                    0.0,
                    0.01006
                ],
                [
                    0.0,
                    1.0,
                    0.0,
                    0.6895
                ],
                [
                    0.0,
                    0.0,
                    1.0,
                    0.8
                ],
                [
                    0.0,
                    0.0,
                    0.0,
                    1.0
                ]
            ],
            "size": [
                0.03989,
                0.44,
                0.16125
            ]
        },
        "collider2": {
            "type": "Cylinder",
            "collider2origin": [
                [
                    0.21947708854063028,
                    -0.9453176829385587,
                    -0.24125564434723976,
                    -0.0036045690469731833
                ],
                [
                    -0.45454374063097136,
                    0.11972718090854548,
                    -0.8826411445230138,
                    0.4947683409536006
                ],
                [
                    0.863261139782703,
                    0.3033807516560105,
                    -0.4034108626025104,
                    0.7765930661642239
                ],
                [
                    0.0,
                    0.0,
                    0.0,
                    1.0
                ]
            ],
            "radius": 0.00683,
            "height": 0.01782
        },
        "distance": 0.0
    },
    {
        "case": 9,
        "collider1": {
            "type": "Box",
            "collider2origin": [
                [
                    1.0,
                    0.0,
                    0.0,
                    -0.362
                ],
                [
                    0.0,
                    1.0,
                    0.0,
                    0.35500000000000004
                ],
                [
                    0.0,
                    0.0,
                    1.0,
                    0.75
                ],
                [
                    0.0,
                    0.0,
                    0.0,
                    1.0
                ]
            ],
            "size": [
                0.8,
                0.22,
                0.06
            ]
        },
        "collider2": {
            "type": "Box",
            "collider2origin": [
                [
                    0.26691473404685695,
                    0.9529490089978686,
                    0.14368267466425827,
                    -0.02795936784824085
                ],
                [
                    -0.4655435679249696,
                    -0.0030448258135637014,
                    0.8850197259945418,
                    0.4785543709548162
                ],
                [
                    0.8438161595468443,
                    -0.30311534980225674,
                    0.4428265728271852,
                    0.7678882039156757
                ],
                [
                    0.0,
                    0.0,
                    0.0,
                    1.0
                ]
            ],
            "size": [
                0.07264,
                0.04753,
                0.03326
            ]
        },
        "distance": 0.0
    },
    {
        "case": 10,
        "collider1": {
            "type": "Box",
            "collider2origin": [
                [
                    1.0,
                    0.0,
                    0.0,
                    -0.28465
                ],
                [
                    0.0,
                    1.0,
                    0.0,
                    0.4895
                ],
                [
                    0.0,
                    0.0,
                    1.0,
                    0.8
                ],
                [
                    0.0,
                    0.0,
                    0.0,
                    1.0
                ]
            ],
            "size": [
                0.54952,
                0.04,
                0.16125
            ]
        },
        "collider2": {
            "type": "Box",
            "collider2origin": [
                [
                    0.26691473404685695,
                    0.9529490089978686,
                    0.14368267466425827,
                    -0.02795936784824085
                ],
                [
                    -0.4655435679249696,
                    -0.0030448258135637014,
                    0.8850197259945418,
                    0.4785543709548162
                ],
                [
                    0.8438161595468443,
                    -0.30311534980225674,
                    0.4428265728271852,
                    0.7678882039156757
                ],
                [
                    0.0,
                    0.0,
                    0.0,
                    1.0
                ]
            ],
            "size": [
                0.07264,
                0.04753,
                0.03326
            ]
        },
        "distance": 0.0
    },
    {
        "case": 11,
        "collider1": {
            "type": "Box",
            "collider2origin": [
                [
                    1.0,
                    0.0,
                    0.0,
                    -0.28465
                ],
                [
                    0.0,
                    1.0,
                    0.0,
                    0.68909
                ],
                [
                    0.0,
                    0.0,
                    1.0,
                    0.74
                ],
                [
                    0.0,
                    0.0,
                    0.0,
                    1.0
                ]
            ],
            "size": [
                0.54952,
                0.35969,
                0.04811
            ]
        },
        "collider2": {
            "type": "Box",
            "collider2origin": [
                [
                    0.26691473404685695,
                    0.9529490089978686,
                    0.14368267466425827,
                    -0.02795936784824085
                ],
                [
                    -0.4655435679249696,
                    -0.0030448258135637014,
                    0.8850197259945418,
                    0.4785543709548162
                ],
                [
                    0.8438161595468443,
                    -0.30311534980225674,
                    0.4428265728271852,
                    0.7678882039156757
                ],
                [
                    0.0,
                    0.0,
                    0.0,
                    1.0
                ]
            ],
            "size": [
                0.07264,
                0.04753,
                0.03326
            ]
        },
        "distance": 0.0
    },
    {
        "case": 12,
        "collider1": {
            "type": "Box",
            "collider2origin": [
                [
                    1.0,
                    0.0,
                    0.0,
                    0.01006
                ],
                [
                    0.0,
                    1.0,
                    0.0,
                    0.6895
                ],
                [
                    0.0,
                    0.0,
                    1.0,
                    0.8
                ],
                [
                    0.0,
                    0.0,
                    0.0,
                    1.0
                ]
            ],
            "size": [
                0.03989,
                0.44,
                0.16125
            ]
        },
        "collider2": {
            "type": "Box",
            "collider2origin": [
                [
                    0.26691473404685695,
                    0.9529490089978686,
                    0.14368267466425827,
                    -0.02795936784824085
                ],
                [
                    -0.4655435679249696,
                    -0.0030448258135637014,
                    0.8850197259945418,
                    0.4785543709548162
                ],
                [
                    0.8438161595468443,
                    -0.30311534980225674,
                    0.4428265728271852,
                    0.7678882039156757
                ],
                [
                    0.0,
                    0.0,
                    0.0,
                    1.0
                ]
            ],
            "size": [
                0.07264,
                0.04753,
                0.03326
            ]
        },
        "distance": 0.0
    },
    {
        "case": 13,
        "collider1": {
            "type": "Box",
            "collider2origin": [
                [
                    1.0,
                    0.0,
                    0.0,
                    -0.28465
                ],
                [
                    0.0,
                    1.0,
                    0.0,
                    0.4895
                ],
                [
                    0.0,
                    0.0,
                    1.0,
                    0.8
                ],
                [
                    0.0,
                    0.0,
                    0.0,
                    1.0
                ]
            ],
            "size": [
                0.54952,
                0.04,
                0.16125
            ]
        },
        "collider2": {
            "type": "Cylinder",
            "collider2origin": [
                [
                    0.5599950555541547,
                    -0.7339036514136648,
                    -0.38443590908835323,
                    -0.012232154595647023
                ],
                [
                    -0.41619643311072446,
                    0.15202231764272245,
                    -0.8964762930521056,
                    0.5189873394196466
                ],
                [
                    0.7163700627614257,
                    0.6620231456529482,
                    -0.22031633575149595,
                    0.7482695531146232
                ],
                [
                    0.0,
                    0.0,
                    0.0,
                    1.0
                ]
            ],
            "radius": 0.00783,
            "height": 0.03044
        },
        "distance": 0.0
    },
    {
        "case": 14,
        "collider1": {
            "type": "Box",
            "collider2origin": [
                [
                    1.0,
                    0.0,
                    0.0,
                    -0.28465
                ],
                [
                    0.0,
                    1.0,
                    0.0,
                    0.68909
                ],
                [
                    0.0,
                    0.0,
                    1.0,
                    0.74
                ],
                [
                    0.0,
                    0.0,
                    0.0,
                    1.0
                ]
            ],
            "size": [
                0.54952,
                0.35969,
                0.04811
            ]
        },
        "collider2": {
            "type": "Cylinder",
            "collider2origin": [
                [
                    0.5599950555541547,
                    -0.7339036514136648,
                    -0.38443590908835323,
                    -0.012232154595647023
                ],
                [
                    -0.41619643311072446,
                    0.15202231764272245,
                    -0.8964762930521056,
                    0.5189873394196466
                ],
                [
                    0.7163700627614257,
                    0.6620231456529482,
                    -0.22031633575149595,
                    0.7482695531146232
                ],
                [
                    0.0,
                    0.0,
                    0.0,
                    1.0
                ]
            ],
            "radius": 0.00783,
            "height": 0.03044
        },
        "distance": 0.0
    },
    {
        "case": 15,
        "collider1": {
            "type": "Box",
            "collider2origin": [
                [
                    1.0,
                    0.0,
                    0.0,
                    0.01006
                ],
                [
                    0.0,
                    1.0,
                    0.0,
                    0.6895
                ],
                [
                    0.0,
                    0.0,
                    1.0,
                    0.8
                ],
                [
                    0.0,
                    0.0,
                    0.0,
                    1.0
                ]
            ],
            "size": [
                0.03989,
                0.44,
                0.16125
            ]
        },
        "collider2": {
            "type": "Cylinder",
            "collider2origin": [
                [
                    0.5599950555541547,
                    -0.7339036514136648,
                    -0.38443590908835323,
                    -0.012232154595647023
                ],
                [
                    -0.41619643311072446,
                    0.15202231764272245,
                    -0.8964762930521056,
                    0.5189873394196466
                ],
                [
                    0.7163700627614257,
                    0.6620231456529482,
                    -0.22031633575149595,
                    0.7482695531146232
                ],
                [
                    0.0,
                    0.0,
                    0.0,
                    1.0
                ]
            ],
            "radius": 0.00783,
            "height": 0.03044
        },
        "distance": 0.0
    },
    {
        "case": 16,
        "collider1": {
            "type": "Box",
            "collider2origin": [
                [
                    1.0,
                    0.0,
                    0.0,
                    0.01006
                ],
                [
                    0.0,
                    1.0,
                    0.0,
                    0.6895
                ],
                [
                    0.0,
                    0.0,
                    1.0,
                    0.8
                ],
                [
                    0.0,
                    0.0,
                    0.0,
                    1.0
                ]
            ],
            "size": [
                0.03989,
                0.44,
                0.16125
            ]
        },
        "collider2": {
            "type": "Cylinder",
            "collider2origin": [
                [
                    0.09653321795572697,
                    -0.30748647372511784,
                    -0.9466432307407071,
                    0.02972122318079784
                ],
                [
                    -0.4164358583842598,
                    0.8513624698989705,
                    -0.3190033239627577,
                    0.4807268104535844
                ],
                [
                    0.90402572622845,
                    0.42501060377785344,
                    -0.04586363476118529,
                    0.7911637677591041
                ],
                [
                    0.0,
                    0.0,
                    0.0,
                    1.0
                ]
            ],
            "radius": 0.00713,
            "height": 0.01426
        },
        "distance": 0.0
    },
    {
        "case": 17,
        "collider1": {
            "type": "Box",
            "collider2origin": [
                [
                    1.0,
                    0.0,
                    0.0,
                    -0.362
                ],
                [
                    0.0,
                    1.0,
                    0.0,
                    0.35500000000000004
                ],
                [
                    0.0,
                    0.0,
                    1.0,
                    0.75
                ],
                [
                    0.0,
                    0.0,
                    0.0,
                    1.0
                ]
            ],
            "size": [
                0.8,
                0.22,
                0.06
            ]
        },
        "collider2": {
            "type": "Box",
            "collider2origin": [
                [
                    0.11355327534828022,
                    0.9689860951970329,
                    0.21948029745852757,
                    -0.15861666544630254
                ],
                [
                    -0.8669204717290149,
                    0.2045486040913059,
                    -0.45454236794983177,
                    0.4695184895913029
                ],
                [
                    -0.485339622692007,
                    -0.1386571883427047,
                    0.8632610467095547,
                    0.7969983140288546
                ],
                [
                    0.0,
                    0.0,
                    0.0,
                    1.0
                ]
            ],
            "size": [
                0.08993,
                0.0305,
                0.09007
            ]
        },
        "distance": 0.0
    },
    {
        "case": 18,
        "collider1": {
            "type": "Box",
            "collider2origin": [
                [
                    1.0,
                    0.0,
                    0.0,
                    -0.28465
                ],
                [
                    0.0,
                    1.0,
                    0.0,
                    0.4895
                ],
                [
                    0.0,
                    0.0,
                    1.0,
                    0.8
                ],
                [
                    0.0,
                    0.0,
                    0.0,
                    1.0
                ]
            ],
            "size": [
                0.54952,
                0.04,
                0.16125
            ]
        },
        "collider2": {
            "type": "Box",
            "collider2origin": [
                [
                    0.11355327534828022,
                    0.9689860951970329,
                    0.21948029745852757,
                    -0.15861666544630254
                ],
                [
                    -0.8669204717290149,
                    0.2045486040913059,
                    -0.45454236794983177,
                    0.4695184895913029
                ],
                [
                    -0.485339622692007,
                    -0.1386571883427047,
                    0.8632610467095547,
                    0.7969983140288546
                ],
                [
                    0.0,
                    0.0,
                    0.0,
                    1.0
                ]
            ],
            "size": [
                0.08993,
                0.0305,
                0.09007
            ]
        },
        "distance": 0.0
    },
    {
        "case": 19,
        "collider1": {
            "type": "Box",
            "collider2origin": [
                [
                    1.0,
                    0.0,
                    0.0,
                    -0.28465
                ],
                [
                    0.0,
                    1.0,
                    0.0,
                    0.68909
                ],
                [
                    0.0,
                    0.0,
                    1.0,
                    0.74
                ],
                [
                    0.0,
                    0.0,
                    0.0,
                    1.0
                ]
            ],
            "size": [
                0.54952,
                0.35969,
                0.04811
            ]
        },
        "collider2": {
            "type": "Box",
            "collider2origin": [
                [
                    0.11355327534828022,
                    0.9689860951970329,
                    0.21948029745852757,
                    -0.15861666544630254
                ],
                [
                    -0.8669204717290149,
                    0.2045486040913059,
                    -0.45454236794983177,
                    0.4695184895913029
                ],
                [
                    -0.485339622692007,
                    -0.1386571883427047,
                    0.8632610467095547,
                    0.7969983140288546
                ],
                [
                    0.0,
                    0.0,
                    0.0,
                    1.0
                ]
            ],
            "size": [
                0.08993,
                0.0305,
                0.09007
            ]
        },
        "distance": 0.0008602839726540841
    },
    {
        "case": 20,
        "collider1": {
            "type": "Box",
            "collider2origin": [
                [
                    1.0,
                    0.0,
                    0.0,
                    0.44799999999999995
                ],
                [
                    0.0,
                    1.0,
                    0.0,
                    0.595
                ],
                [
                    0.0,
                    0.0,
                    1.0,
                    0.75
                ],
                [
                    0.0,
                    0.0,
                    0.0,
                    1.0
                ]
            ],
            "size": [
                0.82,
                0.7,
                0.06
            ]
        },
        "collider2": {
            "type": "Sphere",
            "collider2origin": [
                [
                    1.0,
                    0.0,
                    0.0,
                    0.04644756887514969
                ],
                [
                    0.0,
                    1.0,
                    0.0,
                    0.5357897301865313
                ],
                [
                    0.0,
                    0.0,
                    1.0,
                    0.7525412783870284
                ],
                [
                    0.0,
                    0.0,
                    0.0,
                    1.0
                ]
            ],
            "radius": 0.00487
        },
        "distance": 0.0
    },
    {
        "case": 21,
        "collider1": {
            "type": "Box",
            "collider2origin": [
                [
                    1.0,
                    0.0,
                    0.0,
                    -0.2855
                ],
                [
                    0.0,
                    1.0,
                    0.0,
                    0.689
                ],
                [
                    0.0,
                    0.0,
                    1.0,
                    0.82
                ],
                [
                    0.0,
                    0.0,
                    0.0,
                    1.0
                ]
            ],
            "size": [
                0.042,
                0.36,
                0.12
            ]
        },
        "collider2": {
            "type": "Box",
            "collider2origin": [
                [
                    -0.20694345184501947,
                    0.9689857851005987,
                    0.13505908340961004,
                    -0.23170940532649167
                ],
                [
                    0.36500001408452865,
                    0.2045469374947746,
                    -0.9082596215178799,
                    0.45811264167311605
                ],
                [
                    -0.9077165843239628,
                    -0.13866181390160984,
                    -0.39600947451892277,
                    0.8079684803131492
                ],
                [
                    0.0,
                    0.0,
                    0.0,
                    1.0
                ]
            ],
            "size": [
                0.09126,
                0.11887,
                0.10009
            ]
        },
        "distance": 0.0
    },
    {
        "case": 22,
        "collider1": {
            "type": "Box",
            "collider2origin": [
                [
                    1.0,
                    0.0,
                    0.0,
                    -0.362
                ],
                [
                    0.0,
                    1.0,
                    0.0,
                    0.35500000000000004
                ],
                [
                    0.0,
                    0.0,
                    1.0,
                    0.75
                ],
                [
                    0.0,
                    0.0,
                    0.0,
                    1.0
                ]
            ],
            "size": [
                0.8,
                0.22,
                0.06
            ]
        },
        "collider2": {
            "type": "Box",
            "collider2origin": [
                [
                    -0.20694345184501947,
                    0.9689857851005987,
                    0.13505908340961004,
                    -0.23170940532649167
                ],
                [
                    0.36500001408452865,
                    0.2045469374947746,
                    -0.9082596215178799,
                    0.45811264167311605
                ],
                [
                    -0.9077165843239628,
                    -0.13866181390160984,
                    -0.39600947451892277,
                    0.8079684803131492
                ],
                [
                    0.0,
                    0.0,
                    0.0,
                    1.0
                ]
            ],
            "size": [
                0.09126,
                0.11887,
                0.10009
            ]
        },
        "distance": 0.0
    },
    {
        "case": 23,
        "collider1": {
            "type": "Box",
            "collider2origin": [
                [
                    1.0,
                    0.0,
                    0.0,
                    -0.28465
                ],
                [
                    0.0,
                    1.0,
                    0.0,
                    0.4895
                ],
                [
                    0.0,
                    0.0,
                    1.0,
                    0.8
                ],
                [
                    0.0,
                    0.0,
                    0.0,
                    1.0
                ]
            ],
            "size": [
                0.54952,
                0.04,
                0.16125
            ]
        },
        "collider2": {
            "type": "Box",
            "collider2origin": [
                [
                    -0.20694345184501947,
                    0.9689857851005987,
                    0.13505908340961004,
                    -0.23170940532649167
                ],
                [
                    0.36500001408452865,
                    0.2045469374947746,
                    -0.9082596215178799,
                    0.45811264167311605
                ],
                [
                    -0.9077165843239628,
                    -0.13866181390160984,
                    -0.39600947451892277,
                    0.8079684803131492
                ],
                [
                    0.0,
                    0.0,
                    0.0,
                    1.0
                ]
            ],
            "size": [
                0.09126,
                0.11887,
                0.10009
            ]
        },
        "distance": 0.0
    },
    {
        "case": 24,
        "collider1": {
            "type": "Box",
            "collider2origin": [
                [
                    1.0,
                    0.0,
                    0.0,
                    -0.28465
                ],
                [
                    0.0,
                    1.0,
                    0.0,
                    0.68909
                ],
                [
                    0.0,
                    0.0,
                    1.0,
                    0.74
                ],
                [
                    0.0,
                    0.0,
                    0.0,
                    1.0
                ]
            ],
            "size": [
                0.54952,
                0.35969,
                0.04811
            ]
        },
        "collider2": {
            "type": "Box",
            "collider2origin": [
                [
                    -0.20694345184501947,
                    0.9689857851005987,
                    0.13505908340961004,
                    -0.23170940532649167
                ],
                [
                    0.36500001408452865,
                    0.2045469374947746,
                    -0.9082596215178799,
                    0.45811264167311605
                ],
                [
                    -0.9077165843239628,
                    -0.13866181390160984,
                    -0.39600947451892277,
                    0.8079684803131492
                ],
                [
                    0.0,
                    0.0,
                    0.0,
                    1.0
                ]
            ],
            "size": [
                0.09126,
                0.11887,
                0.10009
            ]
        },
        "distance": 0.0036527016342193745
    },
    {
        "case": 25,
        "collider1": {
            "type": "Box",
            "collider2origin": [
                [
                    1.0,
                    0.0,
                    0.0,
                    0.44799999999999995
                ],
                [
                    0.0,
                    1.0,
                    0.0,
                    0.595
                ],
                [
                    0.0,
                    0.0,
                    1.0,
                    0.75
                ],
                [
                    0.0,
                    0.0,
                    0.0,
                    1.0
                ]
            ],
            "size": [
                0.82,
                0.7,
                0.06
            ]
        },
        "collider2": {
            "type": "Cylinder",
            "collider2origin": [
                [
                    0.3813288180232248,
                    -0.7271730082808006,
                    -0.570795715271988,
                    0.0381368098258547
                ],
                [
                    -0.4469142284780045,
                    0.39548896782610354,
                    -0.8024064734981591,
                    0.5219049426290414
                ],
                [
                    0.8092317374701267,
                    0.5610774388225687,
                    -0.17417262332349007,
                    0.7492117501159455
                ],
                [
                    0.0,
                    0.0,
                    0.0,
                    1.0
                ]
            ],
            "radius": 0.0076,
            "height": 0.02993
        },
        "distance": 0.0
    },
    {
        "case": 26,
        "collider1": {
            "type": "Box",
            "collider2origin": [
                [
                    1.0,
                    0.0,
                    0.0,
                    0.01006
                ],
                [
                    0.0,
                    1.0,
                    0.0,
                    0.6895
                ],
                [
                    0.0,
                    0.0,
                    1.0,
                    0.8
                ],
                [
                    0.0,
                    0.0,
                    0.0,
                    1.0
                ]
            ],
            "size": [
                0.03989,
                0.44,
                0.16125
            ]
        },
        "collider2": {
            "type": "Cylinder",
            "collider2origin": [
                [
                    0.3813288180232248,
                    -0.7271730082808006,
                    -0.570795715271988,
                    0.0381368098258547
                ],
                [
                    -0.4469142284780045,
                    0.39548896782610354,
                    -0.8024064734981591,
                    0.5219049426290414
                ],
                [
                    0.8092317374701267,
                    0.5610774388225687,
                    -0.17417262332349007,
                    0.7492117501159455
                ],
                [
                    0.0,
                    0.0,
                    0.0,
                    1.0
                ]
            ],
            "radius": 0.0076,
            "height": 0.02993
        },
        "distance": 0.0
    },
    {
        "case": 27,
        "collider1": {
            "type": "Box",
            "collider2origin": [
                [
                    1.0,
                    0.0,
                    0.0,
                    -0.2855
                ],
                [
                    0.0,
                    1.0,
                    0.0,
                    0.689
                ],
                [
                    0.0,
                    0.0,
                    1.0,
                    0.82
                ],
                [
                    0.0,
                    0.0,
                    0.0,
                    1.0
                ]
            ],
            "size": [
                0.042,
                0.36,
                0.12
            ]
        },
        "collider2": {
            "type": "Box",
            "collider2origin": [
                [
                    0.058241015879507085,
                    -0.9891243744129848,
                    0.13505908340961006,
                    -0.24463529848135113
                ],
                [
                    -0.39170331630504607,
                    -0.14708151452791876,
                    -0.90825962151788,
                    0.5576345328214904
                ],
                [
                    0.9182464244770856,
                    -5.1278291261576695e-06,
                    -0.3960094745189228,
                    0.8514333770353263
                ],
                [
                    0.0,
                    0.0,
                    0.0,
                    1.0
                ]
            ],
            "size": [
                0.09102,
                0.10007,
                0.11882
            ]
        },
        "distance": 0.0
    },
    {
        "case": 28,
        "collider1": {
            "type": "Box",
            "collider2origin": [
                [
                    1.0,
                    0.0,
                    0.0,
                    -0.28465
                ],
                [
                    0.0,
                    1.0,
                    0.0,
                    0.4895
                ],
                [
                    0.0,
                    0.0,
                    1.0,
                    0.8
                ],
                [
                    0.0,
                    0.0,
                    0.0,
                    1.0
                ]
            ],
            "size": [
                0.54952,
                0.04,
                0.16125
            ]
        },
        "collider2": {
            "type": "Box",
            "collider2origin": [
                [
                    0.058241015879507085,
                    -0.9891243744129848,
                    0.13505908340961006,
                    -0.24463529848135113
                ],
                [
                    -0.39170331630504607,
                    -0.14708151452791876,
                    -0.90825962151788,
                    0.5576345328214904
                ],
                [
                    0.9182464244770856,
                    -5.1278291261576695e-06,
                    -0.3960094745189228,
                    0.8514333770353263
                ],
                [
                    0.0,
                    0.0,
                    0.0,
                    1.0
                ]
            ],
            "size": [
                0.09102,
                0.10007,
                0.11882
            ]
        },
        "distance": 0.0
    },
    {
        "case": 29,
        "collider1": {
            "type": "Box",
            "collider2origin": [
                [
                    1.0,
                    0.0,
                    0.0,
                    -0.28465
                ],
                [
                    0.0,
                    1.0,
                    0.0,
                    0.4895
                ],
                [
                    0.0,
                    0.0,
                    1.0,
                    0.8
                ],
                [
                    0.0,
                    0.0,
                    0.0,
                    1.0
                ]
            ],
            "size": [
                0.54952,
                0.04,
                0.16125
            ]
        },
        "collider2": {
            "type": "Cylinder",
            "collider2origin": [
                [
                    -0.34348852058064433,
                    -0.49433934892005105,
                    -0.7985262953332343,
                    -0.01998979138971253
                ],
                [
                    0.10479573282064945,
                    0.824774153238541,
                    -0.5556666721445775,
                    0.5303466290467578
                ],
                [
                    0.9332917499967002,
                    -0.27454727144691615,
                    -0.2314957993769007,
                    0.8255749031114037
                ],
                [
                    0.0,
                    0.0,
                    0.0,
                    1.0
                ]
            ],
            "radius": 0.01169,
            "height": 0.05502
        },
        "distance": 0.0
    },
    {
        "case": 30,
        "collider1": {
            "type": "Box",
            "collider2origin": [
                [
                    1.0,
                    0.0,
                    0.0,
                    0.01006
                ],
                [
                    0.0,
                    1.0,
                    0.0,
                    0.6895
                ],
                [
                    0.0,
                    0.0,
                    1.0,
                    0.8
                ],
                [
                    0.0,
                    0.0,
                    0.0,
                    1.0
                ]
            ],
            "size": [
                0.03989,
                0.44,
                0.16125
            ]
        },
        "collider2": {
            "type": "Cylinder",
            "collider2origin": [
                [
                    -0.34348852058064433,
                    -0.49433934892005105,
                    -0.7985262953332343,
                    -0.01998979138971253
                ],
                [
                    0.10479573282064945,
                    0.824774153238541,
                    -0.5556666721445775,
                    0.5303466290467578
                ],
                [
                    0.9332917499967002,
                    -0.27454727144691615,
                    -0.2314957993769007,
                    0.8255749031114037
                ],
                [
                    0.0,
                    0.0,
                    0.0,
                    1.0
                ]
            ],
            "radius": 0.01169,
            "height": 0.05502
        },
        "distance": 0.0
    },
    {
        "case": 31,
        "collider1": {
            "type": "Box",
            "collider2origin": [
                [
                    1.0,
                    0.0,
                    0.0,
                    0.01006
                ],
                [
                    0.0,
                    1.0,
                    0.0,
                    0.6895
                ],
                [
                    0.0,
                    0.0,
                    1.0,
                    0.8
                ],
                [
                    0.0,
                    0.0,
                    0.0,
                    1.0
                ]
            ],
            "size": [
                0.03989,
                0.44,
                0.16125
            ]
        },
        "collider2": {
            "type": "Sphere",
            "collider2origin": [
                [
                    1.0,
                    0.0,
                    0.0,
                    -0.0016530136281196338
                ],
                [
                    0.0,
                    1.0,
                    0.0,
                    0.5428420173759444
                ],
                [
                    0.0,
                    0.0,
                    1.0,
                    0.8302813616339848
                ],
                [
                    0.0,
                    0.0,
                    0.0,
                    1.0
                ]
            ],
            "radius": 0.01051
        },
        "distance": 0.0
    },
    {
        "case": 32,
        "collider1": {
            "type": "Box",
            "collider2origin": [
                [
                    1.0,
                    0.0,
                    0.0,
                    -0.28465
                ],
                [
                    0.0,
                    1.0,
                    0.0,
                    0.68909
                ],
                [
                    0.0,
                    0.0,
                    1.0,
                    0.74
                ],
                [
                    0.0,
                    0.0,
                    0.0,
                    1.0
                ]
            ],
            "size": [
                0.54952,
                0.35969,
                0.04811
            ]
        },
        "collider2": {
            "type": "Cylinder",
            "collider2origin": [
                [
                    0.5551568813533554,
                    -0.8289977956592892,
                    -0.06755362224229824,
                    -0.0064710392284273565
                ],
                [
                    -0.4141287334176028,
                    -0.2050652843172652,
                    -0.8868176933991622,
                    0.5425463009866889
                ],
                [
                    0.7213170102277833,
                    0.5202988410134297,
                    -0.4571552108377784,
                    0.7577700309767212
                ],
                [
                    0.0,
                    0.0,
                    0.0,
                    1.0
                ]
            ],
            "radius": 0.0076,
            "height": 0.02993
        },
        "distance": 0.0
    },
    {
        "case": 33,
        "collider1": {
            "type": "Box",
            "collider2origin": [
                [
                    1.0,
                    0.0,
                    0.0,
                    0.01006
                ],
                [
                    0.0,
                    1.0,
                    0.0,
                    0.6895
                ],
                [
                    0.0,
                    0.0,
                    1.0,
                    0.8
                ],
                [
                    0.0,
                    0.0,
                    0.0,
                    1.0
                ]
            ],
            "size": [
                0.03989,
                0.44,
                0.16125
            ]
        },
        "collider2": {
            "type": "Cylinder",
            "collider2origin": [
                [
                    0.5551568813533554,
                    -0.8289977956592892,
                    -0.06755362224229824,
                    -0.0064710392284273565
                ],
                [
                    -0.4141287334176028,
                    -0.2050652843172652,
                    -0.8868176933991622,
                    0.5425463009866889
                ],
                [
                    0.7213170102277833,
                    0.5202988410134297,
                    -0.4571552108377784,
                    0.7577700309767212
                ],
                [
                    0.0,
                    0.0,
                    0.0,
                    1.0
                ]
            ],
            "radius": 0.0076,
            "height": 0.02993
        },
        "distance": 0.0
    },
    {
        "case": 34,
        "collider1": {
            "type": "Box",
            "collider2origin": [
                [
                    1.0,
                    0.0,
                    0.0,
                    0.01006
                ],
                [
                    0.0,
                    1.0,
                    0.0,
                    0.6895
                ],
                [
                    0.0,
                    0.0,
                    1.0,
                    0.8
                ],
                [
                    0.0,
                    0.0,
                    0.0,
                    1.0
                ]
            ],
            "size": [
                0.03989,
                0.44,
                0.16125
            ]
        },
        "collider2": {
            "type": "Cylinder",
            "collider2origin": [
                [
                    0.3837766081856292,
                    -0.3198146104579579,
                    -0.8662760125659474,
                    0.011485543724037194
                ],
                [
                    -0.45229101109114195,
                    0.7527780849903778,
                    -0.47828652086837115,
                    0.49816641948645884
                ],
                [
                    0.8050766151713056,
                    0.5753640323272239,
                    0.1442493466483313,
                    0.748579979446176
                ],
                [
                    0.0,
                    0.0,
                    0.0,
                    1.0
                ]
            ],
            "radius": 0.00783,
            "height": 0.03683
        },
        "distance": 0.0
    },
    {
        "case": 35,
        "collider1": {
            "type": "Box",
            "collider2origin": [
                [
                    1.0,
                    0.0,
                    0.0,
                    0.01006
                ],
                [
                    0.0,
                    1.0,
                    0.0,
                    0.6895
                ],
                [
                    0.0,
                    0.0,
                    1.0,
                    0.8
                ],
                [
                    0.0,
                    0.0,
                    0.0,
                    1.0
                ]
            ],
            "size": [
                0.03989,
                0.44,
                0.16125
            ]
        },
        "collider2": {
            "type": "Cylinder",
            "collider2origin": [
                [
                    0.21947708854063028,
                    -0.9453176829385587,
                    -0.24125564434723976,
                    0.00033763465050660714
                ],
                [
                    -0.45454374063097136,
                    0.11972718090854548,
                    -0.8826411445230138,
                    0.5091724327717481
                ],
                [
                    0.863261139782703,
                    0.3033807516560105,
                    -0.4034108626025104,
                    0.7831751607322132
                ],
                [
                    0.0,
                    0.0,
                    0.0,
                    1.0
                ]
            ],
            "radius": 0.00683,
            "height": 0.01183
        },
        "distance": 0.0
    },
    {
        "case": 36,
        "collider1": {
            "type": "Box",
            "collider2origin": [
                [
                    1.0,
                    0.0,
                    0.0,
                    -0.28465
                ],
                [
                    0.0,
                    1.0,
                    0.0,
                    0.4895
                ],
                [
                    0.0,
                    0.0,
                    1.0,
                    0.8
                ],
                [
                    0.0,
                    0.0,
                    0.0,
                    1.0
                ]
            ],
            "size": [
                0.54952,
                0.04,
                0.16125
            ]
        },
        "collider2": {
            "type": "Cylinder",
            "collider2origin": [
                [
                    -0.34183954678854755,
                    -0.5720186782517661,
                    -0.745614079790948,
                    -0.030606781328069196
                ],
                [
                    0.05096921961327198,
                    0.7809574698209831,
                    -0.6225010594230517,
                    0.5201516806626802
                ],
                [
                    0.9383751184379379,
                    -0.2507988478081799,
                    -0.2378068019100279,
                    0.8237597854582396
                ],
                [
                    0.0,
                    0.0,
                    0.0,
                    1.0
                ]
            ],
            "radius": 0.01271,
            "height": 0.05982
        },
        "distance": 0.0
    },
    {
        "case": 37,
        "collider1": {
            "type": "Box",
            "collider2origin": [
                [
                    1.0,
                    0.0,
                    0.0,
                    0.01006
                ],
                [
                    0.0,
                    1.0,
                    0.0,
                    0.6895
                ],
                [
                    0.0,
                    0.0,
                    1.0,
                    0.8
                ],
                [
                    0.0,
                    0.0,
                    0.0,
                    1.0
                ]
            ],
            "size": [
                0.03989,
                0.44,
                0.16125
            ]
        },
        "collider2": {
            "type": "Cylinder",
            "collider2origin": [
                [
                    -0.34183954678854755,
                    -0.5720186782517661,
                    -0.745614079790948,
                    -0.030606781328069196
                ],
                [
                    0.05096921961327198,
                    0.7809574698209831,
                    -0.6225010594230517,
                    0.5201516806626802
                ],
                [
                    0.9383751184379379,
                    -0.2507988478081799,
                    -0.2378068019100279,
                    0.8237597854582396
                ],
                [
                    0.0,
                    0.0,
                    0.0,
                    1.0
                ]
            ],
            "radius": 0.01271,
            "height": 0.05982
        },
        "distance": 0.0
    },
    {
        "case": 38,
        "collider1": {
            "type": "Box",
            "collider2origin": [
                [
                    1.0,
                    0.0,
                    0.0,
                    0.01006
                ],
                [
                    0.0,
                    1.0,
                    0.0,
                    0.6895
                ],
                [
                    0.0,
                    0.0,
                    1.0,
                    0.8
                ],
                [
                    0.0,
                    0.0,
                    0.0,
                    1.0
                ]
            ],
            "size": [
                0.03989,
                0.44,
                0.16125
            ]
        },
        "collider2": {
            "type": "Cylinder",
            "collider2origin": [
                [
                    0.08509827368640362,
                    -0.31345334150267123,
                    -0.9457828960794349,
                    0.015080274111235378
                ],
                [
                    -0.4438296128856673,
                    0.8379255815038998,
                    -0.31764129861702384,
                    0.47571569858353246
                ],
                [
                    0.8920614096245573,
                    0.446797182804637,
                    -0.06781385475319171,
                    0.7905691858004491
                ],
                [
                    0.0,
                    0.0,
                    0.0,
                    1.0
                ]
            ],
            "radius": 0.00713,
            "height": 0.01697
        },
        "distance": 0.0
    }
]