[
    {
        "case": 0,
        "collider1": {
            "type": "Box",
            "collider2origin": [
                [
                    1.0,
                    0.0,
                    0.0,
                    0.16
                ],
                [
                    0.0,
                    1.0,
                    0.0,
                    -0.3541
                ],
                [
                    0.0,
                    0.0,
                    1.0,
                    0.994
                ],
                [
                    0.0,
                    0.0,
                    0.0,
                    1.0
                ]
            ],
            "size": [
                0.032,
                0.085,
                0.01
            ]
        },
        "collider2": {
            "type": "Box",
            "collider2origin": [
                [
                    0.48552479225681067,
                    0.34289734628799834,
                    -0.8041685681575903,
                    -0.18142426697331507
                ],
                [
                    0.17723519164332519,
                    -0.9393728811699876,
                    -0.2935409289444142,
                    -0.252029990326673
                ],
                [
                    -0.8560685503784929,
                    -5.571746340976025e-06,
                    -0.516862299865081,
                    0.9723408381891138
                ],
                [
                    0.0,
                    0.0,
                    0.0,
                    1.0
                ]
            ],
            "size": [
                0.15068,
                0.17726,
                0.74884
            ]
        },
        "distance": 0.09303933307590942
    },
    {
        "case": 1,
        "collider1": {
            "type": "Box",
            "collider2origin": [
                [
                    1.0,
                    0.0,
                    0.0,
                    0.11800000000000002
                ],
                [
                    0.0,
                    1.0,
                    0.0,
                    -0.3541
                ],
                [
                    0.0,
                    0.0,
                    1.0,
                    0.994
                ],
                [
                    0.0,
                    0.0,
                    0.0,
                    1.0
                ]
            ],
            "size": [
                0.03,
                0.085,
                0.01
            ]
        },
        "collider2": {
            "type": "Box",
            "collider2origin": [
                [
                    0.48552479225681067,
                    0.34289734628799834,
                    -0.8041685681575903,
                    -0.18142426697331507
                ],
                [
                    0.17723519164332519,
                    -0.9393728811699876,
                    -0.2935409289444142,
                    -0.252029990326673
                ],
                [
                    -0.8560685503784929,
                    -5.571746340976025e-06,
                    -0.516862299865081,
                    0.9723408381891138
                ],
                [
                    0.0,
                    0.0,
                    0.0,
                    1.0
                ]
            ],
            "size": [
                0.15068,
                0.17726,
                0.74884
            ]
        },
        "distance": 0.07119885248087027
    },
    {
        "case": 2,
        "collider1": {
            "type": "Cylinder",
            "collider2origin": [
                [
                    1.0,
                    0.0,
                    0.0,
                    0.064
                ],
                [
                    0.0,
                    1.0,
                    0.0,
                    -0.339
                ],
                [
                    0.0,
                    0.0,
                    1.0,
                    0.9855
                ],
                [
                    0.0,
                    0.0,
                    0.0,
                    1.0
                ]
            ],
            "radius": 0.004,
            "height": 0.027
        },
        "collider2": {
            "type": "Box",
            "collider2origin": [
                [
                    0.48552479225681067,
                    0.34289734628799834,
                    -0.8041685681575903,
                    -0.18142426697331507
                ],
                [
                    0.17723519164332519,
                    -0.9393728811699876,
                    -0.2935409289444142,
                    -0.252029990326673
                ],
                [
                    -0.8560685503784929,
                    -5.571746340976025e-06,
                    -0.516862299865081,
                    0.9723408381891138
                ],
                [
                    0.0,
                    0.0,
                    0.0,
                    1.0
                ]
            ],
            "size": [
                0.15068,
                0.17726,
                0.74884
            ]
        },
        "distance": 0.0734319613747561
    },
    {
        "case": 3,
        "collider1": {
            "type": "Cylinder",
            "collider2origin": [
                [
                    1.0,
                    0.0,
                    0.0,
                    0.1585
                ],
                [
                    0.0,
                    1.0,
                    0.0,
                    -0.3215
                ],
                [
                    0.0,
                    0.0,
                    1.0,
                    0.9905
                ],
                [
                    0.0,
                    0.0,
                    0.0,
                    1.0
                ]
            ],
            "radius": 0.005,
            "height": 0.027
        },
        "collider2": {
            "type": "Box",
            "collider2origin": [
                [
                    0.48552479225681067,
                    0.34289734628799834,
                    -0.8041685681575903,
                    -0.18142426697331507
                ],
                [
                    0.17723519164332519,
                    -0.9393728811699876,
                    -0.2935409289444142,
                    -0.252029990326673
                ],
                [
                    -0.8560685503784929,
                    -5.571746340976025e-06,
                    -0.516862299865081,
                    0.9723408381891138
                ],
                [
                    0.0,
                    0.0,
                    0.0,
                    1.0
                ]
            ],
            "size": [
                0.15068,
                0.17726,
                0.74884
            ]
        },
        "distance": 0.10133508326457052
    },
    {
        "case": 4,
        "collider1": {
            "type": "Cylinder",
            "collider2origin": [
                [
                    1.0,
                    0.0,
                    0.0,
                    0.11849999999999997
                ],
                [
                    0.0,
                    1.0,
                    0.0,
                    -0.3215
                ],
                [
                    0.0,
                    0.0,
                    1.0,
                    0.9905
                ],
                [
                    0.0,
                    0.0,
                    0.0,
                    1.0
                ]
            ],
            "radius": 0.005,
            "height": 0.027
        },
        "collider2": {
            "type": "Box",
            "collider2origin": [
                [
                    0.48552479225681067,
                    0.34289734628799834,
                    -0.8041685681575903,
                    -0.18142426697331507
                ],
                [
                    0.17723519164332519,
                    -0.9393728811699876,
                    -0.2935409289444142,
                    -0.252029990326673
                ],
                [
                    -0.8560685503784929,
                    -5.571746340976025e-06,
                    -0.516862299865081,
                    0.9723408381891138
                ],
                [
                    0.0,
                    0.0,
                    0.0,
                    1.0
                ]
            ],
            "size": [
                0.15068,
                0.17726,
                0.74884
            ]
        },
        "distance": 0.08051132096489111
    },
    {
        "case": 5,
        "collider1": {
            "type": "Box",
            "collider2origin": [
                [
                    1.0,
                    0.0,
                    0.0,
                    0.094
                ],
                [
                    0.0,
                    1.0,
                    0.0,
                    -0.3175
                ],
                [
                    0.0,
                    0.0,
                    1.0,
                    0.994
                ],
                [
                    0.0,
                    0.0,
                    0.0,
                    1.0
                ]
            ],
            "size": [
                0.018,
                0.0116,
                0.01
            ]
        },
        "collider2": {
            "type": "Box",
            "collider2origin": [
                [
                    0.48552479225681067,
                    0.34289734628799834,
                    -0.8041685681575903,
                    -0.18142426697331507
                ],
                [
                    0.17723519164332519,
                    -0.9393728811699876,
                    -0.2935409289444142,
                    -0.252029990326673
                ],
                [
                    -0.8560685503784929,
                    -5.571746340976025e-06,
                    -0.516862299865081,
                    0.9723408381891138
                ],
                [
                    0.0,
                    0.0,
                    0.0,
                    1.0
                ]
            ],
            "size": [
                0.15068,
                0.17726,
                0.74884
            ]
        },
        "distance": 0.062289641606886575
    },
    {
        "case": 6,
        "collider1": {
            "type": "Cylinder",
            "collider2origin": [
                [
                    1.0,
                    0.0,
                    0.0,
                    0.1585
                ],
                [
                    0.0,
                    1.0,
                    0.0,
                    -0.386
                ],
                [
                    0.0,
                    0.0,
                    1.0,
                    0.9905
                ],
                [
                    0.0,
                    0.0,
                    0.0,
                    1.0
                ]
            ],
            "radius": 0.005,
            "height": 0.027
        },
        "collider2": {
            "type": "Box",
            "collider2origin": [
                [
                    0.48552479225681067,
                    0.34289734628799834,
                    -0.8041685681575903,
                    -0.18142426697331507
                ],
                [
                    0.17723519164332519,
                    -0.9393728811699876,
                    -0.2935409289444142,
                    -0.252029990326673
                ],
                [
                    -0.8560685503784929,
                    -5.571746340976025e-06,
                    -0.516862299865081,
                    0.9723408381891138
                ],
                [
                    0.0,
                    0.0,
                    0.0,
                    1.0
                ]
            ],
            "size": [
                0.15068,
                0.17726,
                0.74884
            ]
        },
        "distance": 0.15372333593123663
    },
    {
        "case": 7,
        "collider1": {
            "type": "Cylinder",
            "collider2origin": [
                [
                    1.0,
                    0.0,
                    0.0,
                    0.064
                ],
                [
                    0.0,
                    1.0,
                    0.0,
                    -0.369
                ],
                [
                    0.0,
                    0.0,
                    1.0,
                    0.9855
                ],
                [
                    0.0,
                    0.0,
                    0.0,
                    1.0
                ]
            ],
            "radius": 0.004,
            "height": 0.027
        },
        "collider2": {
            "type": "Box",
            "collider2origin": [
                [
                    0.48552479225681067,
                    0.34289734628799834,
                    -0.8041685681575903,
                    -0.18142426697331507
                ],
                [
                    0.17723519164332519,
                    -0.9393728811699876,
                    -0.2935409289444142,
                    -0.252029990326673
                ],
                [
                    -0.8560685503784929,
                    -5.571746340976025e-06,
                    -0.516862299865081,
                    0.9723408381891138
                ],
                [
                    0.0,
                    0.0,
                    0.0,
                    1.0
                ]
            ],
            "size": [
                0.15068,
                0.17726,
                0.74884
            ]
        },
        "distance": 0.10140398237687484
    },
    {
        "case": 8,
        "collider1": {
            "type": "Cylinder",
            "collider2origin": [
                [
                    1.0,
                    0.0,
                    0.0,
                    0.11849999999999997
                ],
                [
                    0.0,
                    1.0,
                    0.0,
                    -0.386
                ],
                [
                    0.0,
                    0.0,
                    1.0,
                    0.9905
                ],
                [
                    0.0,
                    0.0,
                    0.0,
                    1.0
                ]
            ],
            "radius": 0.005,
            "height": 0.027
        },
        "collider2": {
            "type": "Box",
            "collider2origin": [
                [
                    0.48552479225681067,
                    0.34289734628799834,
                    -0.8041685681575903,
                    -0.18142426697331507
                ],
                [
                    0.17723519164332519,
                    -0.9393728811699876,
                    -0.2935409289444142,
                    -0.252029990326673
                ],
                [
                    -0.8560685503784929,
                    -5.571746340976025e-06,
                    -0.516862299865081,
                    0.9723408381891138
                ],
                [
                    0.0,
                    0.0,
                    0.0,
                    1.0
                ]
            ],
            "size": [
                0.15068,
                0.17726,
                0.74884
            ]
        },
        "distance": 0.13643835176289826
    },
    {
        "case": 9,
        "collider1": {
            "type": "Box",
            "collider2origin": [
                [
                    1.0,
                    0.0,
                    0.0,
                    0.18499999999999997
                ],
                [
                    0.0,
                    1.0,
                    0.0,
                    -0.3175
                ],
                [
                    0.0,
                    0.0,
                    1.0,
                    0.994
                ],
                [
                    0.0,
                    0.0,
                    0.0,
                    1.0
                ]
            ],
            "size": [
                0.018,
                0.0116,
                0.01
            ]
        },
        "collider2": {
            "type": "Box",
            "collider2origin": [
                [
                    0.48552479225681067,
                    0.34289734628799834,
                    -0.8041685681575903,
                    -0.18142426697331507
                ],
                [
                    0.17723519164332519,
                    -0.9393728811699876,
                    -0.2935409289444142,
                    -0.252029990326673
                ],
                [
                    -0.8560685503784929,
                    -5.571746340976025e-06,
                    -0.516862299865081,
                    0.9723408381891138
                ],
                [
                    0.0,
                    0.0,
                    0.0,
                    1.0
                ]
            ],
            "size": [
                0.15068,
                0.17726,
                0.74884
            ]
        },
        "distance": 0.11088686740279383
    },
    {
        "case": 10,
        "collider1": {
            "type": "Box",
            "collider2origin": [
                [
                    1.0,
                    0.0,
                    0.0,
                    0.149
                ],
                [
                    0.0,
                    1.0,
                    0.0,
                    -0.354
                ],
                [
                    0.0,
                    0.0,
                    1.0,
                    0.865
                ],
                [
                    0.0,
                    0.0,
                    0.0,
                    1.0
                ]
            ],
            "size": [
                0.1,
                0.085,
                0.2158
            ]
        },
        "collider2": {
            "type": "Box",
            "collider2origin": [
                [
                    0.48552479225681067,
                    0.34289734628799834,
                    -0.8041685681575903,
                    -0.18142426697331507
                ],
                [
                    0.17723519164332519,
                    -0.9393728811699876,
                    -0.2935409289444142,
                    -0.252029990326673
                ],
                [
                    -0.8560685503784929,
                    -5.571746340976025e-06,
                    -0.516862299865081,
                    0.9723408381891138
                ],
                [
                    0.0,
                    0.0,
                    0.0,
                    1.0
                ]
            ],
            "size": [
                0.15068,
                0.17726,
                0.74884
            ]
        },
        "distance": 0.08060955408199207
    },
    {
        "case": 11,
        "collider1": {
            "type": "Box",
            "collider2origin": [
                [
                    1.0,
                    0.0,
                    0.0,
                    -0.01200000000000001
                ],
                [
                    0.0,
                    1.0,
                    0.0,
                    0.15750000000000003
                ],
                [
                    0.0,
                    0.0,
                    1.0,
                    0.335
                ],
                [
                    0.0,
                    0.0,
                    0.0,
                    1.0
                ]
            ],
            "size": [
                1.6,
                1.586,
                0.76
            ]
        },
        "collider2": {
            "type": "Box",
            "collider2origin": [
                [
                    0.48552479225681067,
                    0.34289734628799834,
                    -0.8041685681575903,
                    -0.18142426697331507
                ],
                [
                    0.17723519164332519,
                    -0.9393728811699876,
                    -0.2935409289444142,
                    -0.252029990326673
                ],
                [
                    -0.8560685503784929,
                    -5.571746340976025e-06,
                    -0.516862299865081,
                    0.9723408381891138
                ],
                [
                    0.0,
                    0.0,
                    0.0,
                    1.0
                ]
            ],
            "size": [
                0.15068,
                0.17726,
                0.74884
            ]
        },
        "distance": 0.0
    },
    {
        "case": 12,
        "collider1": {
            "type": "Box",
            "collider2origin": [
                [
                    1.0,
                    0.0,
                    0.0,
                    0.07799999999999999
                ],
                [
                    0.0,
                    1.0,
                    0.0,
                    -0.315
                ],
                [
                    0.0,
                    0.0,
                    1.0,
                    0.75
                ],
                [
                    0.0,
                    0.0,
                    0.0,
                    1.0
                ]
            ],
            "size": [
                1.76,
                0.64,
                0.06
            ]
        },
        "collider2": {
            "type": "Box",
            "collider2origin": [
                [
                    0.48552479225681067,
                    0.34289734628799834,
                    -0.8041685681575903,
                    -0.18142426697331507
                ],
                [
                    0.17723519164332519,
                    -0.9393728811699876,
                    -0.2935409289444142,
                    -0.252029990326673
                ],
                [
                    -0.8560685503784929,
                    -5.571746340976025e-06,
                    -0.516862299865081,
                    0.9723408381891138
                ],
                [
                    0.0,
                    0.0,
                    0.0,
                    1.0
                ]
            ],
            "size": [
                0.15068,
                0.17726,
                0.74884
            ]
        },
        "distance": 0.0
    },
    {
        "case": 13,
        "collider1": {
            "type": "Box",
            "collider2origin": [
                [
                    1.0,
                    0.0,
                    0.0,
                    0.16
                ],
                [
                    0.0,
                    1.0,
                    0.0,
                    -0.3541
                ],
                [
                    0.0,
                    0.0,
                    1.0,
                    0.994
                ],
                [
                    0.0,
                    0.0,
                    0.0,
                    1.0
                ]
            ],
            "size": [
                0.032,
                0.085,
                0.01
            ]
        },
        "collider2": {
            "type": "Box",
            "collider2origin": [
                [
                    0.48552479225681067,
                    0.34289734628799834,
                    -0.8041685681575903,
                    -0.18142426697331507
                ],
                [
                    0.17723519164332519,
                    -0.9393728811699876,
                    -0.2935409289444142,
                    -0.252029990326673
                ],
                [
                    -0.8560685503784929,
                    -5.571746340976025e-06,
                    -0.516862299865081,
                    0.9723408381891138
                ],
                [
                    0.0,
                    0.0,
                    0.0,
                    1.0
                ]
            ],
            "size": [
                0.15068,
                0.17726,
                0.74884
            ]
        },
        "distance": 0.09303933307590942
    },
    {
        "case": 14,
        "collider1": {
            "type": "Box",
            "collider2origin": [
                [
                    1.0,
                    0.0,
                    0.0,
                    0.11800000000000002
                ],
                [
                    0.0,
                    1.0,
                    0.0,
                    -0.3541
                ],
                [
                    0.0,
                    0.0,
                    1.0,
                    0.994
                ],
                [
                    0.0,
                    0.0,
                    0.0,
                    1.0
                ]
            ],
            "size": [
                0.03,
                0.085,
                0.01
            ]
        },
        "collider2": {
            "type": "Box",
            "collider2origin": [
                [
                    0.48552479225681067,
                    0.34289734628799834,
                    -0.8041685681575903,
                    -0.18142426697331507
                ],
                [
                    0.17723519164332519,
                    -0.9393728811699876,
                    -0.2935409289444142,
                    -0.252029990326673
                ],
                [
                    -0.8560685503784929,
                    -5.571746340976025e-06,
                    -0.516862299865081,
                    0.9723408381891138
                ],
                [
                    0.0,
                    0.0,
                    0.0,
                    1.0
                ]
            ],
            "size": [
                0.15068,
                0.17726,
                0.74884
            ]
        },
        "distance": 0.07119885248087027
    },
    {
        "case": 15,
        "collider1": {
            "type": "Cylinder",
            "collider2origin": [
                [
                    1.0,
                    0.0,
                    0.0,
                    0.064
                ],
                [
                    0.0,
                    1.0,
                    0.0,
                    -0.339
                ],
                [
                    0.0,
                    0.0,
                    1.0,
                    0.9855
                ],
                [
                    0.0,
                    0.0,
                    0.0,
                    1.0
                ]
            ],
            "radius": 0.004,
            "height": 0.027
        },
        "collider2": {
            "type": "Box",
            "collider2origin": [
                [
                    0.48552479225681067,
                    0.34289734628799834,
                    -0.8041685681575903,
                    -0.18142426697331507
                ],
                [
                    0.17723519164332519,
                    -0.9393728811699876,
                    -0.2935409289444142,
                    -0.252029990326673
                ],
                [
                    -0.8560685503784929,
                    -5.571746340976025e-06,
                    -0.516862299865081,
                    0.9723408381891138
                ],
                [
                    0.0,
                    0.0,
                    0.0,
                    1.0
                ]
            ],
            "size": [
                0.15068,
                0.17726,
                0.74884
            ]
        },
        "distance": 0.0734319613747561
    },
    {
        "case": 16,
        "collider1": {
            "type": "Cylinder",
            "collider2origin": [
                [
                    1.0,
                    0.0,
                    0.0,
                    0.1585
                ],
                [
                    0.0,
                    1.0,
                    0.0,
                    -0.3215
                ],
                [
                    0.0,
                    0.0,
                    1.0,
                    0.9905
                ],
                [
                    0.0,
                    0.0,
                    0.0,
                    1.0
                ]
            ],
            "radius": 0.005,
            "height": 0.027
        },
        "collider2": {
            "type": "Box",
            "collider2origin": [
                [
                    0.48552479225681067,
                    0.34289734628799834,
                    -0.8041685681575903,
                    -0.18142426697331507
                ],
                [
                    0.17723519164332519,
                    -0.9393728811699876,
                    -0.2935409289444142,
                    -0.252029990326673
                ],
                [
                    -0.8560685503784929,
                    -5.571746340976025e-06,
                    -0.516862299865081,
                    0.9723408381891138
                ],
                [
                    0.0,
                    0.0,
                    0.0,
                    1.0
                ]
            ],
            "size": [
                0.15068,
                0.17726,
                0.74884
            ]
        },
        "distance": 0.10133508326457052
    },
    {
        "case": 17,
        "collider1": {
            "type": "Cylinder",
            "collider2origin": [
                [
                    1.0,
                    0.0,
                    0.0,
                    0.11849999999999997
                ],
                [
                    0.0,
                    1.0,
                    0.0,
                    -0.3215
                ],
                [
                    0.0,
                    0.0,
                    1.0,
                    0.9905
                ],
                [
                    0.0,
                    0.0,
                    0.0,
                    1.0
                ]
            ],
            "radius": 0.005,
            "height": 0.027
        },
        "collider2": {
            "type": "Box",
            "collider2origin": [
                [
                    0.48552479225681067,
                    0.34289734628799834,
                    -0.8041685681575903,
                    -0.18142426697331507
                ],
                [
                    0.17723519164332519,
                    -0.9393728811699876,
                    -0.2935409289444142,
                    -0.252029990326673
                ],
                [
                    -0.8560685503784929,
                    -5.571746340976025e-06,
                    -0.516862299865081,
                    0.9723408381891138
                ],
                [
                    0.0,
                    0.0,
                    0.0,
                    1.0
                ]
            ],
            "size": [
                0.15068,
                0.17726,
                0.74884
            ]
        },
        "distance": 0.08051132096489111
    },
    {
        "case": 18,
        "collider1": {
            "type": "Box",
            "collider2origin": [
                [
                    1.0,
                    0.0,
                    0.0,
                    0.094
                ],
                [
                    0.0,
                    1.0,
                    0.0,
                    -0.3175
                ],
                [
                    0.0,
                    0.0,
                    1.0,
                    0.994
                ],
                [
                    0.0,
                    0.0,
                    0.0,
                    1.0
                ]
            ],
            "size": [
                0.018,
                0.0116,
                0.01
            ]
        },
        "collider2": {
            "type": "Box",
            "collider2origin": [
                [
                    0.48552479225681067,
                    0.34289734628799834,
                    -0.8041685681575903,
                    -0.18142426697331507
                ],
                [
                    0.17723519164332519,
                    -0.9393728811699876,
                    -0.2935409289444142,
                    -0.252029990326673
                ],
                [
                    -0.8560685503784929,
                    -5.571746340976025e-06,
                    -0.516862299865081,
                    0.9723408381891138
                ],
                [
                    0.0,
                    0.0,
                    0.0,
                    1.0
                ]
            ],
            "size": [
                0.15068,
                0.17726,
                0.74884
            ]
        },
        "distance": 0.062289641606886575
    },
    {
        "case": 19,
        "collider1": {
            "type": "Cylinder",
            "collider2origin": [
                [
                    1.0,
                    0.0,
                    0.0,
                    0.1585
                ],
                [
                    0.0,
                    1.0,
                    0.0,
                    -0.386
                ],
                [
                    0.0,
                    0.0,
                    1.0,
                    0.9905
                ],
                [
                    0.0,
                    0.0,
                    0.0,
                    1.0
                ]
            ],
            "radius": 0.005,
            "height": 0.027
        },
        "collider2": {
            "type": "Box",
            "collider2origin": [
                [
                    0.48552479225681067,
                    0.34289734628799834,
                    -0.8041685681575903,
                    -0.18142426697331507
                ],
                [
                    0.17723519164332519,
                    -0.9393728811699876,
                    -0.2935409289444142,
                    -0.252029990326673
                ],
                [
                    -0.8560685503784929,
                    -5.571746340976025e-06,
                    -0.516862299865081,
                    0.9723408381891138
                ],
                [
                    0.0,
                    0.0,
                    0.0,
                    1.0
                ]
            ],
            "size": [
                0.15068,
                0.17726,
                0.74884
            ]
        },
        "distance": 0.15372333593123663
    },
    {
        "case": 20,
        "collider1": {
            "type": "Cylinder",
            "collider2origin": [
                [
                    1.0,
                    0.0,
                    0.0,
                    0.064
                ],
                [
                    0.0,
                    1.0,
                    0.0,
                    -0.369
                ],
                [
                    0.0,
                    0.0,
                    1.0,
                    0.9855
                ],
                [
                    0.0,
                    0.0,
                    0.0,
                    1.0
                ]
            ],
            "radius": 0.004,
            "height": 0.027
        },
        "collider2": {
            "type": "Box",
            "collider2origin": [
                [
                    0.48552479225681067,
                    0.34289734628799834,
                    -0.8041685681575903,
                    -0.18142426697331507
                ],
                [
                    0.17723519164332519,
                    -0.9393728811699876,
                    -0.2935409289444142,
                    -0.252029990326673
                ],
                [
                    -0.8560685503784929,
                    -5.571746340976025e-06,
                    -0.516862299865081,
                    0.9723408381891138
                ],
                [
                    0.0,
                    0.0,
                    0.0,
                    1.0
                ]
            ],
            "size": [
                0.15068,
                0.17726,
                0.74884
            ]
        },
        "distance": 0.10140398237687484
    },
    {
        "case": 21,
        "collider1": {
            "type": "Cylinder",
            "collider2origin": [
                [
                    1.0,
                    0.0,
                    0.0,
                    0.11849999999999997
                ],
                [
                    0.0,
                    1.0,
                    0.0,
                    -0.386
                ],
                [
                    0.0,
                    0.0,
                    1.0,
                    0.9905
                ],
                [
                    0.0,
                    0.0,
                    0.0,
                    1.0
                ]
            ],
            "radius": 0.005,
            "height": 0.027
        },
        "collider2": {
            "type": "Box",
            "collider2origin": [
                [
                    0.48552479225681067,
                    0.34289734628799834,
                    -0.8041685681575903,
                    -0.18142426697331507
                ],
                [
                    0.17723519164332519,
                    -0.9393728811699876,
                    -0.2935409289444142,
                    -0.252029990326673
                ],
                [
                    -0.8560685503784929,
                    -5.571746340976025e-06,
                    -0.516862299865081,
                    0.9723408381891138
                ],
                [
                    0.0,
                    0.0,
                    0.0,
                    1.0
                ]
            ],
            "size": [
                0.15068,
                0.17726,
                0.74884
            ]
        },
        "distance": 0.13643835176289826
    },
    {
        "case": 22,
        "collider1": {
            "type": "Box",
            "collider2origin": [
                [
                    1.0,
                    0.0,
                    0.0,
                    0.18499999999999997
                ],
                [
                    0.0,
                    1.0,
                    0.0,
                    -0.3175
                ],
                [
                    0.0,
                    0.0,
                    1.0,
                    0.994
                ],
                [
                    0.0,
                    0.0,
                    0.0,
                    1.0
                ]
            ],
            "size": [
                0.018,
                0.0116,
                0.01
            ]
        },
        "collider2": {
            "type": "Box",
            "collider2origin": [
                [
                    0.48552479225681067,
                    0.34289734628799834,
                    -0.8041685681575903,
                    -0.18142426697331507
                ],
                [
                    0.17723519164332519,
                    -0.9393728811699876,
                    -0.2935409289444142,
                    -0.252029990326673
                ],
                [
                    -0.8560685503784929,
                    -5.571746340976025e-06,
                    -0.516862299865081,
                    0.9723408381891138
                ],
                [
                    0.0,
                    0.0,
                    0.0,
                    1.0
                ]
            ],
            "size": [
                0.15068,
                0.17726,
                0.74884
            ]
        },
        "distance": 0.11088686740279383
    },
    {
        "case": 23,
        "collider1": {
            "type": "Box",
            "collider2origin": [
                [
                    1.0,
                    0.0,
                    0.0,
                    0.149
                ],
                [
                    0.0,
                    1.0,
                    0.0,
                    -0.354
                ],
                [
                    0.0,
                    0.0,
                    1.0,
                    0.865
                ],
                [
                    0.0,
                    0.0,
                    0.0,
                    1.0
                ]
            ],
            "size": [
                0.1,
                0.085,
                0.2158
            ]
        },
        "collider2": {
            "type": "Box",
            "collider2origin": [
                [
                    0.48552479225681067,
                    0.34289734628799834,
                    -0.8041685681575903,
                    -0.18142426697331507
                ],
                [
                    0.17723519164332519,
                    -0.9393728811699876,
                    -0.2935409289444142,
                    -0.252029990326673
                ],
                [
                    -0.8560685503784929,
                    -5.571746340976025e-06,
                    -0.516862299865081,
                    0.9723408381891138
                ],
                [
                    0.0,
                    0.0,
                    0.0,
                    1.0
                ]
            ],
            "size": [
                0.15068,
                0.17726,
                0.74884
            ]
        },
        "distance": 0.08060955408199207
    },
    {
        "case": 24,
        "collider1": {
            "type": "Box",
            "collider2origin": [
                [
                    1.0,
                    0.0,
                    0.0,
                    -0.01200000000000001
                ],
                [
                    0.0,
                    1.0,
                    0.0,
                    0.15750000000000003
                ],
                [
                    0.0,
                    0.0,
                    1.0,
                    0.335
                ],
                [
                    0.0,
                    0.0,
                    0.0,
                    1.0
                ]
            ],
            "size": [
                1.6,
                1.586,
                0.76
            ]
        },
        "collider2": {
            "type": "Box",
            "collider2origin": [
                [
                    0.48552479225681067,
                    0.34289734628799834,
                    -0.8041685681575903,
                    -0.18142426697331507
                ],
                [
                    0.17723519164332519,
                    -0.9393728811699876,
                    -0.2935409289444142,
                    -0.252029990326673
                ],
                [
                    -0.8560685503784929,
                    -5.571746340976025e-06,
                    -0.516862299865081,
                    0.9723408381891138
                ],
                [
                    0.0,
                    0.0,
                    0.0,
                    1.0
                ]
            ],
            "size": [
                0.15068,
                0.17726,
                0.74884
            ]
        },
        "distance": 0.0
    },
    {
        "case": 25,
        "collider1": {
            "type": "Box",
            "collider2origin": [
                [
                    1.0,
                    0.0,
                    0.0,
                    0.07799999999999999
                ],
                [
                    0.0,
                    1.0,
                    0.0,
                    -0.315
                ],
                [
                    0.0,
                    0.0,
                    1.0,
                    0.75
                ],
                [
                    0.0,
                    0.0,
                    0.0,
                    1.0
                ]
            ],
            "size": [
                1.76,
                0.64,
                0.06
            ]
        },
        "collider2": {
            "type": "Box",
            "collider2origin": [
                [
                    0.48552479225681067,
                    0.34289734628799834,
                    -0.8041685681575903,
                    -0.18142426697331507
                ],
                [
                    0.17723519164332519,
                    -0.9393728811699876,
                    -0.2935409289444142,
                    -0.252029990326673
                ],
                [
                    -0.8560685503784929,
                    -5.571746340976025e-06,
                    -0.516862299865081,
                    0.9723408381891138
                ],
                [
                    0.0,
                    0.0,
                    0.0,
                    1.0
                ]
            ],
            "size": [
                0.15068,
                0.17726,
                0.74884
            ]
        },
        "distance": 0.0
    },
    {
        "case": 26,
        "collider1": {
            "type": "Box",
            "collider2origin": [
                [
                    1.0,
                    0.0,
                    0.0,
                    0.149
                ],
                [
                    0.0,
                    1.0,
                    0.0,
                    -0.354
                ],
                [
                    0.0,
                    0.0,
                    1.0,
                    0.865
                ],
                [
                    0.0,
                    0.0,
                    0.0,
                    1.0
                ]
            ],
            "size": [
                0.1,
                0.085,
                0.2158
            ]
        },
        "collider2": {
            "type": "Cylinder",
            "collider2origin": [
                [
                    0.3265631584225187,
                    0.526534339147831,
                    -0.7849319035809829,
                    0.13163689540547047
                ],
                [
                    0.7206316406792277,
                    0.3986638715531641,
                    0.5672364198199963,
                    -0.34790481986240707
                ],
                [
                    0.6115934450376929,
                    -0.750885282327733,
                    -0.24924837165070374,
                    0.9219898137543618
                ],
                [
                    0.0,
                    0.0,
                    0.0,
                    1.0
                ]
            ],
            "radius": 0.01271,
            "height": 0.05982
        },
        "distance": 0.0
    },
    {
        "case": 27,
        "collider1": {
            "type": "Box",
            "collider2origin": [
                [
                    1.0,
                    0.0,
                    0.0,
                    0.149
                ],
                [
                    0.0,
                    1.0,
                    0.0,
                    -0.354
                ],
                [
                    0.0,
                    0.0,
                    1.0,
                    0.865
                ],
                [
                    0.0,
                    0.0,
                    0.0,
                    1.0
                ]
            ],
            "size": [
                0.1,
                0.085,
                0.2158
            ]
        },
        "collider2": {
            "type": "Cylinder",
            "collider2origin": [
                [
                    0.37377367978915305,
                    0.5715113331088894,
                    -0.7305258602027555,
                    0.14346632429372808
                ],
                [
                    0.7195967253421992,
                    0.3182585075430538,
                    0.6171645447149825,
                    -0.3566819339809751
                ],
                [
                    0.5852126016873349,
                    -0.7563638796932122,
                    -0.29230103031254034,
                    0.9237157859231084
                ],
                [
                    0.0,
                    0.0,
                    0.0,
                    1.0
                ]
            ],
            "radius": 0.01169,
            "height": 0.05502
        },
        "distance": 0.0
    },
    {
        "case": 28,
        "collider1": {
            "type": "Box",
            "collider2origin": [
                [
                    1.0,
                    0.0,
                    0.0,
                    0.149
                ],
                [
                    0.0,
                    1.0,
                    0.0,
                    -0.354
                ],
                [
                    0.0,
                    0.0,
                    1.0,
                    0.865
                ],
                [
                    0.0,
                    0.0,
                    0.0,
                    1.0
                ]
            ],
            "size": [
                0.1,
                0.085,
                0.2158
            ]
        },
        "collider2": {
            "type": "Sphere",
            "collider2origin": [
                [
                    1.0,
                    0.0,
                    0.0,
                    0.14770020823290272
                ],
                [
                    0.0,
                    1.0,
                    0.0,
                    -0.3701808861449746
                ],
                [
                    0.0,
                    0.0,
                    1.0,
                    0.8692353081464873
                ],
                [
                    0.0,
                    0.0,
                    0.0,
                    1.0
                ]
            ],
            "radius": 0.00563
        },
        "distance": 0.0
    },
    {
        "case": 29,
        "collider1": {
            "type": "Box",
            "collider2origin": [
                [
                    1.0,
                    0.0,
                    0.0,
                    0.149
                ],
                [
                    0.0,
                    1.0,
                    0.0,
                    -0.354
                ],
                [
                    0.0,
                    0.0,
                    1.0,
                    0.865
                ],
                [
                    0.0,
                    0.0,
                    0.0,
                    1.0
                ]
            ],
            "size": [
                0.1,
                0.085,
                0.2158
            ]
        },
        "collider2": {
            "type": "Sphere",
            "collider2origin": [
                [
                    1.0,
                    0.0,
                    0.0,
                    0.15977911240560885
                ],
                [
                    0.0,
                    1.0,
                    0.0,
                    -0.3711216950848186
                ],
                [
                    0.0,
                    0.0,
                    1.0,
                    0.9300331543056557
                ],
                [
                    0.0,
                    0.0,
                    0.0,
                    1.0
                ]
            ],
            "radius": 0.01051
        },
        "distance": 0.0
    },
    {
        "case": 30,
        "collider1": {
            "type": "Box",
            "collider2origin": [
                [
                    1.0,
                    0.0,
                    0.0,
                    0.149
                ],
                [
                    0.0,
                    1.0,
                    0.0,
                    -0.354
                ],
                [
                    0.0,
                    0.0,
                    1.0,
                    0.865
                ],
                [
                    0.0,
                    0.0,
                    0.0,
                    1.0
                ]
            ],
            "size": [
                0.1,
                0.085,
                0.2158
            ]
        },
        "collider2": {
            "type": "Cylinder",
            "collider2origin": [
                [
                    0.4123343794408706,
                    -0.49108779237586947,
                    -0.7673416056167595,
                    0.13278769311924157
                ],
                [
                    0.15273149588775736,
                    0.8676184766562789,
                    -0.47319263427120783,
                    -0.38157451948164667
                ],
                [
                    0.8981388810729659,
                    0.07791635992544826,
                    0.4327534993052835,
                    0.8780191007427584
                ],
                [
                    0.0,
                    0.0,
                    0.0,
                    1.0
                ]
            ],
            "radius": 0.00813,
            "height": 0.03824
        },
        "distance": 0.0
    },
    {
        "case": 31,
        "collider1": {
            "type": "Box",
            "collider2origin": [
                [
                    1.0,
                    0.0,
                    0.0,
                    0.11800000000000002
                ],
                [
                    0.0,
                    1.0,
                    0.0,
                    -0.3541
                ],
                [
                    0.0,
                    0.0,
                    1.0,
                    0.994
                ],
                [
                    0.0,
                    0.0,
                    0.0,
                    1.0
                ]
            ],
            "size": [
                0.03,
                0.085,
                0.01
            ]
        },
        "collider2": {
            "type": "Box",
            "collider2origin": [
                [
                    -0.28798341444701875,
                    0.34290358451619074,
                    0.8941379562066383,
                    -0.22489394977353586
                ],
                [
                    -0.10512674031657934,
                    -0.939370604032008,
                    0.32639123265025155,
                    -0.13340336178116977
                ],
                [
                    0.9518476356402041,
                    -2.5471051415224813e-06,
                    0.30657149006335405,
                    0.8968721021582504
                ],
                [
                    0.0,
                    0.0,
                    0.0,
                    1.0
                ]
            ],
            "size": [
                0.1202,
                0.13634,
                0.67816
            ]
        },
        "distance": 0.21165843426811942
    },
    {
        "case": 32,
        "collider1": {
            "type": "Box",
            "collider2origin": [
                [
                    1.0,
                    0.0,
                    0.0,
                    0.094
                ],
                [
                    0.0,
                    1.0,
                    0.0,
                    -0.3175
                ],
                [
                    0.0,
                    0.0,
                    1.0,
                    0.994
                ],
                [
                    0.0,
                    0.0,
                    0.0,
                    1.0
                ]
            ],
            "size": [
                0.018,
                0.0116,
                0.01
            ]
        },
        "collider2": {
            "type": "Box",
            "collider2origin": [
                [
                    -0.28798341444701875,
                    0.34290358451619074,
                    0.8941379562066383,
                    -0.22489394977353586
                ],
                [
                    -0.10512674031657934,
                    -0.939370604032008,
                    0.32639123265025155,
                    -0.13340336178116977
                ],
                [
                    0.9518476356402041,
                    -2.5471051415224813e-06,
                    0.30657149006335405,
                    0.8968721021582504
                ],
                [
                    0.0,
                    0.0,
                    0.0,
                    1.0
                ]
            ],
            "size": [
                0.1202,
                0.13634,
                0.67816
            ]
        },
        "distance": 0.2055801068072311
    },
    {
        "case": 33,
        "collider1": {
            "type": "Box",
            "collider2origin": [
                [
                    1.0,
                    0.0,
                    0.0,
                    0.149
                ],
                [
                    0.0,
                    1.0,
                    0.0,
                    -0.354
                ],
                [
                    0.0,
                    0.0,
                    1.0,
                    0.865
                ],
                [
                    0.0,
                    0.0,
                    0.0,
                    1.0
                ]
            ],
            "size": [
                0.1,
                0.085,
                0.2158
            ]
        },
        "collider2": {
            "type": "Box",
            "collider2origin": [
                [
                    -0.28798341444701875,
                    0.34290358451619074,
                    0.8941379562066383,
                    -0.22489394977353586
                ],
                [
                    -0.10512674031657934,
                    -0.939370604032008,
                    0.32639123265025155,
                    -0.13340336178116977
                ],
                [
                    0.9518476356402041,
                    -2.5471051415224813e-06,
                    0.30657149006335405,
                    0.8968721021582504
                ],
                [
                    0.0,
                    0.0,
                    0.0,
                    1.0
                ]
            ],
            "size": [
                0.1202,
                0.13634,
                0.67816
            ]
        },
        "distance": 0.2101929493490956
    },
    {
        "case": 34,
        "collider1": {
            "type": "Box",
            "collider2origin": [
                [
                    1.0,
                    0.0,
                    0.0,
                    0.07799999999999999
                ],
                [
                    0.0,
                    1.0,
                    0.0,
                    -0.315
                ],
                [
                    0.0,
                    0.0,
                    1.0,
                    0.75
                ],
                [
                    0.0,
                    0.0,
                    0.0,
                    1.0
                ]
            ],
            "size": [
                1.76,
                0.64,
                0.06
            ]
        },
        "collider2": {
            "type": "Box",
            "collider2origin": [
                [
                    -0.28798341444701875,
                    0.34290358451619074,
                    0.8941379562066383,
                    -0.22489394977353586
                ],
                [
                    -0.10512674031657934,
                    -0.939370604032008,
                    0.32639123265025155,
                    -0.13340336178116977
                ],
                [
                    0.9518476356402041,
                    -2.5471051415224813e-06,
                    0.30657149006335405,
                    0.8968721021582504
                ],
                [
                    0.0,
                    0.0,
                    0.0,
                    1.0
                ]
            ],
            "size": [
                0.1202,
                0.13634,
                0.67816
            ]
        },
        "distance": 0.0
    },
    {
        "case": 35,
        "collider1": {
            "type": "Box",
            "collider2origin": [
                [
                    1.0,
                    0.0,
                    0.0,
                    0.149
                ],
                [
                    0.0,
                    1.0,
                    0.0,
                    -0.354
                ],
                [
                    0.0,
                    0.0,
                    1.0,
                    0.865
                ],
                [
                    0.0,
                    0.0,
                    0.0,
                    1.0
                ]
            ],
            "size": [
                0.1,
                0.085,
                0.2158
            ]
        },
        "collider2": {
            "type": "Cylinder",
            "collider2origin": [
                [
                    0.4123343794408706,
                    -0.04591769058039253,
                    -0.9098746755586039,
                    0.10721195154274918
                ],
                [
                    0.15273149588775736,
                    0.9880782678688322,
                    0.01935010928173602,
                    -0.38912087681301627
                ],
                [
                    0.8981388810729659,
                    -0.14694523557125116,
                    0.4144317169907602,
                    0.8910441394697548
                ],
                [
                    0.0,
                    0.0,
                    0.0,
                    1.0
                ]
            ],
            "radius": 0.00683,
            "height": 0.01183
        },
        "distance": 0.0
    },
    {
        "case": 36,
        "collider1": {
            "type": "Box",
            "collider2origin": [
                [
                    1.0,
                    0.0,
                    0.0,
                    0.149
                ],
                [
                    0.0,
                    1.0,
                    0.0,
                    -0.354
                ],
                [
                    0.0,
                    0.0,
                    1.0,
                    0.865
                ],
                [
                    0.0,
                    0.0,
                    0.0,
                    1.0
                ]
            ],
            "size": [
                0.1,
                0.085,
                0.2158
            ]
        },
        "collider2": {
            "type": "Box",
            "collider2origin": [
                [
                    0.5871593127115661,
                    0.047720434271827344,
                    0.8080635505014374,
                    0.0679386626391685
                ],
                [
                    0.10108710364742603,
                    -0.994768882338476,
                    -0.01470606022132645,
                    -0.3199856679201866
                ],
                [
                    0.8031346954105862,
                    0.0903196040954949,
                    -0.5889117337460489,
                    0.8921963763179066
                ],
                [
                    0.0,
                    0.0,
                    0.0,
                    1.0
                ]
            ],
            "size": [
                0.06241,
                0.05638,
                0.02858
            ]
        },
        "distance": 0.0
    },
    {
        "case": 37,
        "collider1": {
            "type": "Box",
            "collider2origin": [
                [
                    1.0,
                    0.0,
                    0.0,
                    0.149
                ],
                [
                    0.0,
                    1.0,
                    0.0,
                    -0.354
                ],
                [
                    0.0,
                    0.0,
                    1.0,
                    0.865
                ],
                [
                    0.0,
                    0.0,
                    0.0,
                    1.0
                ]
            ],
            "size": [
                0.1,
                0.085,
                0.2158
            ]
        },
        "collider2": {
            "type": "Box",
            "collider2origin": [
                [
                    0.4048025180024028,
                    0.047717699793638886,
                    0.9131582242663745,
                    0.06902439641576981
                ],
                [
                    0.10192749713804962,
                    -0.9947686031567634,
                    0.006797904141304624,
                    -0.3707613169408215
                ],
                [
                    0.908705511563613,
                    0.09032412357695827,
                    -0.40754858109674114,
                    0.899341328990923
                ],
                [
                    0.0,
                    0.0,
                    0.0,
                    1.0
                ]
            ],
            "size": [
                0.07264,
                0.04753,
                0.03326
            ]
        },
        "distance": 0.0
    },
    {
        "case": 38,
        "collider1": {
            "type": "Box",
            "collider2origin": [
                [
                    1.0,
                    0.0,
                    0.0,
                    0.149
                ],
                [
                    0.0,
                    1.0,
                    0.0,
                    -0.354
                ],
                [
                    0.0,
                    0.0,
                    1.0,
                    0.865
                ],
                [
                    0.0,
                    0.0,
                    0.0,
                    1.0
                ]
            ],
            "size": [
                0.1,
                0.085,
                0.2158
            ]
        },
        "collider2": {
            "type": "Cylinder",
            "collider2origin": [
                [
                    0.4123343794408706,
                    -0.04591769058039253,
                    -0.9098746755586039,
                    0.09236254796901973
                ],
                [
                    0.15273149588775736,
                    0.9880782678688322,
                    0.01935010928173602,
                    -0.3887999519657795
                ],
                [
                    0.8981388810729659,
                    -0.14694523557125116,
                    0.4144317169907602,
                    0.897806906710089
                ],
                [
                    0.0,
                    0.0,
                    0.0,
                    1.0
                ]
            ],
            "radius": 0.00683,
            "height": 0.01782
        },
        "distance": 0.0
    },
    {
        "case": 39,
        "collider1": {
            "type": "Box",
            "collider2origin": [
                [
                    1.0,
                    0.0,
                    0.0,
                    0.149
                ],
                [
                    0.0,
                    1.0,
                    0.0,
                    -0.354
                ],
                [
                    0.0,
                    0.0,
                    1.0,
                    0.865
                ],
                [
                    0.0,
                    0.0,
                    0.0,
                    1.0
                ]
            ],
            "size": [
                0.1,
                0.085,
                0.2158
            ]
        },
        "collider2": {
            "type": "Cylinder",
            "collider2origin": [
                [
                    0.39595703091613405,
                    0.8252336825915302,
                    -0.40274979675289835,
                    0.09338452323856257
                ],
                [
                    0.2993755722493021,
                    0.2986211983751062,
                    0.9062006657586482,
                    -0.40245557039753255
                ],
                [
                    0.8680969395225868,
                    -0.47938997590420773,
                    -0.12881364288801336,
                    0.9278502561564498
                ],
                [
                    0.0,
                    0.0,
                    0.0,
                    1.0
                ]
            ],
            "radius": 0.00713,
            "height": 0.01697
        },
        "distance": 0.00042025610155662843
    }
]