[
    {
        "case": 0,
        "collider1": {
            "type": "Box",
            "collider2origin": [
                [
                    1.0,
                    0.0,
                    0.0,
                    0.16
                ],
                [
                    0.0,
                    1.0,
                    0.0,
                    -0.3541
                ],
                [
                    0.0,
                    0.0,
                    1.0,
                    0.994
                ],
                [
                    0.0,
                    0.0,
                    0.0,
                    1.0
                ]
            ],
            "size": [
                0.032,
                0.085,
                0.01
            ]
        },
        "collider2": {
            "type": "Box",
            "collider2origin": [
                [
                    0.3529803188586458,
                    -0.801616582117179,
                    0.48250984422415727,
                    0.004788218195763181
                ],
                [
                    -0.47330440982486144,
                    -0.5978384859145843,
                    -0.6469714679950708,
                    -0.2983721958324485
                ],
                [
                    0.8070860116113947,
                    -5.841989854467562e-06,
                    -0.590433882688894,
                    0.9501070875553066
                ],
                [
                    0.0,
                    0.0,
                    0.0,
                    1.0
                ]
            ],
            "size": [
                0.15068,
                0.17726,
                0.74884
            ]
        },
        "distance": 0.01832286458042171
    },
    {
        "case": 1,
        "collider1": {
            "type": "Box",
            "collider2origin": [
                [
                    1.0,
                    0.0,
                    0.0,
                    0.11800000000000002
                ],
                [
                    0.0,
                    1.0,
                    0.0,
                    -0.3541
                ],
                [
                    0.0,
                    0.0,
                    1.0,
                    0.994
                ],
                [
                    0.0,
                    0.0,
                    0.0,
                    1.0
                ]
            ],
            "size": [
                0.03,
                0.085,
                0.01
            ]
        },
        "collider2": {
            "type": "Box",
            "collider2origin": [
                [
                    0.3529803188586458,
                    -0.801616582117179,
                    0.48250984422415727,
                    0.004788218195763181
                ],
                [
                    -0.47330440982486144,
                    -0.5978384859145843,
                    -0.6469714679950708,
                    -0.2983721958324485
                ],
                [
                    0.8070860116113947,
                    -5.841989854467562e-06,
                    -0.590433882688894,
                    0.9501070875553066
                ],
                [
                    0.0,
                    0.0,
                    0.0,
                    1.0
                ]
            ],
            "size": [
                0.15068,
                0.17726,
                0.74884
            ]
        },
        "distance": 0.0
    },
    {
        "case": 2,
        "collider1": {
            "type": "Cylinder",
            "collider2origin": [
                [
                    1.0,
                    0.0,
                    0.0,
                    0.064
                ],
                [
                    0.0,
                    1.0,
                    0.0,
                    -0.339
                ],
                [
                    0.0,
                    0.0,
                    1.0,
                    0.9855
                ],
                [
                    0.0,
                    0.0,
                    0.0,
                    1.0
                ]
            ],
            "radius": 0.004,
            "height": 0.027
        },
        "collider2": {
            "type": "Box",
            "collider2origin": [
                [
                    0.3529803188586458,
                    -0.801616582117179,
                    0.48250984422415727,
                    0.004788218195763181
                ],
                [
                    -0.47330440982486144,
                    -0.5978384859145843,
                    -0.6469714679950708,
                    -0.2983721958324485
                ],
                [
                    0.8070860116113947,
                    -5.841989854467562e-06,
                    -0.590433882688894,
                    0.9501070875553066
                ],
                [
                    0.0,
                    0.0,
                    0.0,
                    1.0
                ]
            ],
            "size": [
                0.15068,
                0.17726,
                0.74884
            ]
        },
        "distance": 0.0
    },
    {
        "case": 3,
        "collider1": {
            "type": "Cylinder",
            "collider2origin": [
                [
                    1.0,
                    0.0,
                    0.0,
                    0.1585
                ],
                [
                    0.0,
                    1.0,
                    0.0,
                    -0.3215
                ],
                [
                    0.0,
                    0.0,
                    1.0,
                    0.9905
                ],
                [
                    0.0,
                    0.0,
                    0.0,
                    1.0
                ]
            ],
            "radius": 0.005,
            "height": 0.027
        },
        "collider2": {
            "type": "Box",
            "collider2origin": [
                [
                    0.3529803188586458,
                    -0.801616582117179,
                    0.48250984422415727,
                    0.004788218195763181
                ],
                [
                    -0.47330440982486144,
                    -0.5978384859145843,
                    -0.6469714679950708,
                    -0.2983721958324485
                ],
                [
                    0.8070860116113947,
                    -5.841989854467562e-06,
                    -0.590433882688894,
                    0.9501070875553066
                ],
                [
                    0.0,
                    0.0,
                    0.0,
                    1.0
                ]
            ],
            "size": [
                0.15068,
                0.17726,
                0.74884
            ]
        },
        "distance": 0.019221710816240464
    },
    {
        "case": 4,
        "collider1": {
            "type": "Cylinder",
            "collider2origin": [
                [
                    1.0,
                    0.0,
                    0.0,
                    0.11849999999999997
                ],
                [
                    0.0,
                    1.0,
                    0.0,
                    -0.3215
                ],
                [
                    0.0,
                    0.0,
                    1.0,
                    0.9905
                ],
                [
                    0.0,
                    0.0,
                    0.0,
                    1.0
                ]
            ],
            "radius": 0.005,
            "height": 0.027
        },
        "collider2": {
            "type": "Box",
            "collider2origin": [
                [
                    0.3529803188586458,
                    -0.801616582117179,
                    0.48250984422415727,
                    0.004788218195763181
                ],
                [
                    -0.47330440982486144,
                    -0.5978384859145843,
                    -0.6469714679950708,
                    -0.2983721958324485
                ],
                [
                    0.8070860116113947,
                    -5.841989854467562e-06,
                    -0.590433882688894,
                    0.9501070875553066
                ],
                [
                    0.0,
                    0.0,
                    0.0,
                    1.0
                ]
            ],
            "size": [
                0.15068,
                0.17726,
                0.74884
            ]
        },
        "distance": 0.0
    },
    {
        "case": 5,
        "collider1": {
            "type": "Box",
            "collider2origin": [
                [
                    1.0,
                    0.0,
                    0.0,
                    0.094
                ],
                [
                    0.0,
                    1.0,
                    0.0,
                    -0.3175
                ],
                [
                    0.0,
                    0.0,
                    1.0,
                    0.994
                ],
                [
                    0.0,
                    0.0,
                    0.0,
                    1.0
                ]
            ],
            "size": [
                0.018,
                0.0116,
                0.01
            ]
        },
        "collider2": {
            "type": "Box",
            "collider2origin": [
                [
                    0.3529803188586458,
                    -0.801616582117179,
                    0.48250984422415727,
                    0.004788218195763181
                ],
                [
                    -0.47330440982486144,
                    -0.5978384859145843,
                    -0.6469714679950708,
                    -0.2983721958324485
                ],
                [
                    0.8070860116113947,
                    -5.841989854467562e-06,
                    -0.590433882688894,
                    0.9501070875553066
                ],
                [
                    0.0,
                    0.0,
                    0.0,
                    1.0
                ]
            ],
            "size": [
                0.15068,
                0.17726,
                0.74884
            ]
        },
        "distance": 0.0
    },
    {
        "case": 6,
        "collider1": {
            "type": "Cylinder",
            "collider2origin": [
                [
                    1.0,
                    0.0,
                    0.0,
                    0.1585
                ],
                [
                    0.0,
                    1.0,
                    0.0,
                    -0.386
                ],
                [
                    0.0,
                    0.0,
                    1.0,
                    0.9905
                ],
                [
                    0.0,
                    0.0,
                    0.0,
                    1.0
                ]
            ],
            "radius": 0.005,
            "height": 0.027
        },
        "collider2": {
            "type": "Box",
            "collider2origin": [
                [
                    0.3529803188586458,
                    -0.801616582117179,
                    0.48250984422415727,
                    0.004788218195763181
                ],
                [
                    -0.47330440982486144,
                    -0.5978384859145843,
                    -0.6469714679950708,
                    -0.2983721958324485
                ],
                [
                    0.8070860116113947,
                    -5.841989854467562e-06,
                    -0.590433882688894,
                    0.9501070875553066
                ],
                [
                    0.0,
                    0.0,
                    0.0,
                    1.0
                ]
            ],
            "size": [
                0.15068,
                0.17726,
                0.74884
            ]
        },
        "distance": 0.03914458392137469
    },
    {
        "case": 7,
        "collider1": {
            "type": "Cylinder",
            "collider2origin": [
                [
                    1.0,
                    0.0,
                    0.0,
                    0.064
                ],
                [
                    0.0,
                    1.0,
                    0.0,
                    -0.369
                ],
                [
                    0.0,
                    0.0,
                    1.0,
                    0.9855
                ],
                [
                    0.0,
                    0.0,
                    0.0,
                    1.0
                ]
            ],
            "radius": 0.004,
            "height": 0.027
        },
        "collider2": {
            "type": "Box",
            "collider2origin": [
                [
                    0.3529803188586458,
                    -0.801616582117179,
                    0.48250984422415727,
                    0.004788218195763181
                ],
                [
                    -0.47330440982486144,
                    -0.5978384859145843,
                    -0.6469714679950708,
                    -0.2983721958324485
                ],
                [
                    0.8070860116113947,
                    -5.841989854467562e-06,
                    -0.590433882688894,
                    0.9501070875553066
                ],
                [
                    0.0,
                    0.0,
                    0.0,
                    1.0
                ]
            ],
            "size": [
                0.15068,
                0.17726,
                0.74884
            ]
        },
        "distance": 0.0
    },
    {
        "case": 8,
        "collider1": {
            "type": "Cylinder",
            "collider2origin": [
                [
                    1.0,
                    0.0,
                    0.0,
                    0.11849999999999997
                ],
                [
                    0.0,
                    1.0,
                    0.0,
                    -0.386
                ],
                [
                    0.0,
                    0.0,
                    1.0,
                    0.9905
                ],
                [
                    0.0,
                    0.0,
                    0.0,
                    1.0
                ]
            ],
            "radius": 0.005,
            "height": 0.027
        },
        "collider2": {
            "type": "Box",
            "collider2origin": [
                [
                    0.3529803188586458,
                    -0.801616582117179,
                    0.48250984422415727,
                    0.004788218195763181
                ],
                [
                    -0.47330440982486144,
                    -0.5978384859145843,
                    -0.6469714679950708,
                    -0.2983721958324485
                ],
                [
                    0.8070860116113947,
                    -5.841989854467562e-06,
                    -0.590433882688894,
                    0.9501070875553066
                ],
                [
                    0.0,
                    0.0,
                    0.0,
                    1.0
                ]
            ],
            "size": [
                0.15068,
                0.17726,
                0.74884
            ]
        },
        "distance": 0.025025371167028854
    },
    {
        "case": 9,
        "collider1": {
            "type": "Box",
            "collider2origin": [
                [
                    1.0,
                    0.0,
                    0.0,
                    0.18499999999999997
                ],
                [
                    0.0,
                    1.0,
                    0.0,
                    -0.3175
                ],
                [
                    0.0,
                    0.0,
                    1.0,
                    0.994
                ],
                [
                    0.0,
                    0.0,
                    0.0,
                    1.0
                ]
            ],
            "size": [
                0.018,
                0.0116,
                0.01
            ]
        },
        "collider2": {
            "type": "Box",
            "collider2origin": [
                [
                    0.3529803188586458,
                    -0.801616582117179,
                    0.48250984422415727,
                    0.004788218195763181
                ],
                [
                    -0.47330440982486144,
                    -0.5978384859145843,
                    -0.6469714679950708,
                    -0.2983721958324485
                ],
                [
                    0.8070860116113947,
                    -5.841989854467562e-06,
                    -0.590433882688894,
                    0.9501070875553066
                ],
                [
                    0.0,
                    0.0,
                    0.0,
                    1.0
                ]
            ],
            "size": [
                0.15068,
                0.17726,
                0.74884
            ]
        },
        "distance": 0.04400594327704069
    },
    {
        "case": 10,
        "collider1": {
            "type": "Cylinder",
            "collider2origin": [
                [
                    1.0,
                    0.0,
                    0.0,
                    0.23600000000000002
                ],
                [
                    0.0,
                    1.0,
                    0.0,
                    -0.369
                ],
                [
                    0.0,
                    0.0,
                    1.0,
                    0.9855
                ],
                [
                    0.0,
                    0.0,
                    0.0,
                    1.0
                ]
            ],
            "radius": 0.004,
            "height": 0.027
        },
        "collider2": {
            "type": "Box",
            "collider2origin": [
                [
                    0.3529803188586458,
                    -0.801616582117179,
                    0.48250984422415727,
                    0.004788218195763181
                ],
                [
                    -0.47330440982486144,
                    -0.5978384859145843,
                    -0.6469714679950708,
                    -0.2983721958324485
                ],
                [
                    0.8070860116113947,
                    -5.841989854467562e-06,
                    -0.590433882688894,
                    0.9501070875553066
                ],
                [
                    0.0,
                    0.0,
                    0.0,
                    1.0
                ]
            ],
            "size": [
                0.15068,
                0.17726,
                0.74884
            ]
        },
        "distance": 0.07589637225509174
    },
    {
        "case": 11,
        "collider1": {
            "type": "Box",
            "collider2origin": [
                [
                    1.0,
                    0.0,
                    0.0,
                    0.149
                ],
                [
                    0.0,
                    1.0,
                    0.0,
                    -0.354
                ],
                [
                    0.0,
                    0.0,
                    1.0,
                    0.865
                ],
                [
                    0.0,
                    0.0,
                    0.0,
                    1.0
                ]
            ],
            "size": [
                0.1,
                0.085,
                0.2158
            ]
        },
        "collider2": {
            "type": "Box",
            "collider2origin": [
                [
                    0.3529803188586458,
                    -0.801616582117179,
                    0.48250984422415727,
                    0.004788218195763181
                ],
                [
                    -0.47330440982486144,
                    -0.5978384859145843,
                    -0.6469714679950708,
                    -0.2983721958324485
                ],
                [
                    0.8070860116113947,
                    -5.841989854467562e-06,
                    -0.590433882688894,
                    0.9501070875553066
                ],
                [
                    0.0,
                    0.0,
                    0.0,
                    1.0
                ]
            ],
            "size": [
                0.15068,
                0.17726,
                0.74884
            ]
        },
        "distance": 0.0
    },
    {
        "case": 12,
        "collider1": {
            "type": "Box",
            "collider2origin": [
                [
                    1.0,
                    0.0,
                    0.0,
                    -0.01200000000000001
                ],
                [
                    0.0,
                    1.0,
                    0.0,
                    0.15750000000000003
                ],
                [
                    0.0,
                    0.0,
                    1.0,
                    0.335
                ],
                [
                    0.0,
                    0.0,
                    0.0,
                    1.0
                ]
            ],
            "size": [
                1.6,
                1.586,
                0.76
            ]
        },
        "collider2": {
            "type": "Box",
            "collider2origin": [
                [
                    0.3529803188586458,
                    -0.801616582117179,
                    0.48250984422415727,
                    0.004788218195763181
                ],
                [
                    -0.47330440982486144,
                    -0.5978384859145843,
                    -0.6469714679950708,
                    -0.2983721958324485
                ],
                [
                    0.8070860116113947,
                    -5.841989854467562e-06,
                    -0.590433882688894,
                    0.9501070875553066
                ],
                [
                    0.0,
                    0.0,
                    0.0,
                    1.0
                ]
            ],
            "size": [
                0.15068,
                0.17726,
                0.74884
            ]
        },
        "distance": 0.0
    },
    {
        "case": 13,
        "collider1": {
            "type": "Box",
            "collider2origin": [
                [
                    1.0,
                    0.0,
                    0.0,
                    0.07799999999999999
                ],
                [
                    0.0,
                    1.0,
                    0.0,
                    -0.315
                ],
                [
                    0.0,
                    0.0,
                    1.0,
                    0.75
                ],
                [
                    0.0,
                    0.0,
                    0.0,
                    1.0
                ]
            ],
            "size": [
                1.76,
                0.64,
                0.06
            ]
        },
        "collider2": {
            "type": "Box",
            "collider2origin": [
                [
                    0.3529803188586458,
                    -0.801616582117179,
                    0.48250984422415727,
                    0.004788218195763181
                ],
                [
                    -0.47330440982486144,
                    -0.5978384859145843,
                    -0.6469714679950708,
                    -0.2983721958324485
                ],
                [
                    0.8070860116113947,
                    -5.841989854467562e-06,
                    -0.590433882688894,
                    0.9501070875553066
                ],
                [
                    0.0,
                    0.0,
                    0.0,
                    1.0
                ]
            ],
            "size": [
                0.15068,
                0.17726,
                0.74884
            ]
        },
        "distance": 0.0
    },
    {
        "case": 14,
        "collider1": {
            "type": "Box",
            "collider2origin": [
                [
                    1.0,
                    0.0,
                    0.0,
                    0.16
                ],
                [
                    0.0,
                    1.0,
                    0.0,
                    -0.3541
                ],
                [
                    0.0,
                    0.0,
                    1.0,
                    0.994
                ],
                [
                    0.0,
                    0.0,
                    0.0,
                    1.0
                ]
            ],
            "size": [
                0.032,
                0.085,
                0.01
            ]
        },
        "collider2": {
            "type": "Box",
            "collider2origin": [
                [
                    0.3529803188586458,
                    -0.801616582117179,
                    0.48250984422415727,
                    0.004788218195763181
                ],
                [
                    -0.47330440982486144,
                    -0.5978384859145843,
                    -0.6469714679950708,
                    -0.2983721958324485
                ],
                [
                    0.8070860116113947,
                    -5.841989854467562e-06,
                    -0.590433882688894,
                    0.9501070875553066
                ],
                [
                    0.0,
                    0.0,
                    0.0,
                    1.0
                ]
            ],
            "size": [
                0.15068,
                0.17726,
                0.74884
            ]
        },
        "distance": 0.01832286458042171
    },
    {
        "case": 15,
        "collider1": {
            "type": "Box",
            "collider2origin": [
                [
                    1.0,
                    0.0,
                    0.0,
                    0.11800000000000002
                ],
                [
                    0.0,
                    1.0,
                    0.0,
                    -0.3541
                ],
                [
                    0.0,
                    0.0,
                    1.0,
                    0.994
                ],
                [
                    0.0,
                    0.0,
                    0.0,
                    1.0
                ]
            ],
            "size": [
                0.03,
                0.085,
                0.01
            ]
        },
        "collider2": {
            "type": "Box",
            "collider2origin": [
                [
                    0.3529803188586458,
                    -0.801616582117179,
                    0.48250984422415727,
                    0.004788218195763181
                ],
                [
                    -0.47330440982486144,
                    -0.5978384859145843,
                    -0.6469714679950708,
                    -0.2983721958324485
                ],
                [
                    0.8070860116113947,
                    -5.841989854467562e-06,
                    -0.590433882688894,
                    0.9501070875553066
                ],
                [
                    0.0,
                    0.0,
                    0.0,
                    1.0
                ]
            ],
            "size": [
                0.15068,
                0.17726,
                0.74884
            ]
        },
        "distance": 0.0
    },
    {
        "case": 16,
        "collider1": {
            "type": "Cylinder",
            "collider2origin": [
                [
                    1.0,
                    0.0,
                    0.0,
                    0.064
                ],
                [
                    0.0,
                    1.0,
                    0.0,
                    -0.339
                ],
                [
                    0.0,
                    0.0,
                    1.0,
                    0.9855
                ],
                [
                    0.0,
                    0.0,
                    0.0,
                    1.0
                ]
            ],
            "radius": 0.004,
            "height": 0.027
        },
        "collider2": {
            "type": "Box",
            "collider2origin": [
                [
                    0.3529803188586458,
                    -0.801616582117179,
                    0.48250984422415727,
                    0.004788218195763181
                ],
                [
                    -0.47330440982486144,
                    -0.5978384859145843,
                    -0.6469714679950708,
                    -0.2983721958324485
                ],
                [
                    0.8070860116113947,
                    -5.841989854467562e-06,
                    -0.590433882688894,
                    0.9501070875553066
                ],
                [
                    0.0,
                    0.0,
                    0.0,
                    1.0
                ]
            ],
            "size": [
                0.15068,
                0.17726,
                0.74884
            ]
        },
        "distance": 0.0
    },
    {
        "case": 17,
        "collider1": {
            "type": "Cylinder",
            "collider2origin": [
                [
                    1.0,
                    0.0,
                    0.0,
                    0.1585
                ],
                [
                    0.0,
                    1.0,
                    0.0,
                    -0.3215
                ],
                [
                    0.0,
                    0.0,
                    1.0,
                    0.9905
                ],
                [
                    0.0,
                    0.0,
                    0.0,
                    1.0
                ]
            ],
            "radius": 0.005,
            "height": 0.027
        },
        "collider2": {
            "type": "Box",
            "collider2origin": [
                [
                    0.3529803188586458,
                    -0.801616582117179,
                    0.48250984422415727,
                    0.004788218195763181
                ],
                [
                    -0.47330440982486144,
                    -0.5978384859145843,
                    -0.6469714679950708,
                    -0.2983721958324485
                ],
                [
                    0.8070860116113947,
                    -5.841989854467562e-06,
                    -0.590433882688894,
                    0.9501070875553066
                ],
                [
                    0.0,
                    0.0,
                    0.0,
                    1.0
                ]
            ],
            "size": [
                0.15068,
                0.17726,
                0.74884
            ]
        },
        "distance": 0.019221710816240464
    },
    {
        "case": 18,
        "collider1": {
            "type": "Cylinder",
            "collider2origin": [
                [
                    1.0,
                    0.0,
                    0.0,
                    0.11849999999999997
                ],
                [
                    0.0,
                    1.0,
                    0.0,
                    -0.3215
                ],
                [
                    0.0,
                    0.0,
                    1.0,
                    0.9905
                ],
                [
                    0.0,
                    0.0,
                    0.0,
                    1.0
                ]
            ],
            "radius": 0.005,
            "height": 0.027
        },
        "collider2": {
            "type": "Box",
            "collider2origin": [
                [
                    0.3529803188586458,
                    -0.801616582117179,
                    0.48250984422415727,
                    0.004788218195763181
                ],
                [
                    -0.47330440982486144,
                    -0.5978384859145843,
                    -0.6469714679950708,
                    -0.2983721958324485
                ],
                [
                    0.8070860116113947,
                    -5.841989854467562e-06,
                    -0.590433882688894,
                    0.9501070875553066
                ],
                [
                    0.0,
                    0.0,
                    0.0,
                    1.0
                ]
            ],
            "size": [
                0.15068,
                0.17726,
                0.74884
            ]
        },
        "distance": 0.0
    },
    {
        "case": 19,
        "collider1": {
            "type": "Box",
            "collider2origin": [
                [
                    1.0,
                    0.0,
                    0.0,
                    0.094
                ],
                [
                    0.0,
                    1.0,
                    0.0,
                    -0.3175
                ],
                [
                    0.0,
                    0.0,
                    1.0,
                    0.994
                ],
                [
                    0.0,
                    0.0,
                    0.0,
                    1.0
                ]
            ],
            "size": [
                0.018,
                0.0116,
                0.01
            ]
        },
        "collider2": {
            "type": "Box",
            "collider2origin": [
                [
                    0.3529803188586458,
                    -0.801616582117179,
                    0.48250984422415727,
                    0.004788218195763181
                ],
                [
                    -0.47330440982486144,
                    -0.5978384859145843,
                    -0.6469714679950708,
                    -0.2983721958324485
                ],
                [
                    0.8070860116113947,
                    -5.841989854467562e-06,
                    -0.590433882688894,
                    0.9501070875553066
                ],
                [
                    0.0,
                    0.0,
                    0.0,
                    1.0
                ]
            ],
            "size": [
                0.15068,
                0.17726,
                0.74884
            ]
        },
        "distance": 0.0
    },
    {
        "case": 20,
        "collider1": {
            "type": "Cylinder",
            "collider2origin": [
                [
                    1.0,
                    0.0,
                    0.0,
                    0.1585
                ],
                [
                    0.0,
                    1.0,
                    0.0,
                    -0.386
                ],
                [
                    0.0,
                    0.0,
                    1.0,
                    0.9905
                ],
                [
                    0.0,
                    0.0,
                    0.0,
                    1.0
                ]
            ],
            "radius": 0.005,
            "height": 0.027
        },
        "collider2": {
            "type": "Box",
            "collider2origin": [
                [
                    0.3529803188586458,
                    -0.801616582117179,
                    0.48250984422415727,
                    0.004788218195763181
                ],
                [
                    -0.47330440982486144,
                    -0.5978384859145843,
                    -0.6469714679950708,
                    -0.2983721958324485
                ],
                [
                    0.8070860116113947,
                    -5.841989854467562e-06,
                    -0.590433882688894,
                    0.9501070875553066
                ],
                [
                    0.0,
                    0.0,
                    0.0,
                    1.0
                ]
            ],
            "size": [
                0.15068,
                0.17726,
                0.74884
            ]
        },
        "distance": 0.03914458392137469
    },
    {
        "case": 21,
        "collider1": {
            "type": "Cylinder",
            "collider2origin": [
                [
                    1.0,
                    0.0,
                    0.0,
                    0.064
                ],
                [
                    0.0,
                    1.0,
                    0.0,
                    -0.369
                ],
                [
                    0.0,
                    0.0,
                    1.0,
                    0.9855
                ],
                [
                    0.0,
                    0.0,
                    0.0,
                    1.0
                ]
            ],
            "radius": 0.004,
            "height": 0.027
        },
        "collider2": {
            "type": "Box",
            "collider2origin": [
                [
                    0.3529803188586458,
                    -0.801616582117179,
                    0.48250984422415727,
                    0.004788218195763181
                ],
                [
                    -0.47330440982486144,
                    -0.5978384859145843,
                    -0.6469714679950708,
                    -0.2983721958324485
                ],
                [
                    0.8070860116113947,
                    -5.841989854467562e-06,
                    -0.590433882688894,
                    0.9501070875553066
                ],
                [
                    0.0,
                    0.0,
                    0.0,
                    1.0
                ]
            ],
            "size": [
                0.15068,
                0.17726,
                0.74884
            ]
        },
        "distance": 0.0
    },
    {
        "case": 22,
        "collider1": {
            "type": "Cylinder",
            "collider2origin": [
                [
                    1.0,
                    0.0,
                    0.0,
                    0.11849999999999997
                ],
                [
                    0.0,
                    1.0,
                    0.0,
                    -0.386
                ],
                [
                    0.0,
                    0.0,
                    1.0,
                    0.9905
                ],
                [
                    0.0,
                    0.0,
                    0.0,
                    1.0
                ]
            ],
            "radius": 0.005,
            "height": 0.027
        },
        "collider2": {
            "type": "Box",
            "collider2origin": [
                [
                    0.3529803188586458,
                    -0.801616582117179,
                    0.48250984422415727,
                    0.004788218195763181
                ],
                [
                    -0.47330440982486144,
                    -0.5978384859145843,
                    -0.6469714679950708,
                    -0.2983721958324485
                ],
                [
                    0.8070860116113947,
                    -5.841989854467562e-06,
                    -0.590433882688894,
                    0.9501070875553066
                ],
                [
                    0.0,
                    0.0,
                    0.0,
                    1.0
                ]
            ],
            "size": [
                0.15068,
                0.17726,
                0.74884
            ]
        },
        "distance": 0.025025371167028854
    },
    {
        "case": 23,
        "collider1": {
            "type": "Box",
            "collider2origin": [
                [
                    1.0,
                    0.0,
                    0.0,
                    0.18499999999999997
                ],
                [
                    0.0,
                    1.0,
                    0.0,
                    -0.3175
                ],
                [
                    0.0,
                    0.0,
                    1.0,
                    0.994
                ],
                [
                    0.0,
                    0.0,
                    0.0,
                    1.0
                ]
            ],
            "size": [
                0.018,
                0.0116,
                0.01
            ]
        },
        "collider2": {
            "type": "Box",
            "collider2origin": [
                [
                    0.3529803188586458,
                    -0.801616582117179,
                    0.48250984422415727,
                    0.004788218195763181
                ],
                [
                    -0.47330440982486144,
                    -0.5978384859145843,
                    -0.6469714679950708,
                    -0.2983721958324485
                ],
                [
                    0.8070860116113947,
                    -5.841989854467562e-06,
                    -0.590433882688894,
                    0.9501070875553066
                ],
                [
                    0.0,
                    0.0,
                    0.0,
                    1.0
                ]
            ],
            "size": [
                0.15068,
                0.17726,
                0.74884
            ]
        },
        "distance": 0.04400594327704069
    },
    {
        "case": 24,
        "collider1": {
            "type": "Cylinder",
            "collider2origin": [
                [
                    1.0,
                    0.0,
                    0.0,
                    0.23600000000000002
                ],
                [
                    0.0,
                    1.0,
                    0.0,
                    -0.369
                ],
                [
                    0.0,
                    0.0,
                    1.0,
                    0.9855
                ],
                [
                    0.0,
                    0.0,
                    0.0,
                    1.0
                ]
            ],
            "radius": 0.004,
            "height": 0.027
        },
        "collider2": {
            "type": "Box",
            "collider2origin": [
                [
                    0.3529803188586458,
                    -0.801616582117179,
                    0.48250984422415727,
                    0.004788218195763181
                ],
                [
                    -0.47330440982486144,
                    -0.5978384859145843,
                    -0.6469714679950708,
                    -0.2983721958324485
                ],
                [
                    0.8070860116113947,
                    -5.841989854467562e-06,
                    -0.590433882688894,
                    0.9501070875553066
                ],
                [
                    0.0,
                    0.0,
                    0.0,
                    1.0
                ]
            ],
            "size": [
                0.15068,
                0.17726,
                0.74884
            ]
        },
        "distance": 0.07589637225509174
    },
    {
        "case": 25,
        "collider1": {
            "type": "Box",
            "collider2origin": [
                [
                    1.0,
                    0.0,
                    0.0,
                    0.149
                ],
                [
                    0.0,
                    1.0,
                    0.0,
                    -0.354
                ],
                [
                    0.0,
                    0.0,
                    1.0,
                    0.865
                ],
                [
                    0.0,
                    0.0,
                    0.0,
                    1.0
                ]
            ],
            "size": [
                0.1,
                0.085,
                0.2158
            ]
        },
        "collider2": {
            "type": "Box",
            "collider2origin": [
                [
                    0.3529803188586458,
                    -0.801616582117179,
                    0.48250984422415727,
                    0.004788218195763181
                ],
                [
                    -0.47330440982486144,
                    -0.5978384859145843,
                    -0.6469714679950708,
                    -0.2983721958324485
                ],
                [
                    0.8070860116113947,
                    -5.841989854467562e-06,
                    -0.590433882688894,
                    0.9501070875553066
                ],
                [
                    0.0,
                    0.0,
                    0.0,
                    1.0
                ]
            ],
            "size": [
                0.15068,
                0.17726,
                0.74884
            ]
        },
        "distance": 0.0
    },
    {
        "case": 26,
        "collider1": {
            "type": "Box",
            "collider2origin": [
                [
                    1.0,
                    0.0,
                    0.0,
                    -0.01200000000000001
                ],
                [
                    0.0,
                    1.0,
                    0.0,
                    0.15750000000000003
                ],
                [
                    0.0,
                    0.0,
                    1.0,
                    0.335
                ],
                [
                    0.0,
                    0.0,
                    0.0,
                    1.0
                ]
            ],
            "size": [
                1.6,
                1.586,
                0.76
            ]
        },
        "collider2": {
            "type": "Box",
            "collider2origin": [
                [
                    0.3529803188586458,
                    -0.801616582117179,
                    0.48250984422415727,
                    0.004788218195763181
                ],
                [
                    -0.47330440982486144,
                    -0.5978384859145843,
                    -0.6469714679950708,
                    -0.2983721958324485
                ],
                [
                    0.8070860116113947,
                    -5.841989854467562e-06,
                    -0.590433882688894,
                    0.9501070875553066
                ],
                [
                    0.0,
                    0.0,
                    0.0,
                    1.0
                ]
            ],
            "size": [
                0.15068,
                0.17726,
                0.74884
            ]
        },
        "distance": 0.0
    },
    {
        "case": 27,
        "collider1": {
            "type": "Box",
            "collider2origin": [
                [
                    1.0,
                    0.0,
                    0.0,
                    0.07799999999999999
                ],
                [
                    0.0,
                    1.0,
                    0.0,
                    -0.315
                ],
                [
                    0.0,
                    0.0,
                    1.0,
                    0.75
                ],
                [
                    0.0,
                    0.0,
                    0.0,
                    1.0
                ]
            ],
            "size": [
                1.76,
                0.64,
                0.06
            ]
        },
        "collider2": {
            "type": "Box",
            "collider2origin": [
                [
                    0.3529803188586458,
                    -0.801616582117179,
                    0.48250984422415727,
                    0.004788218195763181
                ],
                [
                    -0.47330440982486144,
                    -0.5978384859145843,
                    -0.6469714679950708,
                    -0.2983721958324485
                ],
                [
                    0.8070860116113947,
                    -5.841989854467562e-06,
                    -0.590433882688894,
                    0.9501070875553066
                ],
                [
                    0.0,
                    0.0,
                    0.0,
                    1.0
                ]
            ],
            "size": [
                0.15068,
                0.17726,
                0.74884
            ]
        },
        "distance": 0.0
    },
    {
        "case": 28,
        "collider1": {
            "type": "Box",
            "collider2origin": [
                [
                    1.0,
                    0.0,
                    0.0,
                    0.16
                ],
                [
                    0.0,
                    1.0,
                    0.0,
                    -0.3541
                ],
                [
                    0.0,
                    0.0,
                    1.0,
                    0.994
                ],
                [
                    0.0,
                    0.0,
                    0.0,
                    1.0
                ]
            ],
            "size": [
                0.032,
                0.085,
                0.01
            ]
        },
        "collider2": {
            "type": "Box",
            "collider2origin": [
                [
                    -0.5968442228718869,
                    -0.8016184809090975,
                    -0.034420701466472074,
                    0.24704612972480477
                ],
                [
                    0.8002887208311014,
                    -0.5978359399241487,
                    0.04615357240267617,
                    -0.41187945833466294
                ],
                [
                    -0.05757548901201829,
                    -6.093275531292135e-09,
                    0.9983411556502249,
                    1.0458849489394269
                ],
                [
                    0.0,
                    0.0,
                    0.0,
                    1.0
                ]
            ],
            "size": [
                0.1202,
                0.13634,
                0.67816
            ]
        },
        "distance": 0.0
    },
    {
        "case": 29,
        "collider1": {
            "type": "Cylinder",
            "collider2origin": [
                [
                    1.0,
                    0.0,
                    0.0,
                    0.1585
                ],
                [
                    0.0,
                    1.0,
                    0.0,
                    -0.3215
                ],
                [
                    0.0,
                    0.0,
                    1.0,
                    0.9905
                ],
                [
                    0.0,
                    0.0,
                    0.0,
                    1.0
                ]
            ],
            "radius": 0.005,
            "height": 0.027
        },
        "collider2": {
            "type": "Box",
            "collider2origin": [
                [
                    -0.5968442228718869,
                    -0.8016184809090975,
                    -0.034420701466472074,
                    0.24704612972480477
                ],
                [
                    0.8002887208311014,
                    -0.5978359399241487,
                    0.04615357240267617,
                    -0.41187945833466294
                ],
                [
                    -0.05757548901201829,
                    -6.093275531292135e-09,
                    0.9983411556502249,
                    1.0458849489394269
                ],
                [
                    0.0,
                    0.0,
                    0.0,
                    1.0
                ]
            ],
            "size": [
                0.1202,
                0.13634,
                0.67816
            ]
        },
        "distance": 0.06249774772314936
    },
    {
        "case": 30,
        "collider1": {
            "type": "Cylinder",
            "collider2origin": [
                [
                    1.0,
                    0.0,
                    0.0,
                    0.1585
                ],
                [
                    0.0,
                    1.0,
                    0.0,
                    -0.386
                ],
                [
                    0.0,
                    0.0,
                    1.0,
                    0.9905
                ],
                [
                    0.0,
                    0.0,
                    0.0,
                    1.0
                ]
            ],
            "radius": 0.005,
            "height": 0.027
        },
        "collider2": {
            "type": "Box",
            "collider2origin": [
                [
                    -0.5968442228718869,
                    -0.8016184809090975,
                    -0.034420701466472074,
                    0.24704612972480477
                ],
                [
                    0.8002887208311014,
                    -0.5978359399241487,
                    0.04615357240267617,
                    -0.41187945833466294
                ],
                [
                    -0.05757548901201829,
                    -6.093275531292135e-09,
                    0.9983411556502249,
                    1.0458849489394269
                ],
                [
                    0.0,
                    0.0,
                    0.0,
                    1.0
                ]
            ],
            "size": [
                0.1202,
                0.13634,
                0.67816
            ]
        },
        "distance": 0.010879125229543332
    },
    {
        "case": 31,
        "collider1": {
            "type": "Box",
            "collider2origin": [
                [
                    1.0,
                    0.0,
                    0.0,
                    0.18499999999999997
                ],
                [
                    0.0,
                    1.0,
                    0.0,
                    -0.3175
                ],
                [
                    0.0,
                    0.0,
                    1.0,
                    0.994
                ],
                [
                    0.0,
                    0.0,
                    0.0,
                    1.0
                ]
            ],
            "size": [
                0.018,
                0.0116,
                0.01
            ]
        },
        "collider2": {
            "type": "Box",
            "collider2origin": [
                [
                    -0.5968442228718869,
                    -0.8016184809090975,
                    -0.034420701466472074,
                    0.24704612972480477
                ],
                [
                    0.8002887208311014,
                    -0.5978359399241487,
                    0.04615357240267617,
                    -0.41187945833466294
                ],
                [
                    -0.05757548901201829,
                    -6.093275531292135e-09,
                    0.9983411556502249,
                    1.0458849489394269
                ],
                [
                    0.0,
                    0.0,
                    0.0,
                    1.0
                ]
            ],
            "size": [
                0.1202,
                0.13634,
                0.67816
            ]
        },
        "distance": 0.04514884133701262
    },
    {
        "case": 32,
        "collider1": {
            "type": "Cylinder",
            "collider2origin": [
                [
                    1.0,
                    0.0,
                    0.0,
                    0.23600000000000002
                ],
                [
                    0.0,
                    1.0,
                    0.0,
                    -0.369
                ],
                [
                    0.0,
                    0.0,
                    1.0,
                    0.9855
                ],
                [
                    0.0,
                    0.0,
                    0.0,
                    1.0
                ]
            ],
            "radius": 0.004,
            "height": 0.027
        },
        "collider2": {
            "type": "Box",
            "collider2origin": [
                [
                    -0.5968442228718869,
                    -0.8016184809090975,
                    -0.034420701466472074,
                    0.24704612972480477
                ],
                [
                    0.8002887208311014,
                    -0.5978359399241487,
                    0.04615357240267617,
                    -0.41187945833466294
                ],
                [
                    -0.05757548901201829,
                    -6.093275531292135e-09,
                    0.9983411556502249,
                    1.0458849489394269
                ],
                [
                    0.0,
                    0.0,
                    0.0,
                    1.0
                ]
            ],
            "size": [
                0.1202,
                0.13634,
                0.67816
            ]
        },
        "distance": 0.0
    },
    {
        "case": 33,
        "collider1": {
            "type": "Box",
            "collider2origin": [
                [
                    1.0,
                    0.0,
                    0.0,
                    0.149
                ],
                [
                    0.0,
                    1.0,
                    0.0,
                    -0.354
                ],
                [
                    0.0,
                    0.0,
                    1.0,
                    0.865
                ],
                [
                    0.0,
                    0.0,
                    0.0,
                    1.0
                ]
            ],
            "size": [
                0.1,
                0.085,
                0.2158
            ]
        },
        "collider2": {
            "type": "Box",
            "collider2origin": [
                [
                    -0.5968442228718869,
                    -0.8016184809090975,
                    -0.034420701466472074,
                    0.24704612972480477
                ],
                [
                    0.8002887208311014,
                    -0.5978359399241487,
                    0.04615357240267617,
                    -0.41187945833466294
                ],
                [
                    -0.05757548901201829,
                    -6.093275531292135e-09,
                    0.9983411556502249,
                    1.0458849489394269
                ],
                [
                    0.0,
                    0.0,
                    0.0,
                    1.0
                ]
            ],
            "size": [
                0.1202,
                0.13634,
                0.67816
            ]
        },
        "distance": 0.0
    },
    {
        "case": 34,
        "collider1": {
            "type": "Box",
            "collider2origin": [
                [
                    1.0,
                    0.0,
                    0.0,
                    -0.01200000000000001
                ],
                [
                    0.0,
                    1.0,
                    0.0,
                    0.15750000000000003
                ],
                [
                    0.0,
                    0.0,
                    1.0,
                    0.335
                ],
                [
                    0.0,
                    0.0,
                    0.0,
                    1.0
                ]
            ],
            "size": [
                1.6,
                1.586,
                0.76
            ]
        },
        "collider2": {
            "type": "Box",
            "collider2origin": [
                [
                    -0.5968442228718869,
                    -0.8016184809090975,
                    -0.034420701466472074,
                    0.24704612972480477
                ],
                [
                    0.8002887208311014,
                    -0.5978359399241487,
                    0.04615357240267617,
                    -0.41187945833466294
                ],
                [
                    -0.05757548901201829,
                    -6.093275531292135e-09,
                    0.9983411556502249,
                    1.0458849489394269
                ],
                [
                    0.0,
                    0.0,
                    0.0,
                    1.0
                ]
            ],
            "size": [
                0.1202,
                0.13634,
                0.67816
            ]
        },
        "distance": 0.0
    },
    {
        "case": 35,
        "collider1": {
            "type": "Box",
            "collider2origin": [
                [
                    1.0,
                    0.0,
                    0.0,
                    0.07799999999999999
                ],
                [
                    0.0,
                    1.0,
                    0.0,
                    -0.315
                ],
                [
                    0.0,
                    0.0,
                    1.0,
                    0.75
                ],
                [
                    0.0,
                    0.0,
                    0.0,
                    1.0
                ]
            ],
            "size": [
                1.76,
                0.64,
                0.06
            ]
        },
        "collider2": {
            "type": "Box",
            "collider2origin": [
                [
                    -0.5968442228718869,
                    -0.8016184809090975,
                    -0.034420701466472074,
                    0.24704612972480477
                ],
                [
                    0.8002887208311014,
                    -0.5978359399241487,
                    0.04615357240267617,
                    -0.41187945833466294
                ],
                [
                    -0.05757548901201829,
                    -6.093275531292135e-09,
                    0.9983411556502249,
                    1.0458849489394269
                ],
                [
                    0.0,
                    0.0,
                    0.0,
                    1.0
                ]
            ],
            "size": [
                0.1202,
                0.13634,
                0.67816
            ]
        },
        "distance": 0.0
    }
]