[
    {
        "case": 0,
        "collider1": {
            "type": "Box",
            "collider2origin": [
                [
                    1.0,
                    0.0,
                    0.0,
                    -0.01200000000000001
                ],
                [
                    0.0,
                    1.0,
                    0.0,
                    0.15750000000000003
                ],
                [
                    0.0,
                    0.0,
                    1.0,
                    0.335
                ],
                [
                    0.0,
                    0.0,
                    0.0,
                    1.0
                ]
            ],
            "size": [
                1.6,
                1.586,
                0.76
            ]
        },
        "collider2": {
            "type": "Box",
            "collider2origin": [
                [
                    -0.24631078399302553,
                    -0.9142321695919933,
                    -0.3217305359642727,
                    -0.2262392112747866
                ],
                [
                    -0.9684487488420498,
                    0.21917721649662852,
                    0.11861015401329814,
                    -0.09162701968518694
                ],
                [
                    -0.0379212151046003,
                    0.3407944950434309,
                    -0.939372712821212,
                    0.004536615848800496
                ],
                [
                    0.0,
                    0.0,
                    0.0,
                    1.0
                ]
            ],
            "size": [
                0.09126,
                0.11887,
                0.10009
            ]
        },
        "distance": 0.0
    },
    {
        "case": 1,
        "collider1": {
            "type": "Box",
            "collider2origin": [
                [
                    1.0,
                    0.0,
                    0.0,
                    -0.01200000000000001
                ],
                [
                    0.0,
                    1.0,
                    0.0,
                    0.15750000000000003
                ],
                [
                    0.0,
                    0.0,
                    1.0,
                    0.335
                ],
                [
                    0.0,
                    0.0,
                    0.0,
                    1.0
                ]
            ],
            "size": [
                1.6,
                1.586,
                0.76
            ]
        },
        "collider2": {
            "type": "Sphere",
            "collider2origin": [
                [
                    1.0,
                    0.0,
                    0.0,
                    -0.4653076814457609
                ],
                [
                    0.0,
                    1.0,
                    0.0,
                    -0.08605446626609967
                ],
                [
                    0.0,
                    0.0,
                    1.0,
                    0.06359551647754236
                ],
                [
                    0.0,
                    0.0,
                    0.0,
                    1.0
                ]
            ],
            "radius": 0.00487
        },
        "distance": 0.0
    },
    {
        "case": 2,
        "collider1": {
            "type": "Box",
            "collider2origin": [
                [
                    1.0,
                    0.0,
                    0.0,
                    -0.01200000000000001
                ],
                [
                    0.0,
                    1.0,
                    0.0,
                    0.15750000000000003
                ],
                [
                    0.0,
                    0.0,
                    1.0,
                    0.335
                ],
                [
                    0.0,
                    0.0,
                    0.0,
                    1.0
                ]
            ],
            "size": [
                1.6,
                1.586,
                0.76
            ]
        },
        "collider2": {
            "type": "Cylinder",
            "collider2origin": [
                [
                    0.14814562525441527,
                    0.9747634699891625,
                    0.16700015357078202,
                    -0.4637902330512846
                ],
                [
                    -0.16317762377273665,
                    -0.14245625181620217,
                    0.9762577935250308,
                    -0.06984877586826177
                ],
                [
                    0.9754106503508463,
                    -0.17187900946062382,
                    0.13795531627658716,
                    0.06642654969874018
                ],
                [
                    0.0,
                    0.0,
                    0.0,
                    1.0
                ]
            ],
            "radius": 0.0076,
            "height": 0.02993
        },
        "distance": 0.0
    },
    {
        "case": 3,
        "collider1": {
            "type": "Box",
            "collider2origin": [
                [
                    1.0,
                    0.0,
                    0.0,
                    -0.01200000000000001
                ],
                [
                    0.0,
                    1.0,
                    0.0,
                    0.15750000000000003
                ],
                [
                    0.0,
                    0.0,
                    1.0,
                    0.335
                ],
                [
                    0.0,
                    0.0,
                    0.0,
                    1.0
                ]
            ],
            "size": [
                1.6,
                1.586,
                0.76
            ]
        },
        "collider2": {
            "type": "Cylinder",
            "collider2origin": [
                [
                    0.287548897653848,
                    0.31179947373651873,
                    0.9055919167239104,
                    -0.458049605476713
                ],
                [
                    -0.24165101179563572,
                    -0.891316177701635,
                    0.38361472842618044,
                    -0.033984789765160076
                ],
                [
                    0.9267795962127141,
                    -0.32914519523301056,
                    -0.18095032605337005,
                    0.09381291322091623
                ],
                [
                    0.0,
                    0.0,
                    0.0,
                    1.0
                ]
            ],
            "radius": 0.00683,
            "height": 0.01183
        },
        "distance": 0.0
    },
    {
        "case": 4,
        "collider1": {
            "type": "Box",
            "collider2origin": [
                [
                    1.0,
                    0.0,
                    0.0,
                    -0.01200000000000001
                ],
                [
                    0.0,
                    1.0,
                    0.0,
                    0.15750000000000003
                ],
                [
                    0.0,
                    0.0,
                    1.0,
                    0.335
                ],
                [
                    0.0,
                    0.0,
                    0.0,
                    1.0
                ]
            ],
            "size": [
                1.6,
                1.586,
                0.76
            ]
        },
        "collider2": {
            "type": "Box",
            "collider2origin": [
                [
                    0.8813919010172541,
                    -0.3458869454739986,
                    -0.3217305359642727,
                    -0.1878704294747362
                ],
                [
                    -0.3249144663831112,
                    -0.9382761964900951,
                    0.11861015401329814,
                    -0.10122232665589896
                ],
                [
                    -0.3428978074531378,
                    -7.123713746074024e-06,
                    -0.939372712821212,
                    0.10659139613035107
                ],
                [
                    0.0,
                    0.0,
                    0.0,
                    1.0
                ]
            ],
            "size": [
                0.09102,
                0.10007,
                0.11882
            ]
        },
        "distance": 0.0
    },
    {
        "case": 5,
        "collider1": {
            "type": "Box",
            "collider2origin": [
                [
                    1.0,
                    0.0,
                    0.0,
                    -0.01200000000000001
                ],
                [
                    0.0,
                    1.0,
                    0.0,
                    0.15750000000000003
                ],
                [
                    0.0,
                    0.0,
                    1.0,
                    0.335
                ],
                [
                    0.0,
                    0.0,
                    0.0,
                    1.0
                ]
            ],
            "size": [
                1.6,
                1.586,
                0.76
            ]
        },
        "collider2": {
            "type": "Cylinder",
            "collider2origin": [
                [
                    0.287548897653848,
                    0.31179947373651873,
                    0.9055919167239104,
                    -0.44326871596709927
                ],
                [
                    -0.24165101179563572,
                    -0.891316177701635,
                    0.38361472842618044,
                    -0.027728821386715362
                ],
                [
                    0.9267795962127141,
                    -0.32914519523301056,
                    -0.18095032605337005,
                    0.09085809259142152
                ],
                [
                    0.0,
                    0.0,
                    0.0,
                    1.0
                ]
            ],
            "radius": 0.00683,
            "height": 0.01782
        },
        "distance": 0.0
    },
    {
        "case": 6,
        "collider1": {
            "type": "Box",
            "collider2origin": [
                [
                    1.0,
                    0.0,
                    0.0,
                    -0.01200000000000001
                ],
                [
                    0.0,
                    1.0,
                    0.0,
                    0.15750000000000003
                ],
                [
                    0.0,
                    0.0,
                    1.0,
                    0.335
                ],
                [
                    0.0,
                    0.0,
                    0.0,
                    1.0
                ]
            ],
            "size": [
                1.6,
                1.586,
                0.76
            ]
        },
        "collider2": {
            "type": "Box",
            "collider2origin": [
                [
                    0.2854824894990826,
                    -0.9142299315899797,
                    0.2875471793886822,
                    -0.2954354370598292
                ],
                [
                    0.9452869071231984,
                    0.2191758931881911,
                    -0.24164972804995302,
                    -0.0749964448146795
                ],
                [
                    0.1579000044675863,
                    0.34080134980680393,
                    0.9267804640576948,
                    0.027346660846663262
                ],
                [
                    0.0,
                    0.0,
                    0.0,
                    1.0
                ]
            ],
            "size": [
                0.08993,
                0.0305,
                0.09007
            ]
        },
        "distance": 0.0
    },
    {
        "case": 7,
        "collider1": {
            "type": "Box",
            "collider2origin": [
                [
                    1.0,
                    0.0,
                    0.0,
                    -0.01200000000000001
                ],
                [
                    0.0,
                    1.0,
                    0.0,
                    0.15750000000000003
                ],
                [
                    0.0,
                    0.0,
                    1.0,
                    0.335
                ],
                [
                    0.0,
                    0.0,
                    0.0,
                    1.0
                ]
            ],
            "size": [
                1.6,
                1.586,
                0.76
            ]
        },
        "collider2": {
            "type": "Sphere",
            "collider2origin": [
                [
                    1.0,
                    0.0,
                    0.0,
                    -0.44344319448250163
                ],
                [
                    0.0,
                    1.0,
                    0.0,
                    -0.10225321530270395
                ],
                [
                    0.0,
                    0.0,
                    1.0,
                    0.12244466667109699
                ],
                [
                    0.0,
                    0.0,
                    0.0,
                    1.0
                ]
            ],
            "radius": 0.01051
        },
        "distance": 0.0
    },
    {
        "case": 8,
        "collider1": {
            "type": "Box",
            "collider2origin": [
                [
                    1.0,
                    0.0,
                    0.0,
                    -0.01200000000000001
                ],
                [
                    0.0,
                    1.0,
                    0.0,
                    0.15750000000000003
                ],
                [
                    0.0,
                    0.0,
                    1.0,
                    0.335
                ],
                [
                    0.0,
                    0.0,
                    0.0,
                    1.0
                ]
            ],
            "size": [
                1.6,
                1.586,
                0.76
            ]
        },
        "collider2": {
            "type": "Sphere",
            "collider2origin": [
                [
                    1.0,
                    0.0,
                    0.0,
                    -0.4285346135630212
                ],
                [
                    0.0,
                    1.0,
                    0.0,
                    0.044516572914912074
                ],
                [
                    0.0,
                    0.0,
                    1.0,
                    0.1442757632931888
                ],
                [
                    0.0,
                    0.0,
                    0.0,
                    1.0
                ]
            ],
            "radius": 0.00663
        },
        "distance": 0.0
    },
    {
        "case": 9,
        "collider1": {
            "type": "Box",
            "collider2origin": [
                [
                    1.0,
                    0.0,
                    0.0,
                    -0.01200000000000001
                ],
                [
                    0.0,
                    1.0,
                    0.0,
                    0.15750000000000003
                ],
                [
                    0.0,
                    0.0,
                    1.0,
                    0.335
                ],
                [
                    0.0,
                    0.0,
                    0.0,
                    1.0
                ]
            ],
            "size": [
                1.6,
                1.586,
                0.76
            ]
        },
        "collider2": {
            "type": "Cylinder",
            "collider2origin": [
                [
                    0.6150014926272448,
                    -0.11272176860608212,
                    0.7804274258049736,
                    -0.4128030620378535
                ],
                [
                    -0.6127413591621028,
                    -0.6912645478855176,
                    0.3830161244762544,
                    -0.08991680973730153
                ],
                [
                    0.4963075567009227,
                    -0.71375564986832,
                    -0.4941980184527376,
                    0.10498905492299904
                ],
                [
                    0.0,
                    0.0,
                    0.0,
                    1.0
                ]
            ],
            "radius": 0.01271,
            "height": 0.05982
        },
        "distance": 0.0
    },
    {
        "case": 10,
        "collider1": {
            "type": "Box",
            "collider2origin": [
                [
                    1.0,
                    0.0,
                    0.0,
                    -0.01200000000000001
                ],
                [
                    0.0,
                    1.0,
                    0.0,
                    0.15750000000000003
                ],
                [
                    0.0,
                    0.0,
                    1.0,
                    0.335
                ],
                [
                    0.0,
                    0.0,
                    0.0,
                    1.0
                ]
            ],
            "size": [
                1.6,
                1.586,
                0.76
            ]
        },
        "collider2": {
            "type": "Cylinder",
            "collider2origin": [
                [
                    0.5848664917956442,
                    -0.20298495110530704,
                    0.7853205055258851,
                    -0.4252973439851962
                ],
                [
                    -0.6543362511833112,
                    -0.6902312084312073,
                    0.3089092897518067,
                    -0.09567406223788742
                ],
                [
                    0.47934878445869267,
                    -0.6945343681434138,
                    -0.5365135173559028,
                    0.11052972837166997
                ],
                [
                    0.0,
                    0.0,
                    0.0,
                    1.0
                ]
            ],
            "radius": 0.01169,
            "height": 0.05502
        },
        "distance": 0.0
    },
    {
        "case": 11,
        "collider1": {
            "type": "Box",
            "collider2origin": [
                [
                    1.0,
                    0.0,
                    0.0,
                    -0.01200000000000001
                ],
                [
                    0.0,
                    1.0,
                    0.0,
                    0.15750000000000003
                ],
                [
                    0.0,
                    0.0,
                    1.0,
                    0.335
                ],
                [
                    0.0,
                    0.0,
                    0.0,
                    1.0
                ]
            ],
            "size": [
                1.6,
                1.586,
                0.76
            ]
        },
        "collider2": {
            "type": "Cylinder",
            "collider2origin": [
                [
                    0.14266943875054408,
                    0.7455166272339113,
                    0.6510379326616671,
                    -0.4486659343177037
                ],
                [
                    -0.1587303152289703,
                    -0.6320193148442274,
                    0.7585224272829013,
                    -0.03765666997350663
                ],
                [
                    0.9769596298076578,
                    -0.21155742525755564,
                    0.028166248320948054,
                    0.06944822239416482
                ],
                [
                    0.0,
                    0.0,
                    0.0,
                    1.0
                ]
            ],
            "radius": 0.00783,
            "height": 0.03683
        },
        "distance": 0.0
    },
    {
        "case": 12,
        "collider1": {
            "type": "Box",
            "collider2origin": [
                [
                    1.0,
                    0.0,
                    0.0,
                    -0.01200000000000001
                ],
                [
                    0.0,
                    1.0,
                    0.0,
                    0.15750000000000003
                ],
                [
                    0.0,
                    0.0,
                    1.0,
                    0.335
                ],
                [
                    0.0,
                    0.0,
                    0.0,
                    1.0
                ]
            ],
            "size": [
                1.6,
                1.586,
                0.76
            ]
        },
        "collider2": {
            "type": "Box",
            "collider2origin": [
                [
                    0.8633355035904327,
                    -0.34588441399114084,
                    0.3674449351920078,
                    -0.25552651202155474
                ],
                [
                    -0.3182610418108285,
                    -0.9382771296947718,
                    -0.13544717478495538,
                    0.04282930583506817
                ],
                [
                    0.3916142457900885,
                    -7.053029449939344e-06,
                    -0.92012949221537,
                    0.37752336934872055
                ],
                [
                    0.0,
                    0.0,
                    0.0,
                    1.0
                ]
            ],
            "size": [
                0.1202,
                0.13634,
                0.67816
            ]
        },
        "distance": 0.0
    },
    {
        "case": 13,
        "collider1": {
            "type": "Box",
            "collider2origin": [
                [
                    1.0,
                    0.0,
                    0.0,
                    -0.01200000000000001
                ],
                [
                    0.0,
                    1.0,
                    0.0,
                    0.15750000000000003
                ],
                [
                    0.0,
                    0.0,
                    1.0,
                    0.335
                ],
                [
                    0.0,
                    0.0,
                    0.0,
                    1.0
                ]
            ],
            "size": [
                1.6,
                1.586,
                0.76
            ]
        },
        "collider2": {
            "type": "Cylinder",
            "collider2origin": [
                [
                    0.43977318969772583,
                    -0.8091851020425296,
                    0.38963959277197224,
                    -0.41913794676842725
                ],
                [
                    -0.3672588409934294,
                    -0.5579409909089492,
                    -0.7441927131971274,
                    0.02973701903071335
                ],
                [
                    0.8195855570562787,
                    0.18417741798591933,
                    -0.5425478719604279,
                    0.13400765537909642
                ],
                [
                    0.0,
                    0.0,
                    0.0,
                    1.0
                ]
            ],
            "radius": 0.00796,
            "height": 0.03037
        },
        "distance": 0.0
    },
    {
        "case": 14,
        "collider1": {
            "type": "Box",
            "collider2origin": [
                [
                    1.0,
                    0.0,
                    0.0,
                    -0.01200000000000001
                ],
                [
                    0.0,
                    1.0,
                    0.0,
                    0.15750000000000003
                ],
                [
                    0.0,
                    0.0,
                    1.0,
                    0.335
                ],
                [
                    0.0,
                    0.0,
                    0.0,
                    1.0
                ]
            ],
            "size": [
                1.6,
                1.586,
                0.76
            ]
        },
        "collider2": {
            "type": "Cylinder",
            "collider2origin": [
                [
                    -0.018999986222371004,
                    0.03914680860805386,
                    0.9990528153703156,
                    -0.4574429694691927
                ],
                [
                    -0.0678994000657257,
                    -0.9969768226439513,
                    0.03777415229340399,
                    -0.01826071155886591
                ],
                [
                    0.9975112390315526,
                    -0.06711737842448218,
                    0.021600590713232844,
                    0.052475142261148466
                ],
                [
                    0.0,
                    0.0,
                    0.0,
                    1.0
                ]
            ],
            "radius": 0.00783,
            "height": 0.03044
        },
        "distance": 0.0
    },
    {
        "case": 15,
        "collider1": {
            "type": "Box",
            "collider2origin": [
                [
                    1.0,
                    0.0,
                    0.0,
                    -0.01200000000000001
                ],
                [
                    0.0,
                    1.0,
                    0.0,
                    0.15750000000000003
                ],
                [
                    0.0,
                    0.0,
                    1.0,
                    0.335
                ],
                [
                    0.0,
                    0.0,
                    0.0,
                    1.0
                ]
            ],
            "size": [
                1.6,
                1.586,
                0.76
            ]
        },
        "collider2": {
            "type": "Box",
            "collider2origin": [
                [
                    0.2516778444443025,
                    -0.8231077536841668,
                    -0.5090696302480381,
                    -0.41068988931432837
                ],
                [
                    -0.2081177667268989,
                    0.4676666124838592,
                    -0.8590546750588576,
                    -0.025847248097498984
                ],
                [
                    0.9451694333760893,
                    0.3221514634343237,
                    -0.05360202252383658,
                    0.07531688886380561
                ],
                [
                    0.0,
                    0.0,
                    0.0,
                    1.0
                ]
            ],
            "size": [
                0.07264,
                0.04753,
                0.03326
            ]
        },
        "distance": 0.0
    },
    {
        "case": 16,
        "collider1": {
            "type": "Box",
            "collider2origin": [
                [
                    1.0,
                    0.0,
                    0.0,
                    -0.01200000000000001
                ],
                [
                    0.0,
                    1.0,
                    0.0,
                    0.15750000000000003
                ],
                [
                    0.0,
                    0.0,
                    1.0,
                    0.335
                ],
                [
                    0.0,
                    0.0,
                    0.0,
                    1.0
                ]
            ],
            "size": [
                1.6,
                1.586,
                0.76
            ]
        },
        "collider2": {
            "type": "Cylinder",
            "collider2origin": [
                [
                    0.43977318969772583,
                    -0.8959015671964894,
                    -0.06292792319759245,
                    -0.4131400740633467
                ],
                [
                    -0.3672588409934294,
                    -0.11545106419189952,
                    -0.9229257800544527,
                    0.007011336497580726
                ],
                [
                    0.8195855570562787,
                    0.4289888502884801,
                    -0.37980005396644834,
                    0.12061010051199794
                ],
                [
                    0.0,
                    0.0,
                    0.0,
                    1.0
                ]
            ],
            "radius": 0.00713,
            "height": 0.01426
        },
        "distance": 0.0
    },
    {
        "case": 17,
        "collider1": {
            "type": "Box",
            "collider2origin": [
                [
                    1.0,
                    0.0,
                    0.0,
                    -0.01200000000000001
                ],
                [
                    0.0,
                    1.0,
                    0.0,
                    0.15750000000000003
                ],
                [
                    0.0,
                    0.0,
                    1.0,
                    0.335
                ],
                [
                    0.0,
                    0.0,
                    0.0,
                    1.0
                ]
            ],
            "size": [
                1.6,
                1.586,
                0.76
            ]
        },
        "collider2": {
            "type": "Box",
            "collider2origin": [
                [
                    0.753922890403983,
                    -0.34588781530716745,
                    -0.5585354908570617,
                    -0.22798973528469307
                ],
                [
                    -0.2779233748172394,
                    -0.9382758758372445,
                    0.20590526596483147,
                    -0.10197494840478004
                ],
                [
                    -0.5952804994749116,
                    -6.624691408655884e-06,
                    -0.8035179692458737,
                    0.8863269454842346
                ],
                [
                    0.0,
                    0.0,
                    0.0,
                    1.0
                ]
            ],
            "size": [
                0.15068,
                0.17726,
                0.74884
            ]
        },
        "distance": 0.0
    },
    {
        "case": 18,
        "collider1": {
            "type": "Box",
            "collider2origin": [
                [
                    1.0,
                    0.0,
                    0.0,
                    0.07799999999999999
                ],
                [
                    0.0,
                    1.0,
                    0.0,
                    -0.315
                ],
                [
                    0.0,
                    0.0,
                    1.0,
                    0.75
                ],
                [
                    0.0,
                    0.0,
                    0.0,
                    1.0
                ]
            ],
            "size": [
                1.76,
                0.64,
                0.06
            ]
        },
        "collider2": {
            "type": "Box",
            "collider2origin": [
                [
                    0.753922890403983,
                    -0.34588781530716745,
                    -0.5585354908570617,
                    -0.22798973528469307
                ],
                [
                    -0.2779233748172394,
                    -0.9382758758372445,
                    0.20590526596483147,
                    -0.10197494840478004
                ],
                [
                    -0.5952804994749116,
                    -6.624691408655884e-06,
                    -0.8035179692458737,
                    0.8863269454842346
                ],
                [
                    0.0,
                    0.0,
                    0.0,
                    1.0
                ]
            ],
            "size": [
                0.15068,
                0.17726,
                0.74884
            ]
        },
        "distance": 0.0
    },
    {
        "case": 19,
        "collider1": {
            "type": "Box",
            "collider2origin": [
                [
                    1.0,
                    0.0,
                    0.0,
                    -0.01200000000000001
                ],
                [
                    0.0,
                    1.0,
                    0.0,
                    0.15750000000000003
                ],
                [
                    0.0,
                    0.0,
                    1.0,
                    0.335
                ],
                [
                    0.0,
                    0.0,
                    0.0,
                    1.0
                ]
            ],
            "size": [
                1.6,
                1.586,
                0.76
            ]
        },
        "collider2": {
            "type": "Box",
            "collider2origin": [
                [
                    0.753922890403983,
                    -0.34588781530716745,
                    -0.5585354908570617,
                    -0.22798973528469307
                ],
                [
                    -0.2779233748172394,
                    -0.9382758758372445,
                    0.20590526596483147,
                    -0.10197494840478004
                ],
                [
                    -0.5952804994749116,
                    -6.624691408655884e-06,
                    -0.8035179692458737,
                    0.8863269454842346
                ],
                [
                    0.0,
                    0.0,
                    0.0,
                    1.0
                ]
            ],
            "size": [
                0.15068,
                0.17726,
                0.74884
            ]
        },
        "distance": 0.0
    },
    {
        "case": 20,
        "collider1": {
            "type": "Box",
            "collider2origin": [
                [
                    1.0,
                    0.0,
                    0.0,
                    0.07799999999999999
                ],
                [
                    0.0,
                    1.0,
                    0.0,
                    -0.315
                ],
                [
                    0.0,
                    0.0,
                    1.0,
                    0.75
                ],
                [
                    0.0,
                    0.0,
                    0.0,
                    1.0
                ]
            ],
            "size": [
                1.76,
                0.64,
                0.06
            ]
        },
        "collider2": {
            "type": "Box",
            "collider2origin": [
                [
                    0.753922890403983,
                    -0.34588781530716745,
                    -0.5585354908570617,
                    -0.22798973528469307
                ],
                [
                    -0.2779233748172394,
                    -0.9382758758372445,
                    0.20590526596483147,
                    -0.10197494840478004
                ],
                [
                    -0.5952804994749116,
                    -6.624691408655884e-06,
                    -0.8035179692458737,
                    0.8863269454842346
                ],
                [
                    0.0,
                    0.0,
                    0.0,
                    1.0
                ]
            ],
            "size": [
                0.15068,
                0.17726,
                0.74884
            ]
        },
        "distance": 0.0
    },
    {
        "case": 21,
        "collider1": {
            "type": "Box",
            "collider2origin": [
                [
                    1.0,
                    0.0,
                    0.0,
                    -0.01200000000000001
                ],
                [
                    0.0,
                    1.0,
                    0.0,
                    0.15750000000000003
                ],
                [
                    0.0,
                    0.0,
                    1.0,
                    0.335
                ],
                [
                    0.0,
                    0.0,
                    0.0,
                    1.0
                ]
            ],
            "size": [
                1.6,
                1.586,
                0.76
            ]
        },
        "collider2": {
            "type": "Sphere",
            "collider2origin": [
                [
                    1.0,
                    0.0,
                    0.0,
                    -0.493009370333171
                ],
                [
                    0.0,
                    1.0,
                    0.0,
                    -0.0693231025199268
                ],
                [
                    0.0,
                    0.0,
                    1.0,
                    0.09544563880332513
                ],
                [
                    0.0,
                    0.0,
                    0.0,
                    1.0
                ]
            ],
            "radius": 0.00563
        },
        "distance": 0.0
    },
    {
        "case": 22,
        "collider1": {
            "type": "Box",
            "collider2origin": [
                [
                    1.0,
                    0.0,
                    0.0,
                    -0.01200000000000001
                ],
                [
                    0.0,
                    1.0,
                    0.0,
                    0.15750000000000003
                ],
                [
                    0.0,
                    0.0,
                    1.0,
                    0.335
                ],
                [
                    0.0,
                    0.0,
                    0.0,
                    1.0
                ]
            ],
            "size": [
                1.6,
                1.586,
                0.76
            ]
        },
        "collider2": {
            "type": "Cylinder",
            "collider2origin": [
                [
                    0.287548897653848,
                    0.7198490695117797,
                    0.631769695839458,
                    -0.4813240082871896
                ],
                [
                    -0.24165101179563572,
                    -0.5837592490435537,
                    0.7751322001144394,
                    -0.05223172911677079
                ],
                [
                    0.9267795962127141,
                    -0.3755561959003351,
                    0.006092927429956467,
                    0.09627646312183558
                ],
                [
                    0.0,
                    0.0,
                    0.0,
                    1.0
                ]
            ],
            "radius": 0.00813,
            "height": 0.03824
        },
        "distance": 0.0
    },
    {
        "case": 23,
        "collider1": {
            "type": "Box",
            "collider2origin": [
                [
                    1.0,
                    0.0,
                    0.0,
                    -0.01200000000000001
                ],
                [
                    0.0,
                    1.0,
                    0.0,
                    0.15750000000000003
                ],
                [
                    0.0,
                    0.0,
                    1.0,
                    0.335
                ],
                [
                    0.0,
                    0.0,
                    0.0,
                    1.0
                ]
            ],
            "size": [
                1.6,
                1.586,
                0.76
            ]
        },
        "collider2": {
            "type": "Sphere",
            "collider2origin": [
                [
                    1.0,
                    0.0,
                    0.0,
                    -0.495115699569947
                ],
                [
                    0.0,
                    1.0,
                    0.0,
                    -0.03203399216426673
                ],
                [
                    0.0,
                    0.0,
                    1.0,
                    0.050043301781055316
                ],
                [
                    0.0,
                    0.0,
                    0.0,
                    1.0
                ]
            ],
            "radius": 0.00484
        },
        "distance": 0.0
    },
    {
        "case": 24,
        "collider1": {
            "type": "Box",
            "collider2origin": [
                [
                    1.0,
                    0.0,
                    0.0,
                    -0.01200000000000001
                ],
                [
                    0.0,
                    1.0,
                    0.0,
                    0.15750000000000003
                ],
                [
                    0.0,
                    0.0,
                    1.0,
                    0.335
                ],
                [
                    0.0,
                    0.0,
                    0.0,
                    1.0
                ]
            ],
            "size": [
                1.6,
                1.586,
                0.76
            ]
        },
        "collider2": {
            "type": "Cylinder",
            "collider2origin": [
                [
                    -0.019802522102959807,
                    0.4237328173501467,
                    0.9055707369492839,
                    -0.48263023387478465
                ],
                [
                    -0.07505705850128419,
                    -0.9038224918109694,
                    0.42127347562568446,
                    -0.02486249774131941
                ],
                [
                    0.9969825966823572,
                    -0.059627198467784984,
                    0.049702103732002845,
                    0.05177347926228704
                ],
                [
                    0.0,
                    0.0,
                    0.0,
                    1.0
                ]
            ],
            "radius": 0.0076,
            "height": 0.02993
        },
        "distance": 0.0
    },
    {
        "case": 25,
        "collider1": {
            "type": "Box",
            "collider2origin": [
                [
                    1.0,
                    0.0,
                    0.0,
                    -0.01200000000000001
                ],
                [
                    0.0,
                    1.0,
                    0.0,
                    0.15750000000000003
                ],
                [
                    0.0,
                    0.0,
                    1.0,
                    0.335
                ],
                [
                    0.0,
                    0.0,
                    0.0,
                    1.0
                ]
            ],
            "size": [
                1.6,
                1.586,
                0.76
            ]
        },
        "collider2": {
            "type": "Box",
            "collider2origin": [
                [
                    0.13941840239409423,
                    -0.8231107237024506,
                    -0.5505009042680186,
                    -0.370136349742415
                ],
                [
                    -0.3835030309567808,
                    0.4676635170045879,
                    -0.796376958550322,
                    -0.051375840812001555
                ],
                [
                    0.9129556036964995,
                    0.32214836859578766,
                    -0.25046455695413605,
                    0.05703856612329372
                ],
                [
                    0.0,
                    0.0,
                    0.0,
                    1.0
                ]
            ],
            "size": [
                0.06241,
                0.05638,
                0.02858
            ]
        },
        "distance": 0.0
    },
    {
        "case": 26,
        "collider1": {
            "type": "Box",
            "collider2origin": [
                [
                    1.0,
                    0.0,
                    0.0,
                    -0.01200000000000001
                ],
                [
                    0.0,
                    1.0,
                    0.0,
                    0.15750000000000003
                ],
                [
                    0.0,
                    0.0,
                    1.0,
                    0.335
                ],
                [
                    0.0,
                    0.0,
                    0.0,
                    1.0
                ]
            ],
            "size": [
                1.6,
                1.586,
                0.76
            ]
        },
        "collider2": {
            "type": "Cylinder",
            "collider2origin": [
                [
                    0.46058211701750523,
                    -0.8852853285858913,
                    -0.06429619331066755,
                    -0.41403945792809904
                ],
                [
                    -0.3827591696968639,
                    -0.13273505690935786,
                    -0.9142629942638145,
                    -0.00732866753003395
                ],
                [
                    0.8008492564126158,
                    0.4457031429750515,
                    -0.39998647082810235,
                    0.11483276958075672
                ],
                [
                    0.0,
                    0.0,
                    0.0,
                    1.0
                ]
            ],
            "radius": 0.00713,
            "height": 0.01697
        },
        "distance": 0.0
    }
]