[
    {
        "case": 0,
        "collider1": {
            "type": "Box",
            "collider2origin": [
                [
                    1.0,
                    0.0,
                    0.0,
                    -0.01200000000000001
                ],
                [
                    0.0,
                    1.0,
                    0.0,
                    0.15750000000000003
                ],
                [
                    0.0,
                    0.0,
                    1.0,
                    0.335
                ],
                [
                    0.0,
                    0.0,
                    0.0,
                    1.0
                ]
            ],
            "size": [
                1.6,
                1.586,
                0.76
            ]
        },
        "collider2": {
            "type": "Cylinder",
            "collider2origin": [
                [
                    0.182074180514189,
                    0.877512978622142,
                    -0.44364396213606083,
                    0.3730464375145433
                ],
                [
                    0.5209127787178229,
                    0.2965885643444917,
                    0.8004280732636442,
                    -0.3774911698973548
                ],
                [
                    0.8339657485523988,
                    -0.3768370945777095,
                    -0.40310660425211037,
                    0.09985854222680701
                ],
                [
                    0.0,
                    0.0,
                    0.0,
                    1.0
                ]
            ],
            "radius": 0.01169,
            "height": 0.05502
        },
        "distance": 0.0
    },
    {
        "case": 1,
        "collider1": {
            "type": "Box",
            "collider2origin": [
                [
                    1.0,
                    0.0,
                    0.0,
                    -0.01200000000000001
                ],
                [
                    0.0,
                    1.0,
                    0.0,
                    0.15750000000000003
                ],
                [
                    0.0,
                    0.0,
                    1.0,
                    0.335
                ],
                [
                    0.0,
                    0.0,
                    0.0,
                    1.0
                ]
            ],
            "size": [
                1.6,
                1.586,
                0.76
            ]
        },
        "collider2": {
            "type": "Cylinder",
            "collider2origin": [
                [
                    -0.31515329738797754,
                    0.25700286803149136,
                    -0.9135797310410694,
                    0.3624432763057401
                ],
                [
                    -0.24833405553352456,
                    0.9067626169936449,
                    0.34075174729575153,
                    -0.4257339413239929
                ],
                [
                    0.9159741240929009,
                    0.33426199641362625,
                    -0.22194666419169162,
                    0.03116540268107082
                ],
                [
                    0.0,
                    0.0,
                    0.0,
                    1.0
                ]
            ],
            "radius": 0.0076,
            "height": 0.02993
        },
        "distance": 0.0
    },
    {
        "case": 2,
        "collider1": {
            "type": "Box",
            "collider2origin": [
                [
                    1.0,
                    0.0,
                    0.0,
                    -0.01200000000000001
                ],
                [
                    0.0,
                    1.0,
                    0.0,
                    0.15750000000000003
                ],
                [
                    0.0,
                    0.0,
                    1.0,
                    0.335
                ],
                [
                    0.0,
                    0.0,
                    0.0,
                    1.0
                ]
            ],
            "size": [
                1.6,
                1.586,
                0.76
            ]
        },
        "collider2": {
            "type": "Box",
            "collider2origin": [
                [
                    0.9092199030294912,
                    0.013189106939755847,
                    0.4161072162233845,
                    0.3266225979989557
                ],
                [
                    0.011989922900253233,
                    -0.999913019921706,
                    0.005494937661150293,
                    -0.04389340687298795
                ],
                [
                    0.41614349650557886,
                    -7.013246666787177e-06,
                    -0.9092989553864699,
                    0.29724975727548375
                ],
                [
                    0.0,
                    0.0,
                    0.0,
                    1.0
                ]
            ],
            "size": [
                0.1202,
                0.13634,
                0.67816
            ]
        },
        "distance": 0.0
    },
    {
        "case": 3,
        "collider1": {
            "type": "Box",
            "collider2origin": [
                [
                    1.0,
                    0.0,
                    0.0,
                    -0.01200000000000001
                ],
                [
                    0.0,
                    1.0,
                    0.0,
                    0.15750000000000003
                ],
                [
                    0.0,
                    0.0,
                    1.0,
                    0.335
                ],
                [
                    0.0,
                    0.0,
                    0.0,
                    1.0
                ]
            ],
            "size": [
                1.6,
                1.586,
                0.76
            ]
        },
        "collider2": {
            "type": "Cylinder",
            "collider2origin": [
                [
                    -0.3200744413557524,
                    0.6935859326166575,
                    -0.6453610664326476,
                    0.33354048017929566
                ],
                [
                    -0.25274311716702,
                    0.5939962730715508,
                    0.763733817702087,
                    -0.40526727729580925
                ],
                [
                    0.9130571004682567,
                    0.4075622426739111,
                    -0.014823954638046893,
                    0.02669878879238019
                ],
                [
                    0.0,
                    0.0,
                    0.0,
                    1.0
                ]
            ],
            "radius": 0.00783,
            "height": 0.03683
        },
        "distance": 0.0
    },
    {
        "case": 4,
        "collider1": {
            "type": "Box",
            "collider2origin": [
                [
                    1.0,
                    0.0,
                    0.0,
                    -0.01200000000000001
                ],
                [
                    0.0,
                    1.0,
                    0.0,
                    0.15750000000000003
                ],
                [
                    0.0,
                    0.0,
                    1.0,
                    0.335
                ],
                [
                    0.0,
                    0.0,
                    0.0,
                    1.0
                ]
            ],
            "size": [
                1.6,
                1.586,
                0.76
            ]
        },
        "collider2": {
            "type": "Sphere",
            "collider2origin": [
                [
                    1.0,
                    0.0,
                    0.0,
                    0.37284067301661555
                ],
                [
                    0.0,
                    1.0,
                    0.0,
                    -0.42130354048088475
                ],
                [
                    0.0,
                    0.0,
                    1.0,
                    0.009526603318398719
                ],
                [
                    0.0,
                    0.0,
                    0.0,
                    1.0
                ]
            ],
            "radius": 0.00484
        },
        "distance": 0.0
    },
    {
        "case": 5,
        "collider1": {
            "type": "Box",
            "collider2origin": [
                [
                    1.0,
                    0.0,
                    0.0,
                    -0.01200000000000001
                ],
                [
                    0.0,
                    1.0,
                    0.0,
                    0.15750000000000003
                ],
                [
                    0.0,
                    0.0,
                    1.0,
                    0.335
                ],
                [
                    0.0,
                    0.0,
                    0.0,
                    1.0
                ]
            ],
            "size": [
                1.6,
                1.586,
                0.76
            ]
        },
        "collider2": {
            "type": "Sphere",
            "collider2origin": [
                [
                    1.0,
                    0.0,
                    0.0,
                    0.23910972929000776
                ],
                [
                    0.0,
                    1.0,
                    0.0,
                    -0.4323353819166467
                ],
                [
                    0.0,
                    0.0,
                    1.0,
                    0.05713544003271842
                ],
                [
                    0.0,
                    0.0,
                    0.0,
                    1.0
                ]
            ],
            "radius": 0.00663
        },
        "distance": 0.0
    },
    {
        "case": 6,
        "collider1": {
            "type": "Box",
            "collider2origin": [
                [
                    1.0,
                    0.0,
                    0.0,
                    -0.01200000000000001
                ],
                [
                    0.0,
                    1.0,
                    0.0,
                    0.15750000000000003
                ],
                [
                    0.0,
                    0.0,
                    1.0,
                    0.335
                ],
                [
                    0.0,
                    0.0,
                    0.0,
                    1.0
                ]
            ],
            "size": [
                1.6,
                1.586,
                0.76
            ]
        },
        "collider2": {
            "type": "Sphere",
            "collider2origin": [
                [
                    1.0,
                    0.0,
                    0.0,
                    0.3414270375691083
                ],
                [
                    0.0,
                    1.0,
                    0.0,
                    -0.4638885910045658
                ],
                [
                    0.0,
                    0.0,
                    1.0,
                    0.045381325921526106
                ],
                [
                    0.0,
                    0.0,
                    0.0,
                    1.0
                ]
            ],
            "radius": 0.00563
        },
        "distance": 0.0
    },
    {
        "case": 7,
        "collider1": {
            "type": "Box",
            "collider2origin": [
                [
                    1.0,
                    0.0,
                    0.0,
                    -0.01200000000000001
                ],
                [
                    0.0,
                    1.0,
                    0.0,
                    0.15750000000000003
                ],
                [
                    0.0,
                    0.0,
                    1.0,
                    0.335
                ],
                [
                    0.0,
                    0.0,
                    0.0,
                    1.0
                ]
            ],
            "size": [
                1.6,
                1.586,
                0.76
            ]
        },
        "collider2": {
            "type": "Cylinder",
            "collider2origin": [
                [
                    -0.27807651051791427,
                    0.7504132284048848,
                    -0.5996277519704519,
                    0.32764442057321436
                ],
                [
                    -0.08921738396700907,
                    0.6013728704599145,
                    0.7939716172967931,
                    -0.4486336320255572
                ],
                [
                    0.956406667007431,
                    0.2742820761729794,
                    -0.10027776420511325,
                    0.04279700874028536
                ],
                [
                    0.0,
                    0.0,
                    0.0,
                    1.0
                ]
            ],
            "radius": 0.00813,
            "height": 0.03824
        },
        "distance": 0.0
    },
    {
        "case": 8,
        "collider1": {
            "type": "Box",
            "collider2origin": [
                [
                    1.0,
                    0.0,
                    0.0,
                    -0.01200000000000001
                ],
                [
                    0.0,
                    1.0,
                    0.0,
                    0.15750000000000003
                ],
                [
                    0.0,
                    0.0,
                    1.0,
                    0.335
                ],
                [
                    0.0,
                    0.0,
                    0.0,
                    1.0
                ]
            ],
            "size": [
                1.6,
                1.586,
                0.76
            ]
        },
        "collider2": {
            "type": "Box",
            "collider2origin": [
                [
                    -0.30427375529257367,
                    0.013184079789017096,
                    -0.9524933920402135,
                    0.44722083058347545
                ],
                [
                    -0.004009483687700103,
                    -0.9999130862397924,
                    -0.012559618106118962,
                    -0.1540716180114463
                ],
                [
                    -0.9525761942651689,
                    -2.5554481620431184e-06,
                    0.30430017106922,
                    0.03282411785563788
                ],
                [
                    0.0,
                    0.0,
                    0.0,
                    1.0
                ]
            ],
            "size": [
                0.09102,
                0.10007,
                0.11882
            ]
        },
        "distance": 0.0
    },
    {
        "case": 9,
        "collider1": {
            "type": "Box",
            "collider2origin": [
                [
                    1.0,
                    0.0,
                    0.0,
                    -0.01200000000000001
                ],
                [
                    0.0,
                    1.0,
                    0.0,
                    0.15750000000000003
                ],
                [
                    0.0,
                    0.0,
                    1.0,
                    0.335
                ],
                [
                    0.0,
                    0.0,
                    0.0,
                    1.0
                ]
            ],
            "size": [
                1.6,
                1.586,
                0.76
            ]
        },
        "collider2": {
            "type": "Sphere",
            "collider2origin": [
                [
                    1.0,
                    0.0,
                    0.0,
                    0.3779312286892376
                ],
                [
                    0.0,
                    1.0,
                    0.0,
                    -0.43006616114866314
                ],
                [
                    0.0,
                    0.0,
                    1.0,
                    0.03494654038779976
                ],
                [
                    0.0,
                    0.0,
                    0.0,
                    1.0
                ]
            ],
            "radius": 0.00487
        },
        "distance": 0.0
    },
    {
        "case": 10,
        "collider1": {
            "type": "Box",
            "collider2origin": [
                [
                    1.0,
                    0.0,
                    0.0,
                    -0.01200000000000001
                ],
                [
                    0.0,
                    1.0,
                    0.0,
                    0.15750000000000003
                ],
                [
                    0.0,
                    0.0,
                    1.0,
                    0.335
                ],
                [
                    0.0,
                    0.0,
                    0.0,
                    1.0
                ]
            ],
            "size": [
                1.6,
                1.586,
                0.76
            ]
        },
        "collider2": {
            "type": "Cylinder",
            "collider2origin": [
                [
                    -0.27807651051791427,
                    0.9490003136654949,
                    -0.14856600876705178,
                    0.31320926871451754
                ],
                [
                    -0.08921738396700907,
                    0.12848047847235064,
                    0.9876907537532169,
                    -0.40539526807348436
                ],
                [
                    0.956406667007431,
                    0.28790826892311927,
                    0.048939922245843225,
                    0.042633382445197654
                ],
                [
                    0.0,
                    0.0,
                    0.0,
                    1.0
                ]
            ],
            "radius": 0.00683,
            "height": 0.01782
        },
        "distance": 0.0
    },
    {
        "case": 11,
        "collider1": {
            "type": "Box",
            "collider2origin": [
                [
                    1.0,
                    0.0,
                    0.0,
                    -0.01200000000000001
                ],
                [
                    0.0,
                    1.0,
                    0.0,
                    0.15750000000000003
                ],
                [
                    0.0,
                    0.0,
                    1.0,
                    0.335
                ],
                [
                    0.0,
                    0.0,
                    0.0,
                    1.0
                ]
            ],
            "size": [
                1.6,
                1.586,
                0.76
            ]
        },
        "collider2": {
            "type": "Box",
            "collider2origin": [
                [
                    -0.30401334960973586,
                    -0.018226941015889238,
                    -0.9524933920402135,
                    0.3430027445935434
                ],
                [
                    0.09900518870102186,
                    -0.9950076525350461,
                    -0.012559618106118962,
                    -0.16157014975783165
                ],
                [
                    -0.9475092906506741,
                    -0.09812007958567803,
                    0.30430017106922,
                    0.06564949686611632
                ],
                [
                    0.0,
                    0.0,
                    0.0,
                    1.0
                ]
            ],
            "size": [
                0.09126,
                0.11887,
                0.10009
            ]
        },
        "distance": 0.0
    },
    {
        "case": 12,
        "collider1": {
            "type": "Box",
            "collider2origin": [
                [
                    1.0,
                    0.0,
                    0.0,
                    -0.01200000000000001
                ],
                [
                    0.0,
                    1.0,
                    0.0,
                    0.15750000000000003
                ],
                [
                    0.0,
                    0.0,
                    1.0,
                    0.335
                ],
                [
                    0.0,
                    0.0,
                    0.0,
                    1.0
                ]
            ],
            "size": [
                1.6,
                1.586,
                0.76
            ]
        },
        "collider2": {
            "type": "Sphere",
            "collider2origin": [
                [
                    1.0,
                    0.0,
                    0.0,
                    0.3829529091601135
                ],
                [
                    0.0,
                    1.0,
                    0.0,
                    -0.39596684809847826
                ],
                [
                    0.0,
                    0.0,
                    1.0,
                    0.10852076102709396
                ],
                [
                    0.0,
                    0.0,
                    0.0,
                    1.0
                ]
            ],
            "radius": 0.01051
        },
        "distance": 0.0
    },
    {
        "case": 13,
        "collider1": {
            "type": "Box",
            "collider2origin": [
                [
                    1.0,
                    0.0,
                    0.0,
                    -0.01200000000000001
                ],
                [
                    0.0,
                    1.0,
                    0.0,
                    0.15750000000000003
                ],
                [
                    0.0,
                    0.0,
                    1.0,
                    0.335
                ],
                [
                    0.0,
                    0.0,
                    0.0,
                    1.0
                ]
            ],
            "size": [
                1.6,
                1.586,
                0.76
            ]
        },
        "collider2": {
            "type": "Box",
            "collider2origin": [
                [
                    -0.9603856033484542,
                    -0.018224463749748267,
                    -0.27807797791637423,
                    0.33780837348873466
                ],
                [
                    0.044714357184279914,
                    -0.995007934116713,
                    -0.0892179203209034,
                    -0.2360151490935661
                ],
                [
                    -0.27506384557520813,
                    -0.09811768426652015,
                    0.9564061903247769,
                    0.06043160019586269
                ],
                [
                    0.0,
                    0.0,
                    0.0,
                    1.0
                ]
            ],
            "size": [
                0.08993,
                0.0305,
                0.09007
            ]
        },
        "distance": 0.0
    },
    {
        "case": 14,
        "collider1": {
            "type": "Box",
            "collider2origin": [
                [
                    1.0,
                    0.0,
                    0.0,
                    -0.01200000000000001
                ],
                [
                    0.0,
                    1.0,
                    0.0,
                    0.15750000000000003
                ],
                [
                    0.0,
                    0.0,
                    1.0,
                    0.335
                ],
                [
                    0.0,
                    0.0,
                    0.0,
                    1.0
                ]
            ],
            "size": [
                1.6,
                1.586,
                0.76
            ]
        },
        "collider2": {
            "type": "Cylinder",
            "collider2origin": [
                [
                    -0.1867832050708718,
                    0.7613163347261911,
                    0.6208940914379283,
                    0.25050663836450343
                ],
                [
                    0.10599672363790358,
                    -0.6127095684002537,
                    0.7831677210973417,
                    -0.4156046310482209
                ],
                [
                    0.9766661296888934,
                    0.2120953164731655,
                    0.03374681983039607,
                    0.058671356347610004
                ],
                [
                    0.0,
                    0.0,
                    0.0,
                    1.0
                ]
            ],
            "radius": 0.00796,
            "height": 0.03037
        },
        "distance": 0.0
    },
    {
        "case": 15,
        "collider1": {
            "type": "Box",
            "collider2origin": [
                [
                    1.0,
                    0.0,
                    0.0,
                    -0.01200000000000001
                ],
                [
                    0.0,
                    1.0,
                    0.0,
                    0.15750000000000003
                ],
                [
                    0.0,
                    0.0,
                    1.0,
                    0.335
                ],
                [
                    0.0,
                    0.0,
                    0.0,
                    1.0
                ]
            ],
            "size": [
                1.6,
                1.586,
                0.76
            ]
        },
        "collider2": {
            "type": "Cylinder",
            "collider2origin": [
                [
                    0.12874791826882945,
                    0.8459518520498671,
                    -0.5174837558366858,
                    0.36441085488477454
                ],
                [
                    0.5282726586201353,
                    0.3831157223327449,
                    0.7577270890339561,
                    -0.366163198663313
                ],
                [
                    0.8392567972294633,
                    -0.37092830481760086,
                    -0.3975678822406107,
                    0.09572866567112692
                ],
                [
                    0.0,
                    0.0,
                    0.0,
                    1.0
                ]
            ],
            "radius": 0.01271,
            "height": 0.05982
        },
        "distance": 0.0
    },
    {
        "case": 16,
        "collider1": {
            "type": "Box",
            "collider2origin": [
                [
                    1.0,
                    0.0,
                    0.0,
                    -0.01200000000000001
                ],
                [
                    0.0,
                    1.0,
                    0.0,
                    0.15750000000000003
                ],
                [
                    0.0,
                    0.0,
                    1.0,
                    0.335
                ],
                [
                    0.0,
                    0.0,
                    0.0,
                    1.0
                ]
            ],
            "size": [
                1.6,
                1.586,
                0.76
            ]
        },
        "collider2": {
            "type": "Cylinder",
            "collider2origin": [
                [
                    -0.3411361059456638,
                    0.42199820917104913,
                    -0.8399664687811383,
                    0.35986698898684677
                ],
                [
                    -0.42534249496310905,
                    0.7275628465724246,
                    0.5382713686106547,
                    -0.4148864560981801
                ],
                [
                    0.8382779486535393,
                    0.540897232146604,
                    -0.06870418515168122,
                    0.008623690963311725
                ],
                [
                    0.0,
                    0.0,
                    0.0,
                    1.0
                ]
            ],
            "radius": 0.0076,
            "height": 0.02993
        },
        "distance": 0.0
    },
    {
        "case": 17,
        "collider1": {
            "type": "Box",
            "collider2origin": [
                [
                    1.0,
                    0.0,
                    0.0,
                    -0.01200000000000001
                ],
                [
                    0.0,
                    1.0,
                    0.0,
                    0.15750000000000003
                ],
                [
                    0.0,
                    0.0,
                    1.0,
                    0.335
                ],
                [
                    0.0,
                    0.0,
                    0.0,
                    1.0
                ]
            ],
            "size": [
                1.6,
                1.586,
                0.76
            ]
        },
        "collider2": {
            "type": "Box",
            "collider2origin": [
                [
                    0.9395650354583015,
                    0.01318883515613828,
                    0.3421163526805826,
                    0.10483349567753887
                ],
                [
                    0.012390408349447496,
                    -0.999913023505776,
                    0.004519203964347015,
                    -0.17317152354799942
                ],
                [
                    0.3421461996357325,
                    -7.124720268984846e-06,
                    -0.9396467304386599,
                    0.845399691174181
                ],
                [
                    0.0,
                    0.0,
                    0.0,
                    1.0
                ]
            ],
            "size": [
                0.15068,
                0.17726,
                0.74884
            ]
        },
        "distance": 0.0
    },
    {
        "case": 18,
        "collider1": {
            "type": "Box",
            "collider2origin": [
                [
                    1.0,
                    0.0,
                    0.0,
                    0.07799999999999999
                ],
                [
                    0.0,
                    1.0,
                    0.0,
                    -0.315
                ],
                [
                    0.0,
                    0.0,
                    1.0,
                    0.75
                ],
                [
                    0.0,
                    0.0,
                    0.0,
                    1.0
                ]
            ],
            "size": [
                1.76,
                0.64,
                0.06
            ]
        },
        "collider2": {
            "type": "Box",
            "collider2origin": [
                [
                    0.9395650354583015,
                    0.01318883515613828,
                    0.3421163526805826,
                    0.10483349567753887
                ],
                [
                    0.012390408349447496,
                    -0.999913023505776,
                    0.004519203964347015,
                    -0.17317152354799942
                ],
                [
                    0.3421461996357325,
                    -7.124720268984846e-06,
                    -0.9396467304386599,
                    0.845399691174181
                ],
                [
                    0.0,
                    0.0,
                    0.0,
                    1.0
                ]
            ],
            "size": [
                0.15068,
                0.17726,
                0.74884
            ]
        },
        "distance": 0.0
    },
    {
        "case": 19,
        "collider1": {
            "type": "Box",
            "collider2origin": [
                [
                    1.0,
                    0.0,
                    0.0,
                    -0.01200000000000001
                ],
                [
                    0.0,
                    1.0,
                    0.0,
                    0.15750000000000003
                ],
                [
                    0.0,
                    0.0,
                    1.0,
                    0.335
                ],
                [
                    0.0,
                    0.0,
                    0.0,
                    1.0
                ]
            ],
            "size": [
                1.6,
                1.586,
                0.76
            ]
        },
        "collider2": {
            "type": "Box",
            "collider2origin": [
                [
                    0.9395650354583015,
                    0.01318883515613828,
                    0.3421163526805826,
                    0.10483349567753887
                ],
                [
                    0.012390408349447496,
                    -0.999913023505776,
                    0.004519203964347015,
                    -0.17317152354799942
                ],
                [
                    0.3421461996357325,
                    -7.124720268984846e-06,
                    -0.9396467304386599,
                    0.845399691174181
                ],
                [
                    0.0,
                    0.0,
                    0.0,
                    1.0
                ]
            ],
            "size": [
                0.15068,
                0.17726,
                0.74884
            ]
        },
        "distance": 0.0
    },
    {
        "case": 20,
        "collider1": {
            "type": "Box",
            "collider2origin": [
                [
                    1.0,
                    0.0,
                    0.0,
                    0.07799999999999999
                ],
                [
                    0.0,
                    1.0,
                    0.0,
                    -0.315
                ],
                [
                    0.0,
                    0.0,
                    1.0,
                    0.75
                ],
                [
                    0.0,
                    0.0,
                    0.0,
                    1.0
                ]
            ],
            "size": [
                1.76,
                0.64,
                0.06
            ]
        },
        "collider2": {
            "type": "Box",
            "collider2origin": [
                [
                    0.9395650354583015,
                    0.01318883515613828,
                    0.3421163526805826,
                    0.10483349567753887
                ],
                [
                    0.012390408349447496,
                    -0.999913023505776,
                    0.004519203964347015,
                    -0.17317152354799942
                ],
                [
                    0.3421461996357325,
                    -7.124720268984846e-06,
                    -0.9396467304386599,
                    0.845399691174181
                ],
                [
                    0.0,
                    0.0,
                    0.0,
                    1.0
                ]
            ],
            "size": [
                0.15068,
                0.17726,
                0.74884
            ]
        },
        "distance": 0.0
    },
    {
        "case": 21,
        "collider1": {
            "type": "Box",
            "collider2origin": [
                [
                    1.0,
                    0.0,
                    0.0,
                    -0.01200000000000001
                ],
                [
                    0.0,
                    1.0,
                    0.0,
                    0.15750000000000003
                ],
                [
                    0.0,
                    0.0,
                    1.0,
                    0.335
                ],
                [
                    0.0,
                    0.0,
                    0.0,
                    1.0
                ]
            ],
            "size": [
                1.6,
                1.586,
                0.76
            ]
        },
        "collider2": {
            "type": "Cylinder",
            "collider2origin": [
                [
                    -0.1867832050708718,
                    0.3532019138167853,
                    0.9167117553405827,
                    0.2710505744882548
                ],
                [
                    0.10599672363790358,
                    -0.9204407934418841,
                    0.3762358839160665,
                    -0.39811944541085953
                ],
                [
                    0.9766661296888934,
                    0.16744298684696868,
                    0.13448463582983491,
                    0.06070619584256809
                ],
                [
                    0.0,
                    0.0,
                    0.0,
                    1.0
                ]
            ],
            "radius": 0.00713,
            "height": 0.01426
        },
        "distance": 0.0
    },
    {
        "case": 22,
        "collider1": {
            "type": "Box",
            "collider2origin": [
                [
                    1.0,
                    0.0,
                    0.0,
                    -0.01200000000000001
                ],
                [
                    0.0,
                    1.0,
                    0.0,
                    0.15750000000000003
                ],
                [
                    0.0,
                    0.0,
                    1.0,
                    0.335
                ],
                [
                    0.0,
                    0.0,
                    0.0,
                    1.0
                ]
            ],
            "size": [
                1.6,
                1.586,
                0.76
            ]
        },
        "collider2": {
            "type": "Box",
            "collider2origin": [
                [
                    -0.3019373548377985,
                    -0.2511097131310179,
                    0.9196617561499504,
                    0.31525522132492834
                ],
                [
                    -0.1341835274320348,
                    -0.9438878791900739,
                    -0.3017788138421255,
                    -0.36684860741846903
                ],
                [
                    0.943837175957511,
                    -0.21452175528211992,
                    0.25130022242574407,
                    0.04108382025429269
                ],
                [
                    0.0,
                    0.0,
                    0.0,
                    1.0
                ]
            ],
            "size": [
                0.07264,
                0.04753,
                0.03326
            ]
        },
        "distance": 0.0
    },
    {
        "case": 23,
        "collider1": {
            "type": "Box",
            "collider2origin": [
                [
                    1.0,
                    0.0,
                    0.0,
                    -0.01200000000000001
                ],
                [
                    0.0,
                    1.0,
                    0.0,
                    0.15750000000000003
                ],
                [
                    0.0,
                    0.0,
                    1.0,
                    0.335
                ],
                [
                    0.0,
                    0.0,
                    0.0,
                    1.0
                ]
            ],
            "size": [
                1.6,
                1.586,
                0.76
            ]
        },
        "collider2": {
            "type": "Cylinder",
            "collider2origin": [
                [
                    -0.3468923153172886,
                    0.7123223860302524,
                    -0.6101332149080054,
                    0.34041168844209296
                ],
                [
                    -0.42778530919851215,
                    0.45875536734386396,
                    0.7788088611251988,
                    -0.3975746069710819
                ],
                [
                    0.8346648733520203,
                    0.5311688350170445,
                    0.14558234061482722,
                    0.009138822513396594
                ],
                [
                    0.0,
                    0.0,
                    0.0,
                    1.0
                ]
            ],
            "radius": 0.00783,
            "height": 0.03044
        },
        "distance": 0.0
    },
    {
        "case": 24,
        "collider1": {
            "type": "Box",
            "collider2origin": [
                [
                    1.0,
                    0.0,
                    0.0,
                    -0.01200000000000001
                ],
                [
                    0.0,
                    1.0,
                    0.0,
                    0.15750000000000003
                ],
                [
                    0.0,
                    0.0,
                    1.0,
                    0.335
                ],
                [
                    0.0,
                    0.0,
                    0.0,
                    1.0
                ]
            ],
            "size": [
                1.6,
                1.586,
                0.76
            ]
        },
        "collider2": {
            "type": "Box",
            "collider2origin": [
                [
                    -0.10252883124883015,
                    -0.25110481014434277,
                    0.9625145261683701,
                    0.3307278865405999
                ],
                [
                    -0.19444136875519738,
                    -0.9438887816353352,
                    -0.26695790308505046,
                    -0.3189627565763301
                ],
                [
                    0.9755410769820787,
                    -0.21452352371088687,
                    0.04795065062447332,
                    0.050980164036122266
                ],
                [
                    0.0,
                    0.0,
                    0.0,
                    1.0
                ]
            ],
            "size": [
                0.06241,
                0.05638,
                0.02858
            ]
        },
        "distance": 0.0
    },
    {
        "case": 25,
        "collider1": {
            "type": "Box",
            "collider2origin": [
                [
                    1.0,
                    0.0,
                    0.0,
                    -0.01200000000000001
                ],
                [
                    0.0,
                    1.0,
                    0.0,
                    0.15750000000000003
                ],
                [
                    0.0,
                    0.0,
                    1.0,
                    0.335
                ],
                [
                    0.0,
                    0.0,
                    0.0,
                    1.0
                ]
            ],
            "size": [
                1.6,
                1.586,
                0.76
            ]
        },
        "collider2": {
            "type": "Cylinder",
            "collider2origin": [
                [
                    -0.27807651051791427,
                    0.9490003136654949,
                    -0.14856600876705178,
                    0.3156289397237212
                ],
                [
                    -0.08921738396700907,
                    0.12848047847235064,
                    0.9876907537532169,
                    -0.4215150596377409
                ],
                [
                    0.956406667007431,
                    0.28790826892311927,
                    0.048939922245843225,
                    0.041833187386388415
                ],
                [
                    0.0,
                    0.0,
                    0.0,
                    1.0
                ]
            ],
            "radius": 0.00683,
            "height": 0.01183
        },
        "distance": 0.0
    },
    {
        "case": 26,
        "collider1": {
            "type": "Box",
            "collider2origin": [
                [
                    1.0,
                    0.0,
                    0.0,
                    -0.01200000000000001
                ],
                [
                    0.0,
                    1.0,
                    0.0,
                    0.15750000000000003
                ],
                [
                    0.0,
                    0.0,
                    1.0,
                    0.335
                ],
                [
                    0.0,
                    0.0,
                    0.0,
                    1.0
                ]
            ],
            "size": [
                1.6,
                1.586,
                0.76
            ]
        },
        "collider2": {
            "type": "Cylinder",
            "collider2origin": [
                [
                    -0.17704192508121835,
                    0.35665498363067505,
                    0.917307679797209,
                    0.2852149665721374
                ],
                [
                    0.1364199682523734,
                    -0.9141412067270233,
                    0.38175312235223746,
                    -0.3922630783885056
                ],
                [
                    0.974702902953283,
                    0.19272539224259963,
                    0.1131864574910728,
                    0.06291868804160061
                ],
                [
                    0.0,
                    0.0,
                    0.0,
                    1.0
                ]
            ],
            "radius": 0.00713,
            "height": 0.01697
        },
        "distance": 0.0
    }
]