[
    {
        "case": 0,
        "collider1": {
            "type": "Box",
            "collider2origin": [
                [
                    1.0,
                    0.0,
                    0.0,
                    0.44799999999999995
                ],
                [
                    0.0,
                    1.0,
                    0.0,
                    0.595
                ],
                [
                    0.0,
                    0.0,
                    1.0,
                    0.75
                ],
                [
                    0.0,
                    0.0,
                    0.0,
                    1.0
                ]
            ],
            "size": [
                0.82,
                0.7,
                0.06
            ]
        },
        "collider2": {
            "type": "Box",
            "collider2origin": [
                [
                    -0.4004597349479604,
                    0.8084932581316554,
                    -0.4312431474714348,
                    0.011795178214591853
                ],
                [
                    0.5501623225562444,
                    0.5885054388173125,
                    0.5924379860558916,
                    0.2803772207686582
                ],
                [
                    0.7327710553269199,
                    -6.172730303725572e-06,
                    -0.680475260708991,
                    0.9231047249691386
                ],
                [
                    0.0,
                    0.0,
                    0.0,
                    1.0
                ]
            ],
            "size": [
                0.15068,
                0.17726,
                0.74884
            ]
        },
        "distance": 0.0
    },
    {
        "case": 1,
        "collider1": {
            "type": "Box",
            "collider2origin": [
                [
                    1.0,
                    0.0,
                    0.0,
                    -0.01200000000000001
                ],
                [
                    0.0,
                    1.0,
                    0.0,
                    0.15750000000000003
                ],
                [
                    0.0,
                    0.0,
                    1.0,
                    0.335
                ],
                [
                    0.0,
                    0.0,
                    0.0,
                    1.0
                ]
            ],
            "size": [
                1.6,
                1.586,
                0.76
            ]
        },
        "collider2": {
            "type": "Box",
            "collider2origin": [
                [
                    -0.4004597349479604,
                    0.8084932581316554,
                    -0.4312431474714348,
                    0.011795178214591853
                ],
                [
                    0.5501623225562444,
                    0.5885054388173125,
                    0.5924379860558916,
                    0.2803772207686582
                ],
                [
                    0.7327710553269199,
                    -6.172730303725572e-06,
                    -0.680475260708991,
                    0.9231047249691386
                ],
                [
                    0.0,
                    0.0,
                    0.0,
                    1.0
                ]
            ],
            "size": [
                0.15068,
                0.17726,
                0.74884
            ]
        },
        "distance": 0.0
    },
    {
        "case": 2,
        "collider1": {
            "type": "Box",
            "collider2origin": [
                [
                    1.0,
                    0.0,
                    0.0,
                    0.07799999999999999
                ],
                [
                    0.0,
                    1.0,
                    0.0,
                    -0.315
                ],
                [
                    0.0,
                    0.0,
                    1.0,
                    0.75
                ],
                [
                    0.0,
                    0.0,
                    0.0,
                    1.0
                ]
            ],
            "size": [
                1.76,
                0.64,
                0.06
            ]
        },
        "collider2": {
            "type": "Box",
            "collider2origin": [
                [
                    -0.4004597349479604,
                    0.8084932581316554,
                    -0.4312431474714348,
                    0.011795178214591853
                ],
                [
                    0.5501623225562444,
                    0.5885054388173125,
                    0.5924379860558916,
                    0.2803772207686582
                ],
                [
                    0.7327710553269199,
                    -6.172730303725572e-06,
                    -0.680475260708991,
                    0.9231047249691386
                ],
                [
                    0.0,
                    0.0,
                    0.0,
                    1.0
                ]
            ],
            "size": [
                0.15068,
                0.17726,
                0.74884
            ]
        },
        "distance": 0.1948087657400239
    },
    {
        "case": 3,
        "collider1": {
            "type": "Box",
            "collider2origin": [
                [
                    1.0,
                    0.0,
                    0.0,
                    -0.362
                ],
                [
                    0.0,
                    1.0,
                    0.0,
                    0.35500000000000004
                ],
                [
                    0.0,
                    0.0,
                    1.0,
                    0.75
                ],
                [
                    0.0,
                    0.0,
                    0.0,
                    1.0
                ]
            ],
            "size": [
                0.8,
                0.22,
                0.06
            ]
        },
        "collider2": {
            "type": "Box",
            "collider2origin": [
                [
                    -0.4004597349479604,
                    0.8084932581316554,
                    -0.4312431474714348,
                    0.011795178214591853
                ],
                [
                    0.5501623225562444,
                    0.5885054388173125,
                    0.5924379860558916,
                    0.2803772207686582
                ],
                [
                    0.7327710553269199,
                    -6.172730303725572e-06,
                    -0.680475260708991,
                    0.9231047249691386
                ],
                [
                    0.0,
                    0.0,
                    0.0,
                    1.0
                ]
            ],
            "size": [
                0.15068,
                0.17726,
                0.74884
            ]
        },
        "distance": 0.0
    },
    {
        "case": 4,
        "collider1": {
            "type": "Box",
            "collider2origin": [
                [
                    1.0,
                    0.0,
                    0.0,
                    -0.28465
                ],
                [
                    0.0,
                    1.0,
                    0.0,
                    0.4895
                ],
                [
                    0.0,
                    0.0,
                    1.0,
                    0.8
                ],
                [
                    0.0,
                    0.0,
                    0.0,
                    1.0
                ]
            ],
            "size": [
                0.54952,
                0.04,
                0.16125
            ]
        },
        "collider2": {
            "type": "Box",
            "collider2origin": [
                [
                    -0.4004597349479604,
                    0.8084932581316554,
                    -0.4312431474714348,
                    0.011795178214591853
                ],
                [
                    0.5501623225562444,
                    0.5885054388173125,
                    0.5924379860558916,
                    0.2803772207686582
                ],
                [
                    0.7327710553269199,
                    -6.172730303725572e-06,
                    -0.680475260708991,
                    0.9231047249691386
                ],
                [
                    0.0,
                    0.0,
                    0.0,
                    1.0
                ]
            ],
            "size": [
                0.15068,
                0.17726,
                0.74884
            ]
        },
        "distance": 0.0
    },
    {
        "case": 5,
        "collider1": {
            "type": "Box",
            "collider2origin": [
                [
                    1.0,
                    0.0,
                    0.0,
                    -0.28465
                ],
                [
                    0.0,
                    1.0,
                    0.0,
                    0.68909
                ],
                [
                    0.0,
                    0.0,
                    1.0,
                    0.74
                ],
                [
                    0.0,
                    0.0,
                    0.0,
                    1.0
                ]
            ],
            "size": [
                0.54952,
                0.35969,
                0.04811
            ]
        },
        "collider2": {
            "type": "Box",
            "collider2origin": [
                [
                    -0.4004597349479604,
                    0.8084932581316554,
                    -0.4312431474714348,
                    0.011795178214591853
                ],
                [
                    0.5501623225562444,
                    0.5885054388173125,
                    0.5924379860558916,
                    0.2803772207686582
                ],
                [
                    0.7327710553269199,
                    -6.172730303725572e-06,
                    -0.680475260708991,
                    0.9231047249691386
                ],
                [
                    0.0,
                    0.0,
                    0.0,
                    1.0
                ]
            ],
            "size": [
                0.15068,
                0.17726,
                0.74884
            ]
        },
        "distance": 0.0
    },
    {
        "case": 6,
        "collider1": {
            "type": "Box",
            "collider2origin": [
                [
                    1.0,
                    0.0,
                    0.0,
                    0.01006
                ],
                [
                    0.0,
                    1.0,
                    0.0,
                    0.6895
                ],
                [
                    0.0,
                    0.0,
                    1.0,
                    0.8
                ],
                [
                    0.0,
                    0.0,
                    0.0,
                    1.0
                ]
            ],
            "size": [
                0.03989,
                0.44,
                0.16125
            ]
        },
        "collider2": {
            "type": "Box",
            "collider2origin": [
                [
                    -0.4004597349479604,
                    0.8084932581316554,
                    -0.4312431474714348,
                    0.011795178214591853
                ],
                [
                    0.5501623225562444,
                    0.5885054388173125,
                    0.5924379860558916,
                    0.2803772207686582
                ],
                [
                    0.7327710553269199,
                    -6.172730303725572e-06,
                    -0.680475260708991,
                    0.9231047249691386
                ],
                [
                    0.0,
                    0.0,
                    0.0,
                    1.0
                ]
            ],
            "size": [
                0.15068,
                0.17726,
                0.74884
            ]
        },
        "distance": 0.00514182122892791
    },
    {
        "case": 7,
        "collider1": {
            "type": "Box",
            "collider2origin": [
                [
                    1.0,
                    0.0,
                    0.0,
                    0.44799999999999995
                ],
                [
                    0.0,
                    1.0,
                    0.0,
                    0.595
                ],
                [
                    0.0,
                    0.0,
                    1.0,
                    0.75
                ],
                [
                    0.0,
                    0.0,
                    0.0,
                    1.0
                ]
            ],
            "size": [
                0.82,
                0.7,
                0.06
            ]
        },
        "collider2": {
            "type": "Box",
            "collider2origin": [
                [
                    -0.4004597349479604,
                    0.8084932581316554,
                    -0.4312431474714348,
                    0.011795178214591853
                ],
                [
                    0.5501623225562444,
                    0.5885054388173125,
                    0.5924379860558916,
                    0.2803772207686582
                ],
                [
                    0.7327710553269199,
                    -6.172730303725572e-06,
                    -0.680475260708991,
                    0.9231047249691386
                ],
                [
                    0.0,
                    0.0,
                    0.0,
                    1.0
                ]
            ],
            "size": [
                0.15068,
                0.17726,
                0.74884
            ]
        },
        "distance": 0.0
    },
    {
        "case": 8,
        "collider1": {
            "type": "Box",
            "collider2origin": [
                [
                    1.0,
                    0.0,
                    0.0,
                    -0.01200000000000001
                ],
                [
                    0.0,
                    1.0,
                    0.0,
                    0.15750000000000003
                ],
                [
                    0.0,
                    0.0,
                    1.0,
                    0.335
                ],
                [
                    0.0,
                    0.0,
                    0.0,
                    1.0
                ]
            ],
            "size": [
                1.6,
                1.586,
                0.76
            ]
        },
        "collider2": {
            "type": "Box",
            "collider2origin": [
                [
                    -0.4004597349479604,
                    0.8084932581316554,
                    -0.4312431474714348,
                    0.011795178214591853
                ],
                [
                    0.5501623225562444,
                    0.5885054388173125,
                    0.5924379860558916,
                    0.2803772207686582
                ],
                [
                    0.7327710553269199,
                    -6.172730303725572e-06,
                    -0.680475260708991,
                    0.9231047249691386
                ],
                [
                    0.0,
                    0.0,
                    0.0,
                    1.0
                ]
            ],
            "size": [
                0.15068,
                0.17726,
                0.74884
            ]
        },
        "distance": 0.0
    },
    {
        "case": 9,
        "collider1": {
            "type": "Box",
            "collider2origin": [
                [
                    1.0,
                    0.0,
                    0.0,
                    0.07799999999999999
                ],
                [
                    0.0,
                    1.0,
                    0.0,
                    -0.315
                ],
                [
                    0.0,
                    0.0,
                    1.0,
                    0.75
                ],
                [
                    0.0,
                    0.0,
                    0.0,
                    1.0
                ]
            ],
            "size": [
                1.76,
                0.64,
                0.06
            ]
        },
        "collider2": {
            "type": "Box",
            "collider2origin": [
                [
                    -0.4004597349479604,
                    0.8084932581316554,
                    -0.4312431474714348,
                    0.011795178214591853
                ],
                [
                    0.5501623225562444,
                    0.5885054388173125,
                    0.5924379860558916,
                    0.2803772207686582
                ],
                [
                    0.7327710553269199,
                    -6.172730303725572e-06,
                    -0.680475260708991,
                    0.9231047249691386
                ],
                [
                    0.0,
                    0.0,
                    0.0,
                    1.0
                ]
            ],
            "size": [
                0.15068,
                0.17726,
                0.74884
            ]
        },
        "distance": 0.1948087657400239
    },
    {
        "case": 10,
        "collider1": {
            "type": "Box",
            "collider2origin": [
                [
                    1.0,
                    0.0,
                    0.0,
                    -0.362
                ],
                [
                    0.0,
                    1.0,
                    0.0,
                    0.35500000000000004
                ],
                [
                    0.0,
                    0.0,
                    1.0,
                    0.75
                ],
                [
                    0.0,
                    0.0,
                    0.0,
                    1.0
                ]
            ],
            "size": [
                0.8,
                0.22,
                0.06
            ]
        },
        "collider2": {
            "type": "Box",
            "collider2origin": [
                [
                    -0.4004597349479604,
                    0.8084932581316554,
                    -0.4312431474714348,
                    0.011795178214591853
                ],
                [
                    0.5501623225562444,
                    0.5885054388173125,
                    0.5924379860558916,
                    0.2803772207686582
                ],
                [
                    0.7327710553269199,
                    -6.172730303725572e-06,
                    -0.680475260708991,
                    0.9231047249691386
                ],
                [
                    0.0,
                    0.0,
                    0.0,
                    1.0
                ]
            ],
            "size": [
                0.15068,
                0.17726,
                0.74884
            ]
        },
        "distance": 0.0
    },
    {
        "case": 11,
        "collider1": {
            "type": "Box",
            "collider2origin": [
                [
                    1.0,
                    0.0,
                    0.0,
                    -0.28465
                ],
                [
                    0.0,
                    1.0,
                    0.0,
                    0.4895
                ],
                [
                    0.0,
                    0.0,
                    1.0,
                    0.8
                ],
                [
                    0.0,
                    0.0,
                    0.0,
                    1.0
                ]
            ],
            "size": [
                0.54952,
                0.04,
                0.16125
            ]
        },
        "collider2": {
            "type": "Box",
            "collider2origin": [
                [
                    -0.4004597349479604,
                    0.8084932581316554,
                    -0.4312431474714348,
                    0.011795178214591853
                ],
                [
                    0.5501623225562444,
                    0.5885054388173125,
                    0.5924379860558916,
                    0.2803772207686582
                ],
                [
                    0.7327710553269199,
                    -6.172730303725572e-06,
                    -0.680475260708991,
                    0.9231047249691386
                ],
                [
                    0.0,
                    0.0,
                    0.0,
                    1.0
                ]
            ],
            "size": [
                0.15068,
                0.17726,
                0.74884
            ]
        },
        "distance": 0.0
    },
    {
        "case": 12,
        "collider1": {
            "type": "Box",
            "collider2origin": [
                [
                    1.0,
                    0.0,
                    0.0,
                    -0.28465
                ],
                [
                    0.0,
                    1.0,
                    0.0,
                    0.68909
                ],
                [
                    0.0,
                    0.0,
                    1.0,
                    0.74
                ],
                [
                    0.0,
                    0.0,
                    0.0,
                    1.0
                ]
            ],
            "size": [
                0.54952,
                0.35969,
                0.04811
            ]
        },
        "collider2": {
            "type": "Box",
            "collider2origin": [
                [
                    -0.4004597349479604,
                    0.8084932581316554,
                    -0.4312431474714348,
                    0.011795178214591853
                ],
                [
                    0.5501623225562444,
                    0.5885054388173125,
                    0.5924379860558916,
                    0.2803772207686582
                ],
                [
                    0.7327710553269199,
                    -6.172730303725572e-06,
                    -0.680475260708991,
                    0.9231047249691386
                ],
                [
                    0.0,
                    0.0,
                    0.0,
                    1.0
                ]
            ],
            "size": [
                0.15068,
                0.17726,
                0.74884
            ]
        },
        "distance": 0.0
    },
    {
        "case": 13,
        "collider1": {
            "type": "Box",
            "collider2origin": [
                [
                    1.0,
                    0.0,
                    0.0,
                    0.01006
                ],
                [
                    0.0,
                    1.0,
                    0.0,
                    0.6895
                ],
                [
                    0.0,
                    0.0,
                    1.0,
                    0.8
                ],
                [
                    0.0,
                    0.0,
                    0.0,
                    1.0
                ]
            ],
            "size": [
                0.03989,
                0.44,
                0.16125
            ]
        },
        "collider2": {
            "type": "Box",
            "collider2origin": [
                [
                    -0.4004597349479604,
                    0.8084932581316554,
                    -0.4312431474714348,
                    0.011795178214591853
                ],
                [
                    0.5501623225562444,
                    0.5885054388173125,
                    0.5924379860558916,
                    0.2803772207686582
                ],
                [
                    0.7327710553269199,
                    -6.172730303725572e-06,
                    -0.680475260708991,
                    0.9231047249691386
                ],
                [
                    0.0,
                    0.0,
                    0.0,
                    1.0
                ]
            ],
            "size": [
                0.15068,
                0.17726,
                0.74884
            ]
        },
        "distance": 0.00514182122892791
    },
    {
        "case": 14,
        "collider1": {
            "type": "Box",
            "collider2origin": [
                [
                    1.0,
                    0.0,
                    0.0,
                    -0.01200000000000001
                ],
                [
                    0.0,
                    1.0,
                    0.0,
                    0.15750000000000003
                ],
                [
                    0.0,
                    0.0,
                    1.0,
                    0.335
                ],
                [
                    0.0,
                    0.0,
                    0.0,
                    1.0
                ]
            ],
            "size": [
                1.6,
                1.586,
                0.76
            ]
        },
        "collider2": {
            "type": "Box",
            "collider2origin": [
                [
                    0.5019586780853613,
                    0.8084937137462923,
                    -0.3072057947492602,
                    -0.31112165789717994
                ],
                [
                    -0.6895953013429803,
                    0.5885048129220662,
                    0.4220431323138047,
                    0.5093253059800887
                ],
                [
                    0.5220113081729939,
                    -5.401868168349114e-07,
                    0.852938564106013,
                    0.9499700517085397
                ],
                [
                    0.0,
                    0.0,
                    0.0,
                    1.0
                ]
            ],
            "size": [
                0.1202,
                0.13634,
                0.67816
            ]
        },
        "distance": 0.0
    },
    {
        "case": 15,
        "collider1": {
            "type": "Box",
            "collider2origin": [
                [
                    1.0,
                    0.0,
                    0.0,
                    -0.2855
                ],
                [
                    0.0,
                    1.0,
                    0.0,
                    0.689
                ],
                [
                    0.0,
                    0.0,
                    1.0,
                    0.82
                ],
                [
                    0.0,
                    0.0,
                    0.0,
                    1.0
                ]
            ],
            "size": [
                0.042,
                0.36,
                0.12
            ]
        },
        "collider2": {
            "type": "Box",
            "collider2origin": [
                [
                    0.5019586780853613,
                    0.8084937137462923,
                    -0.3072057947492602,
                    -0.31112165789717994
                ],
                [
                    -0.6895953013429803,
                    0.5885048129220662,
                    0.4220431323138047,
                    0.5093253059800887
                ],
                [
                    0.5220113081729939,
                    -5.401868168349114e-07,
                    0.852938564106013,
                    0.9499700517085397
                ],
                [
                    0.0,
                    0.0,
                    0.0,
                    1.0
                ]
            ],
            "size": [
                0.1202,
                0.13634,
                0.67816
            ]
        },
        "distance": 0.0
    },
    {
        "case": 16,
        "collider1": {
            "type": "Box",
            "collider2origin": [
                [
                    1.0,
                    0.0,
                    0.0,
                    -0.362
                ],
                [
                    0.0,
                    1.0,
                    0.0,
                    0.35500000000000004
                ],
                [
                    0.0,
                    0.0,
                    1.0,
                    0.75
                ],
                [
                    0.0,
                    0.0,
                    0.0,
                    1.0
                ]
            ],
            "size": [
                0.8,
                0.22,
                0.06
            ]
        },
        "collider2": {
            "type": "Box",
            "collider2origin": [
                [
                    0.5019586780853613,
                    0.8084937137462923,
                    -0.3072057947492602,
                    -0.31112165789717994
                ],
                [
                    -0.6895953013429803,
                    0.5885048129220662,
                    0.4220431323138047,
                    0.5093253059800887
                ],
                [
                    0.5220113081729939,
                    -5.401868168349114e-07,
                    0.852938564106013,
                    0.9499700517085397
                ],
                [
                    0.0,
                    0.0,
                    0.0,
                    1.0
                ]
            ],
            "size": [
                0.1202,
                0.13634,
                0.67816
            ]
        },
        "distance": 0.0
    },
    {
        "case": 17,
        "collider1": {
            "type": "Box",
            "collider2origin": [
                [
                    1.0,
                    0.0,
                    0.0,
                    -0.28465
                ],
                [
                    0.0,
                    1.0,
                    0.0,
                    0.4895
                ],
                [
                    0.0,
                    0.0,
                    1.0,
                    0.8
                ],
                [
                    0.0,
                    0.0,
                    0.0,
                    1.0
                ]
            ],
            "size": [
                0.54952,
                0.04,
                0.16125
            ]
        },
        "collider2": {
            "type": "Box",
            "collider2origin": [
                [
                    0.5019586780853613,
                    0.8084937137462923,
                    -0.3072057947492602,
                    -0.31112165789717994
                ],
                [
                    -0.6895953013429803,
                    0.5885048129220662,
                    0.4220431323138047,
                    0.5093253059800887
                ],
                [
                    0.5220113081729939,
                    -5.401868168349114e-07,
                    0.852938564106013,
                    0.9499700517085397
                ],
                [
                    0.0,
                    0.0,
                    0.0,
                    1.0
                ]
            ],
            "size": [
                0.1202,
                0.13634,
                0.67816
            ]
        },
        "distance": 0.0
    },
    {
        "case": 18,
        "collider1": {
            "type": "Box",
            "collider2origin": [
                [
                    1.0,
                    0.0,
                    0.0,
                    -0.28465
                ],
                [
                    0.0,
                    1.0,
                    0.0,
                    0.68909
                ],
                [
                    0.0,
                    0.0,
                    1.0,
                    0.74
                ],
                [
                    0.0,
                    0.0,
                    0.0,
                    1.0
                ]
            ],
            "size": [
                0.54952,
                0.35969,
                0.04811
            ]
        },
        "collider2": {
            "type": "Box",
            "collider2origin": [
                [
                    0.5019586780853613,
                    0.8084937137462923,
                    -0.3072057947492602,
                    -0.31112165789717994
                ],
                [
                    -0.6895953013429803,
                    0.5885048129220662,
                    0.4220431323138047,
                    0.5093253059800887
                ],
                [
                    0.5220113081729939,
                    -5.401868168349114e-07,
                    0.852938564106013,
                    0.9499700517085397
                ],
                [
                    0.0,
                    0.0,
                    0.0,
                    1.0
                ]
            ],
            "size": [
                0.1202,
                0.13634,
                0.67816
            ]
        },
        "distance": 0.0
    }
]