[
    {
        "case": 0,
        "collider1": {
            "type": "Box",
            "collider2origin": [
                [
                    1.0,
                    0.0,
                    0.0,
                    0.13799999999999998
                ],
                [
                    0.0,
                    1.0,
                    0.0,
                    -0.7522000000000001
                ],
                [
                    0.0,
                    0.0,
                    1.0,
                    0.8899999999999999
                ],
                [
                    0.0,
                    0.0,
                    0.0,
                    1.0
                ]
            ],
            "size": [
                0.1904,
                0.2176,
                0.28
            ]
        },
        "collider2": {
            "type": "Cylinder",
            "collider2origin": [
                [
                    -0.4692247963998532,
                    0.8748504127150059,
                    -0.12026988740286973,
                    0.16662790792103907
                ],
                [
                    0.6832876264499735,
                    0.4459591640514469,
                    0.5781335862401485,
                    -0.778424544633023
                ],
                [
                    0.5594158649733462,
                    0.18909568839853844,
                    -0.8070295599575057,
                    0.9208475759405185
                ],
                [
                    0.0,
                    0.0,
                    0.0,
                    1.0
                ]
            ],
            "radius": 0.0076,
            "height": 0.02993
        },
        "distance": 0.0
    },
    {
        "case": 1,
        "collider1": {
            "type": "Box",
            "collider2origin": [
                [
                    1.0,
                    0.0,
                    0.0,
                    0.13799999999999998
                ],
                [
                    0.0,
                    1.0,
                    0.0,
                    -0.7522000000000001
                ],
                [
                    0.0,
                    0.0,
                    1.0,
                    0.8899999999999999
                ],
                [
                    0.0,
                    0.0,
                    0.0,
                    1.0
                ]
            ],
            "size": [
                0.1904,
                0.2176,
                0.28
            ]
        },
        "collider2": {
            "type": "Sphere",
            "collider2origin": [
                [
                    1.0,
                    0.0,
                    0.0,
                    0.16991987042067316
                ],
                [
                    0.0,
                    1.0,
                    0.0,
                    -0.7875901150140147
                ],
                [
                    0.0,
                    0.0,
                    1.0,
                    0.9341928785782293
                ],
                [
                    0.0,
                    0.0,
                    0.0,
                    1.0
                ]
            ],
            "radius": 0.00487
        },
        "distance": 0.0
    },
    {
        "case": 2,
        "collider1": {
            "type": "Box",
            "collider2origin": [
                [
                    1.0,
                    0.0,
                    0.0,
                    0.13799999999999998
                ],
                [
                    0.0,
                    1.0,
                    0.0,
                    -0.7522000000000001
                ],
                [
                    0.0,
                    0.0,
                    1.0,
                    0.8899999999999999
                ],
                [
                    0.0,
                    0.0,
                    0.0,
                    1.0
                ]
            ],
            "size": [
                0.1904,
                0.2176,
                0.28
            ]
        },
        "collider2": {
            "type": "Sphere",
            "collider2origin": [
                [
                    1.0,
                    0.0,
                    0.0,
                    0.17063107682618892
                ],
                [
                    0.0,
                    1.0,
                    0.0,
                    -0.7988273523006536
                ],
                [
                    0.0,
                    0.0,
                    1.0,
                    0.9030692770998558
                ],
                [
                    0.0,
                    0.0,
                    0.0,
                    1.0
                ]
            ],
            "radius": 0.00484
        },
        "distance": 0.0
    },
    {
        "case": 3,
        "collider1": {
            "type": "Box",
            "collider2origin": [
                [
                    1.0,
                    0.0,
                    0.0,
                    0.13799999999999998
                ],
                [
                    0.0,
                    1.0,
                    0.0,
                    -0.7522000000000001
                ],
                [
                    0.0,
                    0.0,
                    1.0,
                    0.8899999999999999
                ],
                [
                    0.0,
                    0.0,
                    0.0,
                    1.0
                ]
            ],
            "size": [
                0.1904,
                0.2176,
                0.28
            ]
        },
        "collider2": {
            "type": "Cylinder",
            "collider2origin": [
                [
                    0.39537976789257295,
                    0.7409416656238241,
                    0.5428446253614453,
                    0.20597114699102068
                ],
                [
                    0.8015705861681667,
                    -0.5669162142292219,
                    0.18997526532164316,
                    -0.6991820204814344
                ],
                [
                    0.44850800943933683,
                    0.3600159082410113,
                    -0.8180642464269923,
                    0.9545361429405756
                ],
                [
                    0.0,
                    0.0,
                    0.0,
                    1.0
                ]
            ],
            "radius": 0.01271,
            "height": 0.05982
        },
        "distance": 0.0
    },
    {
        "case": 4,
        "collider1": {
            "type": "Box",
            "collider2origin": [
                [
                    1.0,
                    0.0,
                    0.0,
                    0.13799999999999998
                ],
                [
                    0.0,
                    1.0,
                    0.0,
                    -0.7522000000000001
                ],
                [
                    0.0,
                    0.0,
                    1.0,
                    0.8899999999999999
                ],
                [
                    0.0,
                    0.0,
                    0.0,
                    1.0
                ]
            ],
            "size": [
                0.1904,
                0.2176,
                0.28
            ]
        },
        "collider2": {
            "type": "Sphere",
            "collider2origin": [
                [
                    1.0,
                    0.0,
                    0.0,
                    0.10261917371697928
                ],
                [
                    0.0,
                    1.0,
                    0.0,
                    -0.7403359428248751
                ],
                [
                    0.0,
                    0.0,
                    1.0,
                    0.9311179911773275
                ],
                [
                    0.0,
                    0.0,
                    0.0,
                    1.0
                ]
            ],
            "radius": 0.00663
        },
        "distance": 0.0
    },
    {
        "case": 5,
        "collider1": {
            "type": "Box",
            "collider2origin": [
                [
                    1.0,
                    0.0,
                    0.0,
                    0.13799999999999998
                ],
                [
                    0.0,
                    1.0,
                    0.0,
                    -0.7522000000000001
                ],
                [
                    0.0,
                    0.0,
                    1.0,
                    0.8899999999999999
                ],
                [
                    0.0,
                    0.0,
                    0.0,
                    1.0
                ]
            ],
            "size": [
                0.1904,
                0.2176,
                0.28
            ]
        },
        "collider2": {
            "type": "Cylinder",
            "collider2origin": [
                [
                    -0.47510756250321406,
                    0.8056909127649653,
                    0.3537441973237307,
                    0.17095589355641755
                ],
                [
                    0.6825929314015956,
                    0.08377066747862892,
                    0.7259816562908195,
                    -0.7543004758035402
                ],
                [
                    0.555283435781071,
                    0.5863826637598875,
                    -0.5897589995829038,
                    0.8948956117865218
                ],
                [
                    0.0,
                    0.0,
                    0.0,
                    1.0
                ]
            ],
            "radius": 0.00783,
            "height": 0.03683
        },
        "distance": 0.0
    },
    {
        "case": 6,
        "collider1": {
            "type": "Box",
            "collider2origin": [
                [
                    1.0,
                    0.0,
                    0.0,
                    0.13799999999999998
                ],
                [
                    0.0,
                    1.0,
                    0.0,
                    -0.7522000000000001
                ],
                [
                    0.0,
                    0.0,
                    1.0,
                    0.8899999999999999
                ],
                [
                    0.0,
                    0.0,
                    0.0,
                    1.0
                ]
            ],
            "size": [
                0.1904,
                0.2176,
                0.28
            ]
        },
        "collider2": {
            "type": "Sphere",
            "collider2origin": [
                [
                    1.0,
                    0.0,
                    0.0,
                    0.18435236396119492
                ],
                [
                    0.0,
                    1.0,
                    0.0,
                    -0.7080917404921517
                ],
                [
                    0.0,
                    0.0,
                    1.0,
                    0.9836728570593629
                ],
                [
                    0.0,
                    0.0,
                    0.0,
                    1.0
                ]
            ],
            "radius": 0.01051
        },
        "distance": 0.0
    },
    {
        "case": 7,
        "collider1": {
            "type": "Box",
            "collider2origin": [
                [
                    1.0,
                    0.0,
                    0.0,
                    0.13799999999999998
                ],
                [
                    0.0,
                    1.0,
                    0.0,
                    -0.7522000000000001
                ],
                [
                    0.0,
                    0.0,
                    1.0,
                    0.8899999999999999
                ],
                [
                    0.0,
                    0.0,
                    0.0,
                    1.0
                ]
            ],
            "size": [
                0.1904,
                0.2176,
                0.28
            ]
        },
        "collider2": {
            "type": "Cylinder",
            "collider2origin": [
                [
                    -0.31845034024346563,
                    0.5667160517695216,
                    0.7598830814444977,
                    0.14727947758287882
                ],
                [
                    0.7576578739937485,
                    -0.3295840557023625,
                    0.5633195329491549,
                    -0.7406717180068839
                ],
                [
                    0.569687569439682,
                    0.7551206969045058,
                    -0.3244207242645885,
                    0.9004414546196959
                ],
                [
                    0.0,
                    0.0,
                    0.0,
                    1.0
                ]
            ],
            "radius": 0.00683,
            "height": 0.01183
        },
        "distance": 0.0
    },
    {
        "case": 8,
        "collider1": {
            "type": "Box",
            "collider2origin": [
                [
                    1.0,
                    0.0,
                    0.0,
                    -0.01200000000000001
                ],
                [
                    0.0,
                    1.0,
                    0.0,
                    0.15750000000000003
                ],
                [
                    0.0,
                    0.0,
                    1.0,
                    0.335
                ],
                [
                    0.0,
                    0.0,
                    0.0,
                    1.0
                ]
            ],
            "size": [
                1.6,
                1.586,
                0.76
            ]
        },
        "collider2": {
            "type": "Box",
            "collider2origin": [
                [
                    0.2343156379895479,
                    0.9484795925833239,
                    -0.21326660368309558,
                    0.4011459705622613
                ],
                [
                    -0.7014398438634957,
                    0.31683822757371954,
                    0.6384322070421407,
                    -0.6960081513974673
                ],
                [
                    0.6731109323390209,
                    -9.567173857648842e-07,
                    0.7395415287627725,
                    0.7799490149001
                ],
                [
                    0.0,
                    0.0,
                    0.0,
                    1.0
                ]
            ],
            "size": [
                0.09102,
                0.10007,
                0.11882
            ]
        },
        "distance": 0.03206216537834565
    },
    {
        "case": 9,
        "collider1": {
            "type": "Box",
            "collider2origin": [
                [
                    1.0,
                    0.0,
                    0.0,
                    0.07799999999999999
                ],
                [
                    0.0,
                    1.0,
                    0.0,
                    -0.315
                ],
                [
                    0.0,
                    0.0,
                    1.0,
                    0.75
                ],
                [
                    0.0,
                    0.0,
                    0.0,
                    1.0
                ]
            ],
            "size": [
                1.76,
                0.64,
                0.06
            ]
        },
        "collider2": {
            "type": "Box",
            "collider2origin": [
                [
                    0.2343156379895479,
                    0.9484795925833239,
                    -0.21326660368309558,
                    0.4011459705622613
                ],
                [
                    -0.7014398438634957,
                    0.31683822757371954,
                    0.6384322070421407,
                    -0.6960081513974673
                ],
                [
                    0.6731109323390209,
                    -9.567173857648842e-07,
                    0.7395415287627725,
                    0.7799490149001
                ],
                [
                    0.0,
                    0.0,
                    0.0,
                    1.0
                ]
            ],
            "size": [
                0.09102,
                0.10007,
                0.11882
            ]
        },
        "distance": 0.0
    },
    {
        "case": 10,
        "collider1": {
            "type": "Box",
            "collider2origin": [
                [
                    1.0,
                    0.0,
                    0.0,
                    0.13799999999999998
                ],
                [
                    0.0,
                    1.0,
                    0.0,
                    -0.7522000000000001
                ],
                [
                    0.0,
                    0.0,
                    1.0,
                    0.8899999999999999
                ],
                [
                    0.0,
                    0.0,
                    0.0,
                    1.0
                ]
            ],
            "size": [
                0.1904,
                0.2176,
                0.28
            ]
        },
        "collider2": {
            "type": "Cylinder",
            "collider2origin": [
                [
                    -0.31845034024346563,
                    0.8689541309228161,
                    0.37882462849053666,
                    0.13025035496586068
                ],
                [
                    0.7576578739937485,
                    -0.0068480117410960545,
                    0.6526160055579895,
                    -0.7594403455248296
                ],
                [
                    0.569687569439682,
                    0.4948452516568853,
                    -0.6561891877641236,
                    0.9158837764654277
                ],
                [
                    0.0,
                    0.0,
                    0.0,
                    1.0
                ]
            ],
            "radius": 0.00813,
            "height": 0.03824
        },
        "distance": 0.0
    },
    {
        "case": 11,
        "collider1": {
            "type": "Box",
            "collider2origin": [
                [
                    1.0,
                    0.0,
                    0.0,
                    0.13799999999999998
                ],
                [
                    0.0,
                    1.0,
                    0.0,
                    -0.7522000000000001
                ],
                [
                    0.0,
                    0.0,
                    1.0,
                    0.8899999999999999
                ],
                [
                    0.0,
                    0.0,
                    0.0,
                    1.0
                ]
            ],
            "size": [
                0.1904,
                0.2176,
                0.28
            ]
        },
        "collider2": {
            "type": "Sphere",
            "collider2origin": [
                [
                    1.0,
                    0.0,
                    0.0,
                    0.12406459349594857
                ],
                [
                    0.0,
                    1.0,
                    0.0,
                    -0.7729202887645354
                ],
                [
                    0.0,
                    0.0,
                    1.0,
                    0.9303537621354852
                ],
                [
                    0.0,
                    0.0,
                    0.0,
                    1.0
                ]
            ],
            "radius": 0.00563
        },
        "distance": 0.0
    },
    {
        "case": 12,
        "collider1": {
            "type": "Box",
            "collider2origin": [
                [
                    1.0,
                    0.0,
                    0.0,
                    0.13799999999999998
                ],
                [
                    0.0,
                    1.0,
                    0.0,
                    -0.7522000000000001
                ],
                [
                    0.0,
                    0.0,
                    1.0,
                    0.8899999999999999
                ],
                [
                    0.0,
                    0.0,
                    0.0,
                    1.0
                ]
            ],
            "size": [
                0.1904,
                0.2176,
                0.28
            ]
        },
        "collider2": {
            "type": "Cylinder",
            "collider2origin": [
                [
                    0.41072577981945974,
                    0.6761773692542902,
                    0.6116277455283102,
                    0.1985005370913017
                ],
                [
                    0.7694071452696808,
                    -0.6169713205666422,
                    0.1654056661853322,
                    -0.7039135562241526
                ],
                [
                    0.4892003460747509,
                    0.4026543864241402,
                    -0.7736617261398826,
                    0.9664422194245228
                ],
                [
                    0.0,
                    0.0,
                    0.0,
                    1.0
                ]
            ],
            "radius": 0.01169,
            "height": 0.05502
        },
        "distance": 0.0
    },
    {
        "case": 13,
        "collider1": {
            "type": "Box",
            "collider2origin": [
                [
                    1.0,
                    0.0,
                    0.0,
                    0.13799999999999998
                ],
                [
                    0.0,
                    1.0,
                    0.0,
                    -0.7522000000000001
                ],
                [
                    0.0,
                    0.0,
                    1.0,
                    0.8899999999999999
                ],
                [
                    0.0,
                    0.0,
                    0.0,
                    1.0
                ]
            ],
            "size": [
                0.1904,
                0.2176,
                0.28
            ]
        },
        "collider2": {
            "type": "Cylinder",
            "collider2origin": [
                [
                    -0.17291494148998168,
                    0.742997702776282,
                    0.6465716021282429,
                    0.1145743163106922
                ],
                [
                    0.7907660403691869,
                    -0.2866352309625639,
                    0.5408597912304764,
                    -0.7281306304467146
                ],
                [
                    0.5871877829181674,
                    0.604809604785014,
                    -0.5379738372369437,
                    0.9201511541075286
                ],
                [
                    0.0,
                    0.0,
                    0.0,
                    1.0
                ]
            ],
            "radius": 0.00796,
            "height": 0.03037
        },
        "distance": 0.0
    },
    {
        "case": 14,
        "collider1": {
            "type": "Box",
            "collider2origin": [
                [
                    1.0,
                    0.0,
                    0.0,
                    0.13799999999999998
                ],
                [
                    0.0,
                    1.0,
                    0.0,
                    -0.7522000000000001
                ],
                [
                    0.0,
                    0.0,
                    1.0,
                    0.8899999999999999
                ],
                [
                    0.0,
                    0.0,
                    0.0,
                    1.0
                ]
            ],
            "size": [
                0.1904,
                0.2176,
                0.28
            ]
        },
        "collider2": {
            "type": "Box",
            "collider2origin": [
                [
                    -0.36768152093420553,
                    -0.9124240164859316,
                    0.17970173427985758,
                    0.19377844901434982
                ],
                [
                    0.7441259683983419,
                    -0.4045620042938635,
                    -0.5316071179329351,
                    -0.7166260992615981
                ],
                [
                    0.5577515955322219,
                    -0.06174138661717067,
                    0.8277083779084572,
                    0.8848176035707139
                ],
                [
                    0.0,
                    0.0,
                    0.0,
                    1.0
                ]
            ],
            "size": [
                0.07264,
                0.04753,
                0.03326
            ]
        },
        "distance": 0.0
    },
    {
        "case": 15,
        "collider1": {
            "type": "Box",
            "collider2origin": [
                [
                    1.0,
                    0.0,
                    0.0,
                    0.13799999999999998
                ],
                [
                    0.0,
                    1.0,
                    0.0,
                    -0.7522000000000001
                ],
                [
                    0.0,
                    0.0,
                    1.0,
                    0.8899999999999999
                ],
                [
                    0.0,
                    0.0,
                    0.0,
                    1.0
                ]
            ],
            "size": [
                0.1904,
                0.2176,
                0.28
            ]
        },
        "collider2": {
            "type": "Cylinder",
            "collider2origin": [
                [
                    -0.6277833265219498,
                    0.6237639358736896,
                    0.46562500710807797,
                    0.18018892004314324
                ],
                [
                    0.5746340436596583,
                    -0.0321166027463124,
                    0.8177800680472622,
                    -0.7667359753177287
                ],
                [
                    0.5250560073062531,
                    0.7809526721456292,
                    -0.33827372505149805,
                    0.8808512021071857
                ],
                [
                    0.0,
                    0.0,
                    0.0,
                    1.0
                ]
            ],
            "radius": 0.00783,
            "height": 0.03044
        },
        "distance": 0.0
    },
    {
        "case": 16,
        "collider1": {
            "type": "Box",
            "collider2origin": [
                [
                    1.0,
                    0.0,
                    0.0,
                    0.13799999999999998
                ],
                [
                    0.0,
                    1.0,
                    0.0,
                    -0.7522000000000001
                ],
                [
                    0.0,
                    0.0,
                    1.0,
                    0.8899999999999999
                ],
                [
                    0.0,
                    0.0,
                    0.0,
                    1.0
                ]
            ],
            "size": [
                0.1904,
                0.2176,
                0.28
            ]
        },
        "collider2": {
            "type": "Box",
            "collider2origin": [
                [
                    0.11457058136091607,
                    0.9484814609911156,
                    0.2953921123570841,
                    0.2095059471195961
                ],
                [
                    -0.3429894740969724,
                    0.3168326342892409,
                    -0.8842936743571236,
                    -0.4750533564621421
                ],
                [
                    -0.9323260173058048,
                    -2.3449048738303498e-06,
                    0.3616188566006997,
                    0.6726747372145085
                ],
                [
                    0.0,
                    0.0,
                    0.0,
                    1.0
                ]
            ],
            "size": [
                0.1202,
                0.13634,
                0.67816
            ]
        },
        "distance": 0.0
    },
    {
        "case": 17,
        "collider1": {
            "type": "Box",
            "collider2origin": [
                [
                    1.0,
                    0.0,
                    0.0,
                    0.149
                ],
                [
                    0.0,
                    1.0,
                    0.0,
                    -0.354
                ],
                [
                    0.0,
                    0.0,
                    1.0,
                    0.865
                ],
                [
                    0.0,
                    0.0,
                    0.0,
                    1.0
                ]
            ],
            "size": [
                0.1,
                0.085,
                0.2158
            ]
        },
        "collider2": {
            "type": "Box",
            "collider2origin": [
                [
                    0.11457058136091607,
                    0.9484814609911156,
                    0.2953921123570841,
                    0.2095059471195961
                ],
                [
                    -0.3429894740969724,
                    0.3168326342892409,
                    -0.8842936743571236,
                    -0.4750533564621421
                ],
                [
                    -0.9323260173058048,
                    -2.3449048738303498e-06,
                    0.3616188566006997,
                    0.6726747372145085
                ],
                [
                    0.0,
                    0.0,
                    0.0,
                    1.0
                ]
            ],
            "size": [
                0.1202,
                0.13634,
                0.67816
            ]
        },
        "distance": 0.046758515903534505
    },
    {
        "case": 18,
        "collider1": {
            "type": "Box",
            "collider2origin": [
                [
                    1.0,
                    0.0,
                    0.0,
                    -0.01200000000000001
                ],
                [
                    0.0,
                    1.0,
                    0.0,
                    0.15750000000000003
                ],
                [
                    0.0,
                    0.0,
                    1.0,
                    0.335
                ],
                [
                    0.0,
                    0.0,
                    0.0,
                    1.0
                ]
            ],
            "size": [
                1.6,
                1.586,
                0.76
            ]
        },
        "collider2": {
            "type": "Box",
            "collider2origin": [
                [
                    0.11457058136091607,
                    0.9484814609911156,
                    0.2953921123570841,
                    0.2095059471195961
                ],
                [
                    -0.3429894740969724,
                    0.3168326342892409,
                    -0.8842936743571236,
                    -0.4750533564621421
                ],
                [
                    -0.9323260173058048,
                    -2.3449048738303498e-06,
                    0.3616188566006997,
                    0.6726747372145085
                ],
                [
                    0.0,
                    0.0,
                    0.0,
                    1.0
                ]
            ],
            "size": [
                0.1202,
                0.13634,
                0.67816
            ]
        },
        "distance": 0.0
    },
    {
        "case": 19,
        "collider1": {
            "type": "Box",
            "collider2origin": [
                [
                    1.0,
                    0.0,
                    0.0,
                    0.07799999999999999
                ],
                [
                    0.0,
                    1.0,
                    0.0,
                    -0.315
                ],
                [
                    0.0,
                    0.0,
                    1.0,
                    0.75
                ],
                [
                    0.0,
                    0.0,
                    0.0,
                    1.0
                ]
            ],
            "size": [
                1.76,
                0.64,
                0.06
            ]
        },
        "collider2": {
            "type": "Box",
            "collider2origin": [
                [
                    0.11457058136091607,
                    0.9484814609911156,
                    0.2953921123570841,
                    0.2095059471195961
                ],
                [
                    -0.3429894740969724,
                    0.3168326342892409,
                    -0.8842936743571236,
                    -0.4750533564621421
                ],
                [
                    -0.9323260173058048,
                    -2.3449048738303498e-06,
                    0.3616188566006997,
                    0.6726747372145085
                ],
                [
                    0.0,
                    0.0,
                    0.0,
                    1.0
                ]
            ],
            "size": [
                0.1202,
                0.13634,
                0.67816
            ]
        },
        "distance": 0.0
    },
    {
        "case": 20,
        "collider1": {
            "type": "Box",
            "collider2origin": [
                [
                    1.0,
                    0.0,
                    0.0,
                    0.13799999999999998
                ],
                [
                    0.0,
                    1.0,
                    0.0,
                    -0.7522000000000001
                ],
                [
                    0.0,
                    0.0,
                    1.0,
                    0.8899999999999999
                ],
                [
                    0.0,
                    0.0,
                    0.0,
                    1.0
                ]
            ],
            "size": [
                0.1904,
                0.2176,
                0.28
            ]
        },
        "collider2": {
            "type": "Cylinder",
            "collider2origin": [
                [
                    -0.17291494148998168,
                    0.3245607896083285,
                    0.9299251135754606,
                    0.1357010560510977
                ],
                [
                    0.7907660403691869,
                    -0.5171235355632693,
                    0.3275245309368155,
                    -0.7153212920009923
                ],
                [
                    0.5871877829181674,
                    0.791987085005407,
                    -0.16723326456265958,
                    0.9091281183857272
                ],
                [
                    0.0,
                    0.0,
                    0.0,
                    1.0
                ]
            ],
            "radius": 0.00713,
            "height": 0.01426
        },
        "distance": 0.0
    },
    {
        "case": 21,
        "collider1": {
            "type": "Box",
            "collider2origin": [
                [
                    1.0,
                    0.0,
                    0.0,
                    0.13799999999999998
                ],
                [
                    0.0,
                    1.0,
                    0.0,
                    -0.7522000000000001
                ],
                [
                    0.0,
                    0.0,
                    1.0,
                    0.8899999999999999
                ],
                [
                    0.0,
                    0.0,
                    0.0,
                    1.0
                ]
            ],
            "size": [
                0.1904,
                0.2176,
                0.28
            ]
        },
        "collider2": {
            "type": "Cylinder",
            "collider2origin": [
                [
                    -0.623817765371461,
                    0.7593953015855064,
                    0.18485175556865438,
                    0.1717264424035855
                ],
                [
                    0.5735036219361599,
                    0.28407743026462057,
                    0.7683707498599591,
                    -0.787581286302385
                ],
                [
                    0.5309849256175384,
                    0.5853364754943148,
                    -0.6127285036807333,
                    0.8939787945046114
                ],
                [
                    0.0,
                    0.0,
                    0.0,
                    1.0
                ]
            ],
            "radius": 0.0076,
            "height": 0.02993
        },
        "distance": 0.0
    },
    {
        "case": 22,
        "collider1": {
            "type": "Box",
            "collider2origin": [
                [
                    1.0,
                    0.0,
                    0.0,
                    0.13799999999999998
                ],
                [
                    0.0,
                    1.0,
                    0.0,
                    -0.7522000000000001
                ],
                [
                    0.0,
                    0.0,
                    1.0,
                    0.8899999999999999
                ],
                [
                    0.0,
                    0.0,
                    0.0,
                    1.0
                ]
            ],
            "size": [
                0.1904,
                0.2176,
                0.28
            ]
        },
        "collider2": {
            "type": "Box",
            "collider2origin": [
                [
                    -0.3218661566579548,
                    -0.9124221236123293,
                    0.2527608465348285,
                    0.24155417687499142
                ],
                [
                    0.6162125525369277,
                    -0.40456656339857155,
                    -0.6757277453795966,
                    -0.6984212726913831
                ],
                [
                    0.7188075314673328,
                    -0.061739485927854526,
                    0.6924622506557329,
                    0.8888746735644785
                ],
                [
                    0.0,
                    0.0,
                    0.0,
                    1.0
                ]
            ],
            "size": [
                0.06241,
                0.05638,
                0.02858
            ]
        },
        "distance": 0.0
    },
    {
        "case": 23,
        "collider1": {
            "type": "Box",
            "collider2origin": [
                [
                    1.0,
                    0.0,
                    0.0,
                    0.13799999999999998
                ],
                [
                    0.0,
                    1.0,
                    0.0,
                    -0.7522000000000001
                ],
                [
                    0.0,
                    0.0,
                    1.0,
                    0.8899999999999999
                ],
                [
                    0.0,
                    0.0,
                    0.0,
                    1.0
                ]
            ],
            "size": [
                0.1904,
                0.2176,
                0.28
            ]
        },
        "collider2": {
            "type": "Cylinder",
            "collider2origin": [
                [
                    -0.31845034024346563,
                    0.5667160517695216,
                    0.7598830814444977,
                    0.15968372100072403
                ],
                [
                    0.7576578739937485,
                    -0.3295840557023625,
                    0.5633195329491549,
                    -0.7314800482978402
                ],
                [
                    0.569687569439682,
                    0.7551206969045058,
                    -0.3244207242645885,
                    0.8951508258110672
                ],
                [
                    0.0,
                    0.0,
                    0.0,
                    1.0
                ]
            ],
            "radius": 0.00683,
            "height": 0.01782
        },
        "distance": 0.0
    },
    {
        "case": 24,
        "collider1": {
            "type": "Box",
            "collider2origin": [
                [
                    1.0,
                    0.0,
                    0.0,
                    -0.01200000000000001
                ],
                [
                    0.0,
                    1.0,
                    0.0,
                    0.15750000000000003
                ],
                [
                    0.0,
                    0.0,
                    1.0,
                    0.335
                ],
                [
                    0.0,
                    0.0,
                    0.0,
                    1.0
                ]
            ],
            "size": [
                1.6,
                1.586,
                0.76
            ]
        },
        "collider2": {
            "type": "Box",
            "collider2origin": [
                [
                    -0.2878886644895822,
                    0.9484808619325719,
                    0.13230333104669006,
                    0.2052643118211039
                ],
                [
                    0.8618190991102794,
                    0.31683442757770824,
                    -0.39608557902333713,
                    -0.06359813956455676
                ],
                [
                    -0.41759784154991875,
                    -7.010796663914256e-06,
                    -0.9086319621737381,
                    0.8547783285011341
                ],
                [
                    0.0,
                    0.0,
                    0.0,
                    1.0
                ]
            ],
            "size": [
                0.15068,
                0.17726,
                0.74884
            ]
        },
        "distance": 0.0
    },
    {
        "case": 25,
        "collider1": {
            "type": "Box",
            "collider2origin": [
                [
                    1.0,
                    0.0,
                    0.0,
                    0.543
                ],
                [
                    0.0,
                    1.0,
                    0.0,
                    0.1875
                ],
                [
                    0.0,
                    0.0,
                    1.0,
                    0.791
                ],
                [
                    0.0,
                    0.0,
                    0.0,
                    1.0
                ]
            ],
            "size": [
                0.44,
                0.5928,
                0.142
            ]
        },
        "collider2": {
            "type": "Box",
            "collider2origin": [
                [
                    -0.2878886644895822,
                    0.9484808619325719,
                    0.13230333104669006,
                    0.2052643118211039
                ],
                [
                    0.8618190991102794,
                    0.31683442757770824,
                    -0.39608557902333713,
                    -0.06359813956455676
                ],
                [
                    -0.41759784154991875,
                    -7.010796663914256e-06,
                    -0.9086319621737381,
                    0.8547783285011341
                ],
                [
                    0.0,
                    0.0,
                    0.0,
                    1.0
                ]
            ],
            "size": [
                0.15068,
                0.17726,
                0.74884
            ]
        },
        "distance": 0.008686817637425341
    },
    {
        "case": 26,
        "collider1": {
            "type": "Box",
            "collider2origin": [
                [
                    1.0,
                    0.0,
                    0.0,
                    0.07799999999999999
                ],
                [
                    0.0,
                    1.0,
                    0.0,
                    -0.315
                ],
                [
                    0.0,
                    0.0,
                    1.0,
                    0.75
                ],
                [
                    0.0,
                    0.0,
                    0.0,
                    1.0
                ]
            ],
            "size": [
                1.76,
                0.64,
                0.06
            ]
        },
        "collider2": {
            "type": "Box",
            "collider2origin": [
                [
                    -0.2878886644895822,
                    0.9484808619325719,
                    0.13230333104669006,
                    0.2052643118211039
                ],
                [
                    0.8618190991102794,
                    0.31683442757770824,
                    -0.39608557902333713,
                    -0.06359813956455676
                ],
                [
                    -0.41759784154991875,
                    -7.010796663914256e-06,
                    -0.9086319621737381,
                    0.8547783285011341
                ],
                [
                    0.0,
                    0.0,
                    0.0,
                    1.0
                ]
            ],
            "size": [
                0.15068,
                0.17726,
                0.74884
            ]
        },
        "distance": 0.0
    },
    {
        "case": 27,
        "collider1": {
            "type": "Box",
            "collider2origin": [
                [
                    1.0,
                    0.0,
                    0.0,
                    -0.01200000000000001
                ],
                [
                    0.0,
                    1.0,
                    0.0,
                    0.15750000000000003
                ],
                [
                    0.0,
                    0.0,
                    1.0,
                    0.335
                ],
                [
                    0.0,
                    0.0,
                    0.0,
                    1.0
                ]
            ],
            "size": [
                1.6,
                1.586,
                0.76
            ]
        },
        "collider2": {
            "type": "Box",
            "collider2origin": [
                [
                    -0.2878886644895822,
                    0.9484808619325719,
                    0.13230333104669006,
                    0.2052643118211039
                ],
                [
                    0.8618190991102794,
                    0.31683442757770824,
                    -0.39608557902333713,
                    -0.06359813956455676
                ],
                [
                    -0.41759784154991875,
                    -7.010796663914256e-06,
                    -0.9086319621737381,
                    0.8547783285011341
                ],
                [
                    0.0,
                    0.0,
                    0.0,
                    1.0
                ]
            ],
            "size": [
                0.15068,
                0.17726,
                0.74884
            ]
        },
        "distance": 0.0
    },
    {
        "case": 28,
        "collider1": {
            "type": "Box",
            "collider2origin": [
                [
                    1.0,
                    0.0,
                    0.0,
                    0.543
                ],
                [
                    0.0,
                    1.0,
                    0.0,
                    0.1875
                ],
                [
                    0.0,
                    0.0,
                    1.0,
                    0.791
                ],
                [
                    0.0,
                    0.0,
                    0.0,
                    1.0
                ]
            ],
            "size": [
                0.44,
                0.5928,
                0.142
            ]
        },
        "collider2": {
            "type": "Box",
            "collider2origin": [
                [
                    -0.2878886644895822,
                    0.9484808619325719,
                    0.13230333104669006,
                    0.2052643118211039
                ],
                [
                    0.8618190991102794,
                    0.31683442757770824,
                    -0.39608557902333713,
                    -0.06359813956455676
                ],
                [
                    -0.41759784154991875,
                    -7.010796663914256e-06,
                    -0.9086319621737381,
                    0.8547783285011341
                ],
                [
                    0.0,
                    0.0,
                    0.0,
                    1.0
                ]
            ],
            "size": [
                0.15068,
                0.17726,
                0.74884
            ]
        },
        "distance": 0.008686817637425341
    },
    {
        "case": 29,
        "collider1": {
            "type": "Box",
            "collider2origin": [
                [
                    1.0,
                    0.0,
                    0.0,
                    0.07799999999999999
                ],
                [
                    0.0,
                    1.0,
                    0.0,
                    -0.315
                ],
                [
                    0.0,
                    0.0,
                    1.0,
                    0.75
                ],
                [
                    0.0,
                    0.0,
                    0.0,
                    1.0
                ]
            ],
            "size": [
                1.76,
                0.64,
                0.06
            ]
        },
        "collider2": {
            "type": "Box",
            "collider2origin": [
                [
                    -0.2878886644895822,
                    0.9484808619325719,
                    0.13230333104669006,
                    0.2052643118211039
                ],
                [
                    0.8618190991102794,
                    0.31683442757770824,
                    -0.39608557902333713,
                    -0.06359813956455676
                ],
                [
                    -0.41759784154991875,
                    -7.010796663914256e-06,
                    -0.9086319621737381,
                    0.8547783285011341
                ],
                [
                    0.0,
                    0.0,
                    0.0,
                    1.0
                ]
            ],
            "size": [
                0.15068,
                0.17726,
                0.74884
            ]
        },
        "distance": 0.0
    },
    {
        "case": 30,
        "collider1": {
            "type": "Box",
            "collider2origin": [
                [
                    1.0,
                    0.0,
                    0.0,
                    0.13799999999999998
                ],
                [
                    0.0,
                    1.0,
                    0.0,
                    -0.7522000000000001
                ],
                [
                    0.0,
                    0.0,
                    1.0,
                    0.8899999999999999
                ],
                [
                    0.0,
                    0.0,
                    0.0,
                    1.0
                ]
            ],
            "size": [
                0.1904,
                0.2176,
                0.28
            ]
        },
        "collider2": {
            "type": "Cylinder",
            "collider2origin": [
                [
                    -0.16220211112847266,
                    0.32848458004412345,
                    0.9304774880773321,
                    0.15007243940387927
                ],
                [
                    0.8098199554043974,
                    -0.4944742955894701,
                    0.3157321821261122,
                    -0.710133043155692
                ],
                [
                    0.563810353731009,
                    0.8047316643916362,
                    -0.18580859331898786,
                    0.9066047131499619
                ],
                [
                    0.0,
                    0.0,
                    0.0,
                    1.0
                ]
            ],
            "radius": 0.00713,
            "height": 0.01697
        },
        "distance": 0.0
    }
]