[
    {
        "case": 0,
        "collider1": {
            "type": "Box",
            "collider2origin": [
                [
                    1.0,
                    0.0,
                    0.0,
                    0.44799999999999995
                ],
                [
                    0.0,
                    1.0,
                    0.0,
                    0.595
                ],
                [
                    0.0,
                    0.0,
                    1.0,
                    0.75
                ],
                [
                    0.0,
                    0.0,
                    0.0,
                    1.0
                ]
            ],
            "size": [
                0.82,
                0.7,
                0.06
            ]
        },
        "collider2": {
            "type": "Box",
            "collider2origin": [
                [
                    -0.23949489575055372,
                    -0.923998078424248,
                    0.2981102916333627,
                    0.2722819542206504
                ],
                [
                    -0.5787111714345471,
                    0.3823971116949122,
                    0.7203234197388303,
                    0.7839753693709947
                ],
                [
                    -0.7795739701697881,
                    -5.973770804240068e-06,
                    -0.6263101667688526,
                    1.0025931969216462
                ],
                [
                    0.0,
                    0.0,
                    0.0,
                    1.0
                ]
            ],
            "size": [
                0.1202,
                0.13634,
                0.67816
            ]
        },
        "distance": 0.0
    },
    {
        "case": 1,
        "collider1": {
            "type": "Box",
            "collider2origin": [
                [
                    1.0,
                    0.0,
                    0.0,
                    0.543
                ],
                [
                    0.0,
                    1.0,
                    0.0,
                    0.1875
                ],
                [
                    0.0,
                    0.0,
                    1.0,
                    0.791
                ],
                [
                    0.0,
                    0.0,
                    0.0,
                    1.0
                ]
            ],
            "size": [
                0.44,
                0.5928,
                0.142
            ]
        },
        "collider2": {
            "type": "Box",
            "collider2origin": [
                [
                    -0.23949489575055372,
                    -0.923998078424248,
                    0.2981102916333627,
                    0.2722819542206504
                ],
                [
                    -0.5787111714345471,
                    0.3823971116949122,
                    0.7203234197388303,
                    0.7839753693709947
                ],
                [
                    -0.7795739701697881,
                    -5.973770804240068e-06,
                    -0.6263101667688526,
                    1.0025931969216462
                ],
                [
                    0.0,
                    0.0,
                    0.0,
                    1.0
                ]
            ],
            "size": [
                0.1202,
                0.13634,
                0.67816
            ]
        },
        "distance": 0.23077615480884456
    },
    {
        "case": 2,
        "collider1": {
            "type": "Box",
            "collider2origin": [
                [
                    1.0,
                    0.0,
                    0.0,
                    0.44799999999999995
                ],
                [
                    0.0,
                    1.0,
                    0.0,
                    0.595
                ],
                [
                    0.0,
                    0.0,
                    1.0,
                    0.75
                ],
                [
                    0.0,
                    0.0,
                    0.0,
                    1.0
                ]
            ],
            "size": [
                0.82,
                0.7,
                0.06
            ]
        },
        "collider2": {
            "type": "Box",
            "collider2origin": [
                [
                    0.5480070237241921,
                    0.7741237787279014,
                    -0.316892216939747,
                    0.21856785310570276
                ],
                [
                    0.3337923459797038,
                    -0.5497530149473652,
                    -0.7657377438272504,
                    0.9515752964055368
                ],
                [
                    -0.7669882474421094,
                    0.313853465433022,
                    -0.5596651056849661,
                    0.7577018272286444
                ],
                [
                    0.0,
                    0.0,
                    0.0,
                    1.0
                ]
            ],
            "size": [
                0.09126,
                0.11887,
                0.10009
            ]
        },
        "distance": 0.0
    },
    {
        "case": 3,
        "collider1": {
            "type": "Box",
            "collider2origin": [
                [
                    1.0,
                    0.0,
                    0.0,
                    -0.01200000000000001
                ],
                [
                    0.0,
                    1.0,
                    0.0,
                    0.15750000000000003
                ],
                [
                    0.0,
                    0.0,
                    1.0,
                    0.335
                ],
                [
                    0.0,
                    0.0,
                    0.0,
                    1.0
                ]
            ],
            "size": [
                1.6,
                1.586,
                0.76
            ]
        },
        "collider2": {
            "type": "Box",
            "collider2origin": [
                [
                    0.5480070237241921,
                    0.7741237787279014,
                    -0.316892216939747,
                    0.21856785310570276
                ],
                [
                    0.3337923459797038,
                    -0.5497530149473652,
                    -0.7657377438272504,
                    0.9515752964055368
                ],
                [
                    -0.7669882474421094,
                    0.313853465433022,
                    -0.5596651056849661,
                    0.7577018272286444
                ],
                [
                    0.0,
                    0.0,
                    0.0,
                    1.0
                ]
            ],
            "size": [
                0.09126,
                0.11887,
                0.10009
            ]
        },
        "distance": 0.0
    },
    {
        "case": 4,
        "collider1": {
            "type": "Box",
            "collider2origin": [
                [
                    1.0,
                    0.0,
                    0.0,
                    0.44799999999999995
                ],
                [
                    0.0,
                    1.0,
                    0.0,
                    0.595
                ],
                [
                    0.0,
                    0.0,
                    1.0,
                    0.75
                ],
                [
                    0.0,
                    0.0,
                    0.0,
                    1.0
                ]
            ],
            "size": [
                0.82,
                0.7,
                0.06
            ]
        },
        "collider2": {
            "type": "Box",
            "collider2origin": [
                [
                    0.1794081643989873,
                    0.5841649961615629,
                    0.7915579371129738,
                    0.3362534621939432
                ],
                [
                    0.5406501990596906,
                    -0.7307603581733052,
                    0.41675731688734513,
                    0.8584207590174059
                ],
                [
                    0.8218941980593986,
                    0.35318629104480187,
                    -0.4469332959338719,
                    0.8085367222755974
                ],
                [
                    0.0,
                    0.0,
                    0.0,
                    1.0
                ]
            ],
            "size": [
                0.06241,
                0.05638,
                0.02858
            ]
        },
        "distance": 0.0
    },
    {
        "case": 5,
        "collider1": {
            "type": "Box",
            "collider2origin": [
                [
                    1.0,
                    0.0,
                    0.0,
                    0.44799999999999995
                ],
                [
                    0.0,
                    1.0,
                    0.0,
                    0.595
                ],
                [
                    0.0,
                    0.0,
                    1.0,
                    0.75
                ],
                [
                    0.0,
                    0.0,
                    0.0,
                    1.0
                ]
            ],
            "size": [
                0.82,
                0.7,
                0.06
            ]
        },
        "collider2": {
            "type": "Box",
            "collider2origin": [
                [
                    -0.6329379621112357,
                    0.774124902471322,
                    -0.010962275869623988,
                    0.27514996288005167
                ],
                [
                    -0.6807628056069737,
                    -0.5497484240906216,
                    0.4840853981602824,
                    0.9080885545555337
                ],
                [
                    0.36871606775484755,
                    0.31385873507621814,
                    0.8749520877143837,
                    0.7799143361766184
                ],
                [
                    0.0,
                    0.0,
                    0.0,
                    1.0
                ]
            ],
            "size": [
                0.08993,
                0.0305,
                0.09007
            ]
        },
        "distance": 0.0
    }
]