[
    {
        "case": 0,
        "collider1": {
            "type": "Box",
            "collider2origin": [
                [
                    1.0,
                    0.0,
                    0.0,
                    0.07799999999999999
                ],
                [
                    0.0,
                    1.0,
                    0.0,
                    -0.315
                ],
                [
                    0.0,
                    0.0,
                    1.0,
                    0.75
                ],
                [
                    0.0,
                    0.0,
                    0.0,
                    1.0
                ]
            ],
            "size": [
                1.76,
                0.64,
                0.06
            ]
        },
        "collider2": {
            "type": "Sphere",
            "collider2origin": [
                [
                    1.0,
                    0.0,
                    0.0,
                    -0.3126098453532892
                ],
                [
                    0.0,
                    1.0,
                    0.0,
                    -0.3106499620140499
                ],
                [
                    0.0,
                    0.0,
                    1.0,
                    0.772662056617384
                ],
                [
                    0.0,
                    0.0,
                    0.0,
                    1.0
                ]
            ],
            "radius": 0.00484
        },
        "distance": 0.0
    },
    {
        "case": 1,
        "collider1": {
            "type": "Box",
            "collider2origin": [
                [
                    1.0,
                    0.0,
                    0.0,
                    -0.01200000000000001
                ],
                [
                    0.0,
                    1.0,
                    0.0,
                    0.15750000000000003
                ],
                [
                    0.0,
                    0.0,
                    1.0,
                    0.335
                ],
                [
                    0.0,
                    0.0,
                    0.0,
                    1.0
                ]
            ],
            "size": [
                1.6,
                1.586,
                0.76
            ]
        },
        "collider2": {
            "type": "Box",
            "collider2origin": [
                [
                    -0.6847215219018697,
                    -0.7264781508154735,
                    -0.058188777544446506,
                    -0.12442376355276642
                ],
                [
                    0.7238690057088527,
                    -0.6871895636487283,
                    0.06151557677813807,
                    -0.10123446215038563
                ],
                [
                    -0.08467644311415004,
                    -1.3192314084097624e-08,
                    0.996408500556642,
                    0.6938404571094767
                ],
                [
                    0.0,
                    0.0,
                    0.0,
                    1.0
                ]
            ],
            "size": [
                0.09102,
                0.10007,
                0.11882
            ]
        },
        "distance": 0.0
    },
    {
        "case": 2,
        "collider1": {
            "type": "Box",
            "collider2origin": [
                [
                    1.0,
                    0.0,
                    0.0,
                    0.07799999999999999
                ],
                [
                    0.0,
                    1.0,
                    0.0,
                    -0.315
                ],
                [
                    0.0,
                    0.0,
                    1.0,
                    0.75
                ],
                [
                    0.0,
                    0.0,
                    0.0,
                    1.0
                ]
            ],
            "size": [
                1.76,
                0.64,
                0.06
            ]
        },
        "collider2": {
            "type": "Box",
            "collider2origin": [
                [
                    -0.6847215219018697,
                    -0.7264781508154735,
                    -0.058188777544446506,
                    -0.12442376355276642
                ],
                [
                    0.7238690057088527,
                    -0.6871895636487283,
                    0.06151557677813807,
                    -0.10123446215038563
                ],
                [
                    -0.08467644311415004,
                    -1.3192314084097624e-08,
                    0.996408500556642,
                    0.6938404571094767
                ],
                [
                    0.0,
                    0.0,
                    0.0,
                    1.0
                ]
            ],
            "size": [
                0.09102,
                0.10007,
                0.11882
            ]
        },
        "distance": 0.0
    },
    {
        "case": 3,
        "collider1": {
            "type": "Box",
            "collider2origin": [
                [
                    1.0,
                    0.0,
                    0.0,
                    0.07799999999999999
                ],
                [
                    0.0,
                    1.0,
                    0.0,
                    -0.315
                ],
                [
                    0.0,
                    0.0,
                    1.0,
                    0.75
                ],
                [
                    0.0,
                    0.0,
                    0.0,
                    1.0
                ]
            ],
            "size": [
                1.76,
                0.64,
                0.06
            ]
        },
        "collider2": {
            "type": "Cylinder",
            "collider2origin": [
                [
                    -0.6092453904100987,
                    0.790873326513719,
                    0.05778785056713777,
                    -0.31337298735801533
                ],
                [
                    0.14936039218459915,
                    0.04287822823850091,
                    0.9878526867856309,
                    -0.2963266097542213
                ],
                [
                    0.778788499857637,
                    0.6104759118525892,
                    -0.14424851311968656,
                    0.7705243255020452
                ],
                [
                    0.0,
                    0.0,
                    0.0,
                    1.0
                ]
            ],
            "radius": 0.0076,
            "height": 0.02993
        },
        "distance": 0.0
    },
    {
        "case": 4,
        "collider1": {
            "type": "Box",
            "collider2origin": [
                [
                    1.0,
                    0.0,
                    0.0,
                    0.07799999999999999
                ],
                [
                    0.0,
                    1.0,
                    0.0,
                    -0.315
                ],
                [
                    0.0,
                    0.0,
                    1.0,
                    0.75
                ],
                [
                    0.0,
                    0.0,
                    0.0,
                    1.0
                ]
            ],
            "size": [
                1.76,
                0.64,
                0.06
            ]
        },
        "collider2": {
            "type": "Box",
            "collider2origin": [
                [
                    -0.6824039960938075,
                    -0.7286555100203974,
                    -0.058188777544446506,
                    -0.13542335080698273
                ],
                [
                    0.7260542396079976,
                    -0.684880336234663,
                    0.06151557677813807,
                    -0.09854129971643816
                ],
                [
                    -0.08467601350119759,
                    -0.000269733218335187,
                    0.996408500556642,
                    0.8027759603121739
                ],
                [
                    0.0,
                    0.0,
                    0.0,
                    1.0
                ]
            ],
            "size": [
                0.09126,
                0.11887,
                0.10009
            ]
        },
        "distance": 0.0
    },
    {
        "case": 5,
        "collider1": {
            "type": "Box",
            "collider2origin": [
                [
                    1.0,
                    0.0,
                    0.0,
                    0.07799999999999999
                ],
                [
                    0.0,
                    1.0,
                    0.0,
                    -0.315
                ],
                [
                    0.0,
                    0.0,
                    1.0,
                    0.75
                ],
                [
                    0.0,
                    0.0,
                    0.0,
                    1.0
                ]
            ],
            "size": [
                1.76,
                0.64,
                0.06
            ]
        },
        "collider2": {
            "type": "Box",
            "collider2origin": [
                [
                    -0.5983087459340196,
                    -0.7286565205461798,
                    -0.3332961439986893,
                    -0.19034398404986105
                ],
                [
                    0.6367443297573805,
                    -0.6848792609403792,
                    0.35425563715427877,
                    -0.14915308090248114
                ],
                [
                    -0.48639829672880747,
                    -0.0002701838153310908,
                    0.8737371595279787,
                    0.8073453902881815
                ],
                [
                    0.0,
                    0.0,
                    0.0,
                    1.0
                ]
            ],
            "size": [
                0.08993,
                0.0305,
                0.09007
            ]
        },
        "distance": 0.0
    },
    {
        "case": 6,
        "collider1": {
            "type": "Box",
            "collider2origin": [
                [
                    1.0,
                    0.0,
                    0.0,
                    0.44799999999999995
                ],
                [
                    0.0,
                    1.0,
                    0.0,
                    0.595
                ],
                [
                    0.0,
                    0.0,
                    1.0,
                    0.75
                ],
                [
                    0.0,
                    0.0,
                    0.0,
                    1.0
                ]
            ],
            "size": [
                0.82,
                0.7,
                0.06
            ]
        },
        "collider2": {
            "type": "Box",
            "collider2origin": [
                [
                    0.21512762210993328,
                    -0.726475539754982,
                    0.6526510525104767,
                    -0.23374869697589684
                ],
                [
                    -0.22743201667134544,
                    -0.6871923239635644,
                    -0.6899575259958833,
                    0.1769737259067822
                ],
                [
                    0.9497340596178125,
                    -4.823130787029475e-06,
                    -0.31305784765536027,
                    0.782560450822296
                ],
                [
                    0.0,
                    0.0,
                    0.0,
                    1.0
                ]
            ],
            "size": [
                0.1202,
                0.13634,
                0.67816
            ]
        },
        "distance": 0.17599561296074206
    },
    {
        "case": 7,
        "collider1": {
            "type": "Box",
            "collider2origin": [
                [
                    1.0,
                    0.0,
                    0.0,
                    -0.01200000000000001
                ],
                [
                    0.0,
                    1.0,
                    0.0,
                    0.15750000000000003
                ],
                [
                    0.0,
                    0.0,
                    1.0,
                    0.335
                ],
                [
                    0.0,
                    0.0,
                    0.0,
                    1.0
                ]
            ],
            "size": [
                1.6,
                1.586,
                0.76
            ]
        },
        "collider2": {
            "type": "Box",
            "collider2origin": [
                [
                    0.21512762210993328,
                    -0.726475539754982,
                    0.6526510525104767,
                    -0.23374869697589684
                ],
                [
                    -0.22743201667134544,
                    -0.6871923239635644,
                    -0.6899575259958833,
                    0.1769737259067822
                ],
                [
                    0.9497340596178125,
                    -4.823130787029475e-06,
                    -0.31305784765536027,
                    0.782560450822296
                ],
                [
                    0.0,
                    0.0,
                    0.0,
                    1.0
                ]
            ],
            "size": [
                0.1202,
                0.13634,
                0.67816
            ]
        },
        "distance": 0.0
    },
    {
        "case": 8,
        "collider1": {
            "type": "Box",
            "collider2origin": [
                [
                    1.0,
                    0.0,
                    0.0,
                    0.07799999999999999
                ],
                [
                    0.0,
                    1.0,
                    0.0,
                    -0.315
                ],
                [
                    0.0,
                    0.0,
                    1.0,
                    0.75
                ],
                [
                    0.0,
                    0.0,
                    0.0,
                    1.0
                ]
            ],
            "size": [
                1.76,
                0.64,
                0.06
            ]
        },
        "collider2": {
            "type": "Box",
            "collider2origin": [
                [
                    0.21512762210993328,
                    -0.726475539754982,
                    0.6526510525104767,
                    -0.23374869697589684
                ],
                [
                    -0.22743201667134544,
                    -0.6871923239635644,
                    -0.6899575259958833,
                    0.1769737259067822
                ],
                [
                    0.9497340596178125,
                    -4.823130787029475e-06,
                    -0.31305784765536027,
                    0.782560450822296
                ],
                [
                    0.0,
                    0.0,
                    0.0,
                    1.0
                ]
            ],
            "size": [
                0.1202,
                0.13634,
                0.67816
            ]
        },
        "distance": 0.0
    },
    {
        "case": 9,
        "collider1": {
            "type": "Box",
            "collider2origin": [
                [
                    1.0,
                    0.0,
                    0.0,
                    -0.362
                ],
                [
                    0.0,
                    1.0,
                    0.0,
                    0.35500000000000004
                ],
                [
                    0.0,
                    0.0,
                    1.0,
                    0.75
                ],
                [
                    0.0,
                    0.0,
                    0.0,
                    1.0
                ]
            ],
            "size": [
                0.8,
                0.22,
                0.06
            ]
        },
        "collider2": {
            "type": "Box",
            "collider2origin": [
                [
                    0.21512762210993328,
                    -0.726475539754982,
                    0.6526510525104767,
                    -0.23374869697589684
                ],
                [
                    -0.22743201667134544,
                    -0.6871923239635644,
                    -0.6899575259958833,
                    0.1769737259067822
                ],
                [
                    0.9497340596178125,
                    -4.823130787029475e-06,
                    -0.31305784765536027,
                    0.782560450822296
                ],
                [
                    0.0,
                    0.0,
                    0.0,
                    1.0
                ]
            ],
            "size": [
                0.1202,
                0.13634,
                0.67816
            ]
        },
        "distance": 0.0
    },
    {
        "case": 10,
        "collider1": {
            "type": "Box",
            "collider2origin": [
                [
                    1.0,
                    0.0,
                    0.0,
                    -0.28465
                ],
                [
                    0.0,
                    1.0,
                    0.0,
                    0.4895
                ],
                [
                    0.0,
                    0.0,
                    1.0,
                    0.8
                ],
                [
                    0.0,
                    0.0,
                    0.0,
                    1.0
                ]
            ],
            "size": [
                0.54952,
                0.04,
                0.16125
            ]
        },
        "collider2": {
            "type": "Box",
            "collider2origin": [
                [
                    0.21512762210993328,
                    -0.726475539754982,
                    0.6526510525104767,
                    -0.23374869697589684
                ],
                [
                    -0.22743201667134544,
                    -0.6871923239635644,
                    -0.6899575259958833,
                    0.1769737259067822
                ],
                [
                    0.9497340596178125,
                    -4.823130787029475e-06,
                    -0.31305784765536027,
                    0.782560450822296
                ],
                [
                    0.0,
                    0.0,
                    0.0,
                    1.0
                ]
            ],
            "size": [
                0.1202,
                0.13634,
                0.67816
            ]
        },
        "distance": 0.0
    },
    {
        "case": 11,
        "collider1": {
            "type": "Box",
            "collider2origin": [
                [
                    1.0,
                    0.0,
                    0.0,
                    0.01006
                ],
                [
                    0.0,
                    1.0,
                    0.0,
                    0.6895
                ],
                [
                    0.0,
                    0.0,
                    1.0,
                    0.8
                ],
                [
                    0.0,
                    0.0,
                    0.0,
                    1.0
                ]
            ],
            "size": [
                0.03989,
                0.44,
                0.16125
            ]
        },
        "collider2": {
            "type": "Box",
            "collider2origin": [
                [
                    0.21512762210993328,
                    -0.726475539754982,
                    0.6526510525104767,
                    -0.23374869697589684
                ],
                [
                    -0.22743201667134544,
                    -0.6871923239635644,
                    -0.6899575259958833,
                    0.1769737259067822
                ],
                [
                    0.9497340596178125,
                    -4.823130787029475e-06,
                    -0.31305784765536027,
                    0.782560450822296
                ],
                [
                    0.0,
                    0.0,
                    0.0,
                    1.0
                ]
            ],
            "size": [
                0.1202,
                0.13634,
                0.67816
            ]
        },
        "distance": 0.2954830982840537
    },
    {
        "case": 12,
        "collider1": {
            "type": "Box",
            "collider2origin": [
                [
                    1.0,
                    0.0,
                    0.0,
                    0.07799999999999999
                ],
                [
                    0.0,
                    1.0,
                    0.0,
                    -0.315
                ],
                [
                    0.0,
                    0.0,
                    1.0,
                    0.75
                ],
                [
                    0.0,
                    0.0,
                    0.0,
                    1.0
                ]
            ],
            "size": [
                1.76,
                0.64,
                0.06
            ]
        },
        "collider2": {
            "type": "Cylinder",
            "collider2origin": [
                [
                    -0.613884081111761,
                    0.7021669004188582,
                    0.360704836277172,
                    -0.3080239890094385
                ],
                [
                    0.15281492057229115,
                    -0.3425873481646657,
                    0.9269743841811305,
                    -0.27085704039561875
                ],
                [
                    0.7744636434385106,
                    0.6241758989529115,
                    0.10300734031258095,
                    0.769445690552558
                ],
                [
                    0.0,
                    0.0,
                    0.0,
                    1.0
                ]
            ],
            "radius": 0.00783,
            "height": 0.03044
        },
        "distance": 0.0
    },
    {
        "case": 13,
        "collider1": {
            "type": "Box",
            "collider2origin": [
                [
                    1.0,
                    0.0,
                    0.0,
                    0.07799999999999999
                ],
                [
                    0.0,
                    1.0,
                    0.0,
                    -0.315
                ],
                [
                    0.0,
                    0.0,
                    1.0,
                    0.75
                ],
                [
                    0.0,
                    0.0,
                    0.0,
                    1.0
                ]
            ],
            "size": [
                1.76,
                0.64,
                0.06
            ]
        },
        "collider2": {
            "type": "Box",
            "collider2origin": [
                [
                    -0.29200819668899175,
                    -0.8403060903840013,
                    0.4567459770266149,
                    -0.2547671409393237
                ],
                [
                    0.16484325899113808,
                    -0.5146324249111123,
                    -0.8414155734209393,
                    -0.20266162077702415
                ],
                [
                    0.9421029206151648,
                    -0.17040874887652382,
                    0.2887956808449776,
                    0.8048430823716475
                ],
                [
                    0.0,
                    0.0,
                    0.0,
                    1.0
                ]
            ],
            "size": [
                0.06241,
                0.05638,
                0.02858
            ]
        },
        "distance": 0.0
    },
    {
        "case": 14,
        "collider1": {
            "type": "Box",
            "collider2origin": [
                [
                    1.0,
                    0.0,
                    0.0,
                    0.07799999999999999
                ],
                [
                    0.0,
                    1.0,
                    0.0,
                    -0.315
                ],
                [
                    0.0,
                    0.0,
                    1.0,
                    0.75
                ],
                [
                    0.0,
                    0.0,
                    0.0,
                    1.0
                ]
            ],
            "size": [
                1.76,
                0.64,
                0.06
            ]
        },
        "collider2": {
            "type": "Box",
            "collider2origin": [
                [
                    0.2884576780902411,
                    -0.726480228104112,
                    -0.6237135930253439,
                    -0.3139241542663495
                ],
                [
                    -0.304944584673531,
                    -0.6871873675691372,
                    0.6593802560978658,
                    0.07788159106038084
                ],
                [
                    -0.9076348209654995,
                    -5.215072189647938e-06,
                    -0.4197606838946788,
                    1.0014735097761174
                ],
                [
                    0.0,
                    0.0,
                    0.0,
                    1.0
                ]
            ],
            "size": [
                0.15068,
                0.17726,
                0.74884
            ]
        },
        "distance": 0.12323763399064694
    },
    {
        "case": 15,
        "collider1": {
            "type": "Box",
            "collider2origin": [
                [
                    1.0,
                    0.0,
                    0.0,
                    -0.362
                ],
                [
                    0.0,
                    1.0,
                    0.0,
                    0.35500000000000004
                ],
                [
                    0.0,
                    0.0,
                    1.0,
                    0.75
                ],
                [
                    0.0,
                    0.0,
                    0.0,
                    1.0
                ]
            ],
            "size": [
                0.8,
                0.22,
                0.06
            ]
        },
        "collider2": {
            "type": "Box",
            "collider2origin": [
                [
                    0.2884576780902411,
                    -0.726480228104112,
                    -0.6237135930253439,
                    -0.3139241542663495
                ],
                [
                    -0.304944584673531,
                    -0.6871873675691372,
                    0.6593802560978658,
                    0.07788159106038084
                ],
                [
                    -0.9076348209654995,
                    -5.215072189647938e-06,
                    -0.4197606838946788,
                    1.0014735097761174
                ],
                [
                    0.0,
                    0.0,
                    0.0,
                    1.0
                ]
            ],
            "size": [
                0.15068,
                0.17726,
                0.74884
            ]
        },
        "distance": 0.0
    },
    {
        "case": 16,
        "collider1": {
            "type": "Box",
            "collider2origin": [
                [
                    1.0,
                    0.0,
                    0.0,
                    0.07799999999999999
                ],
                [
                    0.0,
                    1.0,
                    0.0,
                    -0.315
                ],
                [
                    0.0,
                    0.0,
                    1.0,
                    0.75
                ],
                [
                    0.0,
                    0.0,
                    0.0,
                    1.0
                ]
            ],
            "size": [
                1.76,
                0.64,
                0.06
            ]
        },
        "collider2": {
            "type": "Box",
            "collider2origin": [
                [
                    0.2884576780902411,
                    -0.726480228104112,
                    -0.6237135930253439,
                    -0.3139241542663495
                ],
                [
                    -0.304944584673531,
                    -0.6871873675691372,
                    0.6593802560978658,
                    0.07788159106038084
                ],
                [
                    -0.9076348209654995,
                    -5.215072189647938e-06,
                    -0.4197606838946788,
                    1.0014735097761174
                ],
                [
                    0.0,
                    0.0,
                    0.0,
                    1.0
                ]
            ],
            "size": [
                0.15068,
                0.17726,
                0.74884
            ]
        },
        "distance": 0.12323763399064694
    },
    {
        "case": 17,
        "collider1": {
            "type": "Box",
            "collider2origin": [
                [
                    1.0,
                    0.0,
                    0.0,
                    -0.362
                ],
                [
                    0.0,
                    1.0,
                    0.0,
                    0.35500000000000004
                ],
                [
                    0.0,
                    0.0,
                    1.0,
                    0.75
                ],
                [
                    0.0,
                    0.0,
                    0.0,
                    1.0
                ]
            ],
            "size": [
                0.8,
                0.22,
                0.06
            ]
        },
        "collider2": {
            "type": "Box",
            "collider2origin": [
                [
                    0.2884576780902411,
                    -0.726480228104112,
                    -0.6237135930253439,
                    -0.3139241542663495
                ],
                [
                    -0.304944584673531,
                    -0.6871873675691372,
                    0.6593802560978658,
                    0.07788159106038084
                ],
                [
                    -0.9076348209654995,
                    -5.215072189647938e-06,
                    -0.4197606838946788,
                    1.0014735097761174
                ],
                [
                    0.0,
                    0.0,
                    0.0,
                    1.0
                ]
            ],
            "size": [
                0.15068,
                0.17726,
                0.74884
            ]
        },
        "distance": 0.0
    },
    {
        "case": 18,
        "collider1": {
            "type": "Box",
            "collider2origin": [
                [
                    1.0,
                    0.0,
                    0.0,
                    0.07799999999999999
                ],
                [
                    0.0,
                    1.0,
                    0.0,
                    -0.315
                ],
                [
                    0.0,
                    0.0,
                    1.0,
                    0.75
                ],
                [
                    0.0,
                    0.0,
                    0.0,
                    1.0
                ]
            ],
            "size": [
                1.76,
                0.64,
                0.06
            ]
        },
        "collider2": {
            "type": "Box",
            "collider2origin": [
                [
                    -0.3812296954518422,
                    -0.840308916469601,
                    0.38541515824806366,
                    -0.29933992940120935
                ],
                [
                    0.3374956339091583,
                    -0.5146279844149679,
                    -0.7881971420585349,
                    -0.2266356173907021
                ],
                [
                    0.8606745124598212,
                    -0.17040822327185895,
                    0.4797920602129396,
                    0.7965418948000194
                ],
                [
                    0.0,
                    0.0,
                    0.0,
                    1.0
                ]
            ],
            "size": [
                0.07264,
                0.04753,
                0.03326
            ]
        },
        "distance": 0.0
    }
]