[
    {
        "case": 0,
        "collider1": {
            "type": "Box",
            "collider2origin": [
                [
                    1.0,
                    0.0,
                    0.0,
                    0.07799999999999999
                ],
                [
                    0.0,
                    1.0,
                    0.0,
                    -0.315
                ],
                [
                    0.0,
                    0.0,
                    1.0,
                    0.75
                ],
                [
                    0.0,
                    0.0,
                    0.0,
                    1.0
                ]
            ],
            "size": [
                1.76,
                0.64,
                0.06
            ]
        },
        "collider2": {
            "type": "Sphere",
            "collider2origin": [
                [
                    1.0,
                    0.0,
                    0.0,
                    -0.3117436037295644
                ],
                [
                    0.0,
                    1.0,
                    0.0,
                    -0.3448291059581119
                ],
                [
                    0.0,
                    0.0,
                    1.0,
                    0.7885690682875068
                ],
                [
                    0.0,
                    0.0,
                    0.0,
                    1.0
                ]
            ],
            "radius": 0.01051
        },
        "distance": 0.0
    },
    {
        "case": 1,
        "collider1": {
            "type": "Box",
            "collider2origin": [
                [
                    1.0,
                    0.0,
                    0.0,
                    0.07799999999999999
                ],
                [
                    0.0,
                    1.0,
                    0.0,
                    -0.315
                ],
                [
                    0.0,
                    0.0,
                    1.0,
                    0.75
                ],
                [
                    0.0,
                    0.0,
                    0.0,
                    1.0
                ]
            ],
            "size": [
                1.76,
                0.64,
                0.06
            ]
        },
        "collider2": {
            "type": "Cylinder",
            "collider2origin": [
                [
                    -0.8706678332612102,
                    0.2373765877103801,
                    0.43080143886854044,
                    -0.285639391010191
                ],
                [
                    0.09730571473926511,
                    0.9416559466229832,
                    -0.32220440106965154,
                    -0.3728857855288991
                ],
                [
                    -0.48215051799547964,
                    -0.2386135658267328,
                    -0.8429676412532935,
                    0.7769111832681985
                ],
                [
                    0.0,
                    0.0,
                    0.0,
                    1.0
                ]
            ],
            "radius": 0.00783,
            "height": 0.03683
        },
        "distance": 0.0
    },
    {
        "case": 2,
        "collider1": {
            "type": "Box",
            "collider2origin": [
                [
                    1.0,
                    0.0,
                    0.0,
                    -0.01200000000000001
                ],
                [
                    0.0,
                    1.0,
                    0.0,
                    0.15750000000000003
                ],
                [
                    0.0,
                    0.0,
                    1.0,
                    0.335
                ],
                [
                    0.0,
                    0.0,
                    0.0,
                    1.0
                ]
            ],
            "size": [
                1.6,
                1.586,
                0.76
            ]
        },
        "collider2": {
            "type": "Box",
            "collider2origin": [
                [
                    -0.7984352070306773,
                    -0.6002260827259795,
                    -0.047221497109949516,
                    -0.15099344425039465
                ],
                [
                    0.31328737081116276,
                    -0.4811552848945736,
                    0.8187433145426292,
                    -0.2533497740944207
                ],
                [
                    -0.514151965341093,
                    0.6389195891764838,
                    0.5722145708582089,
                    0.6121950470710841
                ],
                [
                    0.0,
                    0.0,
                    0.0,
                    1.0
                ]
            ],
            "size": [
                0.09126,
                0.11887,
                0.10009
            ]
        },
        "distance": 0.0
    },
    {
        "case": 3,
        "collider1": {
            "type": "Box",
            "collider2origin": [
                [
                    1.0,
                    0.0,
                    0.0,
                    0.07799999999999999
                ],
                [
                    0.0,
                    1.0,
                    0.0,
                    -0.315
                ],
                [
                    0.0,
                    0.0,
                    1.0,
                    0.75
                ],
                [
                    0.0,
                    0.0,
                    0.0,
                    1.0
                ]
            ],
            "size": [
                1.76,
                0.64,
                0.06
            ]
        },
        "collider2": {
            "type": "Cylinder",
            "collider2origin": [
                [
                    -0.7880972459708993,
                    0.5181998610652228,
                    0.33222226729264687,
                    -0.2945803893241282
                ],
                [
                    0.21948960493210734,
                    0.7408103217957474,
                    -0.6348420121948669,
                    -0.3655103330085056
                ],
                [
                    -0.5750887272585253,
                    -0.427397907239687,
                    -0.697570057175123,
                    0.756737901033015
                ],
                [
                    0.0,
                    0.0,
                    0.0,
                    1.0
                ]
            ],
            "radius": 0.00683,
            "height": 0.01782
        },
        "distance": 0.0
    },
    {
        "case": 4,
        "collider1": {
            "type": "Box",
            "collider2origin": [
                [
                    1.0,
                    0.0,
                    0.0,
                    -0.01200000000000001
                ],
                [
                    0.0,
                    1.0,
                    0.0,
                    0.15750000000000003
                ],
                [
                    0.0,
                    0.0,
                    1.0,
                    0.335
                ],
                [
                    0.0,
                    0.0,
                    0.0,
                    1.0
                ]
            ],
            "size": [
                1.6,
                1.586,
                0.76
            ]
        },
        "collider2": {
            "type": "Box",
            "collider2origin": [
                [
                    -0.03294614060314382,
                    -0.9983409648161559,
                    -0.047221497109949516,
                    -0.14051296307776426
                ],
                [
                    0.5712653209536454,
                    -0.057578797898861785,
                    0.8187433145426292,
                    -0.34174077804863345
                ],
                [
                    -0.8201039476158413,
                    -1.5713436214715312e-06,
                    0.5722145708582089,
                    0.5484330604433538
                ],
                [
                    0.0,
                    0.0,
                    0.0,
                    1.0
                ]
            ],
            "size": [
                0.09102,
                0.10007,
                0.11882
            ]
        },
        "distance": 0.0
    },
    {
        "case": 5,
        "collider1": {
            "type": "Box",
            "collider2origin": [
                [
                    1.0,
                    0.0,
                    0.0,
                    -0.01200000000000001
                ],
                [
                    0.0,
                    1.0,
                    0.0,
                    0.15750000000000003
                ],
                [
                    0.0,
                    0.0,
                    1.0,
                    0.335
                ],
                [
                    0.0,
                    0.0,
                    0.0,
                    1.0
                ]
            ],
            "size": [
                1.6,
                1.586,
                0.76
            ]
        },
        "collider2": {
            "type": "Box",
            "collider2origin": [
                [
                    0.1364722937620762,
                    -0.6002288041225468,
                    -0.7880994199572379,
                    -0.19671253940119884
                ],
                [
                    -0.8487120800022362,
                    -0.4811574860797705,
                    0.2194886758984918,
                    -0.28600888665024077
                ],
                [
                    -0.5109433611405428,
                    0.6389153749057952,
                    -0.5750861026102018,
                    0.6615347482546269
                ],
                [
                    0.0,
                    0.0,
                    0.0,
                    1.0
                ]
            ],
            "size": [
                0.08993,
                0.0305,
                0.09007
            ]
        },
        "distance": 0.0
    },
    {
        "case": 6,
        "collider1": {
            "type": "Box",
            "collider2origin": [
                [
                    1.0,
                    0.0,
                    0.0,
                    0.07799999999999999
                ],
                [
                    0.0,
                    1.0,
                    0.0,
                    -0.315
                ],
                [
                    0.0,
                    0.0,
                    1.0,
                    0.75
                ],
                [
                    0.0,
                    0.0,
                    0.0,
                    1.0
                ]
            ],
            "size": [
                1.76,
                0.64,
                0.06
            ]
        },
        "collider2": {
            "type": "Box",
            "collider2origin": [
                [
                    0.1364722937620762,
                    -0.6002288041225468,
                    -0.7880994199572379,
                    -0.19671253940119884
                ],
                [
                    -0.8487120800022362,
                    -0.4811574860797705,
                    0.2194886758984918,
                    -0.28600888665024077
                ],
                [
                    -0.5109433611405428,
                    0.6389153749057952,
                    -0.5750861026102018,
                    0.6615347482546269
                ],
                [
                    0.0,
                    0.0,
                    0.0,
                    1.0
                ]
            ],
            "size": [
                0.08993,
                0.0305,
                0.09007
            ]
        },
        "distance": 0.0
    },
    {
        "case": 7,
        "collider1": {
            "type": "Box",
            "collider2origin": [
                [
                    1.0,
                    0.0,
                    0.0,
                    -0.01200000000000001
                ],
                [
                    0.0,
                    1.0,
                    0.0,
                    0.15750000000000003
                ],
                [
                    0.0,
                    0.0,
                    1.0,
                    0.335
                ],
                [
                    0.0,
                    0.0,
                    0.0,
                    1.0
                ]
            ],
            "size": [
                1.6,
                1.586,
                0.76
            ]
        },
        "collider2": {
            "type": "Sphere",
            "collider2origin": [
                [
                    1.0,
                    0.0,
                    0.0,
                    -0.33778492190236487
                ],
                [
                    0.0,
                    1.0,
                    0.0,
                    -0.44520502007091084
                ],
                [
                    0.0,
                    0.0,
                    1.0,
                    0.721250440058272
                ],
                [
                    0.0,
                    0.0,
                    0.0,
                    1.0
                ]
            ],
            "radius": 0.00663
        },
        "distance": 0.0
    },
    {
        "case": 8,
        "collider1": {
            "type": "Box",
            "collider2origin": [
                [
                    1.0,
                    0.0,
                    0.0,
                    0.07799999999999999
                ],
                [
                    0.0,
                    1.0,
                    0.0,
                    -0.315
                ],
                [
                    0.0,
                    0.0,
                    1.0,
                    0.75
                ],
                [
                    0.0,
                    0.0,
                    0.0,
                    1.0
                ]
            ],
            "size": [
                1.76,
                0.64,
                0.06
            ]
        },
        "collider2": {
            "type": "Sphere",
            "collider2origin": [
                [
                    1.0,
                    0.0,
                    0.0,
                    -0.33778492190236487
                ],
                [
                    0.0,
                    1.0,
                    0.0,
                    -0.44520502007091084
                ],
                [
                    0.0,
                    0.0,
                    1.0,
                    0.721250440058272
                ],
                [
                    0.0,
                    0.0,
                    0.0,
                    1.0
                ]
            ],
            "radius": 0.00663
        },
        "distance": 0.0
    },
    {
        "case": 9,
        "collider1": {
            "type": "Box",
            "collider2origin": [
                [
                    1.0,
                    0.0,
                    0.0,
                    -0.01200000000000001
                ],
                [
                    0.0,
                    1.0,
                    0.0,
                    0.15750000000000003
                ],
                [
                    0.0,
                    0.0,
                    1.0,
                    0.335
                ],
                [
                    0.0,
                    0.0,
                    0.0,
                    1.0
                ]
            ],
            "size": [
                1.6,
                1.586,
                0.76
            ]
        },
        "collider2": {
            "type": "Box",
            "collider2origin": [
                [
                    -0.8115476716547141,
                    -0.5036005668921791,
                    -0.29627157416412375,
                    -0.272911394506017
                ],
                [
                    0.17618146712288854,
                    -0.6943806969784299,
                    0.6977073443114784,
                    -0.36781476788444595
                ],
                [
                    -0.5570910762830784,
                    0.5140252101693311,
                    0.6522481245938049,
                    0.7357095913933582
                ],
                [
                    0.0,
                    0.0,
                    0.0,
                    1.0
                ]
            ],
            "size": [
                0.07264,
                0.04753,
                0.03326
            ]
        },
        "distance": 0.0
    },
    {
        "case": 10,
        "collider1": {
            "type": "Box",
            "collider2origin": [
                [
                    1.0,
                    0.0,
                    0.0,
                    0.07799999999999999
                ],
                [
                    0.0,
                    1.0,
                    0.0,
                    -0.315
                ],
                [
                    0.0,
                    0.0,
                    1.0,
                    0.75
                ],
                [
                    0.0,
                    0.0,
                    0.0,
                    1.0
                ]
            ],
            "size": [
                1.76,
                0.64,
                0.06
            ]
        },
        "collider2": {
            "type": "Box",
            "collider2origin": [
                [
                    -0.8115476716547141,
                    -0.5036005668921791,
                    -0.29627157416412375,
                    -0.272911394506017
                ],
                [
                    0.17618146712288854,
                    -0.6943806969784299,
                    0.6977073443114784,
                    -0.36781476788444595
                ],
                [
                    -0.5570910762830784,
                    0.5140252101693311,
                    0.6522481245938049,
                    0.7357095913933582
                ],
                [
                    0.0,
                    0.0,
                    0.0,
                    1.0
                ]
            ],
            "size": [
                0.07264,
                0.04753,
                0.03326
            ]
        },
        "distance": 0.0
    },
    {
        "case": 11,
        "collider1": {
            "type": "Box",
            "collider2origin": [
                [
                    1.0,
                    0.0,
                    0.0,
                    0.07799999999999999
                ],
                [
                    0.0,
                    1.0,
                    0.0,
                    -0.315
                ],
                [
                    0.0,
                    0.0,
                    1.0,
                    0.75
                ],
                [
                    0.0,
                    0.0,
                    0.0,
                    1.0
                ]
            ],
            "size": [
                1.76,
                0.64,
                0.06
            ]
        },
        "collider2": {
            "type": "Cylinder",
            "collider2origin": [
                [
                    -0.7880972459708993,
                    0.5181998610652228,
                    0.33222226729264687,
                    -0.3000049514689193
                ],
                [
                    0.21948960493210734,
                    0.7408103217957474,
                    -0.6348420121948669,
                    -0.3551535509484965
                ],
                [
                    -0.5750887272585253,
                    -0.427397907239687,
                    -0.697570057175123,
                    0.7681244716712173
                ],
                [
                    0.0,
                    0.0,
                    0.0,
                    1.0
                ]
            ],
            "radius": 0.00683,
            "height": 0.01183
        },
        "distance": 0.0
    },
    {
        "case": 12,
        "collider1": {
            "type": "Box",
            "collider2origin": [
                [
                    1.0,
                    0.0,
                    0.0,
                    -0.01200000000000001
                ],
                [
                    0.0,
                    1.0,
                    0.0,
                    0.15750000000000003
                ],
                [
                    0.0,
                    0.0,
                    1.0,
                    0.335
                ],
                [
                    0.0,
                    0.0,
                    0.0,
                    1.0
                ]
            ],
            "size": [
                1.6,
                1.586,
                0.76
            ]
        },
        "collider2": {
            "type": "Box",
            "collider2origin": [
                [
                    0.001632072091440144,
                    -0.998340579923636,
                    0.057562338542023826,
                    -0.045624740046506025
                ],
                [
                    -0.028360275563289614,
                    -0.0575854709407532,
                    -0.9979376775663427,
                    -0.046001662487721216
                ],
                [
                    0.9995964341226224,
                    -3.777550566541131e-06,
                    -0.028407197592643582,
                    0.5550087159156699
                ],
                [
                    0.0,
                    0.0,
                    0.0,
                    1.0
                ]
            ],
            "size": [
                0.1202,
                0.13634,
                0.67816
            ]
        },
        "distance": 0.0
    },
    {
        "case": 13,
        "collider1": {
            "type": "Box",
            "collider2origin": [
                [
                    1.0,
                    0.0,
                    0.0,
                    -0.01200000000000001
                ],
                [
                    0.0,
                    1.0,
                    0.0,
                    0.15750000000000003
                ],
                [
                    0.0,
                    0.0,
                    1.0,
                    0.335
                ],
                [
                    0.0,
                    0.0,
                    0.0,
                    1.0
                ]
            ],
            "size": [
                1.6,
                1.586,
                0.76
            ]
        },
        "collider2": {
            "type": "Cylinder",
            "collider2origin": [
                [
                    -0.6632589378874049,
                    -0.47596016047429957,
                    0.5775374506936758,
                    -0.3262656422198887
                ],
                [
                    0.379459181874021,
                    0.4512775797549429,
                    0.8076876099718375,
                    -0.4289937409224879
                ],
                [
                    -0.6450568274221813,
                    0.7548579148765676,
                    -0.11870643514245655,
                    0.7171678888989116
                ],
                [
                    0.0,
                    0.0,
                    0.0,
                    1.0
                ]
            ],
            "radius": 0.00796,
            "height": 0.03037
        },
        "distance": 0.0
    },
    {
        "case": 14,
        "collider1": {
            "type": "Box",
            "collider2origin": [
                [
                    1.0,
                    0.0,
                    0.0,
                    0.07799999999999999
                ],
                [
                    0.0,
                    1.0,
                    0.0,
                    -0.315
                ],
                [
                    0.0,
                    0.0,
                    1.0,
                    0.75
                ],
                [
                    0.0,
                    0.0,
                    0.0,
                    1.0
                ]
            ],
            "size": [
                1.76,
                0.64,
                0.06
            ]
        },
        "collider2": {
            "type": "Cylinder",
            "collider2origin": [
                [
                    -0.6632589378874049,
                    -0.47596016047429957,
                    0.5775374506936758,
                    -0.3262656422198887
                ],
                [
                    0.379459181874021,
                    0.4512775797549429,
                    0.8076876099718375,
                    -0.4289937409224879
                ],
                [
                    -0.6450568274221813,
                    0.7548579148765676,
                    -0.11870643514245655,
                    0.7171678888989116
                ],
                [
                    0.0,
                    0.0,
                    0.0,
                    1.0
                ]
            ],
            "radius": 0.00796,
            "height": 0.03037
        },
        "distance": 0.0
    },
    {
        "case": 15,
        "collider1": {
            "type": "Box",
            "collider2origin": [
                [
                    1.0,
                    0.0,
                    0.0,
                    0.07799999999999999
                ],
                [
                    0.0,
                    1.0,
                    0.0,
                    -0.315
                ],
                [
                    0.0,
                    0.0,
                    1.0,
                    0.75
                ],
                [
                    0.0,
                    0.0,
                    0.0,
                    1.0
                ]
            ],
            "size": [
                1.76,
                0.64,
                0.06
            ]
        },
        "collider2": {
            "type": "Cylinder",
            "collider2origin": [
                [
                    -0.6383878839409048,
                    0.6551560309354485,
                    0.40401916386028425,
                    -0.29804883834275986
                ],
                [
                    0.7633257327789137,
                    0.4713746358047117,
                    0.4417462828338339,
                    -0.3261418551480645
                ],
                [
                    0.09896835511913671,
                    0.5904036990474272,
                    -0.8010173136931107,
                    0.7592613379393075
                ],
                [
                    0.0,
                    0.0,
                    0.0,
                    1.0
                ]
            ],
            "radius": 0.01271,
            "height": 0.05982
        },
        "distance": 0.0
    },
    {
        "case": 16,
        "collider1": {
            "type": "Box",
            "collider2origin": [
                [
                    1.0,
                    0.0,
                    0.0,
                    0.07799999999999999
                ],
                [
                    0.0,
                    1.0,
                    0.0,
                    -0.315
                ],
                [
                    0.0,
                    0.0,
                    1.0,
                    0.75
                ],
                [
                    0.0,
                    0.0,
                    0.0,
                    1.0
                ]
            ],
            "size": [
                1.76,
                0.64,
                0.06
            ]
        },
        "collider2": {
            "type": "Cylinder",
            "collider2origin": [
                [
                    -0.6210128073638329,
                    0.6499795230319325,
                    0.4380293514472201,
                    -0.30214858338395933
                ],
                [
                    0.769344943667927,
                    0.3986522071844759,
                    0.4991841096825293,
                    -0.33303080990006195
                ],
                [
                    0.14983808175055124,
                    0.6469953920594232,
                    -0.747626585877728,
                    0.771738777300895
                ],
                [
                    0.0,
                    0.0,
                    0.0,
                    1.0
                ]
            ],
            "radius": 0.01169,
            "height": 0.05502
        },
        "distance": 0.0
    },
    {
        "case": 17,
        "collider1": {
            "type": "Box",
            "collider2origin": [
                [
                    1.0,
                    0.0,
                    0.0,
                    0.07799999999999999
                ],
                [
                    0.0,
                    1.0,
                    0.0,
                    -0.315
                ],
                [
                    0.0,
                    0.0,
                    1.0,
                    0.75
                ],
                [
                    0.0,
                    0.0,
                    0.0,
                    1.0
                ]
            ],
            "size": [
                1.76,
                0.64,
                0.06
            ]
        },
        "collider2": {
            "type": "Cylinder",
            "collider2origin": [
                [
                    -0.9389219865676356,
                    0.1556528060688526,
                    0.30691644971030174,
                    -0.26626887695510404
                ],
                [
                    -0.03181346454043559,
                    0.848782371258954,
                    -0.5277844159445794,
                    -0.36465890804726003
                ],
                [
                    -0.3426563973046739,
                    -0.5053124678878593,
                    -0.7919885751595546,
                    0.7815328716934358
                ],
                [
                    0.0,
                    0.0,
                    0.0,
                    1.0
                ]
            ],
            "radius": 0.00783,
            "height": 0.03044
        },
        "distance": 0.0
    },
    {
        "case": 18,
        "collider1": {
            "type": "Box",
            "collider2origin": [
                [
                    1.0,
                    0.0,
                    0.0,
                    -0.01200000000000001
                ],
                [
                    0.0,
                    1.0,
                    0.0,
                    0.15750000000000003
                ],
                [
                    0.0,
                    0.0,
                    1.0,
                    0.335
                ],
                [
                    0.0,
                    0.0,
                    0.0,
                    1.0
                ]
            ],
            "size": [
                1.6,
                1.586,
                0.76
            ]
        },
        "collider2": {
            "type": "Cylinder",
            "collider2origin": [
                [
                    -0.6632589378874049,
                    -0.6997173378680014,
                    0.2654867763173688,
                    -0.313503255990366
                ],
                [
                    0.379459181874021,
                    -0.008660409457588414,
                    0.9251679450778245,
                    -0.4051558257503788
                ],
                [
                    -0.6450568274221813,
                    0.7143673035595511,
                    0.2712582625489698,
                    0.7180628179328724
                ],
                [
                    0.0,
                    0.0,
                    0.0,
                    1.0
                ]
            ],
            "radius": 0.00713,
            "height": 0.01426
        },
        "distance": 0.0
    },
    {
        "case": 19,
        "collider1": {
            "type": "Box",
            "collider2origin": [
                [
                    1.0,
                    0.0,
                    0.0,
                    0.07799999999999999
                ],
                [
                    0.0,
                    1.0,
                    0.0,
                    -0.315
                ],
                [
                    0.0,
                    0.0,
                    1.0,
                    0.75
                ],
                [
                    0.0,
                    0.0,
                    0.0,
                    1.0
                ]
            ],
            "size": [
                1.76,
                0.64,
                0.06
            ]
        },
        "collider2": {
            "type": "Cylinder",
            "collider2origin": [
                [
                    -0.6632589378874049,
                    -0.6997173378680014,
                    0.2654867763173688,
                    -0.313503255990366
                ],
                [
                    0.379459181874021,
                    -0.008660409457588414,
                    0.9251679450778245,
                    -0.4051558257503788
                ],
                [
                    -0.6450568274221813,
                    0.7143673035595511,
                    0.2712582625489698,
                    0.7180628179328724
                ],
                [
                    0.0,
                    0.0,
                    0.0,
                    1.0
                ]
            ],
            "radius": 0.00713,
            "height": 0.01426
        },
        "distance": 0.0
    },
    {
        "case": 20,
        "collider1": {
            "type": "Box",
            "collider2origin": [
                [
                    1.0,
                    0.0,
                    0.0,
                    0.07799999999999999
                ],
                [
                    0.0,
                    1.0,
                    0.0,
                    -0.315
                ],
                [
                    0.0,
                    0.0,
                    1.0,
                    0.75
                ],
                [
                    0.0,
                    0.0,
                    0.0,
                    1.0
                ]
            ],
            "size": [
                1.76,
                0.64,
                0.06
            ]
        },
        "collider2": {
            "type": "Cylinder",
            "collider2origin": [
                [
                    -0.7880972459708993,
                    0.6147435140105283,
                    0.03151416943329246,
                    -0.3052336909622191
                ],
                [
                    0.21948960493210734,
                    0.32847811828808887,
                    -0.918654689822385,
                    -0.3309744783612576
                ],
                [
                    -0.5750887272585253,
                    -0.7170721984485958,
                    -0.39380251140929234,
                    0.7845180811618767
                ],
                [
                    0.0,
                    0.0,
                    0.0,
                    1.0
                ]
            ],
            "radius": 0.00813,
            "height": 0.03824
        },
        "distance": 0.0
    },
    {
        "case": 21,
        "collider1": {
            "type": "Box",
            "collider2origin": [
                [
                    1.0,
                    0.0,
                    0.0,
                    -0.01200000000000001
                ],
                [
                    0.0,
                    1.0,
                    0.0,
                    0.15750000000000003
                ],
                [
                    0.0,
                    0.0,
                    1.0,
                    0.335
                ],
                [
                    0.0,
                    0.0,
                    0.0,
                    1.0
                ]
            ],
            "size": [
                1.6,
                1.586,
                0.76
            ]
        },
        "collider2": {
            "type": "Box",
            "collider2origin": [
                [
                    0.05309111060834785,
                    -0.998340873236887,
                    -0.02228979136246,
                    -0.1809430210820018
                ],
                [
                    -0.9204574040962112,
                    -0.057580385330147726,
                    0.3865781505332338,
                    0.10600248774514157
                ],
                [
                    -0.3872202231532285,
                    -7.059853394375685e-06,
                    -0.9219872551892039,
                    0.8507691369601589
                ],
                [
                    0.0,
                    0.0,
                    0.0,
                    1.0
                ]
            ],
            "size": [
                0.15068,
                0.17726,
                0.74884
            ]
        },
        "distance": 0.0
    },
    {
        "case": 22,
        "collider1": {
            "type": "Box",
            "collider2origin": [
                [
                    1.0,
                    0.0,
                    0.0,
                    0.07799999999999999
                ],
                [
                    0.0,
                    1.0,
                    0.0,
                    -0.315
                ],
                [
                    0.0,
                    0.0,
                    1.0,
                    0.75
                ],
                [
                    0.0,
                    0.0,
                    0.0,
                    1.0
                ]
            ],
            "size": [
                1.76,
                0.64,
                0.06
            ]
        },
        "collider2": {
            "type": "Box",
            "collider2origin": [
                [
                    0.05309111060834785,
                    -0.998340873236887,
                    -0.02228979136246,
                    -0.1809430210820018
                ],
                [
                    -0.9204574040962112,
                    -0.057580385330147726,
                    0.3865781505332338,
                    0.10600248774514157
                ],
                [
                    -0.3872202231532285,
                    -7.059853394375685e-06,
                    -0.9219872551892039,
                    0.8507691369601589
                ],
                [
                    0.0,
                    0.0,
                    0.0,
                    1.0
                ]
            ],
            "size": [
                0.15068,
                0.17726,
                0.74884
            ]
        },
        "distance": 0.04057042165220964
    },
    {
        "case": 23,
        "collider1": {
            "type": "Box",
            "collider2origin": [
                [
                    1.0,
                    0.0,
                    0.0,
                    -0.362
                ],
                [
                    0.0,
                    1.0,
                    0.0,
                    0.35500000000000004
                ],
                [
                    0.0,
                    0.0,
                    1.0,
                    0.75
                ],
                [
                    0.0,
                    0.0,
                    0.0,
                    1.0
                ]
            ],
            "size": [
                0.8,
                0.22,
                0.06
            ]
        },
        "collider2": {
            "type": "Box",
            "collider2origin": [
                [
                    0.05309111060834785,
                    -0.998340873236887,
                    -0.02228979136246,
                    -0.1809430210820018
                ],
                [
                    -0.9204574040962112,
                    -0.057580385330147726,
                    0.3865781505332338,
                    0.10600248774514157
                ],
                [
                    -0.3872202231532285,
                    -7.059853394375685e-06,
                    -0.9219872551892039,
                    0.8507691369601589
                ],
                [
                    0.0,
                    0.0,
                    0.0,
                    1.0
                ]
            ],
            "size": [
                0.15068,
                0.17726,
                0.74884
            ]
        },
        "distance": 0.0
    },
    {
        "case": 24,
        "collider1": {
            "type": "Box",
            "collider2origin": [
                [
                    1.0,
                    0.0,
                    0.0,
                    -0.01200000000000001
                ],
                [
                    0.0,
                    1.0,
                    0.0,
                    0.15750000000000003
                ],
                [
                    0.0,
                    0.0,
                    1.0,
                    0.335
                ],
                [
                    0.0,
                    0.0,
                    0.0,
                    1.0
                ]
            ],
            "size": [
                1.6,
                1.586,
                0.76
            ]
        },
        "collider2": {
            "type": "Box",
            "collider2origin": [
                [
                    0.05309111060834785,
                    -0.998340873236887,
                    -0.02228979136246,
                    -0.1809430210820018
                ],
                [
                    -0.9204574040962112,
                    -0.057580385330147726,
                    0.3865781505332338,
                    0.10600248774514157
                ],
                [
                    -0.3872202231532285,
                    -7.059853394375685e-06,
                    -0.9219872551892039,
                    0.8507691369601589
                ],
                [
                    0.0,
                    0.0,
                    0.0,
                    1.0
                ]
            ],
            "size": [
                0.15068,
                0.17726,
                0.74884
            ]
        },
        "distance": 0.0
    },
    {
        "case": 25,
        "collider1": {
            "type": "Box",
            "collider2origin": [
                [
                    1.0,
                    0.0,
                    0.0,
                    0.07799999999999999
                ],
                [
                    0.0,
                    1.0,
                    0.0,
                    -0.315
                ],
                [
                    0.0,
                    0.0,
                    1.0,
                    0.75
                ],
                [
                    0.0,
                    0.0,
                    0.0,
                    1.0
                ]
            ],
            "size": [
                1.76,
                0.64,
                0.06
            ]
        },
        "collider2": {
            "type": "Box",
            "collider2origin": [
                [
                    0.05309111060834785,
                    -0.998340873236887,
                    -0.02228979136246,
                    -0.1809430210820018
                ],
                [
                    -0.9204574040962112,
                    -0.057580385330147726,
                    0.3865781505332338,
                    0.10600248774514157
                ],
                [
                    -0.3872202231532285,
                    -7.059853394375685e-06,
                    -0.9219872551892039,
                    0.8507691369601589
                ],
                [
                    0.0,
                    0.0,
                    0.0,
                    1.0
                ]
            ],
            "size": [
                0.15068,
                0.17726,
                0.74884
            ]
        },
        "distance": 0.04057042165220964
    },
    {
        "case": 26,
        "collider1": {
            "type": "Box",
            "collider2origin": [
                [
                    1.0,
                    0.0,
                    0.0,
                    -0.362
                ],
                [
                    0.0,
                    1.0,
                    0.0,
                    0.35500000000000004
                ],
                [
                    0.0,
                    0.0,
                    1.0,
                    0.75
                ],
                [
                    0.0,
                    0.0,
                    0.0,
                    1.0
                ]
            ],
            "size": [
                0.8,
                0.22,
                0.06
            ]
        },
        "collider2": {
            "type": "Box",
            "collider2origin": [
                [
                    0.05309111060834785,
                    -0.998340873236887,
                    -0.02228979136246,
                    -0.1809430210820018
                ],
                [
                    -0.9204574040962112,
                    -0.057580385330147726,
                    0.3865781505332338,
                    0.10600248774514157
                ],
                [
                    -0.3872202231532285,
                    -7.059853394375685e-06,
                    -0.9219872551892039,
                    0.8507691369601589
                ],
                [
                    0.0,
                    0.0,
                    0.0,
                    1.0
                ]
            ],
            "size": [
                0.15068,
                0.17726,
                0.74884
            ]
        },
        "distance": 0.0
    },
    {
        "case": 27,
        "collider1": {
            "type": "Box",
            "collider2origin": [
                [
                    1.0,
                    0.0,
                    0.0,
                    -0.01200000000000001
                ],
                [
                    0.0,
                    1.0,
                    0.0,
                    0.15750000000000003
                ],
                [
                    0.0,
                    0.0,
                    1.0,
                    0.335
                ],
                [
                    0.0,
                    0.0,
                    0.0,
                    1.0
                ]
            ],
            "size": [
                1.6,
                1.586,
                0.76
            ]
        },
        "collider2": {
            "type": "Box",
            "collider2origin": [
                [
                    -0.8556131701039247,
                    -0.503599394121996,
                    -0.11964009940095678,
                    -0.24636899662057601
                ],
                [
                    0.3184665096632266,
                    -0.6943782045466336,
                    0.6453045724876857,
                    -0.3309862345057959
                ],
                [
                    -0.4080504691427694,
                    0.5140297260767624,
                    0.7544986781577643,
                    0.7118442201691639
                ],
                [
                    0.0,
                    0.0,
                    0.0,
                    1.0
                ]
            ],
            "size": [
                0.06241,
                0.05638,
                0.02858
            ]
        },
        "distance": 0.0
    },
    {
        "case": 28,
        "collider1": {
            "type": "Box",
            "collider2origin": [
                [
                    1.0,
                    0.0,
                    0.0,
                    0.07799999999999999
                ],
                [
                    0.0,
                    1.0,
                    0.0,
                    -0.315
                ],
                [
                    0.0,
                    0.0,
                    1.0,
                    0.75
                ],
                [
                    0.0,
                    0.0,
                    0.0,
                    1.0
                ]
            ],
            "size": [
                1.76,
                0.64,
                0.06
            ]
        },
        "collider2": {
            "type": "Box",
            "collider2origin": [
                [
                    -0.8556131701039247,
                    -0.503599394121996,
                    -0.11964009940095678,
                    -0.24636899662057601
                ],
                [
                    0.3184665096632266,
                    -0.6943782045466336,
                    0.6453045724876857,
                    -0.3309862345057959
                ],
                [
                    -0.4080504691427694,
                    0.5140297260767624,
                    0.7544986781577643,
                    0.7118442201691639
                ],
                [
                    0.0,
                    0.0,
                    0.0,
                    1.0
                ]
            ],
            "size": [
                0.06241,
                0.05638,
                0.02858
            ]
        },
        "distance": 0.0
    },
    {
        "case": 29,
        "collider1": {
            "type": "Box",
            "collider2origin": [
                [
                    1.0,
                    0.0,
                    0.0,
                    -0.01200000000000001
                ],
                [
                    0.0,
                    1.0,
                    0.0,
                    0.15750000000000003
                ],
                [
                    0.0,
                    0.0,
                    1.0,
                    0.335
                ],
                [
                    0.0,
                    0.0,
                    0.0,
                    1.0
                ]
            ],
            "size": [
                1.6,
                1.586,
                0.76
            ]
        },
        "collider2": {
            "type": "Cylinder",
            "collider2origin": [
                [
                    -0.6401631257105398,
                    -0.7134959401947268,
                    0.2848064532382537,
                    -0.3094702556799358
                ],
                [
                    0.3980876014503176,
                    0.008988021414667308,
                    0.917303372414264,
                    -0.3907773217061067
                ],
                [
                    -0.6570520786452497,
                    0.7006017119567234,
                    0.2782800875938914,
                    0.722163511713463
                ],
                [
                    0.0,
                    0.0,
                    0.0,
                    1.0
                ]
            ],
            "radius": 0.00713,
            "height": 0.01697
        },
        "distance": 0.0
    },
    {
        "case": 30,
        "collider1": {
            "type": "Box",
            "collider2origin": [
                [
                    1.0,
                    0.0,
                    0.0,
                    0.07799999999999999
                ],
                [
                    0.0,
                    1.0,
                    0.0,
                    -0.315
                ],
                [
                    0.0,
                    0.0,
                    1.0,
                    0.75
                ],
                [
                    0.0,
                    0.0,
                    0.0,
                    1.0
                ]
            ],
            "size": [
                1.76,
                0.64,
                0.06
            ]
        },
        "collider2": {
            "type": "Cylinder",
            "collider2origin": [
                [
                    -0.6401631257105398,
                    -0.7134959401947268,
                    0.2848064532382537,
                    -0.3094702556799358
                ],
                [
                    0.3980876014503176,
                    0.008988021414667308,
                    0.917303372414264,
                    -0.3907773217061067
                ],
                [
                    -0.6570520786452497,
                    0.7006017119567234,
                    0.2782800875938914,
                    0.722163511713463
                ],
                [
                    0.0,
                    0.0,
                    0.0,
                    1.0
                ]
            ],
            "radius": 0.00713,
            "height": 0.01697
        },
        "distance": 0.0
    }
]