[
    {
        "case": 0,
        "collider1": {
            "type": "Box",
            "collider2origin": [
                [
                    1.0,
                    0.0,
                    0.0,
                    0.9679999999999999
                ],
                [
                    0.0,
                    1.0,
                    0.0,
                    -0.23500000000000004
                ],
                [
                    0.0,
                    0.0,
                    1.0,
                    1.92
                ],
                [
                    0.0,
                    0.0,
                    0.0,
                    1.0
                ]
            ],
            "size": [
                0.2,
                3.52,
                2.12
            ]
        },
        "collider2": {
            "type": "Box",
            "collider2origin": [
                [
                    0.7395286287698397,
                    -0.6684362959081721,
                    -0.07931157256266295,
                    0.8361628074461511
                ],
                [
                    -0.5687597949461949,
                    -0.5574971878415043,
                    -0.6047389364027888,
                    0.531853634181369
                ],
                [
                    0.3600134759735557,
                    0.4923309901492864,
                    -0.7924648214627953,
                    1.2960097776355675
                ],
                [
                    0.0,
                    0.0,
                    0.0,
                    1.0
                ]
            ],
            "size": [
                0.06241,
                0.05638,
                0.02858
            ]
        },
        "distance": 0.0
    },
    {
        "case": 1,
        "collider1": {
            "type": "Box",
            "collider2origin": [
                [
                    1.0,
                    0.0,
                    0.0,
                    0.9679999999999999
                ],
                [
                    0.0,
                    1.0,
                    0.0,
                    -0.23500000000000004
                ],
                [
                    0.0,
                    0.0,
                    1.0,
                    1.92
                ],
                [
                    0.0,
                    0.0,
                    0.0,
                    1.0
                ]
            ],
            "size": [
                0.2,
                3.52,
                2.12
            ]
        },
        "collider2": {
            "type": "Box",
            "collider2origin": [
                [
                    -0.08123417678117328,
                    0.6839705506783296,
                    0.7249726162604127,
                    0.6675215202070336
                ],
                [
                    -0.07616764325166249,
                    -0.7295096200833322,
                    0.6797162675170866,
                    0.5597749220924004
                ],
                [
                    0.9937804076576334,
                    -3.2641660252415314e-06,
                    0.11135753834012609,
                    1.3167298640387823
                ],
                [
                    0.0,
                    0.0,
                    0.0,
                    1.0
                ]
            ],
            "size": [
                0.1202,
                0.13634,
                0.67816
            ]
        },
        "distance": 0.0
    },
    {
        "case": 2,
        "collider1": {
            "type": "Box",
            "collider2origin": [
                [
                    1.0,
                    0.0,
                    0.0,
                    0.9679999999999999
                ],
                [
                    0.0,
                    1.0,
                    0.0,
                    -0.23500000000000004
                ],
                [
                    0.0,
                    0.0,
                    1.0,
                    1.92
                ],
                [
                    0.0,
                    0.0,
                    0.0,
                    1.0
                ]
            ],
            "size": [
                0.2,
                3.52,
                2.12
            ]
        },
        "collider2": {
            "type": "Box",
            "collider2origin": [
                [
                    0.772276566120196,
                    -0.5905420276932759,
                    -0.23419867409853626,
                    0.9308528137907969
                ],
                [
                    -0.6337578113750002,
                    -0.7417149776648281,
                    -0.2195675942137932,
                    0.6475384707729124
                ],
                [
                    -0.044044772025380347,
                    0.3179921468143162,
                    -0.9470697189867567,
                    1.243976124544067
                ],
                [
                    0.0,
                    0.0,
                    0.0,
                    1.0
                ]
            ],
            "size": [
                0.09126,
                0.11887,
                0.10009
            ]
        },
        "distance": 0.0
    },
    {
        "case": 3,
        "collider1": {
            "type": "Box",
            "collider2origin": [
                [
                    1.0,
                    0.0,
                    0.0,
                    0.9679999999999999
                ],
                [
                    0.0,
                    1.0,
                    0.0,
                    -0.23500000000000004
                ],
                [
                    0.0,
                    0.0,
                    1.0,
                    1.92
                ],
                [
                    0.0,
                    0.0,
                    0.0,
                    1.0
                ]
            ],
            "size": [
                0.2,
                3.52,
                2.12
            ]
        },
        "collider2": {
            "type": "Box",
            "collider2origin": [
                [
                    -0.2291749904286417,
                    -0.5905383251623008,
                    0.773785054311943,
                    0.8865747526758281
                ],
                [
                    0.5319542734402961,
                    -0.7417156716984481,
                    -0.4085125620167958,
                    0.5909611229140245
                ],
                [
                    0.8151708254903619,
                    0.3179974038752908,
                    0.48412206766262617,
                    1.2646297030356228
                ],
                [
                    0.0,
                    0.0,
                    0.0,
                    1.0
                ]
            ],
            "size": [
                0.08993,
                0.0305,
                0.09007
            ]
        },
        "distance": 0.0
    },
    {
        "case": 4,
        "collider1": {
            "type": "Box",
            "collider2origin": [
                [
                    1.0,
                    0.0,
                    0.0,
                    0.9679999999999999
                ],
                [
                    0.0,
                    1.0,
                    0.0,
                    -0.23500000000000004
                ],
                [
                    0.0,
                    0.0,
                    1.0,
                    1.92
                ],
                [
                    0.0,
                    0.0,
                    0.0,
                    1.0
                ]
            ],
            "size": [
                0.2,
                3.52,
                2.12
            ]
        },
        "collider2": {
            "type": "Box",
            "collider2origin": [
                [
                    0.6908980289579073,
                    0.6839670274454509,
                    -0.23419867409853626,
                    0.954838739783923
                ],
                [
                    0.6477661354647092,
                    -0.7295129233374026,
                    -0.2195675942137932,
                    0.6759561875354597
                ],
                [
                    -0.32102795412112384,
                    -7.151986428401983e-06,
                    -0.9470697189867567,
                    1.3469177577291807
                ],
                [
                    0.0,
                    0.0,
                    0.0,
                    1.0
                ]
            ],
            "size": [
                0.09102,
                0.10007,
                0.11882
            ]
        },
        "distance": 0.0
    }
]