[
    {
        "case": 0,
        "collider1": {
            "type": "Box",
            "collider2origin": [
                [
                    1.0,
                    0.0,
                    0.0,
                    -0.01200000000000001
                ],
                [
                    0.0,
                    1.0,
                    0.0,
                    0.15750000000000003
                ],
                [
                    0.0,
                    0.0,
                    1.0,
                    0.335
                ],
                [
                    0.0,
                    0.0,
                    0.0,
                    1.0
                ]
            ],
            "size": [
                1.6,
                1.586,
                0.76
            ]
        },
        "collider2": {
            "type": "Box",
            "collider2origin": [
                [
                    0.999315934484598,
                    -0.008410033146177156,
                    -0.03601297582337298,
                    0.06731144858090374
                ],
                [
                    0.008404577445832223,
                    0.9999646350459,
                    -0.0003028786503079683,
                    0.048766606713986305
                ],
                [
                    0.03601424944562436,
                    -2.38289448063837e-09,
                    0.9993512764973425,
                    0.800481764246289
                ],
                [
                    0.0,
                    0.0,
                    0.0,
                    1.0
                ]
            ],
            "size": [
                0.1202,
                0.13634,
                0.67816
            ]
        },
        "distance": 0.0
    },
    {
        "case": 1,
        "collider1": {
            "type": "Box",
            "collider2origin": [
                [
                    1.0,
                    0.0,
                    0.0,
                    0.07799999999999999
                ],
                [
                    0.0,
                    1.0,
                    0.0,
                    -0.315
                ],
                [
                    0.0,
                    0.0,
                    1.0,
                    0.75
                ],
                [
                    0.0,
                    0.0,
                    0.0,
                    1.0
                ]
            ],
            "size": [
                1.76,
                0.64,
                0.06
            ]
        },
        "collider2": {
            "type": "Box",
            "collider2origin": [
                [
                    0.999315934484598,
                    -0.008410033146177156,
                    -0.03601297582337298,
                    0.06731144858090374
                ],
                [
                    0.008404577445832223,
                    0.9999646350459,
                    -0.0003028786503079683,
                    0.048766606713986305
                ],
                [
                    0.03601424944562436,
                    -2.38289448063837e-09,
                    0.9993512764973425,
                    0.800481764246289
                ],
                [
                    0.0,
                    0.0,
                    0.0,
                    1.0
                ]
            ],
            "size": [
                0.1202,
                0.13634,
                0.67816
            ]
        },
        "distance": 0.0
    },
    {
        "case": 2,
        "collider1": {
            "type": "Box",
            "collider2origin": [
                [
                    1.0,
                    0.0,
                    0.0,
                    0.44799999999999995
                ],
                [
                    0.0,
                    1.0,
                    0.0,
                    0.595
                ],
                [
                    0.0,
                    0.0,
                    1.0,
                    0.75
                ],
                [
                    0.0,
                    0.0,
                    0.0,
                    1.0
                ]
            ],
            "size": [
                0.82,
                0.7,
                0.06
            ]
        },
        "collider2": {
            "type": "Box",
            "collider2origin": [
                [
                    -0.9918332096294005,
                    -0.008409433395778893,
                    0.12726415719362483,
                    0.036805646385233266
                ],
                [
                    -0.008341981453912014,
                    0.9999646400630524,
                    0.0010629999964243443,
                    0.17485462252212625
                ],
                [
                    -0.12726859636872043,
                    -7.316540767362904e-06,
                    -0.9918682898070709,
                    0.8297812142455373
                ],
                [
                    0.0,
                    0.0,
                    0.0,
                    1.0
                ]
            ],
            "size": [
                0.15068,
                0.17726,
                0.74884
            ]
        },
        "distance": 0.0
    },
    {
        "case": 3,
        "collider1": {
            "type": "Box",
            "collider2origin": [
                [
                    1.0,
                    0.0,
                    0.0,
                    -0.01200000000000001
                ],
                [
                    0.0,
                    1.0,
                    0.0,
                    0.15750000000000003
                ],
                [
                    0.0,
                    0.0,
                    1.0,
                    0.335
                ],
                [
                    0.0,
                    0.0,
                    0.0,
                    1.0
                ]
            ],
            "size": [
                1.6,
                1.586,
                0.76
            ]
        },
        "collider2": {
            "type": "Box",
            "collider2origin": [
                [
                    -0.9918332096294005,
                    -0.008409433395778893,
                    0.12726415719362483,
                    0.036805646385233266
                ],
                [
                    -0.008341981453912014,
                    0.9999646400630524,
                    0.0010629999964243443,
                    0.17485462252212625
                ],
                [
                    -0.12726859636872043,
                    -7.316540767362904e-06,
                    -0.9918682898070709,
                    0.8297812142455373
                ],
                [
                    0.0,
                    0.0,
                    0.0,
                    1.0
                ]
            ],
            "size": [
                0.15068,
                0.17726,
                0.74884
            ]
        },
        "distance": 0.0
    },
    {
        "case": 4,
        "collider1": {
            "type": "Box",
            "collider2origin": [
                [
                    1.0,
                    0.0,
                    0.0,
                    -0.362
                ],
                [
                    0.0,
                    1.0,
                    0.0,
                    0.35500000000000004
                ],
                [
                    0.0,
                    0.0,
                    1.0,
                    0.75
                ],
                [
                    0.0,
                    0.0,
                    0.0,
                    1.0
                ]
            ],
            "size": [
                0.8,
                0.22,
                0.06
            ]
        },
        "collider2": {
            "type": "Box",
            "collider2origin": [
                [
                    -0.9918332096294005,
                    -0.008409433395778893,
                    0.12726415719362483,
                    0.036805646385233266
                ],
                [
                    -0.008341981453912014,
                    0.9999646400630524,
                    0.0010629999964243443,
                    0.17485462252212625
                ],
                [
                    -0.12726859636872043,
                    -7.316540767362904e-06,
                    -0.9918682898070709,
                    0.8297812142455373
                ],
                [
                    0.0,
                    0.0,
                    0.0,
                    1.0
                ]
            ],
            "size": [
                0.15068,
                0.17726,
                0.74884
            ]
        },
        "distance": 0.0
    },
    {
        "case": 5,
        "collider1": {
            "type": "Box",
            "collider2origin": [
                [
                    1.0,
                    0.0,
                    0.0,
                    0.44799999999999995
                ],
                [
                    0.0,
                    1.0,
                    0.0,
                    0.595
                ],
                [
                    0.0,
                    0.0,
                    1.0,
                    0.75
                ],
                [
                    0.0,
                    0.0,
                    0.0,
                    1.0
                ]
            ],
            "size": [
                0.82,
                0.7,
                0.06
            ]
        },
        "collider2": {
            "type": "Box",
            "collider2origin": [
                [
                    -0.9918332096294005,
                    -0.008409433395778893,
                    0.12726415719362483,
                    0.036805646385233266
                ],
                [
                    -0.008341981453912014,
                    0.9999646400630524,
                    0.0010629999964243443,
                    0.17485462252212625
                ],
                [
                    -0.12726859636872043,
                    -7.316540767362904e-06,
                    -0.9918682898070709,
                    0.8297812142455373
                ],
                [
                    0.0,
                    0.0,
                    0.0,
                    1.0
                ]
            ],
            "size": [
                0.15068,
                0.17726,
                0.74884
            ]
        },
        "distance": 0.0
    },
    {
        "case": 6,
        "collider1": {
            "type": "Box",
            "collider2origin": [
                [
                    1.0,
                    0.0,
                    0.0,
                    -0.01200000000000001
                ],
                [
                    0.0,
                    1.0,
                    0.0,
                    0.15750000000000003
                ],
                [
                    0.0,
                    0.0,
                    1.0,
                    0.335
                ],
                [
                    0.0,
                    0.0,
                    0.0,
                    1.0
                ]
            ],
            "size": [
                1.6,
                1.586,
                0.76
            ]
        },
        "collider2": {
            "type": "Box",
            "collider2origin": [
                [
                    -0.9918332096294005,
                    -0.008409433395778893,
                    0.12726415719362483,
                    0.036805646385233266
                ],
                [
                    -0.008341981453912014,
                    0.9999646400630524,
                    0.0010629999964243443,
                    0.17485462252212625
                ],
                [
                    -0.12726859636872043,
                    -7.316540767362904e-06,
                    -0.9918682898070709,
                    0.8297812142455373
                ],
                [
                    0.0,
                    0.0,
                    0.0,
                    1.0
                ]
            ],
            "size": [
                0.15068,
                0.17726,
                0.74884
            ]
        },
        "distance": 0.0
    },
    {
        "case": 7,
        "collider1": {
            "type": "Box",
            "collider2origin": [
                [
                    1.0,
                    0.0,
                    0.0,
                    -0.362
                ],
                [
                    0.0,
                    1.0,
                    0.0,
                    0.35500000000000004
                ],
                [
                    0.0,
                    0.0,
                    1.0,
                    0.75
                ],
                [
                    0.0,
                    0.0,
                    0.0,
                    1.0
                ]
            ],
            "size": [
                0.8,
                0.22,
                0.06
            ]
        },
        "collider2": {
            "type": "Box",
            "collider2origin": [
                [
                    -0.9918332096294005,
                    -0.008409433395778893,
                    0.12726415719362483,
                    0.036805646385233266
                ],
                [
                    -0.008341981453912014,
                    0.9999646400630524,
                    0.0010629999964243443,
                    0.17485462252212625
                ],
                [
                    -0.12726859636872043,
                    -7.316540767362904e-06,
                    -0.9918682898070709,
                    0.8297812142455373
                ],
                [
                    0.0,
                    0.0,
                    0.0,
                    1.0
                ]
            ],
            "size": [
                0.15068,
                0.17726,
                0.74884
            ]
        },
        "distance": 0.0
    }
]