[
    {
        "case": 0,
        "collider1": {
            "type": "Box",
            "collider2origin": [
                [
                    1.0,
                    0.0,
                    0.0,
                    0.44799999999999995
                ],
                [
                    0.0,
                    1.0,
                    0.0,
                    0.595
                ],
                [
                    0.0,
                    0.0,
                    1.0,
                    0.75
                ],
                [
                    0.0,
                    0.0,
                    0.0,
                    1.0
                ]
            ],
            "size": [
                0.82,
                0.7,
                0.06
            ]
        },
        "collider2": {
            "type": "Box",
            "collider2origin": [
                [
                    -0.5557107281798732,
                    -0.464597297132265,
                    0.6894453844092284,
                    -0.21048254404104746
                ],
                [
                    0.29155753810765755,
                    -0.8855220784912831,
                    -0.36172482701230174,
                    0.056002194016329214
                ],
                [
                    0.7785754867438331,
                    -1.3680817026419976e-06,
                    0.6275509632211007,
                    0.8684689365641738
                ],
                [
                    0.0,
                    0.0,
                    0.0,
                    1.0
                ]
            ],
            "size": [
                0.1202,
                0.13634,
                0.67816
            ]
        },
        "distance": 0.23342784116955953
    },
    {
        "case": 1,
        "collider1": {
            "type": "Box",
            "collider2origin": [
                [
                    1.0,
                    0.0,
                    0.0,
                    -0.01200000000000001
                ],
                [
                    0.0,
                    1.0,
                    0.0,
                    0.15750000000000003
                ],
                [
                    0.0,
                    0.0,
                    1.0,
                    0.335
                ],
                [
                    0.0,
                    0.0,
                    0.0,
                    1.0
                ]
            ],
            "size": [
                1.6,
                1.586,
                0.76
            ]
        },
        "collider2": {
            "type": "Box",
            "collider2origin": [
                [
                    -0.5557107281798732,
                    -0.464597297132265,
                    0.6894453844092284,
                    -0.21048254404104746
                ],
                [
                    0.29155753810765755,
                    -0.8855220784912831,
                    -0.36172482701230174,
                    0.056002194016329214
                ],
                [
                    0.7785754867438331,
                    -1.3680817026419976e-06,
                    0.6275509632211007,
                    0.8684689365641738
                ],
                [
                    0.0,
                    0.0,
                    0.0,
                    1.0
                ]
            ],
            "size": [
                0.1202,
                0.13634,
                0.67816
            ]
        },
        "distance": 0.0
    },
    {
        "case": 2,
        "collider1": {
            "type": "Box",
            "collider2origin": [
                [
                    1.0,
                    0.0,
                    0.0,
                    0.07799999999999999
                ],
                [
                    0.0,
                    1.0,
                    0.0,
                    -0.315
                ],
                [
                    0.0,
                    0.0,
                    1.0,
                    0.75
                ],
                [
                    0.0,
                    0.0,
                    0.0,
                    1.0
                ]
            ],
            "size": [
                1.76,
                0.64,
                0.06
            ]
        },
        "collider2": {
            "type": "Box",
            "collider2origin": [
                [
                    -0.5557107281798732,
                    -0.464597297132265,
                    0.6894453844092284,
                    -0.21048254404104746
                ],
                [
                    0.29155753810765755,
                    -0.8855220784912831,
                    -0.36172482701230174,
                    0.056002194016329214
                ],
                [
                    0.7785754867438331,
                    -1.3680817026419976e-06,
                    0.6275509632211007,
                    0.8684689365641738
                ],
                [
                    0.0,
                    0.0,
                    0.0,
                    1.0
                ]
            ],
            "size": [
                0.1202,
                0.13634,
                0.67816
            ]
        },
        "distance": 0.0
    },
    {
        "case": 3,
        "collider1": {
            "type": "Box",
            "collider2origin": [
                [
                    1.0,
                    0.0,
                    0.0,
                    -0.362
                ],
                [
                    0.0,
                    1.0,
                    0.0,
                    0.35500000000000004
                ],
                [
                    0.0,
                    0.0,
                    1.0,
                    0.75
                ],
                [
                    0.0,
                    0.0,
                    0.0,
                    1.0
                ]
            ],
            "size": [
                0.8,
                0.22,
                0.06
            ]
        },
        "collider2": {
            "type": "Box",
            "collider2origin": [
                [
                    -0.5557107281798732,
                    -0.464597297132265,
                    0.6894453844092284,
                    -0.21048254404104746
                ],
                [
                    0.29155753810765755,
                    -0.8855220784912831,
                    -0.36172482701230174,
                    0.056002194016329214
                ],
                [
                    0.7785754867438331,
                    -1.3680817026419976e-06,
                    0.6275509632211007,
                    0.8684689365641738
                ],
                [
                    0.0,
                    0.0,
                    0.0,
                    1.0
                ]
            ],
            "size": [
                0.1202,
                0.13634,
                0.67816
            ]
        },
        "distance": 0.0
    },
    {
        "case": 4,
        "collider1": {
            "type": "Box",
            "collider2origin": [
                [
                    1.0,
                    0.0,
                    0.0,
                    -0.01200000000000001
                ],
                [
                    0.0,
                    1.0,
                    0.0,
                    0.15750000000000003
                ],
                [
                    0.0,
                    0.0,
                    1.0,
                    0.335
                ],
                [
                    0.0,
                    0.0,
                    0.0,
                    1.0
                ]
            ],
            "size": [
                1.6,
                1.586,
                0.76
            ]
        },
        "collider2": {
            "type": "Box",
            "collider2origin": [
                [
                    0.6290314741800495,
                    -0.464602119001527,
                    -0.6232690233840961,
                    -0.26811598540064147
                ],
                [
                    -0.3300265187561565,
                    -0.8855195486152869,
                    0.32701318924145967,
                    -0.05643298187299083
                ],
                [
                    -0.7038479249160048,
                    -6.282468872122197e-06,
                    -0.7103506870215333,
                    0.9142850722846737
                ],
                [
                    0.0,
                    0.0,
                    0.0,
                    1.0
                ]
            ],
            "size": [
                0.15068,
                0.17726,
                0.74884
            ]
        },
        "distance": 0.0
    },
    {
        "case": 5,
        "collider1": {
            "type": "Box",
            "collider2origin": [
                [
                    1.0,
                    0.0,
                    0.0,
                    0.07799999999999999
                ],
                [
                    0.0,
                    1.0,
                    0.0,
                    -0.315
                ],
                [
                    0.0,
                    0.0,
                    1.0,
                    0.75
                ],
                [
                    0.0,
                    0.0,
                    0.0,
                    1.0
                ]
            ],
            "size": [
                1.76,
                0.64,
                0.06
            ]
        },
        "collider2": {
            "type": "Box",
            "collider2origin": [
                [
                    0.6290314741800495,
                    -0.464602119001527,
                    -0.6232690233840961,
                    -0.26811598540064147
                ],
                [
                    -0.3300265187561565,
                    -0.8855195486152869,
                    0.32701318924145967,
                    -0.05643298187299083
                ],
                [
                    -0.7038479249160048,
                    -6.282468872122197e-06,
                    -0.7103506870215333,
                    0.9142850722846737
                ],
                [
                    0.0,
                    0.0,
                    0.0,
                    1.0
                ]
            ],
            "size": [
                0.15068,
                0.17726,
                0.74884
            ]
        },
        "distance": 0.0
    },
    {
        "case": 6,
        "collider1": {
            "type": "Box",
            "collider2origin": [
                [
                    1.0,
                    0.0,
                    0.0,
                    -0.01200000000000001
                ],
                [
                    0.0,
                    1.0,
                    0.0,
                    0.15750000000000003
                ],
                [
                    0.0,
                    0.0,
                    1.0,
                    0.335
                ],
                [
                    0.0,
                    0.0,
                    0.0,
                    1.0
                ]
            ],
            "size": [
                1.6,
                1.586,
                0.76
            ]
        },
        "collider2": {
            "type": "Box",
            "collider2origin": [
                [
                    0.6290314741800495,
                    -0.464602119001527,
                    -0.6232690233840961,
                    -0.26811598540064147
                ],
                [
                    -0.3300265187561565,
                    -0.8855195486152869,
                    0.32701318924145967,
                    -0.05643298187299083
                ],
                [
                    -0.7038479249160048,
                    -6.282468872122197e-06,
                    -0.7103506870215333,
                    0.9142850722846737
                ],
                [
                    0.0,
                    0.0,
                    0.0,
                    1.0
                ]
            ],
            "size": [
                0.15068,
                0.17726,
                0.74884
            ]
        },
        "distance": 0.0
    },
    {
        "case": 7,
        "collider1": {
            "type": "Box",
            "collider2origin": [
                [
                    1.0,
                    0.0,
                    0.0,
                    0.07799999999999999
                ],
                [
                    0.0,
                    1.0,
                    0.0,
                    -0.315
                ],
                [
                    0.0,
                    0.0,
                    1.0,
                    0.75
                ],
                [
                    0.0,
                    0.0,
                    0.0,
                    1.0
                ]
            ],
            "size": [
                1.76,
                0.64,
                0.06
            ]
        },
        "collider2": {
            "type": "Box",
            "collider2origin": [
                [
                    0.6290314741800495,
                    -0.464602119001527,
                    -0.6232690233840961,
                    -0.26811598540064147
                ],
                [
                    -0.3300265187561565,
                    -0.8855195486152869,
                    0.32701318924145967,
                    -0.05643298187299083
                ],
                [
                    -0.7038479249160048,
                    -6.282468872122197e-06,
                    -0.7103506870215333,
                    0.9142850722846737
                ],
                [
                    0.0,
                    0.0,
                    0.0,
                    1.0
                ]
            ],
            "size": [
                0.15068,
                0.17726,
                0.74884
            ]
        },
        "distance": 0.0
    }
]