[
    {
        "case": 0,
        "collider1": {
            "type": "Box",
            "collider2origin": [
                [
                    1.0,
                    0.0,
                    0.0,
                    -0.01200000000000001
                ],
                [
                    0.0,
                    1.0,
                    0.0,
                    0.15750000000000003
                ],
                [
                    0.0,
                    0.0,
                    1.0,
                    0.335
                ],
                [
                    0.0,
                    0.0,
                    0.0,
                    1.0
                ]
            ],
            "size": [
                1.6,
                1.586,
                0.76
            ]
        },
        "collider2": {
            "type": "Box",
            "collider2origin": [
                [
                    0.6401370380899803,
                    -0.07153134821218075,
                    0.7649234201463142,
                    0.680538094007368
                ],
                [
                    0.04590645246276381,
                    0.9974383520906022,
                    0.05485737326073518,
                    0.0971297760873216
                ],
                [
                    -0.7668879775349662,
                    -1.3158119220268338e-06,
                    0.6417809828209289,
                    0.9162394353571826
                ],
                [
                    0.0,
                    0.0,
                    0.0,
                    1.0
                ]
            ],
            "size": [
                0.1202,
                0.13634,
                0.67816
            ]
        },
        "distance": 0.0
    },
    {
        "case": 1,
        "collider1": {
            "type": "Box",
            "collider2origin": [
                [
                    1.0,
                    0.0,
                    0.0,
                    0.543
                ],
                [
                    0.0,
                    1.0,
                    0.0,
                    0.1875
                ],
                [
                    0.0,
                    0.0,
                    1.0,
                    0.791
                ],
                [
                    0.0,
                    0.0,
                    0.0,
                    1.0
                ]
            ],
            "size": [
                0.44,
                0.5928,
                0.142
            ]
        },
        "collider2": {
            "type": "Box",
            "collider2origin": [
                [
                    0.6401370380899803,
                    -0.07153134821218075,
                    0.7649234201463142,
                    0.680538094007368
                ],
                [
                    0.04590645246276381,
                    0.9974383520906022,
                    0.05485737326073518,
                    0.0971297760873216
                ],
                [
                    -0.7668879775349662,
                    -1.3158119220268338e-06,
                    0.6417809828209289,
                    0.9162394353571826
                ],
                [
                    0.0,
                    0.0,
                    0.0,
                    1.0
                ]
            ],
            "size": [
                0.1202,
                0.13634,
                0.67816
            ]
        },
        "distance": 0.0
    },
    {
        "case": 2,
        "collider1": {
            "type": "Box",
            "collider2origin": [
                [
                    1.0,
                    0.0,
                    0.0,
                    0.9679999999999999
                ],
                [
                    0.0,
                    1.0,
                    0.0,
                    -0.23500000000000004
                ],
                [
                    0.0,
                    0.0,
                    1.0,
                    1.92
                ],
                [
                    0.0,
                    0.0,
                    0.0,
                    1.0
                ]
            ],
            "size": [
                0.2,
                3.52,
                2.12
            ]
        },
        "collider2": {
            "type": "Box",
            "collider2origin": [
                [
                    0.6401370380899803,
                    -0.07153134821218075,
                    0.7649234201463142,
                    0.680538094007368
                ],
                [
                    0.04590645246276381,
                    0.9974383520906022,
                    0.05485737326073518,
                    0.0971297760873216
                ],
                [
                    -0.7668879775349662,
                    -1.3158119220268338e-06,
                    0.6417809828209289,
                    0.9162394353571826
                ],
                [
                    0.0,
                    0.0,
                    0.0,
                    1.0
                ]
            ],
            "size": [
                0.1202,
                0.13634,
                0.67816
            ]
        },
        "distance": 0.0
    },
    {
        "case": 3,
        "collider1": {
            "type": "Box",
            "collider2origin": [
                [
                    1.0,
                    0.0,
                    0.0,
                    0.44799999999999995
                ],
                [
                    0.0,
                    1.0,
                    0.0,
                    0.595
                ],
                [
                    0.0,
                    0.0,
                    1.0,
                    0.75
                ],
                [
                    0.0,
                    0.0,
                    0.0,
                    1.0
                ]
            ],
            "size": [
                0.82,
                0.7,
                0.06
            ]
        },
        "collider2": {
            "type": "Box",
            "collider2origin": [
                [
                    -0.637350586256634,
                    -0.07153133967829978,
                    0.767246699336108,
                    0.2177283747291962
                ],
                [
                    -0.04571227094165538,
                    0.997438352685309,
                    0.055019277328709676,
                    0.1906026073305224
                ],
                [
                    -0.7692168865045028,
                    -6.02033827352133e-06,
                    -0.638987778819027,
                    0.9356982687536738
                ],
                [
                    0.0,
                    0.0,
                    0.0,
                    1.0
                ]
            ],
            "size": [
                0.15068,
                0.17726,
                0.74884
            ]
        },
        "distance": 0.0
    },
    {
        "case": 4,
        "collider1": {
            "type": "Box",
            "collider2origin": [
                [
                    1.0,
                    0.0,
                    0.0,
                    -0.01200000000000001
                ],
                [
                    0.0,
                    1.0,
                    0.0,
                    0.15750000000000003
                ],
                [
                    0.0,
                    0.0,
                    1.0,
                    0.335
                ],
                [
                    0.0,
                    0.0,
                    0.0,
                    1.0
                ]
            ],
            "size": [
                1.6,
                1.586,
                0.76
            ]
        },
        "collider2": {
            "type": "Box",
            "collider2origin": [
                [
                    -0.637350586256634,
                    -0.07153133967829978,
                    0.767246699336108,
                    0.2177283747291962
                ],
                [
                    -0.04571227094165538,
                    0.997438352685309,
                    0.055019277328709676,
                    0.1906026073305224
                ],
                [
                    -0.7692168865045028,
                    -6.02033827352133e-06,
                    -0.638987778819027,
                    0.9356982687536738
                ],
                [
                    0.0,
                    0.0,
                    0.0,
                    1.0
                ]
            ],
            "size": [
                0.15068,
                0.17726,
                0.74884
            ]
        },
        "distance": 0.0
    },
    {
        "case": 5,
        "collider1": {
            "type": "Box",
            "collider2origin": [
                [
                    1.0,
                    0.0,
                    0.0,
                    0.543
                ],
                [
                    0.0,
                    1.0,
                    0.0,
                    0.1875
                ],
                [
                    0.0,
                    0.0,
                    1.0,
                    0.791
                ],
                [
                    0.0,
                    0.0,
                    0.0,
                    1.0
                ]
            ],
            "size": [
                0.44,
                0.5928,
                0.142
            ]
        },
        "collider2": {
            "type": "Box",
            "collider2origin": [
                [
                    -0.637350586256634,
                    -0.07153133967829978,
                    0.767246699336108,
                    0.2177283747291962
                ],
                [
                    -0.04571227094165538,
                    0.997438352685309,
                    0.055019277328709676,
                    0.1906026073305224
                ],
                [
                    -0.7692168865045028,
                    -6.02033827352133e-06,
                    -0.638987778819027,
                    0.9356982687536738
                ],
                [
                    0.0,
                    0.0,
                    0.0,
                    1.0
                ]
            ],
            "size": [
                0.15068,
                0.17726,
                0.74884
            ]
        },
        "distance": 0.0
    },
    {
        "case": 6,
        "collider1": {
            "type": "Box",
            "collider2origin": [
                [
                    1.0,
                    0.0,
                    0.0,
                    -0.362
                ],
                [
                    0.0,
                    1.0,
                    0.0,
                    0.35500000000000004
                ],
                [
                    0.0,
                    0.0,
                    1.0,
                    0.75
                ],
                [
                    0.0,
                    0.0,
                    0.0,
                    1.0
                ]
            ],
            "size": [
                0.8,
                0.22,
                0.06
            ]
        },
        "collider2": {
            "type": "Box",
            "collider2origin": [
                [
                    -0.637350586256634,
                    -0.07153133967829978,
                    0.767246699336108,
                    0.2177283747291962
                ],
                [
                    -0.04571227094165538,
                    0.997438352685309,
                    0.055019277328709676,
                    0.1906026073305224
                ],
                [
                    -0.7692168865045028,
                    -6.02033827352133e-06,
                    -0.638987778819027,
                    0.9356982687536738
                ],
                [
                    0.0,
                    0.0,
                    0.0,
                    1.0
                ]
            ],
            "size": [
                0.15068,
                0.17726,
                0.74884
            ]
        },
        "distance": 0.15534002841062663
    },
    {
        "case": 7,
        "collider1": {
            "type": "Box",
            "collider2origin": [
                [
                    1.0,
                    0.0,
                    0.0,
                    0.44799999999999995
                ],
                [
                    0.0,
                    1.0,
                    0.0,
                    0.595
                ],
                [
                    0.0,
                    0.0,
                    1.0,
                    0.75
                ],
                [
                    0.0,
                    0.0,
                    0.0,
                    1.0
                ]
            ],
            "size": [
                0.82,
                0.7,
                0.06
            ]
        },
        "collider2": {
            "type": "Box",
            "collider2origin": [
                [
                    -0.637350586256634,
                    -0.07153133967829978,
                    0.767246699336108,
                    0.2177283747291962
                ],
                [
                    -0.04571227094165538,
                    0.997438352685309,
                    0.055019277328709676,
                    0.1906026073305224
                ],
                [
                    -0.7692168865045028,
                    -6.02033827352133e-06,
                    -0.638987778819027,
                    0.9356982687536738
                ],
                [
                    0.0,
                    0.0,
                    0.0,
                    1.0
                ]
            ],
            "size": [
                0.15068,
                0.17726,
                0.74884
            ]
        },
        "distance": 0.0
    },
    {
        "case": 8,
        "collider1": {
            "type": "Box",
            "collider2origin": [
                [
                    1.0,
                    0.0,
                    0.0,
                    -0.01200000000000001
                ],
                [
                    0.0,
                    1.0,
                    0.0,
                    0.15750000000000003
                ],
                [
                    0.0,
                    0.0,
                    1.0,
                    0.335
                ],
                [
                    0.0,
                    0.0,
                    0.0,
                    1.0
                ]
            ],
            "size": [
                1.6,
                1.586,
                0.76
            ]
        },
        "collider2": {
            "type": "Box",
            "collider2origin": [
                [
                    -0.637350586256634,
                    -0.07153133967829978,
                    0.767246699336108,
                    0.2177283747291962
                ],
                [
                    -0.04571227094165538,
                    0.997438352685309,
                    0.055019277328709676,
                    0.1906026073305224
                ],
                [
                    -0.7692168865045028,
                    -6.02033827352133e-06,
                    -0.638987778819027,
                    0.9356982687536738
                ],
                [
                    0.0,
                    0.0,
                    0.0,
                    1.0
                ]
            ],
            "size": [
                0.15068,
                0.17726,
                0.74884
            ]
        },
        "distance": 0.0
    },
    {
        "case": 9,
        "collider1": {
            "type": "Box",
            "collider2origin": [
                [
                    1.0,
                    0.0,
                    0.0,
                    0.543
                ],
                [
                    0.0,
                    1.0,
                    0.0,
                    0.1875
                ],
                [
                    0.0,
                    0.0,
                    1.0,
                    0.791
                ],
                [
                    0.0,
                    0.0,
                    0.0,
                    1.0
                ]
            ],
            "size": [
                0.44,
                0.5928,
                0.142
            ]
        },
        "collider2": {
            "type": "Box",
            "collider2origin": [
                [
                    -0.637350586256634,
                    -0.07153133967829978,
                    0.767246699336108,
                    0.2177283747291962
                ],
                [
                    -0.04571227094165538,
                    0.997438352685309,
                    0.055019277328709676,
                    0.1906026073305224
                ],
                [
                    -0.7692168865045028,
                    -6.02033827352133e-06,
                    -0.638987778819027,
                    0.9356982687536738
                ],
                [
                    0.0,
                    0.0,
                    0.0,
                    1.0
                ]
            ],
            "size": [
                0.15068,
                0.17726,
                0.74884
            ]
        },
        "distance": 0.0
    },
    {
        "case": 10,
        "collider1": {
            "type": "Box",
            "collider2origin": [
                [
                    1.0,
                    0.0,
                    0.0,
                    -0.362
                ],
                [
                    0.0,
                    1.0,
                    0.0,
                    0.35500000000000004
                ],
                [
                    0.0,
                    0.0,
                    1.0,
                    0.75
                ],
                [
                    0.0,
                    0.0,
                    0.0,
                    1.0
                ]
            ],
            "size": [
                0.8,
                0.22,
                0.06
            ]
        },
        "collider2": {
            "type": "Box",
            "collider2origin": [
                [
                    -0.637350586256634,
                    -0.07153133967829978,
                    0.767246699336108,
                    0.2177283747291962
                ],
                [
                    -0.04571227094165538,
                    0.997438352685309,
                    0.055019277328709676,
                    0.1906026073305224
                ],
                [
                    -0.7692168865045028,
                    -6.02033827352133e-06,
                    -0.638987778819027,
                    0.9356982687536738
                ],
                [
                    0.0,
                    0.0,
                    0.0,
                    1.0
                ]
            ],
            "size": [
                0.15068,
                0.17726,
                0.74884
            ]
        },
        "distance": 0.15534002841062663
    },
    {
        "case": 11,
        "collider1": {
            "type": "Box",
            "collider2origin": [
                [
                    1.0,
                    0.0,
                    0.0,
                    0.9679999999999999
                ],
                [
                    0.0,
                    1.0,
                    0.0,
                    -0.23500000000000004
                ],
                [
                    0.0,
                    0.0,
                    1.0,
                    1.92
                ],
                [
                    0.0,
                    0.0,
                    0.0,
                    1.0
                ]
            ],
            "size": [
                0.2,
                3.52,
                2.12
            ]
        },
        "collider2": {
            "type": "Box",
            "collider2origin": [
                [
                    -0.24137943659657965,
                    -0.07153771282555077,
                    -0.9677904335299077,
                    0.8934193491534288
                ],
                [
                    -0.017307650308538036,
                    0.9974378956220161,
                    -0.06941246010567016,
                    0.2244449045313807
                ],
                [
                    0.9702764620607444,
                    -4.56211760515347e-06,
                    -0.2419991470027775,
                    1.1027059738324352
                ],
                [
                    0.0,
                    0.0,
                    0.0,
                    1.0
                ]
            ],
            "size": [
                0.09102,
                0.10007,
                0.11882
            ]
        },
        "distance": 0.0
    }
]