[
    {
        "case": 0,
        "collider1": {
            "type": "Box",
            "collider2origin": [
                [
                    1.0,
                    0.0,
                    0.0,
                    -0.01200000000000001
                ],
                [
                    0.0,
                    1.0,
                    0.0,
                    0.15750000000000003
                ],
                [
                    0.0,
                    0.0,
                    1.0,
                    0.335
                ],
                [
                    0.0,
                    0.0,
                    0.0,
                    1.0
                ]
            ],
            "size": [
                1.6,
                1.586,
                0.76
            ]
        },
        "collider2": {
            "type": "Box",
            "collider2origin": [
                [
                    0.12277165332820629,
                    0.8382036367918769,
                    -0.5313584330825378,
                    0.008312487160686145
                ],
                [
                    0.11891862194911948,
                    0.5191263033482082,
                    0.8463842168458401,
                    0.5106198460541147
                ],
                [
                    0.9852844678024619,
                    -0.1671004022762817,
                    -0.03594402685181092,
                    0.05410326395952958
                ],
                [
                    0.0,
                    0.0,
                    0.0,
                    1.0
                ]
            ],
            "size": [
                0.06241,
                0.05638,
                0.02858
            ]
        },
        "distance": 0.0
    },
    {
        "case": 1,
        "collider1": {
            "type": "Box",
            "collider2origin": [
                [
                    1.0,
                    0.0,
                    0.0,
                    -0.01200000000000001
                ],
                [
                    0.0,
                    1.0,
                    0.0,
                    0.15750000000000003
                ],
                [
                    0.0,
                    0.0,
                    1.0,
                    0.335
                ],
                [
                    0.0,
                    0.0,
                    0.0,
                    1.0
                ]
            ],
            "size": [
                1.6,
                1.586,
                0.76
            ]
        },
        "collider2": {
            "type": "Box",
            "collider2origin": [
                [
                    0.2313845053621798,
                    0.8382064792955871,
                    -0.4938330778159717,
                    0.05276001366106092
                ],
                [
                    -0.06107439691354985,
                    0.5191224210211075,
                    0.852515002820965,
                    0.5351638669525149
                ],
                [
                    0.9709434219973613,
                    -0.1670982048379937,
                    0.171309839822394,
                    0.04686419453470858
                ],
                [
                    0.0,
                    0.0,
                    0.0,
                    1.0
                ]
            ],
            "size": [
                0.07264,
                0.04753,
                0.03326
            ]
        },
        "distance": 0.0
    },
    {
        "case": 2,
        "collider1": {
            "type": "Box",
            "collider2origin": [
                [
                    1.0,
                    0.0,
                    0.0,
                    -0.01200000000000001
                ],
                [
                    0.0,
                    1.0,
                    0.0,
                    0.15750000000000003
                ],
                [
                    0.0,
                    0.0,
                    1.0,
                    0.335
                ],
                [
                    0.0,
                    0.0,
                    0.0,
                    1.0
                ]
            ],
            "size": [
                1.6,
                1.586,
                0.76
            ]
        },
        "collider2": {
            "type": "Cylinder",
            "collider2origin": [
                [
                    0.1825132213187647,
                    -0.6736749773274765,
                    -0.7161361246066779,
                    0.09489846586774468
                ],
                [
                    -0.07770128390419095,
                    0.7162092348348065,
                    -0.6935465683117329,
                    0.5709547982112709
                ],
                [
                    0.9801282745250681,
                    0.1822261146492595,
                    0.07837224391547652,
                    0.04745612309449099
                ],
                [
                    0.0,
                    0.0,
                    0.0,
                    1.0
                ]
            ],
            "radius": 0.00683,
            "height": 0.01183
        },
        "distance": 0.0
    },
    {
        "case": 3,
        "collider1": {
            "type": "Box",
            "collider2origin": [
                [
                    1.0,
                    0.0,
                    0.0,
                    0.44799999999999995
                ],
                [
                    0.0,
                    1.0,
                    0.0,
                    0.595
                ],
                [
                    0.0,
                    0.0,
                    1.0,
                    0.75
                ],
                [
                    0.0,
                    0.0,
                    0.0,
                    1.0
                ]
            ],
            "size": [
                0.82,
                0.7,
                0.06
            ]
        },
        "collider2": {
            "type": "Box",
            "collider2origin": [
                [
                    -0.3941215817648464,
                    0.7843125191204298,
                    -0.4790845970579109,
                    -0.006776950425260656
                ],
                [
                    0.49828515790448275,
                    0.6203659180797114,
                    0.6056880625348507,
                    0.28991793143143507
                ],
                [
                    0.7722564860195609,
                    -6.006832285967294e-06,
                    -0.635310884342963,
                    0.9366487779282511
                ],
                [
                    0.0,
                    0.0,
                    0.0,
                    1.0
                ]
            ],
            "size": [
                0.15068,
                0.17726,
                0.74884
            ]
        },
        "distance": 0.015827427665458384
    },
    {
        "case": 4,
        "collider1": {
            "type": "Box",
            "collider2origin": [
                [
                    1.0,
                    0.0,
                    0.0,
                    -0.01200000000000001
                ],
                [
                    0.0,
                    1.0,
                    0.0,
                    0.15750000000000003
                ],
                [
                    0.0,
                    0.0,
                    1.0,
                    0.335
                ],
                [
                    0.0,
                    0.0,
                    0.0,
                    1.0
                ]
            ],
            "size": [
                1.6,
                1.586,
                0.76
            ]
        },
        "collider2": {
            "type": "Box",
            "collider2origin": [
                [
                    -0.3941215817648464,
                    0.7843125191204298,
                    -0.4790845970579109,
                    -0.006776950425260656
                ],
                [
                    0.49828515790448275,
                    0.6203659180797114,
                    0.6056880625348507,
                    0.28991793143143507
                ],
                [
                    0.7722564860195609,
                    -6.006832285967294e-06,
                    -0.635310884342963,
                    0.9366487779282511
                ],
                [
                    0.0,
                    0.0,
                    0.0,
                    1.0
                ]
            ],
            "size": [
                0.15068,
                0.17726,
                0.74884
            ]
        },
        "distance": 0.0
    },
    {
        "case": 5,
        "collider1": {
            "type": "Box",
            "collider2origin": [
                [
                    1.0,
                    0.0,
                    0.0,
                    -0.2855
                ],
                [
                    0.0,
                    1.0,
                    0.0,
                    0.689
                ],
                [
                    0.0,
                    0.0,
                    1.0,
                    0.82
                ],
                [
                    0.0,
                    0.0,
                    0.0,
                    1.0
                ]
            ],
            "size": [
                0.042,
                0.36,
                0.12
            ]
        },
        "collider2": {
            "type": "Box",
            "collider2origin": [
                [
                    -0.3941215817648464,
                    0.7843125191204298,
                    -0.4790845970579109,
                    -0.006776950425260656
                ],
                [
                    0.49828515790448275,
                    0.6203659180797114,
                    0.6056880625348507,
                    0.28991793143143507
                ],
                [
                    0.7722564860195609,
                    -6.006832285967294e-06,
                    -0.635310884342963,
                    0.9366487779282511
                ],
                [
                    0.0,
                    0.0,
                    0.0,
                    1.0
                ]
            ],
            "size": [
                0.15068,
                0.17726,
                0.74884
            ]
        },
        "distance": 0.0
    },
    {
        "case": 6,
        "collider1": {
            "type": "Box",
            "collider2origin": [
                [
                    1.0,
                    0.0,
                    0.0,
                    0.07799999999999999
                ],
                [
                    0.0,
                    1.0,
                    0.0,
                    -0.315
                ],
                [
                    0.0,
                    0.0,
                    1.0,
                    0.75
                ],
                [
                    0.0,
                    0.0,
                    0.0,
                    1.0
                ]
            ],
            "size": [
                1.76,
                0.64,
                0.06
            ]
        },
        "collider2": {
            "type": "Box",
            "collider2origin": [
                [
                    -0.3941215817648464,
                    0.7843125191204298,
                    -0.4790845970579109,
                    -0.006776950425260656
                ],
                [
                    0.49828515790448275,
                    0.6203659180797114,
                    0.6056880625348507,
                    0.28991793143143507
                ],
                [
                    0.7722564860195609,
                    -6.006832285967294e-06,
                    -0.635310884342963,
                    0.9366487779282511
                ],
                [
                    0.0,
                    0.0,
                    0.0,
                    1.0
                ]
            ],
            "size": [
                0.15068,
                0.17726,
                0.74884
            ]
        },
        "distance": 0.20719655410106394
    },
    {
        "case": 7,
        "collider1": {
            "type": "Box",
            "collider2origin": [
                [
                    1.0,
                    0.0,
                    0.0,
                    -0.362
                ],
                [
                    0.0,
                    1.0,
                    0.0,
                    0.35500000000000004
                ],
                [
                    0.0,
                    0.0,
                    1.0,
                    0.75
                ],
                [
                    0.0,
                    0.0,
                    0.0,
                    1.0
                ]
            ],
            "size": [
                0.8,
                0.22,
                0.06
            ]
        },
        "collider2": {
            "type": "Box",
            "collider2origin": [
                [
                    -0.3941215817648464,
                    0.7843125191204298,
                    -0.4790845970579109,
                    -0.006776950425260656
                ],
                [
                    0.49828515790448275,
                    0.6203659180797114,
                    0.6056880625348507,
                    0.28991793143143507
                ],
                [
                    0.7722564860195609,
                    -6.006832285967294e-06,
                    -0.635310884342963,
                    0.9366487779282511
                ],
                [
                    0.0,
                    0.0,
                    0.0,
                    1.0
                ]
            ],
            "size": [
                0.15068,
                0.17726,
                0.74884
            ]
        },
        "distance": 0.0
    },
    {
        "case": 8,
        "collider1": {
            "type": "Box",
            "collider2origin": [
                [
                    1.0,
                    0.0,
                    0.0,
                    -0.28465
                ],
                [
                    0.0,
                    1.0,
                    0.0,
                    0.4895
                ],
                [
                    0.0,
                    0.0,
                    1.0,
                    0.8
                ],
                [
                    0.0,
                    0.0,
                    0.0,
                    1.0
                ]
            ],
            "size": [
                0.54952,
                0.04,
                0.16125
            ]
        },
        "collider2": {
            "type": "Box",
            "collider2origin": [
                [
                    -0.3941215817648464,
                    0.7843125191204298,
                    -0.4790845970579109,
                    -0.006776950425260656
                ],
                [
                    0.49828515790448275,
                    0.6203659180797114,
                    0.6056880625348507,
                    0.28991793143143507
                ],
                [
                    0.7722564860195609,
                    -6.006832285967294e-06,
                    -0.635310884342963,
                    0.9366487779282511
                ],
                [
                    0.0,
                    0.0,
                    0.0,
                    1.0
                ]
            ],
            "size": [
                0.15068,
                0.17726,
                0.74884
            ]
        },
        "distance": 0.0
    },
    {
        "case": 9,
        "collider1": {
            "type": "Box",
            "collider2origin": [
                [
                    1.0,
                    0.0,
                    0.0,
                    -0.28465
                ],
                [
                    0.0,
                    1.0,
                    0.0,
                    0.68909
                ],
                [
                    0.0,
                    0.0,
                    1.0,
                    0.74
                ],
                [
                    0.0,
                    0.0,
                    0.0,
                    1.0
                ]
            ],
            "size": [
                0.54952,
                0.35969,
                0.04811
            ]
        },
        "collider2": {
            "type": "Box",
            "collider2origin": [
                [
                    -0.3941215817648464,
                    0.7843125191204298,
                    -0.4790845970579109,
                    -0.006776950425260656
                ],
                [
                    0.49828515790448275,
                    0.6203659180797114,
                    0.6056880625348507,
                    0.28991793143143507
                ],
                [
                    0.7722564860195609,
                    -6.006832285967294e-06,
                    -0.635310884342963,
                    0.9366487779282511
                ],
                [
                    0.0,
                    0.0,
                    0.0,
                    1.0
                ]
            ],
            "size": [
                0.15068,
                0.17726,
                0.74884
            ]
        },
        "distance": 0.0
    },
    {
        "case": 10,
        "collider1": {
            "type": "Box",
            "collider2origin": [
                [
                    1.0,
                    0.0,
                    0.0,
                    0.01006
                ],
                [
                    0.0,
                    1.0,
                    0.0,
                    0.6895
                ],
                [
                    0.0,
                    0.0,
                    1.0,
                    0.8
                ],
                [
                    0.0,
                    0.0,
                    0.0,
                    1.0
                ]
            ],
            "size": [
                0.03989,
                0.44,
                0.16125
            ]
        },
        "collider2": {
            "type": "Box",
            "collider2origin": [
                [
                    -0.3941215817648464,
                    0.7843125191204298,
                    -0.4790845970579109,
                    -0.006776950425260656
                ],
                [
                    0.49828515790448275,
                    0.6203659180797114,
                    0.6056880625348507,
                    0.28991793143143507
                ],
                [
                    0.7722564860195609,
                    -6.006832285967294e-06,
                    -0.635310884342963,
                    0.9366487779282511
                ],
                [
                    0.0,
                    0.0,
                    0.0,
                    1.0
                ]
            ],
            "size": [
                0.15068,
                0.17726,
                0.74884
            ]
        },
        "distance": 0.020339249172114535
    },
    {
        "case": 11,
        "collider1": {
            "type": "Box",
            "collider2origin": [
                [
                    1.0,
                    0.0,
                    0.0,
                    0.44799999999999995
                ],
                [
                    0.0,
                    1.0,
                    0.0,
                    0.595
                ],
                [
                    0.0,
                    0.0,
                    1.0,
                    0.75
                ],
                [
                    0.0,
                    0.0,
                    0.0,
                    1.0
                ]
            ],
            "size": [
                0.82,
                0.7,
                0.06
            ]
        },
        "collider2": {
            "type": "Box",
            "collider2origin": [
                [
                    -0.3941215817648464,
                    0.7843125191204298,
                    -0.4790845970579109,
                    -0.006776950425260656
                ],
                [
                    0.49828515790448275,
                    0.6203659180797114,
                    0.6056880625348507,
                    0.28991793143143507
                ],
                [
                    0.7722564860195609,
                    -6.006832285967294e-06,
                    -0.635310884342963,
                    0.9366487779282511
                ],
                [
                    0.0,
                    0.0,
                    0.0,
                    1.0
                ]
            ],
            "size": [
                0.15068,
                0.17726,
                0.74884
            ]
        },
        "distance": 0.015827427665458384
    },
    {
        "case": 12,
        "collider1": {
            "type": "Box",
            "collider2origin": [
                [
                    1.0,
                    0.0,
                    0.0,
                    -0.01200000000000001
                ],
                [
                    0.0,
                    1.0,
                    0.0,
                    0.15750000000000003
                ],
                [
                    0.0,
                    0.0,
                    1.0,
                    0.335
                ],
                [
                    0.0,
                    0.0,
                    0.0,
                    1.0
                ]
            ],
            "size": [
                1.6,
                1.586,
                0.76
            ]
        },
        "collider2": {
            "type": "Box",
            "collider2origin": [
                [
                    -0.3941215817648464,
                    0.7843125191204298,
                    -0.4790845970579109,
                    -0.006776950425260656
                ],
                [
                    0.49828515790448275,
                    0.6203659180797114,
                    0.6056880625348507,
                    0.28991793143143507
                ],
                [
                    0.7722564860195609,
                    -6.006832285967294e-06,
                    -0.635310884342963,
                    0.9366487779282511
                ],
                [
                    0.0,
                    0.0,
                    0.0,
                    1.0
                ]
            ],
            "size": [
                0.15068,
                0.17726,
                0.74884
            ]
        },
        "distance": 0.0
    },
    {
        "case": 13,
        "collider1": {
            "type": "Box",
            "collider2origin": [
                [
                    1.0,
                    0.0,
                    0.0,
                    -0.2855
                ],
                [
                    0.0,
                    1.0,
                    0.0,
                    0.689
                ],
                [
                    0.0,
                    0.0,
                    1.0,
                    0.82
                ],
                [
                    0.0,
                    0.0,
                    0.0,
                    1.0
                ]
            ],
            "size": [
                0.042,
                0.36,
                0.12
            ]
        },
        "collider2": {
            "type": "Box",
            "collider2origin": [
                [
                    -0.3941215817648464,
                    0.7843125191204298,
                    -0.4790845970579109,
                    -0.006776950425260656
                ],
                [
                    0.49828515790448275,
                    0.6203659180797114,
                    0.6056880625348507,
                    0.28991793143143507
                ],
                [
                    0.7722564860195609,
                    -6.006832285967294e-06,
                    -0.635310884342963,
                    0.9366487779282511
                ],
                [
                    0.0,
                    0.0,
                    0.0,
                    1.0
                ]
            ],
            "size": [
                0.15068,
                0.17726,
                0.74884
            ]
        },
        "distance": 0.0
    },
    {
        "case": 14,
        "collider1": {
            "type": "Box",
            "collider2origin": [
                [
                    1.0,
                    0.0,
                    0.0,
                    0.07799999999999999
                ],
                [
                    0.0,
                    1.0,
                    0.0,
                    -0.315
                ],
                [
                    0.0,
                    0.0,
                    1.0,
                    0.75
                ],
                [
                    0.0,
                    0.0,
                    0.0,
                    1.0
                ]
            ],
            "size": [
                1.76,
                0.64,
                0.06
            ]
        },
        "collider2": {
            "type": "Box",
            "collider2origin": [
                [
                    -0.3941215817648464,
                    0.7843125191204298,
                    -0.4790845970579109,
                    -0.006776950425260656
                ],
                [
                    0.49828515790448275,
                    0.6203659180797114,
                    0.6056880625348507,
                    0.28991793143143507
                ],
                [
                    0.7722564860195609,
                    -6.006832285967294e-06,
                    -0.635310884342963,
                    0.9366487779282511
                ],
                [
                    0.0,
                    0.0,
                    0.0,
                    1.0
                ]
            ],
            "size": [
                0.15068,
                0.17726,
                0.74884
            ]
        },
        "distance": 0.20719655410106394
    },
    {
        "case": 15,
        "collider1": {
            "type": "Box",
            "collider2origin": [
                [
                    1.0,
                    0.0,
                    0.0,
                    -0.362
                ],
                [
                    0.0,
                    1.0,
                    0.0,
                    0.35500000000000004
                ],
                [
                    0.0,
                    0.0,
                    1.0,
                    0.75
                ],
                [
                    0.0,
                    0.0,
                    0.0,
                    1.0
                ]
            ],
            "size": [
                0.8,
                0.22,
                0.06
            ]
        },
        "collider2": {
            "type": "Box",
            "collider2origin": [
                [
                    -0.3941215817648464,
                    0.7843125191204298,
                    -0.4790845970579109,
                    -0.006776950425260656
                ],
                [
                    0.49828515790448275,
                    0.6203659180797114,
                    0.6056880625348507,
                    0.28991793143143507
                ],
                [
                    0.7722564860195609,
                    -6.006832285967294e-06,
                    -0.635310884342963,
                    0.9366487779282511
                ],
                [
                    0.0,
                    0.0,
                    0.0,
                    1.0
                ]
            ],
            "size": [
                0.15068,
                0.17726,
                0.74884
            ]
        },
        "distance": 0.0
    },
    {
        "case": 16,
        "collider1": {
            "type": "Box",
            "collider2origin": [
                [
                    1.0,
                    0.0,
                    0.0,
                    -0.28465
                ],
                [
                    0.0,
                    1.0,
                    0.0,
                    0.4895
                ],
                [
                    0.0,
                    0.0,
                    1.0,
                    0.8
                ],
                [
                    0.0,
                    0.0,
                    0.0,
                    1.0
                ]
            ],
            "size": [
                0.54952,
                0.04,
                0.16125
            ]
        },
        "collider2": {
            "type": "Box",
            "collider2origin": [
                [
                    -0.3941215817648464,
                    0.7843125191204298,
                    -0.4790845970579109,
                    -0.006776950425260656
                ],
                [
                    0.49828515790448275,
                    0.6203659180797114,
                    0.6056880625348507,
                    0.28991793143143507
                ],
                [
                    0.7722564860195609,
                    -6.006832285967294e-06,
                    -0.635310884342963,
                    0.9366487779282511
                ],
                [
                    0.0,
                    0.0,
                    0.0,
                    1.0
                ]
            ],
            "size": [
                0.15068,
                0.17726,
                0.74884
            ]
        },
        "distance": 0.0
    },
    {
        "case": 17,
        "collider1": {
            "type": "Box",
            "collider2origin": [
                [
                    1.0,
                    0.0,
                    0.0,
                    -0.28465
                ],
                [
                    0.0,
                    1.0,
                    0.0,
                    0.68909
                ],
                [
                    0.0,
                    0.0,
                    1.0,
                    0.74
                ],
                [
                    0.0,
                    0.0,
                    0.0,
                    1.0
                ]
            ],
            "size": [
                0.54952,
                0.35969,
                0.04811
            ]
        },
        "collider2": {
            "type": "Box",
            "collider2origin": [
                [
                    -0.3941215817648464,
                    0.7843125191204298,
                    -0.4790845970579109,
                    -0.006776950425260656
                ],
                [
                    0.49828515790448275,
                    0.6203659180797114,
                    0.6056880625348507,
                    0.28991793143143507
                ],
                [
                    0.7722564860195609,
                    -6.006832285967294e-06,
                    -0.635310884342963,
                    0.9366487779282511
                ],
                [
                    0.0,
                    0.0,
                    0.0,
                    1.0
                ]
            ],
            "size": [
                0.15068,
                0.17726,
                0.74884
            ]
        },
        "distance": 0.0
    },
    {
        "case": 18,
        "collider1": {
            "type": "Box",
            "collider2origin": [
                [
                    1.0,
                    0.0,
                    0.0,
                    0.01006
                ],
                [
                    0.0,
                    1.0,
                    0.0,
                    0.6895
                ],
                [
                    0.0,
                    0.0,
                    1.0,
                    0.8
                ],
                [
                    0.0,
                    0.0,
                    0.0,
                    1.0
                ]
            ],
            "size": [
                0.03989,
                0.44,
                0.16125
            ]
        },
        "collider2": {
            "type": "Box",
            "collider2origin": [
                [
                    -0.3941215817648464,
                    0.7843125191204298,
                    -0.4790845970579109,
                    -0.006776950425260656
                ],
                [
                    0.49828515790448275,
                    0.6203659180797114,
                    0.6056880625348507,
                    0.28991793143143507
                ],
                [
                    0.7722564860195609,
                    -6.006832285967294e-06,
                    -0.635310884342963,
                    0.9366487779282511
                ],
                [
                    0.0,
                    0.0,
                    0.0,
                    1.0
                ]
            ],
            "size": [
                0.15068,
                0.17726,
                0.74884
            ]
        },
        "distance": 0.020339249172114535
    },
    {
        "case": 19,
        "collider1": {
            "type": "Box",
            "collider2origin": [
                [
                    1.0,
                    0.0,
                    0.0,
                    -0.01200000000000001
                ],
                [
                    0.0,
                    1.0,
                    0.0,
                    0.15750000000000003
                ],
                [
                    0.0,
                    0.0,
                    1.0,
                    0.335
                ],
                [
                    0.0,
                    0.0,
                    0.0,
                    1.0
                ]
            ],
            "size": [
                1.6,
                1.586,
                0.76
            ]
        },
        "collider2": {
            "type": "Sphere",
            "collider2origin": [
                [
                    1.0,
                    0.0,
                    0.0,
                    0.14162943229101693
                ],
                [
                    0.0,
                    1.0,
                    0.0,
                    0.583948519646933
                ],
                [
                    0.0,
                    0.0,
                    1.0,
                    0.07617356036658474
                ],
                [
                    0.0,
                    0.0,
                    0.0,
                    1.0
                ]
            ],
            "radius": 0.00663
        },
        "distance": 0.0
    },
    {
        "case": 20,
        "collider1": {
            "type": "Box",
            "collider2origin": [
                [
                    1.0,
                    0.0,
                    0.0,
                    -0.01200000000000001
                ],
                [
                    0.0,
                    1.0,
                    0.0,
                    0.15750000000000003
                ],
                [
                    0.0,
                    0.0,
                    1.0,
                    0.335
                ],
                [
                    0.0,
                    0.0,
                    0.0,
                    1.0
                ]
            ],
            "size": [
                1.6,
                1.586,
                0.76
            ]
        },
        "collider2": {
            "type": "Box",
            "collider2origin": [
                [
                    -0.618946355253541,
                    0.7843144328330657,
                    0.041907991697333766,
                    -0.24360086963807048
                ],
                [
                    0.7825219647675734,
                    0.6203634986005382,
                    -0.05299532300492778,
                    0.38567244871622147
                ],
                [
                    -0.06756318505409539,
                    -7.338016923410815e-06,
                    -0.997714997367234,
                    0.4587466492246055
                ],
                [
                    0.0,
                    0.0,
                    0.0,
                    1.0
                ]
            ],
            "size": [
                0.1202,
                0.13634,
                0.67816
            ]
        },
        "distance": 0.0
    },
    {
        "case": 21,
        "collider1": {
            "type": "Box",
            "collider2origin": [
                [
                    1.0,
                    0.0,
                    0.0,
                    -0.362
                ],
                [
                    0.0,
                    1.0,
                    0.0,
                    0.35500000000000004
                ],
                [
                    0.0,
                    0.0,
                    1.0,
                    0.75
                ],
                [
                    0.0,
                    0.0,
                    0.0,
                    1.0
                ]
            ],
            "size": [
                0.8,
                0.22,
                0.06
            ]
        },
        "collider2": {
            "type": "Box",
            "collider2origin": [
                [
                    -0.618946355253541,
                    0.7843144328330657,
                    0.041907991697333766,
                    -0.24360086963807048
                ],
                [
                    0.7825219647675734,
                    0.6203634986005382,
                    -0.05299532300492778,
                    0.38567244871622147
                ],
                [
                    -0.06756318505409539,
                    -7.338016923410815e-06,
                    -0.997714997367234,
                    0.4587466492246055
                ],
                [
                    0.0,
                    0.0,
                    0.0,
                    1.0
                ]
            ],
            "size": [
                0.1202,
                0.13634,
                0.67816
            ]
        },
        "distance": 0.0
    },
    {
        "case": 22,
        "collider1": {
            "type": "Box",
            "collider2origin": [
                [
                    1.0,
                    0.0,
                    0.0,
                    -0.28465
                ],
                [
                    0.0,
                    1.0,
                    0.0,
                    0.4895
                ],
                [
                    0.0,
                    0.0,
                    1.0,
                    0.8
                ],
                [
                    0.0,
                    0.0,
                    0.0,
                    1.0
                ]
            ],
            "size": [
                0.54952,
                0.04,
                0.16125
            ]
        },
        "collider2": {
            "type": "Box",
            "collider2origin": [
                [
                    -0.618946355253541,
                    0.7843144328330657,
                    0.041907991697333766,
                    -0.24360086963807048
                ],
                [
                    0.7825219647675734,
                    0.6203634986005382,
                    -0.05299532300492778,
                    0.38567244871622147
                ],
                [
                    -0.06756318505409539,
                    -7.338016923410815e-06,
                    -0.997714997367234,
                    0.4587466492246055
                ],
                [
                    0.0,
                    0.0,
                    0.0,
                    1.0
                ]
            ],
            "size": [
                0.1202,
                0.13634,
                0.67816
            ]
        },
        "distance": 0.0
    },
    {
        "case": 23,
        "collider1": {
            "type": "Box",
            "collider2origin": [
                [
                    1.0,
                    0.0,
                    0.0,
                    -0.01200000000000001
                ],
                [
                    0.0,
                    1.0,
                    0.0,
                    0.15750000000000003
                ],
                [
                    0.0,
                    0.0,
                    1.0,
                    0.335
                ],
                [
                    0.0,
                    0.0,
                    0.0,
                    1.0
                ]
            ],
            "size": [
                1.6,
                1.586,
                0.76
            ]
        },
        "collider2": {
            "type": "Cylinder",
            "collider2origin": [
                [
                    0.46544944344670247,
                    -0.7109652245832572,
                    -0.5271482381915292,
                    0.06976890042728393
                ],
                [
                    0.10692524251171268,
                    0.6364043988870108,
                    -0.7639086552665008,
                    0.5676369097967531
                ],
                [
                    0.8785919463032688,
                    0.29919540522966026,
                    0.37223420232495175,
                    0.008222227641469404
                ],
                [
                    0.0,
                    0.0,
                    0.0,
                    1.0
                ]
            ],
            "radius": 0.00783,
            "height": 0.03044
        },
        "distance": 0.0
    },
    {
        "case": 24,
        "collider1": {
            "type": "Box",
            "collider2origin": [
                [
                    1.0,
                    0.0,
                    0.0,
                    -0.01200000000000001
                ],
                [
                    0.0,
                    1.0,
                    0.0,
                    0.15750000000000003
                ],
                [
                    0.0,
                    0.0,
                    1.0,
                    0.335
                ],
                [
                    0.0,
                    0.0,
                    0.0,
                    1.0
                ]
            ],
            "size": [
                1.6,
                1.586,
                0.76
            ]
        },
        "collider2": {
            "type": "Cylinder",
            "collider2origin": [
                [
                    0.023529784936229387,
                    -0.7131748320104953,
                    -0.70059118479157,
                    0.12837316970032914
                ],
                [
                    -0.15076005524349087,
                    0.6902397554670757,
                    -0.7077008447894708,
                    0.5685964937622673
                ],
                [
                    0.9882903191693391,
                    0.12227321439936374,
                    -0.09127708407159378,
                    0.07530557225417955
                ],
                [
                    0.0,
                    0.0,
                    0.0,
                    1.0
                ]
            ],
            "radius": 0.00796,
            "height": 0.03037
        },
        "distance": 0.0
    },
    {
        "case": 25,
        "collider1": {
            "type": "Box",
            "collider2origin": [
                [
                    1.0,
                    0.0,
                    0.0,
                    -0.01200000000000001
                ],
                [
                    0.0,
                    1.0,
                    0.0,
                    0.15750000000000003
                ],
                [
                    0.0,
                    0.0,
                    1.0,
                    0.335
                ],
                [
                    0.0,
                    0.0,
                    0.0,
                    1.0
                ]
            ],
            "size": [
                1.6,
                1.586,
                0.76
            ]
        },
        "collider2": {
            "type": "Box",
            "collider2origin": [
                [
                    0.6988311944418951,
                    0.6916093740331578,
                    0.18251420608921926,
                    -0.05353620737384571
                ],
                [
                    -0.6909722997930351,
                    0.7186929838191128,
                    -0.07770248340886145,
                    0.45450217745096777
                ],
                [
                    -0.18491144527486172,
                    -0.07181134143465169,
                    0.9801279960534326,
                    0.0608348895388815
                ],
                [
                    0.0,
                    0.0,
                    0.0,
                    1.0
                ]
            ],
            "size": [
                0.08993,
                0.0305,
                0.09007
            ]
        },
        "distance": 0.0
    },
    {
        "case": 26,
        "collider1": {
            "type": "Box",
            "collider2origin": [
                [
                    1.0,
                    0.0,
                    0.0,
                    -0.01200000000000001
                ],
                [
                    0.0,
                    1.0,
                    0.0,
                    0.15750000000000003
                ],
                [
                    0.0,
                    0.0,
                    1.0,
                    0.335
                ],
                [
                    0.0,
                    0.0,
                    0.0,
                    1.0
                ]
            ],
            "size": [
                1.6,
                1.586,
                0.76
            ]
        },
        "collider2": {
            "type": "Cylinder",
            "collider2origin": [
                [
                    0.3203593010775026,
                    -0.761256486466012,
                    0.5637893933256959,
                    0.05084854333431203
                ],
                [
                    0.01221000812991147,
                    -0.5917887358904729,
                    -0.8060006251701194,
                    0.6086853050679667
                ],
                [
                    0.9472174163910848,
                    0.26509367002359424,
                    -0.18029007792671262,
                    0.03669902382158785
                ],
                [
                    0.0,
                    0.0,
                    0.0,
                    1.0
                ]
            ],
            "radius": 0.0076,
            "height": 0.02993
        },
        "distance": 0.0
    },
    {
        "case": 27,
        "collider1": {
            "type": "Box",
            "collider2origin": [
                [
                    1.0,
                    0.0,
                    0.0,
                    -0.01200000000000001
                ],
                [
                    0.0,
                    1.0,
                    0.0,
                    0.15750000000000003
                ],
                [
                    0.0,
                    0.0,
                    1.0,
                    0.335
                ],
                [
                    0.0,
                    0.0,
                    0.0,
                    1.0
                ]
            ],
            "size": [
                1.6,
                1.586,
                0.76
            ]
        },
        "collider2": {
            "type": "Cylinder",
            "collider2origin": [
                [
                    0.1825132213187647,
                    -0.9401401428502172,
                    -0.28779408584163174,
                    0.10980317043874507
                ],
                [
                    -0.07770128390419095,
                    0.2780030946091905,
                    -0.9574323944108812,
                    0.5966066433994152
                ],
                [
                    0.9801282745250681,
                    0.1971060404687955,
                    -0.022310855815622546,
                    0.046714287469383775
                ],
                [
                    0.0,
                    0.0,
                    0.0,
                    1.0
                ]
            ],
            "radius": 0.00813,
            "height": 0.03824
        },
        "distance": 0.0
    },
    {
        "case": 28,
        "collider1": {
            "type": "Box",
            "collider2origin": [
                [
                    1.0,
                    0.0,
                    0.0,
                    -0.01200000000000001
                ],
                [
                    0.0,
                    1.0,
                    0.0,
                    0.15750000000000003
                ],
                [
                    0.0,
                    0.0,
                    1.0,
                    0.335
                ],
                [
                    0.0,
                    0.0,
                    0.0,
                    1.0
                ]
            ],
            "size": [
                1.6,
                1.586,
                0.76
            ]
        },
        "collider2": {
            "type": "Sphere",
            "collider2origin": [
                [
                    1.0,
                    0.0,
                    0.0,
                    0.0404544551260467
                ],
                [
                    0.0,
                    1.0,
                    0.0,
                    0.6211730326616552
                ],
                [
                    0.0,
                    0.0,
                    1.0,
                    0.0396925818825975
                ],
                [
                    0.0,
                    0.0,
                    0.0,
                    1.0
                ]
            ],
            "radius": 0.00487
        },
        "distance": 0.0
    },
    {
        "case": 29,
        "collider1": {
            "type": "Box",
            "collider2origin": [
                [
                    1.0,
                    0.0,
                    0.0,
                    -0.01200000000000001
                ],
                [
                    0.0,
                    1.0,
                    0.0,
                    0.15750000000000003
                ],
                [
                    0.0,
                    0.0,
                    1.0,
                    0.335
                ],
                [
                    0.0,
                    0.0,
                    0.0,
                    1.0
                ]
            ],
            "size": [
                1.6,
                1.586,
                0.76
            ]
        },
        "collider2": {
            "type": "Box",
            "collider2origin": [
                [
                    -0.6606352257422022,
                    0.6916097760272003,
                    0.2919537912275766,
                    -0.10649163601274064
                ],
                [
                    0.5892624400077505,
                    0.7186919133721755,
                    -0.36912289342379395,
                    0.4023222432373671
                ],
                [
                    -0.4651138304809501,
                    -0.0718181826353678,
                    -0.8823328585847243,
                    0.06855171443347396
                ],
                [
                    0.0,
                    0.0,
                    0.0,
                    1.0
                ]
            ],
            "size": [
                0.09126,
                0.11887,
                0.10009
            ]
        },
        "distance": 0.0
    },
    {
        "case": 30,
        "collider1": {
            "type": "Box",
            "collider2origin": [
                [
                    1.0,
                    0.0,
                    0.0,
                    -0.01200000000000001
                ],
                [
                    0.0,
                    1.0,
                    0.0,
                    0.15750000000000003
                ],
                [
                    0.0,
                    0.0,
                    1.0,
                    0.335
                ],
                [
                    0.0,
                    0.0,
                    0.0,
                    1.0
                ]
            ],
            "size": [
                1.6,
                1.586,
                0.76
            ]
        },
        "collider2": {
            "type": "Cylinder",
            "collider2origin": [
                [
                    0.1825132213187647,
                    -0.6736749773274765,
                    -0.7161361246066779,
                    0.08320761788336607
                ],
                [
                    -0.07770128390419095,
                    0.7162092348348065,
                    -0.6935465683117329,
                    0.5596398293987931
                ],
                [
                    0.9801282745250681,
                    0.1822261146492595,
                    0.07837224391547652,
                    0.04873610519546134
                ],
                [
                    0.0,
                    0.0,
                    0.0,
                    1.0
                ]
            ],
            "radius": 0.00683,
            "height": 0.01782
        },
        "distance": 0.0
    },
    {
        "case": 31,
        "collider1": {
            "type": "Box",
            "collider2origin": [
                [
                    1.0,
                    0.0,
                    0.0,
                    -0.01200000000000001
                ],
                [
                    0.0,
                    1.0,
                    0.0,
                    0.15750000000000003
                ],
                [
                    0.0,
                    0.0,
                    1.0,
                    0.335
                ],
                [
                    0.0,
                    0.0,
                    0.0,
                    1.0
                ]
            ],
            "size": [
                1.6,
                1.586,
                0.76
            ]
        },
        "collider2": {
            "type": "Sphere",
            "collider2origin": [
                [
                    1.0,
                    0.0,
                    0.0,
                    0.019550022200720402
                ],
                [
                    0.0,
                    1.0,
                    0.0,
                    0.6090041888792518
                ],
                [
                    0.0,
                    0.0,
                    1.0,
                    0.09953910191364379
                ],
                [
                    0.0,
                    0.0,
                    0.0,
                    1.0
                ]
            ],
            "radius": 0.01051
        },
        "distance": 0.0
    },
    {
        "case": 32,
        "collider1": {
            "type": "Box",
            "collider2origin": [
                [
                    1.0,
                    0.0,
                    0.0,
                    -0.01200000000000001
                ],
                [
                    0.0,
                    1.0,
                    0.0,
                    0.15750000000000003
                ],
                [
                    0.0,
                    0.0,
                    1.0,
                    0.335
                ],
                [
                    0.0,
                    0.0,
                    0.0,
                    1.0
                ]
            ],
            "size": [
                1.6,
                1.586,
                0.76
            ]
        },
        "collider2": {
            "type": "Sphere",
            "collider2origin": [
                [
                    1.0,
                    0.0,
                    0.0,
                    0.11397679985496269
                ],
                [
                    0.0,
                    1.0,
                    0.0,
                    0.6168857965362802
                ],
                [
                    0.0,
                    0.0,
                    1.0,
                    0.04754480871996458
                ],
                [
                    0.0,
                    0.0,
                    0.0,
                    1.0
                ]
            ],
            "radius": 0.00563
        },
        "distance": 0.0
    },
    {
        "case": 33,
        "collider1": {
            "type": "Box",
            "collider2origin": [
                [
                    1.0,
                    0.0,
                    0.0,
                    -0.01200000000000001
                ],
                [
                    0.0,
                    1.0,
                    0.0,
                    0.15750000000000003
                ],
                [
                    0.0,
                    0.0,
                    1.0,
                    0.335
                ],
                [
                    0.0,
                    0.0,
                    0.0,
                    1.0
                ]
            ],
            "size": [
                1.6,
                1.586,
                0.76
            ]
        },
        "collider2": {
            "type": "Box",
            "collider2origin": [
                [
                    -0.547368626703218,
                    0.7843153513025726,
                    0.2919537912275766,
                    -0.14289005140721578
                ],
                [
                    0.6920251873213362,
                    0.6203623373991332,
                    -0.36912289342379395,
                    0.43849628369565297
                ],
                [
                    -0.4706258881679831,
                    -6.9141946623969985e-06,
                    -0.8823328585847243,
                    0.16530733528491925
                ],
                [
                    0.0,
                    0.0,
                    0.0,
                    1.0
                ]
            ],
            "size": [
                0.09102,
                0.10007,
                0.11882
            ]
        },
        "distance": 0.0
    },
    {
        "case": 34,
        "collider1": {
            "type": "Box",
            "collider2origin": [
                [
                    1.0,
                    0.0,
                    0.0,
                    -0.01200000000000001
                ],
                [
                    0.0,
                    1.0,
                    0.0,
                    0.15750000000000003
                ],
                [
                    0.0,
                    0.0,
                    1.0,
                    0.335
                ],
                [
                    0.0,
                    0.0,
                    0.0,
                    1.0
                ]
            ],
            "size": [
                1.6,
                1.586,
                0.76
            ]
        },
        "collider2": {
            "type": "Cylinder",
            "collider2origin": [
                [
                    -0.5668224927589366,
                    -0.7919864435681645,
                    -0.22686942259104842,
                    0.014027315558604517
                ],
                [
                    -0.09515013178556878,
                    0.3364720621460602,
                    -0.9368740597414182,
                    0.5877207423389245
                ],
                [
                    0.8183267771029697,
                    -0.5094546344861616,
                    -0.2660775474872644,
                    0.0939679696489999
                ],
                [
                    0.0,
                    0.0,
                    0.0,
                    1.0
                ]
            ],
            "radius": 0.01169,
            "height": 0.05502
        },
        "distance": 0.0
    },
    {
        "case": 35,
        "collider1": {
            "type": "Box",
            "collider2origin": [
                [
                    1.0,
                    0.0,
                    0.0,
                    -0.01200000000000001
                ],
                [
                    0.0,
                    1.0,
                    0.0,
                    0.15750000000000003
                ],
                [
                    0.0,
                    0.0,
                    1.0,
                    0.335
                ],
                [
                    0.0,
                    0.0,
                    0.0,
                    1.0
                ]
            ],
            "size": [
                1.6,
                1.586,
                0.76
            ]
        },
        "collider2": {
            "type": "Cylinder",
            "collider2origin": [
                [
                    0.023529784936229387,
                    -0.2718746138828266,
                    -0.9620449800019323,
                    0.10597322549145449
                ],
                [
                    -0.15076005524349087,
                    0.9503414627652331,
                    -0.27225449471444235,
                    0.55352785079917
                ],
                [
                    0.9882903191693391,
                    0.15144404404036682,
                    -0.01862650157343028,
                    0.07354372700274392
                ],
                [
                    0.0,
                    0.0,
                    0.0,
                    1.0
                ]
            ],
            "radius": 0.00713,
            "height": 0.01426
        },
        "distance": 0.0
    },
    {
        "case": 36,
        "collider1": {
            "type": "Box",
            "collider2origin": [
                [
                    1.0,
                    0.0,
                    0.0,
                    -0.01200000000000001
                ],
                [
                    0.0,
                    1.0,
                    0.0,
                    0.15750000000000003
                ],
                [
                    0.0,
                    0.0,
                    1.0,
                    0.335
                ],
                [
                    0.0,
                    0.0,
                    0.0,
                    1.0
                ]
            ],
            "size": [
                1.6,
                1.586,
                0.76
            ]
        },
        "collider2": {
            "type": "Cylinder",
            "collider2origin": [
                [
                    0.32715218101106225,
                    -0.9412421081300485,
                    0.08387338280173363,
                    0.06286892746552808
                ],
                [
                    0.012966575922025412,
                    -0.08427785499540202,
                    -0.996357923171303,
                    0.5752787017461367
                ],
                [
                    0.9448827008515729,
                    0.3270482182190802,
                    -0.015366996816604252,
                    0.032995536298198624
                ],
                [
                    0.0,
                    0.0,
                    0.0,
                    1.0
                ]
            ],
            "radius": 0.00783,
            "height": 0.03683
        },
        "distance": 0.0
    },
    {
        "case": 37,
        "collider1": {
            "type": "Box",
            "collider2origin": [
                [
                    1.0,
                    0.0,
                    0.0,
                    -0.01200000000000001
                ],
                [
                    0.0,
                    1.0,
                    0.0,
                    0.15750000000000003
                ],
                [
                    0.0,
                    0.0,
                    1.0,
                    0.335
                ],
                [
                    0.0,
                    0.0,
                    0.0,
                    1.0
                ]
            ],
            "size": [
                1.6,
                1.586,
                0.76
            ]
        },
        "collider2": {
            "type": "Sphere",
            "collider2origin": [
                [
                    1.0,
                    0.0,
                    0.0,
                    0.0807202667771751
                ],
                [
                    0.0,
                    1.0,
                    0.0,
                    0.6046471003549008
                ],
                [
                    0.0,
                    0.0,
                    1.0,
                    -0.002965491961741229
                ],
                [
                    0.0,
                    0.0,
                    0.0,
                    1.0
                ]
            ],
            "radius": 0.00484
        },
        "distance": 0.0
    },
    {
        "case": 38,
        "collider1": {
            "type": "Box",
            "collider2origin": [
                [
                    1.0,
                    0.0,
                    0.0,
                    -0.01200000000000001
                ],
                [
                    0.0,
                    1.0,
                    0.0,
                    0.15750000000000003
                ],
                [
                    0.0,
                    0.0,
                    1.0,
                    0.335
                ],
                [
                    0.0,
                    0.0,
                    0.0,
                    1.0
                ]
            ],
            "size": [
                1.6,
                1.586,
                0.76
            ]
        },
        "collider2": {
            "type": "Cylinder",
            "collider2origin": [
                [
                    0.4609321557643645,
                    -0.86263188890201,
                    -0.2083453191981178,
                    0.07926688391062296
                ],
                [
                    0.11229418284982055,
                    0.2895804324870923,
                    -0.9505436284667209,
                    0.5906769743563505
                ],
                [
                    0.8803019733480701,
                    0.41474015644730894,
                    0.23034547607790115,
                    0.0006447653459640268
                ],
                [
                    0.0,
                    0.0,
                    0.0,
                    1.0
                ]
            ],
            "radius": 0.0076,
            "height": 0.02993
        },
        "distance": 0.0
    },
    {
        "case": 39,
        "collider1": {
            "type": "Box",
            "collider2origin": [
                [
                    1.0,
                    0.0,
                    0.0,
                    -0.01200000000000001
                ],
                [
                    0.0,
                    1.0,
                    0.0,
                    0.15750000000000003
                ],
                [
                    0.0,
                    0.0,
                    1.0,
                    0.335
                ],
                [
                    0.0,
                    0.0,
                    0.0,
                    1.0
                ]
            ],
            "size": [
                1.6,
                1.586,
                0.76
            ]
        },
        "collider2": {
            "type": "Cylinder",
            "collider2origin": [
                [
                    -0.5353022217062383,
                    -0.8320466813148344,
                    -0.14542988533769735,
                    0.012330201051737195
                ],
                [
                    -0.1363777877015052,
                    0.25505497720502185,
                    -0.9572607051501637,
                    0.5730971519743919
                ],
                [
                    0.8335782089630274,
                    -0.49259037619092444,
                    -0.25000418161717847,
                    0.09217283533621612
                ],
                [
                    0.0,
                    0.0,
                    0.0,
                    1.0
                ]
            ],
            "radius": 0.01271,
            "height": 0.05982
        },
        "distance": 0.0
    },
    {
        "case": 40,
        "collider1": {
            "type": "Box",
            "collider2origin": [
                [
                    1.0,
                    0.0,
                    0.0,
                    -0.01200000000000001
                ],
                [
                    0.0,
                    1.0,
                    0.0,
                    0.15750000000000003
                ],
                [
                    0.0,
                    0.0,
                    1.0,
                    0.335
                ],
                [
                    0.0,
                    0.0,
                    0.0,
                    1.0
                ]
            ],
            "size": [
                1.6,
                1.586,
                0.76
            ]
        },
        "collider2": {
            "type": "Cylinder",
            "collider2origin": [
                [
                    0.010936055758828604,
                    -0.27979570406196297,
                    -0.9599972743049378,
                    0.0910832380511477
                ],
                [
                    -0.1798133294985227,
                    0.9438543582505377,
                    -0.2771391653053047,
                    0.5492751001479081
                ],
                [
                    0.9836399591410951,
                    0.17565111556701138,
                    -0.039988953236723634,
                    0.07338705708554882
                ],
                [
                    0.0,
                    0.0,
                    0.0,
                    1.0
                ]
            ],
            "radius": 0.00713,
            "height": 0.01697
        },
        "distance": 0.0
    }
]