[
    {
        "case": 0,
        "collider1": {
            "type": "Box",
            "collider2origin": [
                [
                    1.0,
                    0.0,
                    0.0,
                    -0.01200000000000001
                ],
                [
                    0.0,
                    1.0,
                    0.0,
                    0.15750000000000003
                ],
                [
                    0.0,
                    0.0,
                    1.0,
                    0.335
                ],
                [
                    0.0,
                    0.0,
                    0.0,
                    1.0
                ]
            ],
            "size": [
                1.6,
                1.586,
                0.76
            ]
        },
        "collider2": {
            "type": "Cylinder",
            "collider2origin": [
                [
                    0.14316406043529759,
                    -0.6989133758856153,
                    0.7007311501623508,
                    0.018580026816169853
                ],
                [
                    -0.598657860027269,
                    -0.6249616566069586,
                    -0.5010306321959336,
                    -0.4972843796389714
                ],
                [
                    0.7881071110117259,
                    -0.347768631103006,
                    -0.5078820343283391,
                    0.3069595887790205
                ],
                [
                    0.0,
                    0.0,
                    0.0,
                    1.0
                ]
            ],
            "radius": 0.01169,
            "height": 0.05502
        },
        "distance": 0.0
    },
    {
        "case": 1,
        "collider1": {
            "type": "Box",
            "collider2origin": [
                [
                    1.0,
                    0.0,
                    0.0,
                    -0.01200000000000001
                ],
                [
                    0.0,
                    1.0,
                    0.0,
                    0.15750000000000003
                ],
                [
                    0.0,
                    0.0,
                    1.0,
                    0.335
                ],
                [
                    0.0,
                    0.0,
                    0.0,
                    1.0
                ]
            ],
            "size": [
                1.6,
                1.586,
                0.76
            ]
        },
        "collider2": {
            "type": "Sphere",
            "collider2origin": [
                [
                    1.0,
                    0.0,
                    0.0,
                    -0.01606874165405084
                ],
                [
                    0.0,
                    1.0,
                    0.0,
                    -0.500910573808521
                ],
                [
                    0.0,
                    0.0,
                    1.0,
                    0.3187866027309778
                ],
                [
                    0.0,
                    0.0,
                    0.0,
                    1.0
                ]
            ],
            "radius": 0.00563
        },
        "distance": 0.0
    },
    {
        "case": 2,
        "collider1": {
            "type": "Box",
            "collider2origin": [
                [
                    1.0,
                    0.0,
                    0.0,
                    -0.01200000000000001
                ],
                [
                    0.0,
                    1.0,
                    0.0,
                    0.15750000000000003
                ],
                [
                    0.0,
                    0.0,
                    1.0,
                    0.335
                ],
                [
                    0.0,
                    0.0,
                    0.0,
                    1.0
                ]
            ],
            "size": [
                1.6,
                1.586,
                0.76
            ]
        },
        "collider2": {
            "type": "Sphere",
            "collider2origin": [
                [
                    1.0,
                    0.0,
                    0.0,
                    0.0026409608750662963
                ],
                [
                    0.0,
                    1.0,
                    0.0,
                    -0.48553451920723695
                ],
                [
                    0.0,
                    0.0,
                    1.0,
                    0.3180234875836878
                ],
                [
                    0.0,
                    0.0,
                    0.0,
                    1.0
                ]
            ],
            "radius": 0.01051
        },
        "distance": 0.0
    },
    {
        "case": 3,
        "collider1": {
            "type": "Box",
            "collider2origin": [
                [
                    1.0,
                    0.0,
                    0.0,
                    -0.01200000000000001
                ],
                [
                    0.0,
                    1.0,
                    0.0,
                    0.15750000000000003
                ],
                [
                    0.0,
                    0.0,
                    1.0,
                    0.335
                ],
                [
                    0.0,
                    0.0,
                    0.0,
                    1.0
                ]
            ],
            "size": [
                1.6,
                1.586,
                0.76
            ]
        },
        "collider2": {
            "type": "Cylinder",
            "collider2origin": [
                [
                    0.6611794268493363,
                    0.2206173505639224,
                    0.71705630890561,
                    0.012139640167915454
                ],
                [
                    -0.06404836844039317,
                    -0.9356963866945317,
                    0.3469439125088086,
                    -0.4663509436450069
                ],
                [
                    0.7474888440714722,
                    -0.27531846388673537,
                    -0.6045330193064242,
                    0.2967964581669399
                ],
                [
                    0.0,
                    0.0,
                    0.0,
                    1.0
                ]
            ],
            "radius": 0.00683,
            "height": 0.01183
        },
        "distance": 0.0
    },
    {
        "case": 4,
        "collider1": {
            "type": "Box",
            "collider2origin": [
                [
                    1.0,
                    0.0,
                    0.0,
                    -0.01200000000000001
                ],
                [
                    0.0,
                    1.0,
                    0.0,
                    0.15750000000000003
                ],
                [
                    0.0,
                    0.0,
                    1.0,
                    0.335
                ],
                [
                    0.0,
                    0.0,
                    0.0,
                    1.0
                ]
            ],
            "size": [
                1.6,
                1.586,
                0.76
            ]
        },
        "collider2": {
            "type": "Cylinder",
            "collider2origin": [
                [
                    0.194739121087334,
                    -0.6329267879202709,
                    0.7493199289029093,
                    0.030771845991409582
                ],
                [
                    -0.582391712431891,
                    -0.6893159330869864,
                    -0.43088680379313865,
                    -0.5034468809839853
                ],
                [
                    0.7892379666544062,
                    -0.3524871990943022,
                    -0.5028480948217579,
                    0.3011859224939847
                ],
                [
                    0.0,
                    0.0,
                    0.0,
                    1.0
                ]
            ],
            "radius": 0.01271,
            "height": 0.05982
        },
        "distance": 0.0
    },
    {
        "case": 5,
        "collider1": {
            "type": "Box",
            "collider2origin": [
                [
                    1.0,
                    0.0,
                    0.0,
                    -0.01200000000000001
                ],
                [
                    0.0,
                    1.0,
                    0.0,
                    0.15750000000000003
                ],
                [
                    0.0,
                    0.0,
                    1.0,
                    0.335
                ],
                [
                    0.0,
                    0.0,
                    0.0,
                    1.0
                ]
            ],
            "size": [
                1.6,
                1.586,
                0.76
            ]
        },
        "collider2": {
            "type": "Cylinder",
            "collider2origin": [
                [
                    0.6611794268493363,
                    0.2206173505639224,
                    0.71705630890561,
                    0.023843152888825436
                ],
                [
                    -0.06404836844039317,
                    -0.9356963866945317,
                    0.3469439125088086,
                    -0.4606936738702812
                ],
                [
                    0.7474888440714722,
                    -0.27531846388673537,
                    -0.6045330193064242,
                    0.28692904266502295
                ],
                [
                    0.0,
                    0.0,
                    0.0,
                    1.0
                ]
            ],
            "radius": 0.00683,
            "height": 0.01782
        },
        "distance": 0.0
    },
    {
        "case": 6,
        "collider1": {
            "type": "Cylinder",
            "collider2origin": [
                [
                    1.0,
                    0.0,
                    0.0,
                    0.064
                ],
                [
                    0.0,
                    1.0,
                    0.0,
                    -0.339
                ],
                [
                    0.0,
                    0.0,
                    1.0,
                    0.9855
                ],
                [
                    0.0,
                    0.0,
                    0.0,
                    1.0
                ]
            ],
            "radius": 0.004,
            "height": 0.027
        },
        "collider2": {
            "type": "Box",
            "collider2origin": [
                [
                    0.4806288794631974,
                    -0.864010429718813,
                    0.14993951301462638,
                    -0.10587560607546118
                ],
                [
                    -0.8248103728432853,
                    -0.5034739092401543,
                    -0.2572972436007766,
                    -0.16497660795038166
                ],
                [
                    0.297798134776012,
                    -7.1797527240026625e-06,
                    -0.9546288655139121,
                    0.8409098860516658
                ],
                [
                    0.0,
                    0.0,
                    0.0,
                    1.0
                ]
            ],
            "size": [
                0.15068,
                0.17726,
                0.74884
            ]
        },
        "distance": 0.18506329703530455
    },
    {
        "case": 7,
        "collider1": {
            "type": "Cylinder",
            "collider2origin": [
                [
                    1.0,
                    0.0,
                    0.0,
                    0.064
                ],
                [
                    0.0,
                    1.0,
                    0.0,
                    -0.369
                ],
                [
                    0.0,
                    0.0,
                    1.0,
                    0.9855
                ],
                [
                    0.0,
                    0.0,
                    0.0,
                    1.0
                ]
            ],
            "radius": 0.004,
            "height": 0.027
        },
        "collider2": {
            "type": "Box",
            "collider2origin": [
                [
                    0.4806288794631974,
                    -0.864010429718813,
                    0.14993951301462638,
                    -0.10587560607546118
                ],
                [
                    -0.8248103728432853,
                    -0.5034739092401543,
                    -0.2572972436007766,
                    -0.16497660795038166
                ],
                [
                    0.297798134776012,
                    -7.1797527240026625e-06,
                    -0.9546288655139121,
                    0.8409098860516658
                ],
                [
                    0.0,
                    0.0,
                    0.0,
                    1.0
                ]
            ],
            "size": [
                0.15068,
                0.17726,
                0.74884
            ]
        },
        "distance": 0.2098076082206031
    },
    {
        "case": 8,
        "collider1": {
            "type": "Box",
            "collider2origin": [
                [
                    1.0,
                    0.0,
                    0.0,
                    -0.01200000000000001
                ],
                [
                    0.0,
                    1.0,
                    0.0,
                    0.15750000000000003
                ],
                [
                    0.0,
                    0.0,
                    1.0,
                    0.335
                ],
                [
                    0.0,
                    0.0,
                    0.0,
                    1.0
                ]
            ],
            "size": [
                1.6,
                1.586,
                0.76
            ]
        },
        "collider2": {
            "type": "Box",
            "collider2origin": [
                [
                    0.4806288794631974,
                    -0.864010429718813,
                    0.14993951301462638,
                    -0.10587560607546118
                ],
                [
                    -0.8248103728432853,
                    -0.5034739092401543,
                    -0.2572972436007766,
                    -0.16497660795038166
                ],
                [
                    0.297798134776012,
                    -7.1797527240026625e-06,
                    -0.9546288655139121,
                    0.8409098860516658
                ],
                [
                    0.0,
                    0.0,
                    0.0,
                    1.0
                ]
            ],
            "size": [
                0.15068,
                0.17726,
                0.74884
            ]
        },
        "distance": 0.0
    },
    {
        "case": 9,
        "collider1": {
            "type": "Box",
            "collider2origin": [
                [
                    1.0,
                    0.0,
                    0.0,
                    0.07799999999999999
                ],
                [
                    0.0,
                    1.0,
                    0.0,
                    -0.315
                ],
                [
                    0.0,
                    0.0,
                    1.0,
                    0.75
                ],
                [
                    0.0,
                    0.0,
                    0.0,
                    1.0
                ]
            ],
            "size": [
                1.76,
                0.64,
                0.06
            ]
        },
        "collider2": {
            "type": "Box",
            "collider2origin": [
                [
                    0.4806288794631974,
                    -0.864010429718813,
                    0.14993951301462638,
                    -0.10587560607546118
                ],
                [
                    -0.8248103728432853,
                    -0.5034739092401543,
                    -0.2572972436007766,
                    -0.16497660795038166
                ],
                [
                    0.297798134776012,
                    -7.1797527240026625e-06,
                    -0.9546288655139121,
                    0.8409098860516658
                ],
                [
                    0.0,
                    0.0,
                    0.0,
                    1.0
                ]
            ],
            "size": [
                0.15068,
                0.17726,
                0.74884
            ]
        },
        "distance": 0.0
    },
    {
        "case": 10,
        "collider1": {
            "type": "Cylinder",
            "collider2origin": [
                [
                    1.0,
                    0.0,
                    0.0,
                    0.064
                ],
                [
                    0.0,
                    1.0,
                    0.0,
                    -0.339
                ],
                [
                    0.0,
                    0.0,
                    1.0,
                    0.9855
                ],
                [
                    0.0,
                    0.0,
                    0.0,
                    1.0
                ]
            ],
            "radius": 0.004,
            "height": 0.027
        },
        "collider2": {
            "type": "Box",
            "collider2origin": [
                [
                    0.4806288794631974,
                    -0.864010429718813,
                    0.14993951301462638,
                    -0.10587560607546118
                ],
                [
                    -0.8248103728432853,
                    -0.5034739092401543,
                    -0.2572972436007766,
                    -0.16497660795038166
                ],
                [
                    0.297798134776012,
                    -7.1797527240026625e-06,
                    -0.9546288655139121,
                    0.8409098860516658
                ],
                [
                    0.0,
                    0.0,
                    0.0,
                    1.0
                ]
            ],
            "size": [
                0.15068,
                0.17726,
                0.74884
            ]
        },
        "distance": 0.18506329703530455
    },
    {
        "case": 11,
        "collider1": {
            "type": "Cylinder",
            "collider2origin": [
                [
                    1.0,
                    0.0,
                    0.0,
                    0.064
                ],
                [
                    0.0,
                    1.0,
                    0.0,
                    -0.369
                ],
                [
                    0.0,
                    0.0,
                    1.0,
                    0.9855
                ],
                [
                    0.0,
                    0.0,
                    0.0,
                    1.0
                ]
            ],
            "radius": 0.004,
            "height": 0.027
        },
        "collider2": {
            "type": "Box",
            "collider2origin": [
                [
                    0.4806288794631974,
                    -0.864010429718813,
                    0.14993951301462638,
                    -0.10587560607546118
                ],
                [
                    -0.8248103728432853,
                    -0.5034739092401543,
                    -0.2572972436007766,
                    -0.16497660795038166
                ],
                [
                    0.297798134776012,
                    -7.1797527240026625e-06,
                    -0.9546288655139121,
                    0.8409098860516658
                ],
                [
                    0.0,
                    0.0,
                    0.0,
                    1.0
                ]
            ],
            "size": [
                0.15068,
                0.17726,
                0.74884
            ]
        },
        "distance": 0.2098076082206031
    },
    {
        "case": 12,
        "collider1": {
            "type": "Box",
            "collider2origin": [
                [
                    1.0,
                    0.0,
                    0.0,
                    -0.01200000000000001
                ],
                [
                    0.0,
                    1.0,
                    0.0,
                    0.15750000000000003
                ],
                [
                    0.0,
                    0.0,
                    1.0,
                    0.335
                ],
                [
                    0.0,
                    0.0,
                    0.0,
                    1.0
                ]
            ],
            "size": [
                1.6,
                1.586,
                0.76
            ]
        },
        "collider2": {
            "type": "Box",
            "collider2origin": [
                [
                    0.4806288794631974,
                    -0.864010429718813,
                    0.14993951301462638,
                    -0.10587560607546118
                ],
                [
                    -0.8248103728432853,
                    -0.5034739092401543,
                    -0.2572972436007766,
                    -0.16497660795038166
                ],
                [
                    0.297798134776012,
                    -7.1797527240026625e-06,
                    -0.9546288655139121,
                    0.8409098860516658
                ],
                [
                    0.0,
                    0.0,
                    0.0,
                    1.0
                ]
            ],
            "size": [
                0.15068,
                0.17726,
                0.74884
            ]
        },
        "distance": 0.0
    },
    {
        "case": 13,
        "collider1": {
            "type": "Box",
            "collider2origin": [
                [
                    1.0,
                    0.0,
                    0.0,
                    0.07799999999999999
                ],
                [
                    0.0,
                    1.0,
                    0.0,
                    -0.315
                ],
                [
                    0.0,
                    0.0,
                    1.0,
                    0.75
                ],
                [
                    0.0,
                    0.0,
                    0.0,
                    1.0
                ]
            ],
            "size": [
                1.76,
                0.64,
                0.06
            ]
        },
        "collider2": {
            "type": "Box",
            "collider2origin": [
                [
                    0.4806288794631974,
                    -0.864010429718813,
                    0.14993951301462638,
                    -0.10587560607546118
                ],
                [
                    -0.8248103728432853,
                    -0.5034739092401543,
                    -0.2572972436007766,
                    -0.16497660795038166
                ],
                [
                    0.297798134776012,
                    -7.1797527240026625e-06,
                    -0.9546288655139121,
                    0.8409098860516658
                ],
                [
                    0.0,
                    0.0,
                    0.0,
                    1.0
                ]
            ],
            "size": [
                0.15068,
                0.17726,
                0.74884
            ]
        },
        "distance": 0.0
    },
    {
        "case": 14,
        "collider1": {
            "type": "Box",
            "collider2origin": [
                [
                    1.0,
                    0.0,
                    0.0,
                    -0.01200000000000001
                ],
                [
                    0.0,
                    1.0,
                    0.0,
                    0.15750000000000003
                ],
                [
                    0.0,
                    0.0,
                    1.0,
                    0.335
                ],
                [
                    0.0,
                    0.0,
                    0.0,
                    1.0
                ]
            ],
            "size": [
                1.6,
                1.586,
                0.76
            ]
        },
        "collider2": {
            "type": "Sphere",
            "collider2origin": [
                [
                    1.0,
                    0.0,
                    0.0,
                    0.079427227289686
                ],
                [
                    0.0,
                    1.0,
                    0.0,
                    -0.37992198796220666
                ],
                [
                    0.0,
                    0.0,
                    1.0,
                    0.2920304486157639
                ],
                [
                    0.0,
                    0.0,
                    0.0,
                    1.0
                ]
            ],
            "radius": 0.00663
        },
        "distance": 0.0
    },
    {
        "case": 15,
        "collider1": {
            "type": "Box",
            "collider2origin": [
                [
                    1.0,
                    0.0,
                    0.0,
                    -0.01200000000000001
                ],
                [
                    0.0,
                    1.0,
                    0.0,
                    0.15750000000000003
                ],
                [
                    0.0,
                    0.0,
                    1.0,
                    0.335
                ],
                [
                    0.0,
                    0.0,
                    0.0,
                    1.0
                ]
            ],
            "size": [
                1.6,
                1.586,
                0.76
            ]
        },
        "collider2": {
            "type": "Sphere",
            "collider2origin": [
                [
                    1.0,
                    0.0,
                    0.0,
                    -0.030564252090219287
                ],
                [
                    0.0,
                    1.0,
                    0.0,
                    -0.486586412683673
                ],
                [
                    0.0,
                    0.0,
                    1.0,
                    0.30308094127838914
                ],
                [
                    0.0,
                    0.0,
                    0.0,
                    1.0
                ]
            ],
            "radius": 0.00487
        },
        "distance": 0.0
    },
    {
        "case": 16,
        "collider1": {
            "type": "Box",
            "collider2origin": [
                [
                    1.0,
                    0.0,
                    0.0,
                    -0.01200000000000001
                ],
                [
                    0.0,
                    1.0,
                    0.0,
                    0.15750000000000003
                ],
                [
                    0.0,
                    0.0,
                    1.0,
                    0.335
                ],
                [
                    0.0,
                    0.0,
                    0.0,
                    1.0
                ]
            ],
            "size": [
                1.6,
                1.586,
                0.76
            ]
        },
        "collider2": {
            "type": "Cylinder",
            "collider2origin": [
                [
                    0.5724619750455128,
                    0.5807838298385516,
                    0.5787723474087669,
                    -0.021603481858562427
                ],
                [
                    0.06018986600584835,
                    -0.73374123977061,
                    0.6767576915632992,
                    -0.47445745421477575
                ],
                [
                    0.8177190637114853,
                    -0.3525818147011445,
                    -0.45499626018777245,
                    0.29633299616041264
                ],
                [
                    0.0,
                    0.0,
                    0.0,
                    1.0
                ]
            ],
            "radius": 0.0076,
            "height": 0.02993
        },
        "distance": 0.0
    },
    {
        "case": 17,
        "collider1": {
            "type": "Box",
            "collider2origin": [
                [
                    1.0,
                    0.0,
                    0.0,
                    -0.01200000000000001
                ],
                [
                    0.0,
                    1.0,
                    0.0,
                    0.15750000000000003
                ],
                [
                    0.0,
                    0.0,
                    1.0,
                    0.335
                ],
                [
                    0.0,
                    0.0,
                    0.0,
                    1.0
                ]
            ],
            "size": [
                1.6,
                1.586,
                0.76
            ]
        },
        "collider2": {
            "type": "Cylinder",
            "collider2origin": [
                [
                    0.5709314910216267,
                    0.19765603697133857,
                    0.7968496242131297,
                    0.0038490956109603074
                ],
                [
                    0.06722920285951972,
                    -0.9785828794944775,
                    0.19456562451566187,
                    -0.45827220418355796
                ],
                [
                    0.8182404700591966,
                    -0.05751207707152436,
                    -0.5719920402839738,
                    0.27724345500340997
                ],
                [
                    0.0,
                    0.0,
                    0.0,
                    1.0
                ]
            ],
            "radius": 0.00783,
            "height": 0.03683
        },
        "distance": 0.0
    },
    {
        "case": 18,
        "collider1": {
            "type": "Box",
            "collider2origin": [
                [
                    1.0,
                    0.0,
                    0.0,
                    -0.01200000000000001
                ],
                [
                    0.0,
                    1.0,
                    0.0,
                    0.15750000000000003
                ],
                [
                    0.0,
                    0.0,
                    1.0,
                    0.335
                ],
                [
                    0.0,
                    0.0,
                    0.0,
                    1.0
                ]
            ],
            "size": [
                1.6,
                1.586,
                0.76
            ]
        },
        "collider2": {
            "type": "Sphere",
            "collider2origin": [
                [
                    1.0,
                    0.0,
                    0.0,
                    -0.03814617888944819
                ],
                [
                    0.0,
                    1.0,
                    0.0,
                    -0.4757604320360786
                ],
                [
                    0.0,
                    0.0,
                    1.0,
                    0.27884854181330676
                ],
                [
                    0.0,
                    0.0,
                    0.0,
                    1.0
                ]
            ],
            "radius": 0.00484
        },
        "distance": 0.0
    },
    {
        "case": 19,
        "collider1": {
            "type": "Box",
            "collider2origin": [
                [
                    1.0,
                    0.0,
                    0.0,
                    -0.01200000000000001
                ],
                [
                    0.0,
                    1.0,
                    0.0,
                    0.15750000000000003
                ],
                [
                    0.0,
                    0.0,
                    1.0,
                    0.335
                ],
                [
                    0.0,
                    0.0,
                    0.0,
                    1.0
                ]
            ],
            "size": [
                1.6,
                1.586,
                0.76
            ]
        },
        "collider2": {
            "type": "Cylinder",
            "collider2origin": [
                [
                    0.722242473724511,
                    -0.680060517808582,
                    -0.12602976341413055,
                    0.07855345741301657
                ],
                [
                    -0.260804768117716,
                    -0.09901747888289908,
                    -0.9603001675532179,
                    -0.3995248173262628
                ],
                [
                    0.6405830797604339,
                    0.7264387317548516,
                    -0.24887765454343083,
                    0.2868215900914496
                ],
                [
                    0.0,
                    0.0,
                    0.0,
                    1.0
                ]
            ],
            "radius": 0.00796,
            "height": 0.03037
        },
        "distance": 0.0
    },
    {
        "case": 20,
        "collider1": {
            "type": "Box",
            "collider2origin": [
                [
                    1.0,
                    0.0,
                    0.0,
                    -0.01200000000000001
                ],
                [
                    0.0,
                    1.0,
                    0.0,
                    0.15750000000000003
                ],
                [
                    0.0,
                    0.0,
                    1.0,
                    0.335
                ],
                [
                    0.0,
                    0.0,
                    0.0,
                    1.0
                ]
            ],
            "size": [
                1.6,
                1.586,
                0.76
            ]
        },
        "collider2": {
            "type": "Box",
            "collider2origin": [
                [
                    0.2667570492088329,
                    -0.8640094120213445,
                    0.4269993122195005,
                    0.16982384000251816
                ],
                [
                    -0.4577885036400402,
                    -0.503475655724239,
                    -0.7327632291730121,
                    -0.38716472279074565
                ],
                [
                    0.848098085502148,
                    -5.619413362953238e-06,
                    -0.5298392561296424,
                    0.39444750414885343
                ],
                [
                    0.0,
                    0.0,
                    0.0,
                    1.0
                ]
            ],
            "size": [
                0.1202,
                0.13634,
                0.67816
            ]
        },
        "distance": 0.0
    },
    {
        "case": 21,
        "collider1": {
            "type": "Box",
            "collider2origin": [
                [
                    1.0,
                    0.0,
                    0.0,
                    -0.01200000000000001
                ],
                [
                    0.0,
                    1.0,
                    0.0,
                    0.15750000000000003
                ],
                [
                    0.0,
                    0.0,
                    1.0,
                    0.335
                ],
                [
                    0.0,
                    0.0,
                    0.0,
                    1.0
                ]
            ],
            "size": [
                1.6,
                1.586,
                0.76
            ]
        },
        "collider2": {
            "type": "Box",
            "collider2origin": [
                [
                    0.6434616220213775,
                    -0.4953988819685004,
                    -0.5835555575349937,
                    0.04423235778172286
                ],
                [
                    -0.018010688959713982,
                    0.7523318601801572,
                    -0.6585380681790995,
                    -0.4663364434530346
                ],
                [
                    0.765266460828393,
                    0.4342542111508232,
                    0.4751742038757592,
                    0.26106608845509294
                ],
                [
                    0.0,
                    0.0,
                    0.0,
                    1.0
                ]
            ],
            "size": [
                0.07264,
                0.04753,
                0.03326
            ]
        },
        "distance": 0.0
    },
    {
        "case": 22,
        "collider1": {
            "type": "Box",
            "collider2origin": [
                [
                    1.0,
                    0.0,
                    0.0,
                    -0.01200000000000001
                ],
                [
                    0.0,
                    1.0,
                    0.0,
                    0.15750000000000003
                ],
                [
                    0.0,
                    0.0,
                    1.0,
                    0.335
                ],
                [
                    0.0,
                    0.0,
                    0.0,
                    1.0
                ]
            ],
            "size": [
                1.6,
                1.586,
                0.76
            ]
        },
        "collider2": {
            "type": "Cylinder",
            "collider2origin": [
                [
                    0.44411097998565174,
                    0.16016372769774062,
                    0.8815401396341221,
                    -0.006107809223784481
                ],
                [
                    0.20445485018147203,
                    -0.9760496350230987,
                    0.07433252456728963,
                    -0.4606391564953449
                ],
                [
                    0.8723323057719775,
                    0.14722326684746168,
                    -0.4662206108756938,
                    0.25988168663941247
                ],
                [
                    0.0,
                    0.0,
                    0.0,
                    1.0
                ]
            ],
            "radius": 0.00783,
            "height": 0.03044
        },
        "distance": 0.0
    },
    {
        "case": 23,
        "collider1": {
            "type": "Box",
            "collider2origin": [
                [
                    1.0,
                    0.0,
                    0.0,
                    -0.01200000000000001
                ],
                [
                    0.0,
                    1.0,
                    0.0,
                    0.15750000000000003
                ],
                [
                    0.0,
                    0.0,
                    1.0,
                    0.335
                ],
                [
                    0.0,
                    0.0,
                    0.0,
                    1.0
                ]
            ],
            "size": [
                1.6,
                1.586,
                0.76
            ]
        },
        "collider2": {
            "type": "Box",
            "collider2origin": [
                [
                    0.5068974805864515,
                    -0.49540336152049635,
                    -0.7054292690052629,
                    0.06714782963981467
                ],
                [
                    -0.15559946102623887,
                    0.7523290586195268,
                    -0.6401482603936371,
                    -0.5063216132939163
                ],
                [
                    0.8478465379438967,
                    0.4342539544446871,
                    0.3042692083430387,
                    0.23856135467935435
                ],
                [
                    0.0,
                    0.0,
                    0.0,
                    1.0
                ]
            ],
            "size": [
                0.06241,
                0.05638,
                0.02858
            ]
        },
        "distance": 0.0
    },
    {
        "case": 24,
        "collider1": {
            "type": "Box",
            "collider2origin": [
                [
                    1.0,
                    0.0,
                    0.0,
                    -0.01200000000000001
                ],
                [
                    0.0,
                    1.0,
                    0.0,
                    0.15750000000000003
                ],
                [
                    0.0,
                    0.0,
                    1.0,
                    0.335
                ],
                [
                    0.0,
                    0.0,
                    0.0,
                    1.0
                ]
            ],
            "size": [
                1.6,
                1.586,
                0.76
            ]
        },
        "collider2": {
            "type": "Cylinder",
            "collider2origin": [
                [
                    0.722242473724511,
                    -0.5280484966583495,
                    -0.4466884757022005,
                    0.07156966930999395
                ],
                [
                    -0.260804768117716,
                    0.39023609242890883,
                    -0.8830043403590266,
                    -0.4255216707382363
                ],
                [
                    0.6405830797604339,
                    0.7542417234167521,
                    0.14412751500655252,
                    0.28411679501447207
                ],
                [
                    0.0,
                    0.0,
                    0.0,
                    1.0
                ]
            ],
            "radius": 0.00713,
            "height": 0.01426
        },
        "distance": 0.0
    },
    {
        "case": 25,
        "collider1": {
            "type": "Box",
            "collider2origin": [
                [
                    1.0,
                    0.0,
                    0.0,
                    -0.01200000000000001
                ],
                [
                    0.0,
                    1.0,
                    0.0,
                    0.15750000000000003
                ],
                [
                    0.0,
                    0.0,
                    1.0,
                    0.335
                ],
                [
                    0.0,
                    0.0,
                    0.0,
                    1.0
                ]
            ],
            "size": [
                1.6,
                1.586,
                0.76
            ]
        },
        "collider2": {
            "type": "Cylinder",
            "collider2origin": [
                [
                    0.6611794268493363,
                    0.5471724889541302,
                    0.5132679931993858,
                    -0.006504536277130874
                ],
                [
                    -0.06404836844039317,
                    -0.6404832654594713,
                    0.7652966700348927,
                    -0.4839156667659152
                ],
                [
                    0.7474888440714722,
                    -0.5388723912004717,
                    -0.38842885319010373,
                    0.31178288156853273
                ],
                [
                    0.0,
                    0.0,
                    0.0,
                    1.0
                ]
            ],
            "radius": 0.00813,
            "height": 0.03824
        },
        "distance": 0.0
    },
    {
        "case": 26,
        "collider1": {
            "type": "Box",
            "collider2origin": [
                [
                    1.0,
                    0.0,
                    0.0,
                    -0.01200000000000001
                ],
                [
                    0.0,
                    1.0,
                    0.0,
                    0.15750000000000003
                ],
                [
                    0.0,
                    0.0,
                    1.0,
                    0.335
                ],
                [
                    0.0,
                    0.0,
                    0.0,
                    1.0
                ]
            ],
            "size": [
                1.6,
                1.586,
                0.76
            ]
        },
        "collider2": {
            "type": "Box",
            "collider2origin": [
                [
                    0.45150581055562017,
                    -0.5991548804556405,
                    0.6611776858460207,
                    0.11444356803596874
                ],
                [
                    0.8296830300227858,
                    0.5545485475436978,
                    -0.06404668695088,
                    -0.5573767082834669
                ],
                [
                    -0.3282812402905799,
                    0.577485357081339,
                    0.7474905281205351,
                    0.19191096418592402
                ],
                [
                    0.0,
                    0.0,
                    0.0,
                    1.0
                ]
            ],
            "size": [
                0.08993,
                0.0305,
                0.09007
            ]
        },
        "distance": 0.0
    },
    {
        "case": 27,
        "collider1": {
            "type": "Box",
            "collider2origin": [
                [
                    1.0,
                    0.0,
                    0.0,
                    -0.01200000000000001
                ],
                [
                    0.0,
                    1.0,
                    0.0,
                    0.15750000000000003
                ],
                [
                    0.0,
                    0.0,
                    1.0,
                    0.335
                ],
                [
                    0.0,
                    0.0,
                    0.0,
                    1.0
                ]
            ],
            "size": [
                1.6,
                1.586,
                0.76
            ]
        },
        "collider2": {
            "type": "Cylinder",
            "collider2origin": [
                [
                    0.4442877712653092,
                    0.4868351400662917,
                    0.7520637756871006,
                    -0.027519000347953456
                ],
                [
                    0.19739989769614472,
                    -0.8720311417748468,
                    0.4478782961524344,
                    -0.4679906596315145
                ],
                [
                    0.8738659260399475,
                    -0.05052953761405946,
                    -0.4835339792970639,
                    0.27276541654511866
                ],
                [
                    0.0,
                    0.0,
                    0.0,
                    1.0
                ]
            ],
            "radius": 0.0076,
            "height": 0.02993
        },
        "distance": 0.0
    },
    {
        "case": 28,
        "collider1": {
            "type": "Box",
            "collider2origin": [
                [
                    1.0,
                    0.0,
                    0.0,
                    -0.01200000000000001
                ],
                [
                    0.0,
                    1.0,
                    0.0,
                    0.15750000000000003
                ],
                [
                    0.0,
                    0.0,
                    1.0,
                    0.335
                ],
                [
                    0.0,
                    0.0,
                    0.0,
                    1.0
                ]
            ],
            "size": [
                1.6,
                1.586,
                0.76
            ]
        },
        "collider2": {
            "type": "Box",
            "collider2origin": [
                [
                    0.40479109754730885,
                    -0.8640120801548438,
                    -0.29937817671457717,
                    0.19706901861888046
                ],
                [
                    -0.6946584896689442,
                    -0.5034710769275527,
                    0.5137766610388911,
                    -0.6558972427446866
                ],
                [
                    -0.5946374946783177,
                    -6.626439733888601e-06,
                    -0.8039939364689161,
                    0.23787857594554773
                ],
                [
                    0.0,
                    0.0,
                    0.0,
                    1.0
                ]
            ],
            "size": [
                0.09102,
                0.10007,
                0.11882
            ]
        },
        "distance": 0.0
    },
    {
        "case": 29,
        "collider1": {
            "type": "Box",
            "collider2origin": [
                [
                    1.0,
                    0.0,
                    0.0,
                    -0.01200000000000001
                ],
                [
                    0.0,
                    1.0,
                    0.0,
                    0.15750000000000003
                ],
                [
                    0.0,
                    0.0,
                    1.0,
                    0.335
                ],
                [
                    0.0,
                    0.0,
                    0.0,
                    1.0
                ]
            ],
            "size": [
                1.6,
                1.586,
                0.76
            ]
        },
        "collider2": {
            "type": "Box",
            "collider2origin": [
                [
                    -0.7425509467383767,
                    -0.599158408774337,
                    -0.29937817671457717,
                    0.1596425408258319
                ],
                [
                    -0.6546045347888347,
                    0.5545506700073686,
                    0.5137766610388911,
                    -0.60069362891544
                ],
                [
                    -0.14181323821080072,
                    0.577479658160686,
                    -0.8039939364689161,
                    0.1510831622719565
                ],
                [
                    0.0,
                    0.0,
                    0.0,
                    1.0
                ]
            ],
            "size": [
                0.09126,
                0.11887,
                0.10009
            ]
        },
        "distance": 0.0
    },
    {
        "case": 30,
        "collider1": {
            "type": "Box",
            "collider2origin": [
                [
                    1.0,
                    0.0,
                    0.0,
                    -0.01200000000000001
                ],
                [
                    0.0,
                    1.0,
                    0.0,
                    0.15750000000000003
                ],
                [
                    0.0,
                    0.0,
                    1.0,
                    0.335
                ],
                [
                    0.0,
                    0.0,
                    0.0,
                    1.0
                ]
            ],
            "size": [
                1.6,
                1.586,
                0.76
            ]
        },
        "collider2": {
            "type": "Cylinder",
            "collider2origin": [
                [
                    0.7260322592205155,
                    -0.5140071903695661,
                    -0.4568082385635554,
                    0.06475964653160397
                ],
                [
                    -0.2881437098353049,
                    0.37576519584288864,
                    -0.8807801769315101,
                    -0.4392376336455605
                ],
                [
                    0.6243799813042541,
                    0.771101242277264,
                    0.12470971535914317,
                    0.28642289796533327
                ],
                [
                    0.0,
                    0.0,
                    0.0,
                    1.0
                ]
            ],
            "radius": 0.00713,
            "height": 0.01697
        },
        "distance": 0.0
    }
]