[
    {
        "case": 0,
        "collider1": {
            "type": "Box",
            "collider2origin": [
                [
                    1.0,
                    0.0,
                    0.0,
                    0.13799999999999998
                ],
                [
                    0.0,
                    1.0,
                    0.0,
                    -0.7522000000000001
                ],
                [
                    0.0,
                    0.0,
                    1.0,
                    0.8899999999999999
                ],
                [
                    0.0,
                    0.0,
                    0.0,
                    1.0
                ]
            ],
            "size": [
                0.1904,
                0.2176,
                0.28
            ]
        },
        "collider2": {
            "type": "Box",
            "collider2origin": [
                [
                    -0.3430328612814597,
                    0.29737676775112987,
                    0.891008144790464,
                    0.05113835021914214
                ],
                [
                    -0.8752689879234502,
                    -0.44547673768729296,
                    -0.18829411822716563,
                    -0.6515667144869955
                ],
                [
                    0.3409291053291197,
                    -0.8444628672602348,
                    0.41309782250468075,
                    0.9509235583092821
                ],
                [
                    0.0,
                    0.0,
                    0.0,
                    1.0
                ]
            ],
            "size": [
                0.06241,
                0.05638,
                0.02858
            ]
        },
        "distance": 0.0
    },
    {
        "case": 1,
        "collider1": {
            "type": "Box",
            "collider2origin": [
                [
                    1.0,
                    0.0,
                    0.0,
                    0.13799999999999998
                ],
                [
                    0.0,
                    1.0,
                    0.0,
                    -0.7522000000000001
                ],
                [
                    0.0,
                    0.0,
                    1.0,
                    0.8899999999999999
                ],
                [
                    0.0,
                    0.0,
                    0.0,
                    1.0
                ]
            ],
            "size": [
                0.1904,
                0.2176,
                0.28
            ]
        },
        "collider2": {
            "type": "Cylinder",
            "collider2origin": [
                [
                    -0.527389851146477,
                    0.3549016757380735,
                    -0.7719486676366529,
                    0.09520036393837371
                ],
                [
                    -0.7967192263722823,
                    0.10902077609349033,
                    0.594434979378506,
                    -0.7106762695683551
                ],
                [
                    0.2951244131488428,
                    0.9285253205692776,
                    0.22526053765644508,
                    0.8856763058264904
                ],
                [
                    0.0,
                    0.0,
                    0.0,
                    1.0
                ]
            ],
            "radius": 0.00683,
            "height": 0.01183
        },
        "distance": 0.0
    },
    {
        "case": 2,
        "collider1": {
            "type": "Box",
            "collider2origin": [
                [
                    1.0,
                    0.0,
                    0.0,
                    0.13799999999999998
                ],
                [
                    0.0,
                    1.0,
                    0.0,
                    -0.7522000000000001
                ],
                [
                    0.0,
                    0.0,
                    1.0,
                    0.8899999999999999
                ],
                [
                    0.0,
                    0.0,
                    0.0,
                    1.0
                ]
            ],
            "size": [
                0.1904,
                0.2176,
                0.28
            ]
        },
        "collider2": {
            "type": "Sphere",
            "collider2origin": [
                [
                    1.0,
                    0.0,
                    0.0,
                    0.12557390294915266
                ],
                [
                    0.0,
                    1.0,
                    0.0,
                    -0.7227530663452646
                ],
                [
                    0.0,
                    0.0,
                    1.0,
                    0.9483495883273754
                ],
                [
                    0.0,
                    0.0,
                    0.0,
                    1.0
                ]
            ],
            "radius": 0.00663
        },
        "distance": 0.0
    },
    {
        "case": 3,
        "collider1": {
            "type": "Box",
            "collider2origin": [
                [
                    1.0,
                    0.0,
                    0.0,
                    0.13799999999999998
                ],
                [
                    0.0,
                    1.0,
                    0.0,
                    -0.7522000000000001
                ],
                [
                    0.0,
                    0.0,
                    1.0,
                    0.8899999999999999
                ],
                [
                    0.0,
                    0.0,
                    0.0,
                    1.0
                ]
            ],
            "size": [
                0.1904,
                0.2176,
                0.28
            ]
        },
        "collider2": {
            "type": "Box",
            "collider2origin": [
                [
                    -0.5221204115008072,
                    0.29737171976240584,
                    0.7993499460059883,
                    0.06363765939060248
                ],
                [
                    -0.8163815352343203,
                    -0.4454776160900205,
                    -0.3675199076120997,
                    -0.6749798682510252
                ],
                [
                    0.24680248139490382,
                    -0.844464181507008,
                    0.47536173734222326,
                    0.9070374876141498
                ],
                [
                    0.0,
                    0.0,
                    0.0,
                    1.0
                ]
            ],
            "size": [
                0.07264,
                0.04753,
                0.03326
            ]
        },
        "distance": 0.0
    },
    {
        "case": 4,
        "collider1": {
            "type": "Box",
            "collider2origin": [
                [
                    1.0,
                    0.0,
                    0.0,
                    0.13799999999999998
                ],
                [
                    0.0,
                    1.0,
                    0.0,
                    -0.7522000000000001
                ],
                [
                    0.0,
                    0.0,
                    1.0,
                    0.8899999999999999
                ],
                [
                    0.0,
                    0.0,
                    0.0,
                    1.0
                ]
            ],
            "size": [
                0.1904,
                0.2176,
                0.28
            ]
        },
        "collider2": {
            "type": "Cylinder",
            "collider2origin": [
                [
                    -0.37826253718968117,
                    -0.1168481142957953,
                    -0.9182940548344748,
                    0.10976570479073432
                ],
                [
                    -0.9254688815522569,
                    0.02564813175142637,
                    0.3779543922433972,
                    -0.6696784862262314
                ],
                [
                    -0.02061073111850798,
                    0.9928185592157198,
                    -0.11784102103928971,
                    0.8943715429182046
                ],
                [
                    0.0,
                    0.0,
                    0.0,
                    1.0
                ]
            ],
            "radius": 0.00783,
            "height": 0.03044
        },
        "distance": 0.0
    },
    {
        "case": 5,
        "collider1": {
            "type": "Box",
            "collider2origin": [
                [
                    1.0,
                    0.0,
                    0.0,
                    0.13799999999999998
                ],
                [
                    0.0,
                    1.0,
                    0.0,
                    -0.7522000000000001
                ],
                [
                    0.0,
                    0.0,
                    1.0,
                    0.8899999999999999
                ],
                [
                    0.0,
                    0.0,
                    0.0,
                    1.0
                ]
            ],
            "size": [
                0.1904,
                0.2176,
                0.28
            ]
        },
        "collider2": {
            "type": "Cylinder",
            "collider2origin": [
                [
                    -0.4736552151319395,
                    -0.5336771404975476,
                    -0.7005993483358919,
                    0.11152419739333902
                ],
                [
                    -0.7708324996900328,
                    0.6359808017359906,
                    0.03668347372948225,
                    -0.7236874504433723
                ],
                [
                    0.425990603886906,
                    0.5574200656000888,
                    -0.7126113077031979,
                    0.9337242917439845
                ],
                [
                    0.0,
                    0.0,
                    0.0,
                    1.0
                ]
            ],
            "radius": 0.00796,
            "height": 0.03037
        },
        "distance": 0.0
    },
    {
        "case": 6,
        "collider1": {
            "type": "Box",
            "collider2origin": [
                [
                    1.0,
                    0.0,
                    0.0,
                    0.13799999999999998
                ],
                [
                    0.0,
                    1.0,
                    0.0,
                    -0.7522000000000001
                ],
                [
                    0.0,
                    0.0,
                    1.0,
                    0.8899999999999999
                ],
                [
                    0.0,
                    0.0,
                    0.0,
                    1.0
                ]
            ],
            "size": [
                0.1904,
                0.2176,
                0.28
            ]
        },
        "collider2": {
            "type": "Sphere",
            "collider2origin": [
                [
                    1.0,
                    0.0,
                    0.0,
                    0.10657500259728889
                ],
                [
                    0.0,
                    1.0,
                    0.0,
                    -0.7371271766703822
                ],
                [
                    0.0,
                    0.0,
                    1.0,
                    0.9179015362211331
                ],
                [
                    0.0,
                    0.0,
                    0.0,
                    1.0
                ]
            ],
            "radius": 0.01051
        },
        "distance": 0.0
    },
    {
        "case": 7,
        "collider1": {
            "type": "Box",
            "collider2origin": [
                [
                    1.0,
                    0.0,
                    0.0,
                    0.13799999999999998
                ],
                [
                    0.0,
                    1.0,
                    0.0,
                    -0.7522000000000001
                ],
                [
                    0.0,
                    0.0,
                    1.0,
                    0.8899999999999999
                ],
                [
                    0.0,
                    0.0,
                    0.0,
                    1.0
                ]
            ],
            "size": [
                0.1904,
                0.2176,
                0.28
            ]
        },
        "collider2": {
            "type": "Cylinder",
            "collider2origin": [
                [
                    -0.527389851146477,
                    -0.07462762596813867,
                    -0.8463395668111325,
                    0.12012716441222475
                ],
                [
                    -0.7967192263722823,
                    0.389455915650838,
                    0.46212829830396573,
                    -0.7267376437749627
                ],
                [
                    0.2951244131488428,
                    0.9180167793711216,
                    -0.2648523618105457,
                    0.8868614542273847
                ],
                [
                    0.0,
                    0.0,
                    0.0,
                    1.0
                ]
            ],
            "radius": 0.00813,
            "height": 0.03824
        },
        "distance": 0.0
    },
    {
        "case": 8,
        "collider1": {
            "type": "Box",
            "collider2origin": [
                [
                    1.0,
                    0.0,
                    0.0,
                    0.13799999999999998
                ],
                [
                    0.0,
                    1.0,
                    0.0,
                    -0.7522000000000001
                ],
                [
                    0.0,
                    0.0,
                    1.0,
                    0.8899999999999999
                ],
                [
                    0.0,
                    0.0,
                    0.0,
                    1.0
                ]
            ],
            "size": [
                0.1904,
                0.2176,
                0.28
            ]
        },
        "collider2": {
            "type": "Cylinder",
            "collider2origin": [
                [
                    -0.4706958190907154,
                    -0.2178115201187234,
                    -0.8549874780335037,
                    0.13169182947169678
                ],
                [
                    -0.868858992046352,
                    0.2829065791732975,
                    0.40626090065456605,
                    -0.7050523983168477
                ],
                [
                    0.1533932783100907,
                    0.9340888657745756,
                    -0.3224104418365654,
                    0.8847527518799985
                ],
                [
                    0.0,
                    0.0,
                    0.0,
                    1.0
                ]
            ],
            "radius": 0.0076,
            "height": 0.02993
        },
        "distance": 0.0
    },
    {
        "case": 9,
        "collider1": {
            "type": "Box",
            "collider2origin": [
                [
                    1.0,
                    0.0,
                    0.0,
                    0.13799999999999998
                ],
                [
                    0.0,
                    1.0,
                    0.0,
                    -0.7522000000000001
                ],
                [
                    0.0,
                    0.0,
                    1.0,
                    0.8899999999999999
                ],
                [
                    0.0,
                    0.0,
                    0.0,
                    1.0
                ]
            ],
            "size": [
                0.1904,
                0.2176,
                0.28
            ]
        },
        "collider2": {
            "type": "Sphere",
            "collider2origin": [
                [
                    1.0,
                    0.0,
                    0.0,
                    0.14369540001514197
                ],
                [
                    0.0,
                    1.0,
                    0.0,
                    -0.683084452814989
                ],
                [
                    0.0,
                    0.0,
                    1.0,
                    0.9112210990488545
                ],
                [
                    0.0,
                    0.0,
                    0.0,
                    1.0
                ]
            ],
            "radius": 0.00484
        },
        "distance": 0.0
    },
    {
        "case": 10,
        "collider1": {
            "type": "Box",
            "collider2origin": [
                [
                    1.0,
                    0.0,
                    0.0,
                    0.13799999999999998
                ],
                [
                    0.0,
                    1.0,
                    0.0,
                    -0.7522000000000001
                ],
                [
                    0.0,
                    0.0,
                    1.0,
                    0.8899999999999999
                ],
                [
                    0.0,
                    0.0,
                    0.0,
                    1.0
                ]
            ],
            "size": [
                0.1904,
                0.2176,
                0.28
            ]
        },
        "collider2": {
            "type": "Cylinder",
            "collider2origin": [
                [
                    -0.47243779512107553,
                    0.25683125632151893,
                    -0.843113417944138,
                    0.10023707125142126
                ],
                [
                    -0.8691218862364254,
                    0.023127998329989227,
                    0.49405692238656673,
                    -0.6883060643583435
                ],
                [
                    0.14638878579308884,
                    0.9661794871914627,
                    0.2122911254020454,
                    0.8826634734748398
                ],
                [
                    0.0,
                    0.0,
                    0.0,
                    1.0
                ]
            ],
            "radius": 0.00783,
            "height": 0.03683
        },
        "distance": 0.0
    },
    {
        "case": 11,
        "collider1": {
            "type": "Box",
            "collider2origin": [
                [
                    1.0,
                    0.0,
                    0.0,
                    0.13799999999999998
                ],
                [
                    0.0,
                    1.0,
                    0.0,
                    -0.7522000000000001
                ],
                [
                    0.0,
                    0.0,
                    1.0,
                    0.8899999999999999
                ],
                [
                    0.0,
                    0.0,
                    0.0,
                    1.0
                ]
            ],
            "size": [
                0.1904,
                0.2176,
                0.28
            ]
        },
        "collider2": {
            "type": "Box",
            "collider2origin": [
                [
                    -0.7080581506484602,
                    0.4695889464203489,
                    -0.5273896820190069,
                    0.016088864566432833
                ],
                [
                    0.22016317995534754,
                    -0.5628190650092461,
                    -0.7967200727068869,
                    -0.6055107579759043
                ],
                [
                    -0.670955907263832,
                    -0.6802359307342892,
                    0.29512243060435694,
                    1.0115053291099778
                ],
                [
                    0.0,
                    0.0,
                    0.0,
                    1.0
                ]
            ],
            "size": [
                0.08993,
                0.0305,
                0.09007
            ]
        },
        "distance": 0.00603730204935218
    },
    {
        "case": 12,
        "collider1": {
            "type": "Box",
            "collider2origin": [
                [
                    1.0,
                    0.0,
                    0.0,
                    0.13799999999999998
                ],
                [
                    0.0,
                    1.0,
                    0.0,
                    -0.7522000000000001
                ],
                [
                    0.0,
                    0.0,
                    1.0,
                    0.8899999999999999
                ],
                [
                    0.0,
                    0.0,
                    0.0,
                    1.0
                ]
            ],
            "size": [
                0.1904,
                0.2176,
                0.28
            ]
        },
        "collider2": {
            "type": "Cylinder",
            "collider2origin": [
                [
                    -0.527389851146477,
                    0.3549016757380735,
                    -0.7719486676366529,
                    0.08260399581827696
                ],
                [
                    -0.7967192263722823,
                    0.10902077609349033,
                    0.594434979378506,
                    -0.7009745177339229
                ],
                [
                    0.2951244131488428,
                    0.9285253205692776,
                    0.22526053765644508,
                    0.8893573819634507
                ],
                [
                    0.0,
                    0.0,
                    0.0,
                    1.0
                ]
            ],
            "radius": 0.00683,
            "height": 0.01782
        },
        "distance": 0.0
    },
    {
        "case": 13,
        "collider1": {
            "type": "Box",
            "collider2origin": [
                [
                    1.0,
                    0.0,
                    0.0,
                    0.13799999999999998
                ],
                [
                    0.0,
                    1.0,
                    0.0,
                    -0.7522000000000001
                ],
                [
                    0.0,
                    0.0,
                    1.0,
                    0.8899999999999999
                ],
                [
                    0.0,
                    0.0,
                    0.0,
                    1.0
                ]
            ],
            "size": [
                0.1904,
                0.2176,
                0.28
            ]
        },
        "collider2": {
            "type": "Cylinder",
            "collider2origin": [
                [
                    -0.4736552151319395,
                    -0.11599923233671844,
                    -0.8730377513461876,
                    0.09008418151146425
                ],
                [
                    -0.7708324996900328,
                    0.5340782951113582,
                    0.34724290073745195,
                    -0.7193093345242652
                ],
                [
                    0.425990603886906,
                    0.837439283045784,
                    -0.3423849479925077,
                    0.9178156959547952
                ],
                [
                    0.0,
                    0.0,
                    0.0,
                    1.0
                ]
            ],
            "radius": 0.00713,
            "height": 0.01426
        },
        "distance": 0.0
    },
    {
        "case": 14,
        "collider1": {
            "type": "Box",
            "collider2origin": [
                [
                    1.0,
                    0.0,
                    0.0,
                    0.13799999999999998
                ],
                [
                    0.0,
                    1.0,
                    0.0,
                    -0.7522000000000001
                ],
                [
                    0.0,
                    0.0,
                    1.0,
                    0.8899999999999999
                ],
                [
                    0.0,
                    0.0,
                    0.0,
                    1.0
                ]
            ],
            "size": [
                0.1904,
                0.2176,
                0.28
            ]
        },
        "collider2": {
            "type": "Sphere",
            "collider2origin": [
                [
                    1.0,
                    0.0,
                    0.0,
                    0.1374517420610135
                ],
                [
                    0.0,
                    1.0,
                    0.0,
                    -0.7355427390091512
                ],
                [
                    0.0,
                    0.0,
                    1.0,
                    0.8940504949984445
                ],
                [
                    0.0,
                    0.0,
                    0.0,
                    1.0
                ]
            ],
            "radius": 0.00563
        },
        "distance": 0.0
    },
    {
        "case": 15,
        "collider1": {
            "type": "Box",
            "collider2origin": [
                [
                    1.0,
                    0.0,
                    0.0,
                    0.13799999999999998
                ],
                [
                    0.0,
                    1.0,
                    0.0,
                    -0.7522000000000001
                ],
                [
                    0.0,
                    0.0,
                    1.0,
                    0.8899999999999999
                ],
                [
                    0.0,
                    0.0,
                    0.0,
                    1.0
                ]
            ],
            "size": [
                0.1904,
                0.2176,
                0.28
            ]
        },
        "collider2": {
            "type": "Cylinder",
            "collider2origin": [
                [
                    -0.3780919431261055,
                    -0.4615746140614045,
                    -0.8024932138013323,
                    0.13237083975227845
                ],
                [
                    -0.9256711572835837,
                    0.17595031368743533,
                    0.3349244626577219,
                    -0.6793543449904593
                ],
                [
                    -0.013393696890578592,
                    0.8694770628184266,
                    -0.4937917031666741,
                    0.9029657171394478
                ],
                [
                    0.0,
                    0.0,
                    0.0,
                    1.0
                ]
            ],
            "radius": 0.0076,
            "height": 0.02993
        },
        "distance": 0.0
    },
    {
        "case": 16,
        "collider1": {
            "type": "Box",
            "collider2origin": [
                [
                    1.0,
                    0.0,
                    0.0,
                    0.13799999999999998
                ],
                [
                    0.0,
                    1.0,
                    0.0,
                    -0.7522000000000001
                ],
                [
                    0.0,
                    0.0,
                    1.0,
                    0.8899999999999999
                ],
                [
                    0.0,
                    0.0,
                    0.0,
                    1.0
                ]
            ],
            "size": [
                0.1904,
                0.2176,
                0.28
            ]
        },
        "collider2": {
            "type": "Sphere",
            "collider2origin": [
                [
                    1.0,
                    0.0,
                    0.0,
                    0.1456433567340763
                ],
                [
                    0.0,
                    1.0,
                    0.0,
                    -0.7110721356831626
                ],
                [
                    0.0,
                    0.0,
                    1.0,
                    0.8912380775532142
                ],
                [
                    0.0,
                    0.0,
                    0.0,
                    1.0
                ]
            ],
            "radius": 0.00487
        },
        "distance": 0.0
    },
    {
        "case": 17,
        "collider1": {
            "type": "Box",
            "collider2origin": [
                [
                    1.0,
                    0.0,
                    0.0,
                    0.13799999999999998
                ],
                [
                    0.0,
                    1.0,
                    0.0,
                    -0.7522000000000001
                ],
                [
                    0.0,
                    0.0,
                    1.0,
                    0.8899999999999999
                ],
                [
                    0.0,
                    0.0,
                    0.0,
                    1.0
                ]
            ],
            "size": [
                0.1904,
                0.2176,
                0.28
            ]
        },
        "collider2": {
            "type": "Cylinder",
            "collider2origin": [
                [
                    -0.10238730946432219,
                    0.8415368866179458,
                    -0.530407868834948,
                    0.09452962833444499
                ],
                [
                    -0.7696761799380105,
                    0.27076876327331156,
                    0.5781719941950424,
                    -0.7244623614750892
                ],
                [
                    0.6301709425994568,
                    0.46743977718719665,
                    0.6199876110104909,
                    0.9323595552741395
                ],
                [
                    0.0,
                    0.0,
                    0.0,
                    1.0
                ]
            ],
            "radius": 0.01169,
            "height": 0.05502
        },
        "distance": 0.0
    },
    {
        "case": 18,
        "collider1": {
            "type": "Box",
            "collider2origin": [
                [
                    1.0,
                    0.0,
                    0.0,
                    0.13799999999999998
                ],
                [
                    0.0,
                    1.0,
                    0.0,
                    -0.7522000000000001
                ],
                [
                    0.0,
                    0.0,
                    1.0,
                    0.8899999999999999
                ],
                [
                    0.0,
                    0.0,
                    0.0,
                    1.0
                ]
            ],
            "size": [
                0.1904,
                0.2176,
                0.28
            ]
        },
        "collider2": {
            "type": "Cylinder",
            "collider2origin": [
                [
                    -0.1559994673849084,
                    0.7905229587922619,
                    -0.5922310510248109,
                    0.08447467700905417
                ],
                [
                    -0.7653183071632211,
                    0.2823158890166231,
                    0.5784337710832373,
                    -0.7174437950018849
                ],
                [
                    0.6244614118554054,
                    0.5434806256262331,
                    0.5609605642756645,
                    0.9407016040935384
                ],
                [
                    0.0,
                    0.0,
                    0.0,
                    1.0
                ]
            ],
            "radius": 0.01271,
            "height": 0.05982
        },
        "distance": 0.0
    },
    {
        "case": 19,
        "collider1": {
            "type": "Box",
            "collider2origin": [
                [
                    1.0,
                    0.0,
                    0.0,
                    0.13799999999999998
                ],
                [
                    0.0,
                    1.0,
                    0.0,
                    -0.7522000000000001
                ],
                [
                    0.0,
                    0.0,
                    1.0,
                    0.8899999999999999
                ],
                [
                    0.0,
                    0.0,
                    0.0,
                    1.0
                ]
            ],
            "size": [
                0.1904,
                0.2176,
                0.28
            ]
        },
        "collider2": {
            "type": "Cylinder",
            "collider2origin": [
                [
                    -0.48808404752023327,
                    -0.13546686225410484,
                    -0.8622196308292297,
                    0.07650226749324564
                ],
                [
                    -0.7767475594338347,
                    0.5179453771176,
                    0.3583236180271793,
                    -0.7140459936688064
                ],
                [
                    0.39804169564236314,
                    0.8446190357513463,
                    -0.35802443069798734,
                    0.9125572727901734
                ],
                [
                    0.0,
                    0.0,
                    0.0,
                    1.0
                ]
            ],
            "radius": 0.00713,
            "height": 0.01697
        },
        "distance": 0.0
    }
]