[
    {
        "case": 0,
        "collider1": {
            "type": "Box",
            "collider2origin": [
                [
                    1.0,
                    0.0,
                    0.0,
                    -0.06
                ],
                [
                    0.0,
                    1.0,
                    0.0,
                    -0.37086
                ],
                [
                    0.0,
                    0.0,
                    1.0,
                    -0.40301
                ],
                [
                    0.0,
                    0.0,
                    0.0,
                    1.0
                ]
            ],
            "size": [
                0.1,
                1.0,
                1.64
            ]
        },
        "collider2": {
            "type": "Box",
            "collider2origin": [
                [
                    -0.060455722008196204,
                    0.09983442441505566,
                    0.9931657431557848,
                    0.014470435076634036
                ],
                [
                    0.006061958177170799,
                    0.9950040641557863,
                    -0.09965021312834967,
                    -0.7403555384922944
                ],
                [
                    -0.9981524724908144,
                    -3.896384935888964e-06,
                    -0.060758881205073674,
                    -0.04385163850478957
                ],
                [
                    0.0,
                    0.0,
                    0.0,
                    1.0
                ]
            ],
            "size": [
                0.09102,
                0.10007,
                0.11882
            ]
        },
        "distance": 0.0
    },
    {
        "case": 1,
        "collider1": {
            "type": "Box",
            "collider2origin": [
                [
                    1.0,
                    0.0,
                    0.0,
                    -0.06
                ],
                [
                    0.0,
                    1.0,
                    0.0,
                    -0.37086
                ],
                [
                    0.0,
                    0.0,
                    1.0,
                    -0.40301
                ],
                [
                    0.0,
                    0.0,
                    0.0,
                    1.0
                ]
            ],
            "size": [
                0.1,
                1.0,
                1.64
            ]
        },
        "collider2": {
            "type": "Box",
            "collider2origin": [
                [
                    0.7079168273557185,
                    0.09982820798899047,
                    -0.6992053306692684,
                    0.20478356376135698
                ],
                [
                    -0.0710241111267315,
                    0.9950046878726667,
                    0.07015159834297488,
                    -0.8717719087322136
                ],
                [
                    0.7027156901516227,
                    -1.059827034301653e-06,
                    0.7114707715806778,
                    -0.25162886930667616
                ],
                [
                    0.0,
                    0.0,
                    0.0,
                    1.0
                ]
            ],
            "size": [
                0.1202,
                0.13634,
                0.67816
            ]
        },
        "distance": 0.0
    }
]