[
    {
        "case": 0,
        "collider1": {
            "type": "Box",
            "collider2origin": [
                [
                    1.0,
                    0.0,
                    0.0,
                    1.2009999999999998
                ],
                [
                    0.0,
                    1.0,
                    0.0,
                    0.02914
                ],
                [
                    0.0,
                    0.0,
                    1.0,
                    -1.22801
                ],
                [
                    0.0,
                    0.0,
                    0.0,
                    1.0
                ]
            ],
            "size": [
                0.41,
                0.6,
                0.82
            ]
        },
        "collider2": {
            "type": "Box",
            "collider2origin": [
                [
                    -0.16808313561969548,
                    -0.9842692517561488,
                    -0.054425174024911864,
                    0.957852165866288
                ],
                [
                    -0.9363910866578725,
                    0.1766749557691029,
                    -0.30324526844070304,
                    -0.32943720929191644
                ],
                [
                    0.30809055868030033,
                    -7.167734618605785e-06,
                    -0.9513570347670132,
                    -1.1330562615826305
                ],
                [
                    0.0,
                    0.0,
                    0.0,
                    1.0
                ]
            ],
            "size": [
                0.09102,
                0.10007,
                0.11882
            ]
        },
        "distance": 0.002795594124606975
    }
]