[
    {
        "case": 0,
        "collider1": {
            "type": "Cylinder",
            "collider2origin": [
                [
                    1.0,
                    0.0,
                    0.0,
                    0.4849999999999999
                ],
                [
                    0.0,
                    -3.673205103346574e-06,
                    -0.9999999999932537,
                    -0.46086
                ],
                [
                    0.0,
                    0.9999999999932537,
                    -3.673205103346574e-06,
                    -0.70001
                ],
                [
                    0.0,
                    0.0,
                    0.0,
                    1.0
                ]
            ],
            "radius": 0.026,
            "height": 0.272
        },
        "collider2": {
            "type": "Box",
            "collider2origin": [
                [
                    -0.5433689230230331,
                    -0.5797382658292214,
                    -0.607168639363164,
                    0.6351797428597699
                ],
                [
                    0.3866121755378155,
                    -0.8148027633309973,
                    0.43200403076138966,
                    -0.7995827081268423
                ],
                [
                    -0.7451719527858696,
                    -1.223646102574662e-06,
                    0.6668723721821112,
                    -0.7624675846612043
                ],
                [
                    0.0,
                    0.0,
                    0.0,
                    1.0
                ]
            ],
            "size": [
                0.1202,
                0.13634,
                0.67816
            ]
        },
        "distance": 0.033850159757224205
    },
    {
        "case": 1,
        "collider1": {
            "type": "Box",
            "collider2origin": [
                [
                    1.0,
                    0.0,
                    0.0,
                    -0.26
                ],
                [
                    0.0,
                    1.0,
                    0.0,
                    -0.4608599999999999
                ],
                [
                    0.0,
                    0.0,
                    1.0,
                    -1.143
                ],
                [
                    0.0,
                    0.0,
                    0.0,
                    1.0
                ]
            ],
            "size": [
                1.48,
                0.272,
                0.945
            ]
        },
        "collider2": {
            "type": "Box",
            "collider2origin": [
                [
                    -0.5433689230230331,
                    -0.5797382658292214,
                    -0.607168639363164,
                    0.6351797428597699
                ],
                [
                    0.3866121755378155,
                    -0.8148027633309973,
                    0.43200403076138966,
                    -0.7995827081268423
                ],
                [
                    -0.7451719527858696,
                    -1.223646102574662e-06,
                    0.6668723721821112,
                    -0.7624675846612043
                ],
                [
                    0.0,
                    0.0,
                    0.0,
                    1.0
                ]
            ],
            "size": [
                0.1202,
                0.13634,
                0.67816
            ]
        },
        "distance": 0.03478425265529333
    }
]