[
    {
        "case": 0,
        "collider1": {
            "type": "Box",
            "collider2origin": [
                [
                    1.0,
                    0.0,
                    0.0,
                    1.23
                ],
                [
                    0.0,
                    1.0,
                    0.0,
                    -0.23086
                ],
                [
                    0.0,
                    0.0,
                    1.0,
                    -0.54301
                ],
                [
                    0.0,
                    0.0,
                    0.0,
                    1.0
                ]
            ],
            "size": [
                0.1,
                0.16,
                0.1
            ]
        },
        "collider2": {
            "type": "Box",
            "collider2origin": [
                [
                    0.09622611054522114,
                    -0.9944366875233616,
                    -0.04285102282213018,
                    1.296937044456914
                ],
                [
                    0.6507650165233405,
                    0.09542938019545501,
                    -0.753258339923885,
                    -0.37038963067384123
                ],
                [
                    0.7531569749519117,
                    0.04459717371173999,
                    0.6563274054755062,
                    -0.47020383944048594
                ],
                [
                    0.0,
                    0.0,
                    0.0,
                    1.0
                ]
            ],
            "size": [
                0.08993,
                0.0305,
                0.09007
            ]
        },
        "distance": 0.015378942948835052
    }
]