[
    {
        "case": 0,
        "collider1": {
            "type": "Box",
            "collider2origin": [
                [
                    1.0,
                    0.0,
                    0.0,
                    -0.06
                ],
                [
                    0.0,
                    1.0,
                    0.0,
                    -0.37086
                ],
                [
                    0.0,
                    0.0,
                    1.0,
                    -0.40301
                ],
                [
                    0.0,
                    0.0,
                    0.0,
                    1.0
                ]
            ],
            "size": [
                0.1,
                1.0,
                1.64
            ]
        },
        "collider2": {
            "type": "Cylinder",
            "collider2origin": [
                [
                    0.40356827294007924,
                    0.8995004377308224,
                    -0.16742643637795082,
                    -0.08414151454760721
                ],
                [
                    0.06505027374916543,
                    0.1543186686246551,
                    0.9858773810160532,
                    -0.8752096121659055
                ],
                [
                    0.9126341605272725,
                    -0.4087599675065706,
                    0.003765368867380472,
                    0.027481452850016908
                ],
                [
                    0.0,
                    0.0,
                    0.0,
                    1.0
                ]
            ],
            "radius": 0.01271,
            "height": 0.05982
        },
        "distance": 0.0
    },
    {
        "case": 1,
        "collider1": {
            "type": "Box",
            "collider2origin": [
                [
                    1.0,
                    0.0,
                    0.0,
                    -0.06
                ],
                [
                    0.0,
                    1.0,
                    0.0,
                    -0.37086
                ],
                [
                    0.0,
                    0.0,
                    1.0,
                    -0.40301
                ],
                [
                    0.0,
                    0.0,
                    0.0,
                    1.0
                ]
            ],
            "size": [
                0.1,
                1.0,
                1.64
            ]
        },
        "collider2": {
            "type": "Cylinder",
            "collider2origin": [
                [
                    0.447986424606755,
                    0.8901792847461987,
                    -0.0830000263662709,
                    -0.0809594924322008
                ],
                [
                    0.041154452192172813,
                    0.07220594566835362,
                    0.9965403215499614,
                    -0.889566558238964
                ],
                [
                    0.8930926460523664,
                    -0.4498523562446736,
                    -0.004287557381234628,
                    0.025556632153859837
                ],
                [
                    0.0,
                    0.0,
                    0.0,
                    1.0
                ]
            ],
            "radius": 0.01169,
            "height": 0.05502
        },
        "distance": 0.0
    },
    {
        "case": 2,
        "collider1": {
            "type": "Box",
            "collider2origin": [
                [
                    1.0,
                    0.0,
                    0.0,
                    -0.06
                ],
                [
                    0.0,
                    1.0,
                    0.0,
                    -0.37086
                ],
                [
                    0.0,
                    0.0,
                    1.0,
                    -0.40301
                ],
                [
                    0.0,
                    0.0,
                    0.0,
                    1.0
                ]
            ],
            "size": [
                0.1,
                1.0,
                1.64
            ]
        },
        "collider2": {
            "type": "Box",
            "collider2origin": [
                [
                    -0.3342560414266738,
                    -0.3597760869474304,
                    0.8711108230475408,
                    -0.12754557136854117
                ],
                [
                    -0.03180054266383238,
                    -0.919441323627706,
                    -0.3919392528084129,
                    -0.8604926851394606
                ],
                [
                    0.9419456588657625,
                    -0.15870986001671794,
                    0.29588774235749987,
                    -0.013150110410290461
                ],
                [
                    0.0,
                    0.0,
                    0.0,
                    1.0
                ]
            ],
            "size": [
                0.07264,
                0.04753,
                0.03326
            ]
        },
        "distance": 0.0
    },
    {
        "case": 3,
        "collider1": {
            "type": "Box",
            "collider2origin": [
                [
                    1.0,
                    0.0,
                    0.0,
                    -0.06
                ],
                [
                    0.0,
                    1.0,
                    0.0,
                    -0.37086
                ],
                [
                    0.0,
                    0.0,
                    1.0,
                    -0.40301
                ],
                [
                    0.0,
                    0.0,
                    0.0,
                    1.0
                ]
            ],
            "size": [
                0.1,
                1.0,
                1.64
            ]
        },
        "collider2": {
            "type": "Box",
            "collider2origin": [
                [
                    0.6714304286860975,
                    0.1624567409985968,
                    -0.7230414834146917,
                    0.20353945526818795
                ],
                [
                    -0.11054607000969864,
                    0.9867156668983914,
                    0.11904519773041472,
                    -0.8200155490311959
                ],
                [
                    0.7327760543575466,
                    -1.1736996767182022e-06,
                    0.6804698774808537,
                    -0.12791892389883386
                ],
                [
                    0.0,
                    0.0,
                    0.0,
                    1.0
                ]
            ],
            "size": [
                0.1202,
                0.13634,
                0.67816
            ]
        },
        "distance": 0.0
    },
    {
        "case": 4,
        "collider1": {
            "type": "Box",
            "collider2origin": [
                [
                    1.0,
                    0.0,
                    0.0,
                    -0.06
                ],
                [
                    0.0,
                    1.0,
                    0.0,
                    -0.37086
                ],
                [
                    0.0,
                    0.0,
                    1.0,
                    -0.40301
                ],
                [
                    0.0,
                    0.0,
                    0.0,
                    1.0
                ]
            ],
            "size": [
                0.1,
                1.0,
                1.64
            ]
        },
        "collider2": {
            "type": "Box",
            "collider2origin": [
                [
                    -0.1443036364187861,
                    -0.3597712966514382,
                    0.921814013031944,
                    -0.1065616298490617
                ],
                [
                    -0.11322346128819795,
                    -0.9194429271587765,
                    -0.3765702477780475,
                    -0.8142428038902174
                ],
                [
                    0.9830345407615311,
                    -0.15871142934093635,
                    0.09194440638952565,
                    -0.006007395048611031
                ],
                [
                    0.0,
                    0.0,
                    0.0,
                    1.0
                ]
            ],
            "size": [
                0.06241,
                0.05638,
                0.02858
            ]
        },
        "distance": 0.0
    },
    {
        "case": 5,
        "collider1": {
            "type": "Box",
            "collider2origin": [
                [
                    1.0,
                    0.0,
                    0.0,
                    -0.06
                ],
                [
                    0.0,
                    1.0,
                    0.0,
                    -0.37086
                ],
                [
                    0.0,
                    0.0,
                    1.0,
                    -0.40301
                ],
                [
                    0.0,
                    0.0,
                    0.0,
                    1.0
                ]
            ],
            "size": [
                0.1,
                1.0,
                1.64
            ]
        },
        "collider2": {
            "type": "Box",
            "collider2origin": [
                [
                    -0.9423121358378839,
                    -0.1371333865503499,
                    -0.3053559774195971,
                    -0.0896354083637998
                ],
                [
                    0.14059604950161222,
                    -0.9900088470629275,
                    0.010734691503383796,
                    -0.7322916901628513
                ],
                [
                    -0.3037772037483808,
                    -0.0328164140387845,
                    0.9521777635780252,
                    -0.0018496897806556944
                ],
                [
                    0.0,
                    0.0,
                    0.0,
                    1.0
                ]
            ],
            "size": [
                0.08993,
                0.0305,
                0.09007
            ]
        },
        "distance": 0.0
    },
    {
        "case": 6,
        "collider1": {
            "type": "Box",
            "collider2origin": [
                [
                    1.0,
                    0.0,
                    0.0,
                    -0.06
                ],
                [
                    0.0,
                    1.0,
                    0.0,
                    -0.37086
                ],
                [
                    0.0,
                    0.0,
                    1.0,
                    -0.40301
                ],
                [
                    0.0,
                    0.0,
                    0.0,
                    1.0
                ]
            ],
            "size": [
                0.1,
                1.0,
                1.64
            ]
        },
        "collider2": {
            "type": "Box",
            "collider2origin": [
                [
                    0.6118231114514096,
                    -0.13713512640196246,
                    -0.7790163267869513,
                    -0.07614127840546825
                ],
                [
                    -0.058597097739636166,
                    -0.9900084153813954,
                    0.1282564525102342,
                    -0.6588533448674736
                ],
                [
                    -0.7888211840654431,
                    -0.032822165997024116,
                    -0.6137457494670379,
                    0.0019556566252885155
                ],
                [
                    0.0,
                    0.0,
                    0.0,
                    1.0
                ]
            ],
            "size": [
                0.09126,
                0.11887,
                0.10009
            ]
        },
        "distance": 0.0
    },
    {
        "case": 7,
        "collider1": {
            "type": "Box",
            "collider2origin": [
                [
                    1.0,
                    0.0,
                    0.0,
                    -0.06
                ],
                [
                    0.0,
                    1.0,
                    0.0,
                    -0.37086
                ],
                [
                    0.0,
                    0.0,
                    1.0,
                    -0.40301
                ],
                [
                    0.0,
                    0.0,
                    0.0,
                    1.0
                ]
            ],
            "size": [
                0.1,
                1.0,
                1.64
            ]
        },
        "collider2": {
            "type": "Box",
            "collider2origin": [
                [
                    -0.6055918070020027,
                    0.16245653539151647,
                    -0.7790163267869513,
                    0.00878424011054657
                ],
                [
                    0.09971162578176004,
                    0.9867157007332193,
                    0.1282564525102342,
                    -0.674684318813199
                ],
                [
                    0.7895037396846244,
                    -5.927619122486154e-06,
                    -0.6137457494670379,
                    0.06902120514067978
                ],
                [
                    0.0,
                    0.0,
                    0.0,
                    1.0
                ]
            ],
            "size": [
                0.09102,
                0.10007,
                0.11882
            ]
        },
        "distance": 0.0
    }
]