[
    {
        "case": 0,
        "collider1": {
            "type": "Box",
            "collider2origin": [
                [
                    1.0,
                    0.0,
                    0.0,
                    1.2009999999999998
                ],
                [
                    0.0,
                    1.0,
                    0.0,
                    0.02914
                ],
                [
                    0.0,
                    0.0,
                    1.0,
                    -1.22801
                ],
                [
                    0.0,
                    0.0,
                    0.0,
                    1.0
                ]
            ],
            "size": [
                0.41,
                0.6,
                0.82
            ]
        },
        "collider2": {
            "type": "Box",
            "collider2origin": [
                [
                    -0.4538496623581459,
                    -0.8723561121823952,
                    0.1817011213928337,
                    1.3002391281487038
                ],
                [
                    -0.8098684390281108,
                    0.4888709579100023,
                    0.32421952127891346,
                    -0.3656486526247076
                ],
                [
                    -0.3716632823451466,
                    -7.083289716967069e-06,
                    -0.9283676020339456,
                    -0.49345729118007164
                ],
                [
                    0.0,
                    0.0,
                    0.0,
                    1.0
                ]
            ],
            "size": [
                0.1202,
                0.13634,
                0.67816
            ]
        },
        "distance": 0.0
    },
    {
        "case": 1,
        "collider1": {
            "type": "Box",
            "collider2origin": [
                [
                    1.0,
                    0.0,
                    0.0,
                    1.23
                ],
                [
                    0.0,
                    1.0,
                    0.0,
                    -0.23086
                ],
                [
                    0.0,
                    0.0,
                    1.0,
                    -0.54301
                ],
                [
                    0.0,
                    0.0,
                    0.0,
                    1.0
                ]
            ],
            "size": [
                0.1,
                0.16,
                0.1
            ]
        },
        "collider2": {
            "type": "Box",
            "collider2origin": [
                [
                    -0.4538496623581459,
                    -0.8723561121823952,
                    0.1817011213928337,
                    1.3002391281487038
                ],
                [
                    -0.8098684390281108,
                    0.4888709579100023,
                    0.32421952127891346,
                    -0.3656486526247076
                ],
                [
                    -0.3716632823451466,
                    -7.083289716967069e-06,
                    -0.9283676020339456,
                    -0.49345729118007164
                ],
                [
                    0.0,
                    0.0,
                    0.0,
                    1.0
                ]
            ],
            "size": [
                0.1202,
                0.13634,
                0.67816
            ]
        },
        "distance": 0.0
    },
    {
        "case": 2,
        "collider1": {
            "type": "Box",
            "collider2origin": [
                [
                    1.0,
                    0.0,
                    0.0,
                    1.28
                ],
                [
                    0.0,
                    1.0,
                    0.0,
                    -0.23086
                ],
                [
                    0.0,
                    0.0,
                    1.0,
                    -0.67301
                ],
                [
                    0.0,
                    0.0,
                    0.0,
                    1.0
                ]
            ],
            "size": [
                0.06,
                0.06,
                0.33
            ]
        },
        "collider2": {
            "type": "Box",
            "collider2origin": [
                [
                    -0.4538496623581459,
                    -0.8723561121823952,
                    0.1817011213928337,
                    1.3002391281487038
                ],
                [
                    -0.8098684390281108,
                    0.4888709579100023,
                    0.32421952127891346,
                    -0.3656486526247076
                ],
                [
                    -0.3716632823451466,
                    -7.083289716967069e-06,
                    -0.9283676020339456,
                    -0.49345729118007164
                ],
                [
                    0.0,
                    0.0,
                    0.0,
                    1.0
                ]
            ],
            "size": [
                0.1202,
                0.13634,
                0.67816
            ]
        },
        "distance": 0.0
    },
    {
        "case": 3,
        "collider1": {
            "type": "Box",
            "collider2origin": [
                [
                    1.0,
                    0.0,
                    0.0,
                    1.2009999999999998
                ],
                [
                    0.0,
                    1.0,
                    0.0,
                    0.02914
                ],
                [
                    0.0,
                    0.0,
                    1.0,
                    -1.22801
                ],
                [
                    0.0,
                    0.0,
                    0.0,
                    1.0
                ]
            ],
            "size": [
                0.41,
                0.6,
                0.82
            ]
        },
        "collider2": {
            "type": "Box",
            "collider2origin": [
                [
                    0.9126005964234148,
                    -0.39407369192171554,
                    0.10893152318230188,
                    1.2360977772530786
                ],
                [
                    -0.40874712541384695,
                    -0.8854283080959379,
                    0.22122951586142775,
                    -0.2573342079400266
                ],
                [
                    0.009270322192052429,
                    -0.24641963508932005,
                    -0.9691188908327508,
                    -0.8964523792995358
                ],
                [
                    0.0,
                    0.0,
                    0.0,
                    1.0
                ]
            ],
            "size": [
                0.08993,
                0.0305,
                0.09007
            ]
        },
        "distance": 0.0
    },
    {
        "case": 4,
        "collider1": {
            "type": "Box",
            "collider2origin": [
                [
                    1.0,
                    0.0,
                    0.0,
                    1.2009999999999998
                ],
                [
                    0.0,
                    1.0,
                    0.0,
                    0.02914
                ],
                [
                    0.0,
                    0.0,
                    1.0,
                    -1.22801
                ],
                [
                    0.0,
                    0.0,
                    0.0,
                    1.0
                ]
            ],
            "size": [
                0.41,
                0.6,
                0.82
            ]
        },
        "collider2": {
            "type": "Box",
            "collider2origin": [
                [
                    0.9110850338122941,
                    -0.39407364775839676,
                    0.12095462498657077,
                    1.2650133824325043
                ],
                [
                    -0.41162844683129096,
                    -0.8854283279625792,
                    0.21582098554276552,
                    -0.19225487812534492
                ],
                [
                    0.022047288325550345,
                    -0.24641963433091654,
                    -0.9689124216840793,
                    -0.8734751382671361
                ],
                [
                    0.0,
                    0.0,
                    0.0,
                    1.0
                ]
            ],
            "size": [
                0.09126,
                0.11887,
                0.10009
            ]
        },
        "distance": 0.0
    },
    {
        "case": 5,
        "collider1": {
            "type": "Box",
            "collider2origin": [
                [
                    1.0,
                    0.0,
                    0.0,
                    1.28
                ],
                [
                    0.0,
                    1.0,
                    0.0,
                    -0.23086
                ],
                [
                    0.0,
                    0.0,
                    1.0,
                    -0.67301
                ],
                [
                    0.0,
                    0.0,
                    0.0,
                    1.0
                ]
            ],
            "size": [
                0.06,
                0.06,
                0.33
            ]
        },
        "collider2": {
            "type": "Box",
            "collider2origin": [
                [
                    0.9110850338122941,
                    -0.39407364775839676,
                    0.12095462498657077,
                    1.2650133824325043
                ],
                [
                    -0.41162844683129096,
                    -0.8854283279625792,
                    0.21582098554276552,
                    -0.19225487812534492
                ],
                [
                    0.022047288325550345,
                    -0.24641963433091654,
                    -0.9689124216840793,
                    -0.8734751382671361
                ],
                [
                    0.0,
                    0.0,
                    0.0,
                    1.0
                ]
            ],
            "size": [
                0.09126,
                0.11887,
                0.10009
            ]
        },
        "distance": 0.0
    },
    {
        "case": 6,
        "collider1": {
            "type": "Box",
            "collider2origin": [
                [
                    1.0,
                    0.0,
                    0.0,
                    1.2009999999999998
                ],
                [
                    0.0,
                    1.0,
                    0.0,
                    0.02914
                ],
                [
                    0.0,
                    0.0,
                    1.0,
                    -1.22801
                ],
                [
                    0.0,
                    0.0,
                    0.0,
                    1.0
                ]
            ],
            "size": [
                0.41,
                0.6,
                0.82
            ]
        },
        "collider2": {
            "type": "Box",
            "collider2origin": [
                [
                    -0.4736711970630184,
                    -0.8723563353167357,
                    0.12095462498657077,
                    1.256159715683332
                ],
                [
                    -0.8452377641935431,
                    0.48887055973994764,
                    0.21582098554276552,
                    -0.21569865351738682
                ],
                [
                    -0.24740395925285347,
                    -7.232219155421212e-06,
                    -0.9689124216840793,
                    -0.766943905496771
                ],
                [
                    0.0,
                    0.0,
                    0.0,
                    1.0
                ]
            ],
            "size": [
                0.09102,
                0.10007,
                0.11882
            ]
        },
        "distance": 0.0
    },
    {
        "case": 7,
        "collider1": {
            "type": "Box",
            "collider2origin": [
                [
                    1.0,
                    0.0,
                    0.0,
                    1.28
                ],
                [
                    0.0,
                    1.0,
                    0.0,
                    -0.23086
                ],
                [
                    0.0,
                    0.0,
                    1.0,
                    -0.67301
                ],
                [
                    0.0,
                    0.0,
                    0.0,
                    1.0
                ]
            ],
            "size": [
                0.06,
                0.06,
                0.33
            ]
        },
        "collider2": {
            "type": "Box",
            "collider2origin": [
                [
                    -0.4736711970630184,
                    -0.8723563353167357,
                    0.12095462498657077,
                    1.256159715683332
                ],
                [
                    -0.8452377641935431,
                    0.48887055973994764,
                    0.21582098554276552,
                    -0.21569865351738682
                ],
                [
                    -0.24740395925285347,
                    -7.232219155421212e-06,
                    -0.9689124216840793,
                    -0.766943905496771
                ],
                [
                    0.0,
                    0.0,
                    0.0,
                    1.0
                ]
            ],
            "size": [
                0.09102,
                0.10007,
                0.11882
            ]
        },
        "distance": 0.0
    }
]