[
    {
        "case": 0,
        "collider1": {
            "type": "Box",
            "collider2origin": [
                [
                    1.0,
                    0.0,
                    0.0,
                    -0.06
                ],
                [
                    0.0,
                    1.0,
                    0.0,
                    -0.37086
                ],
                [
                    0.0,
                    0.0,
                    1.0,
                    -0.40301
                ],
                [
                    0.0,
                    0.0,
                    0.0,
                    1.0
                ]
            ],
            "size": [
                0.1,
                1.0,
                1.64
            ]
        },
        "collider2": {
            "type": "Box",
            "collider2origin": [
                [
                    -0.7018281184115096,
                    -0.27788096744363905,
                    0.6559111678722563,
                    -0.0812454049855782
                ],
                [
                    0.2030198323671553,
                    -0.9606155151420405,
                    -0.18973871437849513,
                    -0.8537390903197504
                ],
                [
                    0.6828032219260334,
                    -9.89552907529646e-07,
                    0.730602326937472,
                    -0.4470057905485405
                ],
                [
                    0.0,
                    0.0,
                    0.0,
                    1.0
                ]
            ],
            "size": [
                0.09102,
                0.10007,
                0.11882
            ]
        },
        "distance": 0.0
    },
    {
        "case": 1,
        "collider1": {
            "type": "Box",
            "collider2origin": [
                [
                    1.0,
                    0.0,
                    0.0,
                    -0.06
                ],
                [
                    0.0,
                    1.0,
                    0.0,
                    -0.37086
                ],
                [
                    0.0,
                    0.0,
                    1.0,
                    -0.40301
                ],
                [
                    0.0,
                    0.0,
                    0.0,
                    1.0
                ]
            ],
            "size": [
                0.1,
                1.0,
                1.64
            ]
        },
        "collider2": {
            "type": "Box",
            "collider2origin": [
                [
                    -0.46148899950884936,
                    0.5973344483560058,
                    0.6559111678722563,
                    -0.009500807736809946
                ],
                [
                    -0.8667320365694303,
                    -0.46127518581666993,
                    -0.18973871437849513,
                    -0.8793097518629067
                ],
                [
                    0.18921807555444783,
                    -0.6560615518051813,
                    0.730602326937472,
                    -0.368385512121989
                ],
                [
                    0.0,
                    0.0,
                    0.0,
                    1.0
                ]
            ],
            "size": [
                0.09126,
                0.11887,
                0.10009
            ]
        },
        "distance": 0.0
    },
    {
        "case": 2,
        "collider1": {
            "type": "Box",
            "collider2origin": [
                [
                    1.0,
                    0.0,
                    0.0,
                    -0.06
                ],
                [
                    0.0,
                    1.0,
                    0.0,
                    -0.37086
                ],
                [
                    0.0,
                    0.0,
                    1.0,
                    -0.40301
                ],
                [
                    0.0,
                    0.0,
                    0.0,
                    1.0
                ]
            ],
            "size": [
                0.1,
                1.0,
                1.64
            ]
        },
        "collider2": {
            "type": "Box",
            "collider2origin": [
                [
                    0.4605410757893456,
                    -0.27788647332156186,
                    -0.8430189947182073,
                    0.19402490909611736
                ],
                [
                    -0.13322039520616907,
                    -0.9606139224034669,
                    0.24387131521714067,
                    -0.8170267191386195
                ],
                [
                    -0.8775843229068669,
                    -5.434221597647356e-06,
                    -0.4794223150402626,
                    -0.30875053966115806
                ],
                [
                    0.0,
                    0.0,
                    0.0,
                    1.0
                ]
            ],
            "size": [
                0.1202,
                0.13634,
                0.67816
            ]
        },
        "distance": 0.0
    },
    {
        "case": 3,
        "collider1": {
            "type": "Box",
            "collider2origin": [
                [
                    1.0,
                    0.0,
                    0.0,
                    -0.06
                ],
                [
                    0.0,
                    1.0,
                    0.0,
                    -0.37086
                ],
                [
                    0.0,
                    0.0,
                    1.0,
                    -0.40301
                ],
                [
                    0.0,
                    0.0,
                    0.0,
                    1.0
                ]
            ],
            "size": [
                0.1,
                1.0,
                1.64
            ]
        },
        "collider2": {
            "type": "Box",
            "collider2origin": [
                [
                    0.7652386356384074,
                    0.5973329206535641,
                    0.2400066924686705,
                    0.037827874845573484
                ],
                [
                    0.08300451053823794,
                    -0.46127124407547043,
                    0.8833680380336243,
                    -0.9135798427191816
                ],
                [
                    0.6383729957920964,
                    -0.6560657141571644,
                    -0.402563904182769,
                    -0.4150290074059453
                ],
                [
                    0.0,
                    0.0,
                    0.0,
                    1.0
                ]
            ],
            "size": [
                0.08993,
                0.0305,
                0.09007
            ]
        },
        "distance": 0.014493771809163256
    }
]