[
    {
        "case": 0,
        "collider1": {
            "type": "Box",
            "collider2origin": [
                [
                    1.0,
                    0.0,
                    0.0,
                    1.23
                ],
                [
                    0.0,
                    1.0,
                    0.0,
                    -0.23086
                ],
                [
                    0.0,
                    0.0,
                    1.0,
                    -0.54301
                ],
                [
                    0.0,
                    0.0,
                    0.0,
                    1.0
                ]
            ],
            "size": [
                0.1,
                0.16,
                0.1
            ]
        },
        "collider2": {
            "type": "Box",
            "collider2origin": [
                [
                    0.0855830382716876,
                    0.994043243532199,
                    -0.06748017151854209,
                    1.095480439231166
                ],
                [
                    0.7806232745685207,
                    -0.10898637504284918,
                    -0.615426090815899,
                    -0.5713807087003865
                ],
                [
                    -0.6191145667500537,
                    -6.557775557570722e-06,
                    -0.7853006769352033,
                    -0.6407840781688778
                ],
                [
                    0.0,
                    0.0,
                    0.0,
                    1.0
                ]
            ],
            "size": [
                0.1202,
                0.13634,
                0.67816
            ]
        },
        "distance": 0.059012885140179314
    }
]