[
    {
        "case": 0,
        "collider1": {
            "type": "Box",
            "collider2origin": [
                [
                    1.0,
                    0.0,
                    0.0,
                    1.2009999999999998
                ],
                [
                    0.0,
                    1.0,
                    0.0,
                    0.02914
                ],
                [
                    0.0,
                    0.0,
                    1.0,
                    -1.22801
                ],
                [
                    0.0,
                    0.0,
                    0.0,
                    1.0
                ]
            ],
            "size": [
                0.41,
                0.6,
                0.82
            ]
        },
        "collider2": {
            "type": "Cylinder",
            "collider2origin": [
                [
                    -0.9796151153639695,
                    -0.1122513621315975,
                    -0.16659489022787435,
                    1.3187358678941805
                ],
                [
                    0.1823037418324836,
                    -0.8451050371066999,
                    -0.5025562873656623,
                    -0.2832900281392918
                ],
                [
                    -0.08437755308322027,
                    -0.5226826072833148,
                    0.8483415117623352,
                    -1.3209690344544596
                ],
                [
                    0.0,
                    0.0,
                    0.0,
                    1.0
                ]
            ],
            "radius": 0.0076,
            "height": 0.02993
        },
        "distance": 0.0
    }
]