[
    {
        "case": 0,
        "collider1": {
            "type": "Box",
            "collider2origin": [
                [
                    1.0,
                    0.0,
                    0.0,
                    1.2009999999999998
                ],
                [
                    0.0,
                    1.0,
                    0.0,
                    0.02914
                ],
                [
                    0.0,
                    0.0,
                    1.0,
                    -1.22801
                ],
                [
                    0.0,
                    0.0,
                    0.0,
                    1.0
                ]
            ],
            "size": [
                0.41,
                0.6,
                0.82
            ]
        },
        "collider2": {
            "type": "Box",
            "collider2origin": [
                [
                    -0.027194049863871216,
                    -0.9994755014822534,
                    -0.017584242627973624,
                    0.9312780403242709
                ],
                [
                    0.8393072484570008,
                    -0.032383976538585595,
                    0.54269201279463,
                    -0.3674288706929162
                ],
                [
                    -0.5429768193390393,
                    -5.886396230407494e-07,
                    0.8397476845220315,
                    -0.5139714988344782
                ],
                [
                    0.0,
                    0.0,
                    0.0,
                    1.0
                ]
            ],
            "size": [
                0.1202,
                0.13634,
                0.67816
            ]
        },
        "distance": 0.18419893557942996
    }
]