[
    {
        "case": 0,
        "collider1": {
            "type": "Box",
            "collider2origin": [
                [
                    1.0,
                    0.0,
                    0.0,
                    0.0
                ],
                [
                    0.0,
                    1.0,
                    0.0,
                    -0.37086
                ],
                [
                    0.0,
                    0.0,
                    1.0,
                    0.39699
                ],
                [
                    0.0,
                    0.0,
                    0.0,
                    1.0
                ]
            ],
            "size": [
                0.6,
                1.6,
                0.1
            ]
        },
        "collider2": {
            "type": "Box",
            "collider2origin": [
                [
                    -0.35771699087209613,
                    0.6026249191708627,
                    -0.7133594894831944,
                    0.37541769990526086
                ],
                [
                    -0.26267290169386615,
                    0.6681306471050971,
                    0.6961353209790815,
                    -0.15874204516191592
                ],
                [
                    0.8961258288639699,
                    0.4363996393138236,
                    -0.08070844844021961,
                    0.2909249475875191
                ],
                [
                    0.0,
                    0.0,
                    0.0,
                    1.0
                ]
            ],
            "size": [
                0.09126,
                0.11887,
                0.10009
            ]
        },
        "distance": 0.029283665149768903
    },
    {
        "case": 1,
        "collider1": {
            "type": "Box",
            "collider2origin": [
                [
                    1.0,
                    0.0,
                    0.0,
                    0.0
                ],
                [
                    0.0,
                    1.0,
                    0.0,
                    -0.37086
                ],
                [
                    0.0,
                    0.0,
                    1.0,
                    0.39699
                ],
                [
                    0.0,
                    0.0,
                    0.0,
                    1.0
                ]
            ],
            "size": [
                0.6,
                1.6,
                0.1
            ]
        },
        "collider2": {
            "type": "Box",
            "collider2origin": [
                [
                    0.564340767397985,
                    0.6984149532890287,
                    -0.44015457656934265,
                    0.5015970110375875
                ],
                [
                    -0.5507159090839521,
                    0.715693057826943,
                    0.4295293173465065,
                    -0.4462774273075715
                ],
                [
                    0.6150052729322649,
                    -7.767984125649566e-07,
                    0.7885229953938608,
                    0.06875098974758442
                ],
                [
                    0.0,
                    0.0,
                    0.0,
                    1.0
                ]
            ],
            "size": [
                0.1202,
                0.13634,
                0.67816
            ]
        },
        "distance": 0.010838270424862594
    }
]