[
    {
        "case": 0,
        "collider1": {
            "type": "Box",
            "collider2origin": [
                [
                    1.0,
                    0.0,
                    0.0,
                    -0.26
                ],
                [
                    0.0,
                    1.0,
                    0.0,
                    -0.4608599999999999
                ],
                [
                    0.0,
                    0.0,
                    1.0,
                    -1.143
                ],
                [
                    0.0,
                    0.0,
                    0.0,
                    1.0
                ]
            ],
            "size": [
                1.48,
                0.272,
                0.945
            ]
        },
        "collider2": {
            "type": "Box",
            "collider2origin": [
                [
                    -0.20347117630168288,
                    -0.7926643541387401,
                    -0.5747022725657375,
                    0.03281890807546717
                ],
                [
                    -0.13895449005105798,
                    0.6044188296150749,
                    -0.7844549241998505,
                    -0.34291608311319854
                ],
                [
                    0.9691703308031357,
                    -0.07975650496703489,
                    -0.23312608135166557,
                    -0.6674759742711541
                ],
                [
                    0.0,
                    0.0,
                    0.0,
                    1.0
                ]
            ],
            "size": [
                0.08993,
                0.0305,
                0.09007
            ]
        },
        "distance": 0.0
    },
    {
        "case": 1,
        "collider1": {
            "type": "Box",
            "collider2origin": [
                [
                    1.0,
                    0.0,
                    0.0,
                    -0.06
                ],
                [
                    0.0,
                    1.0,
                    0.0,
                    -0.37086
                ],
                [
                    0.0,
                    0.0,
                    1.0,
                    -0.40301
                ],
                [
                    0.0,
                    0.0,
                    0.0,
                    1.0
                ]
            ],
            "size": [
                0.1,
                1.0,
                1.64
            ]
        },
        "collider2": {
            "type": "Box",
            "collider2origin": [
                [
                    -0.20347117630168288,
                    -0.7926643541387401,
                    -0.5747022725657375,
                    0.03281890807546717
                ],
                [
                    -0.13895449005105798,
                    0.6044188296150749,
                    -0.7844549241998505,
                    -0.34291608311319854
                ],
                [
                    0.9691703308031357,
                    -0.07975650496703489,
                    -0.23312608135166557,
                    -0.6674759742711541
                ],
                [
                    0.0,
                    0.0,
                    0.0,
                    1.0
                ]
            ],
            "size": [
                0.08993,
                0.0305,
                0.09007
            ]
        },
        "distance": 0.0
    },
    {
        "case": 2,
        "collider1": {
            "type": "Box",
            "collider2origin": [
                [
                    1.0,
                    0.0,
                    0.0,
                    -0.06
                ],
                [
                    0.0,
                    1.0,
                    0.0,
                    -0.37086
                ],
                [
                    0.0,
                    0.0,
                    1.0,
                    -0.40301
                ],
                [
                    0.0,
                    0.0,
                    0.0,
                    1.0
                ]
            ],
            "size": [
                0.1,
                1.0,
                1.64
            ]
        },
        "collider2": {
            "type": "Cylinder",
            "collider2origin": [
                [
                    -0.7080678371407577,
                    0.6711951909086699,
                    0.21940135302199634,
                    -0.0901783556275475
                ],
                [
                    -0.6774059086092143,
                    -0.5578960483691288,
                    -0.4794509716284186,
                    -0.23120076757412622
                ],
                [
                    -0.19940203857567182,
                    -0.48810758538992555,
                    0.8496998364697277,
                    -0.6771523810628832
                ],
                [
                    0.0,
                    0.0,
                    0.0,
                    1.0
                ]
            ],
            "radius": 0.00783,
            "height": 0.03683
        },
        "distance": 0.0
    },
    {
        "case": 3,
        "collider1": {
            "type": "Box",
            "collider2origin": [
                [
                    1.0,
                    0.0,
                    0.0,
                    -0.06
                ],
                [
                    0.0,
                    1.0,
                    0.0,
                    -0.37086
                ],
                [
                    0.0,
                    0.0,
                    1.0,
                    -0.40301
                ],
                [
                    0.0,
                    0.0,
                    0.0,
                    1.0
                ]
            ],
            "size": [
                0.1,
                1.0,
                1.64
            ]
        },
        "collider2": {
            "type": "Sphere",
            "collider2origin": [
                [
                    1.0,
                    0.0,
                    0.0,
                    -0.08732125853461614
                ],
                [
                    0.0,
                    1.0,
                    0.0,
                    -0.21888268374507625
                ],
                [
                    0.0,
                    0.0,
                    1.0,
                    -0.7270888447640913
                ],
                [
                    0.0,
                    0.0,
                    0.0,
                    1.0
                ]
            ],
            "radius": 0.00487
        },
        "distance": 0.0
    },
    {
        "case": 4,
        "collider1": {
            "type": "Box",
            "collider2origin": [
                [
                    1.0,
                    0.0,
                    0.0,
                    -0.06
                ],
                [
                    0.0,
                    1.0,
                    0.0,
                    -0.37086
                ],
                [
                    0.0,
                    0.0,
                    1.0,
                    -0.40301
                ],
                [
                    0.0,
                    0.0,
                    0.0,
                    1.0
                ]
            ],
            "size": [
                0.1,
                1.0,
                1.64
            ]
        },
        "collider2": {
            "type": "Cylinder",
            "collider2origin": [
                [
                    -0.7031701065045469,
                    0.6914772191057481,
                    -0.16556284841764715,
                    -0.0911976045678271
                ],
                [
                    -0.6814878979320589,
                    -0.7218501091497769,
                    -0.12044361706872941,
                    -0.22014873399650747
                ],
                [
                    -0.20279557759114925,
                    0.028136726501775105,
                    0.9788167746474494,
                    -0.711079070930846
                ],
                [
                    0.0,
                    0.0,
                    0.0,
                    1.0
                ]
            ],
            "radius": 0.0076,
            "height": 0.02993
        },
        "distance": 0.0
    },
    {
        "case": 5,
        "collider1": {
            "type": "Box",
            "collider2origin": [
                [
                    1.0,
                    0.0,
                    0.0,
                    -0.06
                ],
                [
                    0.0,
                    1.0,
                    0.0,
                    -0.37086
                ],
                [
                    0.0,
                    0.0,
                    1.0,
                    -0.40301
                ],
                [
                    0.0,
                    0.0,
                    0.0,
                    1.0
                ]
            ],
            "size": [
                0.1,
                1.0,
                1.64
            ]
        },
        "collider2": {
            "type": "Cylinder",
            "collider2origin": [
                [
                    0.12021696099121992,
                    0.7959454342655643,
                    0.5933116785988946,
                    -0.0794490991461343
                ],
                [
                    -0.8625035738430906,
                    0.37966748172049575,
                    -0.33457463805840587,
                    -0.2884063757037093
                ],
                [
                    -0.4915643064726439,
                    -0.47151189698227103,
                    0.7321482524777674,
                    -0.7264216046186707
                ],
                [
                    0.0,
                    0.0,
                    0.0,
                    1.0
                ]
            ],
            "radius": 0.01271,
            "height": 0.05982
        },
        "distance": 0.0
    },
    {
        "case": 6,
        "collider1": {
            "type": "Box",
            "collider2origin": [
                [
                    1.0,
                    0.0,
                    0.0,
                    -0.06
                ],
                [
                    0.0,
                    1.0,
                    0.0,
                    -0.37086
                ],
                [
                    0.0,
                    0.0,
                    1.0,
                    -0.40301
                ],
                [
                    0.0,
                    0.0,
                    0.0,
                    1.0
                ]
            ],
            "size": [
                0.1,
                1.0,
                1.64
            ]
        },
        "collider2": {
            "type": "Cylinder",
            "collider2origin": [
                [
                    -0.5747005339262389,
                    0.595842653254927,
                    0.5609731088626476,
                    -0.1059215996967906
                ],
                [
                    -0.7844559544569091,
                    -0.20582382323608228,
                    -0.585034536848536,
                    -0.2471726340895305
                ],
                [
                    -0.23312690068285805,
                    -0.7762783562296514,
                    0.5856993783737474,
                    -0.66877070685713
                ],
                [
                    0.0,
                    0.0,
                    0.0,
                    1.0
                ]
            ],
            "radius": 0.00683,
            "height": 0.01782
        },
        "distance": 0.0
    },
    {
        "case": 7,
        "collider1": {
            "type": "Box",
            "collider2origin": [
                [
                    1.0,
                    0.0,
                    0.0,
                    -0.26
                ],
                [
                    0.0,
                    1.0,
                    0.0,
                    -0.4608599999999999
                ],
                [
                    0.0,
                    0.0,
                    1.0,
                    -1.143
                ],
                [
                    0.0,
                    0.0,
                    0.0,
                    1.0
                ]
            ],
            "size": [
                1.48,
                0.272,
                0.945
            ]
        },
        "collider2": {
            "type": "Box",
            "collider2origin": [
                [
                    0.6051983188169914,
                    -0.7926625135914638,
                    -0.07362835355995549,
                    0.09287376824684301
                ],
                [
                    0.7958974643103777,
                    0.6044218394555216,
                    0.0349494820206928,
                    -0.38739284863896806
                ],
                [
                    0.01679944062754777,
                    -0.07975198766216443,
                    0.9966731657160913,
                    -0.6650430018769858
                ],
                [
                    0.0,
                    0.0,
                    0.0,
                    1.0
                ]
            ],
            "size": [
                0.09126,
                0.11887,
                0.10009
            ]
        },
        "distance": 0.0
    },
    {
        "case": 8,
        "collider1": {
            "type": "Box",
            "collider2origin": [
                [
                    1.0,
                    0.0,
                    0.0,
                    -0.26
                ],
                [
                    0.0,
                    1.0,
                    0.0,
                    -0.4608599999999999
                ],
                [
                    0.0,
                    0.0,
                    1.0,
                    -1.143
                ],
                [
                    0.0,
                    0.0,
                    0.0,
                    1.0
                ]
            ],
            "size": [
                1.48,
                0.272,
                0.945
            ]
        },
        "collider2": {
            "type": "Box",
            "collider2origin": [
                [
                    0.9003861601790552,
                    0.4288165436524891,
                    -0.07362835355995549,
                    0.10071997350674344
                ],
                [
                    -0.42738994117380974,
                    0.9033915938782764,
                    0.0349494820206928,
                    -0.396070315926514
                ],
                [
                    0.08150215175971968,
                    -1.22201446697242e-08,
                    0.9966731657160913,
                    -0.7738740740369516
                ],
                [
                    0.0,
                    0.0,
                    0.0,
                    1.0
                ]
            ],
            "size": [
                0.09102,
                0.10007,
                0.11882
            ]
        },
        "distance": 0.0
    },
    {
        "case": 9,
        "collider1": {
            "type": "Box",
            "collider2origin": [
                [
                    1.0,
                    0.0,
                    0.0,
                    -0.06
                ],
                [
                    0.0,
                    1.0,
                    0.0,
                    -0.37086
                ],
                [
                    0.0,
                    0.0,
                    1.0,
                    -0.40301
                ],
                [
                    0.0,
                    0.0,
                    0.0,
                    1.0
                ]
            ],
            "size": [
                0.1,
                1.0,
                1.64
            ]
        },
        "collider2": {
            "type": "Cylinder",
            "collider2origin": [
                [
                    0.13683172680412078,
                    0.7397564637809783,
                    0.6588151886789381,
                    -0.08719544130405077
                ],
                [
                    -0.834045050995643,
                    0.4448623641556581,
                    -0.3262917863929675,
                    -0.2817327884035885
                ],
                [
                    -0.5344585404402084,
                    -0.5048344790642779,
                    0.6778615030361443,
                    -0.7371644867142794
                ],
                [
                    0.0,
                    0.0,
                    0.0,
                    1.0
                ]
            ],
            "radius": 0.01169,
            "height": 0.05502
        },
        "distance": 0.0
    },
    {
        "case": 10,
        "collider1": {
            "type": "Box",
            "collider2origin": [
                [
                    1.0,
                    0.0,
                    0.0,
                    -0.06
                ],
                [
                    0.0,
                    1.0,
                    0.0,
                    -0.37086
                ],
                [
                    0.0,
                    0.0,
                    1.0,
                    -0.40301
                ],
                [
                    0.0,
                    0.0,
                    0.0,
                    1.0
                ]
            ],
            "size": [
                0.1,
                1.0,
                1.64
            ]
        },
        "collider2": {
            "type": "Sphere",
            "collider2origin": [
                [
                    1.0,
                    0.0,
                    0.0,
                    -0.10225345209552805
                ],
                [
                    0.0,
                    1.0,
                    0.0,
                    -0.2738591687914653
                ],
                [
                    0.0,
                    0.0,
                    1.0,
                    -0.7521906414189055
                ],
                [
                    0.0,
                    0.0,
                    0.0,
                    1.0
                ]
            ],
            "radius": 0.01051
        },
        "distance": 0.0
    },
    {
        "case": 11,
        "collider1": {
            "type": "Box",
            "collider2origin": [
                [
                    1.0,
                    0.0,
                    0.0,
                    -0.06
                ],
                [
                    0.0,
                    1.0,
                    0.0,
                    -0.37086
                ],
                [
                    0.0,
                    0.0,
                    1.0,
                    -0.40301
                ],
                [
                    0.0,
                    0.0,
                    0.0,
                    1.0
                ]
            ],
            "size": [
                0.1,
                1.0,
                1.64
            ]
        },
        "collider2": {
            "type": "Box",
            "collider2origin": [
                [
                    -0.6156559562148751,
                    -0.7878667107115406,
                    -0.015290184097162842,
                    -0.07617870618264977
                ],
                [
                    -0.7587110867764129,
                    0.5874077124710965,
                    0.2816197190042421,
                    -0.26533373785804304
                ],
                [
                    -0.21289722961960428,
                    0.18498168958589103,
                    -0.9594042652282956,
                    -0.657432326069732
                ],
                [
                    0.0,
                    0.0,
                    0.0,
                    1.0
                ]
            ],
            "size": [
                0.07264,
                0.04753,
                0.03326
            ]
        },
        "distance": 0.0
    },
    {
        "case": 12,
        "collider1": {
            "type": "Box",
            "collider2origin": [
                [
                    1.0,
                    0.0,
                    0.0,
                    -0.06
                ],
                [
                    0.0,
                    1.0,
                    0.0,
                    -0.37086
                ],
                [
                    0.0,
                    0.0,
                    1.0,
                    -0.40301
                ],
                [
                    0.0,
                    0.0,
                    0.0,
                    1.0
                ]
            ],
            "size": [
                0.1,
                1.0,
                1.64
            ]
        },
        "collider2": {
            "type": "Cylinder",
            "collider2origin": [
                [
                    -0.826308040040446,
                    0.28302057864369595,
                    0.4869439136376011,
                    -0.08262621414156346
                ],
                [
                    -0.5400399574507648,
                    -0.15266211593574325,
                    -0.8276781516474853,
                    -0.21306871779207837
                ],
                [
                    -0.1599120612120681,
                    -0.9468862816738917,
                    0.2789883550557236,
                    -0.6603177158993748
                ],
                [
                    0.0,
                    0.0,
                    0.0,
                    1.0
                ]
            ],
            "radius": 0.00783,
            "height": 0.03044
        },
        "distance": 0.0
    },
    {
        "case": 13,
        "collider1": {
            "type": "Box",
            "collider2origin": [
                [
                    1.0,
                    0.0,
                    0.0,
                    0.5199999999999999
                ],
                [
                    0.0,
                    1.0,
                    0.0,
                    -0.43085999999999997
                ],
                [
                    0.0,
                    0.0,
                    1.0,
                    -0.80301
                ],
                [
                    0.0,
                    0.0,
                    0.0,
                    1.0
                ]
            ],
            "size": [
                0.2,
                0.08,
                0.04
            ]
        },
        "collider2": {
            "type": "Box",
            "collider2origin": [
                [
                    -0.08263011309097903,
                    0.428813509666605,
                    -0.8996061573477476,
                    0.31577562302183304
                ],
                [
                    0.03922644944634062,
                    0.9033930340174949,
                    0.4270155872477008,
                    -0.6218632283842449
                ],
                [
                    0.9958079885572346,
                    -4.009186929821037e-06,
                    -0.09146830002531323,
                    -0.7498090094572111
                ],
                [
                    0.0,
                    0.0,
                    0.0,
                    1.0
                ]
            ],
            "size": [
                0.1202,
                0.13634,
                0.67816
            ]
        },
        "distance": 0.11293821863028017
    },
    {
        "case": 14,
        "collider1": {
            "type": "Cylinder",
            "collider2origin": [
                [
                    1.0,
                    0.0,
                    0.0,
                    0.4849999999999999
                ],
                [
                    0.0,
                    -3.673205103346574e-06,
                    -0.9999999999932537,
                    -0.46086
                ],
                [
                    0.0,
                    0.9999999999932537,
                    -3.673205103346574e-06,
                    -0.70001
                ],
                [
                    0.0,
                    0.0,
                    0.0,
                    1.0
                ]
            ],
            "radius": 0.026,
            "height": 0.272
        },
        "collider2": {
            "type": "Box",
            "collider2origin": [
                [
                    -0.08263011309097903,
                    0.428813509666605,
                    -0.8996061573477476,
                    0.31577562302183304
                ],
                [
                    0.03922644944634062,
                    0.9033930340174949,
                    0.4270155872477008,
                    -0.6218632283842449
                ],
                [
                    0.9958079885572346,
                    -4.009186929821037e-06,
                    -0.09146830002531323,
                    -0.7498090094572111
                ],
                [
                    0.0,
                    0.0,
                    0.0,
                    1.0
                ]
            ],
            "size": [
                0.1202,
                0.13634,
                0.67816
            ]
        },
        "distance": 0.015834090459762012
    },
    {
        "case": 15,
        "collider1": {
            "type": "Box",
            "collider2origin": [
                [
                    1.0,
                    0.0,
                    0.0,
                    -0.26
                ],
                [
                    0.0,
                    1.0,
                    0.0,
                    -0.4608599999999999
                ],
                [
                    0.0,
                    0.0,
                    1.0,
                    -1.143
                ],
                [
                    0.0,
                    0.0,
                    0.0,
                    1.0
                ]
            ],
            "size": [
                1.48,
                0.272,
                0.945
            ]
        },
        "collider2": {
            "type": "Box",
            "collider2origin": [
                [
                    -0.08263011309097903,
                    0.428813509666605,
                    -0.8996061573477476,
                    0.31577562302183304
                ],
                [
                    0.03922644944634062,
                    0.9033930340174949,
                    0.4270155872477008,
                    -0.6218632283842449
                ],
                [
                    0.9958079885572346,
                    -4.009186929821037e-06,
                    -0.09146830002531323,
                    -0.7498090094572111
                ],
                [
                    0.0,
                    0.0,
                    0.0,
                    1.0
                ]
            ],
            "size": [
                0.1202,
                0.13634,
                0.67816
            ]
        },
        "distance": 0.0
    },
    {
        "case": 16,
        "collider1": {
            "type": "Box",
            "collider2origin": [
                [
                    1.0,
                    0.0,
                    0.0,
                    -0.06
                ],
                [
                    0.0,
                    1.0,
                    0.0,
                    -0.37086
                ],
                [
                    0.0,
                    0.0,
                    1.0,
                    -0.40301
                ],
                [
                    0.0,
                    0.0,
                    0.0,
                    1.0
                ]
            ],
            "size": [
                0.1,
                1.0,
                1.64
            ]
        },
        "collider2": {
            "type": "Box",
            "collider2origin": [
                [
                    -0.08263011309097903,
                    0.428813509666605,
                    -0.8996061573477476,
                    0.31577562302183304
                ],
                [
                    0.03922644944634062,
                    0.9033930340174949,
                    0.4270155872477008,
                    -0.6218632283842449
                ],
                [
                    0.9958079885572346,
                    -4.009186929821037e-06,
                    -0.09146830002531323,
                    -0.7498090094572111
                ],
                [
                    0.0,
                    0.0,
                    0.0,
                    1.0
                ]
            ],
            "size": [
                0.1202,
                0.13634,
                0.67816
            ]
        },
        "distance": 0.0
    },
    {
        "case": 17,
        "collider1": {
            "type": "Box",
            "collider2origin": [
                [
                    1.0,
                    0.0,
                    0.0,
                    -0.06
                ],
                [
                    0.0,
                    1.0,
                    0.0,
                    -0.37086
                ],
                [
                    0.0,
                    0.0,
                    1.0,
                    -0.40301
                ],
                [
                    0.0,
                    0.0,
                    0.0,
                    1.0
                ]
            ],
            "size": [
                0.1,
                1.0,
                1.64
            ]
        },
        "collider2": {
            "type": "Sphere",
            "collider2origin": [
                [
                    1.0,
                    0.0,
                    0.0,
                    -0.09707689500999539
                ],
                [
                    0.0,
                    1.0,
                    0.0,
                    -0.18292090923495918
                ],
                [
                    0.0,
                    0.0,
                    1.0,
                    -0.6826143336169129
                ],
                [
                    0.0,
                    0.0,
                    0.0,
                    1.0
                ]
            ],
            "radius": 0.00484
        },
        "distance": 0.0
    },
    {
        "case": 18,
        "collider1": {
            "type": "Box",
            "collider2origin": [
                [
                    1.0,
                    0.0,
                    0.0,
                    -0.06
                ],
                [
                    0.0,
                    1.0,
                    0.0,
                    -0.37086
                ],
                [
                    0.0,
                    0.0,
                    1.0,
                    -0.40301
                ],
                [
                    0.0,
                    0.0,
                    0.0,
                    1.0
                ]
            ],
            "size": [
                0.1,
                1.0,
                1.64
            ]
        },
        "collider2": {
            "type": "Cylinder",
            "collider2origin": [
                [
                    -0.8247933384833703,
                    0.4548317111847011,
                    0.33592270434469407,
                    -0.09359862028568822
                ],
                [
                    -0.540219048167179,
                    -0.45843687259251475,
                    -0.7056904518589869,
                    -0.19300656122025328
                ],
                [
                    -0.16697104177312666,
                    -0.7635206273234473,
                    0.6238244327219044,
                    -0.6727913030777269
                ],
                [
                    0.0,
                    0.0,
                    0.0,
                    1.0
                ]
            ],
            "radius": 0.0076,
            "height": 0.02993
        },
        "distance": 0.0
    },
    {
        "case": 19,
        "collider1": {
            "type": "Box",
            "collider2origin": [
                [
                    1.0,
                    0.0,
                    0.0,
                    -0.06
                ],
                [
                    0.0,
                    1.0,
                    0.0,
                    -0.37086
                ],
                [
                    0.0,
                    0.0,
                    1.0,
                    -0.40301
                ],
                [
                    0.0,
                    0.0,
                    0.0,
                    1.0
                ]
            ],
            "size": [
                0.1,
                1.0,
                1.64
            ]
        },
        "collider2": {
            "type": "Cylinder",
            "collider2origin": [
                [
                    -0.5747005339262389,
                    0.595842653254927,
                    0.5609731088626476,
                    -0.11507978135509478
                ],
                [
                    -0.7844559544569091,
                    -0.20582382323608228,
                    -0.585034536848536,
                    -0.23762379502573994
                ],
                [
                    -0.23312690068285805,
                    -0.7762783562296514,
                    0.5856993783737474,
                    -0.6783252963955309
                ],
                [
                    0.0,
                    0.0,
                    0.0,
                    1.0
                ]
            ],
            "radius": 0.00683,
            "height": 0.01183
        },
        "distance": 0.0
    },
    {
        "case": 20,
        "collider1": {
            "type": "Box",
            "collider2origin": [
                [
                    1.0,
                    0.0,
                    0.0,
                    -0.26
                ],
                [
                    0.0,
                    1.0,
                    0.0,
                    -0.4608599999999999
                ],
                [
                    0.0,
                    0.0,
                    1.0,
                    -1.143
                ],
                [
                    0.0,
                    0.0,
                    0.0,
                    1.0
                ]
            ],
            "size": [
                1.48,
                0.272,
                0.945
            ]
        },
        "collider2": {
            "type": "Box",
            "collider2origin": [
                [
                    -0.6051939477043272,
                    -0.7878649125555062,
                    0.11405772760298233,
                    -0.03478736465573018
                ],
                [
                    -0.6828558988474275,
                    0.5874112315422074,
                    0.43434533089160615,
                    -0.29344233814025145
                ],
                [
                    -0.4092042363799812,
                    0.18497817336640376,
                    -0.8934959251763291,
                    -0.6687043772041498
                ],
                [
                    0.0,
                    0.0,
                    0.0,
                    1.0
                ]
            ],
            "size": [
                0.06241,
                0.05638,
                0.02858
            ]
        },
        "distance": 0.0
    },
    {
        "case": 21,
        "collider1": {
            "type": "Box",
            "collider2origin": [
                [
                    1.0,
                    0.0,
                    0.0,
                    -0.06
                ],
                [
                    0.0,
                    1.0,
                    0.0,
                    -0.37086
                ],
                [
                    0.0,
                    0.0,
                    1.0,
                    -0.40301
                ],
                [
                    0.0,
                    0.0,
                    0.0,
                    1.0
                ]
            ],
            "size": [
                0.1,
                1.0,
                1.64
            ]
        },
        "collider2": {
            "type": "Box",
            "collider2origin": [
                [
                    -0.6051939477043272,
                    -0.7878649125555062,
                    0.11405772760298233,
                    -0.03478736465573018
                ],
                [
                    -0.6828558988474275,
                    0.5874112315422074,
                    0.43434533089160615,
                    -0.29344233814025145
                ],
                [
                    -0.4092042363799812,
                    0.18497817336640376,
                    -0.8934959251763291,
                    -0.6687043772041498
                ],
                [
                    0.0,
                    0.0,
                    0.0,
                    1.0
                ]
            ],
            "size": [
                0.06241,
                0.05638,
                0.02858
            ]
        },
        "distance": 0.0
    },
    {
        "case": 22,
        "collider1": {
            "type": "Box",
            "collider2origin": [
                [
                    1.0,
                    0.0,
                    0.0,
                    -0.06
                ],
                [
                    0.0,
                    1.0,
                    0.0,
                    -0.37086
                ],
                [
                    0.0,
                    0.0,
                    1.0,
                    -0.40301
                ],
                [
                    0.0,
                    0.0,
                    0.0,
                    1.0
                ]
            ],
            "size": [
                0.1,
                1.0,
                1.64
            ]
        },
        "collider2": {
            "type": "Cylinder",
            "collider2origin": [
                [
                    -0.355932688583244,
                    -0.7257135833039549,
                    0.5887713615708874,
                    -0.11698289800833939
                ],
                [
                    -0.8853393082649504,
                    0.46353915234271836,
                    0.03613534953937675,
                    -0.27912647804618973
                ],
                [
                    -0.29914249186439945,
                    -0.5084006778649367,
                    -0.8074914985977432,
                    -0.6453016363218361
                ],
                [
                    0.0,
                    0.0,
                    0.0,
                    1.0
                ]
            ],
            "radius": 0.00713,
            "height": 0.01697
        },
        "distance": 0.0
    },
    {
        "case": 23,
        "collider1": {
            "type": "Cylinder",
            "collider2origin": [
                [
                    1.0,
                    0.0,
                    0.0,
                    0.4849999999999999
                ],
                [
                    0.0,
                    -3.673205103346574e-06,
                    -0.9999999999932537,
                    -0.46086
                ],
                [
                    0.0,
                    0.9999999999932537,
                    -3.673205103346574e-06,
                    -0.70001
                ],
                [
                    0.0,
                    0.0,
                    0.0,
                    1.0
                ]
            ],
            "radius": 0.026,
            "height": 0.272
        },
        "collider2": {
            "type": "Box",
            "collider2origin": [
                [
                    -0.5187036457784635,
                    0.42881409726090053,
                    -0.7396384237223274,
                    0.8530281198202819
                ],
                [
                    0.2462186778529839,
                    0.9033927550943079,
                    0.3510810344057967,
                    -0.7370316307610507
                ],
                [
                    0.8187324902142693,
                    -5.782268215552781e-06,
                    -0.5741751557095679,
                    -0.5450169339219051
                ],
                [
                    0.0,
                    0.0,
                    0.0,
                    1.0
                ]
            ],
            "size": [
                0.15068,
                0.17726,
                0.74884
            ]
        },
        "distance": 0.019314974727902383
    },
    {
        "case": 24,
        "collider1": {
            "type": "Cylinder",
            "collider2origin": [
                [
                    1.0,
                    0.0,
                    0.0,
                    0.4849999999999999
                ],
                [
                    0.0,
                    -3.673205103346574e-06,
                    -0.9999999999932537,
                    -0.46086
                ],
                [
                    0.0,
                    0.9999999999932537,
                    -3.673205103346574e-06,
                    -0.70001
                ],
                [
                    0.0,
                    0.0,
                    0.0,
                    1.0
                ]
            ],
            "radius": 0.026,
            "height": 0.272
        },
        "collider2": {
            "type": "Box",
            "collider2origin": [
                [
                    -0.5187036457784635,
                    0.42881409726090053,
                    -0.7396384237223274,
                    0.8530281198202819
                ],
                [
                    0.2462186778529839,
                    0.9033927550943079,
                    0.3510810344057967,
                    -0.7370316307610507
                ],
                [
                    0.8187324902142693,
                    -5.782268215552781e-06,
                    -0.5741751557095679,
                    -0.5450169339219051
                ],
                [
                    0.0,
                    0.0,
                    0.0,
                    1.0
                ]
            ],
            "size": [
                0.15068,
                0.17726,
                0.74884
            ]
        },
        "distance": 0.019314974727902383
    }
]