[
    {
        "case": 0,
        "collider1": {
            "type": "Box",
            "collider2origin": [
                [
                    1.0,
                    0.0,
                    0.0,
                    1.2009999999999998
                ],
                [
                    0.0,
                    1.0,
                    0.0,
                    0.02914
                ],
                [
                    0.0,
                    0.0,
                    1.0,
                    -1.22801
                ],
                [
                    0.0,
                    0.0,
                    0.0,
                    1.0
                ]
            ],
            "size": [
                0.41,
                0.6,
                0.82
            ]
        },
        "collider2": {
            "type": "Box",
            "collider2origin": [
                [
                    -0.006563364384553453,
                    -0.999573630062141,
                    -0.028451367846721046,
                    0.9399862303956116
                ],
                [
                    0.22478272436962296,
                    -0.029198597163004623,
                    0.9739713387716716,
                    -0.5962582070894403
                ],
                [
                    -0.9743868067009761,
                    -2.8471801584149642e-06,
                    0.22487852480610032,
                    -0.907145882191626
                ],
                [
                    0.0,
                    0.0,
                    0.0,
                    1.0
                ]
            ],
            "size": [
                0.1202,
                0.13634,
                0.67816
            ]
        },
        "distance": 0.0
    }
]