[
    {
        "case": 0,
        "collider1": {
            "type": "Box",
            "collider2origin": [
                [
                    1.0,
                    0.0,
                    0.0,
                    0.44499999999999995
                ],
                [
                    0.0,
                    1.0,
                    0.0,
                    -0.025859999999999994
                ],
                [
                    0.0,
                    0.0,
                    1.0,
                    -0.67801
                ],
                [
                    0.0,
                    0.0,
                    0.0,
                    1.0
                ]
            ],
            "size": [
                0.06,
                0.09,
                0.004
            ]
        },
        "collider2": {
            "type": "Box",
            "collider2origin": [
                [
                    0.46641857051677743,
                    -0.8778345505389105,
                    -0.10890463239566377,
                    0.40007080252683613
                ],
                [
                    -0.8674198646663882,
                    -0.4780209278188773,
                    0.13812592424785508,
                    0.022311981929524105
                ],
                [
                    -0.17331040205143644,
                    0.030041545355196167,
                    -0.984408964858326,
                    -0.6341168090748807
                ],
                [
                    0.0,
                    0.0,
                    0.0,
                    1.0
                ]
            ],
            "size": [
                0.09126,
                0.11887,
                0.10009
            ]
        },
        "distance": 0.0
    },
    {
        "case": 1,
        "collider1": {
            "type": "Box",
            "collider2origin": [
                [
                    0.9999999999999999,
                    0.0,
                    6.177235058912196e-23,
                    0.3420001028494408
                ],
                [
                    0.0,
                    1.0,
                    0.0,
                    -0.0028599999999999737
                ],
                [
                    6.177235058912196e-23,
                    0.0,
                    0.9999999999999999,
                    -0.6330101644495814
                ],
                [
                    0.0,
                    0.0,
                    0.0,
                    1.0
                ]
            ],
            "size": [
                0.03,
                0.09,
                0.06
            ]
        },
        "collider2": {
            "type": "Box",
            "collider2origin": [
                [
                    0.46641857051677743,
                    -0.8778345505389105,
                    -0.10890463239566377,
                    0.40007080252683613
                ],
                [
                    -0.8674198646663882,
                    -0.4780209278188773,
                    0.13812592424785508,
                    0.022311981929524105
                ],
                [
                    -0.17331040205143644,
                    0.030041545355196167,
                    -0.984408964858326,
                    -0.6341168090748807
                ],
                [
                    0.0,
                    0.0,
                    0.0,
                    1.0
                ]
            ],
            "size": [
                0.09126,
                0.11887,
                0.10009
            ]
        },
        "distance": 0.0
    },
    {
        "case": 2,
        "collider1": {
            "type": "Box",
            "collider2origin": [
                [
                    1.0,
                    0.0,
                    0.0,
                    0.4
                ],
                [
                    0.0,
                    1.0,
                    0.0,
                    0.04114000000000001
                ],
                [
                    0.0,
                    0.0,
                    1.0,
                    -0.66301
                ],
                [
                    0.0,
                    0.0,
                    0.0,
                    1.0
                ]
            ],
            "size": [
                0.03,
                0.03,
                0.03
            ]
        },
        "collider2": {
            "type": "Box",
            "collider2origin": [
                [
                    0.46641857051677743,
                    -0.8778345505389105,
                    -0.10890463239566377,
                    0.40007080252683613
                ],
                [
                    -0.8674198646663882,
                    -0.4780209278188773,
                    0.13812592424785508,
                    0.022311981929524105
                ],
                [
                    -0.17331040205143644,
                    0.030041545355196167,
                    -0.984408964858326,
                    -0.6341168090748807
                ],
                [
                    0.0,
                    0.0,
                    0.0,
                    1.0
                ]
            ],
            "size": [
                0.09126,
                0.11887,
                0.10009
            ]
        },
        "distance": 0.0
    },
    {
        "case": 3,
        "collider1": {
            "type": "Box",
            "collider2origin": [
                [
                    1.0,
                    0.0,
                    0.0,
                    -0.08500000000000019
                ],
                [
                    0.0,
                    1.0,
                    0.0,
                    -0.03585999999999995
                ],
                [
                    0.0,
                    0.0,
                    1.0,
                    -0.81301
                ],
                [
                    0.0,
                    0.0,
                    0.0,
                    1.0
                ]
            ],
            "size": [
                1.01,
                0.28,
                0.27
            ]
        },
        "collider2": {
            "type": "Box",
            "collider2origin": [
                [
                    0.46641857051677743,
                    -0.8778345505389105,
                    -0.10890463239566377,
                    0.40007080252683613
                ],
                [
                    -0.8674198646663882,
                    -0.4780209278188773,
                    0.13812592424785508,
                    0.022311981929524105
                ],
                [
                    -0.17331040205143644,
                    0.030041545355196167,
                    -0.984408964858326,
                    -0.6341168090748807
                ],
                [
                    0.0,
                    0.0,
                    0.0,
                    1.0
                ]
            ],
            "size": [
                0.09126,
                0.11887,
                0.10009
            ]
        },
        "distance": 0.0
    },
    {
        "case": 4,
        "collider1": {
            "type": "Box",
            "collider2origin": [
                [
                    0.9999999999999999,
                    0.0,
                    6.177235058912196e-23,
                    0.2860000183661401
                ],
                [
                    0.0,
                    1.0,
                    0.0,
                    -0.10086
                ],
                [
                    6.177235058912196e-23,
                    0.0,
                    0.9999999999999999,
                    -0.626009937555547
                ],
                [
                    0.0,
                    0.0,
                    0.0,
                    1.0
                ]
            ],
            "size": [
                0.04,
                0.234,
                0.044
            ]
        },
        "collider2": {
            "type": "Box",
            "collider2origin": [
                [
                    0.11045773006330789,
                    -0.9727221225957177,
                    0.2039871615620509,
                    0.2582123592426627
                ],
                [
                    -0.3528402216721819,
                    -0.23025292006863418,
                    -0.9069108946143449,
                    -0.048059437213639145
                ],
                [
                    0.9291409300206218,
                    0.028200443484951175,
                    -0.3686487042533379,
                    -0.6306995927030463
                ],
                [
                    0.0,
                    0.0,
                    0.0,
                    1.0
                ]
            ],
            "size": [
                0.06241,
                0.05638,
                0.02858
            ]
        },
        "distance": 0.0
    },
    {
        "case": 5,
        "collider1": {
            "type": "Cylinder",
            "collider2origin": [
                [
                    0.9999999999999999,
                    0.0,
                    6.177235058912196e-23,
                    0.2850002314120429
                ],
                [
                    0.0,
                    1.0,
                    0.0,
                    -0.0028599999999999737
                ],
                [
                    6.177235058912196e-23,
                    0.0,
                    0.9999999999999999,
                    -0.5680099338827331
                ],
                [
                    0.0,
                    0.0,
                    0.0,
                    1.0
                ]
            ],
            "radius": 0.015,
            "height": 0.14
        },
        "collider2": {
            "type": "Box",
            "collider2origin": [
                [
                    0.11045773006330789,
                    -0.9727221225957177,
                    0.2039871615620509,
                    0.2582123592426627
                ],
                [
                    -0.3528402216721819,
                    -0.23025292006863418,
                    -0.9069108946143449,
                    -0.048059437213639145
                ],
                [
                    0.9291409300206218,
                    0.028200443484951175,
                    -0.3686487042533379,
                    -0.6306995927030463
                ],
                [
                    0.0,
                    0.0,
                    0.0,
                    1.0
                ]
            ],
            "size": [
                0.06241,
                0.05638,
                0.02858
            ]
        },
        "distance": 0.0062161002326018506
    },
    {
        "case": 6,
        "collider1": {
            "type": "Box",
            "collider2origin": [
                [
                    0.9999999999999999,
                    0.0,
                    6.177235058912196e-23,
                    0.2860000183661401
                ],
                [
                    0.0,
                    1.0,
                    0.0,
                    -0.10086
                ],
                [
                    6.177235058912196e-23,
                    0.0,
                    0.9999999999999999,
                    -0.626009937555547
                ],
                [
                    0.0,
                    0.0,
                    0.0,
                    1.0
                ]
            ],
            "size": [
                0.04,
                0.234,
                0.044
            ]
        },
        "collider2": {
            "type": "Box",
            "collider2origin": [
                [
                    -0.4643349629112523,
                    -0.8778337189902651,
                    0.11747767456808789,
                    0.33419408527381955
                ],
                [
                    0.8647305588670139,
                    -0.4780220010961048,
                    -0.1540650091020566,
                    -0.012971792792885073
                ],
                [
                    0.19140037298748186,
                    0.030048764896334644,
                    0.981051970564484,
                    -0.6346242641985977
                ],
                [
                    0.0,
                    0.0,
                    0.0,
                    1.0
                ]
            ],
            "size": [
                0.08993,
                0.0305,
                0.09007
            ]
        },
        "distance": 0.0
    },
    {
        "case": 7,
        "collider1": {
            "type": "Cylinder",
            "collider2origin": [
                [
                    0.9999999999999999,
                    0.0,
                    6.177235058912196e-23,
                    0.2850002314120429
                ],
                [
                    0.0,
                    1.0,
                    0.0,
                    -0.0028599999999999737
                ],
                [
                    6.177235058912196e-23,
                    0.0,
                    0.9999999999999999,
                    -0.5680099338827331
                ],
                [
                    0.0,
                    0.0,
                    0.0,
                    1.0
                ]
            ],
            "radius": 0.015,
            "height": 0.14
        },
        "collider2": {
            "type": "Box",
            "collider2origin": [
                [
                    -0.4643349629112523,
                    -0.8778337189902651,
                    0.11747767456808789,
                    0.33419408527381955
                ],
                [
                    0.8647305588670139,
                    -0.4780220010961048,
                    -0.1540650091020566,
                    -0.012971792792885073
                ],
                [
                    0.19140037298748186,
                    0.030048764896334644,
                    0.981051970564484,
                    -0.6346242641985977
                ],
                [
                    0.0,
                    0.0,
                    0.0,
                    1.0
                ]
            ],
            "size": [
                0.08993,
                0.0305,
                0.09007
            ]
        },
        "distance": 0.008005402560445692
    },
    {
        "case": 8,
        "collider1": {
            "type": "Box",
            "collider2origin": [
                [
                    0.9999999999999999,
                    0.0,
                    6.177235058912196e-23,
                    0.3420001028494408
                ],
                [
                    0.0,
                    1.0,
                    0.0,
                    -0.0028599999999999737
                ],
                [
                    6.177235058912196e-23,
                    0.0,
                    0.9999999999999999,
                    -0.6330101644495814
                ],
                [
                    0.0,
                    0.0,
                    0.0,
                    1.0
                ]
            ],
            "size": [
                0.03,
                0.09,
                0.06
            ]
        },
        "collider2": {
            "type": "Box",
            "collider2origin": [
                [
                    -0.4643349629112523,
                    -0.8778337189902651,
                    0.11747767456808789,
                    0.33419408527381955
                ],
                [
                    0.8647305588670139,
                    -0.4780220010961048,
                    -0.1540650091020566,
                    -0.012971792792885073
                ],
                [
                    0.19140037298748186,
                    0.030048764896334644,
                    0.981051970564484,
                    -0.6346242641985977
                ],
                [
                    0.0,
                    0.0,
                    0.0,
                    1.0
                ]
            ],
            "size": [
                0.08993,
                0.0305,
                0.09007
            ]
        },
        "distance": 0.0
    },
    {
        "case": 9,
        "collider1": {
            "type": "Box",
            "collider2origin": [
                [
                    1.0,
                    0.0,
                    0.0,
                    -0.08500000000000019
                ],
                [
                    0.0,
                    1.0,
                    0.0,
                    -0.03585999999999995
                ],
                [
                    0.0,
                    0.0,
                    1.0,
                    -0.81301
                ],
                [
                    0.0,
                    0.0,
                    0.0,
                    1.0
                ]
            ],
            "size": [
                1.01,
                0.28,
                0.27
            ]
        },
        "collider2": {
            "type": "Box",
            "collider2origin": [
                [
                    -0.4643349629112523,
                    -0.8778337189902651,
                    0.11747767456808789,
                    0.33419408527381955
                ],
                [
                    0.8647305588670139,
                    -0.4780220010961048,
                    -0.1540650091020566,
                    -0.012971792792885073
                ],
                [
                    0.19140037298748186,
                    0.030048764896334644,
                    0.981051970564484,
                    -0.6346242641985977
                ],
                [
                    0.0,
                    0.0,
                    0.0,
                    1.0
                ]
            ],
            "size": [
                0.08993,
                0.0305,
                0.09007
            ]
        },
        "distance": 0.0
    },
    {
        "case": 10,
        "collider1": {
            "type": "Cylinder",
            "collider2origin": [
                [
                    0.9999999999999999,
                    0.0,
                    6.177235058912196e-23,
                    0.2850002314120429
                ],
                [
                    0.0,
                    1.0,
                    0.0,
                    -0.0028599999999999737
                ],
                [
                    6.177235058912196e-23,
                    0.0,
                    0.9999999999999999,
                    -0.5680099338827331
                ],
                [
                    0.0,
                    0.0,
                    0.0,
                    1.0
                ]
            ],
            "radius": 0.015,
            "height": 0.14
        },
        "collider2": {
            "type": "Box",
            "collider2origin": [
                [
                    -0.19568763964806327,
                    0.7852991506618449,
                    -0.5873768736158708,
                    0.49471753057084134
                ],
                [
                    0.24822133302852278,
                    0.6191165027249839,
                    0.7450375332042863,
                    -0.2812326398480779
                ],
                [
                    0.9487320578111149,
                    -4.834237095245588e-06,
                    -0.31608144908886565,
                    -0.4317779614187569
                ],
                [
                    0.0,
                    0.0,
                    0.0,
                    1.0
                ]
            ],
            "size": [
                0.1202,
                0.13634,
                0.67816
            ]
        },
        "distance": 0.0
    }
]