[
    {
        "case": 0,
        "collider1": {
            "type": "Box",
            "collider2origin": [
                [
                    1.0,
                    0.0,
                    0.0,
                    0.5199999999999999
                ],
                [
                    0.0,
                    1.0,
                    0.0,
                    -0.43085999999999997
                ],
                [
                    0.0,
                    0.0,
                    1.0,
                    -0.80301
                ],
                [
                    0.0,
                    0.0,
                    0.0,
                    1.0
                ]
            ],
            "size": [
                0.2,
                0.08,
                0.04
            ]
        },
        "collider2": {
            "type": "Box",
            "collider2origin": [
                [
                    0.20796910546678002,
                    -0.9174381454195112,
                    -0.33919920474634835,
                    0.7380993993564258
                ],
                [
                    -0.4795284317817472,
                    -0.39787843532657646,
                    0.7821414410546301,
                    -0.8347802491203681
                ],
                [
                    -0.8525264419853997,
                    -5.593130997425741e-06,
                    -0.5226840974091629,
                    -0.5294058767302854
                ],
                [
                    0.0,
                    0.0,
                    0.0,
                    1.0
                ]
            ],
            "size": [
                0.15068,
                0.17726,
                0.74884
            ]
        },
        "distance": 0.08283117268915871
    },
    {
        "case": 1,
        "collider1": {
            "type": "Box",
            "collider2origin": [
                [
                    1.0,
                    0.0,
                    0.0,
                    0.5199999999999999
                ],
                [
                    0.0,
                    1.0,
                    0.0,
                    -0.43085999999999997
                ],
                [
                    0.0,
                    0.0,
                    1.0,
                    -0.80301
                ],
                [
                    0.0,
                    0.0,
                    0.0,
                    1.0
                ]
            ],
            "size": [
                0.2,
                0.08,
                0.04
            ]
        },
        "collider2": {
            "type": "Box",
            "collider2origin": [
                [
                    0.20796910546678002,
                    -0.9174381454195112,
                    -0.33919920474634835,
                    0.7380993993564258
                ],
                [
                    -0.4795284317817472,
                    -0.39787843532657646,
                    0.7821414410546301,
                    -0.8347802491203681
                ],
                [
                    -0.8525264419853997,
                    -5.593130997425741e-06,
                    -0.5226840974091629,
                    -0.5294058767302854
                ],
                [
                    0.0,
                    0.0,
                    0.0,
                    1.0
                ]
            ],
            "size": [
                0.15068,
                0.17726,
                0.74884
            ]
        },
        "distance": 0.08283117268915871
    }
]