[
    {
        "case": 0,
        "collider1": {
            "type": "Box",
            "collider2origin": [
                [
                    1.0,
                    0.0,
                    0.0,
                    -0.06
                ],
                [
                    0.0,
                    1.0,
                    0.0,
                    -0.37086
                ],
                [
                    0.0,
                    0.0,
                    1.0,
                    -0.40301
                ],
                [
                    0.0,
                    0.0,
                    0.0,
                    1.0
                ]
            ],
            "size": [
                0.1,
                1.0,
                1.64
            ]
        },
        "collider2": {
            "type": "Box",
            "collider2origin": [
                [
                    0.6055933193021562,
                    0.05315467036555512,
                    -0.7939970482532828,
                    0.17190801661458988
                ],
                [
                    -0.03223453408955062,
                    0.9985862912218648,
                    0.04226527884434394,
                    -0.9076492045937306
                ],
                [
                    0.7951211646212331,
                    -1.4455876544272698e-06,
                    0.6064506027445961,
                    -0.14064452432983576
                ],
                [
                    0.0,
                    0.0,
                    0.0,
                    1.0
                ]
            ],
            "size": [
                0.1202,
                0.13634,
                0.67816
            ]
        },
        "distance": 0.0
    },
    {
        "case": 1,
        "collider1": {
            "type": "Box",
            "collider2origin": [
                [
                    1.0,
                    0.0,
                    0.0,
                    -0.06
                ],
                [
                    0.0,
                    1.0,
                    0.0,
                    -0.37086
                ],
                [
                    0.0,
                    0.0,
                    1.0,
                    -0.40301
                ],
                [
                    0.0,
                    0.0,
                    0.0,
                    1.0
                ]
            ],
            "size": [
                0.1,
                1.0,
                1.64
            ]
        },
        "collider2": {
            "type": "Box",
            "collider2origin": [
                [
                    -0.5041410579048271,
                    -0.846584680752379,
                    0.17069321032189286,
                    -0.0956062696244846
                ],
                [
                    0.6619534945068213,
                    -0.5057359122909181,
                    -0.5532167370294216,
                    -0.82035039114877
                ],
                [
                    0.5546705011489339,
                    -0.16590830399550432,
                    0.8153619256627853,
                    -0.08891935545756269
                ],
                [
                    0.0,
                    0.0,
                    0.0,
                    1.0
                ]
            ],
            "size": [
                0.08993,
                0.0305,
                0.09007
            ]
        },
        "distance": 0.0
    },
    {
        "case": 2,
        "collider1": {
            "type": "Box",
            "collider2origin": [
                [
                    1.0,
                    0.0,
                    0.0,
                    -0.06
                ],
                [
                    0.0,
                    1.0,
                    0.0,
                    -0.37086
                ],
                [
                    0.0,
                    0.0,
                    1.0,
                    -0.40301
                ],
                [
                    0.0,
                    0.0,
                    0.0,
                    1.0
                ]
            ],
            "size": [
                0.1,
                1.0,
                1.64
            ]
        },
        "collider2": {
            "type": "Box",
            "collider2origin": [
                [
                    0.49389951517110325,
                    -0.8465845790235427,
                    0.19838805274834495,
                    -0.033268451055249226
                ],
                [
                    -0.8626247849232759,
                    -0.5057339190309738,
                    -0.01056804511932824,
                    -0.7820544870179188
                ],
                [
                    0.1092783114337924,
                    -0.1659148989726459,
                    -0.9800665778145256,
                    -0.07362100812192818
                ],
                [
                    0.0,
                    0.0,
                    0.0,
                    1.0
                ]
            ],
            "size": [
                0.09126,
                0.11887,
                0.10009
            ]
        },
        "distance": 0.0
    },
    {
        "case": 3,
        "collider1": {
            "type": "Box",
            "collider2origin": [
                [
                    1.0,
                    0.0,
                    0.0,
                    -0.06
                ],
                [
                    0.0,
                    1.0,
                    0.0,
                    -0.37086
                ],
                [
                    0.0,
                    0.0,
                    1.0,
                    -0.40301
                ],
                [
                    0.0,
                    0.0,
                    0.0,
                    1.0
                ]
            ],
            "size": [
                0.1,
                1.0,
                1.64
            ]
        },
        "collider2": {
            "type": "Box",
            "collider2origin": [
                [
                    -0.9786809357545165,
                    0.05315831559957264,
                    0.19838805274834495,
                    -0.05317411000284222
                ],
                [
                    0.05209724553792564,
                    0.9985860971542297,
                    -0.01056804511932824,
                    -0.783748561938814
                ],
                [
                    -0.19866933079372104,
                    -7.273190658643368e-06,
                    -0.9800665778145256,
                    0.03394193291608838
                ],
                [
                    0.0,
                    0.0,
                    0.0,
                    1.0
                ]
            ],
            "size": [
                0.09102,
                0.10007,
                0.11882
            ]
        },
        "distance": 0.0
    }
]