[
    {
        "case": 0,
        "collider1": {
            "type": "Box",
            "collider2origin": [
                [
                    1.0,
                    0.0,
                    0.0,
                    0.5199999999999999
                ],
                [
                    0.0,
                    1.0,
                    0.0,
                    -0.43085999999999997
                ],
                [
                    0.0,
                    0.0,
                    1.0,
                    -0.80301
                ],
                [
                    0.0,
                    0.0,
                    0.0,
                    1.0
                ]
            ],
            "size": [
                0.2,
                0.08,
                0.04
            ]
        },
        "collider2": {
            "type": "Box",
            "collider2origin": [
                [
                    0.12387060229720154,
                    0.8674201350829115,
                    -0.48191117764508423,
                    0.6985767387476769
                ],
                [
                    -0.21593703994114066,
                    0.49757643558063774,
                    0.8401124243435074,
                    -0.3776600882307867
                ],
                [
                    0.968518078647986,
                    -2.7587855637201686e-06,
                    0.24894322911941658,
                    -0.7497615005658044
                ],
                [
                    0.0,
                    0.0,
                    0.0,
                    1.0
                ]
            ],
            "size": [
                0.1202,
                0.13634,
                0.67816
            ]
        },
        "distance": 0.006556858800430187
    },
    {
        "case": 1,
        "collider1": {
            "type": "Box",
            "collider2origin": [
                [
                    1.0,
                    0.0,
                    0.0,
                    0.44499999999999995
                ],
                [
                    0.0,
                    1.0,
                    0.0,
                    -0.025859999999999994
                ],
                [
                    0.0,
                    0.0,
                    1.0,
                    -0.67801
                ],
                [
                    0.0,
                    0.0,
                    0.0,
                    1.0
                ]
            ],
            "size": [
                0.06,
                0.09,
                0.004
            ]
        },
        "collider2": {
            "type": "Box",
            "collider2origin": [
                [
                    0.12387060229720154,
                    0.8674201350829115,
                    -0.48191117764508423,
                    0.6985767387476769
                ],
                [
                    -0.21593703994114066,
                    0.49757643558063774,
                    0.8401124243435074,
                    -0.3776600882307867
                ],
                [
                    0.968518078647986,
                    -2.7587855637201686e-06,
                    0.24894322911941658,
                    -0.7497615005658044
                ],
                [
                    0.0,
                    0.0,
                    0.0,
                    1.0
                ]
            ],
            "size": [
                0.1202,
                0.13634,
                0.67816
            ]
        },
        "distance": 0.04377485916308475
    },
    {
        "case": 2,
        "collider1": {
            "type": "Cylinder",
            "collider2origin": [
                [
                    1.0,
                    0.0,
                    0.0,
                    0.4849999999999999
                ],
                [
                    0.0,
                    -3.673205103346574e-06,
                    -0.9999999999932537,
                    -0.46086
                ],
                [
                    0.0,
                    0.9999999999932537,
                    -3.673205103346574e-06,
                    -0.70001
                ],
                [
                    0.0,
                    0.0,
                    0.0,
                    1.0
                ]
            ],
            "radius": 0.026,
            "height": 0.272
        },
        "collider2": {
            "type": "Box",
            "collider2origin": [
                [
                    0.12387060229720154,
                    0.8674201350829115,
                    -0.48191117764508423,
                    0.6985767387476769
                ],
                [
                    -0.21593703994114066,
                    0.49757643558063774,
                    0.8401124243435074,
                    -0.3776600882307867
                ],
                [
                    0.968518078647986,
                    -2.7587855637201686e-06,
                    0.24894322911941658,
                    -0.7497615005658044
                ],
                [
                    0.0,
                    0.0,
                    0.0,
                    1.0
                ]
            ],
            "size": [
                0.1202,
                0.13634,
                0.67816
            ]
        },
        "distance": 0.06826589761794495
    },
    {
        "case": 3,
        "collider1": {
            "type": "Box",
            "collider2origin": [
                [
                    1.0,
                    0.0,
                    0.0,
                    -0.26
                ],
                [
                    0.0,
                    1.0,
                    0.0,
                    -0.4608599999999999
                ],
                [
                    0.0,
                    0.0,
                    1.0,
                    -1.143
                ],
                [
                    0.0,
                    0.0,
                    0.0,
                    1.0
                ]
            ],
            "size": [
                1.48,
                0.272,
                0.945
            ]
        },
        "collider2": {
            "type": "Box",
            "collider2origin": [
                [
                    0.12387060229720154,
                    0.8674201350829115,
                    -0.48191117764508423,
                    0.6985767387476769
                ],
                [
                    -0.21593703994114066,
                    0.49757643558063774,
                    0.8401124243435074,
                    -0.3776600882307867
                ],
                [
                    0.968518078647986,
                    -2.7587855637201686e-06,
                    0.24894322911941658,
                    -0.7497615005658044
                ],
                [
                    0.0,
                    0.0,
                    0.0,
                    1.0
                ]
            ],
            "size": [
                0.1202,
                0.13634,
                0.67816
            ]
        },
        "distance": 0.09515572295684747
    }
]