[
    {
        "case": 0,
        "collider1": {
            "type": "Box",
            "collider2origin": [
                [
                    1.0,
                    0.0,
                    0.0,
                    -0.06
                ],
                [
                    0.0,
                    1.0,
                    0.0,
                    -0.37086
                ],
                [
                    0.0,
                    0.0,
                    1.0,
                    -0.40301
                ],
                [
                    0.0,
                    0.0,
                    0.0,
                    1.0
                ]
            ],
            "size": [
                0.1,
                1.0,
                1.64
            ]
        },
        "collider2": {
            "type": "Box",
            "collider2origin": [
                [
                    0.9217429581159423,
                    -0.1880553094668688,
                    0.3391535341773588,
                    -0.1247667067494318
                ],
                [
                    0.2342995758558038,
                    0.9669434401732446,
                    -0.10061854828867986,
                    -0.8353187546897596
                ],
                [
                    -0.30902043284783465,
                    0.17220796754869158,
                    0.935334586121611,
                    -0.06702312722937087
                ],
                [
                    0.0,
                    0.0,
                    0.0,
                    1.0
                ]
            ],
            "size": [
                0.09126,
                0.11887,
                0.10009
            ]
        },
        "distance": 0.0
    },
    {
        "case": 1,
        "collider1": {
            "type": "Box",
            "collider2origin": [
                [
                    1.0,
                    0.0,
                    0.0,
                    -0.06
                ],
                [
                    0.0,
                    1.0,
                    0.0,
                    -0.37086
                ],
                [
                    0.0,
                    0.0,
                    1.0,
                    -0.40301
                ],
                [
                    0.0,
                    0.0,
                    0.0,
                    1.0
                ]
            ],
            "size": [
                0.1,
                1.0,
                1.64
            ]
        },
        "collider2": {
            "type": "Box",
            "collider2origin": [
                [
                    0.022950483768914575,
                    -0.18806016192824868,
                    -0.9818893271597842,
                    -0.13852414240186706
                ],
                [
                    -0.17095858841142145,
                    0.9669431148193447,
                    -0.18919348231859734,
                    -0.7636790873081369
                ],
                [
                    0.9850108813323569,
                    0.17220449529261447,
                    -0.00995868755755156,
                    -0.05063983410819173
                ],
                [
                    0.0,
                    0.0,
                    0.0,
                    1.0
                ]
            ],
            "size": [
                0.08993,
                0.0305,
                0.09007
            ]
        },
        "distance": 0.0
    },
    {
        "case": 2,
        "collider1": {
            "type": "Box",
            "collider2origin": [
                [
                    1.0,
                    0.0,
                    0.0,
                    -0.06
                ],
                [
                    0.0,
                    1.0,
                    0.0,
                    -0.37086
                ],
                [
                    0.0,
                    0.0,
                    1.0,
                    -0.40301
                ],
                [
                    0.0,
                    0.0,
                    0.0,
                    1.0
                ]
            ],
            "size": [
                0.1,
                1.0,
                1.64
            ]
        },
        "collider2": {
            "type": "Box",
            "collider2origin": [
                [
                    -0.8967045500645736,
                    -0.2844219227635208,
                    0.33915353417735883,
                    -0.16018157009956613
                ],
                [
                    0.26602958085301953,
                    -0.958699207182026,
                    -0.10061854828867987,
                    -0.8226536154698949
                ],
                [
                    0.35376434529875656,
                    -2.3752932826971846e-07,
                    0.9353345861216111,
                    -0.16972922065892293
                ],
                [
                    0.0,
                    0.0,
                    0.0,
                    1.0
                ]
            ],
            "size": [
                0.09102,
                0.10007,
                0.11882
            ]
        },
        "distance": 0.0
    },
    {
        "case": 3,
        "collider1": {
            "type": "Box",
            "collider2origin": [
                [
                    1.0,
                    0.0,
                    0.0,
                    -0.06
                ],
                [
                    0.0,
                    1.0,
                    0.0,
                    -0.37086
                ],
                [
                    0.0,
                    0.0,
                    1.0,
                    -0.40301
                ],
                [
                    0.0,
                    0.0,
                    0.0,
                    1.0
                ]
            ],
            "size": [
                0.1,
                1.0,
                1.64
            ]
        },
        "collider2": {
            "type": "Box",
            "collider2origin": [
                [
                    -0.08920987532197408,
                    -0.28442667475838845,
                    -0.9545381421561548,
                    0.14919369150796502
                ],
                [
                    0.026470265402160985,
                    -0.9586977973661918,
                    0.2831922639740561,
                    -0.7978631233494247
                ],
                [
                    -0.995661048346563,
                    -3.331398085975612e-06,
                    0.09305416054279779,
                    -0.1991732499604153
                ],
                [
                    0.0,
                    0.0,
                    0.0,
                    1.0
                ]
            ],
            "size": [
                0.1202,
                0.13634,
                0.67816
            ]
        },
        "distance": 0.0
    }
]