[
    {
        "case": 0,
        "collider1": {
            "type": "Cylinder",
            "collider2origin": [
                [
                    1.0,
                    0.0,
                    0.0,
                    0.4849999999999999
                ],
                [
                    0.0,
                    -3.673205103346574e-06,
                    -0.9999999999932537,
                    -0.46086
                ],
                [
                    0.0,
                    0.9999999999932537,
                    -3.673205103346574e-06,
                    -0.70001
                ],
                [
                    0.0,
                    0.0,
                    0.0,
                    1.0
                ]
            ],
            "radius": 0.026,
            "height": 0.272
        },
        "collider2": {
            "type": "Box",
            "collider2origin": [
                [
                    -0.7964026688641233,
                    0.581033617044998,
                    0.16775793540011208,
                    0.5867758935375098
                ],
                [
                    0.5685549175288812,
                    0.8138795585409361,
                    -0.11977215846321679,
                    -0.6457765367490139
                ],
                [
                    -0.2061264048583517,
                    -7.2675294964322855e-06,
                    -0.9785253727764823,
                    -0.7676848918592978
                ],
                [
                    0.0,
                    0.0,
                    0.0,
                    1.0
                ]
            ],
            "size": [
                0.1202,
                0.13634,
                0.67816
            ]
        },
        "distance": 0.01342805990992866
    },
    {
        "case": 1,
        "collider1": {
            "type": "Box",
            "collider2origin": [
                [
                    1.0,
                    0.0,
                    0.0,
                    -0.26
                ],
                [
                    0.0,
                    1.0,
                    0.0,
                    -0.4608599999999999
                ],
                [
                    0.0,
                    0.0,
                    1.0,
                    -1.143
                ],
                [
                    0.0,
                    0.0,
                    0.0,
                    1.0
                ]
            ],
            "size": [
                1.48,
                0.272,
                0.945
            ]
        },
        "collider2": {
            "type": "Box",
            "collider2origin": [
                [
                    -0.7964026688641233,
                    0.581033617044998,
                    0.16775793540011208,
                    0.5867758935375098
                ],
                [
                    0.5685549175288812,
                    0.8138795585409361,
                    -0.11977215846321679,
                    -0.6457765367490139
                ],
                [
                    -0.2061264048583517,
                    -7.2675294964322855e-06,
                    -0.9785253727764823,
                    -0.7676848918592978
                ],
                [
                    0.0,
                    0.0,
                    0.0,
                    1.0
                ]
            ],
            "size": [
                0.1202,
                0.13634,
                0.67816
            ]
        },
        "distance": 0.03271597173525369
    }
]