[
    {
        "case": 0,
        "collider1": {
            "type": "Box",
            "collider2origin": [
                [
                    1.0,
                    0.0,
                    0.0,
                    0.0
                ],
                [
                    0.0,
                    1.0,
                    0.0,
                    -0.37086
                ],
                [
                    0.0,
                    0.0,
                    1.0,
                    0.39699
                ],
                [
                    0.0,
                    0.0,
                    0.0,
                    1.0
                ]
            ],
            "size": [
                0.6,
                1.6,
                0.1
            ]
        },
        "collider2": {
            "type": "Sphere",
            "collider2origin": [
                [
                    1.0,
                    0.0,
                    0.0,
                    0.13028646090703377
                ],
                [
                    0.0,
                    1.0,
                    0.0,
                    -0.43965180639921797
                ],
                [
                    0.0,
                    0.0,
                    1.0,
                    0.40883467316556565
                ],
                [
                    0.0,
                    0.0,
                    0.0,
                    1.0
                ]
            ],
            "radius": 0.00663
        },
        "distance": 0.0
    },
    {
        "case": 1,
        "collider1": {
            "type": "Box",
            "collider2origin": [
                [
                    1.0,
                    0.0,
                    0.0,
                    0.0
                ],
                [
                    0.0,
                    1.0,
                    0.0,
                    -0.37086
                ],
                [
                    0.0,
                    0.0,
                    1.0,
                    0.39699
                ],
                [
                    0.0,
                    0.0,
                    0.0,
                    1.0
                ]
            ],
            "size": [
                0.6,
                1.6,
                0.1
            ]
        },
        "collider2": {
            "type": "Box",
            "collider2origin": [
                [
                    -0.0324688166165296,
                    -0.9873068633392417,
                    -0.155470040685495,
                    0.2648808764428009
                ],
                [
                    0.908691219508854,
                    -0.09393596215571746,
                    0.4067632021230423,
                    -0.49128005589024126
                ],
                [
                    -0.41620432906810734,
                    -0.12806714105150807,
                    0.9002070672061283,
                    0.40293778316473317
                ],
                [
                    0.0,
                    0.0,
                    0.0,
                    1.0
                ]
            ],
            "size": [
                0.06241,
                0.05638,
                0.02858
            ]
        },
        "distance": 0.0
    },
    {
        "case": 2,
        "collider1": {
            "type": "Box",
            "collider2origin": [
                [
                    1.0,
                    0.0,
                    0.0,
                    0.0
                ],
                [
                    0.0,
                    1.0,
                    0.0,
                    -0.37086
                ],
                [
                    0.0,
                    0.0,
                    1.0,
                    0.39699
                ],
                [
                    0.0,
                    0.0,
                    0.0,
                    1.0
                ]
            ],
            "size": [
                0.6,
                1.6,
                0.1
            ]
        },
        "collider2": {
            "type": "Cylinder",
            "collider2origin": [
                [
                    0.17032671557506138,
                    0.7291603489036933,
                    0.6628076610511199,
                    0.1429802744290295
                ],
                [
                    0.8338506490496425,
                    0.2517531108431645,
                    -0.4912366703130772,
                    -0.4489498833338389
                ],
                [
                    -0.5250541924800731,
                    0.6363533269870073,
                    -0.5651305496888875,
                    0.39600582038806964
                ],
                [
                    0.0,
                    0.0,
                    0.0,
                    1.0
                ]
            ],
            "radius": 0.00796,
            "height": 0.03037
        },
        "distance": 0.0
    },
    {
        "case": 3,
        "collider1": {
            "type": "Box",
            "collider2origin": [
                [
                    1.0,
                    0.0,
                    0.0,
                    0.0
                ],
                [
                    0.0,
                    1.0,
                    0.0,
                    -0.37086
                ],
                [
                    0.0,
                    0.0,
                    1.0,
                    0.39699
                ],
                [
                    0.0,
                    0.0,
                    0.0,
                    1.0
                ]
            ],
            "size": [
                0.6,
                1.6,
                0.1
            ]
        },
        "collider2": {
            "type": "Cylinder",
            "collider2origin": [
                [
                    -0.11766433202609483,
                    0.9470770072911877,
                    0.29866410435340207,
                    0.15511496836473315
                ],
                [
                    0.795927368340296,
                    0.2697920472636447,
                    -0.5419519125902055,
                    -0.4813076197903138
                ],
                [
                    -0.5938473956293343,
                    0.1739465248105237,
                    -0.7855494110561076,
                    0.44074880193366317
                ],
                [
                    0.0,
                    0.0,
                    0.0,
                    1.0
                ]
            ],
            "radius": 0.0076,
            "height": 0.02993
        },
        "distance": 0.0
    },
    {
        "case": 4,
        "collider1": {
            "type": "Box",
            "collider2origin": [
                [
                    1.0,
                    0.0,
                    0.0,
                    0.0
                ],
                [
                    0.0,
                    1.0,
                    0.0,
                    -0.37086
                ],
                [
                    0.0,
                    0.0,
                    1.0,
                    0.39699
                ],
                [
                    0.0,
                    0.0,
                    0.0,
                    1.0
                ]
            ],
            "size": [
                0.6,
                1.6,
                0.1
            ]
        },
        "collider2": {
            "type": "Cylinder",
            "collider2origin": [
                [
                    -0.3087682323729914,
                    0.8972246476375257,
                    0.3156740571364323,
                    0.17166965193460604
                ],
                [
                    0.7508298480902578,
                    0.433666576369793,
                    -0.49818454387552263,
                    -0.4983965415481679
                ],
                [
                    -0.5838807394442962,
                    0.08319394335779272,
                    -0.8075655081134664,
                    0.4508066694554729
                ],
                [
                    0.0,
                    0.0,
                    0.0,
                    1.0
                ]
            ],
            "radius": 0.0076,
            "height": 0.02993
        },
        "distance": 0.0
    },
    {
        "case": 5,
        "collider1": {
            "type": "Box",
            "collider2origin": [
                [
                    1.0,
                    0.0,
                    0.0,
                    0.0
                ],
                [
                    0.0,
                    1.0,
                    0.0,
                    -0.37086
                ],
                [
                    0.0,
                    0.0,
                    1.0,
                    0.39699
                ],
                [
                    0.0,
                    0.0,
                    0.0,
                    1.0
                ]
            ],
            "size": [
                0.6,
                1.6,
                0.1
            ]
        },
        "collider2": {
            "type": "Cylinder",
            "collider2origin": [
                [
                    -0.12248151015926242,
                    0.6512890783781425,
                    0.7488797073325298,
                    0.17451508261528648
                ],
                [
                    0.7922505221763858,
                    0.5186421324405209,
                    -0.32148009047029996,
                    -0.49738645028759376
                ],
                [
                    -0.5977770401917002,
                    0.5539249722145573,
                    -0.5795081840463959,
                    0.4154641548745239
                ],
                [
                    0.0,
                    0.0,
                    0.0,
                    1.0
                ]
            ],
            "radius": 0.00783,
            "height": 0.03683
        },
        "distance": 0.0
    },
    {
        "case": 6,
        "collider1": {
            "type": "Box",
            "collider2origin": [
                [
                    1.0,
                    0.0,
                    0.0,
                    0.0
                ],
                [
                    0.0,
                    1.0,
                    0.0,
                    -0.37086
                ],
                [
                    0.0,
                    0.0,
                    1.0,
                    0.39699
                ],
                [
                    0.0,
                    0.0,
                    0.0,
                    1.0
                ]
            ],
            "size": [
                0.6,
                1.6,
                0.1
            ]
        },
        "collider2": {
            "type": "Cylinder",
            "collider2origin": [
                [
                    0.04948398458047851,
                    0.9736073075333219,
                    0.2228006866860008,
                    0.18811969954808183
                ],
                [
                    0.8137654341381252,
                    0.09003499598160543,
                    -0.5741772528588885,
                    -0.47066202613389996
                ],
                [
                    -0.5790830281332948,
                    0.20972007585423671,
                    -0.787832682942048,
                    0.41740903448002276
                ],
                [
                    0.0,
                    0.0,
                    0.0,
                    1.0
                ]
            ],
            "radius": 0.00683,
            "height": 0.01183
        },
        "distance": 0.0
    },
    {
        "case": 7,
        "collider1": {
            "type": "Box",
            "collider2origin": [
                [
                    1.0,
                    0.0,
                    0.0,
                    0.0
                ],
                [
                    0.0,
                    1.0,
                    0.0,
                    -0.37086
                ],
                [
                    0.0,
                    0.0,
                    1.0,
                    0.39699
                ],
                [
                    0.0,
                    0.0,
                    0.0,
                    1.0
                ]
            ],
            "size": [
                0.6,
                1.6,
                0.1
            ]
        },
        "collider2": {
            "type": "Cylinder",
            "collider2origin": [
                [
                    0.4331739510741237,
                    0.2640292373041592,
                    0.8617707873671608,
                    0.21700060708639257
                ],
                [
                    0.8602844883945883,
                    0.16406608057523764,
                    -0.48269340189435045,
                    -0.4323765412069074
                ],
                [
                    -0.26883252619148185,
                    0.9504582489795455,
                    -0.1560711049754008,
                    0.4079115692251529
                ],
                [
                    0.0,
                    0.0,
                    0.0,
                    1.0
                ]
            ],
            "radius": 0.01271,
            "height": 0.05982
        },
        "distance": 0.0
    },
    {
        "case": 8,
        "collider1": {
            "type": "Box",
            "collider2origin": [
                [
                    1.0,
                    0.0,
                    0.0,
                    0.0
                ],
                [
                    0.0,
                    1.0,
                    0.0,
                    -0.37086
                ],
                [
                    0.0,
                    0.0,
                    1.0,
                    0.39699
                ],
                [
                    0.0,
                    0.0,
                    0.0,
                    1.0
                ]
            ],
            "size": [
                0.6,
                1.6,
                0.1
            ]
        },
        "collider2": {
            "type": "Cylinder",
            "collider2origin": [
                [
                    0.4174505940613605,
                    0.1741650044585111,
                    0.8918528761739708,
                    0.20410683885616487
                ],
                [
                    0.8812832537470996,
                    0.1616702489248976,
                    -0.44407494556379407,
                    -0.42625848659621146
                ],
                [
                    -0.2215283913694631,
                    0.9713543544116781,
                    -0.08599936036232823,
                    0.41194545675528027
                ],
                [
                    0.0,
                    0.0,
                    0.0,
                    1.0
                ]
            ],
            "radius": 0.01169,
            "height": 0.05502
        },
        "distance": 0.0
    },
    {
        "case": 9,
        "collider1": {
            "type": "Box",
            "collider2origin": [
                [
                    1.0,
                    0.0,
                    0.0,
                    0.0
                ],
                [
                    0.0,
                    1.0,
                    0.0,
                    -0.37086
                ],
                [
                    0.0,
                    0.0,
                    1.0,
                    0.39699
                ],
                [
                    0.0,
                    0.0,
                    0.0,
                    1.0
                ]
            ],
            "size": [
                0.6,
                1.6,
                0.1
            ]
        },
        "collider2": {
            "type": "Cylinder",
            "collider2origin": [
                [
                    0.17032671557506138,
                    0.30449318610773757,
                    0.9371620508617335,
                    0.1644646046136221
                ],
                [
                    0.8338506490496425,
                    0.46222427344209344,
                    -0.3017313641642489,
                    -0.46062459650311605
                ],
                [
                    -0.5250541924800731,
                    0.8328460966198298,
                    -0.17517269851266984,
                    0.38442781412902427
                ],
                [
                    0.0,
                    0.0,
                    0.0,
                    1.0
                ]
            ],
            "radius": 0.00713,
            "height": 0.01426
        },
        "distance": 0.0
    },
    {
        "case": 10,
        "collider1": {
            "type": "Box",
            "collider2origin": [
                [
                    1.0,
                    0.0,
                    0.0,
                    0.0
                ],
                [
                    0.0,
                    1.0,
                    0.0,
                    -0.37086
                ],
                [
                    0.0,
                    0.0,
                    1.0,
                    0.39699
                ],
                [
                    0.0,
                    0.0,
                    0.0,
                    1.0
                ]
            ],
            "size": [
                0.6,
                1.6,
                0.1
            ]
        },
        "collider2": {
            "type": "Sphere",
            "collider2origin": [
                [
                    1.0,
                    0.0,
                    0.0,
                    0.1836260284523098
                ],
                [
                    0.0,
                    1.0,
                    0.0,
                    -0.41672291802229255
                ],
                [
                    0.0,
                    0.0,
                    1.0,
                    0.4139782472445894
                ],
                [
                    0.0,
                    0.0,
                    0.0,
                    1.0
                ]
            ],
            "radius": 0.01051
        },
        "distance": 0.0
    },
    {
        "case": 11,
        "collider1": {
            "type": "Box",
            "collider2origin": [
                [
                    1.0,
                    0.0,
                    0.0,
                    0.0
                ],
                [
                    0.0,
                    1.0,
                    0.0,
                    -0.37086
                ],
                [
                    0.0,
                    0.0,
                    1.0,
                    0.39699
                ],
                [
                    0.0,
                    0.0,
                    0.0,
                    1.0
                ]
            ],
            "size": [
                0.6,
                1.6,
                0.1
            ]
        },
        "collider2": {
            "type": "Cylinder",
            "collider2origin": [
                [
                    0.04948398458047851,
                    0.9559449967058453,
                    -0.2893449473260242,
                    0.1897444931376755
                ],
                [
                    0.8137654341381252,
                    -0.20655486551681168,
                    -0.5432503159072433,
                    -0.4535469990397103
                ],
                [
                    -0.5790830281332948,
                    -0.20857672642074127,
                    -0.7881361530367578,
                    0.4415989826683999
                ],
                [
                    0.0,
                    0.0,
                    0.0,
                    1.0
                ]
            ],
            "radius": 0.00813,
            "height": 0.03824
        },
        "distance": 0.0
    },
    {
        "case": 12,
        "collider1": {
            "type": "Box",
            "collider2origin": [
                [
                    1.0,
                    0.0,
                    0.0,
                    0.0
                ],
                [
                    0.0,
                    1.0,
                    0.0,
                    -0.37086
                ],
                [
                    0.0,
                    0.0,
                    1.0,
                    0.39699
                ],
                [
                    0.0,
                    0.0,
                    0.0,
                    1.0
                ]
            ],
            "size": [
                0.6,
                1.6,
                0.1
            ]
        },
        "collider2": {
            "type": "Cylinder",
            "collider2origin": [
                [
                    -0.3130981509795674,
                    0.7023038698465441,
                    0.6393268508765637,
                    0.1840344136130886
                ],
                [
                    0.7462612342753918,
                    0.5983013399847608,
                    -0.291769903845835,
                    -0.5093611416643191
                ],
                [
                    -0.5874212441433695,
                    0.38575222743492665,
                    -0.7114291960258923,
                    0.43067300578173384
                ],
                [
                    0.0,
                    0.0,
                    0.0,
                    1.0
                ]
            ],
            "radius": 0.00783,
            "height": 0.03044
        },
        "distance": 0.0
    },
    {
        "case": 13,
        "collider1": {
            "type": "Box",
            "collider2origin": [
                [
                    1.0,
                    0.0,
                    0.0,
                    0.0
                ],
                [
                    0.0,
                    1.0,
                    0.0,
                    -0.37086
                ],
                [
                    0.0,
                    0.0,
                    1.0,
                    0.39699
                ],
                [
                    0.0,
                    0.0,
                    0.0,
                    1.0
                ]
            ],
            "size": [
                0.6,
                1.6,
                0.1
            ]
        },
        "collider2": {
            "type": "Box",
            "collider2origin": [
                [
                    0.0008321920990911938,
                    -0.9873061719992334,
                    -0.15882641527318492,
                    0.21468500484573527
                ],
                [
                    0.803285388151454,
                    -0.09393608025493481,
                    0.5881399476389154,
                    -0.49601161395206383
                ],
                [
                    -0.5955937311949127,
                    -0.12807238405900928,
                    0.7930104487349223,
                    0.39353658468164143
                ],
                [
                    0.0,
                    0.0,
                    0.0,
                    1.0
                ]
            ],
            "size": [
                0.07264,
                0.04753,
                0.03326
            ]
        },
        "distance": 0.0
    },
    {
        "case": 14,
        "collider1": {
            "type": "Box",
            "collider2origin": [
                [
                    1.0,
                    0.0,
                    0.0,
                    0.0
                ],
                [
                    0.0,
                    1.0,
                    0.0,
                    -0.37086
                ],
                [
                    0.0,
                    0.0,
                    1.0,
                    0.39699
                ],
                [
                    0.0,
                    0.0,
                    0.0,
                    1.0
                ]
            ],
            "size": [
                0.6,
                1.6,
                0.1
            ]
        },
        "collider2": {
            "type": "Cylinder",
            "collider2origin": [
                [
                    0.04948398458047851,
                    0.9736073075333219,
                    0.2228006866860008,
                    0.19176086500709988
                ],
                [
                    0.8137654341381252,
                    0.09003499598160543,
                    -0.5741772528588885,
                    -0.4800321379923068
                ],
                [
                    -0.5790830281332948,
                    0.20972007585423671,
                    -0.787832682942048,
                    0.404552685159123
                ],
                [
                    0.0,
                    0.0,
                    0.0,
                    1.0
                ]
            ],
            "radius": 0.00683,
            "height": 0.01782
        },
        "distance": 0.0
    },
    {
        "case": 15,
        "collider1": {
            "type": "Box",
            "collider2origin": [
                [
                    1.0,
                    0.0,
                    0.0,
                    0.0
                ],
                [
                    0.0,
                    1.0,
                    0.0,
                    -0.37086
                ],
                [
                    0.0,
                    0.0,
                    1.0,
                    0.39699
                ],
                [
                    0.0,
                    0.0,
                    0.0,
                    1.0
                ]
            ],
            "size": [
                0.6,
                1.6,
                0.1
            ]
        },
        "collider2": {
            "type": "Cylinder",
            "collider2origin": [
                [
                    0.18150880260843905,
                    0.3169718712479428,
                    0.9309046070426487,
                    0.17899506315642755
                ],
                [
                    0.8158499193879377,
                    0.479977249517713,
                    -0.3225069750875259,
                    -0.4651916163789417
                ],
                [
                    -0.5490386722357045,
                    0.8180163034946113,
                    -0.1714813797666259,
                    0.3816295533250815
                ],
                [
                    0.0,
                    0.0,
                    0.0,
                    1.0
                ]
            ],
            "radius": 0.00713,
            "height": 0.01697
        },
        "distance": 0.0
    }
]