[
    {
        "case": 0,
        "collider1": {
            "type": "Box",
            "collider2origin": [
                [
                    1.0,
                    0.0,
                    0.0,
                    0.5199999999999999
                ],
                [
                    0.0,
                    1.0,
                    0.0,
                    -0.43085999999999997
                ],
                [
                    0.0,
                    0.0,
                    1.0,
                    -0.80301
                ],
                [
                    0.0,
                    0.0,
                    0.0,
                    1.0
                ]
            ],
            "size": [
                0.2,
                0.08,
                0.04
            ]
        },
        "collider2": {
            "type": "Box",
            "collider2origin": [
                [
                    -0.644719038794723,
                    0.7242844468546973,
                    -0.24443690609233604,
                    0.6225913791272113
                ],
                [
                    0.6772467194662974,
                    0.6895012980363876,
                    0.2567583318575556,
                    -0.5336488742938594
                ],
                [
                    0.35450563040344885,
                    -7.107849786251291e-06,
                    -0.9350538797105391,
                    -0.989704161910481
                ],
                [
                    0.0,
                    0.0,
                    0.0,
                    1.0
                ]
            ],
            "size": [
                0.1202,
                0.13634,
                0.67816
            ]
        },
        "distance": 0.043188289547196196
    },
    {
        "case": 1,
        "collider1": {
            "type": "Cylinder",
            "collider2origin": [
                [
                    1.0,
                    0.0,
                    0.0,
                    0.4849999999999999
                ],
                [
                    0.0,
                    -3.673205103346574e-06,
                    -0.9999999999932537,
                    -0.46086
                ],
                [
                    0.0,
                    0.9999999999932537,
                    -3.673205103346574e-06,
                    -0.70001
                ],
                [
                    0.0,
                    0.0,
                    0.0,
                    1.0
                ]
            ],
            "radius": 0.026,
            "height": 0.272
        },
        "collider2": {
            "type": "Box",
            "collider2origin": [
                [
                    -0.644719038794723,
                    0.7242844468546973,
                    -0.24443690609233604,
                    0.6225913791272113
                ],
                [
                    0.6772467194662974,
                    0.6895012980363876,
                    0.2567583318575556,
                    -0.5336488742938594
                ],
                [
                    0.35450563040344885,
                    -7.107849786251291e-06,
                    -0.9350538797105391,
                    -0.989704161910481
                ],
                [
                    0.0,
                    0.0,
                    0.0,
                    1.0
                ]
            ],
            "size": [
                0.1202,
                0.13634,
                0.67816
            ]
        },
        "distance": 0.0901303857428592
    },
    {
        "case": 2,
        "collider1": {
            "type": "Box",
            "collider2origin": [
                [
                    1.0,
                    0.0,
                    0.0,
                    -0.26
                ],
                [
                    0.0,
                    1.0,
                    0.0,
                    -0.4608599999999999
                ],
                [
                    0.0,
                    0.0,
                    1.0,
                    -1.143
                ],
                [
                    0.0,
                    0.0,
                    0.0,
                    1.0
                ]
            ],
            "size": [
                1.48,
                0.272,
                0.945
            ]
        },
        "collider2": {
            "type": "Box",
            "collider2origin": [
                [
                    -0.644719038794723,
                    0.7242844468546973,
                    -0.24443690609233604,
                    0.6225913791272113
                ],
                [
                    0.6772467194662974,
                    0.6895012980363876,
                    0.2567583318575556,
                    -0.5336488742938594
                ],
                [
                    0.35450563040344885,
                    -7.107849786251291e-06,
                    -0.9350538797105391,
                    -0.989704161910481
                ],
                [
                    0.0,
                    0.0,
                    0.0,
                    1.0
                ]
            ],
            "size": [
                0.1202,
                0.13634,
                0.67816
            ]
        },
        "distance": 0.0
    }
]