[
    {
        "case": 0,
        "collider1": {
            "type": "Box",
            "collider2origin": [
                [
                    1.0,
                    0.0,
                    0.0,
                    0.0
                ],
                [
                    0.0,
                    1.0,
                    0.0,
                    -0.37086
                ],
                [
                    0.0,
                    0.0,
                    1.0,
                    0.39699
                ],
                [
                    0.0,
                    0.0,
                    0.0,
                    1.0
                ]
            ],
            "size": [
                0.6,
                1.6,
                0.1
            ]
        },
        "collider2": {
            "type": "Box",
            "collider2origin": [
                [
                    -0.619517097601722,
                    -0.05089816340427597,
                    0.7833313109669556,
                    0.32694015918636965
                ],
                [
                    0.21907408508099613,
                    -0.9694573049470311,
                    0.11026821450791216,
                    -1.0711703156686803
                ],
                [
                    0.7537938120103284,
                    0.239920634475049,
                    0.6117458443896672,
                    0.4136948213465159
                ],
                [
                    0.0,
                    0.0,
                    0.0,
                    1.0
                ]
            ],
            "size": [
                0.06241,
                0.05638,
                0.02858
            ]
        },
        "distance": 0.0
    },
    {
        "case": 1,
        "collider1": {
            "type": "Box",
            "collider2origin": [
                [
                    1.0,
                    0.0,
                    0.0,
                    0.0
                ],
                [
                    0.0,
                    1.0,
                    0.0,
                    -0.37086
                ],
                [
                    0.0,
                    0.0,
                    1.0,
                    0.39699
                ],
                [
                    0.0,
                    0.0,
                    0.0,
                    1.0
                ]
            ],
            "size": [
                0.6,
                1.6,
                0.1
            ]
        },
        "collider2": {
            "type": "Box",
            "collider2origin": [
                [
                    -0.7699030385347675,
                    -0.05090325388597303,
                    0.6361274793614503,
                    0.3215398004132727
                ],
                [
                    0.1911079707860999,
                    -0.9694573928979929,
                    0.1537208732002428,
                    -1.1208260566601496
                ],
                [
                    0.6088735950564382,
                    0.23991919910512804,
                    0.7561162100787165,
                    0.42533695223866586
                ],
                [
                    0.0,
                    0.0,
                    0.0,
                    1.0
                ]
            ],
            "size": [
                0.07264,
                0.04753,
                0.03326
            ]
        },
        "distance": 0.0
    },
    {
        "case": 2,
        "collider1": {
            "type": "Box",
            "collider2origin": [
                [
                    1.0,
                    0.0,
                    0.0,
                    0.0
                ],
                [
                    0.0,
                    1.0,
                    0.0,
                    -0.37086
                ],
                [
                    0.0,
                    0.0,
                    1.0,
                    0.39699
                ],
                [
                    0.0,
                    0.0,
                    0.0,
                    1.0
                ]
            ],
            "size": [
                0.6,
                1.6,
                0.1
            ]
        },
        "collider2": {
            "type": "Cylinder",
            "collider2origin": [
                [
                    -0.6918834052128313,
                    0.4150677692564469,
                    0.5907758462526825,
                    0.2555650995513664
                ],
                [
                    0.45740164751007895,
                    -0.38111911778759283,
                    0.8034500301274942,
                    -1.1659564940777556
                ],
                [
                    0.5586421810480852,
                    0.8261155881481009,
                    0.0738373115203577,
                    0.42334558129775424
                ],
                [
                    0.0,
                    0.0,
                    0.0,
                    1.0
                ]
            ],
            "radius": 0.00796,
            "height": 0.03037
        },
        "distance": 0.0
    },
    {
        "case": 3,
        "collider1": {
            "type": "Box",
            "collider2origin": [
                [
                    1.0,
                    0.0,
                    0.0,
                    0.0
                ],
                [
                    0.0,
                    1.0,
                    0.0,
                    -0.37086
                ],
                [
                    0.0,
                    0.0,
                    1.0,
                    0.39699
                ],
                [
                    0.0,
                    0.0,
                    0.0,
                    1.0
                ]
            ],
            "size": [
                0.6,
                1.6,
                0.1
            ]
        },
        "collider2": {
            "type": "Box",
            "collider2origin": [
                [
                    -0.646288766240528,
                    0.07982268485827504,
                    -0.7589065618462607,
                    0.3241960706117203
                ],
                [
                    -0.3939004420641643,
                    -0.8866725378567657,
                    0.24218640001514888,
                    -0.9948917270183242
                ],
                [
                    -0.6535696385030073,
                    0.45545597986266273,
                    0.60448869140323,
                    0.37914318724010565
                ],
                [
                    0.0,
                    0.0,
                    0.0,
                    1.0
                ]
            ],
            "size": [
                0.08993,
                0.0305,
                0.09007
            ]
        },
        "distance": 0.0
    },
    {
        "case": 4,
        "collider1": {
            "type": "Box",
            "collider2origin": [
                [
                    1.0,
                    0.0,
                    0.0,
                    0.0
                ],
                [
                    0.0,
                    1.0,
                    0.0,
                    -0.37086
                ],
                [
                    0.0,
                    0.0,
                    1.0,
                    0.39699
                ],
                [
                    0.0,
                    0.0,
                    0.0,
                    1.0
                ]
            ],
            "size": [
                0.6,
                1.6,
                0.1
            ]
        },
        "collider2": {
            "type": "Box",
            "collider2origin": [
                [
                    -0.6857185475230012,
                    0.07982281499978908,
                    -0.7234766007193699,
                    0.3216494797156082
                ],
                [
                    -0.38046895161921146,
                    -0.8866724621983184,
                    0.26278379256139334,
                    -0.9299146286926084
                ],
                [
                    -0.6205106368441426,
                    0.4554561043445139,
                    0.6383778556455381,
                    0.3421180523311804
                ],
                [
                    0.0,
                    0.0,
                    0.0,
                    1.0
                ]
            ],
            "size": [
                0.09126,
                0.11887,
                0.10009
            ]
        },
        "distance": 0.0
    },
    {
        "case": 5,
        "collider1": {
            "type": "Box",
            "collider2origin": [
                [
                    1.0,
                    0.0,
                    0.0,
                    0.0
                ],
                [
                    0.0,
                    1.0,
                    0.0,
                    -0.37086
                ],
                [
                    0.0,
                    0.0,
                    1.0,
                    0.39699
                ],
                [
                    0.0,
                    0.0,
                    0.0,
                    1.0
                ]
            ],
            "size": [
                0.6,
                1.6,
                0.1
            ]
        },
        "collider2": {
            "type": "Cylinder",
            "collider2origin": [
                [
                    -0.6918834052128313,
                    0.06746414173467814,
                    0.7188504317110059,
                    0.2734531715084022
                ],
                [
                    0.45740164751007895,
                    -0.7293915598803032,
                    0.5086960637064559,
                    -1.1466912232890831
                ],
                [
                    0.5586421810480852,
                    0.680761736553532,
                    0.47379570660618764,
                    0.42973242896299757
                ],
                [
                    0.0,
                    0.0,
                    0.0,
                    1.0
                ]
            ],
            "radius": 0.00713,
            "height": 0.01426
        },
        "distance": 0.0
    },
    {
        "case": 6,
        "collider1": {
            "type": "Box",
            "collider2origin": [
                [
                    1.0,
                    0.0,
                    0.0,
                    0.0
                ],
                [
                    0.0,
                    1.0,
                    0.0,
                    -0.37086
                ],
                [
                    0.0,
                    0.0,
                    1.0,
                    0.39699
                ],
                [
                    0.0,
                    0.0,
                    0.0,
                    1.0
                ]
            ],
            "size": [
                0.6,
                1.6,
                0.1
            ]
        },
        "collider2": {
            "type": "Cylinder",
            "collider2origin": [
                [
                    -0.6787506009678184,
                    0.05676421090002098,
                    0.732171732619283,
                    0.28448977701031597
                ],
                [
                    0.4855536026381509,
                    -0.7132892853592642,
                    0.5054266458713685,
                    -1.1387391223185555
                ],
                [
                    0.5509403966409953,
                    0.69856726215345,
                    0.4565834639980895,
                    0.43713375240457975
                ],
                [
                    0.0,
                    0.0,
                    0.0,
                    1.0
                ]
            ],
            "radius": 0.00713,
            "height": 0.01697
        },
        "distance": 0.0
    }
]