[
    {
        "case": 0,
        "collider1": {
            "type": "Cylinder",
            "collider2origin": [
                [
                    1.0,
                    0.0,
                    0.0,
                    0.4849999999999999
                ],
                [
                    0.0,
                    -3.673205103346574e-06,
                    -0.9999999999932537,
                    -0.46086
                ],
                [
                    0.0,
                    0.9999999999932537,
                    -3.673205103346574e-06,
                    -0.70001
                ],
                [
                    0.0,
                    0.0,
                    0.0,
                    1.0
                ]
            ],
            "radius": 0.026,
            "height": 0.272
        },
        "collider2": {
            "type": "Box",
            "collider2origin": [
                [
                    0.25618183351540874,
                    -0.7435796332862985,
                    -0.6176246409741902,
                    0.6849209877786846
                ],
                [
                    -0.28488393809226165,
                    -0.6686473875937916,
                    0.6868419125832684,
                    -0.9106467488675988
                ],
                [
                    -0.9236947601852724,
                    -5.080517265245061e-06,
                    -0.3831292079448661,
                    -0.4875365580715054
                ],
                [
                    0.0,
                    0.0,
                    0.0,
                    1.0
                ]
            ],
            "size": [
                0.15068,
                0.17726,
                0.74884
            ]
        },
        "distance": 0.02708597944824658
    },
    {
        "case": 1,
        "collider1": {
            "type": "Box",
            "collider2origin": [
                [
                    1.0,
                    0.0,
                    0.0,
                    -0.26
                ],
                [
                    0.0,
                    1.0,
                    0.0,
                    -0.4608599999999999
                ],
                [
                    0.0,
                    0.0,
                    1.0,
                    -1.143
                ],
                [
                    0.0,
                    0.0,
                    0.0,
                    1.0
                ]
            ],
            "size": [
                1.48,
                0.272,
                0.945
            ]
        },
        "collider2": {
            "type": "Box",
            "collider2origin": [
                [
                    0.25618183351540874,
                    -0.7435796332862985,
                    -0.6176246409741902,
                    0.6849209877786846
                ],
                [
                    -0.28488393809226165,
                    -0.6686473875937916,
                    0.6868419125832684,
                    -0.9106467488675988
                ],
                [
                    -0.9236947601852724,
                    -5.080517265245061e-06,
                    -0.3831292079448661,
                    -0.4875365580715054
                ],
                [
                    0.0,
                    0.0,
                    0.0,
                    1.0
                ]
            ],
            "size": [
                0.15068,
                0.17726,
                0.74884
            ]
        },
        "distance": 0.03776478082932456
    },
    {
        "case": 2,
        "collider1": {
            "type": "Cylinder",
            "collider2origin": [
                [
                    1.0,
                    0.0,
                    0.0,
                    0.4849999999999999
                ],
                [
                    0.0,
                    -3.673205103346574e-06,
                    -0.9999999999932537,
                    -0.46086
                ],
                [
                    0.0,
                    0.9999999999932537,
                    -3.673205103346574e-06,
                    -0.70001
                ],
                [
                    0.0,
                    0.0,
                    0.0,
                    1.0
                ]
            ],
            "radius": 0.026,
            "height": 0.272
        },
        "collider2": {
            "type": "Box",
            "collider2origin": [
                [
                    0.25618183351540874,
                    -0.7435796332862985,
                    -0.6176246409741902,
                    0.6849209877786846
                ],
                [
                    -0.28488393809226165,
                    -0.6686473875937916,
                    0.6868419125832684,
                    -0.9106467488675988
                ],
                [
                    -0.9236947601852724,
                    -5.080517265245061e-06,
                    -0.3831292079448661,
                    -0.4875365580715054
                ],
                [
                    0.0,
                    0.0,
                    0.0,
                    1.0
                ]
            ],
            "size": [
                0.15068,
                0.17726,
                0.74884
            ]
        },
        "distance": 0.02708597944824658
    },
    {
        "case": 3,
        "collider1": {
            "type": "Box",
            "collider2origin": [
                [
                    1.0,
                    0.0,
                    0.0,
                    -0.26
                ],
                [
                    0.0,
                    1.0,
                    0.0,
                    -0.4608599999999999
                ],
                [
                    0.0,
                    0.0,
                    1.0,
                    -1.143
                ],
                [
                    0.0,
                    0.0,
                    0.0,
                    1.0
                ]
            ],
            "size": [
                1.48,
                0.272,
                0.945
            ]
        },
        "collider2": {
            "type": "Box",
            "collider2origin": [
                [
                    0.25618183351540874,
                    -0.7435796332862985,
                    -0.6176246409741902,
                    0.6849209877786846
                ],
                [
                    -0.28488393809226165,
                    -0.6686473875937916,
                    0.6868419125832684,
                    -0.9106467488675988
                ],
                [
                    -0.9236947601852724,
                    -5.080517265245061e-06,
                    -0.3831292079448661,
                    -0.4875365580715054
                ],
                [
                    0.0,
                    0.0,
                    0.0,
                    1.0
                ]
            ],
            "size": [
                0.15068,
                0.17726,
                0.74884
            ]
        },
        "distance": 0.03776478082932456
    },
    {
        "case": 4,
        "collider1": {
            "type": "Cylinder",
            "collider2origin": [
                [
                    1.0,
                    0.0,
                    0.0,
                    0.4849999999999999
                ],
                [
                    0.0,
                    -3.673205103346574e-06,
                    -0.9999999999932537,
                    -0.46086
                ],
                [
                    0.0,
                    0.9999999999932537,
                    -3.673205103346574e-06,
                    -0.70001
                ],
                [
                    0.0,
                    0.0,
                    0.0,
                    1.0
                ]
            ],
            "radius": 0.026,
            "height": 0.272
        },
        "collider2": {
            "type": "Box",
            "collider2origin": [
                [
                    -0.6066650935551299,
                    -0.7435783973675438,
                    -0.2811558842173864,
                    0.5073799725366055
                ],
                [
                    0.6746489738644794,
                    -0.6686487620329516,
                    0.31266211010515166,
                    -0.5242637088474871
                ],
                [
                    -0.4204833246697785,
                    -3.405051340042128e-07,
                    0.9073002665460501,
                    -0.35275040605553154
                ],
                [
                    0.0,
                    0.0,
                    0.0,
                    1.0
                ]
            ],
            "size": [
                0.1202,
                0.13634,
                0.67816
            ]
        },
        "distance": 0.031325570156682046
    },
    {
        "case": 5,
        "collider1": {
            "type": "Box",
            "collider2origin": [
                [
                    1.0,
                    0.0,
                    0.0,
                    -0.26
                ],
                [
                    0.0,
                    1.0,
                    0.0,
                    -0.4608599999999999
                ],
                [
                    0.0,
                    0.0,
                    1.0,
                    -1.143
                ],
                [
                    0.0,
                    0.0,
                    0.0,
                    1.0
                ]
            ],
            "size": [
                1.48,
                0.272,
                0.945
            ]
        },
        "collider2": {
            "type": "Box",
            "collider2origin": [
                [
                    -0.6066650935551299,
                    -0.7435783973675438,
                    -0.2811558842173864,
                    0.5073799725366055
                ],
                [
                    0.6746489738644794,
                    -0.6686487620329516,
                    0.31266211010515166,
                    -0.5242637088474871
                ],
                [
                    -0.4204833246697785,
                    -3.405051340042128e-07,
                    0.9073002665460501,
                    -0.35275040605553154
                ],
                [
                    0.0,
                    0.0,
                    0.0,
                    1.0
                ]
            ],
            "size": [
                0.1202,
                0.13634,
                0.67816
            ]
        },
        "distance": 0.04114835395315226
    }
]