[
    {
        "case": 0,
        "collider1": {
            "type": "Cylinder",
            "collider2origin": [
                [
                    1.0,
                    0.0,
                    0.0,
                    0.4849999999999999
                ],
                [
                    0.0,
                    -3.673205103346574e-06,
                    -0.9999999999932537,
                    -0.46086
                ],
                [
                    0.0,
                    0.9999999999932537,
                    -3.673205103346574e-06,
                    -0.70001
                ],
                [
                    0.0,
                    0.0,
                    0.0,
                    1.0
                ]
            ],
            "radius": 0.026,
            "height": 0.272
        },
        "collider2": {
            "type": "Box",
            "collider2origin": [
                [
                    0.4057854256945198,
                    -0.6429943238767156,
                    0.6495355939101741,
                    0.6930014330942946
                ],
                [
                    -0.34068728426741773,
                    -0.7658709417589541,
                    -0.5453199747925471,
                    -0.8051884827618169
                ],
                [
                    0.8480980855021482,
                    -5.619413362953239e-06,
                    -0.5298392561296426,
                    -0.6508036891518416
                ],
                [
                    0.0,
                    0.0,
                    0.0,
                    1.0
                ]
            ],
            "size": [
                0.1202,
                0.13634,
                0.67816
            ]
        },
        "distance": 0.11256639397974294
    },
    {
        "case": 1,
        "collider1": {
            "type": "Box",
            "collider2origin": [
                [
                    1.0,
                    0.0,
                    0.0,
                    -0.26
                ],
                [
                    0.0,
                    1.0,
                    0.0,
                    -0.4608599999999999
                ],
                [
                    0.0,
                    0.0,
                    1.0,
                    -1.143
                ],
                [
                    0.0,
                    0.0,
                    0.0,
                    1.0
                ]
            ],
            "size": [
                1.48,
                0.272,
                0.945
            ]
        },
        "collider2": {
            "type": "Box",
            "collider2origin": [
                [
                    0.4057854256945198,
                    -0.6429943238767156,
                    0.6495355939101741,
                    0.6930014330942946
                ],
                [
                    -0.34068728426741773,
                    -0.7658709417589541,
                    -0.5453199747925471,
                    -0.8051884827618169
                ],
                [
                    0.8480980855021482,
                    -5.619413362953239e-06,
                    -0.5298392561296426,
                    -0.6508036891518416
                ],
                [
                    0.0,
                    0.0,
                    0.0,
                    1.0
                ]
            ],
            "size": [
                0.1202,
                0.13634,
                0.67816
            ]
        },
        "distance": 0.11401214575116442
    }
]