[
    {
        "case": 0,
        "collider1": {
            "type": "Box",
            "collider2origin": [
                [
                    1.0,
                    0.0,
                    0.0,
                    0.5199999999999999
                ],
                [
                    0.0,
                    1.0,
                    0.0,
                    -0.43085999999999997
                ],
                [
                    0.0,
                    0.0,
                    1.0,
                    -0.80301
                ],
                [
                    0.0,
                    0.0,
                    0.0,
                    1.0
                ]
            ],
            "size": [
                0.2,
                0.08,
                0.04
            ]
        },
        "collider2": {
            "type": "Box",
            "collider2origin": [
                [
                    -0.6961732830297311,
                    0.7173541418107018,
                    -0.027309251594236163,
                    0.6005828544550922
                ],
                [
                    0.7168032553789624,
                    0.6967087161598475,
                    0.02810796871029141,
                    -0.5195659350265291
                ],
                [
                    0.03918996138971971,
                    -7.343588371071818e-06,
                    -0.9992317783539231,
                    -0.653852182161117
                ],
                [
                    0.0,
                    0.0,
                    0.0,
                    1.0
                ]
            ],
            "size": [
                0.1202,
                0.13634,
                0.67816
            ]
        },
        "distance": 0.0
    },
    {
        "case": 1,
        "collider1": {
            "type": "Cylinder",
            "collider2origin": [
                [
                    1.0,
                    0.0,
                    0.0,
                    0.4849999999999999
                ],
                [
                    0.0,
                    -3.673205103346574e-06,
                    -0.9999999999932537,
                    -0.46086
                ],
                [
                    0.0,
                    0.9999999999932537,
                    -3.673205103346574e-06,
                    -0.70001
                ],
                [
                    0.0,
                    0.0,
                    0.0,
                    1.0
                ]
            ],
            "radius": 0.026,
            "height": 0.272
        },
        "collider2": {
            "type": "Box",
            "collider2origin": [
                [
                    -0.6961732830297311,
                    0.7173541418107018,
                    -0.027309251594236163,
                    0.6005828544550922
                ],
                [
                    0.7168032553789624,
                    0.6967087161598475,
                    0.02810796871029141,
                    -0.5195659350265291
                ],
                [
                    0.03918996138971971,
                    -7.343588371071818e-06,
                    -0.9992317783539231,
                    -0.653852182161117
                ],
                [
                    0.0,
                    0.0,
                    0.0,
                    1.0
                ]
            ],
            "size": [
                0.1202,
                0.13634,
                0.67816
            ]
        },
        "distance": 0.0
    }
]