[
    {
        "case": 0,
        "collider1": {
            "type": "Cylinder",
            "collider2origin": [
                [
                    1.0,
                    0.0,
                    0.0,
                    0.4849999999999999
                ],
                [
                    0.0,
                    -3.673205103346574e-06,
                    -0.9999999999932537,
                    -0.46086
                ],
                [
                    0.0,
                    0.9999999999932537,
                    -3.673205103346574e-06,
                    -0.70001
                ],
                [
                    0.0,
                    0.0,
                    0.0,
                    1.0
                ]
            ],
            "radius": 0.026,
            "height": 0.272
        },
        "collider2": {
            "type": "Box",
            "collider2origin": [
                [
                    -0.5549029429334574,
                    0.3645781237515952,
                    -0.7477737061474912,
                    0.8393795468126922
                ],
                [
                    0.21726384232863374,
                    0.9311728043963706,
                    0.2927689040338758,
                    -0.749671859150493
                ],
                [
                    0.8030436767327083,
                    -5.862142125999791e-06,
                    -0.5959201735343825,
                    -0.551538235332194
                ],
                [
                    0.0,
                    0.0,
                    0.0,
                    1.0
                ]
            ],
            "size": [
                0.15068,
                0.17726,
                0.74884
            ]
        },
        "distance": 0.01815006870798013
    },
    {
        "case": 1,
        "collider1": {
            "type": "Cylinder",
            "collider2origin": [
                [
                    1.0,
                    0.0,
                    0.0,
                    0.4849999999999999
                ],
                [
                    0.0,
                    -3.673205103346574e-06,
                    -0.9999999999932537,
                    -0.46086
                ],
                [
                    0.0,
                    0.9999999999932537,
                    -3.673205103346574e-06,
                    -0.70001
                ],
                [
                    0.0,
                    0.0,
                    0.0,
                    1.0
                ]
            ],
            "radius": 0.026,
            "height": 0.272
        },
        "collider2": {
            "type": "Box",
            "collider2origin": [
                [
                    -0.5549029429334574,
                    0.3645781237515952,
                    -0.7477737061474912,
                    0.8393795468126922
                ],
                [
                    0.21726384232863374,
                    0.9311728043963706,
                    0.2927689040338758,
                    -0.749671859150493
                ],
                [
                    0.8030436767327083,
                    -5.862142125999791e-06,
                    -0.5959201735343825,
                    -0.551538235332194
                ],
                [
                    0.0,
                    0.0,
                    0.0,
                    1.0
                ]
            ],
            "size": [
                0.15068,
                0.17726,
                0.74884
            ]
        },
        "distance": 0.01815006870798013
    }
]