[
    {
        "case": 0,
        "collider1": {
            "type": "Cylinder",
            "collider2origin": [
                [
                    0.9999999999999999,
                    0.0,
                    6.177235058912196e-23,
                    0.2850002314120429
                ],
                [
                    0.0,
                    1.0,
                    0.0,
                    -0.0028599999999999737
                ],
                [
                    6.177235058912196e-23,
                    0.0,
                    0.9999999999999999,
                    -0.5680099338827331
                ],
                [
                    0.0,
                    0.0,
                    0.0,
                    1.0
                ]
            ],
            "radius": 0.015,
            "height": 0.14
        },
        "collider2": {
            "type": "Box",
            "collider2origin": [
                [
                    0.4249251898093297,
                    0.7311459798765514,
                    0.5337266521131043,
                    0.3199782530941321
                ],
                [
                    -0.45539994657181626,
                    0.6822210463687252,
                    -0.5720011648186991,
                    -0.03674691421628551
                ],
                [
                    -0.782335907221375,
                    -1.3853245187120183e-06,
                    0.6228567477921297,
                    -0.44929117002236607
                ],
                [
                    0.0,
                    0.0,
                    0.0,
                    1.0
                ]
            ],
            "size": [
                0.09102,
                0.10007,
                0.11882
            ]
        },
        "distance": 0.0
    },
    {
        "case": 1,
        "collider1": {
            "type": "Box",
            "collider2origin": [
                [
                    1.0,
                    0.0,
                    0.0,
                    0.205
                ],
                [
                    0.0,
                    1.0,
                    0.0,
                    -0.17586
                ],
                [
                    0.0,
                    0.0,
                    1.0,
                    -0.10301
                ],
                [
                    0.0,
                    0.0,
                    0.0,
                    1.0
                ]
            ],
            "size": [
                0.05,
                0.05,
                1.2
            ]
        },
        "collider2": {
            "type": "Box",
            "collider2origin": [
                [
                    -0.14327848722548187,
                    0.7311415693219631,
                    -0.6670107050923504,
                    0.4316847174509806
                ],
                [
                    0.15355796811556752,
                    0.6822257731789835,
                    0.7148342079381459,
                    -0.3202806753127597
                ],
                [
                    0.9776968985972061,
                    -4.44465491023383e-06,
                    -0.21002089051722755,
                    -0.38982271467615215
                ],
                [
                    0.0,
                    0.0,
                    0.0,
                    1.0
                ]
            ],
            "size": [
                0.1202,
                0.13634,
                0.67816
            ]
        },
        "distance": 0.0
    }
]