[
    {
        "case": 0,
        "collider1": {
            "type": "Box",
            "collider2origin": [
                [
                    1.0,
                    0.0,
                    0.0,
                    -0.26
                ],
                [
                    0.0,
                    1.0,
                    0.0,
                    -0.4608599999999999
                ],
                [
                    0.0,
                    0.0,
                    1.0,
                    -1.143
                ],
                [
                    0.0,
                    0.0,
                    0.0,
                    1.0
                ]
            ],
            "size": [
                1.48,
                0.272,
                0.945
            ]
        },
        "collider2": {
            "type": "Box",
            "collider2origin": [
                [
                    0.476644981813404,
                    -0.8257846039104586,
                    -0.30147860497313345,
                    0.5623522645857566
                ],
                [
                    -0.6978944948320945,
                    -0.5639856273864713,
                    0.441433444796091,
                    -0.4446643882705926
                ],
                [
                    -0.5345585425331402,
                    -6.777546251533005e-06,
                    -0.8451314480948567,
                    -0.35273413654452024
                ],
                [
                    0.0,
                    0.0,
                    0.0,
                    1.0
                ]
            ],
            "size": [
                0.1202,
                0.13634,
                0.67816
            ]
        },
        "distance": 0.0
    },
    {
        "case": 1,
        "collider1": {
            "type": "Cylinder",
            "collider2origin": [
                [
                    1.0,
                    0.0,
                    0.0,
                    0.4849999999999999
                ],
                [
                    0.0,
                    -3.673205103346574e-06,
                    -0.9999999999932537,
                    -0.46086
                ],
                [
                    0.0,
                    0.9999999999932537,
                    -3.673205103346574e-06,
                    -0.70001
                ],
                [
                    0.0,
                    0.0,
                    0.0,
                    1.0
                ]
            ],
            "radius": 0.026,
            "height": 0.272
        },
        "collider2": {
            "type": "Box",
            "collider2origin": [
                [
                    0.4768860145718893,
                    -0.8257846025094526,
                    -0.30109719255424006,
                    0.38121584551415577
                ],
                [
                    -0.6982474165667258,
                    -0.5639856294377977,
                    0.4408749880017513,
                    -0.37760546177077936
                ],
                [
                    -0.5338822663880427,
                    -6.77911609250951e-06,
                    -0.8455588244412156,
                    -0.6015580810398647
                ],
                [
                    0.0,
                    0.0,
                    0.0,
                    1.0
                ]
            ],
            "size": [
                0.09102,
                0.10007,
                0.11882
            ]
        },
        "distance": 0.037341392942288325
    },
    {
        "case": 2,
        "collider1": {
            "type": "Box",
            "collider2origin": [
                [
                    1.0,
                    0.0,
                    0.0,
                    -0.26
                ],
                [
                    0.0,
                    1.0,
                    0.0,
                    -0.4608599999999999
                ],
                [
                    0.0,
                    0.0,
                    1.0,
                    -1.143
                ],
                [
                    0.0,
                    0.0,
                    0.0,
                    1.0
                ]
            ],
            "size": [
                1.48,
                0.272,
                0.945
            ]
        },
        "collider2": {
            "type": "Box",
            "collider2origin": [
                [
                    0.4768860145718893,
                    -0.8257846025094526,
                    -0.30109719255424006,
                    0.38121584551415577
                ],
                [
                    -0.6982474165667258,
                    -0.5639856294377977,
                    0.4408749880017513,
                    -0.37760546177077936
                ],
                [
                    -0.5338822663880427,
                    -6.77911609250951e-06,
                    -0.8455588244412156,
                    -0.6015580810398647
                ],
                [
                    0.0,
                    0.0,
                    0.0,
                    1.0
                ]
            ],
            "size": [
                0.09102,
                0.10007,
                0.11882
            ]
        },
        "distance": 0.0
    },
    {
        "case": 3,
        "collider1": {
            "type": "Box",
            "collider2origin": [
                [
                    1.0,
                    0.0,
                    0.0,
                    -0.08500000000000019
                ],
                [
                    0.0,
                    1.0,
                    0.0,
                    -0.03585999999999995
                ],
                [
                    0.0,
                    0.0,
                    1.0,
                    -0.81301
                ],
                [
                    0.0,
                    0.0,
                    0.0,
                    1.0
                ]
            ],
            "size": [
                1.01,
                0.28,
                0.27
            ]
        },
        "collider2": {
            "type": "Box",
            "collider2origin": [
                [
                    0.09751725355597682,
                    0.6870677326534613,
                    -0.7200196636240778,
                    0.4288204244468711
                ],
                [
                    -0.23595665550563452,
                    0.7188017895507638,
                    0.653948349689189,
                    -0.1998525395592593
                ],
                [
                    0.9668582326181506,
                    0.10612218469787614,
                    0.23221378067086215,
                    -0.657288162661103
                ],
                [
                    0.0,
                    0.0,
                    0.0,
                    1.0
                ]
            ],
            "size": [
                0.06241,
                0.05638,
                0.02858
            ]
        },
        "distance": 0.0017720078185484258
    },
    {
        "case": 4,
        "collider1": {
            "type": "Box",
            "collider2origin": [
                [
                    1.0,
                    0.0,
                    0.0,
                    0.246
                ],
                [
                    0.0,
                    1.0,
                    0.0,
                    -0.24786000000000002
                ],
                [
                    0.0,
                    0.0,
                    1.0,
                    -0.71801
                ],
                [
                    0.0,
                    0.0,
                    0.0,
                    1.0
                ]
            ],
            "size": [
                0.12,
                0.16,
                0.08
            ]
        },
        "collider2": {
            "type": "Box",
            "collider2origin": [
                [
                    -0.8136179894170529,
                    0.49735927450175,
                    -0.30109719255424006,
                    0.3461328984349554
                ],
                [
                    0.34370163494255657,
                    0.8291552515013513,
                    0.4408749880017513,
                    -0.3299721744645261
                ],
                [
                    0.4689295825971805,
                    0.255216223964746,
                    -0.8455588244412156,
                    -0.6935520160444232
                ],
                [
                    0.0,
                    0.0,
                    0.0,
                    1.0
                ]
            ],
            "size": [
                0.09126,
                0.11887,
                0.10009
            ]
        },
        "distance": 0.0
    },
    {
        "case": 5,
        "collider1": {
            "type": "Box",
            "collider2origin": [
                [
                    1.0,
                    0.0,
                    0.0,
                    -0.26
                ],
                [
                    0.0,
                    1.0,
                    0.0,
                    -0.4608599999999999
                ],
                [
                    0.0,
                    0.0,
                    1.0,
                    -1.143
                ],
                [
                    0.0,
                    0.0,
                    0.0,
                    1.0
                ]
            ],
            "size": [
                1.48,
                0.272,
                0.945
            ]
        },
        "collider2": {
            "type": "Box",
            "collider2origin": [
                [
                    -0.8136179894170529,
                    0.49735927450175,
                    -0.30109719255424006,
                    0.3461328984349554
                ],
                [
                    0.34370163494255657,
                    0.8291552515013513,
                    0.4408749880017513,
                    -0.3299721744645261
                ],
                [
                    0.4689295825971805,
                    0.255216223964746,
                    -0.8455588244412156,
                    -0.6935520160444232
                ],
                [
                    0.0,
                    0.0,
                    0.0,
                    1.0
                ]
            ],
            "size": [
                0.09126,
                0.11887,
                0.10009
            ]
        },
        "distance": 0.0
    }
]