[
    {
        "case": 0,
        "collider1": {
            "type": "Box",
            "collider2origin": [
                [
                    1.0,
                    0.0,
                    0.0,
                    -0.26
                ],
                [
                    0.0,
                    1.0,
                    0.0,
                    -0.4608599999999999
                ],
                [
                    0.0,
                    0.0,
                    1.0,
                    -1.143
                ],
                [
                    0.0,
                    0.0,
                    0.0,
                    1.0
                ]
            ],
            "size": [
                1.48,
                0.272,
                0.945
            ]
        },
        "collider2": {
            "type": "Box",
            "collider2origin": [
                [
                    0.7035686498448626,
                    0.37044031744958905,
                    0.6064364155979788,
                    0.5156126951782337
                ],
                [
                    0.6861563096084035,
                    -0.13211120549736777,
                    -0.715357356966858,
                    -0.5983070739439706
                ],
                [
                    -0.1848801604825503,
                    0.9194131827366188,
                    -0.3471292636325358,
                    -1.2657315392313992
                ],
                [
                    0.0,
                    0.0,
                    0.0,
                    1.0
                ]
            ],
            "size": [
                0.08993,
                0.0305,
                0.09007
            ]
        },
        "distance": 0.0
    },
    {
        "case": 1,
        "collider1": {
            "type": "Box",
            "collider2origin": [
                [
                    1.0,
                    0.0,
                    0.0,
                    -0.26
                ],
                [
                    0.0,
                    1.0,
                    0.0,
                    -0.4608599999999999
                ],
                [
                    0.0,
                    0.0,
                    1.0,
                    -1.143
                ],
                [
                    0.0,
                    0.0,
                    0.0,
                    1.0
                ]
            ],
            "size": [
                1.48,
                0.272,
                0.945
            ]
        },
        "collider2": {
            "type": "Box",
            "collider2origin": [
                [
                    -0.7377691932865671,
                    0.37043601696675815,
                    -0.5643348073361163,
                    0.4894513954218048
                ],
                [
                    -0.6432278579760886,
                    -0.1321058075401827,
                    0.7541922688132309,
                    -0.5906226355838009
                ],
                [
                    0.20482807464012487,
                    0.9194156910494619,
                    0.3357383607681129,
                    -1.3353124159633478
                ],
                [
                    0.0,
                    0.0,
                    0.0,
                    1.0
                ]
            ],
            "size": [
                0.09126,
                0.11887,
                0.10009
            ]
        },
        "distance": 0.0
    },
    {
        "case": 2,
        "collider1": {
            "type": "Box",
            "collider2origin": [
                [
                    1.0,
                    0.0,
                    0.0,
                    -0.26
                ],
                [
                    0.0,
                    1.0,
                    0.0,
                    -0.4608599999999999
                ],
                [
                    0.0,
                    0.0,
                    1.0,
                    -1.143
                ],
                [
                    0.0,
                    0.0,
                    0.0,
                    1.0
                ]
            ],
            "size": [
                1.48,
                0.272,
                0.945
            ]
        },
        "collider2": {
            "type": "Box",
            "collider2origin": [
                [
                    -0.20114212763197603,
                    -0.8006672652985071,
                    -0.5643348073361163,
                    0.5536253618159923
                ],
                [
                    0.2688160921315814,
                    -0.5991092807438857,
                    0.7541922688132309,
                    -0.6704450985803779
                ],
                [
                    -0.9419552819018461,
                    -2.4399692432003875e-06,
                    0.3357383607681129,
                    -1.3738331793327332
                ],
                [
                    0.0,
                    0.0,
                    0.0,
                    1.0
                ]
            ],
            "size": [
                0.09102,
                0.10007,
                0.11882
            ]
        },
        "distance": 0.03178580111290893
    }
]