[
    {
        "case": 0,
        "collider1": {
            "type": "Box",
            "collider2origin": [
                [
                    1.0,
                    0.0,
                    0.0,
                    1.23
                ],
                [
                    0.0,
                    1.0,
                    0.0,
                    -0.23086
                ],
                [
                    0.0,
                    0.0,
                    1.0,
                    -0.54301
                ],
                [
                    0.0,
                    0.0,
                    0.0,
                    1.0
                ]
            ],
            "size": [
                0.1,
                0.16,
                0.1
            ]
        },
        "collider2": {
            "type": "Box",
            "collider2origin": [
                [
                    -0.05310253943306932,
                    0.9694991701878201,
                    -0.23927281356411442,
                    1.097448192581365
                ],
                [
                    0.2100708565245664,
                    0.24509459191331662,
                    0.9464665214649062,
                    -0.6733307395008492
                ],
                [
                    0.976242979767227,
                    -4.469110286264408e-06,
                    -0.2166786663131206,
                    -0.43779428936214915
                ],
                [
                    0.0,
                    0.0,
                    0.0,
                    1.0
                ]
            ],
            "size": [
                0.15068,
                0.17726,
                0.74884
            ]
        },
        "distance": 0.08024377353345027
    },
    {
        "case": 1,
        "collider1": {
            "type": "Box",
            "collider2origin": [
                [
                    1.0,
                    0.0,
                    0.0,
                    1.23
                ],
                [
                    0.0,
                    1.0,
                    0.0,
                    -0.23086
                ],
                [
                    0.0,
                    0.0,
                    1.0,
                    -0.54301
                ],
                [
                    0.0,
                    0.0,
                    0.0,
                    1.0
                ]
            ],
            "size": [
                0.1,
                0.16,
                0.1
            ]
        },
        "collider2": {
            "type": "Box",
            "collider2origin": [
                [
                    -0.05310253943306932,
                    0.9694991701878201,
                    -0.23927281356411442,
                    1.097448192581365
                ],
                [
                    0.2100708565245664,
                    0.24509459191331662,
                    0.9464665214649062,
                    -0.6733307395008492
                ],
                [
                    0.976242979767227,
                    -4.469110286264408e-06,
                    -0.2166786663131206,
                    -0.43779428936214915
                ],
                [
                    0.0,
                    0.0,
                    0.0,
                    1.0
                ]
            ],
            "size": [
                0.15068,
                0.17726,
                0.74884
            ]
        },
        "distance": 0.08024377353345027
    }
]