[
    {
        "case": 0,
        "collider1": {
            "type": "Box",
            "collider2origin": [
                [
                    1.0,
                    0.0,
                    0.0,
                    1.23
                ],
                [
                    0.0,
                    1.0,
                    0.0,
                    -0.23086
                ],
                [
                    0.0,
                    0.0,
                    1.0,
                    -0.54301
                ],
                [
                    0.0,
                    0.0,
                    0.0,
                    1.0
                ]
            ],
            "size": [
                0.1,
                0.16,
                0.1
            ]
        },
        "collider2": {
            "type": "Box",
            "collider2origin": [
                [
                    -0.11588215720600581,
                    0.9468118190237621,
                    -0.30019777647110746,
                    1.0752189040140439
                ],
                [
                    0.3409801788281271,
                    0.321787786175849,
                    0.8832808943447062,
                    -0.678911323640031
                ],
                [
                    0.9329007681889971,
                    -4.996049409674595e-06,
                    -0.360133526191909,
                    -0.480822157268199
                ],
                [
                    0.0,
                    0.0,
                    0.0,
                    1.0
                ]
            ],
            "size": [
                0.15068,
                0.17726,
                0.74884
            ]
        },
        "distance": 0.12901260431143388
    },
    {
        "case": 1,
        "collider1": {
            "type": "Box",
            "collider2origin": [
                [
                    1.0,
                    0.0,
                    0.0,
                    1.23
                ],
                [
                    0.0,
                    1.0,
                    0.0,
                    -0.23086
                ],
                [
                    0.0,
                    0.0,
                    1.0,
                    -0.54301
                ],
                [
                    0.0,
                    0.0,
                    0.0,
                    1.0
                ]
            ],
            "size": [
                0.1,
                0.16,
                0.1
            ]
        },
        "collider2": {
            "type": "Box",
            "collider2origin": [
                [
                    -0.11588215720600581,
                    0.9468118190237621,
                    -0.30019777647110746,
                    1.0752189040140439
                ],
                [
                    0.3409801788281271,
                    0.321787786175849,
                    0.8832808943447062,
                    -0.678911323640031
                ],
                [
                    0.9329007681889971,
                    -4.996049409674595e-06,
                    -0.360133526191909,
                    -0.480822157268199
                ],
                [
                    0.0,
                    0.0,
                    0.0,
                    1.0
                ]
            ],
            "size": [
                0.15068,
                0.17726,
                0.74884
            ]
        },
        "distance": 0.12901260431143388
    }
]