[
    {
        "case": 0,
        "collider1": {
            "type": "Box",
            "collider2origin": [
                [
                    1.0,
                    0.0,
                    0.0,
                    -0.26
                ],
                [
                    0.0,
                    1.0,
                    0.0,
                    -0.4608599999999999
                ],
                [
                    0.0,
                    0.0,
                    1.0,
                    -1.143
                ],
                [
                    0.0,
                    0.0,
                    0.0,
                    1.0
                ]
            ],
            "size": [
                1.48,
                0.272,
                0.945
            ]
        },
        "collider2": {
            "type": "Cylinder",
            "collider2origin": [
                [
                    0.35981295108486977,
                    -0.3975877585927503,
                    -0.8440726357658977,
                    0.4988458939790327
                ],
                [
                    -0.03139397472299935,
                    0.898991616239068,
                    -0.436839206439807,
                    -0.4224367213094159
                ],
                [
                    0.9324961440041931,
                    0.1836791990102895,
                    0.31098696639610063,
                    -1.102432719862552
                ],
                [
                    0.0,
                    0.0,
                    0.0,
                    1.0
                ]
            ],
            "radius": 0.01169,
            "height": 0.05502
        },
        "distance": 0.0
    },
    {
        "case": 1,
        "collider1": {
            "type": "Box",
            "collider2origin": [
                [
                    1.0,
                    0.0,
                    0.0,
                    -0.26
                ],
                [
                    0.0,
                    1.0,
                    0.0,
                    -0.4608599999999999
                ],
                [
                    0.0,
                    0.0,
                    1.0,
                    -1.143
                ],
                [
                    0.0,
                    0.0,
                    0.0,
                    1.0
                ]
            ],
            "size": [
                1.48,
                0.272,
                0.945
            ]
        },
        "collider2": {
            "type": "Cylinder",
            "collider2origin": [
                [
                    0.7127930440982505,
                    -0.27755023538395335,
                    -0.6441210624746418,
                    0.4903109016762893
                ],
                [
                    -0.6403414706549836,
                    0.11717342947022921,
                    -0.7591002492329968,
                    -0.4145850840987152
                ],
                [
                    0.28616232673879743,
                    0.9535388058513913,
                    -0.09420652042688117,
                    -1.1821408087707996
                ],
                [
                    0.0,
                    0.0,
                    0.0,
                    1.0
                ]
            ],
            "radius": 0.0076,
            "height": 0.02993
        },
        "distance": 0.0
    },
    {
        "case": 2,
        "collider1": {
            "type": "Box",
            "collider2origin": [
                [
                    1.0,
                    0.0,
                    0.0,
                    -0.26
                ],
                [
                    0.0,
                    1.0,
                    0.0,
                    -0.4608599999999999
                ],
                [
                    0.0,
                    0.0,
                    1.0,
                    -1.143
                ],
                [
                    0.0,
                    0.0,
                    0.0,
                    1.0
                ]
            ],
            "size": [
                1.48,
                0.272,
                0.945
            ]
        },
        "collider2": {
            "type": "Box",
            "collider2origin": [
                [
                    -0.4451835865154206,
                    0.6301971668124309,
                    0.6361313584778321,
                    0.3702519557260734
                ],
                [
                    -0.7647373614283345,
                    0.10198538685092216,
                    -0.6362198903716361,
                    -0.46107885448582175
                ],
                [
                    -0.4658200750642849,
                    -0.7697080692122519,
                    0.43653309823729414,
                    -1.0312667609573687
                ],
                [
                    0.0,
                    0.0,
                    0.0,
                    1.0
                ]
            ],
            "size": [
                0.08993,
                0.0305,
                0.09007
            ]
        },
        "distance": 0.0
    },
    {
        "case": 3,
        "collider1": {
            "type": "Box",
            "collider2origin": [
                [
                    1.0,
                    0.0,
                    0.0,
                    -0.26
                ],
                [
                    0.0,
                    1.0,
                    0.0,
                    -0.4608599999999999
                ],
                [
                    0.0,
                    0.0,
                    1.0,
                    -1.143
                ],
                [
                    0.0,
                    0.0,
                    0.0,
                    1.0
                ]
            ],
            "size": [
                1.48,
                0.272,
                0.945
            ]
        },
        "collider2": {
            "type": "Box",
            "collider2origin": [
                [
                    -0.23495372833072964,
                    0.6301975484618758,
                    0.7400322935224729,
                    0.3197838036174895
                ],
                [
                    -0.9198087435272444,
                    0.1019863321101687,
                    -0.3788808036751745,
                    -0.4667058002714356
                ],
                [
                    -0.314242932894793,
                    -0.7697076314909163,
                    0.5556991462566075,
                    -0.976309236387003
                ],
                [
                    0.0,
                    0.0,
                    0.0,
                    1.0
                ]
            ],
            "size": [
                0.09126,
                0.11887,
                0.10009
            ]
        },
        "distance": 0.0
    },
    {
        "case": 4,
        "collider1": {
            "type": "Box",
            "collider2origin": [
                [
                    1.0,
                    0.0,
                    0.0,
                    -0.26
                ],
                [
                    0.0,
                    1.0,
                    0.0,
                    -0.4608599999999999
                ],
                [
                    0.0,
                    0.0,
                    1.0,
                    -1.143
                ],
                [
                    0.0,
                    0.0,
                    0.0,
                    1.0
                ]
            ],
            "size": [
                1.48,
                0.272,
                0.945
            ]
        },
        "collider2": {
            "type": "Box",
            "collider2origin": [
                [
                    0.4946388632564993,
                    0.45572425818710477,
                    0.7400322935224729,
                    0.23559890445908627
                ],
                [
                    -0.2532467889417442,
                    0.8901210032895244,
                    -0.3788808036751745,
                    -0.42894189202841737
                ],
                [
                    -0.8313834607730743,
                    -1.6320081634024782e-06,
                    0.5556991462566075,
                    -1.035230366086885
                ],
                [
                    0.0,
                    0.0,
                    0.0,
                    1.0
                ]
            ],
            "size": [
                0.09102,
                0.10007,
                0.11882
            ]
        },
        "distance": 0.0
    },
    {
        "case": 5,
        "collider1": {
            "type": "Box",
            "collider2origin": [
                [
                    1.0,
                    0.0,
                    0.0,
                    -0.26
                ],
                [
                    0.0,
                    1.0,
                    0.0,
                    -0.4608599999999999
                ],
                [
                    0.0,
                    0.0,
                    1.0,
                    -1.143
                ],
                [
                    0.0,
                    0.0,
                    0.0,
                    1.0
                ]
            ],
            "size": [
                1.48,
                0.272,
                0.945
            ]
        },
        "collider2": {
            "type": "Cylinder",
            "collider2origin": [
                [
                    0.7121605757172436,
                    0.10440567184206881,
                    -0.6942094569229739,
                    0.4654509907701675
                ],
                [
                    -0.6438194665880015,
                    0.49135765012918114,
                    -0.5865698203128679,
                    -0.43950477617025063
                ],
                [
                    0.2798639112790809,
                    0.8646774631888675,
                    0.4171439509531921,
                    -1.176207818226433
                ],
                [
                    0.0,
                    0.0,
                    0.0,
                    1.0
                ]
            ],
            "radius": 0.00783,
            "height": 0.03683
        },
        "distance": 0.0
    },
    {
        "case": 6,
        "collider1": {
            "type": "Box",
            "collider2origin": [
                [
                    1.0,
                    0.0,
                    0.0,
                    -0.26
                ],
                [
                    0.0,
                    1.0,
                    0.0,
                    -0.4608599999999999
                ],
                [
                    0.0,
                    0.0,
                    1.0,
                    -1.143
                ],
                [
                    0.0,
                    0.0,
                    0.0,
                    1.0
                ]
            ],
            "size": [
                1.48,
                0.272,
                0.945
            ]
        },
        "collider2": {
            "type": "Cylinder",
            "collider2origin": [
                [
                    0.3546751889646081,
                    -0.4482387250657987,
                    -0.8205410140171584,
                    0.48793006821850293
                ],
                [
                    -0.08522241157081009,
                    0.8584424754420854,
                    -0.5057802456827668,
                    -0.43121916688442286
                ],
                [
                    0.9310975517629582,
                    0.2493161882194017,
                    0.2662682620831348,
                    -1.0975680001699288
                ],
                [
                    0.0,
                    0.0,
                    0.0,
                    1.0
                ]
            ],
            "radius": 0.01271,
            "height": 0.05982
        },
        "distance": 0.0
    },
    {
        "case": 7,
        "collider1": {
            "type": "Box",
            "collider2origin": [
                [
                    1.0,
                    0.0,
                    0.0,
                    -0.26
                ],
                [
                    0.0,
                    1.0,
                    0.0,
                    -0.4608599999999999
                ],
                [
                    0.0,
                    0.0,
                    1.0,
                    -1.143
                ],
                [
                    0.0,
                    0.0,
                    0.0,
                    1.0
                ]
            ],
            "size": [
                1.48,
                0.272,
                0.945
            ]
        },
        "collider2": {
            "type": "Cylinder",
            "collider2origin": [
                [
                    0.6361307554334956,
                    0.08528275225177445,
                    -0.7668536458542606,
                    0.47306293073489314
                ],
                [
                    -0.6362192145063805,
                    0.6202764711012683,
                    -0.4587834025888915,
                    -0.4582751781883486
                ],
                [
                    0.4365349620414081,
                    0.7797332566759732,
                    0.4488354657878391,
                    -1.1657070405359267
                ],
                [
                    0.0,
                    0.0,
                    0.0,
                    1.0
                ]
            ],
            "radius": 0.00683,
            "height": 0.01782
        },
        "distance": 0.0
    },
    {
        "case": 8,
        "collider1": {
            "type": "Box",
            "collider2origin": [
                [
                    1.0,
                    0.0,
                    0.0,
                    -0.26
                ],
                [
                    0.0,
                    1.0,
                    0.0,
                    -0.4608599999999999
                ],
                [
                    0.0,
                    0.0,
                    1.0,
                    -1.143
                ],
                [
                    0.0,
                    0.0,
                    0.0,
                    1.0
                ]
            ],
            "size": [
                1.48,
                0.272,
                0.945
            ]
        },
        "collider2": {
            "type": "Cylinder",
            "collider2origin": [
                [
                    0.5350857388286689,
                    0.7275399721137034,
                    -0.42938192914812895,
                    0.47823916076840434
                ],
                [
                    -0.5798325386992934,
                    0.6859281675739699,
                    0.43965529223944094,
                    -0.523420708358258
                ],
                [
                    0.6143919589054772,
                    0.013716337171683938,
                    0.7888817293656146,
                    -1.1904929869437133
                ],
                [
                    0.0,
                    0.0,
                    0.0,
                    1.0
                ]
            ],
            "radius": 0.00796,
            "height": 0.03037
        },
        "distance": 0.0
    },
    {
        "case": 9,
        "collider1": {
            "type": "Box",
            "collider2origin": [
                [
                    1.0,
                    0.0,
                    0.0,
                    -0.26
                ],
                [
                    0.0,
                    1.0,
                    0.0,
                    -0.4608599999999999
                ],
                [
                    0.0,
                    0.0,
                    1.0,
                    -1.143
                ],
                [
                    0.0,
                    0.0,
                    0.0,
                    1.0
                ]
            ],
            "size": [
                1.48,
                0.272,
                0.945
            ]
        },
        "collider2": {
            "type": "Cylinder",
            "collider2origin": [
                [
                    0.7804811766095252,
                    0.06879553543723049,
                    -0.6213825772115885,
                    0.4508745950805766
                ],
                [
                    -0.6177917266459396,
                    0.23721617150843016,
                    -0.7497078567433527,
                    -0.4230685693010696
                ],
                [
                    0.09582544258201701,
                    0.9690178854277087,
                    0.22764406927300515,
                    -1.170671183554806
                ],
                [
                    0.0,
                    0.0,
                    0.0,
                    1.0
                ]
            ],
            "radius": 0.00783,
            "height": 0.03044
        },
        "distance": 0.0
    },
    {
        "case": 10,
        "collider1": {
            "type": "Box",
            "collider2origin": [
                [
                    1.0,
                    0.0,
                    0.0,
                    -0.26
                ],
                [
                    0.0,
                    1.0,
                    0.0,
                    -0.4608599999999999
                ],
                [
                    0.0,
                    0.0,
                    1.0,
                    -1.143
                ],
                [
                    0.0,
                    0.0,
                    0.0,
                    1.0
                ]
            ],
            "size": [
                1.48,
                0.272,
                0.945
            ]
        },
        "collider2": {
            "type": "Cylinder",
            "collider2origin": [
                [
                    0.7816253402952168,
                    -0.18243662342662315,
                    -0.5964718818528489,
                    0.46724037193247714
                ],
                [
                    -0.6152695122804498,
                    -0.0683700302908776,
                    -0.7853463988688059,
                    -0.4028066262912068
                ],
                [
                    0.10249514459994685,
                    0.9808376101020582,
                    -0.16568744050989218,
                    -1.1709698698431756
                ],
                [
                    0.0,
                    0.0,
                    0.0,
                    1.0
                ]
            ],
            "radius": 0.0076,
            "height": 0.02993
        },
        "distance": 0.0
    },
    {
        "case": 11,
        "collider1": {
            "type": "Box",
            "collider2origin": [
                [
                    1.0,
                    0.0,
                    0.0,
                    -0.26
                ],
                [
                    0.0,
                    1.0,
                    0.0,
                    -0.4608599999999999
                ],
                [
                    0.0,
                    0.0,
                    1.0,
                    -1.143
                ],
                [
                    0.0,
                    0.0,
                    0.0,
                    1.0
                ]
            ],
            "size": [
                1.48,
                0.272,
                0.945
            ]
        },
        "collider2": {
            "type": "Box",
            "collider2origin": [
                [
                    0.7649658239069659,
                    0.4606484377886091,
                    0.4501447600686366,
                    0.4206065140068528
                ],
                [
                    -0.47606408861529664,
                    -0.06634387161639668,
                    0.8769044840972325,
                    -0.4571157765561761
                ],
                [
                    0.4338090268600038,
                    -0.8850997161121795,
                    0.1685473842956795,
                    -1.0981134587194137
                ],
                [
                    0.0,
                    0.0,
                    0.0,
                    1.0
                ]
            ],
            "size": [
                0.06241,
                0.05638,
                0.02858
            ]
        },
        "distance": 0.0
    },
    {
        "case": 12,
        "collider1": {
            "type": "Box",
            "collider2origin": [
                [
                    1.0,
                    0.0,
                    0.0,
                    -0.26
                ],
                [
                    0.0,
                    1.0,
                    0.0,
                    -0.4608599999999999
                ],
                [
                    0.0,
                    0.0,
                    1.0,
                    -1.143
                ],
                [
                    0.0,
                    0.0,
                    0.0,
                    1.0
                ]
            ],
            "size": [
                1.48,
                0.272,
                0.945
            ]
        },
        "collider2": {
            "type": "Box",
            "collider2origin": [
                [
                    0.6536588326263496,
                    0.4606478132009788,
                    0.6004446042081768,
                    0.4439829082609156
                ],
                [
                    -0.6492419675753782,
                    -0.0663491238735167,
                    0.7576824277360985,
                    -0.4633705052723005
                ],
                [
                    0.3888637268612356,
                    -0.8850996474716124,
                    0.25570220174495484,
                    -1.143333125462616
                ],
                [
                    0.0,
                    0.0,
                    0.0,
                    1.0
                ]
            ],
            "size": [
                0.07264,
                0.04753,
                0.03326
            ]
        },
        "distance": 0.0
    },
    {
        "case": 13,
        "collider1": {
            "type": "Box",
            "collider2origin": [
                [
                    1.0,
                    0.0,
                    0.0,
                    0.5199999999999999
                ],
                [
                    0.0,
                    1.0,
                    0.0,
                    -0.43085999999999997
                ],
                [
                    0.0,
                    0.0,
                    1.0,
                    -0.80301
                ],
                [
                    0.0,
                    0.0,
                    0.0,
                    1.0
                ]
            ],
            "size": [
                0.2,
                0.08,
                0.04
            ]
        },
        "collider2": {
            "type": "Box",
            "collider2origin": [
                [
                    -0.6696673456763359,
                    0.455719385927583,
                    -0.5864004497138432,
                    0.3540729661992087
                ],
                [
                    0.34285650552194447,
                    0.8901234977509334,
                    0.3002158812803299,
                    -0.6151526672756464
                ],
                [
                    0.6587830164447865,
                    -6.436678504524041e-06,
                    -0.7523329962207408,
                    -0.8172687895012696
                ],
                [
                    0.0,
                    0.0,
                    0.0,
                    1.0
                ]
            ],
            "size": [
                0.1202,
                0.13634,
                0.67816
            ]
        },
        "distance": 0.0903123005421197
    },
    {
        "case": 14,
        "collider1": {
            "type": "Cylinder",
            "collider2origin": [
                [
                    1.0,
                    0.0,
                    0.0,
                    0.4849999999999999
                ],
                [
                    0.0,
                    -3.673205103346574e-06,
                    -0.9999999999932537,
                    -0.46086
                ],
                [
                    0.0,
                    0.9999999999932537,
                    -3.673205103346574e-06,
                    -0.70001
                ],
                [
                    0.0,
                    0.0,
                    0.0,
                    1.0
                ]
            ],
            "radius": 0.026,
            "height": 0.272
        },
        "collider2": {
            "type": "Box",
            "collider2origin": [
                [
                    -0.6696673456763359,
                    0.455719385927583,
                    -0.5864004497138432,
                    0.3540729661992087
                ],
                [
                    0.34285650552194447,
                    0.8901234977509334,
                    0.3002158812803299,
                    -0.6151526672756464
                ],
                [
                    0.6587830164447865,
                    -6.436678504524041e-06,
                    -0.7523329962207408,
                    -0.8172687895012696
                ],
                [
                    0.0,
                    0.0,
                    0.0,
                    1.0
                ]
            ],
            "size": [
                0.1202,
                0.13634,
                0.67816
            ]
        },
        "distance": 0.0
    },
    {
        "case": 15,
        "collider1": {
            "type": "Box",
            "collider2origin": [
                [
                    1.0,
                    0.0,
                    0.0,
                    -0.26
                ],
                [
                    0.0,
                    1.0,
                    0.0,
                    -0.4608599999999999
                ],
                [
                    0.0,
                    0.0,
                    1.0,
                    -1.143
                ],
                [
                    0.0,
                    0.0,
                    0.0,
                    1.0
                ]
            ],
            "size": [
                1.48,
                0.272,
                0.945
            ]
        },
        "collider2": {
            "type": "Box",
            "collider2origin": [
                [
                    -0.6696673456763359,
                    0.455719385927583,
                    -0.5864004497138432,
                    0.3540729661992087
                ],
                [
                    0.34285650552194447,
                    0.8901234977509334,
                    0.3002158812803299,
                    -0.6151526672756464
                ],
                [
                    0.6587830164447865,
                    -6.436678504524041e-06,
                    -0.7523329962207408,
                    -0.8172687895012696
                ],
                [
                    0.0,
                    0.0,
                    0.0,
                    1.0
                ]
            ],
            "size": [
                0.1202,
                0.13634,
                0.67816
            ]
        },
        "distance": 0.0
    },
    {
        "case": 16,
        "collider1": {
            "type": "Box",
            "collider2origin": [
                [
                    1.0,
                    0.0,
                    0.0,
                    -0.26
                ],
                [
                    0.0,
                    1.0,
                    0.0,
                    -0.4608599999999999
                ],
                [
                    0.0,
                    0.0,
                    1.0,
                    -1.143
                ],
                [
                    0.0,
                    0.0,
                    0.0,
                    1.0
                ]
            ],
            "size": [
                1.48,
                0.272,
                0.945
            ]
        },
        "collider2": {
            "type": "Cylinder",
            "collider2origin": [
                [
                    0.5350857388286689,
                    0.8447115033192861,
                    -0.012071796148404966,
                    0.47075326853918686
                ],
                [
                    -0.5798325386992934,
                    0.3776144502113659,
                    0.7219429022139493,
                    -0.5080882268640927
                ],
                [
                    0.6143919589054772,
                    -0.37930173101587467,
                    0.6918473225218489,
                    -1.1694977010736989
                ],
                [
                    0.0,
                    0.0,
                    0.0,
                    1.0
                ]
            ],
            "radius": 0.00713,
            "height": 0.01426
        },
        "distance": 0.0
    },
    {
        "case": 17,
        "collider1": {
            "type": "Box",
            "collider2origin": [
                [
                    1.0,
                    0.0,
                    0.0,
                    -0.26
                ],
                [
                    0.0,
                    1.0,
                    0.0,
                    -0.4608599999999999
                ],
                [
                    0.0,
                    0.0,
                    1.0,
                    -1.143
                ],
                [
                    0.0,
                    0.0,
                    0.0,
                    1.0
                ]
            ],
            "size": [
                1.48,
                0.272,
                0.945
            ]
        },
        "collider2": {
            "type": "Cylinder",
            "collider2origin": [
                [
                    0.6361307554334956,
                    0.08528275225177445,
                    -0.7668536458542606,
                    0.4855775481932526
                ],
                [
                    -0.6362192145063805,
                    0.6202764711012683,
                    -0.4587834025888915,
                    -0.45079104880868415
                ],
                [
                    0.4365349620414081,
                    0.7797332566759732,
                    0.4488354657878391,
                    -1.173036089403233
                ],
                [
                    0.0,
                    0.0,
                    0.0,
                    1.0
                ]
            ],
            "radius": 0.00683,
            "height": 0.01183
        },
        "distance": 0.0
    },
    {
        "case": 18,
        "collider1": {
            "type": "Box",
            "collider2origin": [
                [
                    1.0,
                    0.0,
                    0.0,
                    -0.26
                ],
                [
                    0.0,
                    1.0,
                    0.0,
                    -0.4608599999999999
                ],
                [
                    0.0,
                    0.0,
                    1.0,
                    -1.143
                ],
                [
                    0.0,
                    0.0,
                    0.0,
                    1.0
                ]
            ],
            "size": [
                1.48,
                0.272,
                0.945
            ]
        },
        "collider2": {
            "type": "Sphere",
            "collider2origin": [
                [
                    1.0,
                    0.0,
                    0.0,
                    0.4748672531407615
                ],
                [
                    0.0,
                    1.0,
                    0.0,
                    -0.39099742659525416
                ],
                [
                    0.0,
                    0.0,
                    1.0,
                    -1.1674083834153155
                ],
                [
                    0.0,
                    0.0,
                    0.0,
                    1.0
                ]
            ],
            "radius": 0.00484
        },
        "distance": 0.0
    },
    {
        "case": 19,
        "collider1": {
            "type": "Box",
            "collider2origin": [
                [
                    1.0,
                    0.0,
                    0.0,
                    -0.26
                ],
                [
                    0.0,
                    1.0,
                    0.0,
                    -0.4608599999999999
                ],
                [
                    0.0,
                    0.0,
                    1.0,
                    -1.143
                ],
                [
                    0.0,
                    0.0,
                    0.0,
                    1.0
                ]
            ],
            "size": [
                1.48,
                0.272,
                0.945
            ]
        },
        "collider2": {
            "type": "Cylinder",
            "collider2origin": [
                [
                    0.5135432812348162,
                    0.8575366331209088,
                    -0.030070270272052096,
                    0.4706246456184725
                ],
                [
                    -0.5744148416870376,
                    0.3696043883556078,
                    0.7303698965304719,
                    -0.4969937972917353
                ],
                [
                    0.6374330458551969,
                    -0.3578037436415845,
                    0.6823896197099084,
                    -1.1586940328010464
                ],
                [
                    0.0,
                    0.0,
                    0.0,
                    1.0
                ]
            ],
            "radius": 0.00713,
            "height": 0.01697
        },
        "distance": 0.0
    },
    {
        "case": 20,
        "collider1": {
            "type": "Cylinder",
            "collider2origin": [
                [
                    1.0,
                    0.0,
                    0.0,
                    0.4849999999999999
                ],
                [
                    0.0,
                    -3.673205103346574e-06,
                    -0.9999999999932537,
                    -0.46086
                ],
                [
                    0.0,
                    0.9999999999932537,
                    -3.673205103346574e-06,
                    -0.70001
                ],
                [
                    0.0,
                    0.0,
                    0.0,
                    1.0
                ]
            ],
            "radius": 0.026,
            "height": 0.272
        },
        "collider2": {
            "type": "Box",
            "collider2origin": [
                [
                    -0.33972647117941335,
                    0.45571851779177536,
                    -0.8227433119276331,
                    0.8327774264483317
                ],
                [
                    0.1739357043558521,
                    0.890123942221481,
                    0.421219346937345,
                    -0.7183010906594511
                ],
                [
                    0.9243009767008886,
                    -5.075136678148259e-06,
                    -0.38166438718332907,
                    -0.48727991914424695
                ],
                [
                    0.0,
                    0.0,
                    0.0,
                    1.0
                ]
            ],
            "size": [
                0.15068,
                0.17726,
                0.74884
            ]
        },
        "distance": 0.020475629473348283
    },
    {
        "case": 21,
        "collider1": {
            "type": "Box",
            "collider2origin": [
                [
                    1.0,
                    0.0,
                    0.0,
                    -0.26
                ],
                [
                    0.0,
                    1.0,
                    0.0,
                    -0.4608599999999999
                ],
                [
                    0.0,
                    0.0,
                    1.0,
                    -1.143
                ],
                [
                    0.0,
                    0.0,
                    0.0,
                    1.0
                ]
            ],
            "size": [
                1.48,
                0.272,
                0.945
            ]
        },
        "collider2": {
            "type": "Box",
            "collider2origin": [
                [
                    -0.33972647117941335,
                    0.45571851779177536,
                    -0.8227433119276331,
                    0.8327774264483317
                ],
                [
                    0.1739357043558521,
                    0.890123942221481,
                    0.421219346937345,
                    -0.7183010906594511
                ],
                [
                    0.9243009767008886,
                    -5.075136678148259e-06,
                    -0.38166438718332907,
                    -0.48727991914424695
                ],
                [
                    0.0,
                    0.0,
                    0.0,
                    1.0
                ]
            ],
            "size": [
                0.15068,
                0.17726,
                0.74884
            ]
        },
        "distance": 0.03690718498783142
    },
    {
        "case": 22,
        "collider1": {
            "type": "Cylinder",
            "collider2origin": [
                [
                    1.0,
                    0.0,
                    0.0,
                    0.4849999999999999
                ],
                [
                    0.0,
                    -3.673205103346574e-06,
                    -0.9999999999932537,
                    -0.46086
                ],
                [
                    0.0,
                    0.9999999999932537,
                    -3.673205103346574e-06,
                    -0.70001
                ],
                [
                    0.0,
                    0.0,
                    0.0,
                    1.0
                ]
            ],
            "radius": 0.026,
            "height": 0.272
        },
        "collider2": {
            "type": "Box",
            "collider2origin": [
                [
                    -0.33972647117941335,
                    0.45571851779177536,
                    -0.8227433119276331,
                    0.8327774264483317
                ],
                [
                    0.1739357043558521,
                    0.890123942221481,
                    0.421219346937345,
                    -0.7183010906594511
                ],
                [
                    0.9243009767008886,
                    -5.075136678148259e-06,
                    -0.38166438718332907,
                    -0.48727991914424695
                ],
                [
                    0.0,
                    0.0,
                    0.0,
                    1.0
                ]
            ],
            "size": [
                0.15068,
                0.17726,
                0.74884
            ]
        },
        "distance": 0.020475629473348283
    },
    {
        "case": 23,
        "collider1": {
            "type": "Box",
            "collider2origin": [
                [
                    1.0,
                    0.0,
                    0.0,
                    -0.26
                ],
                [
                    0.0,
                    1.0,
                    0.0,
                    -0.4608599999999999
                ],
                [
                    0.0,
                    0.0,
                    1.0,
                    -1.143
                ],
                [
                    0.0,
                    0.0,
                    0.0,
                    1.0
                ]
            ],
            "size": [
                1.48,
                0.272,
                0.945
            ]
        },
        "collider2": {
            "type": "Box",
            "collider2origin": [
                [
                    -0.33972647117941335,
                    0.45571851779177536,
                    -0.8227433119276331,
                    0.8327774264483317
                ],
                [
                    0.1739357043558521,
                    0.890123942221481,
                    0.421219346937345,
                    -0.7183010906594511
                ],
                [
                    0.9243009767008886,
                    -5.075136678148259e-06,
                    -0.38166438718332907,
                    -0.48727991914424695
                ],
                [
                    0.0,
                    0.0,
                    0.0,
                    1.0
                ]
            ],
            "size": [
                0.15068,
                0.17726,
                0.74884
            ]
        },
        "distance": 0.03690718498783142
    }
]