[
    {
        "case": 0,
        "collider1": {
            "type": "Box",
            "collider2origin": [
                [
                    1.0,
                    0.0,
                    0.0,
                    0.0
                ],
                [
                    0.0,
                    1.0,
                    0.0,
                    -0.37086
                ],
                [
                    0.0,
                    0.0,
                    1.0,
                    0.39699
                ],
                [
                    0.0,
                    0.0,
                    0.0,
                    1.0
                ]
            ],
            "size": [
                0.6,
                1.6,
                0.1
            ]
        },
        "collider2": {
            "type": "Box",
            "collider2origin": [
                [
                    -0.033038681983619964,
                    -0.9838875344848321,
                    -0.17570931955403835,
                    0.32152231667375397
                ],
                [
                    0.884643208742252,
                    0.053023163726783624,
                    -0.46324392854587393,
                    -0.7939686145191184
                ],
                [
                    0.46509659074110327,
                    -0.17074502509227218,
                    0.8686376101040303,
                    0.2957173668057038
                ],
                [
                    0.0,
                    0.0,
                    0.0,
                    1.0
                ]
            ],
            "size": [
                0.08993,
                0.0305,
                0.09007
            ]
        },
        "distance": 0.0
    }
]