[
    {
        "case": 0,
        "collider1": {
            "type": "Box",
            "collider2origin": [
                [
                    1.0,
                    0.0,
                    0.0,
                    1.2009999999999998
                ],
                [
                    0.0,
                    1.0,
                    0.0,
                    0.02914
                ],
                [
                    0.0,
                    0.0,
                    1.0,
                    -1.22801
                ],
                [
                    0.0,
                    0.0,
                    0.0,
                    1.0
                ]
            ],
            "size": [
                0.41,
                0.6,
                0.82
            ]
        },
        "collider2": {
            "type": "Box",
            "collider2origin": [
                [
                    0.07944511065776381,
                    0.7843198312013079,
                    0.6152486300488016,
                    1.4285452345955114
                ],
                [
                    0.10043619899219015,
                    -0.6203566735090245,
                    0.7778625634164551,
                    -0.5358860226500703
                ],
                [
                    0.99176662795467,
                    -4.143589898280389e-06,
                    -0.12805840721426226,
                    -0.9094604680658179
                ],
                [
                    0.0,
                    0.0,
                    0.0,
                    1.0
                ]
            ],
            "size": [
                0.1202,
                0.13634,
                0.67816
            ]
        },
        "distance": 0.11392298157141016
    },
    {
        "case": 1,
        "collider1": {
            "type": "Box",
            "collider2origin": [
                [
                    1.0,
                    0.0,
                    0.0,
                    1.28
                ],
                [
                    0.0,
                    1.0,
                    0.0,
                    -0.23086
                ],
                [
                    0.0,
                    0.0,
                    1.0,
                    -0.67301
                ],
                [
                    0.0,
                    0.0,
                    0.0,
                    1.0
                ]
            ],
            "size": [
                0.06,
                0.06,
                0.33
            ]
        },
        "collider2": {
            "type": "Box",
            "collider2origin": [
                [
                    0.07944511065776381,
                    0.7843198312013079,
                    0.6152486300488016,
                    1.4285452345955114
                ],
                [
                    0.10043619899219015,
                    -0.6203566735090245,
                    0.7778625634164551,
                    -0.5358860226500703
                ],
                [
                    0.99176662795467,
                    -4.143589898280389e-06,
                    -0.12805840721426226,
                    -0.9094604680658179
                ],
                [
                    0.0,
                    0.0,
                    0.0,
                    1.0
                ]
            ],
            "size": [
                0.1202,
                0.13634,
                0.67816
            ]
        },
        "distance": 0.1975570868247912
    }
]