[
    {
        "case": 0,
        "collider1": {
            "type": "Box",
            "collider2origin": [
                [
                    1.0,
                    0.0,
                    0.0,
                    1.2009999999999998
                ],
                [
                    0.0,
                    1.0,
                    0.0,
                    0.02914
                ],
                [
                    0.0,
                    0.0,
                    1.0,
                    -1.22801
                ],
                [
                    0.0,
                    0.0,
                    0.0,
                    1.0
                ]
            ],
            "size": [
                0.41,
                0.6,
                0.82
            ]
        },
        "collider2": {
            "type": "Box",
            "collider2origin": [
                [
                    -0.9597103131851197,
                    -0.12045790633332024,
                    0.2538621822326285,
                    1.3936102254036242
                ],
                [
                    0.13596703205590838,
                    0.5915622331761997,
                    0.7947119544045472,
                    -0.30433037541653474
                ],
                [
                    -0.24590461760614996,
                    0.7972101461229535,
                    -0.5513500720582091,
                    -0.9536485620721329
                ],
                [
                    0.0,
                    0.0,
                    0.0,
                    1.0
                ]
            ],
            "size": [
                0.09126,
                0.11887,
                0.10009
            ]
        },
        "distance": 0.0
    },
    {
        "case": 1,
        "collider1": {
            "type": "Box",
            "collider2origin": [
                [
                    1.0,
                    0.0,
                    0.0,
                    1.2009999999999998
                ],
                [
                    0.0,
                    1.0,
                    0.0,
                    0.02914
                ],
                [
                    0.0,
                    0.0,
                    1.0,
                    -1.22801
                ],
                [
                    0.0,
                    0.0,
                    0.0,
                    1.0
                ]
            ],
            "size": [
                0.41,
                0.6,
                0.82
            ]
        },
        "collider2": {
            "type": "Cylinder",
            "collider2origin": [
                [
                    0.6754128375091022,
                    0.679153231190529,
                    -0.2873471550083044,
                    1.407252247669013
                ],
                [
                    0.46438675536051305,
                    -0.694399221469326,
                    -0.5496859673200045,
                    -0.1530457305367503
                ],
                [
                    -0.5728546415746648,
                    0.23782474595015918,
                    -0.7843959139618873,
                    -0.7986377867653106
                ],
                [
                    0.0,
                    0.0,
                    0.0,
                    1.0
                ]
            ],
            "radius": 0.01271,
            "height": 0.05982
        },
        "distance": 0.0
    },
    {
        "case": 2,
        "collider1": {
            "type": "Box",
            "collider2origin": [
                [
                    1.0,
                    0.0,
                    0.0,
                    1.2009999999999998
                ],
                [
                    0.0,
                    1.0,
                    0.0,
                    0.02914
                ],
                [
                    0.0,
                    0.0,
                    1.0,
                    -1.22801
                ],
                [
                    0.0,
                    0.0,
                    0.0,
                    1.0
                ]
            ],
            "size": [
                0.41,
                0.6,
                0.82
            ]
        },
        "collider2": {
            "type": "Box",
            "collider2origin": [
                [
                    -0.9923978300017418,
                    -0.12045874616918259,
                    0.025223748317450848,
                    1.3856411649761207
                ],
                [
                    -0.05135366070085512,
                    0.5915622695785598,
                    0.8046221987639197,
                    -0.2563987050111055
                ],
                [
                    -0.11184519900494218,
                    0.7972099922118461,
                    -0.5932511102198909,
                    -0.8967432387616792
                ],
                [
                    0.0,
                    0.0,
                    0.0,
                    1.0
                ]
            ],
            "size": [
                0.08993,
                0.0305,
                0.09007
            ]
        },
        "distance": 0.0
    },
    {
        "case": 3,
        "collider1": {
            "type": "Box",
            "collider2origin": [
                [
                    1.0,
                    0.0,
                    0.0,
                    1.2009999999999998
                ],
                [
                    0.0,
                    1.0,
                    0.0,
                    0.02914
                ],
                [
                    0.0,
                    0.0,
                    1.0,
                    -1.22801
                ],
                [
                    0.0,
                    0.0,
                    0.0,
                    1.0
                ]
            ],
            "size": [
                0.41,
                0.6,
                0.82
            ]
        },
        "collider2": {
            "type": "Box",
            "collider2origin": [
                [
                    -0.004576997860561374,
                    -0.3735112763736095,
                    0.927614347405397,
                    1.3486966743499176
                ],
                [
                    0.8297190960622712,
                    0.5163518191953872,
                    0.21200712356716214,
                    -0.17955864986787629
                ],
                [
                    -0.5581624071183875,
                    0.7706296939745904,
                    0.3075460974300222,
                    -0.7931522854095585
                ],
                [
                    0.0,
                    0.0,
                    0.0,
                    1.0
                ]
            ],
            "size": [
                0.07264,
                0.04753,
                0.03326
            ]
        },
        "distance": 0.0
    },
    {
        "case": 4,
        "collider1": {
            "type": "Box",
            "collider2origin": [
                [
                    1.0,
                    0.0,
                    0.0,
                    1.2009999999999998
                ],
                [
                    0.0,
                    1.0,
                    0.0,
                    0.02914
                ],
                [
                    0.0,
                    0.0,
                    1.0,
                    -1.22801
                ],
                [
                    0.0,
                    0.0,
                    0.0,
                    1.0
                ]
            ],
            "size": [
                0.41,
                0.6,
                0.82
            ]
        },
        "collider2": {
            "type": "Box",
            "collider2origin": [
                [
                    0.1898962758583217,
                    -0.37350723942384495,
                    0.9079822390956324,
                    1.3699328154638593
                ],
                [
                    0.8557244319781446,
                    0.5163502259377489,
                    0.03343861076236558,
                    -0.206976838499065
                ],
                [
                    -0.48132639750051276,
                    0.7706327181427051,
                    0.41767225523987617,
                    -0.830936739127633
                ],
                [
                    0.0,
                    0.0,
                    0.0,
                    1.0
                ]
            ],
            "size": [
                0.06241,
                0.05638,
                0.02858
            ]
        },
        "distance": 0.0
    }
]