[
    {
        "case": 0,
        "collider1": {
            "type": "Box",
            "collider2origin": [
                [
                    1.0,
                    0.0,
                    0.0,
                    0.5199999999999999
                ],
                [
                    0.0,
                    1.0,
                    0.0,
                    -0.43085999999999997
                ],
                [
                    0.0,
                    0.0,
                    1.0,
                    -0.80301
                ],
                [
                    0.0,
                    0.0,
                    0.0,
                    1.0
                ]
            ],
            "size": [
                0.2,
                0.08,
                0.04
            ]
        },
        "collider2": {
            "type": "Box",
            "collider2origin": [
                [
                    -0.5160291097863563,
                    0.22973990962477012,
                    -0.8251869677707611,
                    0.3607172342055598
                ],
                [
                    -0.7672425976576402,
                    0.304369945711476,
                    0.564533198746672,
                    -0.363072290708366
                ],
                [
                    0.38085791864244684,
                    0.9244341566997594,
                    0.019202492914925602,
                    -0.7282985939320092
                ],
                [
                    0.0,
                    0.0,
                    0.0,
                    1.0
                ]
            ],
            "size": [
                0.09126,
                0.11887,
                0.10009
            ]
        },
        "distance": 0.01561204554661319
    },
    {
        "case": 1,
        "collider1": {
            "type": "Box",
            "collider2origin": [
                [
                    1.0,
                    0.0,
                    0.0,
                    0.246
                ],
                [
                    0.0,
                    1.0,
                    0.0,
                    -0.24786000000000002
                ],
                [
                    0.0,
                    0.0,
                    1.0,
                    -0.71801
                ],
                [
                    0.0,
                    0.0,
                    0.0,
                    1.0
                ]
            ],
            "size": [
                0.12,
                0.16,
                0.08
            ]
        },
        "collider2": {
            "type": "Box",
            "collider2origin": [
                [
                    -0.5160291097863563,
                    0.22973990962477012,
                    -0.8251869677707611,
                    0.3607172342055598
                ],
                [
                    -0.7672425976576402,
                    0.304369945711476,
                    0.564533198746672,
                    -0.363072290708366
                ],
                [
                    0.38085791864244684,
                    0.9244341566997594,
                    0.019202492914925602,
                    -0.7282985939320092
                ],
                [
                    0.0,
                    0.0,
                    0.0,
                    1.0
                ]
            ],
            "size": [
                0.09126,
                0.11887,
                0.10009
            ]
        },
        "distance": 0.01441492262316692
    },
    {
        "case": 2,
        "collider1": {
            "type": "Box",
            "collider2origin": [
                [
                    1.0,
                    0.0,
                    0.0,
                    -0.26
                ],
                [
                    0.0,
                    1.0,
                    0.0,
                    -0.4608599999999999
                ],
                [
                    0.0,
                    0.0,
                    1.0,
                    -1.143
                ],
                [
                    0.0,
                    0.0,
                    0.0,
                    1.0
                ]
            ],
            "size": [
                1.48,
                0.272,
                0.945
            ]
        },
        "collider2": {
            "type": "Box",
            "collider2origin": [
                [
                    -0.5160291097863563,
                    0.22973990962477012,
                    -0.8251869677707611,
                    0.3607172342055598
                ],
                [
                    -0.7672425976576402,
                    0.304369945711476,
                    0.564533198746672,
                    -0.363072290708366
                ],
                [
                    0.38085791864244684,
                    0.9244341566997594,
                    0.019202492914925602,
                    -0.7282985939320092
                ],
                [
                    0.0,
                    0.0,
                    0.0,
                    1.0
                ]
            ],
            "size": [
                0.09126,
                0.11887,
                0.10009
            ]
        },
        "distance": 0.0
    },
    {
        "case": 3,
        "collider1": {
            "type": "Box",
            "collider2origin": [
                [
                    1.0,
                    0.0,
                    0.0,
                    -0.26
                ],
                [
                    0.0,
                    1.0,
                    0.0,
                    -0.4608599999999999
                ],
                [
                    0.0,
                    0.0,
                    1.0,
                    -1.143
                ],
                [
                    0.0,
                    0.0,
                    0.0,
                    1.0
                ]
            ],
            "size": [
                1.48,
                0.272,
                0.945
            ]
        },
        "collider2": {
            "type": "Box",
            "collider2origin": [
                [
                    0.06850178135279753,
                    0.2297465067883571,
                    0.9708367775120804,
                    0.375729266672184
                ],
                [
                    0.9424283931323023,
                    0.3043673632337646,
                    -0.13852520354142062,
                    -0.3383138874763403
                ],
                [
                    -0.3273167117175046,
                    0.9244333674292984,
                    -0.19566992465314417,
                    -0.6593965314165922
                ],
                [
                    0.0,
                    0.0,
                    0.0,
                    1.0
                ]
            ],
            "size": [
                0.08993,
                0.0305,
                0.09007
            ]
        },
        "distance": 0.0
    },
    {
        "case": 4,
        "collider1": {
            "type": "Cylinder",
            "collider2origin": [
                [
                    1.0,
                    0.0,
                    0.0,
                    0.4849999999999999
                ],
                [
                    0.0,
                    -3.673205103346574e-06,
                    -0.9999999999932537,
                    -0.46086
                ],
                [
                    0.0,
                    0.9999999999932537,
                    -3.673205103346574e-06,
                    -0.70001
                ],
                [
                    0.0,
                    0.0,
                    0.0,
                    1.0
                ]
            ],
            "radius": 0.026,
            "height": 0.272
        },
        "collider2": {
            "type": "Box",
            "collider2origin": [
                [
                    0.015850603715571416,
                    0.5646372522099024,
                    -0.8251869677707611,
                    0.44823031933978064
                ],
                [
                    -0.010839469958393529,
                    0.8253391868825033,
                    0.564533198746672,
                    -0.4287060896692175
                ],
                [
                    0.9998156151275459,
                    -3.602670408398797e-06,
                    0.019202492914925602,
                    -0.7326141557088176
                ],
                [
                    0.0,
                    0.0,
                    0.0,
                    1.0
                ]
            ],
            "size": [
                0.09102,
                0.10007,
                0.11882
            ]
        },
        "distance": 0.0
    },
    {
        "case": 5,
        "collider1": {
            "type": "Box",
            "collider2origin": [
                [
                    1.0,
                    0.0,
                    0.0,
                    -0.26
                ],
                [
                    0.0,
                    1.0,
                    0.0,
                    -0.4608599999999999
                ],
                [
                    0.0,
                    0.0,
                    1.0,
                    -1.143
                ],
                [
                    0.0,
                    0.0,
                    0.0,
                    1.0
                ]
            ],
            "size": [
                1.48,
                0.272,
                0.945
            ]
        },
        "collider2": {
            "type": "Box",
            "collider2origin": [
                [
                    0.015850603715571416,
                    0.5646372522099024,
                    -0.8251869677707611,
                    0.44823031933978064
                ],
                [
                    -0.010839469958393529,
                    0.8253391868825033,
                    0.564533198746672,
                    -0.4287060896692175
                ],
                [
                    0.9998156151275459,
                    -3.602670408398797e-06,
                    0.019202492914925602,
                    -0.7326141557088176
                ],
                [
                    0.0,
                    0.0,
                    0.0,
                    1.0
                ]
            ],
            "size": [
                0.09102,
                0.10007,
                0.11882
            ]
        },
        "distance": 0.0
    },
    {
        "case": 6,
        "collider1": {
            "type": "Box",
            "collider2origin": [
                [
                    1.0,
                    0.0,
                    0.0,
                    0.5199999999999999
                ],
                [
                    0.0,
                    1.0,
                    0.0,
                    -0.43085999999999997
                ],
                [
                    0.0,
                    0.0,
                    1.0,
                    -0.80301
                ],
                [
                    0.0,
                    0.0,
                    0.0,
                    1.0
                ]
            ],
            "size": [
                0.2,
                0.08,
                0.04
            ]
        },
        "collider2": {
            "type": "Box",
            "collider2origin": [
                [
                    -0.7783096664429782,
                    0.5646392745525671,
                    -0.27462074348848914,
                    0.4674857722188951
                ],
                [
                    0.532468739980603,
                    0.8253378033155953,
                    0.1878684416331195,
                    -0.5772894876361279
                ],
                [
                    0.33273278177073107,
                    -7.137115216869469e-06,
                    -0.9430211534659083,
                    -0.45720985992119245
                ],
                [
                    0.0,
                    0.0,
                    0.0,
                    1.0
                ]
            ],
            "size": [
                0.1202,
                0.13634,
                0.67816
            ]
        },
        "distance": 0.0
    },
    {
        "case": 7,
        "collider1": {
            "type": "Cylinder",
            "collider2origin": [
                [
                    1.0,
                    0.0,
                    0.0,
                    0.4849999999999999
                ],
                [
                    0.0,
                    -3.673205103346574e-06,
                    -0.9999999999932537,
                    -0.46086
                ],
                [
                    0.0,
                    0.9999999999932537,
                    -3.673205103346574e-06,
                    -0.70001
                ],
                [
                    0.0,
                    0.0,
                    0.0,
                    1.0
                ]
            ],
            "radius": 0.026,
            "height": 0.272
        },
        "collider2": {
            "type": "Box",
            "collider2origin": [
                [
                    -0.7783096664429782,
                    0.5646392745525671,
                    -0.27462074348848914,
                    0.4674857722188951
                ],
                [
                    0.532468739980603,
                    0.8253378033155953,
                    0.1878684416331195,
                    -0.5772894876361279
                ],
                [
                    0.33273278177073107,
                    -7.137115216869469e-06,
                    -0.9430211534659083,
                    -0.45720985992119245
                ],
                [
                    0.0,
                    0.0,
                    0.0,
                    1.0
                ]
            ],
            "size": [
                0.1202,
                0.13634,
                0.67816
            ]
        },
        "distance": 0.0
    },
    {
        "case": 8,
        "collider1": {
            "type": "Box",
            "collider2origin": [
                [
                    1.0,
                    0.0,
                    0.0,
                    -0.26
                ],
                [
                    0.0,
                    1.0,
                    0.0,
                    -0.4608599999999999
                ],
                [
                    0.0,
                    0.0,
                    1.0,
                    -1.143
                ],
                [
                    0.0,
                    0.0,
                    0.0,
                    1.0
                ]
            ],
            "size": [
                1.48,
                0.272,
                0.945
            ]
        },
        "collider2": {
            "type": "Box",
            "collider2origin": [
                [
                    -0.7783096664429782,
                    0.5646392745525671,
                    -0.27462074348848914,
                    0.4674857722188951
                ],
                [
                    0.532468739980603,
                    0.8253378033155953,
                    0.1878684416331195,
                    -0.5772894876361279
                ],
                [
                    0.33273278177073107,
                    -7.137115216869469e-06,
                    -0.9430211534659083,
                    -0.45720985992119245
                ],
                [
                    0.0,
                    0.0,
                    0.0,
                    1.0
                ]
            ],
            "size": [
                0.1202,
                0.13634,
                0.67816
            ]
        },
        "distance": 0.0
    }
]