[
    {
        "case": 0,
        "collider1": {
            "type": "Box",
            "collider2origin": [
                [
                    1.0,
                    0.0,
                    0.0,
                    1.2009999999999998
                ],
                [
                    0.0,
                    1.0,
                    0.0,
                    0.02914
                ],
                [
                    0.0,
                    0.0,
                    1.0,
                    -1.22801
                ],
                [
                    0.0,
                    0.0,
                    0.0,
                    1.0
                ]
            ],
            "size": [
                0.41,
                0.6,
                0.82
            ]
        },
        "collider2": {
            "type": "Box",
            "collider2origin": [
                [
                    -0.04953140754647874,
                    -0.7895031212532239,
                    0.6117446045515086,
                    1.3954274282402226
                ],
                [
                    -0.06372200037546248,
                    0.6137465450132155,
                    0.7869273696806398,
                    -0.23070641887983878
                ],
                [
                    -0.996737752036419,
                    -3.969663788067152e-06,
                    -0.0807084484402195,
                    -1.1958343320964577
                ],
                [
                    0.0,
                    0.0,
                    0.0,
                    1.0
                ]
            ],
            "size": [
                0.09102,
                0.10007,
                0.11882
            ]
        },
        "distance": 0.0
    },
    {
        "case": 1,
        "collider1": {
            "type": "Box",
            "collider2origin": [
                [
                    1.0,
                    0.0,
                    0.0,
                    1.2009999999999998
                ],
                [
                    0.0,
                    1.0,
                    0.0,
                    0.02914
                ],
                [
                    0.0,
                    0.0,
                    1.0,
                    -1.22801
                ],
                [
                    0.0,
                    0.0,
                    0.0,
                    1.0
                ]
            ],
            "size": [
                0.41,
                0.6,
                0.82
            ]
        },
        "collider2": {
            "type": "Box",
            "collider2origin": [
                [
                    0.01666050754733854,
                    0.7908798684315991,
                    0.6117446045515086,
                    1.4608783686214848
                ],
                [
                    0.08918687832864448,
                    -0.610566143494299,
                    0.7869273696806398,
                    -0.143540064190103
                ],
                [
                    0.9958755586027084,
                    0.04144898223256857,
                    -0.0807084484402195,
                    -1.2047198395251946
                ],
                [
                    0.0,
                    0.0,
                    0.0,
                    1.0
                ]
            ],
            "size": [
                0.09126,
                0.11887,
                0.10009
            ]
        },
        "distance": 0.0
    },
    {
        "case": 2,
        "collider1": {
            "type": "Box",
            "collider2origin": [
                [
                    1.0,
                    0.0,
                    0.0,
                    1.2009999999999998
                ],
                [
                    0.0,
                    1.0,
                    0.0,
                    0.02914
                ],
                [
                    0.0,
                    0.0,
                    1.0,
                    -1.22801
                ],
                [
                    0.0,
                    0.0,
                    0.0,
                    1.0
                ]
            ],
            "size": [
                0.41,
                0.6,
                0.82
            ]
        },
        "collider2": {
            "type": "Box",
            "collider2origin": [
                [
                    -0.45831910537101134,
                    -0.7895038689143102,
                    0.4081999983111846,
                    1.362943989815669
                ],
                [
                    -0.5895748729481509,
                    0.6137455832249773,
                    0.525088400424161,
                    -0.4545866123357072
                ],
                [
                    -0.6650902696928345,
                    -6.416218655182834e-06,
                    -0.7467629698363092,
                    -0.9777893864523265
                ],
                [
                    0.0,
                    0.0,
                    0.0,
                    1.0
                ]
            ],
            "size": [
                0.1202,
                0.13634,
                0.67816
            ]
        },
        "distance": 0.010599165782480244
    },
    {
        "case": 3,
        "collider1": {
            "type": "Box",
            "collider2origin": [
                [
                    1.0,
                    0.0,
                    0.0,
                    1.28
                ],
                [
                    0.0,
                    1.0,
                    0.0,
                    -0.23086
                ],
                [
                    0.0,
                    0.0,
                    1.0,
                    -0.67301
                ],
                [
                    0.0,
                    0.0,
                    0.0,
                    1.0
                ]
            ],
            "size": [
                0.06,
                0.06,
                0.33
            ]
        },
        "collider2": {
            "type": "Box",
            "collider2origin": [
                [
                    -0.45831910537101134,
                    -0.7895038689143102,
                    0.4081999983111846,
                    1.362943989815669
                ],
                [
                    -0.5895748729481509,
                    0.6137455832249773,
                    0.525088400424161,
                    -0.4545866123357072
                ],
                [
                    -0.6650902696928345,
                    -6.416218655182834e-06,
                    -0.7467629698363092,
                    -0.9777893864523265
                ],
                [
                    0.0,
                    0.0,
                    0.0,
                    1.0
                ]
            ],
            "size": [
                0.1202,
                0.13634,
                0.67816
            ]
        },
        "distance": 0.153770430737833
    }
]