[
    {
        "case": 0,
        "collider1": {
            "type": "Box",
            "collider2origin": [
                [
                    1.0,
                    0.0,
                    0.0,
                    1.23
                ],
                [
                    0.0,
                    1.0,
                    0.0,
                    -0.23086
                ],
                [
                    0.0,
                    0.0,
                    1.0,
                    -0.54301
                ],
                [
                    0.0,
                    0.0,
                    0.0,
                    1.0
                ]
            ],
            "size": [
                0.1,
                0.16,
                0.1
            ]
        },
        "collider2": {
            "type": "Box",
            "collider2origin": [
                [
                    -0.11104077819867808,
                    0.9520884833885366,
                    -0.28495168954745315,
                    1.0807127789483815
                ],
                [
                    0.3457078680965807,
                    0.305822693359807,
                    0.887106842585644,
                    -0.6805506888486719
                ],
                [
                    0.9317489015357887,
                    -5.006957886658677e-06,
                    -0.3631032696930464,
                    -0.48171287730984647
                ],
                [
                    0.0,
                    0.0,
                    0.0,
                    1.0
                ]
            ],
            "size": [
                0.15068,
                0.17726,
                0.74884
            ]
        },
        "distance": 0.11896024457015476
    },
    {
        "case": 1,
        "collider1": {
            "type": "Box",
            "collider2origin": [
                [
                    1.0,
                    0.0,
                    0.0,
                    1.23
                ],
                [
                    0.0,
                    1.0,
                    0.0,
                    -0.23086
                ],
                [
                    0.0,
                    0.0,
                    1.0,
                    -0.54301
                ],
                [
                    0.0,
                    0.0,
                    0.0,
                    1.0
                ]
            ],
            "size": [
                0.1,
                0.16,
                0.1
            ]
        },
        "collider2": {
            "type": "Box",
            "collider2origin": [
                [
                    -0.11104077819867808,
                    0.9520884833885366,
                    -0.28495168954745315,
                    1.0807127789483815
                ],
                [
                    0.3457078680965807,
                    0.305822693359807,
                    0.887106842585644,
                    -0.6805506888486719
                ],
                [
                    0.9317489015357887,
                    -5.006957886658677e-06,
                    -0.3631032696930464,
                    -0.48171287730984647
                ],
                [
                    0.0,
                    0.0,
                    0.0,
                    1.0
                ]
            ],
            "size": [
                0.15068,
                0.17726,
                0.74884
            ]
        },
        "distance": 0.11896024457015476
    }
]