[
    {
        "case": 0,
        "collider1": {
            "type": "Box",
            "collider2origin": [
                [
                    1.0,
                    0.0,
                    0.0,
                    0.246
                ],
                [
                    0.0,
                    1.0,
                    0.0,
                    -0.24786000000000002
                ],
                [
                    0.0,
                    0.0,
                    1.0,
                    -0.71801
                ],
                [
                    0.0,
                    0.0,
                    0.0,
                    1.0
                ]
            ],
            "size": [
                0.12,
                0.16,
                0.08
            ]
        },
        "collider2": {
            "type": "Box",
            "collider2origin": [
                [
                    -0.49615791245876006,
                    -0.8682132456322831,
                    0.005752044264619841,
                    0.3127626519707988
                ],
                [
                    0.8681549068613252,
                    -0.49619125355920646,
                    -0.010064670086352546,
                    -0.11987553351121849
                ],
                [
                    0.011592393936080133,
                    -2.468175498017319e-10,
                    0.9999328059438948,
                    -0.766581087408536
                ],
                [
                    0.0,
                    0.0,
                    0.0,
                    1.0
                ]
            ],
            "size": [
                0.09102,
                0.10007,
                0.11882
            ]
        },
        "distance": 0.0
    },
    {
        "case": 1,
        "collider1": {
            "type": "Box",
            "collider2origin": [
                [
                    1.0,
                    0.0,
                    0.0,
                    0.28600000000000003
                ],
                [
                    0.0,
                    1.0,
                    0.0,
                    -0.19785999999999998
                ],
                [
                    0.0,
                    0.0,
                    1.0,
                    -0.70601
                ],
                [
                    0.0,
                    0.0,
                    0.0,
                    1.0
                ]
            ],
            "size": [
                0.04,
                0.04,
                0.12
            ]
        },
        "collider2": {
            "type": "Box",
            "collider2origin": [
                [
                    -0.49615791245876006,
                    -0.8682132456322831,
                    0.005752044264619841,
                    0.3127626519707988
                ],
                [
                    0.8681549068613252,
                    -0.49619125355920646,
                    -0.010064670086352546,
                    -0.11987553351121849
                ],
                [
                    0.011592393936080133,
                    -2.468175498017319e-10,
                    0.9999328059438948,
                    -0.766581087408536
                ],
                [
                    0.0,
                    0.0,
                    0.0,
                    1.0
                ]
            ],
            "size": [
                0.09102,
                0.10007,
                0.11882
            ]
        },
        "distance": 0.0
    },
    {
        "case": 2,
        "collider1": {
            "type": "Box",
            "collider2origin": [
                [
                    1.0,
                    0.0,
                    0.0,
                    -0.08500000000000019
                ],
                [
                    0.0,
                    1.0,
                    0.0,
                    -0.03585999999999995
                ],
                [
                    0.0,
                    0.0,
                    1.0,
                    -0.81301
                ],
                [
                    0.0,
                    0.0,
                    0.0,
                    1.0
                ]
            ],
            "size": [
                1.01,
                0.28,
                0.27
            ]
        },
        "collider2": {
            "type": "Box",
            "collider2origin": [
                [
                    -0.49615791245876006,
                    -0.8682132456322831,
                    0.005752044264619841,
                    0.3127626519707988
                ],
                [
                    0.8681549068613252,
                    -0.49619125355920646,
                    -0.010064670086352546,
                    -0.11987553351121849
                ],
                [
                    0.011592393936080133,
                    -2.468175498017319e-10,
                    0.9999328059438948,
                    -0.766581087408536
                ],
                [
                    0.0,
                    0.0,
                    0.0,
                    1.0
                ]
            ],
            "size": [
                0.09102,
                0.10007,
                0.11882
            ]
        },
        "distance": 0.0
    },
    {
        "case": 3,
        "collider1": {
            "type": "Box",
            "collider2origin": [
                [
                    1.0,
                    0.0,
                    0.0,
                    -0.08500000000000019
                ],
                [
                    0.0,
                    1.0,
                    0.0,
                    -0.03585999999999995
                ],
                [
                    0.0,
                    0.0,
                    1.0,
                    -0.81301
                ],
                [
                    0.0,
                    0.0,
                    0.0,
                    1.0
                ]
            ],
            "size": [
                1.01,
                0.28,
                0.27
            ]
        },
        "collider2": {
            "type": "Cylinder",
            "collider2origin": [
                [
                    0.058114365882505827,
                    0.445170019619764,
                    0.8935582656490917,
                    0.07214008694033691
                ],
                [
                    0.7042236885700064,
                    -0.6527011789619155,
                    0.27937460056093133,
                    -0.0054711212071272275
                ],
                [
                    0.7075957298733004,
                    0.6130292200323441,
                    -0.3514305883835477,
                    -0.6769030954704408
                ],
                [
                    0.0,
                    0.0,
                    0.0,
                    1.0
                ]
            ],
            "radius": 0.0076,
            "height": 0.02993
        },
        "distance": 0.0
    },
    {
        "case": 4,
        "collider1": {
            "type": "Box",
            "collider2origin": [
                [
                    1.0,
                    0.0,
                    0.0,
                    0.246
                ],
                [
                    0.0,
                    1.0,
                    0.0,
                    -0.24786000000000002
                ],
                [
                    0.0,
                    0.0,
                    1.0,
                    -0.71801
                ],
                [
                    0.0,
                    0.0,
                    0.0,
                    1.0
                ]
            ],
            "size": [
                0.12,
                0.16,
                0.08
            ]
        },
        "collider2": {
            "type": "Box",
            "collider2origin": [
                [
                    0.5487027299044126,
                    -0.8359977441250801,
                    0.005752044264619841,
                    0.308058236914174
                ],
                [
                    0.8360009957189555,
                    0.5486356145685114,
                    -0.010064670086352546,
                    -0.12155066842421158
                ],
                [
                    0.0052582651474089226,
                    0.010331226684610605,
                    0.9999328059438948,
                    -0.6572135528570073
                ],
                [
                    0.0,
                    0.0,
                    0.0,
                    1.0
                ]
            ],
            "size": [
                0.09126,
                0.11887,
                0.10009
            ]
        },
        "distance": 0.0
    },
    {
        "case": 5,
        "collider1": {
            "type": "Box",
            "collider2origin": [
                [
                    1.0,
                    0.0,
                    0.0,
                    0.28600000000000003
                ],
                [
                    0.0,
                    1.0,
                    0.0,
                    -0.19785999999999998
                ],
                [
                    0.0,
                    0.0,
                    1.0,
                    -0.70601
                ],
                [
                    0.0,
                    0.0,
                    0.0,
                    1.0
                ]
            ],
            "size": [
                0.04,
                0.04,
                0.12
            ]
        },
        "collider2": {
            "type": "Box",
            "collider2origin": [
                [
                    0.5487027299044126,
                    -0.8359977441250801,
                    0.005752044264619841,
                    0.308058236914174
                ],
                [
                    0.8360009957189555,
                    0.5486356145685114,
                    -0.010064670086352546,
                    -0.12155066842421158
                ],
                [
                    0.0052582651474089226,
                    0.010331226684610605,
                    0.9999328059438948,
                    -0.6572135528570073
                ],
                [
                    0.0,
                    0.0,
                    0.0,
                    1.0
                ]
            ],
            "size": [
                0.09126,
                0.11887,
                0.10009
            ]
        },
        "distance": 0.0025151062277100327
    },
    {
        "case": 6,
        "collider1": {
            "type": "Box",
            "collider2origin": [
                [
                    0.9999999999999999,
                    0.0,
                    6.177235058912196e-23,
                    0.2860000183661401
                ],
                [
                    0.0,
                    1.0,
                    0.0,
                    -0.10086
                ],
                [
                    6.177235058912196e-23,
                    0.0,
                    0.9999999999999999,
                    -0.626009937555547
                ],
                [
                    0.0,
                    0.0,
                    0.0,
                    1.0
                ]
            ],
            "size": [
                0.04,
                0.234,
                0.044
            ]
        },
        "collider2": {
            "type": "Box",
            "collider2origin": [
                [
                    0.5487027299044126,
                    -0.8359977441250801,
                    0.005752044264619841,
                    0.308058236914174
                ],
                [
                    0.8360009957189555,
                    0.5486356145685114,
                    -0.010064670086352546,
                    -0.12155066842421158
                ],
                [
                    0.0052582651474089226,
                    0.010331226684610605,
                    0.9999328059438948,
                    -0.6572135528570073
                ],
                [
                    0.0,
                    0.0,
                    0.0,
                    1.0
                ]
            ],
            "size": [
                0.09126,
                0.11887,
                0.10009
            ]
        },
        "distance": 0.0
    },
    {
        "case": 7,
        "collider1": {
            "type": "Box",
            "collider2origin": [
                [
                    1.0,
                    0.0,
                    0.0,
                    -0.08500000000000019
                ],
                [
                    0.0,
                    1.0,
                    0.0,
                    -0.03585999999999995
                ],
                [
                    0.0,
                    0.0,
                    1.0,
                    -0.81301
                ],
                [
                    0.0,
                    0.0,
                    0.0,
                    1.0
                ]
            ],
            "size": [
                1.01,
                0.28,
                0.27
            ]
        },
        "collider2": {
            "type": "Box",
            "collider2origin": [
                [
                    0.5487027299044126,
                    -0.8359977441250801,
                    0.005752044264619841,
                    0.308058236914174
                ],
                [
                    0.8360009957189555,
                    0.5486356145685114,
                    -0.010064670086352546,
                    -0.12155066842421158
                ],
                [
                    0.0052582651474089226,
                    0.010331226684610605,
                    0.9999328059438948,
                    -0.6572135528570073
                ],
                [
                    0.0,
                    0.0,
                    0.0,
                    1.0
                ]
            ],
            "size": [
                0.09126,
                0.11887,
                0.10009
            ]
        },
        "distance": 0.0
    },
    {
        "case": 8,
        "collider1": {
            "type": "Box",
            "collider2origin": [
                [
                    1.0,
                    0.0,
                    0.0,
                    -0.08500000000000019
                ],
                [
                    0.0,
                    1.0,
                    0.0,
                    -0.03585999999999995
                ],
                [
                    0.0,
                    0.0,
                    1.0,
                    -0.81301
                ],
                [
                    0.0,
                    0.0,
                    0.0,
                    1.0
                ]
            ],
            "size": [
                1.01,
                0.28,
                0.27
            ]
        },
        "collider2": {
            "type": "Cylinder",
            "collider2origin": [
                [
                    0.20797677843110493,
                    0.4321864328206215,
                    0.8774739579720897,
                    0.1012186825446516
                ],
                [
                    0.6081998293055023,
                    -0.759721513704467,
                    0.23003519132374162,
                    0.005802666674956214
                ],
                [
                    0.7660539323482233,
                    0.4858375334413539,
                    -0.42086014759471363,
                    -0.6634710292647664
                ],
                [
                    0.0,
                    0.0,
                    0.0,
                    1.0
                ]
            ],
            "radius": 0.00783,
            "height": 0.03683
        },
        "distance": 0.0
    },
    {
        "case": 9,
        "collider1": {
            "type": "Box",
            "collider2origin": [
                [
                    0.9999999999999999,
                    0.0,
                    6.177235058912196e-23,
                    0.2860000183661401
                ],
                [
                    0.0,
                    1.0,
                    0.0,
                    -0.10086
                ],
                [
                    6.177235058912196e-23,
                    0.0,
                    0.9999999999999999,
                    -0.626009937555547
                ],
                [
                    0.0,
                    0.0,
                    0.0,
                    1.0
                ]
            ],
            "size": [
                0.04,
                0.234,
                0.044
            ]
        },
        "collider2": {
            "type": "Box",
            "collider2origin": [
                [
                    0.435618199273355,
                    -0.835996539555169,
                    0.3336863352216001,
                    0.24594045419115418
                ],
                [
                    0.6749942198586152,
                    0.5486374636599191,
                    0.49333531864875657,
                    -0.08018460066479483
                ],
                [
                    -0.5954994438446595,
                    0.010330504372666338,
                    0.8032892959949778,
                    -0.6519113182338904
                ],
                [
                    0.0,
                    0.0,
                    0.0,
                    1.0
                ]
            ],
            "size": [
                0.08993,
                0.0305,
                0.09007
            ]
        },
        "distance": 0.0
    },
    {
        "case": 10,
        "collider1": {
            "type": "Box",
            "collider2origin": [
                [
                    1.0,
                    0.0,
                    0.0,
                    -0.08500000000000019
                ],
                [
                    0.0,
                    1.0,
                    0.0,
                    -0.03585999999999995
                ],
                [
                    0.0,
                    0.0,
                    1.0,
                    -0.81301
                ],
                [
                    0.0,
                    0.0,
                    0.0,
                    1.0
                ]
            ],
            "size": [
                1.01,
                0.28,
                0.27
            ]
        },
        "collider2": {
            "type": "Box",
            "collider2origin": [
                [
                    0.435618199273355,
                    -0.835996539555169,
                    0.3336863352216001,
                    0.24594045419115418
                ],
                [
                    0.6749942198586152,
                    0.5486374636599191,
                    0.49333531864875657,
                    -0.08018460066479483
                ],
                [
                    -0.5954994438446595,
                    0.010330504372666338,
                    0.8032892959949778,
                    -0.6519113182338904
                ],
                [
                    0.0,
                    0.0,
                    0.0,
                    1.0
                ]
            ],
            "size": [
                0.08993,
                0.0305,
                0.09007
            ]
        },
        "distance": 0.0
    },
    {
        "case": 11,
        "collider1": {
            "type": "Box",
            "collider2origin": [
                [
                    1.0,
                    0.0,
                    0.0,
                    -0.08500000000000019
                ],
                [
                    0.0,
                    1.0,
                    0.0,
                    -0.03585999999999995
                ],
                [
                    0.0,
                    0.0,
                    1.0,
                    -0.81301
                ],
                [
                    0.0,
                    0.0,
                    0.0,
                    1.0
                ]
            ],
            "size": [
                1.01,
                0.28,
                0.27
            ]
        },
        "collider2": {
            "type": "Box",
            "collider2origin": [
                [
                    0.1655677485207788,
                    -0.7112612912440807,
                    -0.683150566293817,
                    0.17864867887774527
                ],
                [
                    0.4170391397410351,
                    0.6782218738969137,
                    -0.6050565640432435,
                    -0.030320019140851695
                ],
                [
                    0.8936809702426345,
                    -0.18472267144441612,
                    0.40891546569018467,
                    -0.654171630741221
                ],
                [
                    0.0,
                    0.0,
                    0.0,
                    1.0
                ]
            ],
            "size": [
                0.06241,
                0.05638,
                0.02858
            ]
        },
        "distance": 0.0
    },
    {
        "case": 12,
        "collider1": {
            "type": "Box",
            "collider2origin": [
                [
                    1.0,
                    0.0,
                    0.0,
                    -0.08500000000000019
                ],
                [
                    0.0,
                    1.0,
                    0.0,
                    -0.03585999999999995
                ],
                [
                    0.0,
                    0.0,
                    1.0,
                    -0.81301
                ],
                [
                    0.0,
                    0.0,
                    0.0,
                    1.0
                ]
            ],
            "size": [
                1.01,
                0.28,
                0.27
            ]
        },
        "collider2": {
            "type": "Cylinder",
            "collider2origin": [
                [
                    0.058737534095870535,
                    0.06412084402651784,
                    0.9962120353868763,
                    0.0970965511539863
                ],
                [
                    0.7092792127074902,
                    -0.7049187051170148,
                    0.00355212572884676,
                    -0.0015639319275729813
                ],
                [
                    0.7024762633067246,
                    0.7063838450428193,
                    -0.08688476824589589,
                    -0.6832578547803264
                ],
                [
                    0.0,
                    0.0,
                    0.0,
                    1.0
                ]
            ],
            "radius": 0.00783,
            "height": 0.03044
        },
        "distance": 0.0
    },
    {
        "case": 13,
        "collider1": {
            "type": "Box",
            "collider2origin": [
                [
                    1.0,
                    0.0,
                    0.0,
                    0.5199999999999999
                ],
                [
                    0.0,
                    1.0,
                    0.0,
                    -0.43085999999999997
                ],
                [
                    0.0,
                    0.0,
                    1.0,
                    -0.80301
                ],
                [
                    0.0,
                    0.0,
                    0.0,
                    1.0
                ]
            ],
            "size": [
                0.2,
                0.08,
                0.04
            ]
        },
        "collider2": {
            "type": "Box",
            "collider2origin": [
                [
                    0.10343730780877447,
                    -0.868215049318949,
                    -0.48528687545550586,
                    0.5513337166513391
                ],
                [
                    -0.18098274899715583,
                    -0.49618809751584225,
                    0.8491422828060333,
                    -0.3120812286146182
                ],
                [
                    -0.9780316804269201,
                    -4.438907875250011e-06,
                    -0.208456307320241,
                    -0.7082481928520291
                ],
                [
                    0.0,
                    0.0,
                    0.0,
                    1.0
                ]
            ],
            "size": [
                0.1202,
                0.13634,
                0.67816
            ]
        },
        "distance": 0.023645198879153534
    },
    {
        "case": 14,
        "collider1": {
            "type": "Box",
            "collider2origin": [
                [
                    1.0,
                    0.0,
                    0.0,
                    0.44499999999999995
                ],
                [
                    0.0,
                    1.0,
                    0.0,
                    -0.025859999999999994
                ],
                [
                    0.0,
                    0.0,
                    1.0,
                    -0.67801
                ],
                [
                    0.0,
                    0.0,
                    0.0,
                    1.0
                ]
            ],
            "size": [
                0.06,
                0.09,
                0.004
            ]
        },
        "collider2": {
            "type": "Box",
            "collider2origin": [
                [
                    0.10343730780877447,
                    -0.868215049318949,
                    -0.48528687545550586,
                    0.5513337166513391
                ],
                [
                    -0.18098274899715583,
                    -0.49618809751584225,
                    0.8491422828060333,
                    -0.3120812286146182
                ],
                [
                    -0.9780316804269201,
                    -4.438907875250011e-06,
                    -0.208456307320241,
                    -0.7082481928520291
                ],
                [
                    0.0,
                    0.0,
                    0.0,
                    1.0
                ]
            ],
            "size": [
                0.1202,
                0.13634,
                0.67816
            ]
        },
        "distance": 0.01907048242388684
    },
    {
        "case": 15,
        "collider1": {
            "type": "Cylinder",
            "collider2origin": [
                [
                    1.0,
                    0.0,
                    0.0,
                    0.4849999999999999
                ],
                [
                    0.0,
                    -3.673205103346574e-06,
                    -0.9999999999932537,
                    -0.46086
                ],
                [
                    0.0,
                    0.9999999999932537,
                    -3.673205103346574e-06,
                    -0.70001
                ],
                [
                    0.0,
                    0.0,
                    0.0,
                    1.0
                ]
            ],
            "radius": 0.026,
            "height": 0.272
        },
        "collider2": {
            "type": "Box",
            "collider2origin": [
                [
                    0.10343730780877447,
                    -0.868215049318949,
                    -0.48528687545550586,
                    0.5513337166513391
                ],
                [
                    -0.18098274899715583,
                    -0.49618809751584225,
                    0.8491422828060333,
                    -0.3120812286146182
                ],
                [
                    -0.9780316804269201,
                    -4.438907875250011e-06,
                    -0.208456307320241,
                    -0.7082481928520291
                ],
                [
                    0.0,
                    0.0,
                    0.0,
                    1.0
                ]
            ],
            "size": [
                0.1202,
                0.13634,
                0.67816
            ]
        },
        "distance": 0.0
    },
    {
        "case": 16,
        "collider1": {
            "type": "Box",
            "collider2origin": [
                [
                    0.9999999999999999,
                    0.0,
                    6.177235058912196e-23,
                    0.3420001028494408
                ],
                [
                    0.0,
                    1.0,
                    0.0,
                    -0.0028599999999999737
                ],
                [
                    6.177235058912196e-23,
                    0.0,
                    0.9999999999999999,
                    -0.6330101644495814
                ],
                [
                    0.0,
                    0.0,
                    0.0,
                    1.0
                ]
            ],
            "size": [
                0.03,
                0.09,
                0.06
            ]
        },
        "collider2": {
            "type": "Box",
            "collider2origin": [
                [
                    0.10343730780877447,
                    -0.868215049318949,
                    -0.48528687545550586,
                    0.5513337166513391
                ],
                [
                    -0.18098274899715583,
                    -0.49618809751584225,
                    0.8491422828060333,
                    -0.3120812286146182
                ],
                [
                    -0.9780316804269201,
                    -4.438907875250011e-06,
                    -0.208456307320241,
                    -0.7082481928520291
                ],
                [
                    0.0,
                    0.0,
                    0.0,
                    1.0
                ]
            ],
            "size": [
                0.1202,
                0.13634,
                0.67816
            ]
        },
        "distance": 0.05206505506414472
    },
    {
        "case": 17,
        "collider1": {
            "type": "Box",
            "collider2origin": [
                [
                    1.0,
                    0.0,
                    0.0,
                    -0.26
                ],
                [
                    0.0,
                    1.0,
                    0.0,
                    -0.4608599999999999
                ],
                [
                    0.0,
                    0.0,
                    1.0,
                    -1.143
                ],
                [
                    0.0,
                    0.0,
                    0.0,
                    1.0
                ]
            ],
            "size": [
                1.48,
                0.272,
                0.945
            ]
        },
        "collider2": {
            "type": "Box",
            "collider2origin": [
                [
                    0.10343730780877447,
                    -0.868215049318949,
                    -0.48528687545550586,
                    0.5513337166513391
                ],
                [
                    -0.18098274899715583,
                    -0.49618809751584225,
                    0.8491422828060333,
                    -0.3120812286146182
                ],
                [
                    -0.9780316804269201,
                    -4.438907875250011e-06,
                    -0.208456307320241,
                    -0.7082481928520291
                ],
                [
                    0.0,
                    0.0,
                    0.0,
                    1.0
                ]
            ],
            "size": [
                0.1202,
                0.13634,
                0.67816
            ]
        },
        "distance": 0.00010351302209822838
    },
    {
        "case": 18,
        "collider1": {
            "type": "Box",
            "collider2origin": [
                [
                    1.0,
                    0.0,
                    0.0,
                    -0.08500000000000019
                ],
                [
                    0.0,
                    1.0,
                    0.0,
                    -0.03585999999999995
                ],
                [
                    0.0,
                    0.0,
                    1.0,
                    -0.81301
                ],
                [
                    0.0,
                    0.0,
                    0.0,
                    1.0
                ]
            ],
            "size": [
                1.01,
                0.28,
                0.27
            ]
        },
        "collider2": {
            "type": "Box",
            "collider2origin": [
                [
                    0.10343730780877447,
                    -0.868215049318949,
                    -0.48528687545550586,
                    0.5513337166513391
                ],
                [
                    -0.18098274899715583,
                    -0.49618809751584225,
                    0.8491422828060333,
                    -0.3120812286146182
                ],
                [
                    -0.9780316804269201,
                    -4.438907875250011e-06,
                    -0.208456307320241,
                    -0.7082481928520291
                ],
                [
                    0.0,
                    0.0,
                    0.0,
                    1.0
                ]
            ],
            "size": [
                0.1202,
                0.13634,
                0.67816
            ]
        },
        "distance": 0.0
    },
    {
        "case": 19,
        "collider1": {
            "type": "Box",
            "collider2origin": [
                [
                    1.0,
                    0.0,
                    0.0,
                    -0.08500000000000019
                ],
                [
                    0.0,
                    1.0,
                    0.0,
                    -0.03585999999999995
                ],
                [
                    0.0,
                    0.0,
                    1.0,
                    -0.81301
                ],
                [
                    0.0,
                    0.0,
                    0.0,
                    1.0
                ]
            ],
            "size": [
                1.01,
                0.28,
                0.27
            ]
        },
        "collider2": {
            "type": "Box",
            "collider2origin": [
                [
                    0.3050417650727687,
                    -0.711257620849766,
                    -0.6332946536521685,
                    0.1441978653085767
                ],
                [
                    0.5345624681430058,
                    0.678225679658856,
                    -0.5042349602161085,
                    0.006491508831668824
                ],
                [
                    0.7881576550501476,
                    -0.1847228308423542,
                    0.5870987877277886,
                    -0.6635763398143772
                ],
                [
                    0.0,
                    0.0,
                    0.0,
                    1.0
                ]
            ],
            "size": [
                0.07264,
                0.04753,
                0.03326
            ]
        },
        "distance": 0.0
    },
    {
        "case": 20,
        "collider1": {
            "type": "Cylinder",
            "collider2origin": [
                [
                    1.0,
                    0.0,
                    0.0,
                    0.4849999999999999
                ],
                [
                    0.0,
                    -3.673205103346574e-06,
                    -0.9999999999932537,
                    -0.46086
                ],
                [
                    0.0,
                    0.9999999999932537,
                    -3.673205103346574e-06,
                    -0.70001
                ],
                [
                    0.0,
                    0.0,
                    0.0,
                    1.0
                ]
            ],
            "radius": 0.026,
            "height": 0.272
        },
        "collider2": {
            "type": "Box",
            "collider2origin": [
                [
                    0.2247194152626955,
                    -0.8682148917298921,
                    -0.44238454559629914,
                    0.7157367831395006
                ],
                [
                    -0.3931974129881706,
                    -0.49618837325150117,
                    0.7740755083772118,
                    -0.8543674446434708
                ],
                [
                    -0.8915699517275143,
                    -5.336737288561585e-06,
                    -0.4528830104432236,
                    -0.5084637833166423
                ],
                [
                    0.0,
                    0.0,
                    0.0,
                    1.0
                ]
            ],
            "size": [
                0.15068,
                0.17726,
                0.74884
            ]
        },
        "distance": 0.0
    },
    {
        "case": 21,
        "collider1": {
            "type": "Box",
            "collider2origin": [
                [
                    1.0,
                    0.0,
                    0.0,
                    -0.26
                ],
                [
                    0.0,
                    1.0,
                    0.0,
                    -0.4608599999999999
                ],
                [
                    0.0,
                    0.0,
                    1.0,
                    -1.143
                ],
                [
                    0.0,
                    0.0,
                    0.0,
                    1.0
                ]
            ],
            "size": [
                1.48,
                0.272,
                0.945
            ]
        },
        "collider2": {
            "type": "Box",
            "collider2origin": [
                [
                    0.2247194152626955,
                    -0.8682148917298921,
                    -0.44238454559629914,
                    0.7157367831395006
                ],
                [
                    -0.3931974129881706,
                    -0.49618837325150117,
                    0.7740755083772118,
                    -0.8543674446434708
                ],
                [
                    -0.8915699517275143,
                    -5.336737288561585e-06,
                    -0.4528830104432236,
                    -0.5084637833166423
                ],
                [
                    0.0,
                    0.0,
                    0.0,
                    1.0
                ]
            ],
            "size": [
                0.15068,
                0.17726,
                0.74884
            ]
        },
        "distance": 0.002579965425202334
    },
    {
        "case": 22,
        "collider1": {
            "type": "Cylinder",
            "collider2origin": [
                [
                    1.0,
                    0.0,
                    0.0,
                    0.4849999999999999
                ],
                [
                    0.0,
                    -3.673205103346574e-06,
                    -0.9999999999932537,
                    -0.46086
                ],
                [
                    0.0,
                    0.9999999999932537,
                    -3.673205103346574e-06,
                    -0.70001
                ],
                [
                    0.0,
                    0.0,
                    0.0,
                    1.0
                ]
            ],
            "radius": 0.026,
            "height": 0.272
        },
        "collider2": {
            "type": "Box",
            "collider2origin": [
                [
                    0.2247194152626955,
                    -0.8682148917298921,
                    -0.44238454559629914,
                    0.7157367831395006
                ],
                [
                    -0.3931974129881706,
                    -0.49618837325150117,
                    0.7740755083772118,
                    -0.8543674446434708
                ],
                [
                    -0.8915699517275143,
                    -5.336737288561585e-06,
                    -0.4528830104432236,
                    -0.5084637833166423
                ],
                [
                    0.0,
                    0.0,
                    0.0,
                    1.0
                ]
            ],
            "size": [
                0.15068,
                0.17726,
                0.74884
            ]
        },
        "distance": 0.0
    },
    {
        "case": 23,
        "collider1": {
            "type": "Box",
            "collider2origin": [
                [
                    1.0,
                    0.0,
                    0.0,
                    -0.26
                ],
                [
                    0.0,
                    1.0,
                    0.0,
                    -0.4608599999999999
                ],
                [
                    0.0,
                    0.0,
                    1.0,
                    -1.143
                ],
                [
                    0.0,
                    0.0,
                    0.0,
                    1.0
                ]
            ],
            "size": [
                1.48,
                0.272,
                0.945
            ]
        },
        "collider2": {
            "type": "Box",
            "collider2origin": [
                [
                    0.2247194152626955,
                    -0.8682148917298921,
                    -0.44238454559629914,
                    0.7157367831395006
                ],
                [
                    -0.3931974129881706,
                    -0.49618837325150117,
                    0.7740755083772118,
                    -0.8543674446434708
                ],
                [
                    -0.8915699517275143,
                    -5.336737288561585e-06,
                    -0.4528830104432236,
                    -0.5084637833166423
                ],
                [
                    0.0,
                    0.0,
                    0.0,
                    1.0
                ]
            ],
            "size": [
                0.15068,
                0.17726,
                0.74884
            ]
        },
        "distance": 0.002579965425202334
    }
]