[
    {
        "case": 0,
        "collider1": {
            "type": "Box",
            "collider2origin": [
                [
                    1.0,
                    0.0,
                    0.0,
                    0.0
                ],
                [
                    0.0,
                    1.0,
                    0.0,
                    -0.37086
                ],
                [
                    0.0,
                    0.0,
                    1.0,
                    0.39699
                ],
                [
                    0.0,
                    0.0,
                    0.0,
                    1.0
                ]
            ],
            "size": [
                0.6,
                1.6,
                0.1
            ]
        },
        "collider2": {
            "type": "Box",
            "collider2origin": [
                [
                    -0.11969551169765909,
                    -0.018407299963029904,
                    -0.9926399930425464,
                    0.5571132555166176
                ],
                [
                    0.0022068553024581442,
                    -0.9998305712957649,
                    0.018274531240452217,
                    -1.0400583396591654
                ],
                [
                    -0.99280819611298,
                    -3.233464217174473e-06,
                    0.11971585408973666,
                    0.2506330348288808
                ],
                [
                    0.0,
                    0.0,
                    0.0,
                    1.0
                ]
            ],
            "size": [
                0.1202,
                0.13634,
                0.67816
            ]
        },
        "distance": 0.0
    },
    {
        "case": 1,
        "collider1": {
            "type": "Box",
            "collider2origin": [
                [
                    1.0,
                    0.0,
                    0.0,
                    0.0
                ],
                [
                    0.0,
                    1.0,
                    0.0,
                    -0.37086
                ],
                [
                    0.0,
                    0.0,
                    1.0,
                    0.39699
                ],
                [
                    0.0,
                    0.0,
                    0.0,
                    1.0
                ]
            ],
            "size": [
                0.6,
                1.6,
                0.1
            ]
        },
        "collider2": {
            "type": "Box",
            "collider2origin": [
                [
                    0.8417584259638227,
                    -0.018405635635774634,
                    -0.5395405312817109,
                    0.26372063445662985
                ],
                [
                    -0.015492072231167641,
                    -0.9998306019176791,
                    0.009937965934516395,
                    -1.146436980382053
                ],
                [
                    -0.5396320487303288,
                    -6.765680061779434e-06,
                    -0.8419009751374169,
                    0.28343572102053227
                ],
                [
                    0.0,
                    0.0,
                    0.0,
                    1.0
                ]
            ],
            "size": [
                0.09102,
                0.10007,
                0.11882
            ]
        },
        "distance": 0.0
    }
]