[
    {
        "case": 0,
        "collider1": {
            "type": "Box",
            "collider2origin": [
                [
                    1.0,
                    0.0,
                    0.0,
                    -0.06
                ],
                [
                    0.0,
                    1.0,
                    0.0,
                    -0.37086
                ],
                [
                    0.0,
                    0.0,
                    1.0,
                    -0.40301
                ],
                [
                    0.0,
                    0.0,
                    0.0,
                    1.0
                ]
            ],
            "size": [
                0.1,
                1.0,
                1.64
            ]
        },
        "collider2": {
            "type": "Box",
            "collider2origin": [
                [
                    0.6788296452894613,
                    -0.20690196343579045,
                    -0.7045437461241133,
                    0.21129351202835123
                ],
                [
                    -0.14355295057895115,
                    -0.9783616803042234,
                    0.1489999090347828,
                    -0.8824739450388417
                ],
                [
                    -0.7201269770368703,
                    -6.221830179702068e-06,
                    -0.6938422997375034,
                    -0.41983015226493037
                ],
                [
                    0.0,
                    0.0,
                    0.0,
                    1.0
                ]
            ],
            "size": [
                0.1202,
                0.13634,
                0.67816
            ]
        },
        "distance": 0.0
    }
]