[
    {
        "case": 0,
        "collider1": {
            "type": "Box",
            "collider2origin": [
                [
                    1.0,
                    0.0,
                    0.0,
                    0.5199999999999999
                ],
                [
                    0.0,
                    1.0,
                    0.0,
                    -0.43085999999999997
                ],
                [
                    0.0,
                    0.0,
                    1.0,
                    -0.80301
                ],
                [
                    0.0,
                    0.0,
                    0.0,
                    1.0
                ]
            ],
            "size": [
                0.2,
                0.08,
                0.04
            ]
        },
        "collider2": {
            "type": "Box",
            "collider2origin": [
                [
                    -0.49111572640852064,
                    0.8322650264731676,
                    -0.2571775048169042,
                    0.6608466484316269
                ],
                [
                    0.7372978075723218,
                    0.5543779628210619,
                    0.38607902984676185,
                    -0.40389987655937676
                ],
                [
                    0.46389361519994926,
                    -6.927264134310934e-06,
                    -0.8858909152535284,
                    -0.8809198831053126
                ],
                [
                    0.0,
                    0.0,
                    0.0,
                    1.0
                ]
            ],
            "size": [
                0.1202,
                0.13634,
                0.67816
            ]
        },
        "distance": 0.0
    },
    {
        "case": 1,
        "collider1": {
            "type": "Cylinder",
            "collider2origin": [
                [
                    1.0,
                    0.0,
                    0.0,
                    0.4849999999999999
                ],
                [
                    0.0,
                    -3.673205103346574e-06,
                    -0.9999999999932537,
                    -0.46086
                ],
                [
                    0.0,
                    0.9999999999932537,
                    -3.673205103346574e-06,
                    -0.70001
                ],
                [
                    0.0,
                    0.0,
                    0.0,
                    1.0
                ]
            ],
            "radius": 0.026,
            "height": 0.272
        },
        "collider2": {
            "type": "Box",
            "collider2origin": [
                [
                    -0.49111572640852064,
                    0.8322650264731676,
                    -0.2571775048169042,
                    0.6608466484316269
                ],
                [
                    0.7372978075723218,
                    0.5543779628210619,
                    0.38607902984676185,
                    -0.40389987655937676
                ],
                [
                    0.46389361519994926,
                    -6.927264134310934e-06,
                    -0.8858909152535284,
                    -0.8809198831053126
                ],
                [
                    0.0,
                    0.0,
                    0.0,
                    1.0
                ]
            ],
            "size": [
                0.1202,
                0.13634,
                0.67816
            ]
        },
        "distance": 0.10270636191551377
    }
]