[
    {
        "case": 0,
        "collider1": {
            "type": "Cylinder",
            "collider2origin": [
                [
                    1.0,
                    0.0,
                    0.0,
                    0.4849999999999999
                ],
                [
                    0.0,
                    -3.673205103346574e-06,
                    -0.9999999999932537,
                    -0.46086
                ],
                [
                    0.0,
                    0.9999999999932537,
                    -3.673205103346574e-06,
                    -0.70001
                ],
                [
                    0.0,
                    0.0,
                    0.0,
                    1.0
                ]
            ],
            "radius": 0.026,
            "height": 0.272
        },
        "collider2": {
            "type": "Box",
            "collider2origin": [
                [
                    0.09194850525209756,
                    0.35226832866978125,
                    -0.9313712992132107,
                    0.2536114581670216
                ],
                [
                    -0.034605495212948166,
                    0.9358990461610842,
                    0.3505644521280491,
                    -0.6675591806033512
                ],
                [
                    0.9951622641976391,
                    -3.3123312945435273e-06,
                    0.09824493832283075,
                    -0.6394853555527805
                ],
                [
                    0.0,
                    0.0,
                    0.0,
                    1.0
                ]
            ],
            "size": [
                0.1202,
                0.13634,
                0.67816
            ]
        },
        "distance": 0.07034937452897912
    },
    {
        "case": 1,
        "collider1": {
            "type": "Box",
            "collider2origin": [
                [
                    1.0,
                    0.0,
                    0.0,
                    -0.26
                ],
                [
                    0.0,
                    1.0,
                    0.0,
                    -0.4608599999999999
                ],
                [
                    0.0,
                    0.0,
                    1.0,
                    -1.143
                ],
                [
                    0.0,
                    0.0,
                    0.0,
                    1.0
                ]
            ],
            "size": [
                1.48,
                0.272,
                0.945
            ]
        },
        "collider2": {
            "type": "Box",
            "collider2origin": [
                [
                    0.09194850525209756,
                    0.35226832866978125,
                    -0.9313712992132107,
                    0.2536114581670216
                ],
                [
                    -0.034605495212948166,
                    0.9358990461610842,
                    0.3505644521280491,
                    -0.6675591806033512
                ],
                [
                    0.9951622641976391,
                    -3.3123312945435273e-06,
                    0.09824493832283075,
                    -0.6394853555527805
                ],
                [
                    0.0,
                    0.0,
                    0.0,
                    1.0
                ]
            ],
            "size": [
                0.1202,
                0.13634,
                0.67816
            ]
        },
        "distance": 0.0
    },
    {
        "case": 2,
        "collider1": {
            "type": "Box",
            "collider2origin": [
                [
                    1.0,
                    0.0,
                    0.0,
                    -0.06
                ],
                [
                    0.0,
                    1.0,
                    0.0,
                    -0.37086
                ],
                [
                    0.0,
                    0.0,
                    1.0,
                    -0.40301
                ],
                [
                    0.0,
                    0.0,
                    0.0,
                    1.0
                ]
            ],
            "size": [
                0.1,
                1.0,
                1.64
            ]
        },
        "collider2": {
            "type": "Box",
            "collider2origin": [
                [
                    0.09194850525209756,
                    0.35226832866978125,
                    -0.9313712992132107,
                    0.2536114581670216
                ],
                [
                    -0.034605495212948166,
                    0.9358990461610842,
                    0.3505644521280491,
                    -0.6675591806033512
                ],
                [
                    0.9951622641976391,
                    -3.3123312945435273e-06,
                    0.09824493832283075,
                    -0.6394853555527805
                ],
                [
                    0.0,
                    0.0,
                    0.0,
                    1.0
                ]
            ],
            "size": [
                0.1202,
                0.13634,
                0.67816
            ]
        },
        "distance": 0.0
    },
    {
        "case": 3,
        "collider1": {
            "type": "Box",
            "collider2origin": [
                [
                    1.0,
                    0.0,
                    0.0,
                    -0.06
                ],
                [
                    0.0,
                    1.0,
                    0.0,
                    -0.37086
                ],
                [
                    0.0,
                    0.0,
                    1.0,
                    -0.40301
                ],
                [
                    0.0,
                    0.0,
                    0.0,
                    1.0
                ]
            ],
            "size": [
                0.1,
                1.0,
                1.64
            ]
        },
        "collider2": {
            "type": "Box",
            "collider2origin": [
                [
                    0.023185911437765723,
                    0.9423325115524512,
                    -0.3338740049510434,
                    -0.012823401400283485
                ],
                [
                    -0.9896782938338062,
                    0.06887642229390026,
                    0.12566985782676054,
                    -0.4427393900972252
                ],
                [
                    0.14141883971029462,
                    0.32751408538144067,
                    0.9342029948848121,
                    -0.5054471877433824
                ],
                [
                    0.0,
                    0.0,
                    0.0,
                    1.0
                ]
            ],
            "size": [
                0.09126,
                0.11887,
                0.10009
            ]
        },
        "distance": 0.0
    },
    {
        "case": 4,
        "collider1": {
            "type": "Box",
            "collider2origin": [
                [
                    1.0,
                    0.0,
                    0.0,
                    -0.26
                ],
                [
                    0.0,
                    1.0,
                    0.0,
                    -0.4608599999999999
                ],
                [
                    0.0,
                    0.0,
                    1.0,
                    -1.143
                ],
                [
                    0.0,
                    0.0,
                    0.0,
                    1.0
                ]
            ],
            "size": [
                1.48,
                0.272,
                0.945
            ]
        },
        "collider2": {
            "type": "Box",
            "collider2origin": [
                [
                    0.874318950476036,
                    0.35227052339989173,
                    -0.3338740049510434,
                    0.020072071806064073
                ],
                [
                    -0.3290920972771816,
                    0.9358982200771127,
                    0.12566985782676054,
                    -0.4602401217106261
                ],
                [
                    0.3567418735559217,
                    -2.416858949756587e-07,
                    0.9342029948848121,
                    -0.6083881203549877
                ],
                [
                    0.0,
                    0.0,
                    0.0,
                    1.0
                ]
            ],
            "size": [
                0.09102,
                0.10007,
                0.11882
            ]
        },
        "distance": 0.0
    },
    {
        "case": 5,
        "collider1": {
            "type": "Box",
            "collider2origin": [
                [
                    1.0,
                    0.0,
                    0.0,
                    -0.06
                ],
                [
                    0.0,
                    1.0,
                    0.0,
                    -0.37086
                ],
                [
                    0.0,
                    0.0,
                    1.0,
                    -0.40301
                ],
                [
                    0.0,
                    0.0,
                    0.0,
                    1.0
                ]
            ],
            "size": [
                0.1,
                1.0,
                1.64
            ]
        },
        "collider2": {
            "type": "Box",
            "collider2origin": [
                [
                    0.874318950476036,
                    0.35227052339989173,
                    -0.3338740049510434,
                    0.020072071806064073
                ],
                [
                    -0.3290920972771816,
                    0.9358982200771127,
                    0.12566985782676054,
                    -0.4602401217106261
                ],
                [
                    0.3567418735559217,
                    -2.416858949756587e-07,
                    0.9342029948848121,
                    -0.6083881203549877
                ],
                [
                    0.0,
                    0.0,
                    0.0,
                    1.0
                ]
            ],
            "size": [
                0.09102,
                0.10007,
                0.11882
            ]
        },
        "distance": 0.0
    },
    {
        "case": 6,
        "collider1": {
            "type": "Cylinder",
            "collider2origin": [
                [
                    1.0,
                    0.0,
                    0.0,
                    0.4849999999999999
                ],
                [
                    0.0,
                    -3.673205103346574e-06,
                    -0.9999999999932537,
                    -0.46086
                ],
                [
                    0.0,
                    0.9999999999932537,
                    -3.673205103346574e-06,
                    -0.70001
                ],
                [
                    0.0,
                    0.0,
                    0.0,
                    1.0
                ]
            ],
            "radius": 0.026,
            "height": 0.272
        },
        "collider2": {
            "type": "Box",
            "collider2origin": [
                [
                    -0.45000268728979465,
                    0.3522687355108115,
                    -0.8206121613853753,
                    0.8153713734390777
                ],
                [
                    0.1693843727609737,
                    0.9358988930178446,
                    0.3088724596210294,
                    -0.7440116539931627
                ],
                [
                    0.8768161242223678,
                    -5.439377016887745e-06,
                    -0.4808258356973742,
                    -0.5170206827274294
                ],
                [
                    0.0,
                    0.0,
                    0.0,
                    1.0
                ]
            ],
            "size": [
                0.15068,
                0.17726,
                0.74884
            ]
        },
        "distance": 0.005395386687195768
    },
    {
        "case": 7,
        "collider1": {
            "type": "Box",
            "collider2origin": [
                [
                    1.0,
                    0.0,
                    0.0,
                    -0.26
                ],
                [
                    0.0,
                    1.0,
                    0.0,
                    -0.4608599999999999
                ],
                [
                    0.0,
                    0.0,
                    1.0,
                    -1.143
                ],
                [
                    0.0,
                    0.0,
                    0.0,
                    1.0
                ]
            ],
            "size": [
                1.48,
                0.272,
                0.945
            ]
        },
        "collider2": {
            "type": "Box",
            "collider2origin": [
                [
                    -0.45000268728979465,
                    0.3522687355108115,
                    -0.8206121613853753,
                    0.8153713734390777
                ],
                [
                    0.1693843727609737,
                    0.9358988930178446,
                    0.3088724596210294,
                    -0.7440116539931627
                ],
                [
                    0.8768161242223678,
                    -5.439377016887745e-06,
                    -0.4808258356973742,
                    -0.5170206827274294
                ],
                [
                    0.0,
                    0.0,
                    0.0,
                    1.0
                ]
            ],
            "size": [
                0.15068,
                0.17726,
                0.74884
            ]
        },
        "distance": 0.020037741920640593
    },
    {
        "case": 8,
        "collider1": {
            "type": "Cylinder",
            "collider2origin": [
                [
                    1.0,
                    0.0,
                    0.0,
                    0.4849999999999999
                ],
                [
                    0.0,
                    -3.673205103346574e-06,
                    -0.9999999999932537,
                    -0.46086
                ],
                [
                    0.0,
                    0.9999999999932537,
                    -3.673205103346574e-06,
                    -0.70001
                ],
                [
                    0.0,
                    0.0,
                    0.0,
                    1.0
                ]
            ],
            "radius": 0.026,
            "height": 0.272
        },
        "collider2": {
            "type": "Box",
            "collider2origin": [
                [
                    -0.45000268728979465,
                    0.3522687355108115,
                    -0.8206121613853753,
                    0.8153713734390777
                ],
                [
                    0.1693843727609737,
                    0.9358988930178446,
                    0.3088724596210294,
                    -0.7440116539931627
                ],
                [
                    0.8768161242223678,
                    -5.439377016887745e-06,
                    -0.4808258356973742,
                    -0.5170206827274294
                ],
                [
                    0.0,
                    0.0,
                    0.0,
                    1.0
                ]
            ],
            "size": [
                0.15068,
                0.17726,
                0.74884
            ]
        },
        "distance": 0.005395386687195768
    },
    {
        "case": 9,
        "collider1": {
            "type": "Box",
            "collider2origin": [
                [
                    1.0,
                    0.0,
                    0.0,
                    -0.26
                ],
                [
                    0.0,
                    1.0,
                    0.0,
                    -0.4608599999999999
                ],
                [
                    0.0,
                    0.0,
                    1.0,
                    -1.143
                ],
                [
                    0.0,
                    0.0,
                    0.0,
                    1.0
                ]
            ],
            "size": [
                1.48,
                0.272,
                0.945
            ]
        },
        "collider2": {
            "type": "Box",
            "collider2origin": [
                [
                    -0.45000268728979465,
                    0.3522687355108115,
                    -0.8206121613853753,
                    0.8153713734390777
                ],
                [
                    0.1693843727609737,
                    0.9358988930178446,
                    0.3088724596210294,
                    -0.7440116539931627
                ],
                [
                    0.8768161242223678,
                    -5.439377016887745e-06,
                    -0.4808258356973742,
                    -0.5170206827274294
                ],
                [
                    0.0,
                    0.0,
                    0.0,
                    1.0
                ]
            ],
            "size": [
                0.15068,
                0.17726,
                0.74884
            ]
        },
        "distance": 0.020037741920640593
    }
]