[
    {
        "case": 0,
        "collider1": {
            "type": "Box",
            "collider2origin": [
                [
                    1.0,
                    0.0,
                    0.0,
                    1.23
                ],
                [
                    0.0,
                    1.0,
                    0.0,
                    -0.23086
                ],
                [
                    0.0,
                    0.0,
                    1.0,
                    -0.54301
                ],
                [
                    0.0,
                    0.0,
                    0.0,
                    1.0
                ]
            ],
            "size": [
                0.1,
                0.16,
                0.1
            ]
        },
        "collider2": {
            "type": "Box",
            "collider2origin": [
                [
                    -0.05470873985015487,
                    0.9644037097079662,
                    -0.25871304274334717,
                    1.090727511054612
                ],
                [
                    0.19954164174025152,
                    0.2644342728956659,
                    0.9435346567719416,
                    -0.6708335985262434
                ],
                [
                    0.9783609185753553,
                    -4.433211682036809e-06,
                    -0.20690556537883034,
                    -0.43486286173152733
                ],
                [
                    0.0,
                    0.0,
                    0.0,
                    1.0
                ]
            ],
            "size": [
                0.15068,
                0.17726,
                0.74884
            ]
        },
        "distance": 0.09265433408029171
    },
    {
        "case": 1,
        "collider1": {
            "type": "Box",
            "collider2origin": [
                [
                    1.0,
                    0.0,
                    0.0,
                    1.23
                ],
                [
                    0.0,
                    1.0,
                    0.0,
                    -0.23086
                ],
                [
                    0.0,
                    0.0,
                    1.0,
                    -0.54301
                ],
                [
                    0.0,
                    0.0,
                    0.0,
                    1.0
                ]
            ],
            "size": [
                0.1,
                0.16,
                0.1
            ]
        },
        "collider2": {
            "type": "Box",
            "collider2origin": [
                [
                    -0.05470873985015487,
                    0.9644037097079662,
                    -0.25871304274334717,
                    1.090727511054612
                ],
                [
                    0.19954164174025152,
                    0.2644342728956659,
                    0.9435346567719416,
                    -0.6708335985262434
                ],
                [
                    0.9783609185753553,
                    -4.433211682036809e-06,
                    -0.20690556537883034,
                    -0.43486286173152733
                ],
                [
                    0.0,
                    0.0,
                    0.0,
                    1.0
                ]
            ],
            "size": [
                0.15068,
                0.17726,
                0.74884
            ]
        },
        "distance": 0.09265433408029171
    }
]