[
    {
        "case": 0,
        "collider1": {
            "type": "Box",
            "collider2origin": [
                [
                    1.0,
                    0.0,
                    0.0,
                    1.23
                ],
                [
                    0.0,
                    1.0,
                    0.0,
                    -0.23086
                ],
                [
                    0.0,
                    0.0,
                    1.0,
                    -0.54301
                ],
                [
                    0.0,
                    0.0,
                    0.0,
                    1.0
                ]
            ],
            "size": [
                0.1,
                0.16,
                0.1
            ]
        },
        "collider2": {
            "type": "Box",
            "collider2origin": [
                [
                    -0.30844474542249256,
                    -0.7768196472254917,
                    0.5490109968896038,
                    1.2419468727608116
                ],
                [
                    -0.04800744063431776,
                    0.5891284149773497,
                    0.8066120482053427,
                    -0.349406304396614
                ],
                [
                    -0.9500300651374126,
                    0.22243863502264696,
                    -0.2190066870765946,
                    -0.5045786826844009
                ],
                [
                    0.0,
                    0.0,
                    0.0,
                    1.0
                ]
            ],
            "size": [
                0.09126,
                0.11887,
                0.10009
            ]
        },
        "distance": 0.0
    },
    {
        "case": 1,
        "collider1": {
            "type": "Box",
            "collider2origin": [
                [
                    1.0,
                    0.0,
                    0.0,
                    1.23
                ],
                [
                    0.0,
                    1.0,
                    0.0,
                    -0.23086
                ],
                [
                    0.0,
                    0.0,
                    1.0,
                    -0.54301
                ],
                [
                    0.0,
                    0.0,
                    0.0,
                    1.0
                ]
            ],
            "size": [
                0.1,
                0.16,
                0.1
            ]
        },
        "collider2": {
            "type": "Box",
            "collider2origin": [
                [
                    -0.25478027488794264,
                    -0.7768237791618764,
                    -0.5758748367976189,
                    1.1854608734843266
                ],
                [
                    -0.617067471505523,
                    0.5891235358488855,
                    -0.5216907082924586,
                    -0.3028757081859065
                ],
                [
                    0.7445231676299972,
                    0.22243712738112434,
                    -0.6294497416193198,
                    -0.48934721238506484
                ],
                [
                    0.0,
                    0.0,
                    0.0,
                    1.0
                ]
            ],
            "size": [
                0.08993,
                0.0305,
                0.09007
            ]
        },
        "distance": 0.0
    }
]