[
    {
        "case": 0,
        "collider1": {
            "type": "Cylinder",
            "collider2origin": [
                [
                    1.0,
                    0.0,
                    0.0,
                    0.4849999999999999
                ],
                [
                    0.0,
                    -3.673205103346574e-06,
                    -0.9999999999932537,
                    -0.46086
                ],
                [
                    0.0,
                    0.9999999999932537,
                    -3.673205103346574e-06,
                    -0.70001
                ],
                [
                    0.0,
                    0.0,
                    0.0,
                    1.0
                ]
            ],
            "radius": 0.026,
            "height": 0.272
        },
        "collider2": {
            "type": "Box",
            "collider2origin": [
                [
                    0.6314290672356805,
                    -0.7523281381145951,
                    0.18788215894784938,
                    0.6197097577649605
                ],
                [
                    -0.7210870555175445,
                    -0.658788564373483,
                    -0.21454856283779447,
                    -0.6388750511386583
                ],
                [
                    0.28518553857956436,
                    -7.193870559585951e-06,
                    -0.9584723306039313,
                    -0.7510320022791819
                ],
                [
                    0.0,
                    0.0,
                    0.0,
                    1.0
                ]
            ],
            "size": [
                0.1202,
                0.13634,
                0.67816
            ]
        },
        "distance": 0.022691586930308736
    },
    {
        "case": 1,
        "collider1": {
            "type": "Box",
            "collider2origin": [
                [
                    1.0,
                    0.0,
                    0.0,
                    -0.26
                ],
                [
                    0.0,
                    1.0,
                    0.0,
                    -0.4608599999999999
                ],
                [
                    0.0,
                    0.0,
                    1.0,
                    -1.143
                ],
                [
                    0.0,
                    0.0,
                    0.0,
                    1.0
                ]
            ],
            "size": [
                1.48,
                0.272,
                0.945
            ]
        },
        "collider2": {
            "type": "Box",
            "collider2origin": [
                [
                    0.6314290672356805,
                    -0.7523281381145951,
                    0.18788215894784938,
                    0.6197097577649605
                ],
                [
                    -0.7210870555175445,
                    -0.658788564373483,
                    -0.21454856283779447,
                    -0.6388750511386583
                ],
                [
                    0.28518553857956436,
                    -7.193870559585951e-06,
                    -0.9584723306039313,
                    -0.7510320022791819
                ],
                [
                    0.0,
                    0.0,
                    0.0,
                    1.0
                ]
            ],
            "size": [
                0.1202,
                0.13634,
                0.67816
            ]
        },
        "distance": 0.03663580191112899
    }
]