[
    {
        "case": 0,
        "collider1": {
            "type": "Box",
            "collider2origin": [
                [
                    1.0,
                    0.0,
                    0.0,
                    0.205
                ],
                [
                    0.0,
                    1.0,
                    0.0,
                    -0.17586
                ],
                [
                    0.0,
                    0.0,
                    1.0,
                    -0.10301
                ],
                [
                    0.0,
                    0.0,
                    0.0,
                    1.0
                ]
            ],
            "size": [
                0.05,
                0.05,
                1.2
            ]
        },
        "collider2": {
            "type": "Box",
            "collider2origin": [
                [
                    0.539207876194775,
                    0.1954041210789668,
                    -0.8191899021074883,
                    0.15256743056700128
                ],
                [
                    -0.21930282612530824,
                    0.9717306378402605,
                    0.08744048224942785,
                    -0.18144746326031458
                ],
                [
                    0.8131181566678808,
                    0.13250206393832578,
                    0.5668174894523902,
                    0.1772961849548409
                ],
                [
                    0.0,
                    0.0,
                    0.0,
                    1.0
                ]
            ],
            "size": [
                0.06241,
                0.05638,
                0.02858
            ]
        },
        "distance": 0.0
    },
    {
        "case": 1,
        "collider1": {
            "type": "Box",
            "collider2origin": [
                [
                    1.0,
                    0.0,
                    0.0,
                    0.205
                ],
                [
                    0.0,
                    1.0,
                    0.0,
                    -0.17586
                ],
                [
                    0.0,
                    0.0,
                    1.0,
                    -0.10301
                ],
                [
                    0.0,
                    0.0,
                    0.0,
                    1.0
                ]
            ],
            "size": [
                0.05,
                0.05,
                1.2
            ]
        },
        "collider2": {
            "type": "Box",
            "collider2origin": [
                [
                    0.6988900542251955,
                    0.19540922155389265,
                    -0.6880173894872172,
                    0.16536034711745307
                ],
                [
                    -0.23275954674323468,
                    0.9717297614298479,
                    0.03955077940286694,
                    -0.13218641459306202
                ],
                [
                    0.6762955607609645,
                    0.1325009693669896,
                    0.7246156274962748,
                    0.18362754107622425
                ],
                [
                    0.0,
                    0.0,
                    0.0,
                    1.0
                ]
            ],
            "size": [
                0.07264,
                0.04753,
                0.03326
            ]
        },
        "distance": 0.0
    },
    {
        "case": 2,
        "collider1": {
            "type": "Box",
            "collider2origin": [
                [
                    1.0,
                    0.0,
                    0.0,
                    0.205
                ],
                [
                    0.0,
                    1.0,
                    0.0,
                    -0.17586
                ],
                [
                    0.0,
                    0.0,
                    1.0,
                    -0.10301
                ],
                [
                    0.0,
                    0.0,
                    0.0,
                    1.0
                ]
            ],
            "size": [
                0.05,
                0.05,
                1.2
            ]
        },
        "collider2": {
            "type": "Box",
            "collider2origin": [
                [
                    -0.3360347097362939,
                    -0.725384767550547,
                    -0.6007475450287612,
                    0.43747347280166615
                ],
                [
                    0.35411979358896745,
                    -0.6883436198600988,
                    0.6330736393077843,
                    -0.4772319684283639
                ],
                [
                    -0.8727427144588211,
                    -1.880018173308833e-06,
                    0.48818045265609894,
                    0.0841255174230291
                ],
                [
                    0.0,
                    0.0,
                    0.0,
                    1.0
                ]
            ],
            "size": [
                0.1202,
                0.13634,
                0.67816
            ]
        },
        "distance": 0.018019812545843814
    }
]