[
    {
        "case": 0,
        "collider1": {
            "type": "Cylinder",
            "collider2origin": [
                [
                    1.0,
                    0.0,
                    0.0,
                    0.4849999999999999
                ],
                [
                    0.0,
                    -3.673205103346574e-06,
                    -0.9999999999932537,
                    -0.46086
                ],
                [
                    0.0,
                    0.9999999999932537,
                    -3.673205103346574e-06,
                    -0.70001
                ],
                [
                    0.0,
                    0.0,
                    0.0,
                    1.0
                ]
            ],
            "radius": 0.026,
            "height": 0.272
        },
        "collider2": {
            "type": "Box",
            "collider2origin": [
                [
                    0.08839975379567246,
                    0.559005825346163,
                    0.8244379726564754,
                    0.790396062350013
                ],
                [
                    -0.05960130498390264,
                    0.8291637276306086,
                    -0.5558193926321117,
                    -0.800560477187337
                ],
                [
                    -0.9943003409297817,
                    -3.2815850701147356e-06,
                    0.1066153460630826,
                    -0.5801636849568299
                ],
                [
                    0.0,
                    0.0,
                    0.0,
                    1.0
                ]
            ],
            "size": [
                0.1202,
                0.13634,
                0.67816
            ]
        },
        "distance": 0.020724437717851624
    },
    {
        "case": 1,
        "collider1": {
            "type": "Box",
            "collider2origin": [
                [
                    1.0,
                    0.0,
                    0.0,
                    -0.26
                ],
                [
                    0.0,
                    1.0,
                    0.0,
                    -0.4608599999999999
                ],
                [
                    0.0,
                    0.0,
                    1.0,
                    -1.143
                ],
                [
                    0.0,
                    0.0,
                    0.0,
                    1.0
                ]
            ],
            "size": [
                1.48,
                0.272,
                0.945
            ]
        },
        "collider2": {
            "type": "Box",
            "collider2origin": [
                [
                    0.08839975379567246,
                    0.559005825346163,
                    0.8244379726564754,
                    0.790396062350013
                ],
                [
                    -0.05960130498390264,
                    0.8291637276306086,
                    -0.5558193926321117,
                    -0.800560477187337
                ],
                [
                    -0.9943003409297817,
                    -3.2815850701147356e-06,
                    0.1066153460630826,
                    -0.5801636849568299
                ],
                [
                    0.0,
                    0.0,
                    0.0,
                    1.0
                ]
            ],
            "size": [
                0.1202,
                0.13634,
                0.67816
            ]
        },
        "distance": 0.03967421336392608
    },
    {
        "case": 2,
        "collider1": {
            "type": "Cylinder",
            "collider2origin": [
                [
                    1.0,
                    0.0,
                    0.0,
                    0.4849999999999999
                ],
                [
                    0.0,
                    -3.673205103346574e-06,
                    -0.9999999999932537,
                    -0.46086
                ],
                [
                    0.0,
                    0.9999999999932537,
                    -3.673205103346574e-06,
                    -0.70001
                ],
                [
                    0.0,
                    0.0,
                    0.0,
                    1.0
                ]
            ],
            "radius": 0.026,
            "height": 0.272
        },
        "collider2": {
            "type": "Box",
            "collider2origin": [
                [
                    -0.3216765359567112,
                    0.5589999898531328,
                    -0.7642272028389777,
                    0.8683555430261125
                ],
                [
                    0.2168703479008756,
                    0.8291676617658248,
                    0.5152166931332367,
                    -0.7007483894627936
                ],
                [
                    0.9216786090694759,
                    -5.098240830642744e-06,
                    -0.38795430344019133,
                    -0.4891664459788245
                ],
                [
                    0.0,
                    0.0,
                    0.0,
                    1.0
                ]
            ],
            "size": [
                0.15068,
                0.17726,
                0.74884
            ]
        },
        "distance": 0.04061907712996933
    },
    {
        "case": 3,
        "collider1": {
            "type": "Cylinder",
            "collider2origin": [
                [
                    1.0,
                    0.0,
                    0.0,
                    0.4849999999999999
                ],
                [
                    0.0,
                    -3.673205103346574e-06,
                    -0.9999999999932537,
                    -0.46086
                ],
                [
                    0.0,
                    0.9999999999932537,
                    -3.673205103346574e-06,
                    -0.70001
                ],
                [
                    0.0,
                    0.0,
                    0.0,
                    1.0
                ]
            ],
            "radius": 0.026,
            "height": 0.272
        },
        "collider2": {
            "type": "Box",
            "collider2origin": [
                [
                    -0.3216765359567112,
                    0.5589999898531328,
                    -0.7642272028389777,
                    0.8683555430261125
                ],
                [
                    0.2168703479008756,
                    0.8291676617658248,
                    0.5152166931332367,
                    -0.7007483894627936
                ],
                [
                    0.9216786090694759,
                    -5.098240830642744e-06,
                    -0.38795430344019133,
                    -0.4891664459788245
                ],
                [
                    0.0,
                    0.0,
                    0.0,
                    1.0
                ]
            ],
            "size": [
                0.15068,
                0.17726,
                0.74884
            ]
        },
        "distance": 0.04061907712996933
    }
]