[
    {
        "case": 0,
        "collider1": {
            "type": "Box",
            "collider2origin": [
                [
                    1.0,
                    0.0,
                    0.0,
                    -0.06
                ],
                [
                    0.0,
                    1.0,
                    0.0,
                    -0.37086
                ],
                [
                    0.0,
                    0.0,
                    1.0,
                    -0.40301
                ],
                [
                    0.0,
                    0.0,
                    0.0,
                    1.0
                ]
            ],
            "size": [
                0.1,
                1.0,
                1.64
            ]
        },
        "collider2": {
            "type": "Cylinder",
            "collider2origin": [
                [
                    -0.8167413599763713,
                    0.5728358638856456,
                    -0.0692287797836552,
                    -0.018106088286410582
                ],
                [
                    0.2016132151329502,
                    0.3957365416594352,
                    0.8959602117723664,
                    -0.8471341762484945
                ],
                [
                    0.5406344998126763,
                    0.7178103249757666,
                    -0.4387056814887188,
                    0.2665375911395138
                ],
                [
                    0.0,
                    0.0,
                    0.0,
                    1.0
                ]
            ],
            "radius": 0.00783,
            "height": 0.03044
        },
        "distance": 0.0
    },
    {
        "case": 1,
        "collider1": {
            "type": "Box",
            "collider2origin": [
                [
                    1.0,
                    0.0,
                    0.0,
                    -0.06
                ],
                [
                    0.0,
                    1.0,
                    0.0,
                    -0.37086
                ],
                [
                    0.0,
                    0.0,
                    1.0,
                    -0.40301
                ],
                [
                    0.0,
                    0.0,
                    0.0,
                    1.0
                ]
            ],
            "size": [
                0.1,
                1.0,
                1.64
            ]
        },
        "collider2": {
            "type": "Cylinder",
            "collider2origin": [
                [
                    -0.6228179682210572,
                    0.5336412020936699,
                    0.5721231037888759,
                    -0.06769188117601166
                ],
                [
                    0.5078150513096764,
                    -0.28055925012768895,
                    0.8145000803137702,
                    -0.8395814888277155
                ],
                [
                    0.5951652309437644,
                    0.7978180084429097,
                    -0.09625369229200403,
                    0.27579726476924726
                ],
                [
                    0.0,
                    0.0,
                    0.0,
                    1.0
                ]
            ],
            "radius": 0.00683,
            "height": 0.01183
        },
        "distance": 0.0
    },
    {
        "case": 2,
        "collider1": {
            "type": "Box",
            "collider2origin": [
                [
                    1.0,
                    0.0,
                    0.0,
                    -0.06
                ],
                [
                    0.0,
                    1.0,
                    0.0,
                    -0.37086
                ],
                [
                    0.0,
                    0.0,
                    1.0,
                    -0.40301
                ],
                [
                    0.0,
                    0.0,
                    0.0,
                    1.0
                ]
            ],
            "size": [
                0.1,
                1.0,
                1.64
            ]
        },
        "collider2": {
            "type": "Box",
            "collider2origin": [
                [
                    -0.5612468903777661,
                    -0.6321811597215682,
                    0.5341805961792142,
                    0.0027712853259720394
                ],
                [
                    0.37384881505273976,
                    -0.7694660748509339,
                    -0.5178407314388844,
                    -0.7605408406804905
                ],
                [
                    0.7384030007556512,
                    -0.09093371732525635,
                    0.668200619221847,
                    0.2743653194659399
                ],
                [
                    0.0,
                    0.0,
                    0.0,
                    1.0
                ]
            ],
            "size": [
                0.06241,
                0.05638,
                0.02858
            ]
        },
        "distance": 0.0
    },
    {
        "case": 3,
        "collider1": {
            "type": "Box",
            "collider2origin": [
                [
                    1.0,
                    0.0,
                    0.0,
                    -0.06
                ],
                [
                    0.0,
                    1.0,
                    0.0,
                    -0.37086
                ],
                [
                    0.0,
                    0.0,
                    1.0,
                    -0.40301
                ],
                [
                    0.0,
                    0.0,
                    0.0,
                    1.0
                ]
            ],
            "size": [
                0.1,
                1.0,
                1.64
            ]
        },
        "collider2": {
            "type": "Cylinder",
            "collider2origin": [
                [
                    -0.6228179682210572,
                    0.5336412020936699,
                    0.5721231037888759,
                    -0.058352054466786374
                ],
                [
                    0.5078150513096764,
                    -0.28055925012768895,
                    0.8145000803137702,
                    -0.8262902951225662
                ],
                [
                    0.5951652309437644,
                    0.7978180084429097,
                    -0.09625369229200403,
                    0.27423054624512244
                ],
                [
                    0.0,
                    0.0,
                    0.0,
                    1.0
                ]
            ],
            "radius": 0.00683,
            "height": 0.01782
        },
        "distance": 0.0
    },
    {
        "case": 4,
        "collider1": {
            "type": "Box",
            "collider2origin": [
                [
                    1.0,
                    0.0,
                    0.0,
                    -0.06
                ],
                [
                    0.0,
                    1.0,
                    0.0,
                    -0.37086
                ],
                [
                    0.0,
                    0.0,
                    1.0,
                    -0.40301
                ],
                [
                    0.0,
                    0.0,
                    0.0,
                    1.0
                ]
            ],
            "size": [
                0.1,
                1.0,
                1.64
            ]
        },
        "collider2": {
            "type": "Cylinder",
            "collider2origin": [
                [
                    -0.4702627786660104,
                    0.3557489820692325,
                    0.8076481788241883,
                    -0.11453109166676056
                ],
                [
                    0.6349617569259479,
                    -0.4991971240279307,
                    0.589597997455686,
                    -0.819144368622965
                ],
                [
                    0.612924535520349,
                    0.790091699183675,
                    0.008866827968158119,
                    0.26689685441034605
                ],
                [
                    0.0,
                    0.0,
                    0.0,
                    1.0
                ]
            ],
            "radius": 0.00796,
            "height": 0.03037
        },
        "distance": 0.0
    },
    {
        "case": 5,
        "collider1": {
            "type": "Box",
            "collider2origin": [
                [
                    1.0,
                    0.0,
                    0.0,
                    -0.06
                ],
                [
                    0.0,
                    1.0,
                    0.0,
                    -0.37086
                ],
                [
                    0.0,
                    0.0,
                    1.0,
                    -0.40301
                ],
                [
                    0.0,
                    0.0,
                    0.0,
                    1.0
                ]
            ],
            "size": [
                0.1,
                1.0,
                1.64
            ]
        },
        "collider2": {
            "type": "Cylinder",
            "collider2origin": [
                [
                    -0.7242190571925028,
                    0.6803754888161272,
                    -0.11223168633419849,
                    -0.04561478200179625
                ],
                [
                    0.3713366467743421,
                    0.5219371867079707,
                    0.767913190337134,
                    -0.8761807019478802
                ],
                [
                    0.5810472028687426,
                    0.5144616286464754,
                    -0.630645209835789,
                    0.2854215704236749
                ],
                [
                    0.0,
                    0.0,
                    0.0,
                    1.0
                ]
            ],
            "radius": 0.0076,
            "height": 0.02993
        },
        "distance": 0.0
    },
    {
        "case": 6,
        "collider1": {
            "type": "Box",
            "collider2origin": [
                [
                    1.0,
                    0.0,
                    0.0,
                    0.0
                ],
                [
                    0.0,
                    1.0,
                    0.0,
                    -0.37086
                ],
                [
                    0.0,
                    0.0,
                    1.0,
                    0.39699
                ],
                [
                    0.0,
                    0.0,
                    0.0,
                    1.0
                ]
            ],
            "size": [
                0.6,
                1.6,
                0.1
            ]
        },
        "collider2": {
            "type": "Box",
            "collider2origin": [
                [
                    -0.8950160832864915,
                    0.21822560455860318,
                    -0.3890035940367906,
                    0.13609303141206286
                ],
                [
                    0.20014198536153985,
                    0.9758983479161353,
                    0.08698045889795311,
                    -0.64290271263587
                ],
                [
                    0.39860932798173365,
                    -7.041977990054429e-06,
                    -0.9171208227907386,
                    0.35793191085873133
                ],
                [
                    0.0,
                    0.0,
                    0.0,
                    1.0
                ]
            ],
            "size": [
                0.09102,
                0.10007,
                0.11882
            ]
        },
        "distance": 0.0
    },
    {
        "case": 7,
        "collider1": {
            "type": "Box",
            "collider2origin": [
                [
                    1.0,
                    0.0,
                    0.0,
                    0.0
                ],
                [
                    0.0,
                    1.0,
                    0.0,
                    -0.37086
                ],
                [
                    0.0,
                    0.0,
                    1.0,
                    0.39699
                ],
                [
                    0.0,
                    0.0,
                    0.0,
                    1.0
                ]
            ],
            "size": [
                0.6,
                1.6,
                0.1
            ]
        },
        "collider2": {
            "type": "Cylinder",
            "collider2origin": [
                [
                    -0.022375376616977718,
                    0.9492078267019965,
                    0.3138532208675283,
                    -0.02250048476477451
                ],
                [
                    0.6445267200217374,
                    -0.22628794202586155,
                    0.7303280594854076,
                    -0.7938122977593096
                ],
                [
                    0.7642543095719311,
                    0.21862815239893826,
                    -0.6067265292364897,
                    0.33620380833986085
                ],
                [
                    0.0,
                    0.0,
                    0.0,
                    1.0
                ]
            ],
            "radius": 0.01271,
            "height": 0.05982
        },
        "distance": 0.0
    },
    {
        "case": 8,
        "collider1": {
            "type": "Box",
            "collider2origin": [
                [
                    1.0,
                    0.0,
                    0.0,
                    -0.06
                ],
                [
                    0.0,
                    1.0,
                    0.0,
                    -0.37086
                ],
                [
                    0.0,
                    0.0,
                    1.0,
                    -0.40301
                ],
                [
                    0.0,
                    0.0,
                    0.0,
                    1.0
                ]
            ],
            "size": [
                0.1,
                1.0,
                1.64
            ]
        },
        "collider2": {
            "type": "Cylinder",
            "collider2origin": [
                [
                    -0.022375376616977718,
                    0.9492078267019965,
                    0.3138532208675283,
                    -0.02250048476477451
                ],
                [
                    0.6445267200217374,
                    -0.22628794202586155,
                    0.7303280594854076,
                    -0.7938122977593096
                ],
                [
                    0.7642543095719311,
                    0.21862815239893826,
                    -0.6067265292364897,
                    0.33620380833986085
                ],
                [
                    0.0,
                    0.0,
                    0.0,
                    1.0
                ]
            ],
            "radius": 0.01271,
            "height": 0.05982
        },
        "distance": 0.0
    },
    {
        "case": 9,
        "collider1": {
            "type": "Box",
            "collider2origin": [
                [
                    1.0,
                    0.0,
                    0.0,
                    -0.06
                ],
                [
                    0.0,
                    1.0,
                    0.0,
                    -0.37086
                ],
                [
                    0.0,
                    0.0,
                    1.0,
                    -0.40301
                ],
                [
                    0.0,
                    0.0,
                    0.0,
                    1.0
                ]
            ],
            "size": [
                0.1,
                1.0,
                1.64
            ]
        },
        "collider2": {
            "type": "Cylinder",
            "collider2origin": [
                [
                    -0.6228179682210572,
                    0.7471211032832101,
                    0.2321806096336916,
                    -0.07963667494832194
                ],
                [
                    0.5078150513096764,
                    0.16028632067164375,
                    0.8464231619402298,
                    -0.8651126614330016
                ],
                [
                    0.5951652309437644,
                    0.645072362169102,
                    -0.4792285419726477,
                    0.2850815971165983
                ],
                [
                    0.0,
                    0.0,
                    0.0,
                    1.0
                ]
            ],
            "radius": 0.00813,
            "height": 0.03824
        },
        "distance": 0.0
    },
    {
        "case": 10,
        "collider1": {
            "type": "Box",
            "collider2origin": [
                [
                    1.0,
                    0.0,
                    0.0,
                    0.0
                ],
                [
                    0.0,
                    1.0,
                    0.0,
                    -0.37086
                ],
                [
                    0.0,
                    0.0,
                    1.0,
                    0.39699
                ],
                [
                    0.0,
                    0.0,
                    0.0,
                    1.0
                ]
            ],
            "size": [
                0.6,
                1.6,
                0.1
            ]
        },
        "collider2": {
            "type": "Cylinder",
            "collider2origin": [
                [
                    0.0099129331318685,
                    0.9212418375102555,
                    0.38886400010472966,
                    -0.025720168911479213
                ],
                [
                    0.6108792495096487,
                    -0.31345822170043997,
                    0.7270285316044519,
                    -0.8057747291383783
                ],
                [
                    0.7916617183338163,
                    0.23034196332654194,
                    -0.5658748127065056,
                    0.3443577012442671
                ],
                [
                    0.0,
                    0.0,
                    0.0,
                    1.0
                ]
            ],
            "radius": 0.01169,
            "height": 0.05502
        },
        "distance": 0.0
    },
    {
        "case": 11,
        "collider1": {
            "type": "Box",
            "collider2origin": [
                [
                    1.0,
                    0.0,
                    0.0,
                    -0.06
                ],
                [
                    0.0,
                    1.0,
                    0.0,
                    -0.37086
                ],
                [
                    0.0,
                    0.0,
                    1.0,
                    -0.40301
                ],
                [
                    0.0,
                    0.0,
                    0.0,
                    1.0
                ]
            ],
            "size": [
                0.1,
                1.0,
                1.64
            ]
        },
        "collider2": {
            "type": "Cylinder",
            "collider2origin": [
                [
                    0.0099129331318685,
                    0.9212418375102555,
                    0.38886400010472966,
                    -0.025720168911479213
                ],
                [
                    0.6108792495096487,
                    -0.31345822170043997,
                    0.7270285316044519,
                    -0.8057747291383783
                ],
                [
                    0.7916617183338163,
                    0.23034196332654194,
                    -0.5658748127065056,
                    0.3443577012442671
                ],
                [
                    0.0,
                    0.0,
                    0.0,
                    1.0
                ]
            ],
            "radius": 0.01169,
            "height": 0.05502
        },
        "distance": 0.0
    },
    {
        "case": 12,
        "collider1": {
            "type": "Box",
            "collider2origin": [
                [
                    1.0,
                    0.0,
                    0.0,
                    -0.06
                ],
                [
                    0.0,
                    1.0,
                    0.0,
                    -0.37086
                ],
                [
                    0.0,
                    0.0,
                    1.0,
                    -0.40301
                ],
                [
                    0.0,
                    0.0,
                    0.0,
                    1.0
                ]
            ],
            "size": [
                0.1,
                1.0,
                1.64
            ]
        },
        "collider2": {
            "type": "Cylinder",
            "collider2origin": [
                [
                    -0.7288528160981416,
                    0.6337495582777581,
                    0.25910436092153033,
                    -0.04286814021460916
                ],
                [
                    0.37086712077875006,
                    0.04732726628882555,
                    0.9274792227273372,
                    -0.8447813125789863
                ],
                [
                    0.5755268466293194,
                    0.7720891316735214,
                    -0.26953148528611404,
                    0.2686662457131992
                ],
                [
                    0.0,
                    0.0,
                    0.0,
                    1.0
                ]
            ],
            "radius": 0.00783,
            "height": 0.03683
        },
        "distance": 0.0
    },
    {
        "case": 13,
        "collider1": {
            "type": "Box",
            "collider2origin": [
                [
                    1.0,
                    0.0,
                    0.0,
                    0.0
                ],
                [
                    0.0,
                    1.0,
                    0.0,
                    -0.37086
                ],
                [
                    0.0,
                    0.0,
                    1.0,
                    0.39699
                ],
                [
                    0.0,
                    0.0,
                    0.0,
                    1.0
                ]
            ],
            "size": [
                0.6,
                1.6,
                0.1
            ]
        },
        "collider2": {
            "type": "Sphere",
            "collider2origin": [
                [
                    1.0,
                    0.0,
                    0.0,
                    -0.03459050621829807
                ],
                [
                    0.0,
                    1.0,
                    0.0,
                    -0.8226086956347064
                ],
                [
                    0.0,
                    0.0,
                    1.0,
                    0.3567050729509815
                ],
                [
                    0.0,
                    0.0,
                    0.0,
                    1.0
                ]
            ],
            "radius": 0.01051
        },
        "distance": 0.0
    },
    {
        "case": 14,
        "collider1": {
            "type": "Box",
            "collider2origin": [
                [
                    1.0,
                    0.0,
                    0.0,
                    -0.06
                ],
                [
                    0.0,
                    1.0,
                    0.0,
                    -0.37086
                ],
                [
                    0.0,
                    0.0,
                    1.0,
                    -0.40301
                ],
                [
                    0.0,
                    0.0,
                    0.0,
                    1.0
                ]
            ],
            "size": [
                0.1,
                1.0,
                1.64
            ]
        },
        "collider2": {
            "type": "Sphere",
            "collider2origin": [
                [
                    1.0,
                    0.0,
                    0.0,
                    -0.03459050621829807
                ],
                [
                    0.0,
                    1.0,
                    0.0,
                    -0.8226086956347064
                ],
                [
                    0.0,
                    0.0,
                    1.0,
                    0.3567050729509815
                ],
                [
                    0.0,
                    0.0,
                    0.0,
                    1.0
                ]
            ],
            "radius": 0.01051
        },
        "distance": 0.0
    },
    {
        "case": 15,
        "collider1": {
            "type": "Box",
            "collider2origin": [
                [
                    1.0,
                    0.0,
                    0.0,
                    -0.06
                ],
                [
                    0.0,
                    1.0,
                    0.0,
                    -0.37086
                ],
                [
                    0.0,
                    0.0,
                    1.0,
                    -0.40301
                ],
                [
                    0.0,
                    0.0,
                    0.0,
                    1.0
                ]
            ],
            "size": [
                0.1,
                1.0,
                1.64
            ]
        },
        "collider2": {
            "type": "Box",
            "collider2origin": [
                [
                    -0.5700698320728734,
                    -0.5358332167965295,
                    -0.6228187138629423,
                    0.05101117774772268
                ],
                [
                    0.22644879931177564,
                    -0.8311703957281769,
                    0.5078156304755895,
                    -0.6925195919236572
                ],
                [
                    -0.7897729596856689,
                    0.14845382124603201,
                    0.5951639564916462,
                    0.2662541527978233
                ],
                [
                    0.0,
                    0.0,
                    0.0,
                    1.0
                ]
            ],
            "size": [
                0.08993,
                0.0305,
                0.09007
            ]
        },
        "distance": 0.0
    },
    {
        "case": 16,
        "collider1": {
            "type": "Box",
            "collider2origin": [
                [
                    1.0,
                    0.0,
                    0.0,
                    -0.06
                ],
                [
                    0.0,
                    1.0,
                    0.0,
                    -0.37086
                ],
                [
                    0.0,
                    0.0,
                    1.0,
                    -0.40301
                ],
                [
                    0.0,
                    0.0,
                    0.0,
                    1.0
                ]
            ],
            "size": [
                0.1,
                1.0,
                1.64
            ]
        },
        "collider2": {
            "type": "Cylinder",
            "collider2origin": [
                [
                    -0.4702627786660104,
                    -0.09159551472791774,
                    0.8777603207499471,
                    -0.09120907636204523
                ],
                [
                    0.6349617569259479,
                    -0.7258766594135405,
                    0.2644364622364908,
                    -0.8061821752899164
                ],
                [
                    0.612924535520349,
                    0.681698860935212,
                    0.39951242378278795,
                    0.27136795563077243
                ],
                [
                    0.0,
                    0.0,
                    0.0,
                    1.0
                ]
            ],
            "radius": 0.00713,
            "height": 0.01426
        },
        "distance": 0.0
    },
    {
        "case": 17,
        "collider1": {
            "type": "Box",
            "collider2origin": [
                [
                    1.0,
                    0.0,
                    0.0,
                    0.0
                ],
                [
                    0.0,
                    1.0,
                    0.0,
                    -0.37086
                ],
                [
                    0.0,
                    0.0,
                    1.0,
                    0.39699
                ],
                [
                    0.0,
                    0.0,
                    0.0,
                    1.0
                ]
            ],
            "size": [
                0.6,
                1.6,
                0.1
            ]
        },
        "collider2": {
            "type": "Box",
            "collider2origin": [
                [
                    0.6943234865513133,
                    0.2182245144413448,
                    -0.6857790878410246,
                    0.3126686844030703
                ],
                [
                    -0.1552596368601855,
                    0.975898591707005,
                    0.15335052613645406,
                    -0.7969089003631699
                ],
                [
                    0.7027156901516229,
                    -1.0598270343016526e-06,
                    0.7114707715806777,
                    0.15265200984566074
                ],
                [
                    0.0,
                    0.0,
                    0.0,
                    1.0
                ]
            ],
            "size": [
                0.1202,
                0.13634,
                0.67816
            ]
        },
        "distance": 0.0
    },
    {
        "case": 18,
        "collider1": {
            "type": "Box",
            "collider2origin": [
                [
                    1.0,
                    0.0,
                    0.0,
                    -0.06
                ],
                [
                    0.0,
                    1.0,
                    0.0,
                    -0.37086
                ],
                [
                    0.0,
                    0.0,
                    1.0,
                    -0.40301
                ],
                [
                    0.0,
                    0.0,
                    0.0,
                    1.0
                ]
            ],
            "size": [
                0.1,
                1.0,
                1.64
            ]
        },
        "collider2": {
            "type": "Cylinder",
            "collider2origin": [
                [
                    -0.8125549508358417,
                    0.5061489959054196,
                    -0.2890806908392498,
                    -0.013298592904521067
                ],
                [
                    0.20346271473935362,
                    0.7110454032470496,
                    0.6730656418449334,
                    -0.8676377437557155
                ],
                [
                    0.5462209951869803,
                    0.4880856773817226,
                    -0.6807459114469724,
                    0.28186618884543435
                ],
                [
                    0.0,
                    0.0,
                    0.0,
                    1.0
                ]
            ],
            "radius": 0.0076,
            "height": 0.02993
        },
        "distance": 0.0
    },
    {
        "case": 19,
        "collider1": {
            "type": "Box",
            "collider2origin": [
                [
                    1.0,
                    0.0,
                    0.0,
                    -0.06
                ],
                [
                    0.0,
                    1.0,
                    0.0,
                    -0.37086
                ],
                [
                    0.0,
                    0.0,
                    1.0,
                    -0.40301
                ],
                [
                    0.0,
                    0.0,
                    0.0,
                    1.0
                ]
            ],
            "size": [
                0.1,
                1.0,
                1.64
            ]
        },
        "collider2": {
            "type": "Box",
            "collider2origin": [
                [
                    -0.660717593526113,
                    -0.632184915913538,
                    0.4047153242668915,
                    -0.031678769696937614
                ],
                [
                    0.4740601338610886,
                    -0.7694627829170716,
                    -0.428011699827378,
                    -0.7981403539389931
                ],
                [
                    0.5819959201649693,
                    -0.09093545951336979,
                    0.8080912640998063,
                    0.26890033898636156
                ],
                [
                    0.0,
                    0.0,
                    0.0,
                    1.0
                ]
            ],
            "size": [
                0.07264,
                0.04753,
                0.03326
            ]
        },
        "distance": 0.0
    },
    {
        "case": 20,
        "collider1": {
            "type": "Box",
            "collider2origin": [
                [
                    1.0,
                    0.0,
                    0.0,
                    -0.06
                ],
                [
                    0.0,
                    1.0,
                    0.0,
                    -0.37086
                ],
                [
                    0.0,
                    0.0,
                    1.0,
                    -0.40301
                ],
                [
                    0.0,
                    0.0,
                    0.0,
                    1.0
                ]
            ],
            "size": [
                0.1,
                1.0,
                1.64
            ]
        },
        "collider2": {
            "type": "Cylinder",
            "collider2origin": [
                [
                    -0.45008831048698367,
                    -0.09534313075888129,
                    0.8878796090574822,
                    -0.07767881130151255
                ],
                [
                    0.6580226765001409,
                    -0.7075697895499645,
                    0.25758716995962505,
                    -0.8019884979774543
                ],
                [
                    0.6036776208992372,
                    0.7001818908921544,
                    0.38120683321803595,
                    0.2776263226324691
                ],
                [
                    0.0,
                    0.0,
                    0.0,
                    1.0
                ]
            ],
            "radius": 0.00713,
            "height": 0.01697
        },
        "distance": 0.0
    }
]