[
    {
        "case": 0,
        "collider1": {
            "type": "Box",
            "collider2origin": [
                [
                    1.0,
                    0.0,
                    0.0,
                    0.205
                ],
                [
                    0.0,
                    1.0,
                    0.0,
                    -0.17586
                ],
                [
                    0.0,
                    0.0,
                    1.0,
                    -0.10301
                ],
                [
                    0.0,
                    0.0,
                    0.0,
                    1.0
                ]
            ],
            "size": [
                0.05,
                0.05,
                1.2
            ]
        },
        "collider2": {
            "type": "Box",
            "collider2origin": [
                [
                    0.10669552600569583,
                    -0.776068936708535,
                    -0.6215569726151028,
                    0.4270892641919347
                ],
                [
                    -0.13129168681044687,
                    -0.6306480836866467,
                    0.7648826625808873,
                    -0.3714172074130879
                ],
                [
                    -0.9855853883377306,
                    -4.294633273363336e-06,
                    -0.1691787287950844,
                    -0.20447639420647734
                ],
                [
                    0.0,
                    0.0,
                    0.0,
                    1.0
                ]
            ],
            "size": [
                0.1202,
                0.13634,
                0.67816
            ]
        },
        "distance": 0.0
    },
    {
        "case": 1,
        "collider1": {
            "type": "Box",
            "collider2origin": [
                [
                    1.0,
                    0.0,
                    0.0,
                    0.205
                ],
                [
                    0.0,
                    1.0,
                    0.0,
                    -0.17586
                ],
                [
                    0.0,
                    0.0,
                    1.0,
                    -0.10301
                ],
                [
                    0.0,
                    0.0,
                    0.0,
                    1.0
                ]
            ],
            "size": [
                0.05,
                0.05,
                1.2
            ]
        },
        "collider2": {
            "type": "Box",
            "collider2origin": [
                [
                    -0.90682873556181,
                    -0.3612328653365666,
                    0.21719222214458497,
                    0.1793219280458226
                ],
                [
                    0.30067739148093453,
                    -0.9155100804052448,
                    -0.26727214394433796,
                    -0.2530230310859902
                ],
                [
                    0.29538915114064335,
                    -0.1770652695395567,
                    0.9388254042745615,
                    -0.14920740556371515
                ],
                [
                    0.0,
                    0.0,
                    0.0,
                    1.0
                ]
            ],
            "size": [
                0.09126,
                0.11887,
                0.10009
            ]
        },
        "distance": 0.0
    },
    {
        "case": 2,
        "collider1": {
            "type": "Box",
            "collider2origin": [
                [
                    1.0,
                    0.0,
                    0.0,
                    0.205
                ],
                [
                    0.0,
                    1.0,
                    0.0,
                    -0.17586
                ],
                [
                    0.0,
                    0.0,
                    1.0,
                    -0.10301
                ],
                [
                    0.0,
                    0.0,
                    0.0,
                    1.0
                ]
            ],
            "size": [
                0.05,
                0.05,
                1.2
            ]
        },
        "collider2": {
            "type": "Box",
            "collider2origin": [
                [
                    -0.5920720615640327,
                    -0.7760658558107123,
                    0.21719222214458497,
                    0.1596050451109272
                ],
                [
                    0.7285902920205987,
                    -0.6306518750029495,
                    -0.26727214394433796,
                    -0.21946981972417234
                ],
                [
                    0.34439346725606634,
                    -2.2470683721535878e-07,
                    0.9388254042745615,
                    -0.25156913606977516
                ],
                [
                    0.0,
                    0.0,
                    0.0,
                    1.0
                ]
            ],
            "size": [
                0.09102,
                0.10007,
                0.11882
            ]
        },
        "distance": 0.0
    }
]