[
    {
        "case": 0,
        "collider1": {
            "type": "Cylinder",
            "collider2origin": [
                [
                    1.0,
                    0.0,
                    0.0,
                    0.4849999999999999
                ],
                [
                    0.0,
                    -3.673205103346574e-06,
                    -0.9999999999932537,
                    -0.46086
                ],
                [
                    0.0,
                    0.9999999999932537,
                    -3.673205103346574e-06,
                    -0.70001
                ],
                [
                    0.0,
                    0.0,
                    0.0,
                    1.0
                ]
            ],
            "radius": 0.026,
            "height": 0.272
        },
        "collider2": {
            "type": "Box",
            "collider2origin": [
                [
                    -0.37184493050508843,
                    0.5141308765613926,
                    -0.7729170650360101,
                    0.8579223077193292
                ],
                [
                    0.22289738448487154,
                    0.8577117474644304,
                    0.463300457857875,
                    -0.7113401491862237
                ],
                [
                    0.9011371170068788,
                    -5.265665112842058e-06,
                    -0.4335341927977578,
                    -0.5028370138906203
                ],
                [
                    0.0,
                    0.0,
                    0.0,
                    1.0
                ]
            ],
            "size": [
                0.15068,
                0.17726,
                0.74884
            ]
        },
        "distance": 0.029296914462503768
    },
    {
        "case": 1,
        "collider1": {
            "type": "Cylinder",
            "collider2origin": [
                [
                    1.0,
                    0.0,
                    0.0,
                    0.4849999999999999
                ],
                [
                    0.0,
                    -3.673205103346574e-06,
                    -0.9999999999932537,
                    -0.46086
                ],
                [
                    0.0,
                    0.9999999999932537,
                    -3.673205103346574e-06,
                    -0.70001
                ],
                [
                    0.0,
                    0.0,
                    0.0,
                    1.0
                ]
            ],
            "radius": 0.026,
            "height": 0.272
        },
        "collider2": {
            "type": "Box",
            "collider2origin": [
                [
                    -0.37184493050508843,
                    0.5141308765613926,
                    -0.7729170650360101,
                    0.8579223077193292
                ],
                [
                    0.22289738448487154,
                    0.8577117474644304,
                    0.463300457857875,
                    -0.7113401491862237
                ],
                [
                    0.9011371170068788,
                    -5.265665112842058e-06,
                    -0.4335341927977578,
                    -0.5028370138906203
                ],
                [
                    0.0,
                    0.0,
                    0.0,
                    1.0
                ]
            ],
            "size": [
                0.15068,
                0.17726,
                0.74884
            ]
        },
        "distance": 0.029296914462503768
    },
    {
        "case": 2,
        "collider1": {
            "type": "Cylinder",
            "collider2origin": [
                [
                    1.0,
                    0.0,
                    0.0,
                    0.4849999999999999
                ],
                [
                    0.0,
                    -3.673205103346574e-06,
                    -0.9999999999932537,
                    -0.46086
                ],
                [
                    0.0,
                    0.9999999999932537,
                    -3.673205103346574e-06,
                    -0.70001
                ],
                [
                    0.0,
                    0.0,
                    0.0,
                    1.0
                ]
            ],
            "radius": 0.026,
            "height": 0.272
        },
        "collider2": {
            "type": "Box",
            "collider2origin": [
                [
                    0.6152844047478402,
                    0.5141359106398198,
                    0.5975695496464484,
                    0.7192669406495222
                ],
                [
                    -0.3688204631928052,
                    0.8577087299249584,
                    -0.3581999449200953,
                    -0.7755254280767554
                ],
                [
                    -0.696704074341711,
                    -1.0381996490779706e-06,
                    0.7173586500451371,
                    -0.4368328334957452
                ],
                [
                    0.0,
                    0.0,
                    0.0,
                    1.0
                ]
            ],
            "size": [
                0.1202,
                0.13634,
                0.67816
            ]
        },
        "distance": 0.029426718277850938
    },
    {
        "case": 3,
        "collider1": {
            "type": "Box",
            "collider2origin": [
                [
                    1.0,
                    0.0,
                    0.0,
                    -0.26
                ],
                [
                    0.0,
                    1.0,
                    0.0,
                    -0.4608599999999999
                ],
                [
                    0.0,
                    0.0,
                    1.0,
                    -1.143
                ],
                [
                    0.0,
                    0.0,
                    0.0,
                    1.0
                ]
            ],
            "size": [
                1.48,
                0.272,
                0.945
            ]
        },
        "collider2": {
            "type": "Box",
            "collider2origin": [
                [
                    0.6152844047478402,
                    0.5141359106398198,
                    0.5975695496464484,
                    0.7192669406495222
                ],
                [
                    -0.3688204631928052,
                    0.8577087299249584,
                    -0.3581999449200953,
                    -0.7755254280767554
                ],
                [
                    -0.696704074341711,
                    -1.0381996490779706e-06,
                    0.7173586500451371,
                    -0.4368328334957452
                ],
                [
                    0.0,
                    0.0,
                    0.0,
                    1.0
                ]
            ],
            "size": [
                0.1202,
                0.13634,
                0.67816
            ]
        },
        "distance": 0.035519747588802136
    }
]