[
    {
        "case": 0,
        "collider1": {
            "type": "Box",
            "collider2origin": [
                [
                    1.0,
                    0.0,
                    0.0,
                    1.2009999999999998
                ],
                [
                    0.0,
                    1.0,
                    0.0,
                    0.02914
                ],
                [
                    0.0,
                    0.0,
                    1.0,
                    -1.22801
                ],
                [
                    0.0,
                    0.0,
                    0.0,
                    1.0
                ]
            ],
            "size": [
                0.41,
                0.6,
                0.82
            ]
        },
        "collider2": {
            "type": "Cylinder",
            "collider2origin": [
                [
                    -0.47282745418499433,
                    0.045911636912726976,
                    -0.879958135461529,
                    0.9875650620255217
                ],
                [
                    -0.5728534919263273,
                    -0.7748187564172025,
                    0.26738506220788144,
                    -0.27889341013838287
                ],
                [
                    -0.669531982325527,
                    0.630514088898966,
                    0.39265622157703867,
                    -0.8560068824327103
                ],
                [
                    0.0,
                    0.0,
                    0.0,
                    1.0
                ]
            ],
            "radius": 0.0076,
            "height": 0.02993
        },
        "distance": 0.002538729843665456
    }
]