[
    {
        "case": 0,
        "collider1": {
            "type": "Box",
            "collider2origin": [
                [
                    1.0,
                    0.0,
                    0.0,
                    1.23
                ],
                [
                    0.0,
                    1.0,
                    0.0,
                    -0.23086
                ],
                [
                    0.0,
                    0.0,
                    1.0,
                    -0.54301
                ],
                [
                    0.0,
                    0.0,
                    0.0,
                    1.0
                ]
            ],
            "size": [
                0.1,
                0.16,
                0.1
            ]
        },
        "collider2": {
            "type": "Box",
            "collider2origin": [
                [
                    -0.11543035595509445,
                    -0.7914541170822145,
                    0.6002301337634527,
                    1.041920790811925
                ],
                [
                    -0.14947291625711007,
                    0.6112285828841304,
                    0.7772113398368893,
                    -0.6601611194598692
                ],
                [
                    -0.9820049288214775,
                    -4.36690931052348e-06,
                    -0.1888552878562179,
                    -0.42925444342342645
                ],
                [
                    0.0,
                    0.0,
                    0.0,
                    1.0
                ]
            ],
            "size": [
                0.15068,
                0.17726,
                0.74884
            ]
        },
        "distance": 0.0030307615442898175
    },
    {
        "case": 1,
        "collider1": {
            "type": "Box",
            "collider2origin": [
                [
                    1.0,
                    0.0,
                    0.0,
                    1.23
                ],
                [
                    0.0,
                    1.0,
                    0.0,
                    -0.23086
                ],
                [
                    0.0,
                    0.0,
                    1.0,
                    -0.54301
                ],
                [
                    0.0,
                    0.0,
                    0.0,
                    1.0
                ]
            ],
            "size": [
                0.1,
                0.16,
                0.1
            ]
        },
        "collider2": {
            "type": "Box",
            "collider2origin": [
                [
                    -0.11543035595509445,
                    -0.7914541170822145,
                    0.6002301337634527,
                    1.041920790811925
                ],
                [
                    -0.14947291625711007,
                    0.6112285828841304,
                    0.7772113398368893,
                    -0.6601611194598692
                ],
                [
                    -0.9820049288214775,
                    -4.36690931052348e-06,
                    -0.1888552878562179,
                    -0.42925444342342645
                ],
                [
                    0.0,
                    0.0,
                    0.0,
                    1.0
                ]
            ],
            "size": [
                0.15068,
                0.17726,
                0.74884
            ]
        },
        "distance": 0.0030307615442898175
    }
]