[
    {
        "case": 0,
        "collider1": {
            "type": "Box",
            "collider2origin": [
                [
                    1.0,
                    0.0,
                    0.0,
                    1.23
                ],
                [
                    0.0,
                    1.0,
                    0.0,
                    -0.23086
                ],
                [
                    0.0,
                    0.0,
                    1.0,
                    -0.54301
                ],
                [
                    0.0,
                    0.0,
                    0.0,
                    1.0
                ]
            ],
            "size": [
                0.1,
                0.16,
                0.1
            ]
        },
        "collider2": {
            "type": "Box",
            "collider2origin": [
                [
                    -0.03519582453526015,
                    0.9947634497492336,
                    0.09595276430768884,
                    1.1322608134973795
                ],
                [
                    -0.3425868341999929,
                    -0.10220410479625719,
                    0.9339103715001897,
                    -0.18431929094648436
                ],
                [
                    0.9388266692889107,
                    -2.4081899288875533e-06,
                    0.34439001876664593,
                    -0.5192560889202241
                ],
                [
                    0.0,
                    0.0,
                    0.0,
                    1.0
                ]
            ],
            "size": [
                0.1202,
                0.13634,
                0.67816
            ]
        },
        "distance": 0.0
    }
]