[
    {
        "case": 0,
        "collider1": {
            "type": "Box",
            "collider2origin": [
                [
                    1.0,
                    0.0,
                    0.0,
                    0.246
                ],
                [
                    0.0,
                    1.0,
                    0.0,
                    -0.24786000000000002
                ],
                [
                    0.0,
                    0.0,
                    1.0,
                    -0.71801
                ],
                [
                    0.0,
                    0.0,
                    0.0,
                    1.0
                ]
            ],
            "size": [
                0.12,
                0.16,
                0.08
            ]
        },
        "collider2": {
            "type": "Box",
            "collider2origin": [
                [
                    -0.4941659732463281,
                    0.2736173589281323,
                    -0.825186967770761,
                    0.32862490560908575
                ],
                [
                    -0.7379625355102811,
                    0.36974797321430664,
                    0.5645331987466718,
                    -0.3409083786215593
                ],
                [
                    0.45957729172441303,
                    0.8879301645946633,
                    0.019202492914926112,
                    -0.6774710283963337
                ],
                [
                    0.0,
                    0.0,
                    0.0,
                    1.0
                ]
            ],
            "size": [
                0.09126,
                0.11887,
                0.10009
            ]
        },
        "distance": 0.0
    },
    {
        "case": 1,
        "collider1": {
            "type": "Box",
            "collider2origin": [
                [
                    1.0,
                    0.0,
                    0.0,
                    -0.26
                ],
                [
                    0.0,
                    1.0,
                    0.0,
                    -0.4608599999999999
                ],
                [
                    0.0,
                    0.0,
                    1.0,
                    -1.143
                ],
                [
                    0.0,
                    0.0,
                    0.0,
                    1.0
                ]
            ],
            "size": [
                1.48,
                0.272,
                0.945
            ]
        },
        "collider2": {
            "type": "Box",
            "collider2origin": [
                [
                    -0.4941659732463281,
                    0.2736173589281323,
                    -0.825186967770761,
                    0.32862490560908575
                ],
                [
                    -0.7379625355102811,
                    0.36974797321430664,
                    0.5645331987466718,
                    -0.3409083786215593
                ],
                [
                    0.45957729172441303,
                    0.8879301645946633,
                    0.019202492914926112,
                    -0.6774710283963337
                ],
                [
                    0.0,
                    0.0,
                    0.0,
                    1.0
                ]
            ],
            "size": [
                0.09126,
                0.11887,
                0.10009
            ]
        },
        "distance": 0.0
    },
    {
        "case": 2,
        "collider1": {
            "type": "Cylinder",
            "collider2origin": [
                [
                    1.0,
                    0.0,
                    0.0,
                    0.4849999999999999
                ],
                [
                    0.0,
                    -3.673205103346574e-06,
                    -0.9999999999932537,
                    -0.46086
                ],
                [
                    0.0,
                    0.9999999999932537,
                    -3.673205103346574e-06,
                    -0.70001
                ],
                [
                    0.0,
                    0.0,
                    0.0,
                    1.0
                ]
            ],
            "radius": 0.026,
            "height": 0.272
        },
        "collider2": {
            "type": "Box",
            "collider2origin": [
                [
                    0.015850603715571766,
                    0.5646372522099024,
                    -0.825186967770761,
                    0.41604212229598403
                ],
                [
                    -0.01083946995839377,
                    0.8253391868825033,
                    0.5645331987466718,
                    -0.40668485812492416
                ],
                [
                    0.9998156151275458,
                    -3.6026704083987955e-06,
                    0.019202492914926112,
                    -0.6817116775188492
                ],
                [
                    0.0,
                    0.0,
                    0.0,
                    1.0
                ]
            ],
            "size": [
                0.09102,
                0.10007,
                0.11882
            ]
        },
        "distance": 0.0
    },
    {
        "case": 3,
        "collider1": {
            "type": "Box",
            "collider2origin": [
                [
                    1.0,
                    0.0,
                    0.0,
                    -0.26
                ],
                [
                    0.0,
                    1.0,
                    0.0,
                    -0.4608599999999999
                ],
                [
                    0.0,
                    0.0,
                    1.0,
                    -1.143
                ],
                [
                    0.0,
                    0.0,
                    0.0,
                    1.0
                ]
            ],
            "size": [
                1.48,
                0.272,
                0.945
            ]
        },
        "collider2": {
            "type": "Box",
            "collider2origin": [
                [
                    0.015850603715571766,
                    0.5646372522099024,
                    -0.825186967770761,
                    0.41604212229598403
                ],
                [
                    -0.01083946995839377,
                    0.8253391868825033,
                    0.5645331987466718,
                    -0.40668485812492416
                ],
                [
                    0.9998156151275458,
                    -3.6026704083987955e-06,
                    0.019202492914926112,
                    -0.6817116775188492
                ],
                [
                    0.0,
                    0.0,
                    0.0,
                    1.0
                ]
            ],
            "size": [
                0.09102,
                0.10007,
                0.11882
            ]
        },
        "distance": 0.0
    },
    {
        "case": 4,
        "collider1": {
            "type": "Cylinder",
            "collider2origin": [
                [
                    1.0,
                    0.0,
                    0.0,
                    0.4849999999999999
                ],
                [
                    0.0,
                    -3.673205103346574e-06,
                    -0.9999999999932537,
                    -0.46086
                ],
                [
                    0.0,
                    0.9999999999932537,
                    -3.673205103346574e-06,
                    -0.70001
                ],
                [
                    0.0,
                    0.0,
                    0.0,
                    1.0
                ]
            ],
            "radius": 0.026,
            "height": 0.272
        },
        "collider2": {
            "type": "Box",
            "collider2origin": [
                [
                    -0.7493794790628607,
                    0.5646390129078062,
                    -0.345851386381454,
                    0.4560884559902947
                ],
                [
                    0.5126770307262261,
                    0.8253379823159606,
                    0.23659982483585892,
                    -0.5694920275088011
                ],
                [
                    0.4190377769667263,
                    -7.008360732529856e-06,
                    -0.9079687998084882,
                    -0.416545648168138
                ],
                [
                    0.0,
                    0.0,
                    0.0,
                    1.0
                ]
            ],
            "size": [
                0.1202,
                0.13634,
                0.67816
            ]
        },
        "distance": 0.014896504932715661
    },
    {
        "case": 5,
        "collider1": {
            "type": "Box",
            "collider2origin": [
                [
                    1.0,
                    0.0,
                    0.0,
                    -0.26
                ],
                [
                    0.0,
                    1.0,
                    0.0,
                    -0.4608599999999999
                ],
                [
                    0.0,
                    0.0,
                    1.0,
                    -1.143
                ],
                [
                    0.0,
                    0.0,
                    0.0,
                    1.0
                ]
            ],
            "size": [
                1.48,
                0.272,
                0.945
            ]
        },
        "collider2": {
            "type": "Box",
            "collider2origin": [
                [
                    -0.7493794790628607,
                    0.5646390129078062,
                    -0.345851386381454,
                    0.4560884559902947
                ],
                [
                    0.5126770307262261,
                    0.8253379823159606,
                    0.23659982483585892,
                    -0.5694920275088011
                ],
                [
                    0.4190377769667263,
                    -7.008360732529856e-06,
                    -0.9079687998084882,
                    -0.416545648168138
                ],
                [
                    0.0,
                    0.0,
                    0.0,
                    1.0
                ]
            ],
            "size": [
                0.1202,
                0.13634,
                0.67816
            ]
        },
        "distance": 0.0
    }
]