[
    {
        "case": 0,
        "collider1": {
            "type": "Box",
            "collider2origin": [
                [
                    1.0,
                    0.0,
                    0.0,
                    1.23
                ],
                [
                    0.0,
                    1.0,
                    0.0,
                    -0.23086
                ],
                [
                    0.0,
                    0.0,
                    1.0,
                    -0.54301
                ],
                [
                    0.0,
                    0.0,
                    0.0,
                    1.0
                ]
            ],
            "size": [
                0.1,
                0.16,
                0.1
            ]
        },
        "collider2": {
            "type": "Box",
            "collider2origin": [
                [
                    -0.0939053697970441,
                    0.8485183684137024,
                    -0.5207670880420809,
                    0.9918964483159155
                ],
                [
                    0.1505854468336603,
                    0.5291659271399112,
                    0.8350493666580825,
                    -0.6571644651854384
                ],
                [
                    0.9841269251093514,
                    -4.325074266168789e-06,
                    -0.17746603972621483,
                    -0.42603245745806984
                ],
                [
                    0.0,
                    0.0,
                    0.0,
                    1.0
                ]
            ],
            "size": [
                0.15068,
                0.17726,
                0.74884
            ]
        },
        "distance": 0.25423213184319116
    },
    {
        "case": 1,
        "collider1": {
            "type": "Box",
            "collider2origin": [
                [
                    1.0,
                    0.0,
                    0.0,
                    1.23
                ],
                [
                    0.0,
                    1.0,
                    0.0,
                    -0.23086
                ],
                [
                    0.0,
                    0.0,
                    1.0,
                    -0.54301
                ],
                [
                    0.0,
                    0.0,
                    0.0,
                    1.0
                ]
            ],
            "size": [
                0.1,
                0.16,
                0.1
            ]
        },
        "collider2": {
            "type": "Box",
            "collider2origin": [
                [
                    -0.0939053697970441,
                    0.8485183684137024,
                    -0.5207670880420809,
                    0.9918964483159155
                ],
                [
                    0.1505854468336603,
                    0.5291659271399112,
                    0.8350493666580825,
                    -0.6571644651854384
                ],
                [
                    0.9841269251093514,
                    -4.325074266168789e-06,
                    -0.17746603972621483,
                    -0.42603245745806984
                ],
                [
                    0.0,
                    0.0,
                    0.0,
                    1.0
                ]
            ],
            "size": [
                0.15068,
                0.17726,
                0.74884
            ]
        },
        "distance": 0.25423213184319116
    }
]