[
    {
        "case": 0,
        "collider1": {
            "type": "Cylinder",
            "collider2origin": [
                [
                    1.0,
                    0.0,
                    0.0,
                    0.4849999999999999
                ],
                [
                    0.0,
                    -3.673205103346574e-06,
                    -0.9999999999932537,
                    -0.46086
                ],
                [
                    0.0,
                    0.9999999999932537,
                    -3.673205103346574e-06,
                    -0.70001
                ],
                [
                    0.0,
                    0.0,
                    0.0,
                    1.0
                ]
            ],
            "radius": 0.026,
            "height": 0.272
        },
        "collider2": {
            "type": "Box",
            "collider2origin": [
                [
                    0.14889120824328939,
                    -0.9201283450271739,
                    -0.36220883035261175,
                    0.7307335089978594
                ],
                [
                    -0.34981717486895547,
                    -0.3916169412217145,
                    0.8510370823382789,
                    -0.8130336078728202
                ],
                [
                    -0.9249104563548602,
                    -5.069702650690546e-06,
                    -0.3801850177212958,
                    -0.4866532690989591
                ],
                [
                    0.0,
                    0.0,
                    0.0,
                    1.0
                ]
            ],
            "size": [
                0.15068,
                0.17726,
                0.74884
            ]
        },
        "distance": 0.013486701590624298
    },
    {
        "case": 1,
        "collider1": {
            "type": "Cylinder",
            "collider2origin": [
                [
                    1.0,
                    0.0,
                    0.0,
                    0.4849999999999999
                ],
                [
                    0.0,
                    -3.673205103346574e-06,
                    -0.9999999999932537,
                    -0.46086
                ],
                [
                    0.0,
                    0.9999999999932537,
                    -3.673205103346574e-06,
                    -0.70001
                ],
                [
                    0.0,
                    0.0,
                    0.0,
                    1.0
                ]
            ],
            "radius": 0.026,
            "height": 0.272
        },
        "collider2": {
            "type": "Box",
            "collider2origin": [
                [
                    0.14889120824328939,
                    -0.9201283450271739,
                    -0.36220883035261175,
                    0.7307335089978594
                ],
                [
                    -0.34981717486895547,
                    -0.3916169412217145,
                    0.8510370823382789,
                    -0.8130336078728202
                ],
                [
                    -0.9249104563548602,
                    -5.069702650690546e-06,
                    -0.3801850177212958,
                    -0.4866532690989591
                ],
                [
                    0.0,
                    0.0,
                    0.0,
                    1.0
                ]
            ],
            "size": [
                0.15068,
                0.17726,
                0.74884
            ]
        },
        "distance": 0.013486701590624298
    }
]