[
    {
        "case": 0,
        "collider1": {
            "type": "Box",
            "collider2origin": [
                [
                    1.0,
                    0.0,
                    0.0,
                    0.5199999999999999
                ],
                [
                    0.0,
                    1.0,
                    0.0,
                    -0.43085999999999997
                ],
                [
                    0.0,
                    0.0,
                    1.0,
                    -0.80301
                ],
                [
                    0.0,
                    0.0,
                    0.0,
                    1.0
                ]
            ],
            "size": [
                0.2,
                0.08,
                0.04
            ]
        },
        "collider2": {
            "type": "Box",
            "collider2origin": [
                [
                    0.976791495870619,
                    -0.0677622774388057,
                    -0.20319115962842602,
                    0.4216272447470757
                ],
                [
                    -0.18907191090101366,
                    0.17298682868975612,
                    -0.9666061088199782,
                    -0.43492059544166173
                ],
                [
                    0.1006488256418191,
                    0.9825903677810846,
                    0.1561601198794218,
                    -0.7747135435786232
                ],
                [
                    0.0,
                    0.0,
                    0.0,
                    1.0
                ]
            ],
            "size": [
                0.08993,
                0.0305,
                0.09007
            ]
        },
        "distance": 0.0
    },
    {
        "case": 1,
        "collider1": {
            "type": "Box",
            "collider2origin": [
                [
                    1.0,
                    0.0,
                    0.0,
                    -0.26
                ],
                [
                    0.0,
                    1.0,
                    0.0,
                    -0.4608599999999999
                ],
                [
                    0.0,
                    0.0,
                    1.0,
                    -1.143
                ],
                [
                    0.0,
                    0.0,
                    0.0,
                    1.0
                ]
            ],
            "size": [
                1.48,
                0.272,
                0.945
            ]
        },
        "collider2": {
            "type": "Box",
            "collider2origin": [
                [
                    0.976791495870619,
                    -0.0677622774388057,
                    -0.20319115962842602,
                    0.4216272447470757
                ],
                [
                    -0.18907191090101366,
                    0.17298682868975612,
                    -0.9666061088199782,
                    -0.43492059544166173
                ],
                [
                    0.1006488256418191,
                    0.9825903677810846,
                    0.1561601198794218,
                    -0.7747135435786232
                ],
                [
                    0.0,
                    0.0,
                    0.0,
                    1.0
                ]
            ],
            "size": [
                0.08993,
                0.0305,
                0.09007
            ]
        },
        "distance": 0.0
    },
    {
        "case": 2,
        "collider1": {
            "type": "Box",
            "collider2origin": [
                [
                    1.0,
                    0.0,
                    0.0,
                    0.5199999999999999
                ],
                [
                    0.0,
                    1.0,
                    0.0,
                    -0.43085999999999997
                ],
                [
                    0.0,
                    0.0,
                    1.0,
                    -0.80301
                ],
                [
                    0.0,
                    0.0,
                    0.0,
                    1.0
                ]
            ],
            "size": [
                0.2,
                0.08,
                0.04
            ]
        },
        "collider2": {
            "type": "Box",
            "collider2origin": [
                [
                    -0.5419969187279357,
                    -0.06776460791383805,
                    -0.8376438968939648,
                    0.43000545788489253
                ],
                [
                    -0.8332398520860321,
                    0.17299230822460823,
                    0.5251523685472331,
                    -0.44892798429309644
                ],
                [
                    0.10931920684431606,
                    0.9825892423639726,
                    -0.15022546989616534,
                    -0.8476729031754981
                ],
                [
                    0.0,
                    0.0,
                    0.0,
                    1.0
                ]
            ],
            "size": [
                0.09126,
                0.11887,
                0.10009
            ]
        },
        "distance": 0.0
    },
    {
        "case": 3,
        "collider1": {
            "type": "Box",
            "collider2origin": [
                [
                    1.0,
                    0.0,
                    0.0,
                    -0.26
                ],
                [
                    0.0,
                    1.0,
                    0.0,
                    -0.4608599999999999
                ],
                [
                    0.0,
                    0.0,
                    1.0,
                    -1.143
                ],
                [
                    0.0,
                    0.0,
                    0.0,
                    1.0
                ]
            ],
            "size": [
                1.48,
                0.272,
                0.945
            ]
        },
        "collider2": {
            "type": "Box",
            "collider2origin": [
                [
                    -0.5419969187279357,
                    -0.06776460791383805,
                    -0.8376438968939648,
                    0.43000545788489253
                ],
                [
                    -0.8332398520860321,
                    0.17299230822460823,
                    0.5251523685472331,
                    -0.44892798429309644
                ],
                [
                    0.10931920684431606,
                    0.9825892423639726,
                    -0.15022546989616534,
                    -0.8476729031754981
                ],
                [
                    0.0,
                    0.0,
                    0.0,
                    1.0
                ]
            ],
            "size": [
                0.09126,
                0.11887,
                0.10009
            ]
        },
        "distance": 0.0
    },
    {
        "case": 4,
        "collider1": {
            "type": "Box",
            "collider2origin": [
                [
                    1.0,
                    0.0,
                    0.0,
                    -0.26
                ],
                [
                    0.0,
                    1.0,
                    0.0,
                    -0.4608599999999999
                ],
                [
                    0.0,
                    0.0,
                    1.0,
                    -1.143
                ],
                [
                    0.0,
                    0.0,
                    0.0,
                    1.0
                ]
            ],
            "size": [
                1.48,
                0.272,
                0.945
            ]
        },
        "collider2": {
            "type": "Box",
            "collider2origin": [
                [
                    -0.3800677517225709,
                    0.19698551153304455,
                    -0.9037395710859487,
                    0.4214546852053094
                ],
                [
                    -0.8951893639711122,
                    0.167550615410242,
                    0.4129924865038641,
                    -0.42185552127603365
                ],
                [
                    0.2327756575193066,
                    0.965983177659794,
                    0.11265874908208659,
                    -0.6919546009302894
                ],
                [
                    0.0,
                    0.0,
                    0.0,
                    1.0
                ]
            ],
            "size": [
                0.06241,
                0.05638,
                0.02858
            ]
        },
        "distance": 0.0
    },
    {
        "case": 5,
        "collider1": {
            "type": "Box",
            "collider2origin": [
                [
                    1.0,
                    0.0,
                    0.0,
                    0.5199999999999999
                ],
                [
                    0.0,
                    1.0,
                    0.0,
                    -0.43085999999999997
                ],
                [
                    0.0,
                    0.0,
                    1.0,
                    -0.80301
                ],
                [
                    0.0,
                    0.0,
                    0.0,
                    1.0
                ]
            ],
            "size": [
                0.2,
                0.08,
                0.04
            ]
        },
        "collider2": {
            "type": "Box",
            "collider2origin": [
                [
                    -0.12727757993146196,
                    0.5311808728136612,
                    -0.8376438968939648,
                    0.5196864121120003
                ],
                [
                    0.07980043527553424,
                    0.8472584495530663,
                    0.5251523685472331,
                    -0.5100737902411063
                ],
                [
                    0.9886517628450502,
                    -4.225014066050308e-06,
                    -0.15022546989616534,
                    -0.8335713224977728
                ],
                [
                    0.0,
                    0.0,
                    0.0,
                    1.0
                ]
            ],
            "size": [
                0.09102,
                0.10007,
                0.11882
            ]
        },
        "distance": 0.0
    },
    {
        "case": 6,
        "collider1": {
            "type": "Box",
            "collider2origin": [
                [
                    1.0,
                    0.0,
                    0.0,
                    -0.26
                ],
                [
                    0.0,
                    1.0,
                    0.0,
                    -0.4608599999999999
                ],
                [
                    0.0,
                    0.0,
                    1.0,
                    -1.143
                ],
                [
                    0.0,
                    0.0,
                    0.0,
                    1.0
                ]
            ],
            "size": [
                1.48,
                0.272,
                0.945
            ]
        },
        "collider2": {
            "type": "Box",
            "collider2origin": [
                [
                    -0.12727757993146196,
                    0.5311808728136612,
                    -0.8376438968939648,
                    0.5196864121120003
                ],
                [
                    0.07980043527553424,
                    0.8472584495530663,
                    0.5251523685472331,
                    -0.5100737902411063
                ],
                [
                    0.9886517628450502,
                    -4.225014066050308e-06,
                    -0.15022546989616534,
                    -0.8335713224977728
                ],
                [
                    0.0,
                    0.0,
                    0.0,
                    1.0
                ]
            ],
            "size": [
                0.09102,
                0.10007,
                0.11882
            ]
        },
        "distance": 0.0
    },
    {
        "case": 7,
        "collider1": {
            "type": "Cylinder",
            "collider2origin": [
                [
                    1.0,
                    0.0,
                    0.0,
                    0.4849999999999999
                ],
                [
                    0.0,
                    -3.673205103346574e-06,
                    -0.9999999999932537,
                    -0.46086
                ],
                [
                    0.0,
                    0.9999999999932537,
                    -3.673205103346574e-06,
                    -0.70001
                ],
                [
                    0.0,
                    0.0,
                    0.0,
                    1.0
                ]
            ],
            "radius": 0.026,
            "height": 0.272
        },
        "collider2": {
            "type": "Box",
            "collider2origin": [
                [
                    -0.8422097113163588,
                    0.5311836104657791,
                    -0.0923405335535537,
                    0.48947974432443964
                ],
                [
                    0.5280203460849021,
                    0.8472567331800264,
                    0.05788386823191455,
                    -0.6230426876053626
                ],
                [
                    0.10898310091383828,
                    -7.32453113703022e-06,
                    -0.9940436024951597,
                    -0.5428205755817067
                ],
                [
                    0.0,
                    0.0,
                    0.0,
                    1.0
                ]
            ],
            "size": [
                0.1202,
                0.13634,
                0.67816
            ]
        },
        "distance": 0.0
    },
    {
        "case": 8,
        "collider1": {
            "type": "Box",
            "collider2origin": [
                [
                    1.0,
                    0.0,
                    0.0,
                    -0.26
                ],
                [
                    0.0,
                    1.0,
                    0.0,
                    -0.4608599999999999
                ],
                [
                    0.0,
                    0.0,
                    1.0,
                    -1.143
                ],
                [
                    0.0,
                    0.0,
                    0.0,
                    1.0
                ]
            ],
            "size": [
                1.48,
                0.272,
                0.945
            ]
        },
        "collider2": {
            "type": "Box",
            "collider2origin": [
                [
                    -0.8422097113163588,
                    0.5311836104657791,
                    -0.0923405335535537,
                    0.48947974432443964
                ],
                [
                    0.5280203460849021,
                    0.8472567331800264,
                    0.05788386823191455,
                    -0.6230426876053626
                ],
                [
                    0.10898310091383828,
                    -7.32453113703022e-06,
                    -0.9940436024951597,
                    -0.5428205755817067
                ],
                [
                    0.0,
                    0.0,
                    0.0,
                    1.0
                ]
            ],
            "size": [
                0.1202,
                0.13634,
                0.67816
            ]
        },
        "distance": 0.0
    },
    {
        "case": 9,
        "collider1": {
            "type": "Cylinder",
            "collider2origin": [
                [
                    1.0,
                    0.0,
                    0.0,
                    0.4849999999999999
                ],
                [
                    0.0,
                    -3.673205103346574e-06,
                    -0.9999999999932537,
                    -0.46086
                ],
                [
                    0.0,
                    0.9999999999932537,
                    -3.673205103346574e-06,
                    -0.70001
                ],
                [
                    0.0,
                    0.0,
                    0.0,
                    1.0
                ]
            ],
            "radius": 0.026,
            "height": 0.272
        },
        "collider2": {
            "type": "Box",
            "collider2origin": [
                [
                    -0.182261154989022,
                    0.19698913749306113,
                    -0.9633151878236982,
                    0.43340428409307696
                ],
                [
                    -0.9618552098556038,
                    0.16754676465367388,
                    0.21624670385399894,
                    -0.41545557910685027
                ],
                [
                    0.20399859473952361,
                    0.9659831061482522,
                    0.15893776134221027,
                    -0.6424910433686606
                ],
                [
                    0.0,
                    0.0,
                    0.0,
                    1.0
                ]
            ],
            "size": [
                0.07264,
                0.04753,
                0.03326
            ]
        },
        "distance": 0.015619815184861724
    },
    {
        "case": 10,
        "collider1": {
            "type": "Box",
            "collider2origin": [
                [
                    1.0,
                    0.0,
                    0.0,
                    -0.26
                ],
                [
                    0.0,
                    1.0,
                    0.0,
                    -0.4608599999999999
                ],
                [
                    0.0,
                    0.0,
                    1.0,
                    -1.143
                ],
                [
                    0.0,
                    0.0,
                    0.0,
                    1.0
                ]
            ],
            "size": [
                1.48,
                0.272,
                0.945
            ]
        },
        "collider2": {
            "type": "Box",
            "collider2origin": [
                [
                    -0.182261154989022,
                    0.19698913749306113,
                    -0.9633151878236982,
                    0.43340428409307696
                ],
                [
                    -0.9618552098556038,
                    0.16754676465367388,
                    0.21624670385399894,
                    -0.41545557910685027
                ],
                [
                    0.20399859473952361,
                    0.9659831061482522,
                    0.15893776134221027,
                    -0.6424910433686606
                ],
                [
                    0.0,
                    0.0,
                    0.0,
                    1.0
                ]
            ],
            "size": [
                0.07264,
                0.04753,
                0.03326
            ]
        },
        "distance": 0.0
    }
]