[
    {
        "case": 0,
        "collider1": {
            "type": "Box",
            "collider2origin": [
                [
                    1.0,
                    0.0,
                    0.0,
                    -0.06
                ],
                [
                    0.0,
                    1.0,
                    0.0,
                    -0.37086
                ],
                [
                    0.0,
                    0.0,
                    1.0,
                    -0.40301
                ],
                [
                    0.0,
                    0.0,
                    0.0,
                    1.0
                ]
            ],
            "size": [
                0.1,
                1.0,
                1.64
            ]
        },
        "collider2": {
            "type": "Box",
            "collider2origin": [
                [
                    -0.6256588814335134,
                    -0.6294140729810656,
                    0.4608566901074022,
                    -0.11666601245088426
                ],
                [
                    0.5940626864025487,
                    -0.001524432369346152,
                    0.8044173050911686,
                    -0.923947461318051
                ],
                [
                    -0.5056090275178556,
                    0.7770685946808921,
                    0.3748651897057278,
                    -0.02258171965918887
                ],
                [
                    0.0,
                    0.0,
                    0.0,
                    1.0
                ]
            ],
            "size": [
                0.08993,
                0.0305,
                0.09007
            ]
        },
        "distance": 0.0
    }
]