[
    {
        "case": 0,
        "collider1": {
            "type": "Box",
            "collider2origin": [
                [
                    1.0,
                    0.0,
                    0.0,
                    0.5199999999999999
                ],
                [
                    0.0,
                    1.0,
                    0.0,
                    -0.43085999999999997
                ],
                [
                    0.0,
                    0.0,
                    1.0,
                    -0.80301
                ],
                [
                    0.0,
                    0.0,
                    0.0,
                    1.0
                ]
            ],
            "size": [
                0.2,
                0.08,
                0.04
            ]
        },
        "collider2": {
            "type": "Box",
            "collider2origin": [
                [
                    0.40381416653932384,
                    0.8787231931946627,
                    -0.25451850353938166,
                    0.7369270950368116
                ],
                [
                    -0.7433836341508288,
                    0.47733169781762325,
                    0.46854585979949925,
                    -0.4147276549869343
                ],
                [
                    0.5332118635016085,
                    -5.65740649510241e-07,
                    0.8459817424866933,
                    -0.5017970839076147
                ],
                [
                    0.0,
                    0.0,
                    0.0,
                    1.0
                ]
            ],
            "size": [
                0.1202,
                0.13634,
                0.67816
            ]
        },
        "distance": 0.11338015168087809
    }
]