[
    {
        "case": 0,
        "collider1": {
            "type": "Cylinder",
            "collider2origin": [
                [
                    1.0,
                    0.0,
                    0.0,
                    0.4849999999999999
                ],
                [
                    0.0,
                    -3.673205103346574e-06,
                    -0.9999999999932537,
                    -0.46086
                ],
                [
                    0.0,
                    0.9999999999932537,
                    -3.673205103346574e-06,
                    -0.70001
                ],
                [
                    0.0,
                    0.0,
                    0.0,
                    1.0
                ]
            ],
            "radius": 0.026,
            "height": 0.272
        },
        "collider2": {
            "type": "Box",
            "collider2origin": [
                [
                    0.7528564541415319,
                    -0.6581844745289417,
                    -0.0005974499978977329,
                    0.5227932314777206
                ],
                [
                    -0.658184259503048,
                    -0.7528566911671112,
                    0.0005320783149085267,
                    -0.6468229672249828
                ],
                [
                    -0.0007999999146614257,
                    -7.346409031218015e-06,
                    -0.999999679973032,
                    -0.810423330157919
                ],
                [
                    0.0,
                    0.0,
                    0.0,
                    1.0
                ]
            ],
            "size": [
                0.1202,
                0.13634,
                0.67816
            ]
        },
        "distance": 0.0
    },
    {
        "case": 1,
        "collider1": {
            "type": "Box",
            "collider2origin": [
                [
                    1.0,
                    0.0,
                    0.0,
                    -0.26
                ],
                [
                    0.0,
                    1.0,
                    0.0,
                    -0.4608599999999999
                ],
                [
                    0.0,
                    0.0,
                    1.0,
                    -1.143
                ],
                [
                    0.0,
                    0.0,
                    0.0,
                    1.0
                ]
            ],
            "size": [
                1.48,
                0.272,
                0.945
            ]
        },
        "collider2": {
            "type": "Box",
            "collider2origin": [
                [
                    0.7528564541415319,
                    -0.6581844745289417,
                    -0.0005974499978977329,
                    0.5227932314777206
                ],
                [
                    -0.658184259503048,
                    -0.7528566911671112,
                    0.0005320783149085267,
                    -0.6468229672249828
                ],
                [
                    -0.0007999999146614257,
                    -7.346409031218015e-06,
                    -0.999999679973032,
                    -0.810423330157919
                ],
                [
                    0.0,
                    0.0,
                    0.0,
                    1.0
                ]
            ],
            "size": [
                0.1202,
                0.13634,
                0.67816
            ]
        },
        "distance": 0.004730775246232127
    }
]