[
    {
        "case": 0,
        "collider1": {
            "type": "Box",
            "collider2origin": [
                [
                    1.0,
                    0.0,
                    0.0,
                    1.2009999999999998
                ],
                [
                    0.0,
                    1.0,
                    0.0,
                    0.02914
                ],
                [
                    0.0,
                    0.0,
                    1.0,
                    -1.22801
                ],
                [
                    0.0,
                    0.0,
                    0.0,
                    1.0
                ]
            ],
            "size": [
                0.41,
                0.6,
                0.82
            ]
        },
        "collider2": {
            "type": "Box",
            "collider2origin": [
                [
                    0.2131978885978568,
                    0.9356140312257917,
                    -0.2813770510735349,
                    0.8254882250679546
                ],
                [
                    -0.5650307748368462,
                    0.35302462317989386,
                    0.7457304063238717,
                    -0.4009584928299368
                ],
                [
                    0.79704885909503,
                    -1.4549020850897424e-06,
                    0.6039148252967417,
                    -0.6678584649512472
                ],
                [
                    0.0,
                    0.0,
                    0.0,
                    1.0
                ]
            ],
            "size": [
                0.1202,
                0.13634,
                0.67816
            ]
        },
        "distance": 0.16794817857379848
    }
]