[
    {
        "case": 0,
        "collider1": {
            "type": "Box",
            "collider2origin": [
                [
                    1.0,
                    0.0,
                    0.0,
                    1.2009999999999998
                ],
                [
                    0.0,
                    1.0,
                    0.0,
                    0.02914
                ],
                [
                    0.0,
                    0.0,
                    1.0,
                    -1.22801
                ],
                [
                    0.0,
                    0.0,
                    0.0,
                    1.0
                ]
            ],
            "size": [
                0.41,
                0.6,
                0.82
            ]
        },
        "collider2": {
            "type": "Box",
            "collider2origin": [
                [
                    0.32937170172610597,
                    0.927777498846856,
                    0.17533737404079308,
                    1.3189886086542362
                ],
                [
                    0.8189564070246351,
                    -0.3731339070436332,
                    0.4359833607004439,
                    -0.3360300082291794
                ],
                [
                    0.4699198713561166,
                    -6.915576589464226e-06,
                    -0.8827090769085959,
                    -0.5176565724536979
                ],
                [
                    0.0,
                    0.0,
                    0.0,
                    1.0
                ]
            ],
            "size": [
                0.1202,
                0.13634,
                0.67816
            ]
        },
        "distance": 0.0
    },
    {
        "case": 1,
        "collider1": {
            "type": "Box",
            "collider2origin": [
                [
                    1.0,
                    0.0,
                    0.0,
                    1.23
                ],
                [
                    0.0,
                    1.0,
                    0.0,
                    -0.23086
                ],
                [
                    0.0,
                    0.0,
                    1.0,
                    -0.54301
                ],
                [
                    0.0,
                    0.0,
                    0.0,
                    1.0
                ]
            ],
            "size": [
                0.1,
                0.16,
                0.1
            ]
        },
        "collider2": {
            "type": "Box",
            "collider2origin": [
                [
                    0.32937170172610597,
                    0.927777498846856,
                    0.17533737404079308,
                    1.3189886086542362
                ],
                [
                    0.8189564070246351,
                    -0.3731339070436332,
                    0.4359833607004439,
                    -0.3360300082291794
                ],
                [
                    0.4699198713561166,
                    -6.915576589464226e-06,
                    -0.8827090769085959,
                    -0.5176565724536979
                ],
                [
                    0.0,
                    0.0,
                    0.0,
                    1.0
                ]
            ],
            "size": [
                0.1202,
                0.13634,
                0.67816
            ]
        },
        "distance": 0.0
    },
    {
        "case": 2,
        "collider1": {
            "type": "Box",
            "collider2origin": [
                [
                    1.0,
                    0.0,
                    0.0,
                    1.28
                ],
                [
                    0.0,
                    1.0,
                    0.0,
                    -0.23086
                ],
                [
                    0.0,
                    0.0,
                    1.0,
                    -0.67301
                ],
                [
                    0.0,
                    0.0,
                    0.0,
                    1.0
                ]
            ],
            "size": [
                0.06,
                0.06,
                0.33
            ]
        },
        "collider2": {
            "type": "Box",
            "collider2origin": [
                [
                    0.32937170172610597,
                    0.927777498846856,
                    0.17533737404079308,
                    1.3189886086542362
                ],
                [
                    0.8189564070246351,
                    -0.3731339070436332,
                    0.4359833607004439,
                    -0.3360300082291794
                ],
                [
                    0.4699198713561166,
                    -6.915576589464226e-06,
                    -0.8827090769085959,
                    -0.5176565724536979
                ],
                [
                    0.0,
                    0.0,
                    0.0,
                    1.0
                ]
            ],
            "size": [
                0.1202,
                0.13634,
                0.67816
            ]
        },
        "distance": 0.0
    },
    {
        "case": 3,
        "collider1": {
            "type": "Box",
            "collider2origin": [
                [
                    1.0,
                    0.0,
                    0.0,
                    1.2009999999999998
                ],
                [
                    0.0,
                    1.0,
                    0.0,
                    0.02914
                ],
                [
                    0.0,
                    0.0,
                    1.0,
                    -1.22801
                ],
                [
                    0.0,
                    0.0,
                    0.0,
                    1.0
                ]
            ],
            "size": [
                0.41,
                0.6,
                0.82
            ]
        },
        "collider2": {
            "type": "Box",
            "collider2origin": [
                [
                    0.13978536384091478,
                    0.9277781255759967,
                    0.34595924869636435,
                    1.4747521729553958
                ],
                [
                    0.3475579689761724,
                    -0.37313234874129436,
                    0.8602184074547364,
                    -0.2482474744393658
                ],
                [
                    0.9271804086891725,
                    -5.04924328172547e-06,
                    -0.3746151221153306,
                    -0.7764508803761501
                ],
                [
                    0.0,
                    0.0,
                    0.0,
                    1.0
                ]
            ],
            "size": [
                0.09102,
                0.10007,
                0.11882
            ]
        },
        "distance": 0.011299780542018594
    }
]