[
    {
        "case": 0,
        "collider1": {
            "type": "Box",
            "collider2origin": [
                [
                    1.0,
                    0.0,
                    0.0,
                    1.23
                ],
                [
                    0.0,
                    1.0,
                    0.0,
                    -0.23086
                ],
                [
                    0.0,
                    0.0,
                    1.0,
                    -0.54301
                ],
                [
                    0.0,
                    0.0,
                    0.0,
                    1.0
                ]
            ],
            "size": [
                0.1,
                0.16,
                0.1
            ]
        },
        "collider2": {
            "type": "Box",
            "collider2origin": [
                [
                    -0.0019057109475590366,
                    0.9738490682838297,
                    0.2271879408518439,
                    1.2386245298675793
                ],
                [
                    -0.008184640502412664,
                    -0.22719593347912276,
                    0.9738146740886563,
                    -0.1893250700680047
                ],
                [
                    0.9999646893393938,
                    -3.6423370513469893e-06,
                    0.00840357430518469,
                    -0.6096343511695583
                ],
                [
                    0.0,
                    0.0,
                    0.0,
                    1.0
                ]
            ],
            "size": [
                0.1202,
                0.13634,
                0.67816
            ]
        },
        "distance": 0.0
    },
    {
        "case": 1,
        "collider1": {
            "type": "Box",
            "collider2origin": [
                [
                    1.0,
                    0.0,
                    0.0,
                    1.28
                ],
                [
                    0.0,
                    1.0,
                    0.0,
                    -0.23086
                ],
                [
                    0.0,
                    0.0,
                    1.0,
                    -0.67301
                ],
                [
                    0.0,
                    0.0,
                    0.0,
                    1.0
                ]
            ],
            "size": [
                0.06,
                0.06,
                0.33
            ]
        },
        "collider2": {
            "type": "Box",
            "collider2origin": [
                [
                    -0.0019057109475590366,
                    0.9738490682838297,
                    0.2271879408518439,
                    1.2386245298675793
                ],
                [
                    -0.008184640502412664,
                    -0.22719593347912276,
                    0.9738146740886563,
                    -0.1893250700680047
                ],
                [
                    0.9999646893393938,
                    -3.6423370513469893e-06,
                    0.00840357430518469,
                    -0.6096343511695583
                ],
                [
                    0.0,
                    0.0,
                    0.0,
                    1.0
                ]
            ],
            "size": [
                0.1202,
                0.13634,
                0.67816
            ]
        },
        "distance": 0.0
    }
]