[
    {
        "case": 0,
        "collider1": {
            "type": "Box",
            "collider2origin": [
                [
                    1.0,
                    0.0,
                    0.0,
                    1.23
                ],
                [
                    0.0,
                    1.0,
                    0.0,
                    -0.23086
                ],
                [
                    0.0,
                    0.0,
                    1.0,
                    -0.54301
                ],
                [
                    0.0,
                    0.0,
                    0.0,
                    1.0
                ]
            ],
            "size": [
                0.1,
                0.16,
                0.1
            ]
        },
        "collider2": {
            "type": "Box",
            "collider2origin": [
                [
                    0.06138884268376385,
                    -0.9859860002524062,
                    0.15512258797547793,
                    1.0877567673843247
                ],
                [
                    0.3628069195771996,
                    0.16682807707598854,
                    0.9168094304739841,
                    -0.19240747078198372
                ],
                [
                    -0.92984006640973,
                    -2.321598132249962e-06,
                    0.3679639260766722,
                    -0.5374155328257684
                ],
                [
                    0.0,
                    0.0,
                    0.0,
                    1.0
                ]
            ],
            "size": [
                0.1202,
                0.13634,
                0.67816
            ]
        },
        "distance": 0.015849153037228624
    }
]