[
    {
        "case": 0,
        "collider1": {
            "type": "Box",
            "collider2origin": [
                [
                    1.0,
                    0.0,
                    0.0,
                    1.23
                ],
                [
                    0.0,
                    1.0,
                    0.0,
                    -0.23086
                ],
                [
                    0.0,
                    0.0,
                    1.0,
                    -0.54301
                ],
                [
                    0.0,
                    0.0,
                    0.0,
                    1.0
                ]
            ],
            "size": [
                0.1,
                0.16,
                0.1
            ]
        },
        "collider2": {
            "type": "Box",
            "collider2origin": [
                [
                    -0.12587384764111745,
                    0.9295458550593192,
                    -0.34655486985765943,
                    1.0583005641993828
                ],
                [
                    0.31735305957410953,
                    0.3687065273598511,
                    0.873694759204375,
                    -0.6735952849936533
                ],
                [
                    0.9399163846103398,
                    -4.927254701269386e-06,
                    -0.3414047303666862,
                    -0.47520477420910323
                ],
                [
                    0.0,
                    0.0,
                    0.0,
                    1.0
                ]
            ],
            "size": [
                0.15068,
                0.17726,
                0.74884
            ]
        },
        "distance": 0.15823820159610996
    },
    {
        "case": 1,
        "collider1": {
            "type": "Box",
            "collider2origin": [
                [
                    1.0,
                    0.0,
                    0.0,
                    1.23
                ],
                [
                    0.0,
                    1.0,
                    0.0,
                    -0.23086
                ],
                [
                    0.0,
                    0.0,
                    1.0,
                    -0.54301
                ],
                [
                    0.0,
                    0.0,
                    0.0,
                    1.0
                ]
            ],
            "size": [
                0.1,
                0.16,
                0.1
            ]
        },
        "collider2": {
            "type": "Box",
            "collider2origin": [
                [
                    -0.12587384764111745,
                    0.9295458550593192,
                    -0.34655486985765943,
                    1.0583005641993828
                ],
                [
                    0.31735305957410953,
                    0.3687065273598511,
                    0.873694759204375,
                    -0.6735952849936533
                ],
                [
                    0.9399163846103398,
                    -4.927254701269386e-06,
                    -0.3414047303666862,
                    -0.47520477420910323
                ],
                [
                    0.0,
                    0.0,
                    0.0,
                    1.0
                ]
            ],
            "size": [
                0.15068,
                0.17726,
                0.74884
            ]
        },
        "distance": 0.15823820159610996
    }
]