[
    {
        "case": 0,
        "collider1": {
            "type": "Box",
            "collider2origin": [
                [
                    1.0,
                    0.0,
                    0.0,
                    1.23
                ],
                [
                    0.0,
                    1.0,
                    0.0,
                    -0.23086
                ],
                [
                    0.0,
                    0.0,
                    1.0,
                    -0.54301
                ],
                [
                    0.0,
                    0.0,
                    0.0,
                    1.0
                ]
            ],
            "size": [
                0.1,
                0.16,
                0.1
            ]
        },
        "collider2": {
            "type": "Sphere",
            "collider2origin": [
                [
                    1.0,
                    0.0,
                    0.0,
                    1.2275422606495217
                ],
                [
                    0.0,
                    1.0,
                    0.0,
                    -0.28783506118074365
                ],
                [
                    0.0,
                    0.0,
                    1.0,
                    -0.542257902009599
                ],
                [
                    0.0,
                    0.0,
                    0.0,
                    1.0
                ]
            ],
            "radius": 0.00663
        },
        "distance": 0.0
    },
    {
        "case": 1,
        "collider1": {
            "type": "Box",
            "collider2origin": [
                [
                    1.0,
                    0.0,
                    0.0,
                    1.23
                ],
                [
                    0.0,
                    1.0,
                    0.0,
                    -0.23086
                ],
                [
                    0.0,
                    0.0,
                    1.0,
                    -0.54301
                ],
                [
                    0.0,
                    0.0,
                    0.0,
                    1.0
                ]
            ],
            "size": [
                0.1,
                0.16,
                0.1
            ]
        },
        "collider2": {
            "type": "Cylinder",
            "collider2origin": [
                [
                    -0.30793368735484056,
                    -0.5643161349568978,
                    -0.7659792059967151,
                    1.226423947753669
                ],
                [
                    -0.20468498987195624,
                    -0.7469535607213974,
                    0.6325855144142505,
                    -0.3167848760217924
                ],
                [
                    -0.9291291078817667,
                    0.35157883604240575,
                    0.11450512186753327,
                    -0.4984042512655389
                ],
                [
                    0.0,
                    0.0,
                    0.0,
                    1.0
                ]
            ],
            "radius": 0.00813,
            "height": 0.03824
        },
        "distance": 0.0
    },
    {
        "case": 2,
        "collider1": {
            "type": "Box",
            "collider2origin": [
                [
                    1.0,
                    0.0,
                    0.0,
                    1.23
                ],
                [
                    0.0,
                    1.0,
                    0.0,
                    -0.23086
                ],
                [
                    0.0,
                    0.0,
                    1.0,
                    -0.54301
                ],
                [
                    0.0,
                    0.0,
                    0.0,
                    1.0
                ]
            ],
            "size": [
                0.1,
                0.16,
                0.1
            ]
        },
        "collider2": {
            "type": "Cylinder",
            "collider2origin": [
                [
                    -0.4361103662134275,
                    0.05766396289817284,
                    -0.8980437716860282,
                    1.2088026236853537
                ],
                [
                    -0.27857239945311246,
                    -0.9575759975815534,
                    0.0737944924681199,
                    -0.2854653050921948
                ],
                [
                    -0.8556898776683783,
                    0.2823527514273062,
                    0.43367240748899905,
                    -0.5348163388316115
                ],
                [
                    0.0,
                    0.0,
                    0.0,
                    1.0
                ]
            ],
            "radius": 0.00796,
            "height": 0.03037
        },
        "distance": 0.0
    },
    {
        "case": 3,
        "collider1": {
            "type": "Box",
            "collider2origin": [
                [
                    1.0,
                    0.0,
                    0.0,
                    1.23
                ],
                [
                    0.0,
                    1.0,
                    0.0,
                    -0.23086
                ],
                [
                    0.0,
                    0.0,
                    1.0,
                    -0.54301
                ],
                [
                    0.0,
                    0.0,
                    0.0,
                    1.0
                ]
            ],
            "size": [
                0.1,
                0.16,
                0.1
            ]
        },
        "collider2": {
            "type": "Cylinder",
            "collider2origin": [
                [
                    -0.4361103662134275,
                    0.4954209249294003,
                    -0.7512428739251288,
                    1.1852956888486865
                ],
                [
                    -0.27857239945311246,
                    -0.8681304614349067,
                    -0.4107881694885463,
                    -0.28864071806913694
                ],
                [
                    -0.8556898776683783,
                    0.03012655092958192,
                    0.5166112892542728,
                    -0.5218060979802457
                ],
                [
                    0.0,
                    0.0,
                    0.0,
                    1.0
                ]
            ],
            "radius": 0.00713,
            "height": 0.01426
        },
        "distance": 0.0
    },
    {
        "case": 4,
        "collider1": {
            "type": "Box",
            "collider2origin": [
                [
                    1.0,
                    0.0,
                    0.0,
                    1.23
                ],
                [
                    0.0,
                    1.0,
                    0.0,
                    -0.23086
                ],
                [
                    0.0,
                    0.0,
                    1.0,
                    -0.54301
                ],
                [
                    0.0,
                    0.0,
                    0.0,
                    1.0
                ]
            ],
            "size": [
                0.1,
                0.16,
                0.1
            ]
        },
        "collider2": {
            "type": "Cylinder",
            "collider2origin": [
                [
                    -0.30793368735484056,
                    -0.11018298758801824,
                    -0.9450061129105084,
                    1.2003729021190013
                ],
                [
                    -0.20468498987195624,
                    -0.9623400379909243,
                    0.17890138680497297,
                    -0.3037948019864183
                ],
                [
                    -0.9291291078817667,
                    0.24851833036177443,
                    0.27378411268922725,
                    -0.4926320161788533
                ],
                [
                    0.0,
                    0.0,
                    0.0,
                    1.0
                ]
            ],
            "radius": 0.00683,
            "height": 0.01183
        },
        "distance": 0.0
    },
    {
        "case": 5,
        "collider1": {
            "type": "Box",
            "collider2origin": [
                [
                    1.0,
                    0.0,
                    0.0,
                    1.23
                ],
                [
                    0.0,
                    1.0,
                    0.0,
                    -0.23086
                ],
                [
                    0.0,
                    0.0,
                    1.0,
                    -0.54301
                ],
                [
                    0.0,
                    0.0,
                    0.0,
                    1.0
                ]
            ],
            "size": [
                0.1,
                0.16,
                0.1
            ]
        },
        "collider2": {
            "type": "Cylinder",
            "collider2origin": [
                [
                    -0.30793368735484056,
                    -0.11018298758801824,
                    -0.9450061129105084,
                    1.1849498194247956
                ],
                [
                    -0.20468498987195624,
                    -0.9623400379909243,
                    0.17890138680497297,
                    -0.3008801264954679
                ],
                [
                    -0.9291291078817667,
                    0.24851833036177443,
                    0.27378411268922725,
                    -0.4881625657663142
                ],
                [
                    0.0,
                    0.0,
                    0.0,
                    1.0
                ]
            ],
            "radius": 0.00683,
            "height": 0.01782
        },
        "distance": 0.0
    },
    {
        "case": 6,
        "collider1": {
            "type": "Box",
            "collider2origin": [
                [
                    1.0,
                    0.0,
                    0.0,
                    1.23
                ],
                [
                    0.0,
                    1.0,
                    0.0,
                    -0.23086
                ],
                [
                    0.0,
                    0.0,
                    1.0,
                    -0.54301
                ],
                [
                    0.0,
                    0.0,
                    0.0,
                    1.0
                ]
            ],
            "size": [
                0.1,
                0.16,
                0.1
            ]
        },
        "collider2": {
            "type": "Box",
            "collider2origin": [
                [
                    -0.2684712074215871,
                    0.8715413428951759,
                    0.41029123608732826,
                    1.150985274995107
                ],
                [
                    -0.1752709757557281,
                    0.37462221105406684,
                    -0.9104604791217444,
                    -0.3015355495303721
                ],
                [
                    -0.9472081586658921,
                    -0.3163445694325013,
                    0.05218062425206531,
                    -0.47085286193896136
                ],
                [
                    0.0,
                    0.0,
                    0.0,
                    1.0
                ]
            ],
            "size": [
                0.07264,
                0.04753,
                0.03326
            ]
        },
        "distance": 0.005651968363386137
    },
    {
        "case": 7,
        "collider1": {
            "type": "Box",
            "collider2origin": [
                [
                    1.0,
                    0.0,
                    0.0,
                    1.23
                ],
                [
                    0.0,
                    1.0,
                    0.0,
                    -0.23086
                ],
                [
                    0.0,
                    0.0,
                    1.0,
                    -0.54301
                ],
                [
                    0.0,
                    0.0,
                    0.0,
                    1.0
                ]
            ],
            "size": [
                0.1,
                0.16,
                0.1
            ]
        },
        "collider2": {
            "type": "Cylinder",
            "collider2origin": [
                [
                    -0.4633276489342299,
                    0.47775835935260363,
                    -0.746374195562646,
                    1.1735944996638137
                ],
                [
                    -0.2650830596387578,
                    -0.8783862640989281,
                    -0.3977040891603737,
                    -0.2950250562757686
                ],
                [
                    -0.8456112944051972,
                    0.013583854792957515,
                    0.5336262902662594,
                    -0.5139229160807578
                ],
                [
                    0.0,
                    0.0,
                    0.0,
                    1.0
                ]
            ],
            "radius": 0.00713,
            "height": 0.01697
        },
        "distance": 0.0
    }
]