[
    {
        "case": 0,
        "collider1": {
            "type": "Box",
            "collider2origin": [
                [
                    1.0,
                    0.0,
                    0.0,
                    1.2009999999999998
                ],
                [
                    0.0,
                    1.0,
                    0.0,
                    0.02914
                ],
                [
                    0.0,
                    0.0,
                    1.0,
                    -1.22801
                ],
                [
                    0.0,
                    0.0,
                    0.0,
                    1.0
                ]
            ],
            "size": [
                0.41,
                0.6,
                0.82
            ]
        },
        "collider2": {
            "type": "Box",
            "collider2origin": [
                [
                    0.17829098990430495,
                    0.9795893568474906,
                    -0.09282787765570465,
                    1.2984877607039826
                ],
                [
                    0.8688914293270757,
                    -0.20100918362869954,
                    -0.4523527297794001,
                    -0.34112435820206966
                ],
                [
                    -0.4617791755383673,
                    -6.93131938029518e-06,
                    -0.886994922753824,
                    -1.3050689220802143
                ],
                [
                    0.0,
                    0.0,
                    0.0,
                    1.0
                ]
            ],
            "size": [
                0.09102,
                0.10007,
                0.11882
            ]
        },
        "distance": 0.0
    },
    {
        "case": 1,
        "collider1": {
            "type": "Box",
            "collider2origin": [
                [
                    1.0,
                    0.0,
                    0.0,
                    1.2009999999999998
                ],
                [
                    0.0,
                    1.0,
                    0.0,
                    0.02914
                ],
                [
                    0.0,
                    0.0,
                    1.0,
                    -1.22801
                ],
                [
                    0.0,
                    0.0,
                    0.0,
                    1.0
                ]
            ],
            "size": [
                0.41,
                0.6,
                0.82
            ]
        },
        "collider2": {
            "type": "Box",
            "collider2origin": [
                [
                    0.1783685103381075,
                    0.9795900382252392,
                    0.09267163282061373,
                    1.1622193854338632
                ],
                [
                    0.8692523531640117,
                    -0.20100586300357565,
                    0.451660258996755,
                    -0.44922009404494967
                ],
                [
                    0.4610694319065107,
                    -6.932675305253289e-06,
                    -0.8873640622164868,
                    -1.0438658766103117
                ],
                [
                    0.0,
                    0.0,
                    0.0,
                    1.0
                ]
            ],
            "size": [
                0.1202,
                0.13634,
                0.67816
            ]
        },
        "distance": 0.0
    },
    {
        "case": 2,
        "collider1": {
            "type": "Box",
            "collider2origin": [
                [
                    1.0,
                    0.0,
                    0.0,
                    1.28
                ],
                [
                    0.0,
                    1.0,
                    0.0,
                    -0.23086
                ],
                [
                    0.0,
                    0.0,
                    1.0,
                    -0.67301
                ],
                [
                    0.0,
                    0.0,
                    0.0,
                    1.0
                ]
            ],
            "size": [
                0.06,
                0.06,
                0.33
            ]
        },
        "collider2": {
            "type": "Box",
            "collider2origin": [
                [
                    0.1783685103381075,
                    0.9795900382252392,
                    0.09267163282061373,
                    1.1622193854338632
                ],
                [
                    0.8692523531640117,
                    -0.20100586300357565,
                    0.451660258996755,
                    -0.44922009404494967
                ],
                [
                    0.4610694319065107,
                    -6.932675305253289e-06,
                    -0.8873640622164868,
                    -1.0438658766103117
                ],
                [
                    0.0,
                    0.0,
                    0.0,
                    1.0
                ]
            ],
            "size": [
                0.1202,
                0.13634,
                0.67816
            ]
        },
        "distance": 0.21420360453082565
    }
]