[
    {
        "case": 0,
        "collider1": {
            "type": "Box",
            "collider2origin": [
                [
                    1.0,
                    0.0,
                    0.0,
                    1.23
                ],
                [
                    0.0,
                    1.0,
                    0.0,
                    -0.23086
                ],
                [
                    0.0,
                    0.0,
                    1.0,
                    -0.54301
                ],
                [
                    0.0,
                    0.0,
                    0.0,
                    1.0
                ]
            ],
            "size": [
                0.1,
                0.16,
                0.1
            ]
        },
        "collider2": {
            "type": "Box",
            "collider2origin": [
                [
                    -0.1794185544247301,
                    -0.9589258344038631,
                    -0.21970486212415732,
                    1.0657869668776245
                ],
                [
                    -0.6065230026355267,
                    0.28365691261962317,
                    -0.7427439688055959,
                    -0.6076843212438736
                ],
                [
                    0.7745571829130015,
                    -5.9965216185604e-06,
                    -0.6325038896022036,
                    -0.5481519593862165
                ],
                [
                    0.0,
                    0.0,
                    0.0,
                    1.0
                ]
            ],
            "size": [
                0.1202,
                0.13634,
                0.67816
            ]
        },
        "distance": 0.09771211515287578
    }
]