[
    {
        "case": 0,
        "collider1": {
            "type": "Box",
            "collider2origin": [
                [
                    1.0,
                    0.0,
                    0.0,
                    0.205
                ],
                [
                    0.0,
                    1.0,
                    0.0,
                    -0.17586
                ],
                [
                    0.0,
                    0.0,
                    1.0,
                    -0.10301
                ],
                [
                    0.0,
                    0.0,
                    0.0,
                    1.0
                ]
            ],
            "size": [
                0.05,
                0.05,
                1.2
            ]
        },
        "collider2": {
            "type": "Box",
            "collider2origin": [
                [
                    -0.050692365256804206,
                    0.7055358486114492,
                    -0.7068588617459588,
                    0.4082439062050607
                ],
                [
                    0.050473412518007243,
                    0.7086742314410973,
                    0.7037281210241331,
                    -0.34284519576029904
                ],
                [
                    0.9974380776436489,
                    -3.935968472963589e-06,
                    -0.07153517492150513,
                    -0.2902479048345896
                ],
                [
                    0.0,
                    0.0,
                    0.0,
                    1.0
                ]
            ],
            "size": [
                0.1202,
                0.13634,
                0.67816
            ]
        },
        "distance": 0.0
    }
]