[
    {
        "case": 0,
        "collider1": {
            "type": "Box",
            "collider2origin": [
                [
                    1.0,
                    0.0,
                    0.0,
                    0.0
                ],
                [
                    0.0,
                    1.0,
                    0.0,
                    -0.37086
                ],
                [
                    0.0,
                    0.0,
                    1.0,
                    0.39699
                ],
                [
                    0.0,
                    0.0,
                    0.0,
                    1.0
                ]
            ],
            "size": [
                0.6,
                1.6,
                0.1
            ]
        },
        "collider2": {
            "type": "Cylinder",
            "collider2origin": [
                [
                    -0.38416591437622377,
                    -0.614782720348453,
                    0.688809666738523,
                    0.31616842649828936
                ],
                [
                    0.2522812380946209,
                    0.6477672109633643,
                    0.7188545174833284,
                    -1.199383207925826
                ],
                [
                    -0.8881276525009929,
                    0.44993315854880045,
                    -0.09375193705399032,
                    0.38448511252999773
                ],
                [
                    0.0,
                    0.0,
                    0.0,
                    1.0
                ]
            ],
            "radius": 0.01271,
            "height": 0.05982
        },
        "distance": 0.01869814218153561
    },
    {
        "case": 1,
        "collider1": {
            "type": "Box",
            "collider2origin": [
                [
                    1.0,
                    0.0,
                    0.0,
                    0.0
                ],
                [
                    0.0,
                    1.0,
                    0.0,
                    -0.37086
                ],
                [
                    0.0,
                    0.0,
                    1.0,
                    0.39699
                ],
                [
                    0.0,
                    0.0,
                    0.0,
                    1.0
                ]
            ],
            "size": [
                0.6,
                1.6,
                0.1
            ]
        },
        "collider2": {
            "type": "Box",
            "collider2origin": [
                [
                    -0.9517575789051103,
                    -0.2651941543206177,
                    -0.1543682982702574,
                    0.3722564987522977
                ],
                [
                    0.2617733397903092,
                    -0.9641950324048397,
                    0.04245772086272619,
                    -0.8773360626822166
                ],
                [
                    -0.1601006857315423,
                    -4.738181461558755e-08,
                    0.9871006891033393,
                    0.055495250637475735
                ],
                [
                    0.0,
                    0.0,
                    0.0,
                    1.0
                ]
            ],
            "size": [
                0.1202,
                0.13634,
                0.67816
            ]
        },
        "distance": 0.0
    },
    {
        "case": 2,
        "collider1": {
            "type": "Box",
            "collider2origin": [
                [
                    1.0,
                    0.0,
                    0.0,
                    0.0
                ],
                [
                    0.0,
                    1.0,
                    0.0,
                    -0.37086
                ],
                [
                    0.0,
                    0.0,
                    1.0,
                    0.39699
                ],
                [
                    0.0,
                    0.0,
                    0.0,
                    1.0
                ]
            ],
            "size": [
                0.6,
                1.6,
                0.1
            ]
        },
        "collider2": {
            "type": "Box",
            "collider2origin": [
                [
                    0.0007668402727230019,
                    -0.2651900456050521,
                    0.964195857524801,
                    0.2999859970074318
                ],
                [
                    -0.0002147224226411516,
                    -0.9641961624578663,
                    -0.2651899587009372,
                    -0.9733699209028313
                ],
                [
                    0.9999996829250883,
                    -3.6761301746595712e-06,
                    -0.0007963266972302873,
                    0.3434259608805079
                ],
                [
                    0.0,
                    0.0,
                    0.0,
                    1.0
                ]
            ],
            "size": [
                0.09102,
                0.10007,
                0.11882
            ]
        },
        "distance": 0.0
    }
]