[
    {
        "case": 0,
        "collider1": {
            "type": "Box",
            "collider2origin": [
                [
                    1.0,
                    0.0,
                    0.0,
                    1.23
                ],
                [
                    0.0,
                    1.0,
                    0.0,
                    -0.23086
                ],
                [
                    0.0,
                    0.0,
                    1.0,
                    -0.54301
                ],
                [
                    0.0,
                    0.0,
                    0.0,
                    1.0
                ]
            ],
            "size": [
                0.1,
                0.16,
                0.1
            ]
        },
        "collider2": {
            "type": "Box",
            "collider2origin": [
                [
                    -0.07733190151880143,
                    0.9669998124846785,
                    -0.24275736788423713,
                    1.0959690886463433
                ],
                [
                    0.29352913261882196,
                    0.2547770841964985,
                    0.9213735863765425,
                    -0.6791761121580424
                ],
                [
                    0.9528170996112151,
                    -4.788188192703416e-06,
                    -0.3035450125855222,
                    -0.463849270509211
                ],
                [
                    0.0,
                    0.0,
                    0.0,
                    1.0
                ]
            ],
            "size": [
                0.15068,
                0.17726,
                0.74884
            ]
        },
        "distance": 0.08646652026717981
    },
    {
        "case": 1,
        "collider1": {
            "type": "Box",
            "collider2origin": [
                [
                    1.0,
                    0.0,
                    0.0,
                    1.23
                ],
                [
                    0.0,
                    1.0,
                    0.0,
                    -0.23086
                ],
                [
                    0.0,
                    0.0,
                    1.0,
                    -0.54301
                ],
                [
                    0.0,
                    0.0,
                    0.0,
                    1.0
                ]
            ],
            "size": [
                0.1,
                0.16,
                0.1
            ]
        },
        "collider2": {
            "type": "Box",
            "collider2origin": [
                [
                    -0.07733190151880143,
                    0.9669998124846785,
                    -0.24275736788423713,
                    1.0959690886463433
                ],
                [
                    0.29352913261882196,
                    0.2547770841964985,
                    0.9213735863765425,
                    -0.6791761121580424
                ],
                [
                    0.9528170996112151,
                    -4.788188192703416e-06,
                    -0.3035450125855222,
                    -0.463849270509211
                ],
                [
                    0.0,
                    0.0,
                    0.0,
                    1.0
                ]
            ],
            "size": [
                0.15068,
                0.17726,
                0.74884
            ]
        },
        "distance": 0.08646652026717981
    }
]