[
    {
        "case": 0,
        "collider1": {
            "type": "Box",
            "collider2origin": [
                [
                    1.0,
                    0.0,
                    0.0,
                    -0.06
                ],
                [
                    0.0,
                    1.0,
                    0.0,
                    -0.37086
                ],
                [
                    0.0,
                    0.0,
                    1.0,
                    -0.40301
                ],
                [
                    0.0,
                    0.0,
                    0.0,
                    1.0
                ]
            ],
            "size": [
                0.1,
                1.0,
                1.64
            ]
        },
        "collider2": {
            "type": "Box",
            "collider2origin": [
                [
                    0.05243715503620974,
                    -0.9615079353048596,
                    -0.2697273347614114,
                    -0.1062187422494918
                ],
                [
                    0.9863013416143473,
                    0.0075643363851547515,
                    0.16477998769507904,
                    -0.5175108450628877
                ],
                [
                    -0.15639695745584906,
                    -0.27467302590687387,
                    0.9487332188437985,
                    -0.31944142224775995
                ],
                [
                    0.0,
                    0.0,
                    0.0,
                    1.0
                ]
            ],
            "size": [
                0.09126,
                0.11887,
                0.10009
            ]
        },
        "distance": 0.0
    },
    {
        "case": 1,
        "collider1": {
            "type": "Box",
            "collider2origin": [
                [
                    1.0,
                    0.0,
                    0.0,
                    -0.06
                ],
                [
                    0.0,
                    1.0,
                    0.0,
                    -0.37086
                ],
                [
                    0.0,
                    0.0,
                    1.0,
                    -0.40301
                ],
                [
                    0.0,
                    0.0,
                    0.0,
                    1.0
                ]
            ],
            "size": [
                0.1,
                1.0,
                1.64
            ]
        },
        "collider2": {
            "type": "Box",
            "collider2origin": [
                [
                    -0.8096077971806727,
                    -0.5213275166598867,
                    -0.2697273347614114,
                    -0.07241280517935111
                ],
                [
                    0.4946007837458504,
                    -0.8533566782847603,
                    0.16477998769507904,
                    -0.5322973943696979
                ],
                [
                    -0.3160779642149219,
                    -1.883134021763811e-07,
                    0.9487332188437985,
                    -0.42252105593149625
                ],
                [
                    0.0,
                    0.0,
                    0.0,
                    1.0
                ]
            ],
            "size": [
                0.09102,
                0.10007,
                0.11882
            ]
        },
        "distance": 0.0
    },
    {
        "case": 2,
        "collider1": {
            "type": "Box",
            "collider2origin": [
                [
                    1.0,
                    0.0,
                    0.0,
                    -0.06
                ],
                [
                    0.0,
                    1.0,
                    0.0,
                    -0.37086
                ],
                [
                    0.0,
                    0.0,
                    1.0,
                    -0.40301
                ],
                [
                    0.0,
                    0.0,
                    0.0,
                    1.0
                ]
            ],
            "size": [
                0.1,
                1.0,
                1.64
            ]
        },
        "collider2": {
            "type": "Box",
            "collider2origin": [
                [
                    -0.14169444310411705,
                    -0.521329616932785,
                    -0.8415094267458503,
                    0.2320429706288376
                ],
                [
                    0.086567133602387,
                    -0.8533553951896782,
                    0.5140921132253775,
                    -0.5873279024047188
                ],
                [
                    -0.9861180538724967,
                    -3.0632850875537577e-06,
                    0.16604572809119683,
                    -0.4734414028599714
                ],
                [
                    0.0,
                    0.0,
                    0.0,
                    1.0
                ]
            ],
            "size": [
                0.1202,
                0.13634,
                0.67816
            ]
        },
        "distance": 0.0
    }
]