[
    {
        "case": 0,
        "collider1": {
            "type": "Box",
            "collider2origin": [
                [
                    1.0,
                    0.0,
                    0.0,
                    1.23
                ],
                [
                    0.0,
                    1.0,
                    0.0,
                    -0.23086
                ],
                [
                    0.0,
                    0.0,
                    1.0,
                    -0.54301
                ],
                [
                    0.0,
                    0.0,
                    0.0,
                    1.0
                ]
            ],
            "size": [
                0.1,
                0.16,
                0.1
            ]
        },
        "collider2": {
            "type": "Box",
            "collider2origin": [
                [
                    -0.02062174871623681,
                    0.9967372512307987,
                    -0.07803586027433633,
                    1.1505652905332973
                ],
                [
                    0.25471123514481403,
                    0.0807146330450804,
                    0.9636427422563827,
                    -0.696873873549577
                ],
                [
                    0.9667972539115363,
                    -4.6118730278513735e-06,
                    -0.25554465325622244,
                    -0.4494519853149477
                ],
                [
                    0.0,
                    0.0,
                    0.0,
                    1.0
                ]
            ],
            "size": [
                0.15068,
                0.17726,
                0.74884
            ]
        },
        "distance": 0.0041780772101762875
    },
    {
        "case": 1,
        "collider1": {
            "type": "Box",
            "collider2origin": [
                [
                    1.0,
                    0.0,
                    0.0,
                    1.23
                ],
                [
                    0.0,
                    1.0,
                    0.0,
                    -0.23086
                ],
                [
                    0.0,
                    0.0,
                    1.0,
                    -0.54301
                ],
                [
                    0.0,
                    0.0,
                    0.0,
                    1.0
                ]
            ],
            "size": [
                0.1,
                0.16,
                0.1
            ]
        },
        "collider2": {
            "type": "Box",
            "collider2origin": [
                [
                    -0.02062174871623681,
                    0.9967372512307987,
                    -0.07803586027433633,
                    1.1505652905332973
                ],
                [
                    0.25471123514481403,
                    0.0807146330450804,
                    0.9636427422563827,
                    -0.696873873549577
                ],
                [
                    0.9667972539115363,
                    -4.6118730278513735e-06,
                    -0.25554465325622244,
                    -0.4494519853149477
                ],
                [
                    0.0,
                    0.0,
                    0.0,
                    1.0
                ]
            ],
            "size": [
                0.15068,
                0.17726,
                0.74884
            ]
        },
        "distance": 0.0041780772101762875
    }
]