[
    {
        "case": 0,
        "collider1": {
            "type": "Box",
            "collider2origin": [
                [
                    1.0,
                    0.0,
                    0.0,
                    -0.26
                ],
                [
                    0.0,
                    1.0,
                    0.0,
                    -0.4608599999999999
                ],
                [
                    0.0,
                    0.0,
                    1.0,
                    -1.143
                ],
                [
                    0.0,
                    0.0,
                    0.0,
                    1.0
                ]
            ],
            "size": [
                1.48,
                0.272,
                0.945
            ]
        },
        "collider2": {
            "type": "Box",
            "collider2origin": [
                [
                    0.28058734766326004,
                    -0.44426962564603,
                    -0.8508203335955443,
                    0.5099683090540692
                ],
                [
                    0.007516541898870282,
                    -0.8853853033611168,
                    0.464797123689493,
                    -0.5479209141882807
                ],
                [
                    -0.9597990633091801,
                    -0.13681141882342876,
                    -0.24508854267456262,
                    -1.449358907079176
                ],
                [
                    0.0,
                    0.0,
                    0.0,
                    1.0
                ]
            ],
            "size": [
                0.09126,
                0.11887,
                0.10009
            ]
        },
        "distance": 0.0
    },
    {
        "case": 1,
        "collider1": {
            "type": "Box",
            "collider2origin": [
                [
                    1.0,
                    0.0,
                    0.0,
                    -0.26
                ],
                [
                    0.0,
                    1.0,
                    0.0,
                    -0.4608599999999999
                ],
                [
                    0.0,
                    0.0,
                    1.0,
                    -1.143
                ],
                [
                    0.0,
                    0.0,
                    0.0,
                    1.0
                ]
            ],
            "size": [
                1.48,
                0.272,
                0.945
            ]
        },
        "collider2": {
            "type": "Box",
            "collider2origin": [
                [
                    0.2587917061374013,
                    -0.4442633498840644,
                    0.8577044530514473,
                    0.47440048629375375
                ],
                [
                    -0.2730257486518422,
                    -0.8853883926034027,
                    -0.37622378289558417,
                    -0.6126553790150513
                ],
                [
                    0.9265440051112488,
                    -0.13681180575137472,
                    -0.35042650641675793,
                    -1.46078595056081
                ],
                [
                    0.0,
                    0.0,
                    0.0,
                    1.0
                ]
            ],
            "size": [
                0.08993,
                0.0305,
                0.09007
            ]
        },
        "distance": 0.0
    }
]