[
    {
        "case": 0,
        "collider1": {
            "type": "Box",
            "collider2origin": [
                [
                    1.0,
                    0.0,
                    0.0,
                    1.2009999999999998
                ],
                [
                    0.0,
                    1.0,
                    0.0,
                    0.02914
                ],
                [
                    0.0,
                    0.0,
                    1.0,
                    -1.22801
                ],
                [
                    0.0,
                    0.0,
                    0.0,
                    1.0
                ]
            ],
            "size": [
                0.41,
                0.6,
                0.82
            ]
        },
        "collider2": {
            "type": "Box",
            "collider2origin": [
                [
                    0.8399039571705702,
                    0.4931360800598473,
                    0.22666748613867088,
                    0.921211439618656
                ],
                [
                    -0.235132623825229,
                    0.7070334302974091,
                    -0.666945558239158,
                    -0.25393399677478246
                ],
                [
                    -0.48915640846489994,
                    0.5068732928307494,
                    0.7097925563660363,
                    -0.7690259691955855
                ],
                [
                    0.0,
                    0.0,
                    0.0,
                    1.0
                ]
            ],
            "size": [
                0.09126,
                0.11887,
                0.10009
            ]
        },
        "distance": 0.028089277588441708
    },
    {
        "case": 1,
        "collider1": {
            "type": "Box",
            "collider2origin": [
                [
                    1.0,
                    0.0,
                    0.0,
                    1.2009999999999998
                ],
                [
                    0.0,
                    1.0,
                    0.0,
                    0.02914
                ],
                [
                    0.0,
                    0.0,
                    1.0,
                    -1.22801
                ],
                [
                    0.0,
                    0.0,
                    0.0,
                    1.0
                ]
            ],
            "size": [
                0.41,
                0.6,
                0.82
            ]
        },
        "collider2": {
            "type": "Box",
            "collider2origin": [
                [
                    0.04758235424005659,
                    0.9468117527121536,
                    -0.31825056872080115,
                    0.8780427085782854
                ],
                [
                    -0.13999415500451157,
                    0.3217879813112077,
                    0.9364048972790726,
                    -0.4913713748319438
                ],
                [
                    0.9890083701008532,
                    -3.1300866828386203e-06,
                    0.14785954098622114,
                    -0.892782080922341
                ],
                [
                    0.0,
                    0.0,
                    0.0,
                    1.0
                ]
            ],
            "size": [
                0.1202,
                0.13634,
                0.67816
            ]
        },
        "distance": 0.11447102595640733
    }
]