[
    {
        "case": 0,
        "collider1": {
            "type": "Cylinder",
            "collider2origin": [
                [
                    1.0,
                    0.0,
                    0.0,
                    0.4849999999999999
                ],
                [
                    0.0,
                    -3.673205103346574e-06,
                    -0.9999999999932537,
                    -0.46086
                ],
                [
                    0.0,
                    0.9999999999932537,
                    -3.673205103346574e-06,
                    -0.70001
                ],
                [
                    0.0,
                    0.0,
                    0.0,
                    1.0
                ]
            ],
            "radius": 0.026,
            "height": 0.272
        },
        "collider2": {
            "type": "Box",
            "collider2origin": [
                [
                    0.34358353796283697,
                    0.6542415940266669,
                    -0.6737345835612016,
                    0.79069234834923
                ],
                [
                    -0.2972221742861213,
                    0.7562856184282681,
                    0.5828302003767499,
                    -0.7552022105598877
                ],
                [
                    0.8908475355264616,
                    -2.004459218124948e-06,
                    0.4543023975750201,
                    -0.8535186637158775
                ],
                [
                    0.0,
                    0.0,
                    0.0,
                    1.0
                ]
            ],
            "size": [
                0.1202,
                0.13634,
                0.67816
            ]
        },
        "distance": 0.007773844287657564
    }
]