[
    {
        "case": 0,
        "collider1": {
            "type": "Box",
            "collider2origin": [
                [
                    1.0,
                    0.0,
                    0.0,
                    1.23
                ],
                [
                    0.0,
                    1.0,
                    0.0,
                    -0.23086
                ],
                [
                    0.0,
                    0.0,
                    1.0,
                    -0.54301
                ],
                [
                    0.0,
                    0.0,
                    0.0,
                    1.0
                ]
            ],
            "size": [
                0.1,
                0.16,
                0.1
            ]
        },
        "collider2": {
            "type": "Box",
            "collider2origin": [
                [
                    0.35472331462925766,
                    0.8296122390328915,
                    0.43117850468833097,
                    1.489109404250701
                ],
                [
                    0.5270590952247683,
                    -0.5583399795919599,
                    0.6406755632378202,
                    -0.35958571993240274
                ],
                [
                    0.7722564860195614,
                    -6.0068322859672895e-06,
                    -0.6353108843429619,
                    -0.3808220720618567
                ],
                [
                    0.0,
                    0.0,
                    0.0,
                    1.0
                ]
            ],
            "size": [
                0.1202,
                0.13634,
                0.67816
            ]
        },
        "distance": 0.15228258672362685
    },
    {
        "case": 1,
        "collider1": {
            "type": "Box",
            "collider2origin": [
                [
                    1.0,
                    0.0,
                    0.0,
                    1.28
                ],
                [
                    0.0,
                    1.0,
                    0.0,
                    -0.23086
                ],
                [
                    0.0,
                    0.0,
                    1.0,
                    -0.67301
                ],
                [
                    0.0,
                    0.0,
                    0.0,
                    1.0
                ]
            ],
            "size": [
                0.06,
                0.06,
                0.33
            ]
        },
        "collider2": {
            "type": "Box",
            "collider2origin": [
                [
                    0.35472331462925766,
                    0.8296122390328915,
                    0.43117850468833097,
                    1.489109404250701
                ],
                [
                    0.5270590952247683,
                    -0.5583399795919599,
                    0.6406755632378202,
                    -0.35958571993240274
                ],
                [
                    0.7722564860195614,
                    -6.0068322859672895e-06,
                    -0.6353108843429619,
                    -0.3808220720618567
                ],
                [
                    0.0,
                    0.0,
                    0.0,
                    1.0
                ]
            ],
            "size": [
                0.1202,
                0.13634,
                0.67816
            ]
        },
        "distance": 0.14434072992655805
    }
]