[
    {
        "case": 0,
        "collider1": {
            "type": "Box",
            "collider2origin": [
                [
                    1.0,
                    0.0,
                    0.0,
                    0.5199999999999999
                ],
                [
                    0.0,
                    1.0,
                    0.0,
                    -0.43085999999999997
                ],
                [
                    0.0,
                    0.0,
                    1.0,
                    -0.80301
                ],
                [
                    0.0,
                    0.0,
                    0.0,
                    1.0
                ]
            ],
            "size": [
                0.2,
                0.08,
                0.04
            ]
        },
        "collider2": {
            "type": "Box",
            "collider2origin": [
                [
                    0.08323344052801657,
                    0.7975235082353962,
                    -0.5975185756022775,
                    0.6781652094468987
                ],
                [
                    -0.11002622903090668,
                    0.6032878697619231,
                    0.7898974459531813,
                    -0.4946505249679447
                ],
                [
                    0.9904374908610373,
                    -3.1664415389876773e-06,
                    0.1379622292037427,
                    -0.8560848328202927
                ],
                [
                    0.0,
                    0.0,
                    0.0,
                    1.0
                ]
            ],
            "size": [
                0.1202,
                0.13634,
                0.67816
            ]
        },
        "distance": 0.0
    },
    {
        "case": 1,
        "collider1": {
            "type": "Box",
            "collider2origin": [
                [
                    1.0,
                    0.0,
                    0.0,
                    -0.08499999999999996
                ],
                [
                    0.0,
                    1.0,
                    0.0,
                    0.42914
                ],
                [
                    0.0,
                    0.0,
                    1.0,
                    -1.2880099999999999
                ],
                [
                    0.0,
                    0.0,
                    0.0,
                    1.0
                ]
            ],
            "size": [
                1.02,
                1.22,
                0.75
            ]
        },
        "collider2": {
            "type": "Box",
            "collider2origin": [
                [
                    0.08323344052801657,
                    0.7975235082353962,
                    -0.5975185756022775,
                    0.6781652094468987
                ],
                [
                    -0.11002622903090668,
                    0.6032878697619231,
                    0.7898974459531813,
                    -0.4946505249679447
                ],
                [
                    0.9904374908610373,
                    -3.1664415389876773e-06,
                    0.1379622292037427,
                    -0.8560848328202927
                ],
                [
                    0.0,
                    0.0,
                    0.0,
                    1.0
                ]
            ],
            "size": [
                0.1202,
                0.13634,
                0.67816
            ]
        },
        "distance": 0.07359429051332307
    },
    {
        "case": 2,
        "collider1": {
            "type": "Box",
            "collider2origin": [
                [
                    1.0,
                    0.0,
                    0.0,
                    -0.26
                ],
                [
                    0.0,
                    1.0,
                    0.0,
                    -0.4608599999999999
                ],
                [
                    0.0,
                    0.0,
                    1.0,
                    -1.143
                ],
                [
                    0.0,
                    0.0,
                    0.0,
                    1.0
                ]
            ],
            "size": [
                1.48,
                0.272,
                0.945
            ]
        },
        "collider2": {
            "type": "Box",
            "collider2origin": [
                [
                    0.08323344052801657,
                    0.7975235082353962,
                    -0.5975185756022775,
                    0.6781652094468987
                ],
                [
                    -0.11002622903090668,
                    0.6032878697619231,
                    0.7898974459531813,
                    -0.4946505249679447
                ],
                [
                    0.9904374908610373,
                    -3.1664415389876773e-06,
                    0.1379622292037427,
                    -0.8560848328202927
                ],
                [
                    0.0,
                    0.0,
                    0.0,
                    1.0
                ]
            ],
            "size": [
                0.1202,
                0.13634,
                0.67816
            ]
        },
        "distance": 0.0
    }
]