[
    {
        "case": 0,
        "collider1": {
            "type": "Box",
            "collider2origin": [
                [
                    1.0,
                    0.0,
                    0.0,
                    1.23
                ],
                [
                    0.0,
                    1.0,
                    0.0,
                    -0.23086
                ],
                [
                    0.0,
                    0.0,
                    1.0,
                    -0.54301
                ],
                [
                    0.0,
                    0.0,
                    0.0,
                    1.0
                ]
            ],
            "size": [
                0.1,
                0.16,
                0.1
            ]
        },
        "collider2": {
            "type": "Box",
            "collider2origin": [
                [
                    0.5478137075032271,
                    -0.8322686009916583,
                    0.08502421816727487,
                    1.3214898701616113
                ],
                [
                    0.8224218587309763,
                    0.5543725965480126,
                    0.12764525246988392,
                    -0.4304063683651276
                ],
                [
                    -0.15337023229119423,
                    -4.3458434341822075e-08,
                    0.9881687972441466,
                    -0.15256385777962134
                ],
                [
                    0.0,
                    0.0,
                    0.0,
                    1.0
                ]
            ],
            "size": [
                0.1202,
                0.13634,
                0.67816
            ]
        },
        "distance": 0.07449427379611812
    },
    {
        "case": 1,
        "collider1": {
            "type": "Box",
            "collider2origin": [
                [
                    1.0,
                    0.0,
                    0.0,
                    1.23
                ],
                [
                    0.0,
                    1.0,
                    0.0,
                    -0.23086
                ],
                [
                    0.0,
                    0.0,
                    1.0,
                    -0.54301
                ],
                [
                    0.0,
                    0.0,
                    0.0,
                    1.0
                ]
            ],
            "size": [
                0.1,
                0.16,
                0.1
            ]
        },
        "collider2": {
            "type": "Box",
            "collider2origin": [
                [
                    -0.05157953415551509,
                    -0.8322668858023607,
                    0.5519704543298853,
                    1.0203145453449742
                ],
                [
                    -0.07744202488975248,
                    0.5543751715045687,
                    0.8286560818580014,
                    -0.6546596539473553
                ],
                [
                    -0.9956617319337301,
                    -4.014985252873337e-06,
                    -0.09304684597881266,
                    -0.4005134344457242
                ],
                [
                    0.0,
                    0.0,
                    0.0,
                    1.0
                ]
            ],
            "size": [
                0.15068,
                0.17726,
                0.74884
            ]
        },
        "distance": 0.007219840828658966
    },
    {
        "case": 2,
        "collider1": {
            "type": "Box",
            "collider2origin": [
                [
                    1.0,
                    0.0,
                    0.0,
                    1.23
                ],
                [
                    0.0,
                    1.0,
                    0.0,
                    -0.23086
                ],
                [
                    0.0,
                    0.0,
                    1.0,
                    -0.54301
                ],
                [
                    0.0,
                    0.0,
                    0.0,
                    1.0
                ]
            ],
            "size": [
                0.1,
                0.16,
                0.1
            ]
        },
        "collider2": {
            "type": "Box",
            "collider2origin": [
                [
                    -0.05157953415551509,
                    -0.8322668858023607,
                    0.5519704543298853,
                    1.0203145453449742
                ],
                [
                    -0.07744202488975248,
                    0.5543751715045687,
                    0.8286560818580014,
                    -0.6546596539473553
                ],
                [
                    -0.9956617319337301,
                    -4.014985252873337e-06,
                    -0.09304684597881266,
                    -0.4005134344457242
                ],
                [
                    0.0,
                    0.0,
                    0.0,
                    1.0
                ]
            ],
            "size": [
                0.15068,
                0.17726,
                0.74884
            ]
        },
        "distance": 0.007219840828658966
    }
]