[
    {
        "case": 0,
        "collider1": {
            "type": "Box",
            "collider2origin": [
                [
                    1.0,
                    0.0,
                    0.0,
                    -0.06
                ],
                [
                    0.0,
                    1.0,
                    0.0,
                    -0.37086
                ],
                [
                    0.0,
                    0.0,
                    1.0,
                    -0.40301
                ],
                [
                    0.0,
                    0.0,
                    0.0,
                    1.0
                ]
            ],
            "size": [
                0.1,
                1.0,
                1.64
            ]
        },
        "collider2": {
            "type": "Box",
            "collider2origin": [
                [
                    -0.48757208821244735,
                    0.5653147560262084,
                    -0.6653515502463204,
                    -0.19842611441694435
                ],
                [
                    -0.7198499040440329,
                    -0.691527674914791,
                    -0.06004656921706456,
                    -0.9451862707462385
                ],
                [
                    -0.49405422216994527,
                    0.44967621845720496,
                    0.744111365395045,
                    -0.6750068807678017
                ],
                [
                    0.0,
                    0.0,
                    0.0,
                    1.0
                ]
            ],
            "size": [
                0.09126,
                0.11887,
                0.10009
            ]
        },
        "distance": 0.04980800981003041
    }
]