[
    {
        "case": 0,
        "collider1": {
            "type": "Box",
            "collider2origin": [
                [
                    1.0,
                    0.0,
                    0.0,
                    -0.06
                ],
                [
                    0.0,
                    1.0,
                    0.0,
                    -0.37086
                ],
                [
                    0.0,
                    0.0,
                    1.0,
                    -0.40301
                ],
                [
                    0.0,
                    0.0,
                    0.0,
                    1.0
                ]
            ],
            "size": [
                0.1,
                1.0,
                1.64
            ]
        },
        "collider2": {
            "type": "Box",
            "collider2origin": [
                [
                    -0.7957804910656313,
                    -0.4335269383461249,
                    0.4228330684414095,
                    0.06961822406581908
                ],
                [
                    0.3828393434527304,
                    -0.9011406070797446,
                    -0.20341986967017628,
                    -0.7299124183383217
                ],
                [
                    0.4692200412855621,
                    -4.294664269847429e-07,
                    0.883081283266603,
                    -0.28494435660135875
                ],
                [
                    0.0,
                    0.0,
                    0.0,
                    1.0
                ]
            ],
            "size": [
                0.09102,
                0.10007,
                0.11882
            ]
        },
        "distance": 0.0
    }
]