[
    {
        "case": 0,
        "collider1": {
            "type": "Box",
            "collider2origin": [
                [
                    1.0,
                    0.0,
                    0.0,
                    1.23
                ],
                [
                    0.0,
                    1.0,
                    0.0,
                    -0.23086
                ],
                [
                    0.0,
                    0.0,
                    1.0,
                    -0.54301
                ],
                [
                    0.0,
                    0.0,
                    0.0,
                    1.0
                ]
            ],
            "size": [
                0.1,
                0.16,
                0.1
            ]
        },
        "collider2": {
            "type": "Box",
            "collider2origin": [
                [
                    0.213461524013679,
                    -0.881957514038538,
                    0.42022032458785186,
                    1.3350357231885706
                ],
                [
                    0.3994285062378832,
                    0.47132891214832484,
                    0.786324312849126,
                    -0.27080775899734344
                ],
                [
                    -0.8915666246390849,
                    -2.0096488592263447e-06,
                    0.45288956029658084,
                    -0.5118518885860096
                ],
                [
                    0.0,
                    0.0,
                    0.0,
                    1.0
                ]
            ],
            "size": [
                0.1202,
                0.13634,
                0.67816
            ]
        },
        "distance": 0.0
    },
    {
        "case": 1,
        "collider1": {
            "type": "Box",
            "collider2origin": [
                [
                    1.0,
                    0.0,
                    0.0,
                    1.28
                ],
                [
                    0.0,
                    1.0,
                    0.0,
                    -0.23086
                ],
                [
                    0.0,
                    0.0,
                    1.0,
                    -0.67301
                ],
                [
                    0.0,
                    0.0,
                    0.0,
                    1.0
                ]
            ],
            "size": [
                0.06,
                0.06,
                0.33
            ]
        },
        "collider2": {
            "type": "Box",
            "collider2origin": [
                [
                    0.213461524013679,
                    -0.881957514038538,
                    0.42022032458785186,
                    1.3350357231885706
                ],
                [
                    0.3994285062378832,
                    0.47132891214832484,
                    0.786324312849126,
                    -0.27080775899734344
                ],
                [
                    -0.8915666246390849,
                    -2.0096488592263447e-06,
                    0.45288956029658084,
                    -0.5118518885860096
                ],
                [
                    0.0,
                    0.0,
                    0.0,
                    1.0
                ]
            ],
            "size": [
                0.1202,
                0.13634,
                0.67816
            ]
        },
        "distance": 0.0
    }
]