[
    {
        "case": 0,
        "collider1": {
            "type": "Box",
            "collider2origin": [
                [
                    1.0,
                    0.0,
                    0.0,
                    0.5199999999999999
                ],
                [
                    0.0,
                    1.0,
                    0.0,
                    -0.43085999999999997
                ],
                [
                    0.0,
                    0.0,
                    1.0,
                    -0.80301
                ],
                [
                    0.0,
                    0.0,
                    0.0,
                    1.0
                ]
            ],
            "size": [
                0.2,
                0.08,
                0.04
            ]
        },
        "collider2": {
            "type": "Box",
            "collider2origin": [
                [
                    -0.6452357952785347,
                    0.7311448333004026,
                    0.2215806878529878,
                    0.6883497514076402
                ],
                [
                    0.6915026286097258,
                    0.6822222751325577,
                    -0.2374802769469417,
                    -0.5953526462604677
                ],
                [
                    -0.3247997584930075,
                    -7.147259334423506e-06,
                    -0.9457828063735354,
                    -0.7604065675613395
                ],
                [
                    0.0,
                    0.0,
                    0.0,
                    1.0
                ]
            ],
            "size": [
                0.1202,
                0.13634,
                0.67816
            ]
        },
        "distance": 0.07743028773548315
    }
]