[
    {
        "case": 0,
        "collider1": {
            "type": "Box",
            "collider2origin": [
                [
                    1.0,
                    0.0,
                    0.0,
                    0.0
                ],
                [
                    0.0,
                    1.0,
                    0.0,
                    -0.37086
                ],
                [
                    0.0,
                    0.0,
                    1.0,
                    0.39699
                ],
                [
                    0.0,
                    0.0,
                    0.0,
                    1.0
                ]
            ],
            "size": [
                0.6,
                1.6,
                0.1
            ]
        },
        "collider2": {
            "type": "Box",
            "collider2origin": [
                [
                    0.9104696267570048,
                    0.059959854565446565,
                    -0.40920639608081727,
                    0.3274349241511477
                ],
                [
                    -0.05468989270006366,
                    0.9982007893406948,
                    0.024580475912179777,
                    -0.9113106740504421
                ],
                [
                    0.40994398933197657,
                    -3.2283543222650534e-07,
                    0.9121106981120657,
                    0.1260729463376178
                ],
                [
                    0.0,
                    0.0,
                    0.0,
                    1.0
                ]
            ],
            "size": [
                0.1202,
                0.13634,
                0.67816
            ]
        },
        "distance": 0.0
    },
    {
        "case": 1,
        "collider1": {
            "type": "Box",
            "collider2origin": [
                [
                    1.0,
                    0.0,
                    0.0,
                    0.0
                ],
                [
                    0.0,
                    1.0,
                    0.0,
                    -0.37086
                ],
                [
                    0.0,
                    0.0,
                    1.0,
                    0.39699
                ],
                [
                    0.0,
                    0.0,
                    0.0,
                    1.0
                ]
            ],
            "size": [
                0.6,
                1.6,
                0.1
            ]
        },
        "collider2": {
            "type": "Box",
            "collider2origin": [
                [
                    -0.8944403271966128,
                    0.0599629854412447,
                    0.44314889310635686,
                    0.2160761841919261
                ],
                [
                    0.053726896511959055,
                    0.9982006012462964,
                    -0.026626683284361095,
                    -0.7926589928179743
                ],
                [
                    -0.4439481069625249,
                    -6.9645897100767915e-06,
                    -0.8960524974999429,
                    0.390123918760231
                ],
                [
                    0.0,
                    0.0,
                    0.0,
                    1.0
                ]
            ],
            "size": [
                0.09102,
                0.10007,
                0.11882
            ]
        },
        "distance": 0.0
    },
    {
        "case": 2,
        "collider1": {
            "type": "Box",
            "collider2origin": [
                [
                    1.0,
                    0.0,
                    0.0,
                    0.0
                ],
                [
                    0.0,
                    1.0,
                    0.0,
                    -0.37086
                ],
                [
                    0.0,
                    0.0,
                    1.0,
                    0.39699
                ],
                [
                    0.0,
                    0.0,
                    0.0,
                    1.0
                ]
            ],
            "size": [
                0.6,
                1.6,
                0.1
            ]
        },
        "collider2": {
            "type": "Box",
            "collider2origin": [
                [
                    0.627990823498691,
                    0.6397238342754211,
                    0.4431488931063568,
                    0.26600750172723664
                ],
                [
                    0.7225266306037299,
                    -0.6908301439613759,
                    -0.026626683284361092,
                    -0.7930426885244026
                ],
                [
                    0.2891068896962802,
                    0.33690818935469324,
                    -0.8960524974999426,
                    0.2927939509491444
                ],
                [
                    0.0,
                    0.0,
                    0.0,
                    1.0
                ]
            ],
            "size": [
                0.09126,
                0.11887,
                0.10009
            ]
        },
        "distance": 0.0
    },
    {
        "case": 3,
        "collider1": {
            "type": "Box",
            "collider2origin": [
                [
                    1.0,
                    0.0,
                    0.0,
                    0.0
                ],
                [
                    0.0,
                    1.0,
                    0.0,
                    -0.37086
                ],
                [
                    0.0,
                    0.0,
                    1.0,
                    0.39699
                ],
                [
                    0.0,
                    0.0,
                    0.0,
                    1.0
                ]
            ],
            "size": [
                0.6,
                1.6,
                0.1
            ]
        },
        "collider2": {
            "type": "Box",
            "collider2origin": [
                [
                    0.76716102683313,
                    0.6397223795388126,
                    0.04710876803246722,
                    0.31546216964369667
                ],
                [
                    0.6007746030298152,
                    -0.6908315237787401,
                    -0.4022706577764675,
                    -0.8451563101060041
                ],
                [
                    -0.22479732040819672,
                    0.33690812229856254,
                    -0.9143079797675131,
                    0.3136928567668962
                ],
                [
                    0.0,
                    0.0,
                    0.0,
                    1.0
                ]
            ],
            "size": [
                0.08993,
                0.0305,
                0.09007
            ]
        },
        "distance": 0.0
    }
]