[
    {
        "case": 0,
        "collider1": {
            "type": "Box",
            "collider2origin": [
                [
                    1.0,
                    0.0,
                    0.0,
                    -0.06
                ],
                [
                    0.0,
                    1.0,
                    0.0,
                    -0.37086
                ],
                [
                    0.0,
                    0.0,
                    1.0,
                    -0.40301
                ],
                [
                    0.0,
                    0.0,
                    0.0,
                    1.0
                ]
            ],
            "size": [
                0.1,
                1.0,
                1.64
            ]
        },
        "collider2": {
            "type": "Box",
            "collider2origin": [
                [
                    -0.5595338992565974,
                    -0.3130546577497079,
                    -0.7674103184372237,
                    0.18865276375688
                ],
                [
                    0.18443659785845137,
                    -0.9497351111014775,
                    0.25295525318021006,
                    -0.7833154859644809
                ],
                [
                    -0.8080253442517181,
                    -1.5091446696083414e-06,
                    0.5891477259946054,
                    -0.19521413242834873
                ],
                [
                    0.0,
                    0.0,
                    0.0,
                    1.0
                ]
            ],
            "size": [
                0.1202,
                0.13634,
                0.67816
            ]
        },
        "distance": 0.0
    },
    {
        "case": 1,
        "collider1": {
            "type": "Box",
            "collider2origin": [
                [
                    1.0,
                    0.0,
                    0.0,
                    -0.06
                ],
                [
                    0.0,
                    1.0,
                    0.0,
                    -0.37086
                ],
                [
                    0.0,
                    0.0,
                    1.0,
                    -0.40301
                ],
                [
                    0.0,
                    0.0,
                    0.0,
                    1.0
                ]
            ],
            "size": [
                0.1,
                1.0,
                1.64
            ]
        },
        "collider2": {
            "type": "Box",
            "collider2origin": [
                [
                    0.3846764956541934,
                    0.5943900211311781,
                    0.7062042880575612,
                    0.008720786299205585
                ],
                [
                    -0.6667017149481371,
                    0.7080419365326958,
                    -0.23277766086169652,
                    -0.8439471768873227
                ],
                [
                    -0.6383829704624192,
                    -0.3812835151048465,
                    0.668647937357822,
                    0.05069908536472467
                ],
                [
                    0.0,
                    0.0,
                    0.0,
                    1.0
                ]
            ],
            "size": [
                0.09126,
                0.11887,
                0.10009
            ]
        },
        "distance": 0.0
    },
    {
        "case": 2,
        "collider1": {
            "type": "Box",
            "collider2origin": [
                [
                    1.0,
                    0.0,
                    0.0,
                    -0.06
                ],
                [
                    0.0,
                    1.0,
                    0.0,
                    -0.37086
                ],
                [
                    0.0,
                    0.0,
                    1.0,
                    -0.40301
                ],
                [
                    0.0,
                    0.0,
                    0.0,
                    1.0
                ]
            ],
            "size": [
                0.1,
                1.0,
                1.64
            ]
        },
        "collider2": {
            "type": "Box",
            "collider2origin": [
                [
                    -0.6350398993929922,
                    -0.31304924486101493,
                    0.7062042880575612,
                    -0.0684326845065868
                ],
                [
                    0.20931887232949176,
                    -0.9497368952980961,
                    -0.23277766086169652,
                    -0.8162504949105975
                ],
                [
                    0.7435791389392581,
                    -1.2171240875098723e-06,
                    0.668647937357822,
                    -0.0217107762516191
                ],
                [
                    0.0,
                    0.0,
                    0.0,
                    1.0
                ]
            ],
            "size": [
                0.09102,
                0.10007,
                0.11882
            ]
        },
        "distance": 0.0
    }
]