[
    {
        "case": 0,
        "collider1": {
            "type": "Box",
            "collider2origin": [
                [
                    1.0,
                    0.0,
                    0.0,
                    0.5199999999999999
                ],
                [
                    0.0,
                    1.0,
                    0.0,
                    -0.43085999999999997
                ],
                [
                    0.0,
                    0.0,
                    1.0,
                    -0.80301
                ],
                [
                    0.0,
                    0.0,
                    0.0,
                    1.0
                ]
            ],
            "size": [
                0.2,
                0.08,
                0.04
            ]
        },
        "collider2": {
            "type": "Box",
            "collider2origin": [
                [
                    -0.5227885797679427,
                    0.5423063743891956,
                    -0.6577202271186912,
                    0.8974105398596045
                ],
                [
                    0.3374467020249979,
                    0.8401808116479084,
                    0.424530242775605,
                    -0.7260412233314446
                ],
                [
                    0.782829371036032,
                    -5.958807136469123e-06,
                    -0.6222364307944552,
                    -0.5594303238747547
                ],
                [
                    0.0,
                    0.0,
                    0.0,
                    1.0
                ]
            ],
            "size": [
                0.15068,
                0.17726,
                0.74884
            ]
        },
        "distance": 0.055490089644605015
    },
    {
        "case": 1,
        "collider1": {
            "type": "Box",
            "collider2origin": [
                [
                    1.0,
                    0.0,
                    0.0,
                    0.5199999999999999
                ],
                [
                    0.0,
                    1.0,
                    0.0,
                    -0.43085999999999997
                ],
                [
                    0.0,
                    0.0,
                    1.0,
                    -0.80301
                ],
                [
                    0.0,
                    0.0,
                    0.0,
                    1.0
                ]
            ],
            "size": [
                0.2,
                0.08,
                0.04
            ]
        },
        "collider2": {
            "type": "Box",
            "collider2origin": [
                [
                    -0.5227885797679427,
                    0.5423063743891956,
                    -0.6577202271186912,
                    0.8974105398596045
                ],
                [
                    0.3374467020249979,
                    0.8401808116479084,
                    0.424530242775605,
                    -0.7260412233314446
                ],
                [
                    0.782829371036032,
                    -5.958807136469123e-06,
                    -0.6222364307944552,
                    -0.5594303238747547
                ],
                [
                    0.0,
                    0.0,
                    0.0,
                    1.0
                ]
            ],
            "size": [
                0.15068,
                0.17726,
                0.74884
            ]
        },
        "distance": 0.055490089644605015
    }
]