[
    {
        "case": 0,
        "collider1": {
            "type": "Box",
            "collider2origin": [
                [
                    1.0,
                    0.0,
                    0.0,
                    1.23
                ],
                [
                    0.0,
                    1.0,
                    0.0,
                    -0.23086
                ],
                [
                    0.0,
                    0.0,
                    1.0,
                    -0.54301
                ],
                [
                    0.0,
                    0.0,
                    0.0,
                    1.0
                ]
            ],
            "size": [
                0.1,
                0.16,
                0.1
            ]
        },
        "collider2": {
            "type": "Box",
            "collider2origin": [
                [
                    0.23195651473040738,
                    -0.9644055970440051,
                    0.1269567629719592,
                    1.1208060502690402
                ],
                [
                    0.8459787196036058,
                    0.264427389636536,
                    0.4630314909245931,
                    -0.37711919929671
                ],
                [
                    -0.4801210068846876,
                    -4.5106125636001676e-07,
                    0.8772022678651886,
                    -0.4823018372069674
                ],
                [
                    0.0,
                    0.0,
                    0.0,
                    1.0
                ]
            ],
            "size": [
                0.1202,
                0.13634,
                0.67816
            ]
        },
        "distance": 0.014825508757787135
    }
]