[
    {
        "case": 0,
        "collider1": {
            "type": "Box",
            "collider2origin": [
                [
                    1.0,
                    0.0,
                    0.0,
                    1.2009999999999998
                ],
                [
                    0.0,
                    1.0,
                    0.0,
                    0.02914
                ],
                [
                    0.0,
                    0.0,
                    1.0,
                    -1.22801
                ],
                [
                    0.0,
                    0.0,
                    0.0,
                    1.0
                ]
            ],
            "size": [
                0.41,
                0.6,
                0.82
            ]
        },
        "collider2": {
            "type": "Box",
            "collider2origin": [
                [
                    -0.4417164542358772,
                    -0.8866276383430104,
                    0.13703286096254425,
                    1.2634848162965309
                ],
                [
                    -0.8468188351192018,
                    0.46248397904654187,
                    0.2626907490046722,
                    -0.39065580277082257
                ],
                [
                    -0.29628438120265804,
                    -7.181482442668192e-06,
                    -0.9550997672514552,
                    -0.8387944996592881
                ],
                [
                    0.0,
                    0.0,
                    0.0,
                    1.0
                ]
            ],
            "size": [
                0.1202,
                0.13634,
                0.67816
            ]
        },
        "distance": 0.0
    },
    {
        "case": 1,
        "collider1": {
            "type": "Box",
            "collider2origin": [
                [
                    1.0,
                    0.0,
                    0.0,
                    1.23
                ],
                [
                    0.0,
                    1.0,
                    0.0,
                    -0.23086
                ],
                [
                    0.0,
                    0.0,
                    1.0,
                    -0.54301
                ],
                [
                    0.0,
                    0.0,
                    0.0,
                    1.0
                ]
            ],
            "size": [
                0.1,
                0.16,
                0.1
            ]
        },
        "collider2": {
            "type": "Box",
            "collider2origin": [
                [
                    -0.4417164542358772,
                    -0.8866276383430104,
                    0.13703286096254425,
                    1.2634848162965309
                ],
                [
                    -0.8468188351192018,
                    0.46248397904654187,
                    0.2626907490046722,
                    -0.39065580277082257
                ],
                [
                    -0.29628438120265804,
                    -7.181482442668192e-06,
                    -0.9550997672514552,
                    -0.8387944996592881
                ],
                [
                    0.0,
                    0.0,
                    0.0,
                    1.0
                ]
            ],
            "size": [
                0.1202,
                0.13634,
                0.67816
            ]
        },
        "distance": 0.05792658553858631
    },
    {
        "case": 2,
        "collider1": {
            "type": "Box",
            "collider2origin": [
                [
                    1.0,
                    0.0,
                    0.0,
                    1.28
                ],
                [
                    0.0,
                    1.0,
                    0.0,
                    -0.23086
                ],
                [
                    0.0,
                    0.0,
                    1.0,
                    -0.67301
                ],
                [
                    0.0,
                    0.0,
                    0.0,
                    1.0
                ]
            ],
            "size": [
                0.06,
                0.06,
                0.33
            ]
        },
        "collider2": {
            "type": "Box",
            "collider2origin": [
                [
                    -0.4417164542358772,
                    -0.8866276383430104,
                    0.13703286096254425,
                    1.2634848162965309
                ],
                [
                    -0.8468188351192018,
                    0.46248397904654187,
                    0.2626907490046722,
                    -0.39065580277082257
                ],
                [
                    -0.29628438120265804,
                    -7.181482442668192e-06,
                    -0.9550997672514552,
                    -0.8387944996592881
                ],
                [
                    0.0,
                    0.0,
                    0.0,
                    1.0
                ]
            ],
            "size": [
                0.1202,
                0.13634,
                0.67816
            ]
        },
        "distance": 0.04425420121818196
    },
    {
        "case": 3,
        "collider1": {
            "type": "Box",
            "collider2origin": [
                [
                    1.0,
                    0.0,
                    0.0,
                    1.23
                ],
                [
                    0.0,
                    1.0,
                    0.0,
                    -0.23086
                ],
                [
                    0.0,
                    0.0,
                    1.0,
                    -0.54301
                ],
                [
                    0.0,
                    0.0,
                    0.0,
                    1.0
                ]
            ],
            "size": [
                0.1,
                0.16,
                0.1
            ]
        },
        "collider2": {
            "type": "Box",
            "collider2origin": [
                [
                    -0.1498597083033646,
                    -0.886626534542981,
                    0.43753337709429035,
                    0.9765086553529774
                ],
                [
                    -0.2873041941868114,
                    0.46248609516465544,
                    0.8387865710548876,
                    -0.6676384832465005
                ],
                [
                    -0.946043533792128,
                    -4.8634688444941245e-06,
                    -0.32403955336725354,
                    -0.4698092241138194
                ],
                [
                    0.0,
                    0.0,
                    0.0,
                    1.0
                ]
            ],
            "size": [
                0.15068,
                0.17726,
                0.74884
            ]
        },
        "distance": 0.031810427713191106
    },
    {
        "case": 4,
        "collider1": {
            "type": "Box",
            "collider2origin": [
                [
                    1.0,
                    0.0,
                    0.0,
                    1.23
                ],
                [
                    0.0,
                    1.0,
                    0.0,
                    -0.23086
                ],
                [
                    0.0,
                    0.0,
                    1.0,
                    -0.54301
                ],
                [
                    0.0,
                    0.0,
                    0.0,
                    1.0
                ]
            ],
            "size": [
                0.1,
                0.16,
                0.1
            ]
        },
        "collider2": {
            "type": "Box",
            "collider2origin": [
                [
                    -0.1498597083033646,
                    -0.886626534542981,
                    0.43753337709429035,
                    0.9765086553529774
                ],
                [
                    -0.2873041941868114,
                    0.46248609516465544,
                    0.8387865710548876,
                    -0.6676384832465005
                ],
                [
                    -0.946043533792128,
                    -4.8634688444941245e-06,
                    -0.32403955336725354,
                    -0.4698092241138194
                ],
                [
                    0.0,
                    0.0,
                    0.0,
                    1.0
                ]
            ],
            "size": [
                0.15068,
                0.17726,
                0.74884
            ]
        },
        "distance": 0.031810427713191106
    },
    {
        "case": 5,
        "collider1": {
            "type": "Box",
            "collider2origin": [
                [
                    1.0,
                    0.0,
                    0.0,
                    1.2009999999999998
                ],
                [
                    0.0,
                    1.0,
                    0.0,
                    0.02914
                ],
                [
                    0.0,
                    0.0,
                    1.0,
                    -1.22801
                ],
                [
                    0.0,
                    0.0,
                    0.0,
                    1.0
                ]
            ],
            "size": [
                0.41,
                0.6,
                0.82
            ]
        },
        "collider2": {
            "type": "Box",
            "collider2origin": [
                [
                    -0.9811552469354426,
                    0.09794925091660608,
                    0.16655427240370085,
                    1.219641614187681
                ],
                [
                    -0.040316633646279916,
                    -0.9467952292673198,
                    0.31930136687473576,
                    -0.22680995363027234
                ],
                [
                    0.18896812022794246,
                    0.306569303880083,
                    0.9329020910342084,
                    -1.0125184570370693
                ],
                [
                    0.0,
                    0.0,
                    0.0,
                    1.0
                ]
            ],
            "size": [
                0.09126,
                0.11887,
                0.10009
            ]
        },
        "distance": 0.0
    },
    {
        "case": 6,
        "collider1": {
            "type": "Box",
            "collider2origin": [
                [
                    1.0,
                    0.0,
                    0.0,
                    1.2009999999999998
                ],
                [
                    0.0,
                    1.0,
                    0.0,
                    0.02914
                ],
                [
                    0.0,
                    0.0,
                    1.0,
                    -1.22801
                ],
                [
                    0.0,
                    0.0,
                    0.0,
                    1.0
                ]
            ],
            "size": [
                0.41,
                0.6,
                0.82
            ]
        },
        "collider2": {
            "type": "Box",
            "collider2origin": [
                [
                    0.43145254380866355,
                    -0.8866275299048112,
                    0.1665542724037009,
                    1.204709249748645
                ],
                [
                    0.8271366355669981,
                    0.4624841869889523,
                    0.31930136687473587,
                    -0.26168476644540384
                ],
                [
                    -0.36013009946953906,
                    -2.4646438163869154e-07,
                    0.9329020910342086,
                    -1.1151308981539878
                ],
                [
                    0.0,
                    0.0,
                    0.0,
                    1.0
                ]
            ],
            "size": [
                0.09102,
                0.10007,
                0.11882
            ]
        },
        "distance": 0.0
    },
    {
        "case": 7,
        "collider1": {
            "type": "Box",
            "collider2origin": [
                [
                    1.0,
                    0.0,
                    0.0,
                    1.2009999999999998
                ],
                [
                    0.0,
                    1.0,
                    0.0,
                    0.02914
                ],
                [
                    0.0,
                    0.0,
                    1.0,
                    -1.22801
                ],
                [
                    0.0,
                    0.0,
                    0.0,
                    1.0
                ]
            ],
            "size": [
                0.41,
                0.6,
                0.82
            ]
        },
        "collider2": {
            "type": "Box",
            "collider2origin": [
                [
                    -0.6656226474744915,
                    0.09795135668485616,
                    0.7398324289274191,
                    1.2283420149469606
                ],
                [
                    0.16667846387381646,
                    -0.9467953908487518,
                    0.2753121456605649,
                    -0.2960497180446324
                ],
                [
                    0.7274371318881881,
                    0.3065681320541248,
                    0.6138820730068039,
                    -0.9855362174611315
                ],
                [
                    0.0,
                    0.0,
                    0.0,
                    1.0
                ]
            ],
            "size": [
                0.08993,
                0.0305,
                0.09007
            ]
        },
        "distance": 0.0
    }
]