[
    {
        "case": 0,
        "collider1": {
            "type": "Box",
            "collider2origin": [
                [
                    1.0,
                    0.0,
                    0.0,
                    -0.06
                ],
                [
                    0.0,
                    1.0,
                    0.0,
                    -0.37086
                ],
                [
                    0.0,
                    0.0,
                    1.0,
                    -0.40301
                ],
                [
                    0.0,
                    0.0,
                    0.0,
                    1.0
                ]
            ],
            "size": [
                0.1,
                1.0,
                1.64
            ]
        },
        "collider2": {
            "type": "Box",
            "collider2origin": [
                [
                    -0.3453523038193621,
                    -0.42135530667205534,
                    0.8385651386660175,
                    -0.006785645846233868
                ],
                [
                    0.7840409684352332,
                    -0.6206105718877161,
                    0.011057932733710227,
                    -0.8506120987336994
                ],
                [
                    0.5157630716344478,
                    0.6612883059607964,
                    0.5446891134745575,
                    -0.11671150520499451
                ],
                [
                    0.0,
                    0.0,
                    0.0,
                    1.0
                ]
            ],
            "size": [
                0.09126,
                0.11887,
                0.10009
            ]
        },
        "distance": 0.0
    },
    {
        "case": 1,
        "collider1": {
            "type": "Box",
            "collider2origin": [
                [
                    1.0,
                    0.0,
                    0.0,
                    -0.06
                ],
                [
                    0.0,
                    1.0,
                    0.0,
                    -0.37086
                ],
                [
                    0.0,
                    0.0,
                    1.0,
                    -0.40301
                ],
                [
                    0.0,
                    0.0,
                    0.0,
                    1.0
                ]
            ],
            "size": [
                0.1,
                1.0,
                1.64
            ]
        },
        "collider2": {
            "type": "Box",
            "collider2origin": [
                [
                    0.5446417879848996,
                    -0.013184498270858934,
                    0.8385651386660175,
                    -0.09761178499847167
                ],
                [
                    0.007180050216266734,
                    0.9999130807237939,
                    0.011057932733710227,
                    -0.85450147224102
                ],
                [
                    -0.83863804448612,
                    -1.6724502720057904e-06,
                    0.5446891134745575,
                    -0.17755968842853043
                ],
                [
                    0.0,
                    0.0,
                    0.0,
                    1.0
                ]
            ],
            "size": [
                0.09102,
                0.10007,
                0.11882
            ]
        },
        "distance": 0.0
    },
    {
        "case": 2,
        "collider1": {
            "type": "Box",
            "collider2origin": [
                [
                    1.0,
                    0.0,
                    0.0,
                    -0.06
                ],
                [
                    0.0,
                    1.0,
                    0.0,
                    -0.37086
                ],
                [
                    0.0,
                    0.0,
                    1.0,
                    -0.40301
                ],
                [
                    0.0,
                    0.0,
                    0.0,
                    1.0
                ]
            ],
            "size": [
                0.1,
                1.0,
                1.64
            ]
        },
        "collider2": {
            "type": "Box",
            "collider2origin": [
                [
                    0.3552614517443052,
                    -0.4213553219150421,
                    0.8344153603562195,
                    -0.0342811030396446
                ],
                [
                    0.5579448879035435,
                    -0.620612636229972,
                    -0.5509423361967988,
                    -0.8974858266709853
                ],
                [
                    0.7499912019262831,
                    0.6612863588836196,
                    0.014613301735529287,
                    -0.06529018976955214
                ],
                [
                    0.0,
                    0.0,
                    0.0,
                    1.0
                ]
            ],
            "size": [
                0.08993,
                0.0305,
                0.09007
            ]
        },
        "distance": 0.0
    }
]