[
    {
        "case": 0,
        "collider1": {
            "type": "Box",
            "collider2origin": [
                [
                    1.0,
                    0.0,
                    0.0,
                    1.2009999999999998
                ],
                [
                    0.0,
                    1.0,
                    0.0,
                    0.02914
                ],
                [
                    0.0,
                    0.0,
                    1.0,
                    -1.22801
                ],
                [
                    0.0,
                    0.0,
                    0.0,
                    1.0
                ]
            ],
            "size": [
                0.41,
                0.6,
                0.82
            ]
        },
        "collider2": {
            "type": "Box",
            "collider2origin": [
                [
                    0.6734372773978784,
                    0.7256246780241219,
                    0.14124822141649146,
                    1.3864360064818901
                ],
                [
                    -0.6854731551291396,
                    0.5414084011149114,
                    0.48683004919529926,
                    -0.26082124487494773
                ],
                [
                    0.27678292398237886,
                    -0.42467136687629936,
                    0.8620008370919253,
                    -0.8242649562198701
                ],
                [
                    0.0,
                    0.0,
                    0.0,
                    1.0
                ]
            ],
            "size": [
                0.09126,
                0.11887,
                0.10009
            ]
        },
        "distance": 0.0
    },
    {
        "case": 1,
        "collider1": {
            "type": "Box",
            "collider2origin": [
                [
                    1.0,
                    0.0,
                    0.0,
                    1.28
                ],
                [
                    0.0,
                    1.0,
                    0.0,
                    -0.23086
                ],
                [
                    0.0,
                    0.0,
                    1.0,
                    -0.67301
                ],
                [
                    0.0,
                    0.0,
                    0.0,
                    1.0
                ]
            ],
            "size": [
                0.06,
                0.06,
                0.33
            ]
        },
        "collider2": {
            "type": "Box",
            "collider2origin": [
                [
                    0.6734372773978784,
                    0.7256246780241219,
                    0.14124822141649146,
                    1.3864360064818901
                ],
                [
                    -0.6854731551291396,
                    0.5414084011149114,
                    0.48683004919529926,
                    -0.26082124487494773
                ],
                [
                    0.27678292398237886,
                    -0.42467136687629936,
                    0.8620008370919253,
                    -0.8242649562198701
                ],
                [
                    0.0,
                    0.0,
                    0.0,
                    1.0
                ]
            ],
            "size": [
                0.09126,
                0.11887,
                0.10009
            ]
        },
        "distance": 0.002717507447034174
    },
    {
        "case": 2,
        "collider1": {
            "type": "Box",
            "collider2origin": [
                [
                    1.0,
                    0.0,
                    0.0,
                    1.2009999999999998
                ],
                [
                    0.0,
                    1.0,
                    0.0,
                    0.02914
                ],
                [
                    0.0,
                    0.0,
                    1.0,
                    -1.22801
                ],
                [
                    0.0,
                    0.0,
                    0.0,
                    1.0
                ]
            ],
            "size": [
                0.41,
                0.6,
                0.82
            ]
        },
        "collider2": {
            "type": "Box",
            "collider2origin": [
                [
                    -0.2401932381398385,
                    0.9603937464907696,
                    0.14124822141649146,
                    1.3656147668825087
                ],
                [
                    -0.8278602850115084,
                    -0.27864646364374773,
                    0.48683004919529926,
                    -0.3139165713723131
                ],
                [
                    0.5069068522446335,
                    -5.06899229454914e-07,
                    0.8620008370919253,
                    -0.9177226634998426
                ],
                [
                    0.0,
                    0.0,
                    0.0,
                    1.0
                ]
            ],
            "size": [
                0.09102,
                0.10007,
                0.11882
            ]
        },
        "distance": 0.0
    },
    {
        "case": 3,
        "collider1": {
            "type": "Box",
            "collider2origin": [
                [
                    1.0,
                    0.0,
                    0.0,
                    1.2009999999999998
                ],
                [
                    0.0,
                    1.0,
                    0.0,
                    0.02914
                ],
                [
                    0.0,
                    0.0,
                    1.0,
                    -1.22801
                ],
                [
                    0.0,
                    0.0,
                    0.0,
                    1.0
                ]
            ],
            "size": [
                0.41,
                0.6,
                0.82
            ]
        },
        "collider2": {
            "type": "Box",
            "collider2origin": [
                [
                    -0.5579536536075765,
                    0.7256226800265106,
                    -0.40269026143811837,
                    1.4407365067625169
                ],
                [
                    0.8241449565800895,
                    0.541406001935539,
                    -0.16632688180741345,
                    -0.2186837552671249
                ],
                [
                    0.09732836672604073,
                    -0.42467783942574483,
                    -0.9000977289889818,
                    -0.8536161765798665
                ],
                [
                    0.0,
                    0.0,
                    0.0,
                    1.0
                ]
            ],
            "size": [
                0.08993,
                0.0305,
                0.09007
            ]
        },
        "distance": 0.0
    },
    {
        "case": 4,
        "collider1": {
            "type": "Box",
            "collider2origin": [
                [
                    1.0,
                    0.0,
                    0.0,
                    1.2009999999999998
                ],
                [
                    0.0,
                    1.0,
                    0.0,
                    0.02914
                ],
                [
                    0.0,
                    0.0,
                    1.0,
                    -1.22801
                ],
                [
                    0.0,
                    0.0,
                    0.0,
                    1.0
                ]
            ],
            "size": [
                0.41,
                0.6,
                0.82
            ]
        },
        "collider2": {
            "type": "Box",
            "collider2origin": [
                [
                    -0.017147293133782538,
                    0.9603942492364832,
                    0.2781166236881134,
                    1.176682504452592
                ],
                [
                    -0.05911327391602751,
                    -0.27864473083410163,
                    0.9585732808843148,
                    -0.564013928061054
                ],
                [
                    0.9981039981811076,
                    -3.447119141182334e-06,
                    0.061550051202290075,
                    -0.9378914666989304
                ],
                [
                    0.0,
                    0.0,
                    0.0,
                    1.0
                ]
            ],
            "size": [
                0.1202,
                0.13634,
                0.67816
            ]
        },
        "distance": 0.0
    }
]