[
    {
        "case": 0,
        "collider1": {
            "type": "Box",
            "collider2origin": [
                [
                    1.0,
                    0.0,
                    0.0,
                    0.7
                ],
                [
                    0.0,
                    1.0,
                    0.0,
                    -0.15085999999999994
                ],
                [
                    0.0,
                    0.0,
                    1.0,
                    -1.03301
                ],
                [
                    0.0,
                    0.0,
                    0.0,
                    1.0
                ]
            ],
            "size": [
                0.6,
                0.06,
                0.06
            ]
        },
        "collider2": {
            "type": "Box",
            "collider2origin": [
                [
                    -0.0891640498321247,
                    -0.9930918237884574,
                    0.07627844873914154,
                    1.0249213969678752
                ],
                [
                    -0.7546654103953943,
                    0.11733980348852366,
                    0.6455319425636703,
                    -0.3783152693220505
                ],
                [
                    -0.6500229923397214,
                    -6.464527072929928e-06,
                    -0.759914540845169,
                    -1.013159886381381
                ],
                [
                    0.0,
                    0.0,
                    0.0,
                    1.0
                ]
            ],
            "size": [
                0.1202,
                0.13634,
                0.67816
            ]
        },
        "distance": 0.05225840975642857
    },
    {
        "case": 1,
        "collider1": {
            "type": "Box",
            "collider2origin": [
                [
                    1.0,
                    0.0,
                    0.0,
                    1.2009999999999998
                ],
                [
                    0.0,
                    1.0,
                    0.0,
                    0.02914
                ],
                [
                    0.0,
                    0.0,
                    1.0,
                    -1.22801
                ],
                [
                    0.0,
                    0.0,
                    0.0,
                    1.0
                ]
            ],
            "size": [
                0.41,
                0.6,
                0.82
            ]
        },
        "collider2": {
            "type": "Box",
            "collider2origin": [
                [
                    -0.0891640498321247,
                    -0.9930918237884574,
                    0.07627844873914154,
                    1.0249213969678752
                ],
                [
                    -0.7546654103953943,
                    0.11733980348852366,
                    0.6455319425636703,
                    -0.3783152693220505
                ],
                [
                    -0.6500229923397214,
                    -6.464527072929928e-06,
                    -0.759914540845169,
                    -1.013159886381381
                ],
                [
                    0.0,
                    0.0,
                    0.0,
                    1.0
                ]
            ],
            "size": [
                0.1202,
                0.13634,
                0.67816
            ]
        },
        "distance": 0.0
    },
    {
        "case": 2,
        "collider1": {
            "type": "Box",
            "collider2origin": [
                [
                    1.0,
                    0.0,
                    0.0,
                    1.2009999999999998
                ],
                [
                    0.0,
                    1.0,
                    0.0,
                    0.02914
                ],
                [
                    0.0,
                    0.0,
                    1.0,
                    -1.22801
                ],
                [
                    0.0,
                    0.0,
                    0.0,
                    1.0
                ]
            ],
            "size": [
                0.41,
                0.6,
                0.82
            ]
        },
        "collider2": {
            "type": "Box",
            "collider2origin": [
                [
                    0.42543412705085093,
                    -0.9009778525555117,
                    0.08511587833617713,
                    0.9398425657906743
                ],
                [
                    0.5984326057902771,
                    0.35062889141822545,
                    0.720373373209952,
                    -0.09492499036796387
                ],
                [
                    -0.678884540895975,
                    -0.25553530031540617,
                    0.6883440204034434,
                    -1.1585658343711507
                ],
                [
                    0.0,
                    0.0,
                    0.0,
                    1.0
                ]
            ],
            "size": [
                0.09126,
                0.11887,
                0.10009
            ]
        },
        "distance": 0.0
    }
]