[
    {
        "case": 0,
        "collider1": {
            "type": "Box",
            "collider2origin": [
                [
                    1.0,
                    0.0,
                    0.0,
                    0.205
                ],
                [
                    0.0,
                    1.0,
                    0.0,
                    -0.17586
                ],
                [
                    0.0,
                    0.0,
                    1.0,
                    -0.10301
                ],
                [
                    0.0,
                    0.0,
                    0.0,
                    1.0
                ]
            ],
            "size": [
                0.05,
                0.05,
                1.2
            ]
        },
        "collider2": {
            "type": "Box",
            "collider2origin": [
                [
                    -0.4457597577626051,
                    -0.7523306100209943,
                    -0.48507410937387907,
                    0.4320793943646495
                ],
                [
                    0.5090571393985455,
                    -0.6587857415154245,
                    0.5539514198946889,
                    -0.42460693905926383
                ],
                [
                    -0.7363145164851722,
                    -1.1877696563756662e-06,
                    0.6766394407746239,
                    -0.06543107937779302
                ],
                [
                    0.0,
                    0.0,
                    0.0,
                    1.0
                ]
            ],
            "size": [
                0.1202,
                0.13634,
                0.67816
            ]
        },
        "distance": 0.01112313817395045
    }
]