[
    {
        "case": 0,
        "collider1": {
            "type": "Box",
            "collider2origin": [
                [
                    1.0,
                    0.0,
                    0.0,
                    1.23
                ],
                [
                    0.0,
                    1.0,
                    0.0,
                    -0.23086
                ],
                [
                    0.0,
                    0.0,
                    1.0,
                    -0.54301
                ],
                [
                    0.0,
                    0.0,
                    0.0,
                    1.0
                ]
            ],
            "size": [
                0.1,
                0.16,
                0.1
            ]
        },
        "collider2": {
            "type": "Box",
            "collider2origin": [
                [
                    -0.6356025658949732,
                    -0.7103540295929098,
                    0.30233513006073465,
                    1.4320144554358905
                ],
                [
                    -0.6414851768011864,
                    0.7038445514403384,
                    0.3051222957309074,
                    -0.4955073983497639
                ],
                [
                    -0.4295417862933438,
                    -6.990281890467617e-06,
                    -0.9030469831515184,
                    -0.34153936156394016
                ],
                [
                    0.0,
                    0.0,
                    0.0,
                    1.0
                ]
            ],
            "size": [
                0.1202,
                0.13634,
                0.67816
            ]
        },
        "distance": 0.16977820506383234
    }
]