[
    {
        "case": 0,
        "collider1": {
            "type": "Cylinder",
            "collider2origin": [
                [
                    1.0,
                    0.0,
                    0.0,
                    0.4849999999999999
                ],
                [
                    0.0,
                    -3.673205103346574e-06,
                    -0.9999999999932537,
                    -0.46086
                ],
                [
                    0.0,
                    0.9999999999932537,
                    -3.673205103346574e-06,
                    -0.70001
                ],
                [
                    0.0,
                    0.0,
                    0.0,
                    1.0
                ]
            ],
            "radius": 0.026,
            "height": 0.272
        },
        "collider2": {
            "type": "Box",
            "collider2origin": [
                [
                    -0.7880947794586983,
                    0.5338811480730314,
                    0.306394416271197,
                    0.6579590390134481
                ],
                [
                    0.49759521223338704,
                    0.8455595305369441,
                    -0.19346339467856183,
                    -0.7270368401678744
                ],
                [
                    -0.362361178042511,
                    -7.09677094128018e-06,
                    -0.9320377549205179,
                    -0.928272691689328
                ],
                [
                    0.0,
                    0.0,
                    0.0,
                    1.0
                ]
            ],
            "size": [
                0.1202,
                0.13634,
                0.67816
            ]
        },
        "distance": 0.035717467957822664
    },
    {
        "case": 1,
        "collider1": {
            "type": "Box",
            "collider2origin": [
                [
                    1.0,
                    0.0,
                    0.0,
                    -0.26
                ],
                [
                    0.0,
                    1.0,
                    0.0,
                    -0.4608599999999999
                ],
                [
                    0.0,
                    0.0,
                    1.0,
                    -1.143
                ],
                [
                    0.0,
                    0.0,
                    0.0,
                    1.0
                ]
            ],
            "size": [
                1.48,
                0.272,
                0.945
            ]
        },
        "collider2": {
            "type": "Box",
            "collider2origin": [
                [
                    -0.7880947794586983,
                    0.5338811480730314,
                    0.306394416271197,
                    0.6579590390134481
                ],
                [
                    0.49759521223338704,
                    0.8455595305369441,
                    -0.19346339467856183,
                    -0.7270368401678744
                ],
                [
                    -0.362361178042511,
                    -7.09677094128018e-06,
                    -0.9320377549205179,
                    -0.928272691689328
                ],
                [
                    0.0,
                    0.0,
                    0.0,
                    1.0
                ]
            ],
            "size": [
                0.1202,
                0.13634,
                0.67816
            ]
        },
        "distance": 0.05151714578745655
    }
]