[
    {
        "case": 0,
        "collider1": {
            "type": "Box",
            "collider2origin": [
                [
                    1.0,
                    0.0,
                    0.0,
                    1.2009999999999998
                ],
                [
                    0.0,
                    1.0,
                    0.0,
                    0.02914
                ],
                [
                    0.0,
                    0.0,
                    1.0,
                    -1.22801
                ],
                [
                    0.0,
                    0.0,
                    0.0,
                    1.0
                ]
            ],
            "size": [
                0.41,
                0.6,
                0.82
            ]
        },
        "collider2": {
            "type": "Box",
            "collider2origin": [
                [
                    -0.11183261692493833,
                    0.9715283517489194,
                    0.20886868491889318,
                    1.152712458987807
                ],
                [
                    -0.4585883127938274,
                    -0.236923324610024,
                    0.8564835652974571,
                    -0.5772274614970087
                ],
                [
                    0.8815839297313844,
                    -1.9393520048348657e-06,
                    0.4720273030616006,
                    -0.8189117377860119
                ],
                [
                    0.0,
                    0.0,
                    0.0,
                    1.0
                ]
            ],
            "size": [
                0.1202,
                0.13634,
                0.67816
            ]
        },
        "distance": 0.07958433587565826
    },
    {
        "case": 1,
        "collider1": {
            "type": "Box",
            "collider2origin": [
                [
                    1.0,
                    0.0,
                    0.0,
                    1.28
                ],
                [
                    0.0,
                    1.0,
                    0.0,
                    -0.23086
                ],
                [
                    0.0,
                    0.0,
                    1.0,
                    -0.67301
                ],
                [
                    0.0,
                    0.0,
                    0.0,
                    1.0
                ]
            ],
            "size": [
                0.06,
                0.06,
                0.33
            ]
        },
        "collider2": {
            "type": "Box",
            "collider2origin": [
                [
                    -0.11183261692493833,
                    0.9715283517489194,
                    0.20886868491889318,
                    1.152712458987807
                ],
                [
                    -0.4585883127938274,
                    -0.236923324610024,
                    0.8564835652974571,
                    -0.5772274614970087
                ],
                [
                    0.8815839297313844,
                    -1.9393520048348657e-06,
                    0.4720273030616006,
                    -0.8189117377860119
                ],
                [
                    0.0,
                    0.0,
                    0.0,
                    1.0
                ]
            ],
            "size": [
                0.1202,
                0.13634,
                0.67816
            ]
        },
        "distance": 0.0031133262676072723
    },
    {
        "case": 2,
        "collider1": {
            "type": "Box",
            "collider2origin": [
                [
                    1.0,
                    0.0,
                    0.0,
                    1.23
                ],
                [
                    0.0,
                    1.0,
                    0.0,
                    -0.23086
                ],
                [
                    0.0,
                    0.0,
                    1.0,
                    -0.54301
                ],
                [
                    0.0,
                    0.0,
                    0.0,
                    1.0
                ]
            ],
            "size": [
                0.1,
                0.16,
                0.1
            ]
        },
        "collider2": {
            "type": "Box",
            "collider2origin": [
                [
                    -0.7462007728794431,
                    0.665706683712492,
                    -0.004360941943877764,
                    1.3270338783487032
                ],
                [
                    -0.6655483720767778,
                    -0.7461404627184346,
                    -0.017882234767257806,
                    -0.35831283969770766
                ],
                [
                    -0.015158198444172672,
                    -0.01044131959267022,
                    0.9998305895826005,
                    -0.5691622918252062
                ],
                [
                    0.0,
                    0.0,
                    0.0,
                    1.0
                ]
            ],
            "size": [
                0.09126,
                0.11887,
                0.10009
            ]
        },
        "distance": 0.00703324940439746
    }
]