[
    {
        "case": 0,
        "collider1": {
            "type": "Box",
            "collider2origin": [
                [
                    1.0,
                    0.0,
                    0.0,
                    0.5199999999999999
                ],
                [
                    0.0,
                    1.0,
                    0.0,
                    -0.43085999999999997
                ],
                [
                    0.0,
                    0.0,
                    1.0,
                    -0.80301
                ],
                [
                    0.0,
                    0.0,
                    0.0,
                    1.0
                ]
            ],
            "size": [
                0.2,
                0.08,
                0.04
            ]
        },
        "collider2": {
            "type": "Box",
            "collider2origin": [
                [
                    -0.6554064565968705,
                    0.737930171426771,
                    0.16093923930847526,
                    0.6752718937176558
                ],
                [
                    0.716637877300734,
                    0.6748770718031781,
                    -0.17598605277767237,
                    -0.5735152618508494
                ],
                [
                    -0.23847962065768336,
                    -7.240429063537166e-06,
                    -0.9711475019164407,
                    -0.7615224375923527
                ],
                [
                    0.0,
                    0.0,
                    0.0,
                    1.0
                ]
            ],
            "size": [
                0.1202,
                0.13634,
                0.67816
            ]
        },
        "distance": 0.05481655068926552
    }
]