[
    {
        "case": 0,
        "collider1": {
            "type": "Box",
            "collider2origin": [
                [
                    1.0,
                    0.0,
                    0.0,
                    0.0
                ],
                [
                    0.0,
                    1.0,
                    0.0,
                    -0.37086
                ],
                [
                    0.0,
                    0.0,
                    1.0,
                    0.39699
                ],
                [
                    0.0,
                    0.0,
                    0.0,
                    1.0
                ]
            ],
            "size": [
                0.6,
                1.6,
                0.1
            ]
        },
        "collider2": {
            "type": "Box",
            "collider2origin": [
                [
                    -0.42925468131697836,
                    0.4453741342444375,
                    -0.7857367874253293,
                    0.5975344042898845
                ],
                [
                    -0.21352366741554887,
                    -0.895344559676531,
                    -0.39085261021394324,
                    -1.254038371119382
                ],
                [
                    -0.8775808008501971,
                    -1.9121649275436016e-06,
                    0.47942876214873703,
                    0.3299491884518284
                ],
                [
                    0.0,
                    0.0,
                    0.0,
                    1.0
                ]
            ],
            "size": [
                0.1202,
                0.13634,
                0.67816
            ]
        },
        "distance": 0.1388175384174147
    }
]