[
    {
        "case": 0,
        "collider1": {
            "type": "Box",
            "collider2origin": [
                [
                    1.0,
                    0.0,
                    0.0,
                    0.0
                ],
                [
                    0.0,
                    1.0,
                    0.0,
                    -0.37086
                ],
                [
                    0.0,
                    0.0,
                    1.0,
                    0.39699
                ],
                [
                    0.0,
                    0.0,
                    0.0,
                    1.0
                ]
            ],
            "size": [
                0.6,
                1.6,
                0.1
            ]
        },
        "collider2": {
            "type": "Cylinder",
            "collider2origin": [
                [
                    -0.9338680955097753,
                    0.35586709059300753,
                    0.03534110951588279,
                    0.17837235085626502
                ],
                [
                    -0.2304009211055319,
                    -0.5231338646485234,
                    -0.8205159201451377,
                    -0.5974492613788089
                ],
                [
                    -0.2735064820852845,
                    -0.7743962638667411,
                    0.5705301313397597,
                    0.3357505049623677
                ],
                [
                    0.0,
                    0.0,
                    0.0,
                    1.0
                ]
            ],
            "radius": 0.0076,
            "height": 0.02993
        },
        "distance": 0.0
    },
    {
        "case": 1,
        "collider1": {
            "type": "Box",
            "collider2origin": [
                [
                    1.0,
                    0.0,
                    0.0,
                    0.0
                ],
                [
                    0.0,
                    1.0,
                    0.0,
                    -0.37086
                ],
                [
                    0.0,
                    0.0,
                    1.0,
                    0.39699
                ],
                [
                    0.0,
                    0.0,
                    0.0,
                    1.0
                ]
            ],
            "size": [
                0.6,
                1.6,
                0.1
            ]
        },
        "collider2": {
            "type": "Box",
            "collider2origin": [
                [
                    -0.8114913775301764,
                    -0.3588511252363334,
                    0.46120235700914863,
                    0.2655991141804369
                ],
                [
                    -0.39332724513863326,
                    0.9191089627098135,
                    0.023073640764818812,
                    -0.8705983178226281
                ],
                [
                    -0.43217522190175384,
                    -0.16267939200497367,
                    -0.8869949227538236,
                    0.36287452369877804
                ],
                [
                    0.0,
                    0.0,
                    0.0,
                    1.0
                ]
            ],
            "size": [
                0.09126,
                0.11887,
                0.10009
            ]
        },
        "distance": 0.0
    },
    {
        "case": 2,
        "collider1": {
            "type": "Box",
            "collider2origin": [
                [
                    1.0,
                    0.0,
                    0.0,
                    0.0
                ],
                [
                    0.0,
                    1.0,
                    0.0,
                    -0.37086
                ],
                [
                    0.0,
                    0.0,
                    1.0,
                    0.39699
                ],
                [
                    0.0,
                    0.0,
                    0.0,
                    1.0
                ]
            ],
            "size": [
                0.6,
                1.6,
                0.1
            ]
        },
        "collider2": {
            "type": "Box",
            "collider2origin": [
                [
                    -0.3267212650191032,
                    -0.35885603096810736,
                    -0.8743429327341381,
                    0.23973546311937188
                ],
                [
                    0.03956977389349575,
                    0.9191074380041457,
                    -0.3920149874679186,
                    -0.8022291670809459
                ],
                [
                    0.9442920353250546,
                    -0.16267718476563214,
                    -0.28609209282745623,
                    0.3471374355279777
                ],
                [
                    0.0,
                    0.0,
                    0.0,
                    1.0
                ]
            ],
            "size": [
                0.08993,
                0.0305,
                0.09007
            ]
        },
        "distance": 0.0
    },
    {
        "case": 3,
        "collider1": {
            "type": "Box",
            "collider2origin": [
                [
                    1.0,
                    0.0,
                    0.0,
                    0.0
                ],
                [
                    0.0,
                    1.0,
                    0.0,
                    -0.37086
                ],
                [
                    0.0,
                    0.0,
                    1.0,
                    0.39699
                ],
                [
                    0.0,
                    0.0,
                    0.0,
                    1.0
                ]
            ],
            "size": [
                0.6,
                1.6,
                0.1
            ]
        },
        "collider2": {
            "type": "Box",
            "collider2origin": [
                [
                    -0.8858862076750567,
                    -0.04998012545314781,
                    0.46120235700914863,
                    0.21635845509009832
                ],
                [
                    -0.04433531425637666,
                    0.9987502125214512,
                    0.023073640764818812,
                    -0.8790536028400475
                ],
                [
                    -0.461779175538368,
                    -6.931319380295179e-06,
                    -0.8869949227538236,
                    0.46033278520640186
                ],
                [
                    0.0,
                    0.0,
                    0.0,
                    1.0
                ]
            ],
            "size": [
                0.09102,
                0.10007,
                0.11882
            ]
        },
        "distance": 0.0
    },
    {
        "case": 4,
        "collider1": {
            "type": "Box",
            "collider2origin": [
                [
                    1.0,
                    0.0,
                    0.0,
                    0.0
                ],
                [
                    0.0,
                    1.0,
                    0.0,
                    -0.37086
                ],
                [
                    0.0,
                    0.0,
                    1.0,
                    0.39699
                ],
                [
                    0.0,
                    0.0,
                    0.0,
                    1.0
                ]
            ],
            "size": [
                0.6,
                1.6,
                0.1
            ]
        },
        "collider2": {
            "type": "Cylinder",
            "collider2origin": [
                [
                    -0.935934881500589,
                    0.27840921962650605,
                    0.21567151879058497,
                    0.18307739020644553
                ],
                [
                    -0.23011912709092297,
                    -0.019887713376207285,
                    -0.9729592315218436,
                    -0.6306773302885479
                ],
                [
                    -0.26659160702728335,
                    -0.9602566247017641,
                    0.08268089125659488,
                    0.34791457670018966
                ],
                [
                    0.0,
                    0.0,
                    0.0,
                    1.0
                ]
            ],
            "radius": 0.00783,
            "height": 0.03683
        },
        "distance": 0.0
    },
    {
        "case": 5,
        "collider1": {
            "type": "Box",
            "collider2origin": [
                [
                    1.0,
                    0.0,
                    0.0,
                    0.0
                ],
                [
                    0.0,
                    1.0,
                    0.0,
                    -0.37086
                ],
                [
                    0.0,
                    0.0,
                    1.0,
                    0.39699
                ],
                [
                    0.0,
                    0.0,
                    0.0,
                    1.0
                ]
            ],
            "size": [
                0.6,
                1.6,
                0.1
            ]
        },
        "collider2": {
            "type": "Cylinder",
            "collider2origin": [
                [
                    -0.9690444182051606,
                    0.2222916815564308,
                    -0.1074212449017237,
                    0.20941145281038487
                ],
                [
                    -0.04188694657207306,
                    -0.5768264227471149,
                    -0.815792106928986,
                    -0.635029197890913
                ],
                [
                    -0.2433072116734115,
                    -0.7860392396894573,
                    0.5682815450251121,
                    0.33546745827981983
                ],
                [
                    0.0,
                    0.0,
                    0.0,
                    1.0
                ]
            ],
            "radius": 0.00783,
            "height": 0.03044
        },
        "distance": 0.0
    },
    {
        "case": 6,
        "collider1": {
            "type": "Box",
            "collider2origin": [
                [
                    1.0,
                    0.0,
                    0.0,
                    0.0
                ],
                [
                    0.0,
                    1.0,
                    0.0,
                    -0.37086
                ],
                [
                    0.0,
                    0.0,
                    1.0,
                    0.39699
                ],
                [
                    0.0,
                    0.0,
                    0.0,
                    1.0
                ]
            ],
            "size": [
                0.6,
                1.6,
                0.1
            ]
        },
        "collider2": {
            "type": "Box",
            "collider2origin": [
                [
                    -0.8332793329181186,
                    -0.3857979354221738,
                    0.3959867502272308,
                    0.2075909415981183
                ],
                [
                    -0.29923549863645327,
                    0.9170087082405672,
                    0.2637293032007605,
                    -0.7253052044422635
                ],
                [
                    -0.46486951899143525,
                    0.10126688518441573,
                    -0.8795688422617738,
                    0.33881864738598955
                ],
                [
                    0.0,
                    0.0,
                    0.0,
                    1.0
                ]
            ],
            "size": [
                0.06241,
                0.05638,
                0.02858
            ]
        },
        "distance": 0.0
    },
    {
        "case": 7,
        "collider1": {
            "type": "Box",
            "collider2origin": [
                [
                    1.0,
                    0.0,
                    0.0,
                    0.0
                ],
                [
                    0.0,
                    1.0,
                    0.0,
                    -0.37086
                ],
                [
                    0.0,
                    0.0,
                    1.0,
                    0.39699
                ],
                [
                    0.0,
                    0.0,
                    0.0,
                    1.0
                ]
            ],
            "size": [
                0.6,
                1.6,
                0.1
            ]
        },
        "collider2": {
            "type": "Box",
            "collider2origin": [
                [
                    0.5148537600537342,
                    -0.049984963144753036,
                    -0.8558195541222166,
                    0.4703584799754149
                ],
                [
                    0.025768682822787565,
                    0.9987499704411763,
                    -0.04283073113230889,
                    -0.9782427380421621
                ],
                [
                    0.8568906468996557,
                    -1.7796743951070155e-06,
                    0.5154982242963813,
                    0.31199816907855515
                ],
                [
                    0.0,
                    0.0,
                    0.0,
                    1.0
                ]
            ],
            "size": [
                0.1202,
                0.13634,
                0.67816
            ]
        },
        "distance": 0.0
    },
    {
        "case": 8,
        "collider1": {
            "type": "Box",
            "collider2origin": [
                [
                    1.0,
                    0.0,
                    0.0,
                    0.0
                ],
                [
                    0.0,
                    1.0,
                    0.0,
                    -0.37086
                ],
                [
                    0.0,
                    0.0,
                    1.0,
                    0.39699
                ],
                [
                    0.0,
                    0.0,
                    0.0,
                    1.0
                ]
            ],
            "size": [
                0.6,
                1.6,
                0.1
            ]
        },
        "collider2": {
            "type": "Box",
            "collider2origin": [
                [
                    -0.8977545185614529,
                    -0.3858015761985756,
                    0.2125887301932744,
                    0.1857763644677053
                ],
                [
                    -0.3478571345408002,
                    0.9170068083138614,
                    0.19517665704455595,
                    -0.6794011516914829
                ],
                [
                    -0.27024477488299,
                    0.1012702192587693,
                    -0.9574508365131457,
                    0.3456988992472816
                ],
                [
                    0.0,
                    0.0,
                    0.0,
                    1.0
                ]
            ],
            "size": [
                0.07264,
                0.04753,
                0.03326
            ]
        },
        "distance": 0.0
    }
]