[
    {
        "case": 0,
        "collider1": {
            "type": "Box",
            "collider2origin": [
                [
                    1.0,
                    0.0,
                    0.0,
                    1.2009999999999998
                ],
                [
                    0.0,
                    1.0,
                    0.0,
                    0.02914
                ],
                [
                    0.0,
                    0.0,
                    1.0,
                    -1.22801
                ],
                [
                    0.0,
                    0.0,
                    0.0,
                    1.0
                ]
            ],
            "size": [
                0.41,
                0.6,
                0.82
            ]
        },
        "collider2": {
            "type": "Box",
            "collider2origin": [
                [
                    0.25352905143217386,
                    -0.9367357707537542,
                    0.24134853608479118,
                    1.1777793667160223
                ],
                [
                    0.6784678325479561,
                    0.35003727771388,
                    0.6458756106312843,
                    -0.3865421878886096
                ],
                [
                    -0.6894957724870984,
                    -1.0127404551595183e-06,
                    0.7242897070381391,
                    -0.5911889557427183
                ],
                [
                    0.0,
                    0.0,
                    0.0,
                    1.0
                ]
            ],
            "size": [
                0.1202,
                0.13634,
                0.67816
            ]
        },
        "distance": 0.16147824208018333
    },
    {
        "case": 1,
        "collider1": {
            "type": "Box",
            "collider2origin": [
                [
                    1.0,
                    0.0,
                    0.0,
                    1.23
                ],
                [
                    0.0,
                    1.0,
                    0.0,
                    -0.23086
                ],
                [
                    0.0,
                    0.0,
                    1.0,
                    -0.54301
                ],
                [
                    0.0,
                    0.0,
                    0.0,
                    1.0
                ]
            ],
            "size": [
                0.1,
                0.16,
                0.1
            ]
        },
        "collider2": {
            "type": "Box",
            "collider2origin": [
                [
                    0.25352905143217386,
                    -0.9367357707537542,
                    0.24134853608479118,
                    1.1777793667160223
                ],
                [
                    0.6784678325479561,
                    0.35003727771388,
                    0.6458756106312843,
                    -0.3865421878886096
                ],
                [
                    -0.6894957724870984,
                    -1.0127404551595183e-06,
                    0.7242897070381391,
                    -0.5911889557427183
                ],
                [
                    0.0,
                    0.0,
                    0.0,
                    1.0
                ]
            ],
            "size": [
                0.1202,
                0.13634,
                0.67816
            ]
        },
        "distance": 0.0
    },
    {
        "case": 2,
        "collider1": {
            "type": "Box",
            "collider2origin": [
                [
                    1.0,
                    0.0,
                    0.0,
                    1.28
                ],
                [
                    0.0,
                    1.0,
                    0.0,
                    -0.23086
                ],
                [
                    0.0,
                    0.0,
                    1.0,
                    -0.67301
                ],
                [
                    0.0,
                    0.0,
                    0.0,
                    1.0
                ]
            ],
            "size": [
                0.06,
                0.06,
                0.33
            ]
        },
        "collider2": {
            "type": "Box",
            "collider2origin": [
                [
                    0.25352905143217386,
                    -0.9367357707537542,
                    0.24134853608479118,
                    1.1777793667160223
                ],
                [
                    0.6784678325479561,
                    0.35003727771388,
                    0.6458756106312843,
                    -0.3865421878886096
                ],
                [
                    -0.6894957724870984,
                    -1.0127404551595183e-06,
                    0.7242897070381391,
                    -0.5911889557427183
                ],
                [
                    0.0,
                    0.0,
                    0.0,
                    1.0
                ]
            ],
            "size": [
                0.1202,
                0.13634,
                0.67816
            ]
        },
        "distance": 0.0
    }
]