[
    {
        "case": 0,
        "collider1": {
            "type": "Box",
            "collider2origin": [
                [
                    1.0,
                    0.0,
                    0.0,
                    1.23
                ],
                [
                    0.0,
                    1.0,
                    0.0,
                    -0.23086
                ],
                [
                    0.0,
                    0.0,
                    1.0,
                    -0.54301
                ],
                [
                    0.0,
                    0.0,
                    0.0,
                    1.0
                ]
            ],
            "size": [
                0.1,
                0.16,
                0.1
            ]
        },
        "collider2": {
            "type": "Box",
            "collider2origin": [
                [
                    -0.11497938743963235,
                    0.975374595323063,
                    0.18821301565613888,
                    1.22785563005344
                ],
                [
                    -0.5084881314925249,
                    -0.22055475237518585,
                    0.8323433314059535,
                    -0.21088892992374275
                ],
                [
                    0.8533578151017588,
                    -1.7582690439459675e-06,
                    0.5213256558061005,
                    -0.4200242465345432
                ],
                [
                    0.0,
                    0.0,
                    0.0,
                    1.0
                ]
            ],
            "size": [
                0.1202,
                0.13634,
                0.67816
            ]
        },
        "distance": 0.0
    },
    {
        "case": 1,
        "collider1": {
            "type": "Box",
            "collider2origin": [
                [
                    1.0,
                    0.0,
                    0.0,
                    1.28
                ],
                [
                    0.0,
                    1.0,
                    0.0,
                    -0.23086
                ],
                [
                    0.0,
                    0.0,
                    1.0,
                    -0.67301
                ],
                [
                    0.0,
                    0.0,
                    0.0,
                    1.0
                ]
            ],
            "size": [
                0.06,
                0.06,
                0.33
            ]
        },
        "collider2": {
            "type": "Box",
            "collider2origin": [
                [
                    -0.11497938743963235,
                    0.975374595323063,
                    0.18821301565613888,
                    1.22785563005344
                ],
                [
                    -0.5084881314925249,
                    -0.22055475237518585,
                    0.8323433314059535,
                    -0.21088892992374275
                ],
                [
                    0.8533578151017588,
                    -1.7582690439459675e-06,
                    0.5213256558061005,
                    -0.4200242465345432
                ],
                [
                    0.0,
                    0.0,
                    0.0,
                    1.0
                ]
            ],
            "size": [
                0.1202,
                0.13634,
                0.67816
            ]
        },
        "distance": 0.0
    }
]