[
    {
        "case": 0,
        "collider1": {
            "type": "Box",
            "collider2origin": [
                [
                    1.0,
                    0.0,
                    0.0,
                    1.2009999999999998
                ],
                [
                    0.0,
                    1.0,
                    0.0,
                    0.02914
                ],
                [
                    0.0,
                    0.0,
                    1.0,
                    -1.22801
                ],
                [
                    0.0,
                    0.0,
                    0.0,
                    1.0
                ]
            ],
            "size": [
                0.41,
                0.6,
                0.82
            ]
        },
        "collider2": {
            "type": "Box",
            "collider2origin": [
                [
                    -0.10556543373996322,
                    -0.987100083711328,
                    0.12037177383582344,
                    1.0841563749245382
                ],
                [
                    -0.6508766726575339,
                    0.1601044181149824,
                    0.7421092455227334,
                    -0.1800827105881635
                ],
                [
                    -0.7518081511858932,
                    -6.095250101752753e-06,
                    -0.6593819104079947,
                    -0.551412520819812
                ],
                [
                    0.0,
                    0.0,
                    0.0,
                    1.0
                ]
            ],
            "size": [
                0.1202,
                0.13634,
                0.67816
            ]
        },
        "distance": 0.0
    },
    {
        "case": 1,
        "collider1": {
            "type": "Box",
            "collider2origin": [
                [
                    1.0,
                    0.0,
                    0.0,
                    1.23
                ],
                [
                    0.0,
                    1.0,
                    0.0,
                    -0.23086
                ],
                [
                    0.0,
                    0.0,
                    1.0,
                    -0.54301
                ],
                [
                    0.0,
                    0.0,
                    0.0,
                    1.0
                ]
            ],
            "size": [
                0.1,
                0.16,
                0.1
            ]
        },
        "collider2": {
            "type": "Box",
            "collider2origin": [
                [
                    -0.10556543373996322,
                    -0.987100083711328,
                    0.12037177383582344,
                    1.0841563749245382
                ],
                [
                    -0.6508766726575339,
                    0.1601044181149824,
                    0.7421092455227334,
                    -0.1800827105881635
                ],
                [
                    -0.7518081511858932,
                    -6.095250101752753e-06,
                    -0.6593819104079947,
                    -0.551412520819812
                ],
                [
                    0.0,
                    0.0,
                    0.0,
                    1.0
                ]
            ],
            "size": [
                0.1202,
                0.13634,
                0.67816
            ]
        },
        "distance": 0.021758311713685793
    }
]