[
    {
        "case": 0,
        "collider1": {
            "type": "Box",
            "collider2origin": [
                [
                    1.0,
                    0.0,
                    0.0,
                    1.2009999999999998
                ],
                [
                    0.0,
                    1.0,
                    0.0,
                    0.02914
                ],
                [
                    0.0,
                    0.0,
                    1.0,
                    -1.22801
                ],
                [
                    0.0,
                    0.0,
                    0.0,
                    1.0
                ]
            ],
            "size": [
                0.41,
                0.6,
                0.82
            ]
        },
        "collider2": {
            "type": "Box",
            "collider2origin": [
                [
                    0.09156588036504344,
                    -0.6442169275940155,
                    0.7593419781325812,
                    1.5113121421851916
                ],
                [
                    0.07712052440086883,
                    0.7648428271160497,
                    0.6395841418650585,
                    -0.5063076535824401
                ],
                [
                    -0.9928081961129799,
                    -3.2334642171744724e-06,
                    0.11971585408973694,
                    -0.7738007773591061
                ],
                [
                    0.0,
                    0.0,
                    0.0,
                    1.0
                ]
            ],
            "size": [
                0.1202,
                0.13634,
                0.67816
            ]
        },
        "distance": 0.17975445662966164
    },
    {
        "case": 1,
        "collider1": {
            "type": "Box",
            "collider2origin": [
                [
                    1.0,
                    0.0,
                    0.0,
                    1.28
                ],
                [
                    0.0,
                    1.0,
                    0.0,
                    -0.23086
                ],
                [
                    0.0,
                    0.0,
                    1.0,
                    -0.67301
                ],
                [
                    0.0,
                    0.0,
                    0.0,
                    1.0
                ]
            ],
            "size": [
                0.06,
                0.06,
                0.33
            ]
        },
        "collider2": {
            "type": "Box",
            "collider2origin": [
                [
                    0.09156588036504344,
                    -0.6442169275940155,
                    0.7593419781325812,
                    1.5113121421851916
                ],
                [
                    0.07712052440086883,
                    0.7648428271160497,
                    0.6395841418650585,
                    -0.5063076535824401
                ],
                [
                    -0.9928081961129799,
                    -3.2334642171744724e-06,
                    0.11971585408973694,
                    -0.7738007773591061
                ],
                [
                    0.0,
                    0.0,
                    0.0,
                    1.0
                ]
            ],
            "size": [
                0.1202,
                0.13634,
                0.67816
            ]
        },
        "distance": 0.2492473696461399
    }
]