[
    {
        "case": 0,
        "collider1": {
            "type": "Box",
            "collider2origin": [
                [
                    1.0,
                    0.0,
                    0.0,
                    1.2009999999999998
                ],
                [
                    0.0,
                    1.0,
                    0.0,
                    0.02914
                ],
                [
                    0.0,
                    0.0,
                    1.0,
                    -1.22801
                ],
                [
                    0.0,
                    0.0,
                    0.0,
                    1.0
                ]
            ],
            "size": [
                0.41,
                0.6,
                0.82
            ]
        },
        "collider2": {
            "type": "Box",
            "collider2origin": [
                [
                    -0.026708157747923737,
                    0.9982483252990761,
                    0.05279162194232956,
                    1.0908092109398315
                ],
                [
                    -0.45067176558146677,
                    -0.05916317295015579,
                    0.8907270506020087,
                    -0.28251402896500366
                ],
                [
                    0.8922901064213339,
                    -2.0148908376631684e-06,
                    0.4514624746072974,
                    -0.6364881526958487
                ],
                [
                    0.0,
                    0.0,
                    0.0,
                    1.0
                ]
            ],
            "size": [
                0.1202,
                0.13634,
                0.67816
            ]
        },
        "distance": 0.10527916348157312
    }
]