[
    {
        "case": 0,
        "collider1": {
            "type": "Box",
            "collider2origin": [
                [
                    1.0,
                    0.0,
                    0.0,
                    0.0
                ],
                [
                    0.0,
                    1.0,
                    0.0,
                    -0.37086
                ],
                [
                    0.0,
                    0.0,
                    1.0,
                    0.39699
                ],
                [
                    0.0,
                    0.0,
                    0.0,
                    1.0
                ]
            ],
            "size": [
                0.6,
                1.6,
                0.1
            ]
        },
        "collider2": {
            "type": "Box",
            "collider2origin": [
                [
                    0.7907998264525347,
                    0.3552492486509004,
                    -0.49843114450805703,
                    0.3358078012548329
                ],
                [
                    -0.3005340964080181,
                    0.9347716145308705,
                    0.18942356126829998,
                    -0.6960147281811854
                ],
                [
                    0.5332118635016075,
                    -5.657406495102393e-07,
                    0.8459817424866938,
                    0.06185983927756178
                ],
                [
                    0.0,
                    0.0,
                    0.0,
                    1.0
                ]
            ],
            "size": [
                0.1202,
                0.13634,
                0.67816
            ]
        },
        "distance": 0.0
    },
    {
        "case": 1,
        "collider1": {
            "type": "Box",
            "collider2origin": [
                [
                    1.0,
                    0.0,
                    0.0,
                    0.0
                ],
                [
                    0.0,
                    1.0,
                    0.0,
                    -0.37086
                ],
                [
                    0.0,
                    0.0,
                    1.0,
                    0.39699
                ],
                [
                    0.0,
                    0.0,
                    0.0,
                    1.0
                ]
            ],
            "size": [
                0.6,
                1.6,
                0.1
            ]
        },
        "collider2": {
            "type": "Box",
            "collider2origin": [
                [
                    -0.9148506458456858,
                    0.3552503744126438,
                    -0.19195173162909437,
                    0.2297560299927741
                ],
                [
                    0.34768137012291317,
                    0.9347711866691496,
                    0.07294171263826531,
                    -0.5361510642570133
                ],
                [
                    0.20534351868317002,
                    -7.2681340618337385e-06,
                    -0.9786899607546755,
                    0.30627197985020604
                ],
                [
                    0.0,
                    0.0,
                    0.0,
                    1.0
                ]
            ],
            "size": [
                0.09102,
                0.10007,
                0.11882
            ]
        },
        "distance": 0.0
    }
]