[
    {
        "case": 0,
        "collider1": {
            "type": "Box",
            "collider2origin": [
                [
                    1.0,
                    0.0,
                    0.0,
                    1.23
                ],
                [
                    0.0,
                    1.0,
                    0.0,
                    -0.23086
                ],
                [
                    0.0,
                    0.0,
                    1.0,
                    -0.54301
                ],
                [
                    0.0,
                    0.0,
                    0.0,
                    1.0
                ]
            ],
            "size": [
                0.1,
                0.16,
                0.1
            ]
        },
        "collider2": {
            "type": "Box",
            "collider2origin": [
                [
                    -0.049148208463444906,
                    0.9560379142313244,
                    -0.28909507113932664,
                    1.0801531083775902
                ],
                [
                    0.16024854950373693,
                    0.2932430843751034,
                    0.9425120136359664,
                    -0.6661081524197832
                ],
                [
                    0.9858523499930312,
                    -4.288893275026063e-06,
                    -0.1676160612674789,
                    -0.4230779300575114
                ],
                [
                    0.0,
                    0.0,
                    0.0,
                    1.0
                ]
            ],
            "size": [
                0.15068,
                0.17726,
                0.74884
            ]
        },
        "distance": 0.11100177787448823
    },
    {
        "case": 1,
        "collider1": {
            "type": "Box",
            "collider2origin": [
                [
                    1.0,
                    0.0,
                    0.0,
                    1.23
                ],
                [
                    0.0,
                    1.0,
                    0.0,
                    -0.23086
                ],
                [
                    0.0,
                    0.0,
                    1.0,
                    -0.54301
                ],
                [
                    0.0,
                    0.0,
                    0.0,
                    1.0
                ]
            ],
            "size": [
                0.1,
                0.16,
                0.1
            ]
        },
        "collider2": {
            "type": "Box",
            "collider2origin": [
                [
                    -0.049148208463444906,
                    0.9560379142313244,
                    -0.28909507113932664,
                    1.0801531083775902
                ],
                [
                    0.16024854950373693,
                    0.2932430843751034,
                    0.9425120136359664,
                    -0.6661081524197832
                ],
                [
                    0.9858523499930312,
                    -4.288893275026063e-06,
                    -0.1676160612674789,
                    -0.4230779300575114
                ],
                [
                    0.0,
                    0.0,
                    0.0,
                    1.0
                ]
            ],
            "size": [
                0.15068,
                0.17726,
                0.74884
            ]
        },
        "distance": 0.11100177787448823
    }
]