[
    {
        "case": 0,
        "collider1": {
            "type": "Box",
            "collider2origin": [
                [
                    1.0,
                    0.0,
                    0.0,
                    1.23
                ],
                [
                    0.0,
                    1.0,
                    0.0,
                    -0.23086
                ],
                [
                    0.0,
                    0.0,
                    1.0,
                    -0.54301
                ],
                [
                    0.0,
                    0.0,
                    0.0,
                    1.0
                ]
            ],
            "size": [
                0.1,
                0.16,
                0.1
            ]
        },
        "collider2": {
            "type": "Box",
            "collider2origin": [
                [
                    -0.0959531306077463,
                    0.9057640007223401,
                    -0.4127766608252375,
                    1.0342821858314395
                ],
                [
                    0.2050940923923148,
                    0.42378246185415225,
                    0.8822385382030227,
                    -0.6614082965858354
                ],
                [
                    0.9740274174746547,
                    -4.504929300636967e-06,
                    -0.2264300995613441,
                    -0.4407192076821915
                ],
                [
                    0.0,
                    0.0,
                    0.0,
                    1.0
                ]
            ],
            "size": [
                0.15068,
                0.17726,
                0.74884
            ]
        },
        "distance": 0.19191240603007714
    },
    {
        "case": 1,
        "collider1": {
            "type": "Box",
            "collider2origin": [
                [
                    1.0,
                    0.0,
                    0.0,
                    1.23
                ],
                [
                    0.0,
                    1.0,
                    0.0,
                    -0.23086
                ],
                [
                    0.0,
                    0.0,
                    1.0,
                    -0.54301
                ],
                [
                    0.0,
                    0.0,
                    0.0,
                    1.0
                ]
            ],
            "size": [
                0.1,
                0.16,
                0.1
            ]
        },
        "collider2": {
            "type": "Box",
            "collider2origin": [
                [
                    -0.0959531306077463,
                    0.9057640007223401,
                    -0.4127766608252375,
                    1.0342821858314395
                ],
                [
                    0.2050940923923148,
                    0.42378246185415225,
                    0.8822385382030227,
                    -0.6614082965858354
                ],
                [
                    0.9740274174746547,
                    -4.504929300636967e-06,
                    -0.2264300995613441,
                    -0.4407192076821915
                ],
                [
                    0.0,
                    0.0,
                    0.0,
                    1.0
                ]
            ],
            "size": [
                0.15068,
                0.17726,
                0.74884
            ]
        },
        "distance": 0.19191240603007714
    }
]