[
    {
        "case": 0,
        "collider1": {
            "type": "Box",
            "collider2origin": [
                [
                    1.0,
                    0.0,
                    0.0,
                    1.2009999999999998
                ],
                [
                    0.0,
                    1.0,
                    0.0,
                    0.02914
                ],
                [
                    0.0,
                    0.0,
                    1.0,
                    -1.22801
                ],
                [
                    0.0,
                    0.0,
                    0.0,
                    1.0
                ]
            ],
            "size": [
                0.41,
                0.6,
                0.82
            ]
        },
        "collider2": {
            "type": "Box",
            "collider2origin": [
                [
                    -0.9536736244383314,
                    -0.21914440356792558,
                    0.20611246550248852,
                    1.0957715507642425
                ],
                [
                    0.037670560269846984,
                    0.59273720560379,
                    0.8045144709587057,
                    0.03773242432957291
                ],
                [
                    -0.29847537074206343,
                    0.775008603486354,
                    -0.5570225467452095,
                    -0.730501747502488
                ],
                [
                    0.0,
                    0.0,
                    0.0,
                    1.0
                ]
            ],
            "size": [
                0.09126,
                0.11887,
                0.10009
            ]
        },
        "distance": 0.0
    },
    {
        "case": 1,
        "collider1": {
            "type": "Box",
            "collider2origin": [
                [
                    1.0,
                    0.0,
                    0.0,
                    1.2009999999999998
                ],
                [
                    0.0,
                    1.0,
                    0.0,
                    0.02914
                ],
                [
                    0.0,
                    0.0,
                    1.0,
                    -1.22801
                ],
                [
                    0.0,
                    0.0,
                    0.0,
                    1.0
                ]
            ],
            "size": [
                0.41,
                0.6,
                0.82
            ]
        },
        "collider2": {
            "type": "Box",
            "collider2origin": [
                [
                    0.07571153751796621,
                    -0.968714890524981,
                    0.2363455604868416,
                    1.1163439557818078
                ],
                [
                    0.2955176289833371,
                    0.24817626975328985,
                    0.9225388176610286,
                    -0.3516503313989774
                ],
                [
                    -0.9523324493299239,
                    -2.5526493138334232e-06,
                    0.3050621345672906,
                    -0.7587903165097813
                ],
                [
                    0.0,
                    0.0,
                    0.0,
                    1.0
                ]
            ],
            "size": [
                0.1202,
                0.13634,
                0.67816
            ]
        },
        "distance": 0.01636103056355075
    },
    {
        "case": 2,
        "collider1": {
            "type": "Box",
            "collider2origin": [
                [
                    1.0,
                    0.0,
                    0.0,
                    1.28
                ],
                [
                    0.0,
                    1.0,
                    0.0,
                    -0.23086
                ],
                [
                    0.0,
                    0.0,
                    1.0,
                    -0.67301
                ],
                [
                    0.0,
                    0.0,
                    0.0,
                    1.0
                ]
            ],
            "size": [
                0.06,
                0.06,
                0.33
            ]
        },
        "collider2": {
            "type": "Box",
            "collider2origin": [
                [
                    0.07571153751796621,
                    -0.968714890524981,
                    0.2363455604868416,
                    1.1163439557818078
                ],
                [
                    0.2955176289833371,
                    0.24817626975328985,
                    0.9225388176610286,
                    -0.3516503313989774
                ],
                [
                    -0.9523324493299239,
                    -2.5526493138334232e-06,
                    0.3050621345672906,
                    -0.7587903165097813
                ],
                [
                    0.0,
                    0.0,
                    0.0,
                    1.0
                ]
            ],
            "size": [
                0.1202,
                0.13634,
                0.67816
            ]
        },
        "distance": 0.023882003754770353
    }
]