[
    {
        "case": 0,
        "collider1": {
            "type": "Box",
            "collider2origin": [
                [
                    1.0,
                    0.0,
                    0.0,
                    -0.06
                ],
                [
                    0.0,
                    1.0,
                    0.0,
                    -0.37086
                ],
                [
                    0.0,
                    0.0,
                    1.0,
                    -0.40301
                ],
                [
                    0.0,
                    0.0,
                    0.0,
                    1.0
                ]
            ],
            "size": [
                0.1,
                1.0,
                1.64
            ]
        },
        "collider2": {
            "type": "Box",
            "collider2origin": [
                [
                    0.6901783871562511,
                    -0.27675839201009006,
                    -0.6686243985634874,
                    -0.11139623621383787
                ],
                [
                    -0.2881008905262512,
                    -0.9526799798208326,
                    0.09694706249576997,
                    -0.7433878446681197
                ],
                [
                    -0.6638159916576105,
                    0.12572051742085305,
                    -0.7372534711475126,
                    0.14405730285463392
                ],
                [
                    0.0,
                    0.0,
                    0.0,
                    1.0
                ]
            ],
            "size": [
                0.08993,
                0.0305,
                0.09007
            ]
        },
        "distance": 0.0
    },
    {
        "case": 1,
        "collider1": {
            "type": "Box",
            "collider2origin": [
                [
                    1.0,
                    0.0,
                    0.0,
                    -0.06
                ],
                [
                    0.0,
                    1.0,
                    0.0,
                    -0.37086
                ],
                [
                    0.0,
                    0.0,
                    1.0,
                    -0.40301
                ],
                [
                    0.0,
                    0.0,
                    0.0,
                    1.0
                ]
            ],
            "size": [
                0.1,
                1.0,
                1.64
            ]
        },
        "collider2": {
            "type": "Box",
            "collider2origin": [
                [
                    -0.7714143148237905,
                    -0.2767580407490536,
                    -0.5729964587723795,
                    -0.087970137034177
                ],
                [
                    0.1422472217811392,
                    -0.9526793491551614,
                    0.2686406253507563,
                    -0.6733378082407449
                ],
                [
                    -0.6202303465491588,
                    0.12572606958798624,
                    0.7742785497774474,
                    0.13243350031714174
                ],
                [
                    0.0,
                    0.0,
                    0.0,
                    1.0
                ]
            ],
            "size": [
                0.09126,
                0.11887,
                0.10009
            ]
        },
        "distance": 0.0
    },
    {
        "case": 2,
        "collider1": {
            "type": "Box",
            "collider2origin": [
                [
                    1.0,
                    0.0,
                    0.0,
                    -0.06
                ],
                [
                    0.0,
                    1.0,
                    0.0,
                    -0.37086
                ],
                [
                    0.0,
                    0.0,
                    1.0,
                    -0.40301
                ],
                [
                    0.0,
                    0.0,
                    0.0,
                    1.0
                ]
            ],
            "size": [
                0.1,
                1.0,
                1.64
            ]
        },
        "collider2": {
            "type": "Box",
            "collider2origin": [
                [
                    -0.7010540528793314,
                    -0.4244976715787451,
                    -0.5729964587723795,
                    -0.022846726648794835
                ],
                [
                    0.3286799166173957,
                    -0.9054290291478048,
                    0.2686406253507563,
                    -0.6971247339253066
                ],
                [
                    -0.6328449473242598,
                    -8.291211828978627e-07,
                    0.7742785497774474,
                    0.04765216771575176
                ],
                [
                    0.0,
                    0.0,
                    0.0,
                    1.0
                ]
            ],
            "size": [
                0.09102,
                0.10007,
                0.11882
            ]
        },
        "distance": 0.0
    },
    {
        "case": 3,
        "collider1": {
            "type": "Box",
            "collider2origin": [
                [
                    1.0,
                    0.0,
                    0.0,
                    -0.06
                ],
                [
                    0.0,
                    1.0,
                    0.0,
                    -0.37086
                ],
                [
                    0.0,
                    0.0,
                    1.0,
                    -0.40301
                ],
                [
                    0.0,
                    0.0,
                    0.0,
                    1.0
                ]
            ],
            "size": [
                0.1,
                1.0,
                1.64
            ]
        },
        "collider2": {
            "type": "Box",
            "collider2origin": [
                [
                    -0.805309341967281,
                    -0.05478986935627423,
                    -0.5903176551282768,
                    -0.13082338071893584
                ],
                [
                    0.05143567740468706,
                    -0.9984228290989378,
                    0.022499453859899602,
                    -0.82462982483013
                ],
                [
                    -0.5906193654377969,
                    -0.01224436809293037,
                    0.8068573855520308,
                    0.1505453876069014
                ],
                [
                    0.0,
                    0.0,
                    0.0,
                    1.0
                ]
            ],
            "size": [
                0.06241,
                0.05638,
                0.02858
            ]
        },
        "distance": 0.0
    },
    {
        "case": 4,
        "collider1": {
            "type": "Box",
            "collider2origin": [
                [
                    1.0,
                    0.0,
                    0.0,
                    -0.06
                ],
                [
                    0.0,
                    1.0,
                    0.0,
                    -0.37086
                ],
                [
                    0.0,
                    0.0,
                    1.0,
                    -0.40301
                ],
                [
                    0.0,
                    0.0,
                    0.0,
                    1.0
                ]
            ],
            "size": [
                0.1,
                1.0,
                1.64
            ]
        },
        "collider2": {
            "type": "Box",
            "collider2origin": [
                [
                    -0.6637361089401211,
                    -0.054788644188541784,
                    -0.7459574935323117,
                    -0.13310489041429174
                ],
                [
                    0.04558229297550706,
                    -0.9984228332102909,
                    0.03277347542495586,
                    -0.8757504312713433
                ],
                [
                    -0.7465766084308584,
                    -0.012249513962459756,
                    0.6651866784231025,
                    0.14709951898018736
                ],
                [
                    0.0,
                    0.0,
                    0.0,
                    1.0
                ]
            ],
            "size": [
                0.07264,
                0.04753,
                0.03326
            ]
        },
        "distance": 0.0
    },
    {
        "case": 5,
        "collider1": {
            "type": "Box",
            "collider2origin": [
                [
                    1.0,
                    0.0,
                    0.0,
                    -0.06
                ],
                [
                    0.0,
                    1.0,
                    0.0,
                    -0.37086
                ],
                [
                    0.0,
                    0.0,
                    1.0,
                    -0.40301
                ],
                [
                    0.0,
                    0.0,
                    0.0,
                    1.0
                ]
            ],
            "size": [
                0.1,
                1.0,
                1.64
            ]
        },
        "collider2": {
            "type": "Box",
            "collider2origin": [
                [
                    -0.5715691320703006,
                    -0.42449814623579085,
                    -0.7022179512849127,
                    0.23096427180160362
                ],
                [
                    0.2679736779732541,
                    -0.9054288066107365,
                    0.32922451924627977,
                    -0.6926859139456438
                ],
                [
                    -0.7755635597279501,
                    -1.3544228032752666e-06,
                    0.6312694866855798,
                    -0.13869812684878347
                ],
                [
                    0.0,
                    0.0,
                    0.0,
                    1.0
                ]
            ],
            "size": [
                0.1202,
                0.13634,
                0.67816
            ]
        },
        "distance": 0.0
    }
]