[
    {
        "case": 0,
        "collider1": {
            "type": "Box",
            "collider2origin": [
                [
                    1.0,
                    0.0,
                    0.0,
                    0.0
                ],
                [
                    0.0,
                    1.0,
                    0.0,
                    -0.37086
                ],
                [
                    0.0,
                    0.0,
                    1.0,
                    0.39699
                ],
                [
                    0.0,
                    0.0,
                    0.0,
                    1.0
                ]
            ],
            "size": [
                0.6,
                1.6,
                0.1
            ]
        },
        "collider2": {
            "type": "Box",
            "collider2origin": [
                [
                    -0.5597792233120962,
                    0.02864844725309615,
                    -0.8281464167754956,
                    0.12225292197190263
                ],
                [
                    0.7423161162519144,
                    0.461482940553045,
                    -0.4857985993507893,
                    -0.9173876399840901
                ],
                [
                    0.3682580680728943,
                    -0.8866863944194141,
                    -0.27959476613613216,
                    0.4611115031989299
                ],
                [
                    0.0,
                    0.0,
                    0.0,
                    1.0
                ]
            ],
            "size": [
                0.08993,
                0.0305,
                0.09007
            ]
        },
        "distance": 0.0
    },
    {
        "case": 1,
        "collider1": {
            "type": "Box",
            "collider2origin": [
                [
                    1.0,
                    0.0,
                    0.0,
                    0.0
                ],
                [
                    0.0,
                    1.0,
                    0.0,
                    -0.37086
                ],
                [
                    0.0,
                    0.0,
                    1.0,
                    0.39699
                ],
                [
                    0.0,
                    0.0,
                    0.0,
                    1.0
                ]
            ],
            "size": [
                0.6,
                1.6,
                0.1
            ]
        },
        "collider2": {
            "type": "Cylinder",
            "collider2origin": [
                [
                    -0.1115372300152663,
                    0.9526314778892869,
                    -0.2829358825864881,
                    0.12996689008925566
                ],
                [
                    -0.8804472142369897,
                    -0.22675970136443266,
                    -0.41640453981607506,
                    -0.8840796513947178
                ],
                [
                    -0.46083852840539014,
                    0.2026655006940911,
                    0.8640338798713671,
                    0.3190046808074003
                ],
                [
                    0.0,
                    0.0,
                    0.0,
                    1.0
                ]
            ],
            "radius": 0.01271,
            "height": 0.05982
        },
        "distance": 0.0
    },
    {
        "case": 2,
        "collider1": {
            "type": "Box",
            "collider2origin": [
                [
                    1.0,
                    0.0,
                    0.0,
                    0.0
                ],
                [
                    0.0,
                    1.0,
                    0.0,
                    -0.37086
                ],
                [
                    0.0,
                    0.0,
                    1.0,
                    0.39699
                ],
                [
                    0.0,
                    0.0,
                    0.0,
                    1.0
                ]
            ],
            "size": [
                0.6,
                1.6,
                0.1
            ]
        },
        "collider2": {
            "type": "Box",
            "collider2origin": [
                [
                    -0.8393152252704814,
                    -0.07441960085483716,
                    0.5385273211618588,
                    0.11468344734850622
                ],
                [
                    -0.4456303056174061,
                    0.6615688187659511,
                    -0.6031088863148685,
                    -0.8402875724325376
                ],
                [
                    -0.3113897611426852,
                    -0.746182565492675,
                    -0.588428411627337,
                    0.35157311852982387
                ],
                [
                    0.0,
                    0.0,
                    0.0,
                    1.0
                ]
            ],
            "size": [
                0.07264,
                0.04753,
                0.03326
            ]
        },
        "distance": 0.0
    },
    {
        "case": 3,
        "collider1": {
            "type": "Box",
            "collider2origin": [
                [
                    1.0,
                    0.0,
                    0.0,
                    0.0
                ],
                [
                    0.0,
                    1.0,
                    0.0,
                    -0.37086
                ],
                [
                    0.0,
                    0.0,
                    1.0,
                    0.39699
                ],
                [
                    0.0,
                    0.0,
                    0.0,
                    1.0
                ]
            ],
            "size": [
                0.6,
                1.6,
                0.1
            ]
        },
        "collider2": {
            "type": "Box",
            "collider2origin": [
                [
                    -0.7078395352484208,
                    -0.07441472345822585,
                    0.7024426248968202,
                    0.12118882424828492
                ],
                [
                    -0.5621114910011836,
                    0.6615675526118263,
                    -0.4963456910416606,
                    -0.8747482268646771
                ],
                [
                    -0.4277778208646697,
                    -0.7461841744930224,
                    -0.5101130401317348,
                    0.38899689529674664
                ],
                [
                    0.0,
                    0.0,
                    0.0,
                    1.0
                ]
            ],
            "size": [
                0.06241,
                0.05638,
                0.02858
            ]
        },
        "distance": 0.0
    },
    {
        "case": 4,
        "collider1": {
            "type": "Box",
            "collider2origin": [
                [
                    1.0,
                    0.0,
                    0.0,
                    0.0
                ],
                [
                    0.0,
                    1.0,
                    0.0,
                    -0.37086
                ],
                [
                    0.0,
                    0.0,
                    1.0,
                    0.39699
                ],
                [
                    0.0,
                    0.0,
                    0.0,
                    1.0
                ]
            ],
            "size": [
                0.6,
                1.6,
                0.1
            ]
        },
        "collider2": {
            "type": "Box",
            "collider2origin": [
                [
                    0.725743688374315,
                    -0.13279701845302358,
                    -0.6750267036753675,
                    0.447305198535619
                ],
                [
                    0.09723848431330363,
                    0.9911432549783203,
                    -0.09044183368016992,
                    -1.0254173867324605
                ],
                [
                    0.6810585701342406,
                    -9.835780154180308e-07,
                    0.7322289423709882,
                    0.3273623227643867
                ],
                [
                    0.0,
                    0.0,
                    0.0,
                    1.0
                ]
            ],
            "size": [
                0.1202,
                0.13634,
                0.67816
            ]
        },
        "distance": 0.0
    }
]