[
    {
        "case": 0,
        "collider1": {
            "type": "Box",
            "collider2origin": [
                [
                    1.0,
                    0.0,
                    0.0,
                    1.2009999999999998
                ],
                [
                    0.0,
                    1.0,
                    0.0,
                    0.02914
                ],
                [
                    0.0,
                    0.0,
                    1.0,
                    -1.22801
                ],
                [
                    0.0,
                    0.0,
                    0.0,
                    1.0
                ]
            ],
            "size": [
                0.41,
                0.6,
                0.82
            ]
        },
        "collider2": {
            "type": "Box",
            "collider2origin": [
                [
                    -0.5685700748528815,
                    -0.6816390099682071,
                    0.46053917322129184,
                    1.4803902953870811
                ],
                [
                    -0.5296838469048831,
                    0.7316886359968654,
                    0.42903002491794306,
                    -0.48659523647692116
                ],
                [
                    -0.629414880909113,
                    -6.527540519663935e-06,
                    -0.7770694355381365,
                    -0.905190492383785
                ],
                [
                    0.0,
                    0.0,
                    0.0,
                    1.0
                ]
            ],
            "size": [
                0.1202,
                0.13634,
                0.67816
            ]
        },
        "distance": 0.14038847136282095
    },
    {
        "case": 1,
        "collider1": {
            "type": "Box",
            "collider2origin": [
                [
                    1.0,
                    0.0,
                    0.0,
                    1.28
                ],
                [
                    0.0,
                    1.0,
                    0.0,
                    -0.23086
                ],
                [
                    0.0,
                    0.0,
                    1.0,
                    -0.67301
                ],
                [
                    0.0,
                    0.0,
                    0.0,
                    1.0
                ]
            ],
            "size": [
                0.06,
                0.06,
                0.33
            ]
        },
        "collider2": {
            "type": "Box",
            "collider2origin": [
                [
                    -0.5685700748528815,
                    -0.6816390099682071,
                    0.46053917322129184,
                    1.4803902953870811
                ],
                [
                    -0.5296838469048831,
                    0.7316886359968654,
                    0.42903002491794306,
                    -0.48659523647692116
                ],
                [
                    -0.629414880909113,
                    -6.527540519663935e-06,
                    -0.7770694355381365,
                    -0.905190492383785
                ],
                [
                    0.0,
                    0.0,
                    0.0,
                    1.0
                ]
            ],
            "size": [
                0.1202,
                0.13634,
                0.67816
            ]
        },
        "distance": 0.2131978589195649
    }
]