[
    {
        "case": 0,
        "collider1": {
            "type": "Box",
            "collider2origin": [
                [
                    1.0,
                    0.0,
                    0.0,
                    -0.06
                ],
                [
                    0.0,
                    1.0,
                    0.0,
                    -0.37086
                ],
                [
                    0.0,
                    0.0,
                    1.0,
                    -0.40301
                ],
                [
                    0.0,
                    0.0,
                    0.0,
                    1.0
                ]
            ],
            "size": [
                0.1,
                1.0,
                1.64
            ]
        },
        "collider2": {
            "type": "Box",
            "collider2origin": [
                [
                    -0.45907140126260887,
                    -0.10819573549941255,
                    -0.8817863297661889,
                    0.24543205681182667
                ],
                [
                    0.04996463332757681,
                    -0.994129610672488,
                    0.09596797695381572,
                    -0.9663657211242683
                ],
                [
                    -0.8869932265576921,
                    -1.9769835114045415e-06,
                    0.4617824336599065,
                    0.10240136934074151
                ],
                [
                    0.0,
                    0.0,
                    0.0,
                    1.0
                ]
            ],
            "size": [
                0.1202,
                0.13634,
                0.67816
            ]
        },
        "distance": 0.0
    }
]