[
    {
        "case": 0,
        "collider1": {
            "type": "Box",
            "collider2origin": [
                [
                    1.0,
                    0.0,
                    0.0,
                    1.2009999999999998
                ],
                [
                    0.0,
                    1.0,
                    0.0,
                    0.02914
                ],
                [
                    0.0,
                    0.0,
                    1.0,
                    -1.22801
                ],
                [
                    0.0,
                    0.0,
                    0.0,
                    1.0
                ]
            ],
            "size": [
                0.41,
                0.6,
                0.82
            ]
        },
        "collider2": {
            "type": "Box",
            "collider2origin": [
                [
                    0.4494525999672748,
                    0.8666317873330068,
                    0.21666034608726759,
                    1.3902045952431283
                ],
                [
                    0.7806558831844957,
                    -0.49894823893390905,
                    0.37633369091032176,
                    -0.4188489903356587
                ],
                [
                    0.434245037314293,
                    -6.982009110505813e-06,
                    -0.9007947865741449,
                    -0.8303167252960705
                ],
                [
                    0.0,
                    0.0,
                    0.0,
                    1.0
                ]
            ],
            "size": [
                0.1202,
                0.13634,
                0.67816
            ]
        },
        "distance": 0.0
    },
    {
        "case": 1,
        "collider1": {
            "type": "Box",
            "collider2origin": [
                [
                    1.0,
                    0.0,
                    0.0,
                    1.23
                ],
                [
                    0.0,
                    1.0,
                    0.0,
                    -0.23086
                ],
                [
                    0.0,
                    0.0,
                    1.0,
                    -0.54301
                ],
                [
                    0.0,
                    0.0,
                    0.0,
                    1.0
                ]
            ],
            "size": [
                0.1,
                0.16,
                0.1
            ]
        },
        "collider2": {
            "type": "Box",
            "collider2origin": [
                [
                    0.4494525999672748,
                    0.8666317873330068,
                    0.21666034608726759,
                    1.3902045952431283
                ],
                [
                    0.7806558831844957,
                    -0.49894823893390905,
                    0.37633369091032176,
                    -0.4188489903356587
                ],
                [
                    0.434245037314293,
                    -6.982009110505813e-06,
                    -0.9007947865741449,
                    -0.8303167252960705
                ],
                [
                    0.0,
                    0.0,
                    0.0,
                    1.0
                ]
            ],
            "size": [
                0.1202,
                0.13634,
                0.67816
            ]
        },
        "distance": 0.11241418772081964
    },
    {
        "case": 2,
        "collider1": {
            "type": "Box",
            "collider2origin": [
                [
                    1.0,
                    0.0,
                    0.0,
                    1.28
                ],
                [
                    0.0,
                    1.0,
                    0.0,
                    -0.23086
                ],
                [
                    0.0,
                    0.0,
                    1.0,
                    -0.67301
                ],
                [
                    0.0,
                    0.0,
                    0.0,
                    1.0
                ]
            ],
            "size": [
                0.06,
                0.06,
                0.33
            ]
        },
        "collider2": {
            "type": "Box",
            "collider2origin": [
                [
                    0.4494525999672748,
                    0.8666317873330068,
                    0.21666034608726759,
                    1.3902045952431283
                ],
                [
                    0.7806558831844957,
                    -0.49894823893390905,
                    0.37633369091032176,
                    -0.4188489903356587
                ],
                [
                    0.434245037314293,
                    -6.982009110505813e-06,
                    -0.9007947865741449,
                    -0.8303167252960705
                ],
                [
                    0.0,
                    0.0,
                    0.0,
                    1.0
                ]
            ],
            "size": [
                0.1202,
                0.13634,
                0.67816
            ]
        },
        "distance": 0.08363757853232051
    }
]