[
    {
        "case": 0,
        "collider1": {
            "type": "Box",
            "collider2origin": [
                [
                    1.0,
                    0.0,
                    0.0,
                    -0.06
                ],
                [
                    0.0,
                    1.0,
                    0.0,
                    -0.37086
                ],
                [
                    0.0,
                    0.0,
                    1.0,
                    -0.40301
                ],
                [
                    0.0,
                    0.0,
                    0.0,
                    1.0
                ]
            ],
            "size": [
                0.1,
                1.0,
                1.64
            ]
        },
        "collider2": {
            "type": "Box",
            "collider2origin": [
                [
                    -0.46116382615714485,
                    0.6432989215839237,
                    0.6111419008160568,
                    -0.01569293294190044
                ],
                [
                    0.5981234597298882,
                    0.7341261798486883,
                    -0.32141418603029853,
                    -0.8570846774711679
                ],
                [
                    -0.6554206682466237,
                    0.21731371229108337,
                    -0.7233246145994319,
                    -0.20324034736710184
                ],
                [
                    0.0,
                    0.0,
                    0.0,
                    1.0
                ]
            ],
            "size": [
                0.06241,
                0.05638,
                0.02858
            ]
        },
        "distance": 0.0
    },
    {
        "case": 1,
        "collider1": {
            "type": "Box",
            "collider2origin": [
                [
                    1.0,
                    0.0,
                    0.0,
                    -0.06
                ],
                [
                    0.0,
                    1.0,
                    0.0,
                    -0.37086
                ],
                [
                    0.0,
                    0.0,
                    1.0,
                    -0.40301
                ],
                [
                    0.0,
                    0.0,
                    0.0,
                    1.0
                ]
            ],
            "size": [
                0.1,
                1.0,
                1.64
            ]
        },
        "collider2": {
            "type": "Box",
            "collider2origin": [
                [
                    -0.33199412464073513,
                    0.7234532325144757,
                    -0.6053059735112384,
                    -0.07407731090871028
                ],
                [
                    0.3877586046666581,
                    0.6896465342699408,
                    0.6115806751986408,
                    -0.9171406086269043
                ],
                [
                    0.8598971832207606,
                    -0.03167140877534851,
                    -0.5094838134378621,
                    -0.20531834411040206
                ],
                [
                    0.0,
                    0.0,
                    0.0,
                    1.0
                ]
            ],
            "size": [
                0.08993,
                0.0305,
                0.09007
            ]
        },
        "distance": 0.0
    },
    {
        "case": 2,
        "collider1": {
            "type": "Box",
            "collider2origin": [
                [
                    1.0,
                    0.0,
                    0.0,
                    -0.06
                ],
                [
                    0.0,
                    1.0,
                    0.0,
                    -0.37086
                ],
                [
                    0.0,
                    0.0,
                    1.0,
                    -0.40301
                ],
                [
                    0.0,
                    0.0,
                    0.0,
                    1.0
                ]
            ],
            "size": [
                0.1,
                1.0,
                1.64
            ]
        },
        "collider2": {
            "type": "Box",
            "collider2origin": [
                [
                    -0.5789867130045141,
                    0.6432949955740747,
                    0.5009450417297088,
                    0.015096314032968294
                ],
                [
                    0.6521920947825521,
                    0.7341289744217442,
                    -0.1889447549354685,
                    -0.8179181881992952
                ],
                [
                    -0.489305485016646,
                    0.21731589353710126,
                    -0.8446028325484087,
                    -0.19105822567846298
                ],
                [
                    0.0,
                    0.0,
                    0.0,
                    1.0
                ]
            ],
            "size": [
                0.07264,
                0.04753,
                0.03326
            ]
        },
        "distance": 0.0
    },
    {
        "case": 3,
        "collider1": {
            "type": "Box",
            "collider2origin": [
                [
                    1.0,
                    0.0,
                    0.0,
                    -0.06
                ],
                [
                    0.0,
                    1.0,
                    0.0,
                    -0.37086
                ],
                [
                    0.0,
                    0.0,
                    1.0,
                    -0.40301
                ],
                [
                    0.0,
                    0.0,
                    0.0,
                    1.0
                ]
            ],
            "size": [
                0.1,
                1.0,
                1.64
            ]
        },
        "collider2": {
            "type": "Box",
            "collider2origin": [
                [
                    0.006711571826833243,
                    -0.17075283350724957,
                    -0.9852910355082191,
                    0.18435224868728928
                ],
                [
                    -0.001159348078007577,
                    -0.9853138940640026,
                    0.17074889773133342,
                    -0.9075725027652328
                ],
                [
                    -0.9999768050888216,
                    -3.6982231818991345e-06,
                    -0.006810966941328257,
                    -0.084799329392244
                ],
                [
                    0.0,
                    0.0,
                    0.0,
                    1.0
                ]
            ],
            "size": [
                0.1202,
                0.13634,
                0.67816
            ]
        },
        "distance": 0.0
    },
    {
        "case": 4,
        "collider1": {
            "type": "Box",
            "collider2origin": [
                [
                    1.0,
                    0.0,
                    0.0,
                    -0.06
                ],
                [
                    0.0,
                    1.0,
                    0.0,
                    -0.37086
                ],
                [
                    0.0,
                    0.0,
                    1.0,
                    -0.40301
                ],
                [
                    0.0,
                    0.0,
                    0.0,
                    1.0
                ]
            ],
            "size": [
                0.1,
                1.0,
                1.64
            ]
        },
        "collider2": {
            "type": "Cylinder",
            "collider2origin": [
                [
                    -0.6654919951465856,
                    0.3802745649760227,
                    -0.6422707058772908,
                    0.012021038631550462
                ],
                [
                    -0.016169660687543386,
                    -0.8676286153135184,
                    -0.49694982439115165,
                    -0.819055368235734
                ],
                [
                    -0.746229821482006,
                    -0.32033083073822777,
                    0.5835488089350278,
                    -0.2607084358778693
                ],
                [
                    0.0,
                    0.0,
                    0.0,
                    1.0
                ]
            ],
            "radius": 0.01271,
            "height": 0.05982
        },
        "distance": 0.0
    }
]