[
    {
        "case": 0,
        "collider1": {
            "type": "Box",
            "collider2origin": [
                [
                    1.0,
                    0.0,
                    0.0,
                    -0.26
                ],
                [
                    0.0,
                    1.0,
                    0.0,
                    -0.4608599999999999
                ],
                [
                    0.0,
                    0.0,
                    1.0,
                    -1.143
                ],
                [
                    0.0,
                    0.0,
                    0.0,
                    1.0
                ]
            ],
            "size": [
                1.48,
                0.272,
                0.945
            ]
        },
        "collider2": {
            "type": "Cylinder",
            "collider2origin": [
                [
                    0.4806998640102796,
                    0.8734651023945762,
                    -0.07737154282635325,
                    -0.037990192943679224
                ],
                [
                    0.0771958374710974,
                    0.045738994889131496,
                    0.9959662378934676,
                    -0.32430657430301735
                ],
                [
                    0.8734806485650577,
                    -0.4847335961591308,
                    -0.045441141457954845,
                    -0.7346074957831811
                ],
                [
                    0.0,
                    0.0,
                    0.0,
                    1.0
                ]
            ],
            "radius": 0.00783,
            "height": 0.03683
        },
        "distance": 0.0
    },
    {
        "case": 1,
        "collider1": {
            "type": "Box",
            "collider2origin": [
                [
                    1.0,
                    0.0,
                    0.0,
                    -0.06
                ],
                [
                    0.0,
                    1.0,
                    0.0,
                    -0.37086
                ],
                [
                    0.0,
                    0.0,
                    1.0,
                    -0.40301
                ],
                [
                    0.0,
                    0.0,
                    0.0,
                    1.0
                ]
            ],
            "size": [
                0.1,
                1.0,
                1.64
            ]
        },
        "collider2": {
            "type": "Cylinder",
            "collider2origin": [
                [
                    0.4806998640102796,
                    0.8734651023945762,
                    -0.07737154282635325,
                    -0.037990192943679224
                ],
                [
                    0.0771958374710974,
                    0.045738994889131496,
                    0.9959662378934676,
                    -0.32430657430301735
                ],
                [
                    0.8734806485650577,
                    -0.4847335961591308,
                    -0.045441141457954845,
                    -0.7346074957831811
                ],
                [
                    0.0,
                    0.0,
                    0.0,
                    1.0
                ]
            ],
            "radius": 0.00783,
            "height": 0.03683
        },
        "distance": 0.0
    },
    {
        "case": 2,
        "collider1": {
            "type": "Box",
            "collider2origin": [
                [
                    1.0,
                    0.0,
                    0.0,
                    -0.26
                ],
                [
                    0.0,
                    1.0,
                    0.0,
                    -0.4608599999999999
                ],
                [
                    0.0,
                    0.0,
                    1.0,
                    -1.143
                ],
                [
                    0.0,
                    0.0,
                    0.0,
                    1.0
                ]
            ],
            "size": [
                1.48,
                0.272,
                0.945
            ]
        },
        "collider2": {
            "type": "Sphere",
            "collider2origin": [
                [
                    1.0,
                    0.0,
                    0.0,
                    -0.08702303712477
                ],
                [
                    0.0,
                    1.0,
                    0.0,
                    -0.34710492141011573
                ],
                [
                    0.0,
                    0.0,
                    1.0,
                    -0.7374333071531979
                ],
                [
                    0.0,
                    0.0,
                    0.0,
                    1.0
                ]
            ],
            "radius": 0.00484
        },
        "distance": 0.0
    },
    {
        "case": 3,
        "collider1": {
            "type": "Box",
            "collider2origin": [
                [
                    1.0,
                    0.0,
                    0.0,
                    -0.06
                ],
                [
                    0.0,
                    1.0,
                    0.0,
                    -0.37086
                ],
                [
                    0.0,
                    0.0,
                    1.0,
                    -0.40301
                ],
                [
                    0.0,
                    0.0,
                    0.0,
                    1.0
                ]
            ],
            "size": [
                0.1,
                1.0,
                1.64
            ]
        },
        "collider2": {
            "type": "Sphere",
            "collider2origin": [
                [
                    1.0,
                    0.0,
                    0.0,
                    -0.08702303712477
                ],
                [
                    0.0,
                    1.0,
                    0.0,
                    -0.34710492141011573
                ],
                [
                    0.0,
                    0.0,
                    1.0,
                    -0.7374333071531979
                ],
                [
                    0.0,
                    0.0,
                    0.0,
                    1.0
                ]
            ],
            "radius": 0.00484
        },
        "distance": 0.0
    },
    {
        "case": 4,
        "collider1": {
            "type": "Box",
            "collider2origin": [
                [
                    1.0,
                    0.0,
                    0.0,
                    -0.08499999999999996
                ],
                [
                    0.0,
                    1.0,
                    0.0,
                    0.42914
                ],
                [
                    0.0,
                    0.0,
                    1.0,
                    -1.2880099999999999
                ],
                [
                    0.0,
                    0.0,
                    0.0,
                    1.0
                ]
            ],
            "size": [
                1.02,
                1.22,
                0.75
            ]
        },
        "collider2": {
            "type": "Box",
            "collider2origin": [
                [
                    -0.4436310055432139,
                    -0.6290578551526306,
                    -0.6383398356608246,
                    0.12291785913158249
                ],
                [
                    -0.37931861594756894,
                    -0.513528664760158,
                    0.7696789577903698,
                    -0.20206201173656546
                ],
                [
                    -0.8119783978138442,
                    0.5835876329570574,
                    -0.010796117044629312,
                    -0.8636100139994105
                ],
                [
                    0.0,
                    0.0,
                    0.0,
                    1.0
                ]
            ],
            "size": [
                0.09126,
                0.11887,
                0.10009
            ]
        },
        "distance": 0.0
    },
    {
        "case": 5,
        "collider1": {
            "type": "Box",
            "collider2origin": [
                [
                    1.0,
                    0.0,
                    0.0,
                    -0.08500000000000019
                ],
                [
                    0.0,
                    1.0,
                    0.0,
                    -0.03585999999999995
                ],
                [
                    0.0,
                    0.0,
                    1.0,
                    -0.81301
                ],
                [
                    0.0,
                    0.0,
                    0.0,
                    1.0
                ]
            ],
            "size": [
                1.01,
                0.28,
                0.27
            ]
        },
        "collider2": {
            "type": "Box",
            "collider2origin": [
                [
                    -0.4436310055432139,
                    -0.6290578551526306,
                    -0.6383398356608246,
                    0.12291785913158249
                ],
                [
                    -0.37931861594756894,
                    -0.513528664760158,
                    0.7696789577903698,
                    -0.20206201173656546
                ],
                [
                    -0.8119783978138442,
                    0.5835876329570574,
                    -0.010796117044629312,
                    -0.8636100139994105
                ],
                [
                    0.0,
                    0.0,
                    0.0,
                    1.0
                ]
            ],
            "size": [
                0.09126,
                0.11887,
                0.10009
            ]
        },
        "distance": 0.0
    },
    {
        "case": 6,
        "collider1": {
            "type": "Box",
            "collider2origin": [
                [
                    1.0,
                    0.0,
                    0.0,
                    -0.26
                ],
                [
                    0.0,
                    1.0,
                    0.0,
                    -0.4608599999999999
                ],
                [
                    0.0,
                    0.0,
                    1.0,
                    -1.143
                ],
                [
                    0.0,
                    0.0,
                    0.0,
                    1.0
                ]
            ],
            "size": [
                1.48,
                0.272,
                0.945
            ]
        },
        "collider2": {
            "type": "Cylinder",
            "collider2origin": [
                [
                    0.32870187420332636,
                    0.8142073432912093,
                    0.47856188735198224,
                    -0.08087035659450348
                ],
                [
                    0.01607471162770226,
                    -0.5114681541194798,
                    0.8591518672316889,
                    -0.3340442706276501
                ],
                [
                    0.9442969244582481,
                    -0.2747120846491515,
                    -0.18120868910295254,
                    -0.7388024760364837
                ],
                [
                    0.0,
                    0.0,
                    0.0,
                    1.0
                ]
            ],
            "radius": 0.0076,
            "height": 0.02993
        },
        "distance": 0.0
    },
    {
        "case": 7,
        "collider1": {
            "type": "Box",
            "collider2origin": [
                [
                    1.0,
                    0.0,
                    0.0,
                    -0.06
                ],
                [
                    0.0,
                    1.0,
                    0.0,
                    -0.37086
                ],
                [
                    0.0,
                    0.0,
                    1.0,
                    -0.40301
                ],
                [
                    0.0,
                    0.0,
                    0.0,
                    1.0
                ]
            ],
            "size": [
                0.1,
                1.0,
                1.64
            ]
        },
        "collider2": {
            "type": "Cylinder",
            "collider2origin": [
                [
                    0.32870187420332636,
                    0.8142073432912093,
                    0.47856188735198224,
                    -0.08087035659450348
                ],
                [
                    0.01607471162770226,
                    -0.5114681541194798,
                    0.8591518672316889,
                    -0.3340442706276501
                ],
                [
                    0.9442969244582481,
                    -0.2747120846491515,
                    -0.18120868910295254,
                    -0.7388024760364837
                ],
                [
                    0.0,
                    0.0,
                    0.0,
                    1.0
                ]
            ],
            "radius": 0.0076,
            "height": 0.02993
        },
        "distance": 0.0
    },
    {
        "case": 8,
        "collider1": {
            "type": "Box",
            "collider2origin": [
                [
                    1.0,
                    0.0,
                    0.0,
                    -0.26
                ],
                [
                    0.0,
                    1.0,
                    0.0,
                    -0.4608599999999999
                ],
                [
                    0.0,
                    0.0,
                    1.0,
                    -1.143
                ],
                [
                    0.0,
                    0.0,
                    0.0,
                    1.0
                ]
            ],
            "size": [
                1.48,
                0.272,
                0.945
            ]
        },
        "collider2": {
            "type": "Sphere",
            "collider2origin": [
                [
                    1.0,
                    0.0,
                    0.0,
                    -0.015952340473946114
                ],
                [
                    0.0,
                    1.0,
                    0.0,
                    -0.3552778996897916
                ],
                [
                    0.0,
                    0.0,
                    1.0,
                    -0.7129238720515396
                ],
                [
                    0.0,
                    0.0,
                    0.0,
                    1.0
                ]
            ],
            "radius": 0.01051
        },
        "distance": 0.0
    },
    {
        "case": 9,
        "collider1": {
            "type": "Box",
            "collider2origin": [
                [
                    1.0,
                    0.0,
                    0.0,
                    -0.06
                ],
                [
                    0.0,
                    1.0,
                    0.0,
                    -0.37086
                ],
                [
                    0.0,
                    0.0,
                    1.0,
                    -0.40301
                ],
                [
                    0.0,
                    0.0,
                    0.0,
                    1.0
                ]
            ],
            "size": [
                0.1,
                1.0,
                1.64
            ]
        },
        "collider2": {
            "type": "Sphere",
            "collider2origin": [
                [
                    1.0,
                    0.0,
                    0.0,
                    -0.015952340473946114
                ],
                [
                    0.0,
                    1.0,
                    0.0,
                    -0.3552778996897916
                ],
                [
                    0.0,
                    0.0,
                    1.0,
                    -0.7129238720515396
                ],
                [
                    0.0,
                    0.0,
                    0.0,
                    1.0
                ]
            ],
            "radius": 0.01051
        },
        "distance": 0.0
    },
    {
        "case": 10,
        "collider1": {
            "type": "Box",
            "collider2origin": [
                [
                    1.0,
                    0.0,
                    0.0,
                    -0.06
                ],
                [
                    0.0,
                    1.0,
                    0.0,
                    -0.37086
                ],
                [
                    0.0,
                    0.0,
                    1.0,
                    -0.40301
                ],
                [
                    0.0,
                    0.0,
                    0.0,
                    1.0
                ]
            ],
            "size": [
                0.1,
                1.0,
                1.64
            ]
        },
        "collider2": {
            "type": "Sphere",
            "collider2origin": [
                [
                    1.0,
                    0.0,
                    0.0,
                    -0.05123923760378846
                ],
                [
                    0.0,
                    1.0,
                    0.0,
                    -0.3446622022137714
                ],
                [
                    0.0,
                    0.0,
                    1.0,
                    -0.6556108339757154
                ],
                [
                    0.0,
                    0.0,
                    0.0,
                    1.0
                ]
            ],
            "radius": 0.00663
        },
        "distance": 0.0
    },
    {
        "case": 11,
        "collider1": {
            "type": "Box",
            "collider2origin": [
                [
                    1.0,
                    0.0,
                    0.0,
                    -0.26
                ],
                [
                    0.0,
                    1.0,
                    0.0,
                    -0.4608599999999999
                ],
                [
                    0.0,
                    0.0,
                    1.0,
                    -1.143
                ],
                [
                    0.0,
                    0.0,
                    0.0,
                    1.0
                ]
            ],
            "size": [
                1.48,
                0.272,
                0.945
            ]
        },
        "collider2": {
            "type": "Cylinder",
            "collider2origin": [
                [
                    0.7294618376167813,
                    -0.03577512905600574,
                    0.6830853296637059,
                    -2.993518679250684e-05
                ],
                [
                    -0.5660666580090297,
                    -0.5921863593469449,
                    0.573483961845402,
                    -0.3426418236625516
                ],
                [
                    0.383997351750289,
                    -0.8050064943492302,
                    -0.4522284576453894,
                    -0.7229901271896448
                ],
                [
                    0.0,
                    0.0,
                    0.0,
                    1.0
                ]
            ],
            "radius": 0.01169,
            "height": 0.05502
        },
        "distance": 0.0
    },
    {
        "case": 12,
        "collider1": {
            "type": "Box",
            "collider2origin": [
                [
                    1.0,
                    0.0,
                    0.0,
                    -0.06
                ],
                [
                    0.0,
                    1.0,
                    0.0,
                    -0.37086
                ],
                [
                    0.0,
                    0.0,
                    1.0,
                    -0.40301
                ],
                [
                    0.0,
                    0.0,
                    0.0,
                    1.0
                ]
            ],
            "size": [
                0.1,
                1.0,
                1.64
            ]
        },
        "collider2": {
            "type": "Cylinder",
            "collider2origin": [
                [
                    0.7294618376167813,
                    -0.03577512905600574,
                    0.6830853296637059,
                    -2.993518679250684e-05
                ],
                [
                    -0.5660666580090297,
                    -0.5921863593469449,
                    0.573483961845402,
                    -0.3426418236625516
                ],
                [
                    0.383997351750289,
                    -0.8050064943492302,
                    -0.4522284576453894,
                    -0.7229901271896448
                ],
                [
                    0.0,
                    0.0,
                    0.0,
                    1.0
                ]
            ],
            "radius": 0.01169,
            "height": 0.05502
        },
        "distance": 0.0
    },
    {
        "case": 13,
        "collider1": {
            "type": "Box",
            "collider2origin": [
                [
                    1.0,
                    0.0,
                    0.0,
                    -0.26
                ],
                [
                    0.0,
                    1.0,
                    0.0,
                    -0.4608599999999999
                ],
                [
                    0.0,
                    0.0,
                    1.0,
                    -1.143
                ],
                [
                    0.0,
                    0.0,
                    0.0,
                    1.0
                ]
            ],
            "size": [
                1.48,
                0.272,
                0.945
            ]
        },
        "collider2": {
            "type": "Cylinder",
            "collider2origin": [
                [
                    0.7487895226853366,
                    0.051906226557174535,
                    0.6607722711806697,
                    0.010658282756357385
                ],
                [
                    -0.5219167283095529,
                    -0.5683324741825,
                    0.6360826420365909,
                    -0.3332144462438674
                ],
                [
                    0.4085549894779372,
                    -0.8211601198512953,
                    -0.39847067412607556,
                    -0.7270936198733736
                ],
                [
                    0.0,
                    0.0,
                    0.0,
                    1.0
                ]
            ],
            "radius": 0.01271,
            "height": 0.05982
        },
        "distance": 0.0
    },
    {
        "case": 14,
        "collider1": {
            "type": "Box",
            "collider2origin": [
                [
                    1.0,
                    0.0,
                    0.0,
                    -0.06
                ],
                [
                    0.0,
                    1.0,
                    0.0,
                    -0.37086
                ],
                [
                    0.0,
                    0.0,
                    1.0,
                    -0.40301
                ],
                [
                    0.0,
                    0.0,
                    0.0,
                    1.0
                ]
            ],
            "size": [
                0.1,
                1.0,
                1.64
            ]
        },
        "collider2": {
            "type": "Cylinder",
            "collider2origin": [
                [
                    0.7487895226853366,
                    0.051906226557174535,
                    0.6607722711806697,
                    0.010658282756357385
                ],
                [
                    -0.5219167283095529,
                    -0.5683324741825,
                    0.6360826420365909,
                    -0.3332144462438674
                ],
                [
                    0.4085549894779372,
                    -0.8211601198512953,
                    -0.39847067412607556,
                    -0.7270936198733736
                ],
                [
                    0.0,
                    0.0,
                    0.0,
                    1.0
                ]
            ],
            "radius": 0.01271,
            "height": 0.05982
        },
        "distance": 0.0
    },
    {
        "case": 15,
        "collider1": {
            "type": "Box",
            "collider2origin": [
                [
                    1.0,
                    0.0,
                    0.0,
                    -0.26
                ],
                [
                    0.0,
                    1.0,
                    0.0,
                    -0.4608599999999999
                ],
                [
                    0.0,
                    0.0,
                    1.0,
                    -1.143
                ],
                [
                    0.0,
                    0.0,
                    0.0,
                    1.0
                ]
            ],
            "size": [
                1.48,
                0.272,
                0.945
            ]
        },
        "collider2": {
            "type": "Sphere",
            "collider2origin": [
                [
                    1.0,
                    0.0,
                    0.0,
                    -0.017533303240260034
                ],
                [
                    0.0,
                    1.0,
                    0.0,
                    -0.37096759601127915
                ],
                [
                    0.0,
                    0.0,
                    1.0,
                    -0.742211002658514
                ],
                [
                    0.0,
                    0.0,
                    0.0,
                    1.0
                ]
            ],
            "radius": 0.00487
        },
        "distance": 0.0
    },
    {
        "case": 16,
        "collider1": {
            "type": "Box",
            "collider2origin": [
                [
                    1.0,
                    0.0,
                    0.0,
                    -0.06
                ],
                [
                    0.0,
                    1.0,
                    0.0,
                    -0.37086
                ],
                [
                    0.0,
                    0.0,
                    1.0,
                    -0.40301
                ],
                [
                    0.0,
                    0.0,
                    0.0,
                    1.0
                ]
            ],
            "size": [
                0.1,
                1.0,
                1.64
            ]
        },
        "collider2": {
            "type": "Sphere",
            "collider2origin": [
                [
                    1.0,
                    0.0,
                    0.0,
                    -0.017533303240260034
                ],
                [
                    0.0,
                    1.0,
                    0.0,
                    -0.37096759601127915
                ],
                [
                    0.0,
                    0.0,
                    1.0,
                    -0.742211002658514
                ],
                [
                    0.0,
                    0.0,
                    0.0,
                    1.0
                ]
            ],
            "radius": 0.00487
        },
        "distance": 0.0
    },
    {
        "case": 17,
        "collider1": {
            "type": "Box",
            "collider2origin": [
                [
                    1.0,
                    0.0,
                    0.0,
                    -0.26
                ],
                [
                    0.0,
                    1.0,
                    0.0,
                    -0.4608599999999999
                ],
                [
                    0.0,
                    0.0,
                    1.0,
                    -1.143
                ],
                [
                    0.0,
                    0.0,
                    0.0,
                    1.0
                ]
            ],
            "size": [
                1.48,
                0.272,
                0.945
            ]
        },
        "collider2": {
            "type": "Box",
            "collider2origin": [
                [
                    0.00689485128823467,
                    -0.769723791521494,
                    -0.6383398356608246,
                    0.1971636988678117
                ],
                [
                    -0.008307658077930461,
                    -0.638377070979206,
                    0.7696789577903698,
                    -0.2825555391668708
                ],
                [
                    -0.9999417202232204,
                    -3.712861455596281e-06,
                    -0.010796117044629312,
                    -0.8634494060029415
                ],
                [
                    0.0,
                    0.0,
                    0.0,
                    1.0
                ]
            ],
            "size": [
                0.09102,
                0.10007,
                0.11882
            ]
        },
        "distance": 0.0
    },
    {
        "case": 18,
        "collider1": {
            "type": "Box",
            "collider2origin": [
                [
                    1.0,
                    0.0,
                    0.0,
                    -0.26
                ],
                [
                    0.0,
                    1.0,
                    0.0,
                    -0.4608599999999999
                ],
                [
                    0.0,
                    0.0,
                    1.0,
                    -1.143
                ],
                [
                    0.0,
                    0.0,
                    0.0,
                    1.0
                ]
            ],
            "size": [
                1.48,
                0.272,
                0.945
            ]
        },
        "collider2": {
            "type": "Cylinder",
            "collider2origin": [
                [
                    0.4869832134828039,
                    0.7017888220947306,
                    -0.5199421111708991,
                    -0.02685122460794731
                ],
                [
                    0.07767170364021636,
                    0.5581444848813063,
                    0.8261003815821699,
                    -0.3580739274747786
                ],
                [
                    0.8699508355301396,
                    -0.4426818080511899,
                    0.21729786142744426,
                    -0.7377532618566677
                ],
                [
                    0.0,
                    0.0,
                    0.0,
                    1.0
                ]
            ],
            "radius": 0.0076,
            "height": 0.02993
        },
        "distance": 0.0
    },
    {
        "case": 19,
        "collider1": {
            "type": "Box",
            "collider2origin": [
                [
                    1.0,
                    0.0,
                    0.0,
                    -0.06
                ],
                [
                    0.0,
                    1.0,
                    0.0,
                    -0.37086
                ],
                [
                    0.0,
                    0.0,
                    1.0,
                    -0.40301
                ],
                [
                    0.0,
                    0.0,
                    0.0,
                    1.0
                ]
            ],
            "size": [
                0.1,
                1.0,
                1.64
            ]
        },
        "collider2": {
            "type": "Cylinder",
            "collider2origin": [
                [
                    0.4869832134828039,
                    0.7017888220947306,
                    -0.5199421111708991,
                    -0.02685122460794731
                ],
                [
                    0.07767170364021636,
                    0.5581444848813063,
                    0.8261003815821699,
                    -0.3580739274747786
                ],
                [
                    0.8699508355301396,
                    -0.4426818080511899,
                    0.21729786142744426,
                    -0.7377532618566677
                ],
                [
                    0.0,
                    0.0,
                    0.0,
                    1.0
                ]
            ],
            "radius": 0.0076,
            "height": 0.02993
        },
        "distance": 0.0
    },
    {
        "case": 20,
        "collider1": {
            "type": "Box",
            "collider2origin": [
                [
                    1.0,
                    0.0,
                    0.0,
                    -0.26
                ],
                [
                    0.0,
                    1.0,
                    0.0,
                    -0.4608599999999999
                ],
                [
                    0.0,
                    0.0,
                    1.0,
                    -1.143
                ],
                [
                    0.0,
                    0.0,
                    0.0,
                    1.0
                ]
            ],
            "size": [
                1.48,
                0.272,
                0.945
            ]
        },
        "collider2": {
            "type": "Sphere",
            "collider2origin": [
                [
                    1.0,
                    0.0,
                    0.0,
                    -0.038695168538003255
                ],
                [
                    0.0,
                    1.0,
                    0.0,
                    -0.37477206276367625
                ],
                [
                    0.0,
                    0.0,
                    1.0,
                    -0.7008331413245605
                ],
                [
                    0.0,
                    0.0,
                    0.0,
                    1.0
                ]
            ],
            "radius": 0.00563
        },
        "distance": 0.0
    },
    {
        "case": 21,
        "collider1": {
            "type": "Box",
            "collider2origin": [
                [
                    1.0,
                    0.0,
                    0.0,
                    -0.06
                ],
                [
                    0.0,
                    1.0,
                    0.0,
                    -0.37086
                ],
                [
                    0.0,
                    0.0,
                    1.0,
                    -0.40301
                ],
                [
                    0.0,
                    0.0,
                    0.0,
                    1.0
                ]
            ],
            "size": [
                0.1,
                1.0,
                1.64
            ]
        },
        "collider2": {
            "type": "Sphere",
            "collider2origin": [
                [
                    1.0,
                    0.0,
                    0.0,
                    -0.038695168538003255
                ],
                [
                    0.0,
                    1.0,
                    0.0,
                    -0.37477206276367625
                ],
                [
                    0.0,
                    0.0,
                    1.0,
                    -0.7008331413245605
                ],
                [
                    0.0,
                    0.0,
                    0.0,
                    1.0
                ]
            ],
            "radius": 0.00563
        },
        "distance": 0.0
    },
    {
        "case": 22,
        "collider1": {
            "type": "Box",
            "collider2origin": [
                [
                    1.0,
                    0.0,
                    0.0,
                    -0.26
                ],
                [
                    0.0,
                    1.0,
                    0.0,
                    -0.4608599999999999
                ],
                [
                    0.0,
                    0.0,
                    1.0,
                    -1.143
                ],
                [
                    0.0,
                    0.0,
                    0.0,
                    1.0
                ]
            ],
            "size": [
                1.48,
                0.272,
                0.945
            ]
        },
        "collider2": {
            "type": "Cylinder",
            "collider2origin": [
                [
                    0.6168439416264022,
                    0.7796942371802006,
                    -0.10761249084928633,
                    -0.04237977481087496
                ],
                [
                    0.12711898192642704,
                    0.03623938919452666,
                    0.9912252373223733,
                    -0.35438558915101126
                ],
                [
                    0.7767524162259115,
                    -0.6251108727088271,
                    -0.07675988997136418,
                    -0.7012434707702929
                ],
                [
                    0.0,
                    0.0,
                    0.0,
                    1.0
                ]
            ],
            "radius": 0.00813,
            "height": 0.03824
        },
        "distance": 0.0
    },
    {
        "case": 23,
        "collider1": {
            "type": "Box",
            "collider2origin": [
                [
                    1.0,
                    0.0,
                    0.0,
                    -0.06
                ],
                [
                    0.0,
                    1.0,
                    0.0,
                    -0.37086
                ],
                [
                    0.0,
                    0.0,
                    1.0,
                    -0.40301
                ],
                [
                    0.0,
                    0.0,
                    0.0,
                    1.0
                ]
            ],
            "size": [
                0.1,
                1.0,
                1.64
            ]
        },
        "collider2": {
            "type": "Cylinder",
            "collider2origin": [
                [
                    0.6168439416264022,
                    0.7796942371802006,
                    -0.10761249084928633,
                    -0.04237977481087496
                ],
                [
                    0.12711898192642704,
                    0.03623938919452666,
                    0.9912252373223733,
                    -0.35438558915101126
                ],
                [
                    0.7767524162259115,
                    -0.6251108727088271,
                    -0.07675988997136418,
                    -0.7012434707702929
                ],
                [
                    0.0,
                    0.0,
                    0.0,
                    1.0
                ]
            ],
            "radius": 0.00813,
            "height": 0.03824
        },
        "distance": 0.0
    },
    {
        "case": 24,
        "collider1": {
            "type": "Box",
            "collider2origin": [
                [
                    1.0,
                    0.0,
                    0.0,
                    -0.26
                ],
                [
                    0.0,
                    1.0,
                    0.0,
                    -0.4608599999999999
                ],
                [
                    0.0,
                    0.0,
                    1.0,
                    -1.143
                ],
                [
                    0.0,
                    0.0,
                    0.0,
                    1.0
                ]
            ],
            "size": [
                1.48,
                0.272,
                0.945
            ]
        },
        "collider2": {
            "type": "Cylinder",
            "collider2origin": [
                [
                    0.7229015793241477,
                    0.6261431491024967,
                    0.2921610231407689,
                    -0.04528282466935418
                ],
                [
                    0.14195244308029228,
                    -0.5484056525325745,
                    0.8240756908038589,
                    -0.3271429737576712
                ],
                [
                    0.6762121046788417,
                    -0.5542526473570776,
                    -0.4853258620591751,
                    -0.6639633413392241
                ],
                [
                    0.0,
                    0.0,
                    0.0,
                    1.0
                ]
            ],
            "radius": 0.00796,
            "height": 0.03037
        },
        "distance": 0.0
    },
    {
        "case": 25,
        "collider1": {
            "type": "Box",
            "collider2origin": [
                [
                    1.0,
                    0.0,
                    0.0,
                    -0.06
                ],
                [
                    0.0,
                    1.0,
                    0.0,
                    -0.37086
                ],
                [
                    0.0,
                    0.0,
                    1.0,
                    -0.40301
                ],
                [
                    0.0,
                    0.0,
                    0.0,
                    1.0
                ]
            ],
            "size": [
                0.1,
                1.0,
                1.64
            ]
        },
        "collider2": {
            "type": "Cylinder",
            "collider2origin": [
                [
                    0.7229015793241477,
                    0.6261431491024967,
                    0.2921610231407689,
                    -0.04528282466935418
                ],
                [
                    0.14195244308029228,
                    -0.5484056525325745,
                    0.8240756908038589,
                    -0.3271429737576712
                ],
                [
                    0.6762121046788417,
                    -0.5542526473570776,
                    -0.4853258620591751,
                    -0.6639633413392241
                ],
                [
                    0.0,
                    0.0,
                    0.0,
                    1.0
                ]
            ],
            "radius": 0.00796,
            "height": 0.03037
        },
        "distance": 0.0
    },
    {
        "case": 26,
        "collider1": {
            "type": "Box",
            "collider2origin": [
                [
                    1.0,
                    0.0,
                    0.0,
                    -0.26
                ],
                [
                    0.0,
                    1.0,
                    0.0,
                    -0.4608599999999999
                ],
                [
                    0.0,
                    0.0,
                    1.0,
                    -1.143
                ],
                [
                    0.0,
                    0.0,
                    0.0,
                    1.0
                ]
            ],
            "size": [
                1.48,
                0.272,
                0.945
            ]
        },
        "collider2": {
            "type": "Cylinder",
            "collider2origin": [
                [
                    0.3254805974627182,
                    0.5671582428717085,
                    0.7565671868499106,
                    -0.06490669098834734
                ],
                [
                    0.02246289404476371,
                    -0.8045477392845434,
                    0.5934630178901324,
                    -0.3144188260450309
                ],
                [
                    0.9452818622328711,
                    -0.1761660090789537,
                    -0.274604694385854,
                    -0.7450054999240217
                ],
                [
                    0.0,
                    0.0,
                    0.0,
                    1.0
                ]
            ],
            "radius": 0.00783,
            "height": 0.03044
        },
        "distance": 0.0
    },
    {
        "case": 27,
        "collider1": {
            "type": "Box",
            "collider2origin": [
                [
                    1.0,
                    0.0,
                    0.0,
                    -0.06
                ],
                [
                    0.0,
                    1.0,
                    0.0,
                    -0.37086
                ],
                [
                    0.0,
                    0.0,
                    1.0,
                    -0.40301
                ],
                [
                    0.0,
                    0.0,
                    0.0,
                    1.0
                ]
            ],
            "size": [
                0.1,
                1.0,
                1.64
            ]
        },
        "collider2": {
            "type": "Cylinder",
            "collider2origin": [
                [
                    0.3254805974627182,
                    0.5671582428717085,
                    0.7565671868499106,
                    -0.06490669098834734
                ],
                [
                    0.02246289404476371,
                    -0.8045477392845434,
                    0.5934630178901324,
                    -0.3144188260450309
                ],
                [
                    0.9452818622328711,
                    -0.1761660090789537,
                    -0.274604694385854,
                    -0.7450054999240217
                ],
                [
                    0.0,
                    0.0,
                    0.0,
                    1.0
                ]
            ],
            "radius": 0.00783,
            "height": 0.03044
        },
        "distance": 0.0
    },
    {
        "case": 28,
        "collider1": {
            "type": "Box",
            "collider2origin": [
                [
                    1.0,
                    0.0,
                    0.0,
                    -0.06
                ],
                [
                    0.0,
                    1.0,
                    0.0,
                    -0.37086
                ],
                [
                    0.0,
                    0.0,
                    1.0,
                    -0.40301
                ],
                [
                    0.0,
                    0.0,
                    0.0,
                    1.0
                ]
            ],
            "size": [
                0.1,
                1.0,
                1.64
            ]
        },
        "collider2": {
            "type": "Cylinder",
            "collider2origin": [
                [
                    0.7229015793241477,
                    0.3988421950323497,
                    0.5642146843821325,
                    -0.034177461811609744
                ],
                [
                    0.14195244308029228,
                    -0.8848874555112839,
                    0.4436481657600999,
                    -0.3082282776214841
                ],
                [
                    0.6762121046788417,
                    -0.2406223068224179,
                    -0.6963031631015824,
                    -0.6798009796061356
                ],
                [
                    0.0,
                    0.0,
                    0.0,
                    1.0
                ]
            ],
            "radius": 0.00713,
            "height": 0.01426
        },
        "distance": 0.0
    },
    {
        "case": 29,
        "collider1": {
            "type": "Box",
            "collider2origin": [
                [
                    1.0,
                    0.0,
                    0.0,
                    -0.26
                ],
                [
                    0.0,
                    1.0,
                    0.0,
                    -0.4608599999999999
                ],
                [
                    0.0,
                    0.0,
                    1.0,
                    -1.143
                ],
                [
                    0.0,
                    0.0,
                    0.0,
                    1.0
                ]
            ],
            "size": [
                1.48,
                0.272,
                0.945
            ]
        },
        "collider2": {
            "type": "Cylinder",
            "collider2origin": [
                [
                    0.6168439416264022,
                    0.7304329741700046,
                    0.2932084956544819,
                    -0.04000331376180366
                ],
                [
                    0.12711898192642704,
                    -0.46008701036048927,
                    0.8787267535084697,
                    -0.32555108185151704
                ],
                [
                    0.7767524162259115,
                    -0.5047649087869595,
                    -0.3766537810038549,
                    -0.7078496286307796
                ],
                [
                    0.0,
                    0.0,
                    0.0,
                    1.0
                ]
            ],
            "radius": 0.00683,
            "height": 0.01183
        },
        "distance": 0.0
    },
    {
        "case": 30,
        "collider1": {
            "type": "Box",
            "collider2origin": [
                [
                    1.0,
                    0.0,
                    0.0,
                    -0.06
                ],
                [
                    0.0,
                    1.0,
                    0.0,
                    -0.37086
                ],
                [
                    0.0,
                    0.0,
                    1.0,
                    -0.40301
                ],
                [
                    0.0,
                    0.0,
                    0.0,
                    1.0
                ]
            ],
            "size": [
                0.1,
                1.0,
                1.64
            ]
        },
        "collider2": {
            "type": "Cylinder",
            "collider2origin": [
                [
                    0.6168439416264022,
                    0.7304329741700046,
                    0.2932084956544819,
                    -0.04000331376180366
                ],
                [
                    0.12711898192642704,
                    -0.46008701036048927,
                    0.8787267535084697,
                    -0.32555108185151704
                ],
                [
                    0.7767524162259115,
                    -0.5047649087869595,
                    -0.3766537810038549,
                    -0.7078496286307796
                ],
                [
                    0.0,
                    0.0,
                    0.0,
                    1.0
                ]
            ],
            "radius": 0.00683,
            "height": 0.01183
        },
        "distance": 0.0
    },
    {
        "case": 31,
        "collider1": {
            "type": "Box",
            "collider2origin": [
                [
                    1.0,
                    0.0,
                    0.0,
                    0.5199999999999999
                ],
                [
                    0.0,
                    1.0,
                    0.0,
                    -0.43085999999999997
                ],
                [
                    0.0,
                    0.0,
                    1.0,
                    -0.80301
                ],
                [
                    0.0,
                    0.0,
                    0.0,
                    1.0
                ]
            ],
            "size": [
                0.2,
                0.08,
                0.04
            ]
        },
        "collider2": {
            "type": "Box",
            "collider2origin": [
                [
                    0.35685795326820546,
                    -0.7697233910645584,
                    -0.5293187153665585,
                    0.43933134292627884
                ],
                [
                    -0.43027384660870405,
                    -0.6383775538153603,
                    0.6382307699486651,
                    -0.39948000457051547
                ],
                [
                    -0.8291663392310233,
                    -5.726533924654299e-06,
                    -0.5590019515649566,
                    -0.7003838316314137
                ],
                [
                    0.0,
                    0.0,
                    0.0,
                    1.0
                ]
            ],
            "size": [
                0.1202,
                0.13634,
                0.67816
            ]
        },
        "distance": 0.0
    },
    {
        "case": 32,
        "collider1": {
            "type": "Cylinder",
            "collider2origin": [
                [
                    1.0,
                    0.0,
                    0.0,
                    0.4849999999999999
                ],
                [
                    0.0,
                    -3.673205103346574e-06,
                    -0.9999999999932537,
                    -0.46086
                ],
                [
                    0.0,
                    0.9999999999932537,
                    -3.673205103346574e-06,
                    -0.70001
                ],
                [
                    0.0,
                    0.0,
                    0.0,
                    1.0
                ]
            ],
            "radius": 0.026,
            "height": 0.272
        },
        "collider2": {
            "type": "Box",
            "collider2origin": [
                [
                    0.35685795326820546,
                    -0.7697233910645584,
                    -0.5293187153665585,
                    0.43933134292627884
                ],
                [
                    -0.43027384660870405,
                    -0.6383775538153603,
                    0.6382307699486651,
                    -0.39948000457051547
                ],
                [
                    -0.8291663392310233,
                    -5.726533924654299e-06,
                    -0.5590019515649566,
                    -0.7003838316314137
                ],
                [
                    0.0,
                    0.0,
                    0.0,
                    1.0
                ]
            ],
            "size": [
                0.1202,
                0.13634,
                0.67816
            ]
        },
        "distance": 0.0
    },
    {
        "case": 33,
        "collider1": {
            "type": "Box",
            "collider2origin": [
                [
                    1.0,
                    0.0,
                    0.0,
                    0.246
                ],
                [
                    0.0,
                    1.0,
                    0.0,
                    -0.24786000000000002
                ],
                [
                    0.0,
                    0.0,
                    1.0,
                    -0.71801
                ],
                [
                    0.0,
                    0.0,
                    0.0,
                    1.0
                ]
            ],
            "size": [
                0.12,
                0.16,
                0.08
            ]
        },
        "collider2": {
            "type": "Box",
            "collider2origin": [
                [
                    0.35685795326820546,
                    -0.7697233910645584,
                    -0.5293187153665585,
                    0.43933134292627884
                ],
                [
                    -0.43027384660870405,
                    -0.6383775538153603,
                    0.6382307699486651,
                    -0.39948000457051547
                ],
                [
                    -0.8291663392310233,
                    -5.726533924654299e-06,
                    -0.5590019515649566,
                    -0.7003838316314137
                ],
                [
                    0.0,
                    0.0,
                    0.0,
                    1.0
                ]
            ],
            "size": [
                0.1202,
                0.13634,
                0.67816
            ]
        },
        "distance": 0.0
    },
    {
        "case": 34,
        "collider1": {
            "type": "Box",
            "collider2origin": [
                [
                    1.0,
                    0.0,
                    0.0,
                    0.28600000000000003
                ],
                [
                    0.0,
                    1.0,
                    0.0,
                    -0.19785999999999998
                ],
                [
                    0.0,
                    0.0,
                    1.0,
                    -0.70601
                ],
                [
                    0.0,
                    0.0,
                    0.0,
                    1.0
                ]
            ],
            "size": [
                0.04,
                0.04,
                0.12
            ]
        },
        "collider2": {
            "type": "Box",
            "collider2origin": [
                [
                    0.35685795326820546,
                    -0.7697233910645584,
                    -0.5293187153665585,
                    0.43933134292627884
                ],
                [
                    -0.43027384660870405,
                    -0.6383775538153603,
                    0.6382307699486651,
                    -0.39948000457051547
                ],
                [
                    -0.8291663392310233,
                    -5.726533924654299e-06,
                    -0.5590019515649566,
                    -0.7003838316314137
                ],
                [
                    0.0,
                    0.0,
                    0.0,
                    1.0
                ]
            ],
            "size": [
                0.1202,
                0.13634,
                0.67816
            ]
        },
        "distance": 0.011211678346879639
    },
    {
        "case": 35,
        "collider1": {
            "type": "Box",
            "collider2origin": [
                [
                    0.9999999999999999,
                    0.0,
                    6.177235058912196e-23,
                    0.2860000183661401
                ],
                [
                    0.0,
                    1.0,
                    0.0,
                    -0.10086
                ],
                [
                    6.177235058912196e-23,
                    0.0,
                    0.9999999999999999,
                    -0.626009937555547
                ],
                [
                    0.0,
                    0.0,
                    0.0,
                    1.0
                ]
            ],
            "size": [
                0.04,
                0.234,
                0.044
            ]
        },
        "collider2": {
            "type": "Box",
            "collider2origin": [
                [
                    0.35685795326820546,
                    -0.7697233910645584,
                    -0.5293187153665585,
                    0.43933134292627884
                ],
                [
                    -0.43027384660870405,
                    -0.6383775538153603,
                    0.6382307699486651,
                    -0.39948000457051547
                ],
                [
                    -0.8291663392310233,
                    -5.726533924654299e-06,
                    -0.5590019515649566,
                    -0.7003838316314137
                ],
                [
                    0.0,
                    0.0,
                    0.0,
                    1.0
                ]
            ],
            "size": [
                0.1202,
                0.13634,
                0.67816
            ]
        },
        "distance": 0.10905335159887578
    },
    {
        "case": 36,
        "collider1": {
            "type": "Box",
            "collider2origin": [
                [
                    1.0,
                    0.0,
                    0.0,
                    -0.08499999999999996
                ],
                [
                    0.0,
                    1.0,
                    0.0,
                    0.42914
                ],
                [
                    0.0,
                    0.0,
                    1.0,
                    -1.2880099999999999
                ],
                [
                    0.0,
                    0.0,
                    0.0,
                    1.0
                ]
            ],
            "size": [
                1.02,
                1.22,
                0.75
            ]
        },
        "collider2": {
            "type": "Box",
            "collider2origin": [
                [
                    0.35685795326820546,
                    -0.7697233910645584,
                    -0.5293187153665585,
                    0.43933134292627884
                ],
                [
                    -0.43027384660870405,
                    -0.6383775538153603,
                    0.6382307699486651,
                    -0.39948000457051547
                ],
                [
                    -0.8291663392310233,
                    -5.726533924654299e-06,
                    -0.5590019515649566,
                    -0.7003838316314137
                ],
                [
                    0.0,
                    0.0,
                    0.0,
                    1.0
                ]
            ],
            "size": [
                0.1202,
                0.13634,
                0.67816
            ]
        },
        "distance": 0.0
    },
    {
        "case": 37,
        "collider1": {
            "type": "Box",
            "collider2origin": [
                [
                    1.0,
                    0.0,
                    0.0,
                    0.205
                ],
                [
                    0.0,
                    1.0,
                    0.0,
                    -0.17586
                ],
                [
                    0.0,
                    0.0,
                    1.0,
                    -0.10301
                ],
                [
                    0.0,
                    0.0,
                    0.0,
                    1.0
                ]
            ],
            "size": [
                0.05,
                0.05,
                1.2
            ]
        },
        "collider2": {
            "type": "Box",
            "collider2origin": [
                [
                    0.35685795326820546,
                    -0.7697233910645584,
                    -0.5293187153665585,
                    0.43933134292627884
                ],
                [
                    -0.43027384660870405,
                    -0.6383775538153603,
                    0.6382307699486651,
                    -0.39948000457051547
                ],
                [
                    -0.8291663392310233,
                    -5.726533924654299e-06,
                    -0.5590019515649566,
                    -0.7003838316314137
                ],
                [
                    0.0,
                    0.0,
                    0.0,
                    1.0
                ]
            ],
            "size": [
                0.1202,
                0.13634,
                0.67816
            ]
        },
        "distance": 0.09788501755916577
    },
    {
        "case": 38,
        "collider1": {
            "type": "Box",
            "collider2origin": [
                [
                    1.0,
                    0.0,
                    0.0,
                    -0.26
                ],
                [
                    0.0,
                    1.0,
                    0.0,
                    -0.4608599999999999
                ],
                [
                    0.0,
                    0.0,
                    1.0,
                    -1.143
                ],
                [
                    0.0,
                    0.0,
                    0.0,
                    1.0
                ]
            ],
            "size": [
                1.48,
                0.272,
                0.945
            ]
        },
        "collider2": {
            "type": "Box",
            "collider2origin": [
                [
                    0.35685795326820546,
                    -0.7697233910645584,
                    -0.5293187153665585,
                    0.43933134292627884
                ],
                [
                    -0.43027384660870405,
                    -0.6383775538153603,
                    0.6382307699486651,
                    -0.39948000457051547
                ],
                [
                    -0.8291663392310233,
                    -5.726533924654299e-06,
                    -0.5590019515649566,
                    -0.7003838316314137
                ],
                [
                    0.0,
                    0.0,
                    0.0,
                    1.0
                ]
            ],
            "size": [
                0.1202,
                0.13634,
                0.67816
            ]
        },
        "distance": 0.0
    },
    {
        "case": 39,
        "collider1": {
            "type": "Box",
            "collider2origin": [
                [
                    1.0,
                    0.0,
                    0.0,
                    -0.08500000000000019
                ],
                [
                    0.0,
                    1.0,
                    0.0,
                    -0.03585999999999995
                ],
                [
                    0.0,
                    0.0,
                    1.0,
                    -0.81301
                ],
                [
                    0.0,
                    0.0,
                    0.0,
                    1.0
                ]
            ],
            "size": [
                1.01,
                0.28,
                0.27
            ]
        },
        "collider2": {
            "type": "Box",
            "collider2origin": [
                [
                    0.35685795326820546,
                    -0.7697233910645584,
                    -0.5293187153665585,
                    0.43933134292627884
                ],
                [
                    -0.43027384660870405,
                    -0.6383775538153603,
                    0.6382307699486651,
                    -0.39948000457051547
                ],
                [
                    -0.8291663392310233,
                    -5.726533924654299e-06,
                    -0.5590019515649566,
                    -0.7003838316314137
                ],
                [
                    0.0,
                    0.0,
                    0.0,
                    1.0
                ]
            ],
            "size": [
                0.1202,
                0.13634,
                0.67816
            ]
        },
        "distance": 0.0
    },
    {
        "case": 40,
        "collider1": {
            "type": "Box",
            "collider2origin": [
                [
                    1.0,
                    0.0,
                    0.0,
                    -0.06
                ],
                [
                    0.0,
                    1.0,
                    0.0,
                    -0.37086
                ],
                [
                    0.0,
                    0.0,
                    1.0,
                    -0.40301
                ],
                [
                    0.0,
                    0.0,
                    0.0,
                    1.0
                ]
            ],
            "size": [
                0.1,
                1.0,
                1.64
            ]
        },
        "collider2": {
            "type": "Box",
            "collider2origin": [
                [
                    0.6256159154520021,
                    -0.7604863260055472,
                    0.17396917626906536,
                    0.019082817024110743
                ],
                [
                    -0.07825473808280903,
                    -0.28305021204492825,
                    -0.9559073037846878,
                    -0.2754321480510199
                ],
                [
                    0.7761964456893266,
                    0.5844169106210949,
                    -0.23659237578449294,
                    -0.7688958429118746
                ],
                [
                    0.0,
                    0.0,
                    0.0,
                    1.0
                ]
            ],
            "size": [
                0.06241,
                0.05638,
                0.02858
            ]
        },
        "distance": 0.0
    },
    {
        "case": 41,
        "collider1": {
            "type": "Box",
            "collider2origin": [
                [
                    1.0,
                    0.0,
                    0.0,
                    -0.06
                ],
                [
                    0.0,
                    1.0,
                    0.0,
                    -0.37086
                ],
                [
                    0.0,
                    0.0,
                    1.0,
                    -0.40301
                ],
                [
                    0.0,
                    0.0,
                    0.0,
                    1.0
                ]
            ],
            "size": [
                0.1,
                1.0,
                1.64
            ]
        },
        "collider2": {
            "type": "Cylinder",
            "collider2origin": [
                [
                    0.6168439416264022,
                    0.7304329741700046,
                    0.2932084956544819,
                    -0.03521435484350599
                ],
                [
                    0.12711898192642704,
                    -0.46008701036048927,
                    0.8787267535084697,
                    -0.31121264032249873
                ],
                [
                    0.7767524162259115,
                    -0.5047649087869595,
                    -0.3766537810038549,
                    -0.7139992438218118
                ],
                [
                    0.0,
                    0.0,
                    0.0,
                    1.0
                ]
            ],
            "radius": 0.00683,
            "height": 0.01782
        },
        "distance": 0.0
    },
    {
        "case": 42,
        "collider1": {
            "type": "Box",
            "collider2origin": [
                [
                    1.0,
                    0.0,
                    0.0,
                    -0.06
                ],
                [
                    0.0,
                    1.0,
                    0.0,
                    -0.37086
                ],
                [
                    0.0,
                    0.0,
                    1.0,
                    -0.40301
                ],
                [
                    0.0,
                    0.0,
                    0.0,
                    1.0
                ]
            ],
            "size": [
                0.1,
                1.0,
                1.64
            ]
        },
        "collider2": {
            "type": "Box",
            "collider2origin": [
                [
                    0.5752760513506415,
                    -0.7604858901352575,
                    0.30119541106663417,
                    -0.019531323955565227
                ],
                [
                    0.12378431147501379,
                    -0.2830457123032049,
                    -0.9510849430936374,
                    -0.28755385555356916
                ],
                [
                    0.808538749210618,
                    0.5844196571402744,
                    -0.06869319742866158,
                    -0.7373933347002359
                ],
                [
                    0.0,
                    0.0,
                    0.0,
                    1.0
                ]
            ],
            "size": [
                0.07264,
                0.04753,
                0.03326
            ]
        },
        "distance": 0.0
    },
    {
        "case": 43,
        "collider1": {
            "type": "Box",
            "collider2origin": [
                [
                    1.0,
                    0.0,
                    0.0,
                    -0.06
                ],
                [
                    0.0,
                    1.0,
                    0.0,
                    -0.37086
                ],
                [
                    0.0,
                    0.0,
                    1.0,
                    -0.40301
                ],
                [
                    0.0,
                    0.0,
                    0.0,
                    1.0
                ]
            ],
            "size": [
                0.1,
                1.0,
                1.64
            ]
        },
        "collider2": {
            "type": "Cylinder",
            "collider2origin": [
                [
                    0.7239514227590927,
                    0.4216127619456034,
                    0.5460192454938603,
                    -0.025348800326170817
                ],
                [
                    0.17282813043062,
                    -0.8771091196126093,
                    0.4481183210093616,
                    -0.3013237109947666
                ],
                [
                    0.6678508627058445,
                    -0.23004841068130177,
                    -0.7078509404712727,
                    -0.6904876000078343
                ],
                [
                    0.0,
                    0.0,
                    0.0,
                    1.0
                ]
            ],
            "radius": 0.00713,
            "height": 0.01697
        },
        "distance": 0.0
    }
]