[
    {
        "case": 0,
        "collider1": {
            "type": "Cylinder",
            "collider2origin": [
                [
                    1.0,
                    0.0,
                    0.0,
                    0.4849999999999999
                ],
                [
                    0.0,
                    -3.673205103346574e-06,
                    -0.9999999999932537,
                    -0.46086
                ],
                [
                    0.0,
                    0.9999999999932537,
                    -3.673205103346574e-06,
                    -0.70001
                ],
                [
                    0.0,
                    0.0,
                    0.0,
                    1.0
                ]
            ],
            "radius": 0.026,
            "height": 0.272
        },
        "collider2": {
            "type": "Box",
            "collider2origin": [
                [
                    0.5406695829967149,
                    -0.32190003188270827,
                    0.7772108925485217,
                    0.4395887042940333
                ],
                [
                    0.8363371797208908,
                    0.30523518707004454,
                    -0.455380722462887,
                    -0.48133150989573004
                ],
                [
                    -0.09064504310035025,
                    0.896220871241139,
                    0.4342483461259342,
                    -0.614179096835864
                ],
                [
                    0.0,
                    0.0,
                    0.0,
                    1.0
                ]
            ],
            "size": [
                0.09126,
                0.11887,
                0.10009
            ]
        },
        "distance": 0.0
    },
    {
        "case": 1,
        "collider1": {
            "type": "Box",
            "collider2origin": [
                [
                    1.0,
                    0.0,
                    0.0,
                    -0.26
                ],
                [
                    0.0,
                    1.0,
                    0.0,
                    -0.4608599999999999
                ],
                [
                    0.0,
                    0.0,
                    1.0,
                    -1.143
                ],
                [
                    0.0,
                    0.0,
                    0.0,
                    1.0
                ]
            ],
            "size": [
                1.48,
                0.272,
                0.945
            ]
        },
        "collider2": {
            "type": "Box",
            "collider2origin": [
                [
                    0.5406695829967149,
                    -0.32190003188270827,
                    0.7772108925485217,
                    0.4395887042940333
                ],
                [
                    0.8363371797208908,
                    0.30523518707004454,
                    -0.455380722462887,
                    -0.48133150989573004
                ],
                [
                    -0.09064504310035025,
                    0.896220871241139,
                    0.4342483461259342,
                    -0.614179096835864
                ],
                [
                    0.0,
                    0.0,
                    0.0,
                    1.0
                ]
            ],
            "size": [
                0.09126,
                0.11887,
                0.10009
            ]
        },
        "distance": 0.0
    },
    {
        "case": 2,
        "collider1": {
            "type": "Box",
            "collider2origin": [
                [
                    1.0,
                    0.0,
                    0.0,
                    -0.26
                ],
                [
                    0.0,
                    1.0,
                    0.0,
                    -0.4608599999999999
                ],
                [
                    0.0,
                    0.0,
                    1.0,
                    -1.143
                ],
                [
                    0.0,
                    0.0,
                    0.0,
                    1.0
                ]
            ],
            "size": [
                1.48,
                0.272,
                0.945
            ]
        },
        "collider2": {
            "type": "Box",
            "collider2origin": [
                [
                    0.374671453223337,
                    0.5055339065220482,
                    0.7772108925485217,
                    0.35318180587057524
                ],
                [
                    -0.2195288779567295,
                    0.8628067392830437,
                    -0.455380722462887,
                    -0.4356271829376137
                ],
                [
                    -0.9007931915165501,
                    -2.0781218622510017e-06,
                    0.4342483461259342,
                    -0.6634152850556064
                ],
                [
                    0.0,
                    0.0,
                    0.0,
                    1.0
                ]
            ],
            "size": [
                0.09102,
                0.10007,
                0.11882
            ]
        },
        "distance": 0.0
    },
    {
        "case": 3,
        "collider1": {
            "type": "Box",
            "collider2origin": [
                [
                    1.0,
                    0.0,
                    0.0,
                    0.5199999999999999
                ],
                [
                    0.0,
                    1.0,
                    0.0,
                    -0.43085999999999997
                ],
                [
                    0.0,
                    0.0,
                    1.0,
                    -0.80301
                ],
                [
                    0.0,
                    0.0,
                    0.0,
                    1.0
                ]
            ],
            "size": [
                0.2,
                0.08,
                0.04
            ]
        },
        "collider2": {
            "type": "Box",
            "collider2origin": [
                [
                    0.3451821078959036,
                    0.5055281470683843,
                    -0.7907531883654639,
                    0.5255492968978588
                ],
                [
                    -0.20224293731297405,
                    0.8628101138238642,
                    0.46331037306569195,
                    -0.6661506111388591
                ],
                [
                    0.9164862828736505,
                    -2.2036802221683916e-06,
                    0.4000661111611211,
                    -0.7815681715330954
                ],
                [
                    0.0,
                    0.0,
                    0.0,
                    1.0
                ]
            ],
            "size": [
                0.1202,
                0.13634,
                0.67816
            ]
        },
        "distance": 0.05000401903142972
    },
    {
        "case": 4,
        "collider1": {
            "type": "Cylinder",
            "collider2origin": [
                [
                    1.0,
                    0.0,
                    0.0,
                    0.4849999999999999
                ],
                [
                    0.0,
                    -3.673205103346574e-06,
                    -0.9999999999932537,
                    -0.46086
                ],
                [
                    0.0,
                    0.9999999999932537,
                    -3.673205103346574e-06,
                    -0.70001
                ],
                [
                    0.0,
                    0.0,
                    0.0,
                    1.0
                ]
            ],
            "radius": 0.026,
            "height": 0.272
        },
        "collider2": {
            "type": "Box",
            "collider2origin": [
                [
                    0.3451821078959036,
                    0.5055281470683843,
                    -0.7907531883654639,
                    0.5255492968978588
                ],
                [
                    -0.20224293731297405,
                    0.8628101138238642,
                    0.46331037306569195,
                    -0.6661506111388591
                ],
                [
                    0.9164862828736505,
                    -2.2036802221683916e-06,
                    0.4000661111611211,
                    -0.7815681715330954
                ],
                [
                    0.0,
                    0.0,
                    0.0,
                    1.0
                ]
            ],
            "size": [
                0.1202,
                0.13634,
                0.67816
            ]
        },
        "distance": 0.0
    },
    {
        "case": 5,
        "collider1": {
            "type": "Box",
            "collider2origin": [
                [
                    1.0,
                    0.0,
                    0.0,
                    -0.26
                ],
                [
                    0.0,
                    1.0,
                    0.0,
                    -0.4608599999999999
                ],
                [
                    0.0,
                    0.0,
                    1.0,
                    -1.143
                ],
                [
                    0.0,
                    0.0,
                    0.0,
                    1.0
                ]
            ],
            "size": [
                1.48,
                0.272,
                0.945
            ]
        },
        "collider2": {
            "type": "Box",
            "collider2origin": [
                [
                    0.3451821078959036,
                    0.5055281470683843,
                    -0.7907531883654639,
                    0.5255492968978588
                ],
                [
                    -0.20224293731297405,
                    0.8628101138238642,
                    0.46331037306569195,
                    -0.6661506111388591
                ],
                [
                    0.9164862828736505,
                    -2.2036802221683916e-06,
                    0.4000661111611211,
                    -0.7815681715330954
                ],
                [
                    0.0,
                    0.0,
                    0.0,
                    1.0
                ]
            ],
            "size": [
                0.1202,
                0.13634,
                0.67816
            ]
        },
        "distance": 0.0
    }
]