[
    {
        "case": 0,
        "collider1": {
            "type": "Box",
            "collider2origin": [
                [
                    1.0,
                    0.0,
                    0.0,
                    -0.06
                ],
                [
                    0.0,
                    1.0,
                    0.0,
                    -0.37086
                ],
                [
                    0.0,
                    0.0,
                    1.0,
                    -0.40301
                ],
                [
                    0.0,
                    0.0,
                    0.0,
                    1.0
                ]
            ],
            "size": [
                0.1,
                1.0,
                1.64
            ]
        },
        "collider2": {
            "type": "Box",
            "collider2origin": [
                [
                    -0.28384411777081814,
                    -0.12129411486716828,
                    -0.9511678371904172,
                    0.19729917290170174
                ],
                [
                    0.03468724372602889,
                    -0.9926166116339736,
                    0.1162284708278489,
                    -0.9504734629988016
                ],
                [
                    -0.9582428251385955,
                    -2.62283100172367e-06,
                    0.28595574493883447,
                    -0.5912194306709204
                ],
                [
                    0.0,
                    0.0,
                    0.0,
                    1.0
                ]
            ],
            "size": [
                0.1202,
                0.13634,
                0.67816
            ]
        },
        "distance": 0.0
    }
]