[
    {
        "case": 0,
        "collider1": {
            "type": "Box",
            "collider2origin": [
                [
                    1.0,
                    0.0,
                    0.0,
                    0.0
                ],
                [
                    0.0,
                    1.0,
                    0.0,
                    -0.37086
                ],
                [
                    0.0,
                    0.0,
                    1.0,
                    0.39699
                ],
                [
                    0.0,
                    0.0,
                    0.0,
                    1.0
                ]
            ],
            "size": [
                0.6,
                1.6,
                0.1
            ]
        },
        "collider2": {
            "type": "Box",
            "collider2origin": [
                [
                    0.2545037022005592,
                    0.08987236946729797,
                    -0.9628867133638008,
                    0.5528139302669881
                ],
                [
                    -0.02296313210246913,
                    0.995953290671232,
                    0.08688922467825858,
                    -0.9112471524287186
                ],
                [
                    0.9667991312212963,
                    -2.73456326771717e-06,
                    0.25553755078709767,
                    0.2831155129269649
                ],
                [
                    0.0,
                    0.0,
                    0.0,
                    1.0
                ]
            ],
            "size": [
                0.1202,
                0.13634,
                0.67816
            ]
        },
        "distance": 0.0
    },
    {
        "case": 1,
        "collider1": {
            "type": "Box",
            "collider2origin": [
                [
                    1.0,
                    0.0,
                    0.0,
                    0.0
                ],
                [
                    0.0,
                    1.0,
                    0.0,
                    -0.37086
                ],
                [
                    0.0,
                    0.0,
                    1.0,
                    0.39699
                ],
                [
                    0.0,
                    0.0,
                    0.0,
                    1.0
                ]
            ],
            "size": [
                0.6,
                1.6,
                0.1
            ]
        },
        "collider2": {
            "type": "Box",
            "collider2origin": [
                [
                    0.36236892440607743,
                    0.08987931394676558,
                    0.92769093536007,
                    0.2841306324212247
                ],
                [
                    -0.03270401102414931,
                    0.9959526639951309,
                    -0.08371821034837,
                    -0.774786458803066
                ],
                [
                    -0.9314607937469589,
                    -2.3367398785354333e-06,
                    0.36384170968544105,
                    0.3589064235619981
                ],
                [
                    0.0,
                    0.0,
                    0.0,
                    1.0
                ]
            ],
            "size": [
                0.09102,
                0.10007,
                0.11882
            ]
        },
        "distance": 0.0
    }
]