[
    {
        "case": 0,
        "collider1": {
            "type": "Box",
            "collider2origin": [
                [
                    1.0,
                    0.0,
                    0.0,
                    -0.06
                ],
                [
                    0.0,
                    1.0,
                    0.0,
                    -0.37086
                ],
                [
                    0.0,
                    0.0,
                    1.0,
                    -0.40301
                ],
                [
                    0.0,
                    0.0,
                    0.0,
                    1.0
                ]
            ],
            "size": [
                0.1,
                1.0,
                1.64
            ]
        },
        "collider2": {
            "type": "Box",
            "collider2origin": [
                [
                    -0.7042708893938215,
                    -0.7092296353973894,
                    -0.03155691091538712,
                    0.05301132823743082
                ],
                [
                    0.7085187282774069,
                    -0.7049775345882207,
                    0.031747242495688485,
                    -0.27420081896549475
                ],
                [
                    -0.044762998476439386,
                    -3.68189364572484e-09,
                    0.998997634615517,
                    -0.3403745384004846
                ],
                [
                    0.0,
                    0.0,
                    0.0,
                    1.0
                ]
            ],
            "size": [
                0.09102,
                0.10007,
                0.11882
            ]
        },
        "distance": 0.0
    },
    {
        "case": 1,
        "collider1": {
            "type": "Box",
            "collider2origin": [
                [
                    1.0,
                    0.0,
                    0.0,
                    0.205
                ],
                [
                    0.0,
                    1.0,
                    0.0,
                    -0.17586
                ],
                [
                    0.0,
                    0.0,
                    1.0,
                    -0.10301
                ],
                [
                    0.0,
                    0.0,
                    0.0,
                    1.0
                ]
            ],
            "size": [
                0.05,
                0.05,
                1.2
            ]
        },
        "collider2": {
            "type": "Cylinder",
            "collider2origin": [
                [
                    0.7707928177955126,
                    -0.3870483935048714,
                    -0.506035545312927,
                    0.2227925225515499
                ],
                [
                    -0.4198808871336608,
                    0.2887535435571752,
                    -0.8604193348031088,
                    -0.1330252125816902
                ],
                [
                    0.4791434781510684,
                    0.8756796972457866,
                    0.06005493465839078,
                    -0.20984825579387545
                ],
                [
                    0.0,
                    0.0,
                    0.0,
                    1.0
                ]
            ],
            "radius": 0.01271,
            "height": 0.05982
        },
        "distance": 0.0
    },
    {
        "case": 2,
        "collider1": {
            "type": "Box",
            "collider2origin": [
                [
                    1.0,
                    0.0,
                    0.0,
                    -0.06
                ],
                [
                    0.0,
                    1.0,
                    0.0,
                    -0.37086
                ],
                [
                    0.0,
                    0.0,
                    1.0,
                    -0.40301
                ],
                [
                    0.0,
                    0.0,
                    0.0,
                    1.0
                ]
            ],
            "size": [
                0.1,
                1.0,
                1.64
            ]
        },
        "collider2": {
            "type": "Box",
            "collider2origin": [
                [
                    0.7053995528337219,
                    0.708107076814985,
                    -0.03155691091538712,
                    0.048161478958965276
                ],
                [
                    -0.7073950451560967,
                    0.7061050649036046,
                    0.031747242495688485,
                    -0.2719038410182002
                ],
                [
                    0.044762941710625136,
                    -7.128823818520067e-05,
                    0.998997634615517,
                    -0.23114103011060205
                ],
                [
                    0.0,
                    0.0,
                    0.0,
                    1.0
                ]
            ],
            "size": [
                0.09126,
                0.11887,
                0.10009
            ]
        },
        "distance": 0.0
    },
    {
        "case": 3,
        "collider1": {
            "type": "Box",
            "collider2origin": [
                [
                    1.0,
                    0.0,
                    0.0,
                    0.205
                ],
                [
                    0.0,
                    1.0,
                    0.0,
                    -0.17586
                ],
                [
                    0.0,
                    0.0,
                    1.0,
                    -0.10301
                ],
                [
                    0.0,
                    0.0,
                    0.0,
                    1.0
                ]
            ],
            "size": [
                0.05,
                0.05,
                1.2
            ]
        },
        "collider2": {
            "type": "Box",
            "collider2origin": [
                [
                    0.761433269334461,
                    0.6475018016733288,
                    0.030996664020930563,
                    0.1609999481012072
                ],
                [
                    -0.622492457897332,
                    0.717006422205534,
                    0.3136956014625604,
                    -0.16091746936390527
                ],
                [
                    0.18089365995405207,
                    -0.25815345697048436,
                    0.949017532210346,
                    -0.23308626893799556
                ],
                [
                    0.0,
                    0.0,
                    0.0,
                    1.0
                ]
            ],
            "size": [
                0.06241,
                0.05638,
                0.02858
            ]
        },
        "distance": 0.0
    },
    {
        "case": 4,
        "collider1": {
            "type": "Box",
            "collider2origin": [
                [
                    1.0,
                    0.0,
                    0.0,
                    0.205
                ],
                [
                    0.0,
                    1.0,
                    0.0,
                    -0.17586
                ],
                [
                    0.0,
                    0.0,
                    1.0,
                    -0.10301
                ],
                [
                    0.0,
                    0.0,
                    0.0,
                    1.0
                ]
            ],
            "size": [
                0.05,
                0.05,
                1.2
            ]
        },
        "collider2": {
            "type": "Box",
            "collider2origin": [
                [
                    0.738032481363633,
                    0.6475032133112337,
                    0.18986217423137602,
                    0.19502313502579383
                ],
                [
                    -0.6744071437690359,
                    0.7170036152277708,
                    0.17629753311829907,
                    -0.1257859057051287
                ],
                [
                    -0.021978646125959185,
                    -0.2581577124587469,
                    0.965852749963749,
                    -0.24853268232052428
                ],
                [
                    0.0,
                    0.0,
                    0.0,
                    1.0
                ]
            ],
            "size": [
                0.07264,
                0.04753,
                0.03326
            ]
        },
        "distance": 0.0
    },
    {
        "case": 5,
        "collider1": {
            "type": "Box",
            "collider2origin": [
                [
                    1.0,
                    0.0,
                    0.0,
                    0.205
                ],
                [
                    0.0,
                    1.0,
                    0.0,
                    -0.17586
                ],
                [
                    0.0,
                    0.0,
                    1.0,
                    -0.10301
                ],
                [
                    0.0,
                    0.0,
                    0.0,
                    1.0
                ]
            ],
            "size": [
                0.05,
                0.05,
                1.2
            ]
        },
        "collider2": {
            "type": "Box",
            "collider2origin": [
                [
                    -0.05409938727638731,
                    -0.7092321013643305,
                    -0.7028962104682706,
                    0.3374027423529705
                ],
                [
                    0.05443086706281527,
                    -0.7049750537308641,
                    0.7071403356675076,
                    -0.40177747939102537
                ],
                [
                    -0.9970509199670342,
                    -3.391312924038453e-06,
                    0.07674283667802095,
                    -0.3653016231398625
                ],
                [
                    0.0,
                    0.0,
                    0.0,
                    1.0
                ]
            ],
            "size": [
                0.1202,
                0.13634,
                0.67816
            ]
        },
        "distance": 0.0
    }
]