[
    {
        "case": 0,
        "collider1": {
            "type": "Box",
            "collider2origin": [
                [
                    1.0,
                    0.0,
                    0.0,
                    0.5199999999999999
                ],
                [
                    0.0,
                    1.0,
                    0.0,
                    -0.43085999999999997
                ],
                [
                    0.0,
                    0.0,
                    1.0,
                    -0.80301
                ],
                [
                    0.0,
                    0.0,
                    0.0,
                    1.0
                ]
            ],
            "size": [
                0.2,
                0.08,
                0.04
            ]
        },
        "collider2": {
            "type": "Box",
            "collider2origin": [
                [
                    0.3983902877149484,
                    0.7264758803503352,
                    -0.5599267576421099,
                    0.5289032929806396
                ],
                [
                    -0.4211627789023691,
                    0.6871919639131575,
                    0.5919367520271163,
                    -0.43182987729262035
                ],
                [
                    0.8148049412722251,
                    -1.5437187905229348e-06,
                    0.5797352047926555,
                    -0.5515068550264897
                ],
                [
                    0.0,
                    0.0,
                    0.0,
                    1.0
                ]
            ],
            "size": [
                0.1202,
                0.13634,
                0.67816
            ]
        },
        "distance": 0.07579982818480883
    },
    {
        "case": 1,
        "collider1": {
            "type": "Cylinder",
            "collider2origin": [
                [
                    1.0,
                    0.0,
                    0.0,
                    0.4849999999999999
                ],
                [
                    0.0,
                    -3.673205103346574e-06,
                    -0.9999999999932537,
                    -0.46086
                ],
                [
                    0.0,
                    0.9999999999932537,
                    -3.673205103346574e-06,
                    -0.70001
                ],
                [
                    0.0,
                    0.0,
                    0.0,
                    1.0
                ]
            ],
            "radius": 0.026,
            "height": 0.272
        },
        "collider2": {
            "type": "Box",
            "collider2origin": [
                [
                    0.3983902877149484,
                    0.7264758803503352,
                    -0.5599267576421099,
                    0.5289032929806396
                ],
                [
                    -0.4211627789023691,
                    0.6871919639131575,
                    0.5919367520271163,
                    -0.43182987729262035
                ],
                [
                    0.8148049412722251,
                    -1.5437187905229348e-06,
                    0.5797352047926555,
                    -0.5515068550264897
                ],
                [
                    0.0,
                    0.0,
                    0.0,
                    1.0
                ]
            ],
            "size": [
                0.1202,
                0.13634,
                0.67816
            ]
        },
        "distance": 0.021882301746057597
    },
    {
        "case": 2,
        "collider1": {
            "type": "Box",
            "collider2origin": [
                [
                    1.0,
                    0.0,
                    0.0,
                    0.246
                ],
                [
                    0.0,
                    1.0,
                    0.0,
                    -0.24786000000000002
                ],
                [
                    0.0,
                    0.0,
                    1.0,
                    -0.71801
                ],
                [
                    0.0,
                    0.0,
                    0.0,
                    1.0
                ]
            ],
            "size": [
                0.12,
                0.16,
                0.08
            ]
        },
        "collider2": {
            "type": "Box",
            "collider2origin": [
                [
                    0.3983902877149484,
                    0.7264758803503352,
                    -0.5599267576421099,
                    0.5289032929806396
                ],
                [
                    -0.4211627789023691,
                    0.6871919639131575,
                    0.5919367520271163,
                    -0.43182987729262035
                ],
                [
                    0.8148049412722251,
                    -1.5437187905229348e-06,
                    0.5797352047926555,
                    -0.5515068550264897
                ],
                [
                    0.0,
                    0.0,
                    0.0,
                    1.0
                ]
            ],
            "size": [
                0.1202,
                0.13634,
                0.67816
            ]
        },
        "distance": 0.17697878542191822
    },
    {
        "case": 3,
        "collider1": {
            "type": "Box",
            "collider2origin": [
                [
                    1.0,
                    0.0,
                    0.0,
                    0.28600000000000003
                ],
                [
                    0.0,
                    1.0,
                    0.0,
                    -0.19785999999999998
                ],
                [
                    0.0,
                    0.0,
                    1.0,
                    -0.70601
                ],
                [
                    0.0,
                    0.0,
                    0.0,
                    1.0
                ]
            ],
            "size": [
                0.04,
                0.04,
                0.12
            ]
        },
        "collider2": {
            "type": "Box",
            "collider2origin": [
                [
                    0.3983902877149484,
                    0.7264758803503352,
                    -0.5599267576421099,
                    0.5289032929806396
                ],
                [
                    -0.4211627789023691,
                    0.6871919639131575,
                    0.5919367520271163,
                    -0.43182987729262035
                ],
                [
                    0.8148049412722251,
                    -1.5437187905229348e-06,
                    0.5797352047926555,
                    -0.5515068550264897
                ],
                [
                    0.0,
                    0.0,
                    0.0,
                    1.0
                ]
            ],
            "size": [
                0.1202,
                0.13634,
                0.67816
            ]
        },
        "distance": 0.1958202846353071
    },
    {
        "case": 4,
        "collider1": {
            "type": "Box",
            "collider2origin": [
                [
                    0.9999999999999999,
                    0.0,
                    6.177235058912196e-23,
                    0.2860000183661401
                ],
                [
                    0.0,
                    1.0,
                    0.0,
                    -0.10086
                ],
                [
                    6.177235058912196e-23,
                    0.0,
                    0.9999999999999999,
                    -0.626009937555547
                ],
                [
                    0.0,
                    0.0,
                    0.0,
                    1.0
                ]
            ],
            "size": [
                0.04,
                0.234,
                0.044
            ]
        },
        "collider2": {
            "type": "Box",
            "collider2origin": [
                [
                    0.3983902877149484,
                    0.7264758803503352,
                    -0.5599267576421099,
                    0.5289032929806396
                ],
                [
                    -0.4211627789023691,
                    0.6871919639131575,
                    0.5919367520271163,
                    -0.43182987729262035
                ],
                [
                    0.8148049412722251,
                    -1.5437187905229348e-06,
                    0.5797352047926555,
                    -0.5515068550264897
                ],
                [
                    0.0,
                    0.0,
                    0.0,
                    1.0
                ]
            ],
            "size": [
                0.1202,
                0.13634,
                0.67816
            ]
        },
        "distance": 0.16159841890493293
    },
    {
        "case": 5,
        "collider1": {
            "type": "Box",
            "collider2origin": [
                [
                    1.0,
                    0.0,
                    0.0,
                    -0.26
                ],
                [
                    0.0,
                    1.0,
                    0.0,
                    -0.4608599999999999
                ],
                [
                    0.0,
                    0.0,
                    1.0,
                    -1.143
                ],
                [
                    0.0,
                    0.0,
                    0.0,
                    1.0
                ]
            ],
            "size": [
                1.48,
                0.272,
                0.945
            ]
        },
        "collider2": {
            "type": "Box",
            "collider2origin": [
                [
                    0.3983902877149484,
                    0.7264758803503352,
                    -0.5599267576421099,
                    0.5289032929806396
                ],
                [
                    -0.4211627789023691,
                    0.6871919639131575,
                    0.5919367520271163,
                    -0.43182987729262035
                ],
                [
                    0.8148049412722251,
                    -1.5437187905229348e-06,
                    0.5797352047926555,
                    -0.5515068550264897
                ],
                [
                    0.0,
                    0.0,
                    0.0,
                    1.0
                ]
            ],
            "size": [
                0.1202,
                0.13634,
                0.67816
            ]
        },
        "distance": 0.030977649443455015
    },
    {
        "case": 6,
        "collider1": {
            "type": "Box",
            "collider2origin": [
                [
                    1.0,
                    0.0,
                    0.0,
                    -0.08500000000000019
                ],
                [
                    0.0,
                    1.0,
                    0.0,
                    -0.03585999999999995
                ],
                [
                    0.0,
                    0.0,
                    1.0,
                    -0.81301
                ],
                [
                    0.0,
                    0.0,
                    0.0,
                    1.0
                ]
            ],
            "size": [
                1.01,
                0.28,
                0.27
            ]
        },
        "collider2": {
            "type": "Box",
            "collider2origin": [
                [
                    0.3983902877149484,
                    0.7264758803503352,
                    -0.5599267576421099,
                    0.5289032929806396
                ],
                [
                    -0.4211627789023691,
                    0.6871919639131575,
                    0.5919367520271163,
                    -0.43182987729262035
                ],
                [
                    0.8148049412722251,
                    -1.5437187905229348e-06,
                    0.5797352047926555,
                    -0.5515068550264897
                ],
                [
                    0.0,
                    0.0,
                    0.0,
                    1.0
                ]
            ],
            "size": [
                0.1202,
                0.13634,
                0.67816
            ]
        },
        "distance": 0.19626361154125338
    }
]