[
    {
        "case": 0,
        "collider1": {
            "type": "Box",
            "collider2origin": [
                [
                    1.0,
                    0.0,
                    0.0,
                    1.2009999999999998
                ],
                [
                    0.0,
                    1.0,
                    0.0,
                    0.02914
                ],
                [
                    0.0,
                    0.0,
                    1.0,
                    -1.22801
                ],
                [
                    0.0,
                    0.0,
                    0.0,
                    1.0
                ]
            ],
            "size": [
                0.41,
                0.6,
                0.82
            ]
        },
        "collider2": {
            "type": "Box",
            "collider2origin": [
                [
                    0.026193994857875054,
                    0.9960245390495895,
                    0.08514101387955088,
                    1.1200236313685854
                ],
                [
                    0.2928326258129714,
                    -0.08907927698662566,
                    0.9520052183003096,
                    -0.19908418538587447
                ],
                [
                    0.9558048586886687,
                    -4.753134100997565e-06,
                    -0.2940018232673767,
                    -0.7423639355485976
                ],
                [
                    0.0,
                    0.0,
                    0.0,
                    1.0
                ]
            ],
            "size": [
                0.1202,
                0.13634,
                0.67816
            ]
        },
        "distance": 0.0
    },
    {
        "case": 1,
        "collider1": {
            "type": "Box",
            "collider2origin": [
                [
                    1.0,
                    0.0,
                    0.0,
                    1.23
                ],
                [
                    0.0,
                    1.0,
                    0.0,
                    -0.23086
                ],
                [
                    0.0,
                    0.0,
                    1.0,
                    -0.54301
                ],
                [
                    0.0,
                    0.0,
                    0.0,
                    1.0
                ]
            ],
            "size": [
                0.1,
                0.16,
                0.1
            ]
        },
        "collider2": {
            "type": "Box",
            "collider2origin": [
                [
                    0.026193994857875054,
                    0.9960245390495895,
                    0.08514101387955088,
                    1.1200236313685854
                ],
                [
                    0.2928326258129714,
                    -0.08907927698662566,
                    0.9520052183003096,
                    -0.19908418538587447
                ],
                [
                    0.9558048586886687,
                    -4.753134100997565e-06,
                    -0.2940018232673767,
                    -0.7423639355485976
                ],
                [
                    0.0,
                    0.0,
                    0.0,
                    1.0
                ]
            ],
            "size": [
                0.1202,
                0.13634,
                0.67816
            ]
        },
        "distance": 0.0515151841861502
    },
    {
        "case": 2,
        "collider1": {
            "type": "Box",
            "collider2origin": [
                [
                    1.0,
                    0.0,
                    0.0,
                    1.2009999999999998
                ],
                [
                    0.0,
                    1.0,
                    0.0,
                    0.02914
                ],
                [
                    0.0,
                    0.0,
                    1.0,
                    -1.22801
                ],
                [
                    0.0,
                    0.0,
                    0.0,
                    1.0
                ]
            ],
            "size": [
                0.41,
                0.6,
                0.82
            ]
        },
        "collider2": {
            "type": "Box",
            "collider2origin": [
                [
                    -0.08015091526748128,
                    0.9960243691060378,
                    0.038875274001660395,
                    1.2563124685066565
                ],
                [
                    -0.8961761388667712,
                    -0.08908117728669473,
                    0.4346640909703291,
                    0.07018549796224227
                ],
                [
                    0.4363990821571823,
                    -3.6822701616057186e-07,
                    0.899753211215294,
                    -0.8258754060263496
                ],
                [
                    0.0,
                    0.0,
                    0.0,
                    1.0
                ]
            ],
            "size": [
                0.09102,
                0.10007,
                0.11882
            ]
        },
        "distance": 0.0
    }
]