[
    {
        "case": 0,
        "collider1": {
            "type": "Box",
            "collider2origin": [
                [
                    1.0,
                    0.0,
                    0.0,
                    1.23
                ],
                [
                    0.0,
                    1.0,
                    0.0,
                    -0.23086
                ],
                [
                    0.0,
                    0.0,
                    1.0,
                    -0.54301
                ],
                [
                    0.0,
                    0.0,
                    0.0,
                    1.0
                ]
            ],
            "size": [
                0.1,
                0.16,
                0.1
            ]
        },
        "collider2": {
            "type": "Box",
            "collider2origin": [
                [
                    -0.10142208022481089,
                    -0.9560395217532043,
                    0.27513995436645744,
                    1.2048101617073177
                ],
                [
                    -0.3306809056709179,
                    0.2932378434333877,
                    0.8970293784504481,
                    -0.167881485244468
                ],
                [
                    -0.9382769848331213,
                    -4.943710941593691e-06,
                    -0.3458848069921924,
                    -0.6229173625111377
                ],
                [
                    0.0,
                    0.0,
                    0.0,
                    1.0
                ]
            ],
            "size": [
                0.1202,
                0.13634,
                0.67816
            ]
        },
        "distance": 0.0
    },
    {
        "case": 1,
        "collider1": {
            "type": "Box",
            "collider2origin": [
                [
                    1.0,
                    0.0,
                    0.0,
                    1.28
                ],
                [
                    0.0,
                    1.0,
                    0.0,
                    -0.23086
                ],
                [
                    0.0,
                    0.0,
                    1.0,
                    -0.67301
                ],
                [
                    0.0,
                    0.0,
                    0.0,
                    1.0
                ]
            ],
            "size": [
                0.06,
                0.06,
                0.33
            ]
        },
        "collider2": {
            "type": "Box",
            "collider2origin": [
                [
                    -0.10142208022481089,
                    -0.9560395217532043,
                    0.27513995436645744,
                    1.2048101617073177
                ],
                [
                    -0.3306809056709179,
                    0.2932378434333877,
                    0.8970293784504481,
                    -0.167881485244468
                ],
                [
                    -0.9382769848331213,
                    -4.943710941593691e-06,
                    -0.3458848069921924,
                    -0.6229173625111377
                ],
                [
                    0.0,
                    0.0,
                    0.0,
                    1.0
                ]
            ],
            "size": [
                0.1202,
                0.13634,
                0.67816
            ]
        },
        "distance": 0.0
    }
]