[
    {
        "case": 0,
        "collider1": {
            "type": "Box",
            "collider2origin": [
                [
                    1.0,
                    0.0,
                    0.0,
                    0.0
                ],
                [
                    0.0,
                    1.0,
                    0.0,
                    -0.37086
                ],
                [
                    0.0,
                    0.0,
                    1.0,
                    0.39699
                ],
                [
                    0.0,
                    0.0,
                    0.0,
                    1.0
                ]
            ],
            "size": [
                0.6,
                1.6,
                0.1
            ]
        },
        "collider2": {
            "type": "Box",
            "collider2origin": [
                [
                    -0.6782702750794856,
                    -0.6828022806078523,
                    -0.2715335698220654,
                    0.46518263451746844
                ],
                [
                    0.6338934516730182,
                    -0.7306032066701093,
                    0.2537677015095114,
                    -0.5661503616343423
                ],
                [
                    -0.37165646216589004,
                    -2.631104604826366e-07,
                    0.9283703324268093,
                    0.07432709936993764
                ],
                [
                    0.0,
                    0.0,
                    0.0,
                    1.0
                ]
            ],
            "size": [
                0.1202,
                0.13634,
                0.67816
            ]
        },
        "distance": 0.0
    },
    {
        "case": 1,
        "collider1": {
            "type": "Box",
            "collider2origin": [
                [
                    1.0,
                    0.0,
                    0.0,
                    0.0
                ],
                [
                    0.0,
                    1.0,
                    0.0,
                    -0.37086
                ],
                [
                    0.0,
                    0.0,
                    1.0,
                    0.39699
                ],
                [
                    0.0,
                    0.0,
                    0.0,
                    1.0
                ]
            ],
            "size": [
                0.6,
                1.6,
                0.1
            ]
        },
        "collider2": {
            "type": "Box",
            "collider2origin": [
                [
                    -0.9374520145826863,
                    0.16802148881995904,
                    0.30488112380005894,
                    0.25701077327580435
                ],
                [
                    0.0984183110063852,
                    -0.7121546049289378,
                    0.6950896738818372,
                    -0.5717330003803929
                ],
                [
                    0.3339124981391274,
                    0.6816191003582811,
                    0.6510743779425311,
                    0.4753896662917816
                ],
                [
                    0.0,
                    0.0,
                    0.0,
                    1.0
                ]
            ],
            "size": [
                0.08993,
                0.0305,
                0.09007
            ]
        },
        "distance": 0.0
    },
    {
        "case": 2,
        "collider1": {
            "type": "Box",
            "collider2origin": [
                [
                    1.0,
                    0.0,
                    0.0,
                    0.0
                ],
                [
                    0.0,
                    1.0,
                    0.0,
                    -0.37086
                ],
                [
                    0.0,
                    0.0,
                    1.0,
                    0.39699
                ],
                [
                    0.0,
                    0.0,
                    0.0,
                    1.0
                ]
            ],
            "size": [
                0.6,
                1.6,
                0.1
            ]
        },
        "collider2": {
            "type": "Box",
            "collider2origin": [
                [
                    -0.8215515890001148,
                    0.16801836771374046,
                    -0.5448144773426972,
                    0.24617793069761418
                ],
                [
                    -0.4833025938732561,
                    -0.7121552878523417,
                    0.5091693713680454,
                    -0.5211551977527664
                ],
                [
                    -0.3024427042710214,
                    0.6816191561970351,
                    0.6662760212843268,
                    0.4213409563336956
                ],
                [
                    0.0,
                    0.0,
                    0.0,
                    1.0
                ]
            ],
            "size": [
                0.09126,
                0.11887,
                0.10009
            ]
        },
        "distance": 0.0
    },
    {
        "case": 3,
        "collider1": {
            "type": "Box",
            "collider2origin": [
                [
                    1.0,
                    0.0,
                    0.0,
                    0.0
                ],
                [
                    0.0,
                    1.0,
                    0.0,
                    -0.37086
                ],
                [
                    0.0,
                    0.0,
                    1.0,
                    0.39699
                ],
                [
                    0.0,
                    0.0,
                    0.0,
                    1.0
                ]
            ],
            "size": [
                0.6,
                1.6,
                0.1
            ]
        },
        "collider2": {
            "type": "Box",
            "collider2origin": [
                [
                    -0.48678214845727225,
                    -0.6828032844246765,
                    -0.5448144773426972,
                    0.3082467409251911
                ],
                [
                    0.45493612351988255,
                    -0.730602268527392,
                    0.5091693713680454,
                    -0.5724533271643996
                ],
                [
                    -0.7457052121716891,
                    -1.2258366217358024e-06,
                    0.6662760212843268,
                    0.34717565382689086
                ],
                [
                    0.0,
                    0.0,
                    0.0,
                    1.0
                ]
            ],
            "size": [
                0.09102,
                0.10007,
                0.11882
            ]
        },
        "distance": 0.0
    }
]