[
    {
        "case": 0,
        "collider1": {
            "type": "Box",
            "collider2origin": [
                [
                    1.0,
                    0.0,
                    0.0,
                    1.23
                ],
                [
                    0.0,
                    1.0,
                    0.0,
                    -0.23086
                ],
                [
                    0.0,
                    0.0,
                    1.0,
                    -0.54301
                ],
                [
                    0.0,
                    0.0,
                    0.0,
                    1.0
                ]
            ],
            "size": [
                0.1,
                0.16,
                0.1
            ]
        },
        "collider2": {
            "type": "Box",
            "collider2origin": [
                [
                    -0.16544542508584048,
                    0.8134119128248244,
                    -0.5576637619505375,
                    0.9747081324239197
                ],
                [
                    0.2313607583429463,
                    0.58168811235266,
                    0.7798148109946206,
                    -0.6645738479059813
                ],
                [
                    0.9586970380767545,
                    -4.717972017291884e-06,
                    -0.28442923401190384,
                    -0.45811569191848944
                ],
                [
                    0.0,
                    0.0,
                    0.0,
                    1.0
                ]
            ],
            "size": [
                0.15068,
                0.17726,
                0.74884
            ]
        },
        "distance": 0.28410815582423515
    },
    {
        "case": 1,
        "collider1": {
            "type": "Box",
            "collider2origin": [
                [
                    1.0,
                    0.0,
                    0.0,
                    1.23
                ],
                [
                    0.0,
                    1.0,
                    0.0,
                    -0.23086
                ],
                [
                    0.0,
                    0.0,
                    1.0,
                    -0.54301
                ],
                [
                    0.0,
                    0.0,
                    0.0,
                    1.0
                ]
            ],
            "size": [
                0.1,
                0.16,
                0.1
            ]
        },
        "collider2": {
            "type": "Box",
            "collider2origin": [
                [
                    -0.16544542508584048,
                    0.8134119128248244,
                    -0.5576637619505375,
                    0.9747081324239197
                ],
                [
                    0.2313607583429463,
                    0.58168811235266,
                    0.7798148109946206,
                    -0.6645738479059813
                ],
                [
                    0.9586970380767545,
                    -4.717972017291884e-06,
                    -0.28442923401190384,
                    -0.45811569191848944
                ],
                [
                    0.0,
                    0.0,
                    0.0,
                    1.0
                ]
            ],
            "size": [
                0.15068,
                0.17726,
                0.74884
            ]
        },
        "distance": 0.28410815582423515
    },
    {
        "case": 2,
        "collider1": {
            "type": "Box",
            "collider2origin": [
                [
                    0.8746175172834064,
                    0.0,
                    0.48481357083007715,
                    -0.095
                ],
                [
                    0.0,
                    1.0,
                    0.0,
                    0.12914
                ],
                [
                    -0.48481357083007715,
                    0.0,
                    0.8746175172834064,
                    -0.05301
                ],
                [
                    0.0,
                    0.0,
                    0.0,
                    1.0
                ]
            ],
            "size": [
                0.05,
                0.05,
                1.4
            ]
        },
        "collider2": {
            "type": "Cylinder",
            "collider2origin": [
                [
                    -0.612752012132244,
                    0.6177913834091722,
                    0.4928171853875098,
                    0.26154832393639194
                ],
                [
                    -0.7194602669218116,
                    -0.17807721681798486,
                    -0.6713161916497739,
                    0.093103152065934
                ],
                [
                    -0.3269738459704103,
                    -0.7659127309529077,
                    0.5535935265296881,
                    -0.3741004923867197
                ],
                [
                    0.0,
                    0.0,
                    0.0,
                    1.0
                ]
            ],
            "radius": 0.00783,
            "height": 0.03044
        },
        "distance": 0.43231460821749396
    },
    {
        "case": 3,
        "collider1": {
            "type": "Box",
            "collider2origin": [
                [
                    0.8746175172834064,
                    0.0,
                    0.48481357083007715,
                    -0.095
                ],
                [
                    0.0,
                    1.0,
                    0.0,
                    0.12914
                ],
                [
                    -0.48481357083007715,
                    0.0,
                    0.8746175172834064,
                    -0.05301
                ],
                [
                    0.0,
                    0.0,
                    0.0,
                    1.0
                ]
            ],
            "size": [
                0.05,
                0.05,
                1.4
            ]
        },
        "collider2": {
            "type": "Sphere",
            "collider2origin": [
                [
                    1.0,
                    0.0,
                    0.0,
                    0.25086564559806324
                ],
                [
                    0.0,
                    1.0,
                    0.0,
                    0.11709975216162238
                ],
                [
                    0.0,
                    0.0,
                    1.0,
                    -0.40451258319559713
                ],
                [
                    0.0,
                    0.0,
                    0.0,
                    1.0
                ]
            ],
            "radius": 0.00484
        },
        "distance": 0.4430733747816542
    },
    {
        "case": 4,
        "collider1": {
            "type": "Box",
            "collider2origin": [
                [
                    0.8746175172834064,
                    0.0,
                    0.48481357083007715,
                    -0.095
                ],
                [
                    0.0,
                    1.0,
                    0.0,
                    0.12914
                ],
                [
                    -0.48481357083007715,
                    0.0,
                    0.8746175172834064,
                    -0.05301
                ],
                [
                    0.0,
                    0.0,
                    0.0,
                    1.0
                ]
            ],
            "size": [
                0.05,
                0.05,
                1.4
            ]
        },
        "collider2": {
            "type": "Cylinder",
            "collider2origin": [
                [
                    -0.6088589520980773,
                    0.7643458264355124,
                    0.21228809213105837,
                    0.2523641131420612
                ],
                [
                    -0.7199855737082679,
                    -0.4201029305515057,
                    -0.5523896282462344,
                    0.10900522044892824
                ],
                [
                    -0.333033857290828,
                    -0.4891717340082624,
                    0.8061013984266132,
                    -0.3925734102187204
                ],
                [
                    0.0,
                    0.0,
                    0.0,
                    1.0
                ]
            ],
            "radius": 0.0076,
            "height": 0.02993
        },
        "distance": 0.43293467966199256
    },
    {
        "case": 5,
        "collider1": {
            "type": "Box",
            "collider2origin": [
                [
                    0.9999999999999999,
                    0.0,
                    6.177235058912196e-23,
                    0.2860000183661401
                ],
                [
                    0.0,
                    1.0,
                    0.0,
                    -0.10086
                ],
                [
                    6.177235058912196e-23,
                    0.0,
                    0.9999999999999999,
                    -0.626009937555547
                ],
                [
                    0.0,
                    0.0,
                    0.0,
                    1.0
                ]
            ],
            "size": [
                0.04,
                0.234,
                0.044
            ]
        },
        "collider2": {
            "type": "Box",
            "collider2origin": [
                [
                    0.0009272738926218462,
                    0.8134118245807195,
                    -0.5816874966813306,
                    0.5348192037131794
                ],
                [
                    -0.001290361638620545,
                    0.5816882357576223,
                    0.8134108011011574,
                    -0.2666413361711446
                ],
                [
                    0.9999987375641879,
                    -3.6673684549197918e-06,
                    0.0015889797295025297,
                    -0.5463921490795962
                ],
                [
                    0.0,
                    0.0,
                    0.0,
                    1.0
                ]
            ],
            "size": [
                0.1202,
                0.13634,
                0.67816
            ]
        },
        "distance": 0.0
    },
    {
        "case": 6,
        "collider1": {
            "type": "Cylinder",
            "collider2origin": [
                [
                    0.9999999999999999,
                    0.0,
                    6.177235058912196e-23,
                    0.2850002314120429
                ],
                [
                    0.0,
                    1.0,
                    0.0,
                    -0.0028599999999999737
                ],
                [
                    6.177235058912196e-23,
                    0.0,
                    0.9999999999999999,
                    -0.5680099338827331
                ],
                [
                    0.0,
                    0.0,
                    0.0,
                    1.0
                ]
            ],
            "radius": 0.015,
            "height": 0.14
        },
        "collider2": {
            "type": "Box",
            "collider2origin": [
                [
                    0.0009272738926218462,
                    0.8134118245807195,
                    -0.5816874966813306,
                    0.5348192037131794
                ],
                [
                    -0.001290361638620545,
                    0.5816882357576223,
                    0.8134108011011574,
                    -0.2666413361711446
                ],
                [
                    0.9999987375641879,
                    -3.6673684549197918e-06,
                    0.0015889797295025297,
                    -0.5463921490795962
                ],
                [
                    0.0,
                    0.0,
                    0.0,
                    1.0
                ]
            ],
            "size": [
                0.1202,
                0.13634,
                0.67816
            ]
        },
        "distance": 0.005704545587072524
    },
    {
        "case": 7,
        "collider1": {
            "type": "Box",
            "collider2origin": [
                [
                    0.9999999999999999,
                    0.0,
                    6.177235058912196e-23,
                    0.3420001028494408
                ],
                [
                    0.0,
                    1.0,
                    0.0,
                    -0.0028599999999999737
                ],
                [
                    6.177235058912196e-23,
                    0.0,
                    0.9999999999999999,
                    -0.6330101644495814
                ],
                [
                    0.0,
                    0.0,
                    0.0,
                    1.0
                ]
            ],
            "size": [
                0.03,
                0.09,
                0.06
            ]
        },
        "collider2": {
            "type": "Box",
            "collider2origin": [
                [
                    0.0009272738926218462,
                    0.8134118245807195,
                    -0.5816874966813306,
                    0.5348192037131794
                ],
                [
                    -0.001290361638620545,
                    0.5816882357576223,
                    0.8134108011011574,
                    -0.2666413361711446
                ],
                [
                    0.9999987375641879,
                    -3.6673684549197918e-06,
                    0.0015889797295025297,
                    -0.5463921490795962
                ],
                [
                    0.0,
                    0.0,
                    0.0,
                    1.0
                ]
            ],
            "size": [
                0.1202,
                0.13634,
                0.67816
            ]
        },
        "distance": 0.0
    }
]