[
    {
        "case": 0,
        "collider1": {
            "type": "Box",
            "collider2origin": [
                [
                    1.0,
                    0.0,
                    0.0,
                    1.23
                ],
                [
                    0.0,
                    1.0,
                    0.0,
                    -0.23086
                ],
                [
                    0.0,
                    0.0,
                    1.0,
                    -0.54301
                ],
                [
                    0.0,
                    0.0,
                    0.0,
                    1.0
                ]
            ],
            "size": [
                0.1,
                0.16,
                0.1
            ]
        },
        "collider2": {
            "type": "Box",
            "collider2origin": [
                [
                    0.029388889842690127,
                    0.9973814963395096,
                    0.06607907318792404,
                    1.110078756915163
                ],
                [
                    0.40524479536784164,
                    -0.07231978106214605,
                    0.9113432421949478,
                    -0.14838683709557887
                ],
                [
                    0.9137357106850373,
                    -5.1656616104778306e-06,
                    -0.4063090584668591,
                    -0.6013125285636935
                ],
                [
                    0.0,
                    0.0,
                    0.0,
                    1.0
                ]
            ],
            "size": [
                0.1202,
                0.13634,
                0.67816
            ]
        },
        "distance": 0.0017466788388072593
    }
]