[
    {
        "case": 0,
        "collider1": {
            "type": "Box",
            "collider2origin": [
                [
                    1.0,
                    0.0,
                    0.0,
                    1.23
                ],
                [
                    0.0,
                    1.0,
                    0.0,
                    -0.23086
                ],
                [
                    0.0,
                    0.0,
                    1.0,
                    -0.54301
                ],
                [
                    0.0,
                    0.0,
                    0.0,
                    1.0
                ]
            ],
            "size": [
                0.1,
                0.16,
                0.1
            ]
        },
        "collider2": {
            "type": "Box",
            "collider2origin": [
                [
                    -0.4983534655833118,
                    -0.7032794433817641,
                    0.506992946556201,
                    1.5031817971816692
                ],
                [
                    -0.49300821666386446,
                    0.710913514063136,
                    0.5015424945349289,
                    -0.43441838264204335
                ],
                [
                    -0.7131526636303188,
                    -6.248154049521122e-06,
                    -0.701008757661373,
                    -0.3123112576877811
                ],
                [
                    0.0,
                    0.0,
                    0.0,
                    1.0
                ]
            ],
            "size": [
                0.1202,
                0.13634,
                0.67816
            ]
        },
        "distance": 0.21301788813128428
    },
    {
        "case": 1,
        "collider1": {
            "type": "Box",
            "collider2origin": [
                [
                    1.0,
                    0.0,
                    0.0,
                    1.28
                ],
                [
                    0.0,
                    1.0,
                    0.0,
                    -0.23086
                ],
                [
                    0.0,
                    0.0,
                    1.0,
                    -0.67301
                ],
                [
                    0.0,
                    0.0,
                    0.0,
                    1.0
                ]
            ],
            "size": [
                0.06,
                0.06,
                0.33
            ]
        },
        "collider2": {
            "type": "Box",
            "collider2origin": [
                [
                    -0.4983534655833118,
                    -0.7032794433817641,
                    0.506992946556201,
                    1.5031817971816692
                ],
                [
                    -0.49300821666386446,
                    0.710913514063136,
                    0.5015424945349289,
                    -0.43441838264204335
                ],
                [
                    -0.7131526636303188,
                    -6.248154049521122e-06,
                    -0.701008757661373,
                    -0.3123112576877811
                ],
                [
                    0.0,
                    0.0,
                    0.0,
                    1.0
                ]
            ],
            "size": [
                0.1202,
                0.13634,
                0.67816
            ]
        },
        "distance": 0.21128437330366914
    }
]