[
    {
        "case": 0,
        "collider1": {
            "type": "Box",
            "collider2origin": [
                [
                    1.0,
                    0.0,
                    0.0,
                    1.23
                ],
                [
                    0.0,
                    1.0,
                    0.0,
                    -0.23086
                ],
                [
                    0.0,
                    0.0,
                    1.0,
                    -0.54301
                ],
                [
                    0.0,
                    0.0,
                    0.0,
                    1.0
                ]
            ],
            "size": [
                0.1,
                0.16,
                0.1
            ]
        },
        "collider2": {
            "type": "Box",
            "collider2origin": [
                [
                    -0.05285007801643955,
                    0.9489826407346892,
                    -0.3108678446508615,
                    1.072390874356501
                ],
                [
                    0.15906606573016796,
                    0.3153283171011149,
                    0.9355565398025415,
                    -0.6643396836487492
                ],
                [
                    0.9858523499930312,
                    -4.288893275026063e-06,
                    -0.1676160612674789,
                    -0.4230779300575114
                ],
                [
                    0.0,
                    0.0,
                    0.0,
                    1.0
                ]
            ],
            "size": [
                0.15068,
                0.17726,
                0.74884
            ]
        },
        "distance": 0.12495164592589768
    },
    {
        "case": 1,
        "collider1": {
            "type": "Box",
            "collider2origin": [
                [
                    1.0,
                    0.0,
                    0.0,
                    1.23
                ],
                [
                    0.0,
                    1.0,
                    0.0,
                    -0.23086
                ],
                [
                    0.0,
                    0.0,
                    1.0,
                    -0.54301
                ],
                [
                    0.0,
                    0.0,
                    0.0,
                    1.0
                ]
            ],
            "size": [
                0.1,
                0.16,
                0.1
            ]
        },
        "collider2": {
            "type": "Box",
            "collider2origin": [
                [
                    -0.05285007801643955,
                    0.9489826407346892,
                    -0.3108678446508615,
                    1.072390874356501
                ],
                [
                    0.15906606573016796,
                    0.3153283171011149,
                    0.9355565398025415,
                    -0.6643396836487492
                ],
                [
                    0.9858523499930312,
                    -4.288893275026063e-06,
                    -0.1676160612674789,
                    -0.4230779300575114
                ],
                [
                    0.0,
                    0.0,
                    0.0,
                    1.0
                ]
            ],
            "size": [
                0.15068,
                0.17726,
                0.74884
            ]
        },
        "distance": 0.12495164592589768
    }
]