[
    {
        "case": 0,
        "collider1": {
            "type": "Box",
            "collider2origin": [
                [
                    1.0,
                    0.0,
                    0.0,
                    0.0
                ],
                [
                    0.0,
                    1.0,
                    0.0,
                    -0.37086
                ],
                [
                    0.0,
                    0.0,
                    1.0,
                    0.39699
                ],
                [
                    0.0,
                    0.0,
                    0.0,
                    1.0
                ]
            ],
            "size": [
                0.6,
                1.6,
                0.1
            ]
        },
        "collider2": {
            "type": "Box",
            "collider2origin": [
                [
                    0.6611250143501486,
                    0.591711747023416,
                    -0.4612926661405019,
                    0.4896169494218572
                ],
                [
                    -0.4852635910663828,
                    0.8061496191365843,
                    0.3385883027384409,
                    -0.5655854180670774
                ],
                [
                    0.5722175832547215,
                    -6.608028182532568e-07,
                    0.8201018457567869,
                    0.19851114884480503
                ],
                [
                    0.0,
                    0.0,
                    0.0,
                    1.0
                ]
            ],
            "size": [
                0.1202,
                0.13634,
                0.67816
            ]
        },
        "distance": 0.0
    }
]