[
    {
        "case": 0,
        "collider1": {
            "type": "Box",
            "collider2origin": [
                [
                    1.0,
                    0.0,
                    0.0,
                    0.0
                ],
                [
                    0.0,
                    1.0,
                    0.0,
                    -0.37086
                ],
                [
                    0.0,
                    0.0,
                    1.0,
                    0.39699
                ],
                [
                    0.0,
                    0.0,
                    0.0,
                    1.0
                ]
            ],
            "size": [
                0.6,
                1.6,
                0.1
            ]
        },
        "collider2": {
            "type": "Box",
            "collider2origin": [
                [
                    0.3667952136047894,
                    -0.41976337676810355,
                    0.8302168263778181,
                    0.25435779044042817
                ],
                [
                    0.16963364897019867,
                    0.9076335755796214,
                    0.3839605677899842,
                    -1.1686064775303322
                ],
                [
                    -0.914705251112987,
                    -2.1887834162831857e-06,
                    0.4041216445348317,
                    0.4177140028714641
                ],
                [
                    0.0,
                    0.0,
                    0.0,
                    1.0
                ]
            ],
            "size": [
                0.09102,
                0.10007,
                0.11882
            ]
        },
        "distance": 0.0
    },
    {
        "case": 1,
        "collider1": {
            "type": "Box",
            "collider2origin": [
                [
                    1.0,
                    0.0,
                    0.0,
                    0.0
                ],
                [
                    0.0,
                    1.0,
                    0.0,
                    -0.37086
                ],
                [
                    0.0,
                    0.0,
                    1.0,
                    0.39699
                ],
                [
                    0.0,
                    0.0,
                    0.0,
                    1.0
                ]
            ],
            "size": [
                0.6,
                1.6,
                0.1
            ]
        },
        "collider2": {
            "type": "Box",
            "collider2origin": [
                [
                    -0.3526894016474925,
                    -0.4316829938330645,
                    0.8302168263778181,
                    0.342594444931702
                ],
                [
                    0.9232136422810903,
                    -0.01583834235253244,
                    0.3839605677899842,
                    -1.122961759732662
                ],
                [
                    -0.1525999890944188,
                    0.9018863230733941,
                    0.4041216445348317,
                    0.46366219348893534
                ],
                [
                    0.0,
                    0.0,
                    0.0,
                    1.0
                ]
            ],
            "size": [
                0.09126,
                0.11887,
                0.10009
            ]
        },
        "distance": 0.0
    },
    {
        "case": 2,
        "collider1": {
            "type": "Box",
            "collider2origin": [
                [
                    1.0,
                    0.0,
                    0.0,
                    0.0
                ],
                [
                    0.0,
                    1.0,
                    0.0,
                    -0.37086
                ],
                [
                    0.0,
                    0.0,
                    1.0,
                    0.39699
                ],
                [
                    0.0,
                    0.0,
                    0.0,
                    1.0
                ]
            ],
            "size": [
                0.6,
                1.6,
                0.1
            ]
        },
        "collider2": {
            "type": "Box",
            "collider2origin": [
                [
                    0.34640328586930286,
                    -0.4197695078753142,
                    -0.8389268882310701,
                    0.544060965863143
                ],
                [
                    0.16021012708341711,
                    0.9076307400330585,
                    -0.38799375629893534,
                    -1.157757090485887
                ],
                [
                    0.924303780539096,
                    -2.2712984706762062e-06,
                    0.381657596905886,
                    0.305009435923578
                ],
                [
                    0.0,
                    0.0,
                    0.0,
                    1.0
                ]
            ],
            "size": [
                0.1202,
                0.13634,
                0.67816
            ]
        },
        "distance": 0.02238642559282669
    }
]