[
    {
        "case": 0,
        "collider1": {
            "type": "Cylinder",
            "collider2origin": [
                [
                    1.0,
                    0.0,
                    0.0,
                    0.4849999999999999
                ],
                [
                    0.0,
                    -3.673205103346574e-06,
                    -0.9999999999932537,
                    -0.46086
                ],
                [
                    0.0,
                    0.9999999999932537,
                    -3.673205103346574e-06,
                    -0.70001
                ],
                [
                    0.0,
                    0.0,
                    0.0,
                    1.0
                ]
            ],
            "radius": 0.026,
            "height": 0.272
        },
        "collider2": {
            "type": "Box",
            "collider2origin": [
                [
                    0.656418475516808,
                    0.7103504716970894,
                    -0.2540019534568824,
                    0.5953870729758722
                ],
                [
                    -0.6624825106348742,
                    0.7038481422577325,
                    0.2563488165434989,
                    -0.5231676005039234
                ],
                [
                    0.36087630582112684,
                    -2.475237434581732e-07,
                    0.932613688456713,
                    -0.4302827340649191
                ],
                [
                    0.0,
                    0.0,
                    0.0,
                    1.0
                ]
            ],
            "size": [
                0.1202,
                0.13634,
                0.67816
            ]
        },
        "distance": 0.060901020178215665
    },
    {
        "case": 1,
        "collider1": {
            "type": "Box",
            "collider2origin": [
                [
                    1.0,
                    0.0,
                    0.0,
                    -0.26
                ],
                [
                    0.0,
                    1.0,
                    0.0,
                    -0.4608599999999999
                ],
                [
                    0.0,
                    0.0,
                    1.0,
                    -1.143
                ],
                [
                    0.0,
                    0.0,
                    0.0,
                    1.0
                ]
            ],
            "size": [
                1.48,
                0.272,
                0.945
            ]
        },
        "collider2": {
            "type": "Box",
            "collider2origin": [
                [
                    0.656418475516808,
                    0.7103504716970894,
                    -0.2540019534568824,
                    0.5953870729758722
                ],
                [
                    -0.6624825106348742,
                    0.7038481422577325,
                    0.2563488165434989,
                    -0.5231676005039234
                ],
                [
                    0.36087630582112684,
                    -2.475237434581732e-07,
                    0.932613688456713,
                    -0.4302827340649191
                ],
                [
                    0.0,
                    0.0,
                    0.0,
                    1.0
                ]
            ],
            "size": [
                0.1202,
                0.13634,
                0.67816
            ]
        },
        "distance": 0.08397044020013897
    }
]