[
    {
        "case": 0,
        "collider1": {
            "type": "Box",
            "collider2origin": [
                [
                    1.0,
                    0.0,
                    0.0,
                    1.2009999999999998
                ],
                [
                    0.0,
                    1.0,
                    0.0,
                    0.02914
                ],
                [
                    0.0,
                    0.0,
                    1.0,
                    -1.22801
                ],
                [
                    0.0,
                    0.0,
                    0.0,
                    1.0
                ]
            ],
            "size": [
                0.41,
                0.6,
                0.82
            ]
        },
        "collider2": {
            "type": "Cylinder",
            "collider2origin": [
                [
                    0.26290825283403296,
                    -0.9043902220382993,
                    -0.3360916197605513,
                    1.0924491869046336
                ],
                [
                    0.45629174394597927,
                    0.42347718947456775,
                    -0.7826013764372368,
                    0.1402554324350329
                ],
                [
                    0.8501041671457051,
                    0.05239652923845248,
                    0.5240014396213727,
                    -0.8045216034054401
                ],
                [
                    0.0,
                    0.0,
                    0.0,
                    1.0
                ]
            ],
            "radius": 0.0076,
            "height": 0.02993
        },
        "distance": 0.0
    },
    {
        "case": 1,
        "collider1": {
            "type": "Box",
            "collider2origin": [
                [
                    1.0,
                    0.0,
                    0.0,
                    1.2009999999999998
                ],
                [
                    0.0,
                    1.0,
                    0.0,
                    0.02914
                ],
                [
                    0.0,
                    0.0,
                    1.0,
                    -1.22801
                ],
                [
                    0.0,
                    0.0,
                    0.0,
                    1.0
                ]
            ],
            "size": [
                0.41,
                0.6,
                0.82
            ]
        },
        "collider2": {
            "type": "Box",
            "collider2origin": [
                [
                    0.005399892679357434,
                    0.95603789917728,
                    -0.2931934114125763,
                    0.8483678736302351
                ],
                [
                    -0.017592558755421865,
                    0.2932431334638415,
                    0.9558760204925869,
                    -0.34127414472005224
                ],
                [
                    0.9998306571792487,
                    -3.6056084529124214e-06,
                    0.018402634363349577,
                    -0.8360064517335754
                ],
                [
                    0.0,
                    0.0,
                    0.0,
                    1.0
                ]
            ],
            "size": [
                0.1202,
                0.13634,
                0.67816
            ]
        },
        "distance": 0.09362030749535064
    }
]