[
    {
        "case": 0,
        "collider1": {
            "type": "Box",
            "collider2origin": [
                [
                    1.0,
                    0.0,
                    0.0,
                    0.5199999999999999
                ],
                [
                    0.0,
                    1.0,
                    0.0,
                    -0.43085999999999997
                ],
                [
                    0.0,
                    0.0,
                    1.0,
                    -0.80301
                ],
                [
                    0.0,
                    0.0,
                    0.0,
                    1.0
                ]
            ],
            "size": [
                0.2,
                0.08,
                0.04
            ]
        },
        "collider2": {
            "type": "Box",
            "collider2origin": [
                [
                    0.2668496736071566,
                    -0.8066142428169942,
                    0.5274132298118057,
                    0.7748487350756866
                ],
                [
                    -0.3641641614711407,
                    -0.5910782209287881,
                    -0.719729810584277,
                    -0.7742894734704842
                ],
                [
                    0.8922867897687238,
                    -5.331543447269501e-06,
                    -0.45146902969727576,
                    -0.7338262712252841
                ],
                [
                    0.0,
                    0.0,
                    0.0,
                    1.0
                ]
            ],
            "size": [
                0.1202,
                0.13634,
                0.67816
            ]
        },
        "distance": 0.13560546564268353
    },
    {
        "case": 1,
        "collider1": {
            "type": "Cylinder",
            "collider2origin": [
                [
                    1.0,
                    0.0,
                    0.0,
                    0.4849999999999999
                ],
                [
                    0.0,
                    -3.673205103346574e-06,
                    -0.9999999999932537,
                    -0.46086
                ],
                [
                    0.0,
                    0.9999999999932537,
                    -3.673205103346574e-06,
                    -0.70001
                ],
                [
                    0.0,
                    0.0,
                    0.0,
                    1.0
                ]
            ],
            "radius": 0.026,
            "height": 0.272
        },
        "collider2": {
            "type": "Box",
            "collider2origin": [
                [
                    0.22646105452883958,
                    -0.8066181855712377,
                    -0.545969315518235,
                    0.6954155107971548
                ],
                [
                    -0.3090362127452996,
                    -0.5910728404181268,
                    0.7450701420216016,
                    -0.8796377286383658
                ],
                [
                    -0.9236947601852724,
                    -5.080517265245061e-06,
                    -0.3831292079448661,
                    -0.4875365580715054
                ],
                [
                    0.0,
                    0.0,
                    0.0,
                    1.0
                ]
            ],
            "size": [
                0.15068,
                0.17726,
                0.74884
            ]
        },
        "distance": 0.015212947773903822
    },
    {
        "case": 2,
        "collider1": {
            "type": "Box",
            "collider2origin": [
                [
                    1.0,
                    0.0,
                    0.0,
                    -0.26
                ],
                [
                    0.0,
                    1.0,
                    0.0,
                    -0.4608599999999999
                ],
                [
                    0.0,
                    0.0,
                    1.0,
                    -1.143
                ],
                [
                    0.0,
                    0.0,
                    0.0,
                    1.0
                ]
            ],
            "size": [
                1.48,
                0.272,
                0.945
            ]
        },
        "collider2": {
            "type": "Box",
            "collider2origin": [
                [
                    0.22646105452883958,
                    -0.8066181855712377,
                    -0.545969315518235,
                    0.6954155107971548
                ],
                [
                    -0.3090362127452996,
                    -0.5910728404181268,
                    0.7450701420216016,
                    -0.8796377286383658
                ],
                [
                    -0.9236947601852724,
                    -5.080517265245061e-06,
                    -0.3831292079448661,
                    -0.4875365580715054
                ],
                [
                    0.0,
                    0.0,
                    0.0,
                    1.0
                ]
            ],
            "size": [
                0.15068,
                0.17726,
                0.74884
            ]
        },
        "distance": 0.023978140007997365
    },
    {
        "case": 3,
        "collider1": {
            "type": "Cylinder",
            "collider2origin": [
                [
                    1.0,
                    0.0,
                    0.0,
                    0.4849999999999999
                ],
                [
                    0.0,
                    -3.673205103346574e-06,
                    -0.9999999999932537,
                    -0.46086
                ],
                [
                    0.0,
                    0.9999999999932537,
                    -3.673205103346574e-06,
                    -0.70001
                ],
                [
                    0.0,
                    0.0,
                    0.0,
                    1.0
                ]
            ],
            "radius": 0.026,
            "height": 0.272
        },
        "collider2": {
            "type": "Box",
            "collider2origin": [
                [
                    0.22646105452883958,
                    -0.8066181855712377,
                    -0.545969315518235,
                    0.6954155107971548
                ],
                [
                    -0.3090362127452996,
                    -0.5910728404181268,
                    0.7450701420216016,
                    -0.8796377286383658
                ],
                [
                    -0.9236947601852724,
                    -5.080517265245061e-06,
                    -0.3831292079448661,
                    -0.4875365580715054
                ],
                [
                    0.0,
                    0.0,
                    0.0,
                    1.0
                ]
            ],
            "size": [
                0.15068,
                0.17726,
                0.74884
            ]
        },
        "distance": 0.015212947773903822
    },
    {
        "case": 4,
        "collider1": {
            "type": "Box",
            "collider2origin": [
                [
                    1.0,
                    0.0,
                    0.0,
                    -0.26
                ],
                [
                    0.0,
                    1.0,
                    0.0,
                    -0.4608599999999999
                ],
                [
                    0.0,
                    0.0,
                    1.0,
                    -1.143
                ],
                [
                    0.0,
                    0.0,
                    0.0,
                    1.0
                ]
            ],
            "size": [
                1.48,
                0.272,
                0.945
            ]
        },
        "collider2": {
            "type": "Box",
            "collider2origin": [
                [
                    0.22646105452883958,
                    -0.8066181855712377,
                    -0.545969315518235,
                    0.6954155107971548
                ],
                [
                    -0.3090362127452996,
                    -0.5910728404181268,
                    0.7450701420216016,
                    -0.8796377286383658
                ],
                [
                    -0.9236947601852724,
                    -5.080517265245061e-06,
                    -0.3831292079448661,
                    -0.4875365580715054
                ],
                [
                    0.0,
                    0.0,
                    0.0,
                    1.0
                ]
            ],
            "size": [
                0.15068,
                0.17726,
                0.74884
            ]
        },
        "distance": 0.023978140007997365
    }
]