[
    {
        "case": 0,
        "collider1": {
            "type": "Box",
            "collider2origin": [
                [
                    1.0,
                    0.0,
                    0.0,
                    0.0
                ],
                [
                    0.0,
                    1.0,
                    0.0,
                    -0.37086
                ],
                [
                    0.0,
                    0.0,
                    1.0,
                    0.39699
                ],
                [
                    0.0,
                    0.0,
                    0.0,
                    1.0
                ]
            ],
            "size": [
                0.6,
                1.6,
                0.1
            ]
        },
        "collider2": {
            "type": "Box",
            "collider2origin": [
                [
                    0.8481230347978016,
                    -0.4557252714721266,
                    0.27018844310411094,
                    0.25484443102931886
                ],
                [
                    0.4342232926839466,
                    0.8901204845084885,
                    0.13833168526800074,
                    -1.201797575371026
                ],
                [
                    -0.30354151270638186,
                    -1.7330837493603423e-07,
                    0.9528182145949412,
                    0.41965105940782355
                ],
                [
                    0.0,
                    0.0,
                    0.0,
                    1.0
                ]
            ],
            "size": [
                0.09102,
                0.10007,
                0.11882
            ]
        },
        "distance": 0.0
    },
    {
        "case": 1,
        "collider1": {
            "type": "Box",
            "collider2origin": [
                [
                    1.0,
                    0.0,
                    0.0,
                    0.0
                ],
                [
                    0.0,
                    1.0,
                    0.0,
                    -0.37086
                ],
                [
                    0.0,
                    0.0,
                    1.0,
                    0.39699
                ],
                [
                    0.0,
                    0.0,
                    0.0,
                    1.0
                ]
            ],
            "size": [
                0.6,
                1.6,
                0.1
            ]
        },
        "collider2": {
            "type": "Box",
            "collider2origin": [
                [
                    0.3453183055241165,
                    -0.45572927744939934,
                    -0.820406054064328,
                    0.5447069162946705
                ],
                [
                    0.17680089307366362,
                    0.890118433507808,
                    -0.42003644905884174,
                    -1.1789495071326546
                ],
                [
                    0.921681459116059,
                    -2.248194247418093e-06,
                    0.38794753242756636,
                    0.3038116923889085
                ],
                [
                    0.0,
                    0.0,
                    0.0,
                    1.0
                ]
            ],
            "size": [
                0.1202,
                0.13634,
                0.67816
            ]
        },
        "distance": 0.0505504036739621
    }
]