[
    {
        "case": 0,
        "collider1": {
            "type": "Box",
            "collider2origin": [
                [
                    1.0,
                    0.0,
                    0.0,
                    -0.06
                ],
                [
                    0.0,
                    1.0,
                    0.0,
                    -0.37086
                ],
                [
                    0.0,
                    0.0,
                    1.0,
                    -0.40301
                ],
                [
                    0.0,
                    0.0,
                    0.0,
                    1.0
                ]
            ],
            "size": [
                0.1,
                1.0,
                1.64
            ]
        },
        "collider2": {
            "type": "Box",
            "collider2origin": [
                [
                    0.8952624910976436,
                    0.1494339669202158,
                    -0.41973153510801386,
                    -0.1451805353281348
                ],
                [
                    -0.1353016849133405,
                    0.9887717074888254,
                    0.06343472652454621,
                    -0.6651497744226438
                ],
                [
                    0.4244979694807187,
                    -3.473790857902335e-07,
                    0.9054288894809057,
                    -0.45016761409303974
                ],
                [
                    0.0,
                    0.0,
                    0.0,
                    1.0
                ]
            ],
            "size": [
                0.09102,
                0.10007,
                0.11882
            ]
        },
        "distance": 0.0
    },
    {
        "case": 1,
        "collider1": {
            "type": "Box",
            "collider2origin": [
                [
                    1.0,
                    0.0,
                    0.0,
                    -0.06
                ],
                [
                    0.0,
                    1.0,
                    0.0,
                    -0.37086
                ],
                [
                    0.0,
                    0.0,
                    1.0,
                    -0.40301
                ],
                [
                    0.0,
                    0.0,
                    0.0,
                    1.0
                ]
            ],
            "size": [
                0.1,
                1.0,
                1.64
            ]
        },
        "collider2": {
            "type": "Box",
            "collider2origin": [
                [
                    -0.623320135630449,
                    -0.6597707533329353,
                    -0.41973153510801386,
                    -0.1917605816168324
                ],
                [
                    0.7049785412814362,
                    -0.7063860784326473,
                    0.06343472652454621,
                    -0.6557950711370215
                ],
                [
                    -0.3383448903860336,
                    -0.25636158300930506,
                    0.9054288894809056,
                    -0.35164473831841736
                ],
                [
                    0.0,
                    0.0,
                    0.0,
                    1.0
                ]
            ],
            "size": [
                0.09126,
                0.11887,
                0.10009
            ]
        },
        "distance": 0.0
    },
    {
        "case": 2,
        "collider1": {
            "type": "Box",
            "collider2origin": [
                [
                    1.0,
                    0.0,
                    0.0,
                    -0.06
                ],
                [
                    0.0,
                    1.0,
                    0.0,
                    -0.37086
                ],
                [
                    0.0,
                    0.0,
                    1.0,
                    -0.40301
                ],
                [
                    0.0,
                    0.0,
                    0.0,
                    1.0
                ]
            ],
            "size": [
                0.1,
                1.0,
                1.64
            ]
        },
        "collider2": {
            "type": "Box",
            "collider2origin": [
                [
                    -0.09714847503953024,
                    0.14943189429067857,
                    -0.9839879484862575,
                    0.12662737409270475
                ],
                [
                    0.014685989222265095,
                    0.9887720207168209,
                    0.14870848250230403,
                    -0.8192578371560566
                ],
                [
                    0.9951615424231671,
                    -4.034105766416104e-06,
                    -0.09825224916340952,
                    -0.42381727913876865
                ],
                [
                    0.0,
                    0.0,
                    0.0,
                    1.0
                ]
            ],
            "size": [
                0.1202,
                0.13634,
                0.67816
            ]
        },
        "distance": 0.0
    }
]