[
    {
        "case": 0,
        "collider1": {
            "type": "Box",
            "collider2origin": [
                [
                    1.0,
                    0.0,
                    0.0,
                    -0.06
                ],
                [
                    0.0,
                    1.0,
                    0.0,
                    -0.37086
                ],
                [
                    0.0,
                    0.0,
                    1.0,
                    -0.40301
                ],
                [
                    0.0,
                    0.0,
                    0.0,
                    1.0
                ]
            ],
            "size": [
                0.1,
                1.0,
                1.64
            ]
        },
        "collider2": {
            "type": "Box",
            "collider2origin": [
                [
                    0.04965486939953859,
                    0.2697938972256728,
                    -0.9616369621456414,
                    0.17362827924553115
                ],
                [
                    -0.013908868965557954,
                    0.9629180925746729,
                    0.2694351320011046,
                    -0.7184052046941318
                ],
                [
                    0.9986695836506755,
                    -3.483792241347072e-06,
                    0.05156610009346727,
                    -0.5147015909842808
                ],
                [
                    0.0,
                    0.0,
                    0.0,
                    1.0
                ]
            ],
            "size": [
                0.1202,
                0.13634,
                0.67816
            ]
        },
        "distance": 0.0
    },
    {
        "case": 1,
        "collider1": {
            "type": "Box",
            "collider2origin": [
                [
                    1.0,
                    0.0,
                    0.0,
                    -0.06
                ],
                [
                    0.0,
                    1.0,
                    0.0,
                    -0.37086
                ],
                [
                    0.0,
                    0.0,
                    1.0,
                    -0.40301
                ],
                [
                    0.0,
                    0.0,
                    0.0,
                    1.0
                ]
            ],
            "size": [
                0.1,
                1.0,
                1.64
            ]
        },
        "collider2": {
            "type": "Box",
            "collider2origin": [
                [
                    0.6059296618920538,
                    0.7858593863148597,
                    0.12358911675472474,
                    0.007589228927430525
                ],
                [
                    0.2126652190263424,
                    -0.010313372158625215,
                    -0.9770706929241071,
                    -0.5441645604961203
                ],
                [
                    -0.7665655545717266,
                    0.618319221192055,
                    -0.17337413661959933,
                    -0.3196098656247437
                ],
                [
                    0.0,
                    0.0,
                    0.0,
                    1.0
                ]
            ],
            "size": [
                0.06241,
                0.05638,
                0.02858
            ]
        },
        "distance": 0.0
    },
    {
        "case": 2,
        "collider1": {
            "type": "Box",
            "collider2origin": [
                [
                    1.0,
                    0.0,
                    0.0,
                    -0.06
                ],
                [
                    0.0,
                    1.0,
                    0.0,
                    -0.37086
                ],
                [
                    0.0,
                    0.0,
                    1.0,
                    -0.40301
                ],
                [
                    0.0,
                    0.0,
                    0.0,
                    1.0
                ]
            ],
            "size": [
                0.1,
                1.0,
                1.64
            ]
        },
        "collider2": {
            "type": "Box",
            "collider2origin": [
                [
                    0.8457739035539633,
                    0.26979573873647367,
                    -0.4603007315079261,
                    -0.07828811814119252
                ],
                [
                    -0.23697353443461736,
                    0.9629175766177708,
                    0.12897009195206655,
                    -0.5317572996087127
                ],
                [
                    0.47802724613211817,
                    -4.4686373981396026e-07,
                    0.8783450073605151,
                    -0.4973990554311547
                ],
                [
                    0.0,
                    0.0,
                    0.0,
                    1.0
                ]
            ],
            "size": [
                0.09102,
                0.10007,
                0.11882
            ]
        },
        "distance": 0.0
    },
    {
        "case": 3,
        "collider1": {
            "type": "Box",
            "collider2origin": [
                [
                    1.0,
                    0.0,
                    0.0,
                    -0.06
                ],
                [
                    0.0,
                    1.0,
                    0.0,
                    -0.37086
                ],
                [
                    0.0,
                    0.0,
                    1.0,
                    -0.40301
                ],
                [
                    0.0,
                    0.0,
                    0.0,
                    1.0
                ]
            ],
            "size": [
                0.1,
                1.0,
                1.64
            ]
        },
        "collider2": {
            "type": "Box",
            "collider2origin": [
                [
                    -0.022825936465250274,
                    0.8486409904042781,
                    0.5284765330931257,
                    -0.0633930641225886
                ],
                [
                    0.8871051819862753,
                    -0.22656294940128696,
                    0.40213632769458557,
                    -0.5304071938569114
                ],
                [
                    0.4610025734392179,
                    0.4779934093313788,
                    -0.7476623087451869,
                    -0.36194209288170076
                ],
                [
                    0.0,
                    0.0,
                    0.0,
                    1.0
                ]
            ],
            "size": [
                0.08993,
                0.0305,
                0.09007
            ]
        },
        "distance": 0.0
    },
    {
        "case": 4,
        "collider1": {
            "type": "Box",
            "collider2origin": [
                [
                    1.0,
                    0.0,
                    0.0,
                    -0.06
                ],
                [
                    0.0,
                    1.0,
                    0.0,
                    -0.37086
                ],
                [
                    0.0,
                    0.0,
                    1.0,
                    -0.40301
                ],
                [
                    0.0,
                    0.0,
                    0.0,
                    1.0
                ]
            ],
            "size": [
                0.1,
                1.0,
                1.64
            ]
        },
        "collider2": {
            "type": "Box",
            "collider2origin": [
                [
                    -0.2606489410352681,
                    0.8486373584225841,
                    -0.4603007315079261,
                    -0.12555891824020038
                ],
                [
                    -0.9654198520203116,
                    -0.2265639527968982,
                    0.12897009195206655,
                    -0.5144066537525649
                ],
                [
                    0.005161284943980031,
                    0.4779993819897505,
                    0.8783450073605151,
                    -0.40022370131792306
                ],
                [
                    0.0,
                    0.0,
                    0.0,
                    1.0
                ]
            ],
            "size": [
                0.09126,
                0.11887,
                0.10009
            ]
        },
        "distance": 0.0
    }
]