[
    {
        "case": 0,
        "collider1": {
            "type": "Cylinder",
            "collider2origin": [
                [
                    1.0,
                    0.0,
                    0.0,
                    0.4849999999999999
                ],
                [
                    0.0,
                    -3.673205103346574e-06,
                    -0.9999999999932537,
                    -0.46086
                ],
                [
                    0.0,
                    0.9999999999932537,
                    -3.673205103346574e-06,
                    -0.70001
                ],
                [
                    0.0,
                    0.0,
                    0.0,
                    1.0
                ]
            ],
            "radius": 0.026,
            "height": 0.272
        },
        "collider2": {
            "type": "Box",
            "collider2origin": [
                [
                    -0.4990119007769326,
                    0.43782639048839594,
                    -0.7478603978516949,
                    0.85213284762199
                ],
                [
                    0.2430154195624639,
                    0.8990595373829675,
                    0.36419150744574447,
                    -0.7338548983614767
                ],
                [
                    0.831823676471085,
                    -5.711980763451963e-06,
                    -0.5550399726411609,
                    -0.539278247743931
                ],
                [
                    0.0,
                    0.0,
                    0.0,
                    1.0
                ]
            ],
            "size": [
                0.15068,
                0.17726,
                0.74884
            ]
        },
        "distance": 0.01620115913216497
    },
    {
        "case": 1,
        "collider1": {
            "type": "Cylinder",
            "collider2origin": [
                [
                    1.0,
                    0.0,
                    0.0,
                    0.4849999999999999
                ],
                [
                    0.0,
                    -3.673205103346574e-06,
                    -0.9999999999932537,
                    -0.46086
                ],
                [
                    0.0,
                    0.9999999999932537,
                    -3.673205103346574e-06,
                    -0.70001
                ],
                [
                    0.0,
                    0.0,
                    0.0,
                    1.0
                ]
            ],
            "radius": 0.026,
            "height": 0.272
        },
        "collider2": {
            "type": "Box",
            "collider2origin": [
                [
                    -0.4990119007769326,
                    0.43782639048839594,
                    -0.7478603978516949,
                    0.85213284762199
                ],
                [
                    0.2430154195624639,
                    0.8990595373829675,
                    0.36419150744574447,
                    -0.7338548983614767
                ],
                [
                    0.831823676471085,
                    -5.711980763451963e-06,
                    -0.5550399726411609,
                    -0.539278247743931
                ],
                [
                    0.0,
                    0.0,
                    0.0,
                    1.0
                ]
            ],
            "size": [
                0.15068,
                0.17726,
                0.74884
            ]
        },
        "distance": 0.01620115913216497
    }
]