[
    {
        "case": 0,
        "collider1": {
            "type": "Cylinder",
            "collider2origin": [
                [
                    1.0,
                    0.0,
                    0.0,
                    0.4849999999999999
                ],
                [
                    0.0,
                    -3.673205103346574e-06,
                    -0.9999999999932537,
                    -0.46086
                ],
                [
                    0.0,
                    0.9999999999932537,
                    -3.673205103346574e-06,
                    -0.70001
                ],
                [
                    0.0,
                    0.0,
                    0.0,
                    1.0
                ]
            ],
            "radius": 0.026,
            "height": 0.272
        },
        "collider2": {
            "type": "Box",
            "collider2origin": [
                [
                    0.3326996685582754,
                    -0.7946360040630198,
                    -0.5078036545634247,
                    0.7089449160195876
                ],
                [
                    -0.43547422225322086,
                    -0.6070861726430798,
                    0.6646868290695468,
                    -0.906532739684122
                ],
                [
                    -0.8364646629082223,
                    -5.686198138756077e-06,
                    -0.5480208642684155,
                    -0.5370077351745771
                ],
                [
                    0.0,
                    0.0,
                    0.0,
                    1.0
                ]
            ],
            "size": [
                0.15068,
                0.17726,
                0.74884
            ]
        },
        "distance": 0.015775178615740893
    },
    {
        "case": 1,
        "collider1": {
            "type": "Box",
            "collider2origin": [
                [
                    1.0,
                    0.0,
                    0.0,
                    -0.26
                ],
                [
                    0.0,
                    1.0,
                    0.0,
                    -0.4608599999999999
                ],
                [
                    0.0,
                    0.0,
                    1.0,
                    -1.143
                ],
                [
                    0.0,
                    0.0,
                    0.0,
                    1.0
                ]
            ],
            "size": [
                1.48,
                0.272,
                0.945
            ]
        },
        "collider2": {
            "type": "Box",
            "collider2origin": [
                [
                    0.3326996685582754,
                    -0.7946360040630198,
                    -0.5078036545634247,
                    0.7089449160195876
                ],
                [
                    -0.43547422225322086,
                    -0.6070861726430798,
                    0.6646868290695468,
                    -0.906532739684122
                ],
                [
                    -0.8364646629082223,
                    -5.686198138756077e-06,
                    -0.5480208642684155,
                    -0.5370077351745771
                ],
                [
                    0.0,
                    0.0,
                    0.0,
                    1.0
                ]
            ],
            "size": [
                0.15068,
                0.17726,
                0.74884
            ]
        },
        "distance": 0.030589410242676824
    },
    {
        "case": 2,
        "collider1": {
            "type": "Cylinder",
            "collider2origin": [
                [
                    1.0,
                    0.0,
                    0.0,
                    0.4849999999999999
                ],
                [
                    0.0,
                    -3.673205103346574e-06,
                    -0.9999999999932537,
                    -0.46086
                ],
                [
                    0.0,
                    0.9999999999932537,
                    -3.673205103346574e-06,
                    -0.70001
                ],
                [
                    0.0,
                    0.0,
                    0.0,
                    1.0
                ]
            ],
            "radius": 0.026,
            "height": 0.272
        },
        "collider2": {
            "type": "Box",
            "collider2origin": [
                [
                    0.3326996685582754,
                    -0.7946360040630198,
                    -0.5078036545634247,
                    0.7089449160195876
                ],
                [
                    -0.43547422225322086,
                    -0.6070861726430798,
                    0.6646868290695468,
                    -0.906532739684122
                ],
                [
                    -0.8364646629082223,
                    -5.686198138756077e-06,
                    -0.5480208642684155,
                    -0.5370077351745771
                ],
                [
                    0.0,
                    0.0,
                    0.0,
                    1.0
                ]
            ],
            "size": [
                0.15068,
                0.17726,
                0.74884
            ]
        },
        "distance": 0.015775178615740893
    },
    {
        "case": 3,
        "collider1": {
            "type": "Box",
            "collider2origin": [
                [
                    1.0,
                    0.0,
                    0.0,
                    -0.26
                ],
                [
                    0.0,
                    1.0,
                    0.0,
                    -0.4608599999999999
                ],
                [
                    0.0,
                    0.0,
                    1.0,
                    -1.143
                ],
                [
                    0.0,
                    0.0,
                    0.0,
                    1.0
                ]
            ],
            "size": [
                1.48,
                0.272,
                0.945
            ]
        },
        "collider2": {
            "type": "Box",
            "collider2origin": [
                [
                    0.3326996685582754,
                    -0.7946360040630198,
                    -0.5078036545634247,
                    0.7089449160195876
                ],
                [
                    -0.43547422225322086,
                    -0.6070861726430798,
                    0.6646868290695468,
                    -0.906532739684122
                ],
                [
                    -0.8364646629082223,
                    -5.686198138756077e-06,
                    -0.5480208642684155,
                    -0.5370077351745771
                ],
                [
                    0.0,
                    0.0,
                    0.0,
                    1.0
                ]
            ],
            "size": [
                0.15068,
                0.17726,
                0.74884
            ]
        },
        "distance": 0.030589410242676824
    },
    {
        "case": 4,
        "collider1": {
            "type": "Cylinder",
            "collider2origin": [
                [
                    1.0,
                    0.0,
                    0.0,
                    0.4849999999999999
                ],
                [
                    0.0,
                    -3.673205103346574e-06,
                    -0.9999999999932537,
                    -0.46086
                ],
                [
                    0.0,
                    0.9999999999932537,
                    -3.673205103346574e-06,
                    -0.70001
                ],
                [
                    0.0,
                    0.0,
                    0.0,
                    1.0
                ]
            ],
            "radius": 0.026,
            "height": 0.272
        },
        "collider2": {
            "type": "Box",
            "collider2origin": [
                [
                    -0.5909912237579535,
                    -0.7946346488976253,
                    -0.13887097685414418,
                    0.6120236685408015
                ],
                [
                    0.7735652282140565,
                    -0.6070879464882647,
                    0.18177200809474614,
                    -0.5715626002055731
                ],
                [
                    -0.22874923199698657,
                    -9.739363035323479e-08,
                    0.9734853819450906,
                    -0.4351194830221943
                ],
                [
                    0.0,
                    0.0,
                    0.0,
                    1.0
                ]
            ],
            "size": [
                0.1202,
                0.13634,
                0.67816
            ]
        },
        "distance": 0.04855312790004447
    },
    {
        "case": 5,
        "collider1": {
            "type": "Box",
            "collider2origin": [
                [
                    1.0,
                    0.0,
                    0.0,
                    -0.26
                ],
                [
                    0.0,
                    1.0,
                    0.0,
                    -0.4608599999999999
                ],
                [
                    0.0,
                    0.0,
                    1.0,
                    -1.143
                ],
                [
                    0.0,
                    0.0,
                    0.0,
                    1.0
                ]
            ],
            "size": [
                1.48,
                0.272,
                0.945
            ]
        },
        "collider2": {
            "type": "Box",
            "collider2origin": [
                [
                    -0.5909912237579535,
                    -0.7946346488976253,
                    -0.13887097685414418,
                    0.6120236685408015
                ],
                [
                    0.7735652282140565,
                    -0.6070879464882647,
                    0.18177200809474614,
                    -0.5715626002055731
                ],
                [
                    -0.22874923199698657,
                    -9.739363035323479e-08,
                    0.9734853819450906,
                    -0.4351194830221943
                ],
                [
                    0.0,
                    0.0,
                    0.0,
                    1.0
                ]
            ],
            "size": [
                0.1202,
                0.13634,
                0.67816
            ]
        },
        "distance": 0.07374922366190205
    }
]