[
    {
        "case": 0,
        "collider1": {
            "type": "Box",
            "collider2origin": [
                [
                    1.0,
                    0.0,
                    0.0,
                    -0.08499999999999996
                ],
                [
                    0.0,
                    1.0,
                    0.0,
                    0.42914
                ],
                [
                    0.0,
                    0.0,
                    1.0,
                    -1.2880099999999999
                ],
                [
                    0.0,
                    0.0,
                    0.0,
                    1.0
                ]
            ],
            "size": [
                1.02,
                1.22,
                0.75
            ]
        },
        "collider2": {
            "type": "Cylinder",
            "collider2origin": [
                [
                    0.6247004194832392,
                    0.5837650393084235,
                    0.5186210223069433,
                    0.4412549812708463
                ],
                [
                    0.5015882060540314,
                    0.20903256370077544,
                    -0.839472845814669,
                    0.055056223354760014
                ],
                [
                    -0.598463580717292,
                    0.7845532271260601,
                    -0.16222692859424193,
                    -1.2704514201905805
                ],
                [
                    0.0,
                    0.0,
                    0.0,
                    1.0
                ]
            ],
            "radius": 0.00813,
            "height": 0.03824
        },
        "distance": 0.0
    },
    {
        "case": 1,
        "collider1": {
            "type": "Box",
            "collider2origin": [
                [
                    1.0,
                    0.0,
                    0.0,
                    0.7
                ],
                [
                    0.0,
                    1.0,
                    0.0,
                    -0.15085999999999994
                ],
                [
                    0.0,
                    0.0,
                    1.0,
                    -1.03301
                ],
                [
                    0.0,
                    0.0,
                    0.0,
                    1.0
                ]
            ],
            "size": [
                0.6,
                0.06,
                0.06
            ]
        },
        "collider2": {
            "type": "Box",
            "collider2origin": [
                [
                    -0.5044663270825739,
                    0.8537698691697536,
                    0.12880502838662494,
                    0.6396883283057133
                ],
                [
                    0.8272272999519723,
                    0.5206505646261768,
                    -0.21122969433442135,
                    -0.10193163334638777
                ],
                [
                    -0.24740395925285302,
                    -7.232219155421213e-06,
                    -0.9689124216840796,
                    -1.074908866752381
                ],
                [
                    0.0,
                    0.0,
                    0.0,
                    1.0
                ]
            ],
            "size": [
                0.09102,
                0.10007,
                0.11882
            ]
        },
        "distance": 0.0
    },
    {
        "case": 2,
        "collider1": {
            "type": "Box",
            "collider2origin": [
                [
                    1.0,
                    0.0,
                    0.0,
                    0.7
                ],
                [
                    0.0,
                    1.0,
                    0.0,
                    -0.15085999999999994
                ],
                [
                    0.0,
                    0.0,
                    1.0,
                    -1.03301
                ],
                [
                    0.0,
                    0.0,
                    0.0,
                    1.0
                ]
            ],
            "size": [
                0.6,
                0.06,
                0.06
            ]
        },
        "collider2": {
            "type": "Box",
            "collider2origin": [
                [
                    -0.2989424969198396,
                    0.853767830231881,
                    -0.42627910527784196,
                    0.6682920187695865
                ],
                [
                    0.49021474172333146,
                    0.5206539081075943,
                    0.6990057331448836,
                    -0.36348926405795
                ],
                [
                    0.8187324902142696,
                    -5.78226821555278e-06,
                    -0.5741751557095676,
                    -0.9048991734515122
                ],
                [
                    0.0,
                    0.0,
                    0.0,
                    1.0
                ]
            ],
            "size": [
                0.1202,
                0.13634,
                0.67816
            ]
        },
        "distance": 0.0
    },
    {
        "case": 3,
        "collider1": {
            "type": "Box",
            "collider2origin": [
                [
                    1.0,
                    0.0,
                    0.0,
                    0.5199999999999999
                ],
                [
                    0.0,
                    1.0,
                    0.0,
                    -0.43085999999999997
                ],
                [
                    0.0,
                    0.0,
                    1.0,
                    -0.80301
                ],
                [
                    0.0,
                    0.0,
                    0.0,
                    1.0
                ]
            ],
            "size": [
                0.2,
                0.08,
                0.04
            ]
        },
        "collider2": {
            "type": "Box",
            "collider2origin": [
                [
                    -0.2989424969198396,
                    0.853767830231881,
                    -0.42627910527784196,
                    0.6682920187695865
                ],
                [
                    0.49021474172333146,
                    0.5206539081075943,
                    0.6990057331448836,
                    -0.36348926405795
                ],
                [
                    0.8187324902142696,
                    -5.78226821555278e-06,
                    -0.5741751557095676,
                    -0.9048991734515122
                ],
                [
                    0.0,
                    0.0,
                    0.0,
                    1.0
                ]
            ],
            "size": [
                0.1202,
                0.13634,
                0.67816
            ]
        },
        "distance": 0.0
    },
    {
        "case": 4,
        "collider1": {
            "type": "Box",
            "collider2origin": [
                [
                    1.0,
                    0.0,
                    0.0,
                    0.44499999999999995
                ],
                [
                    0.0,
                    1.0,
                    0.0,
                    -0.025859999999999994
                ],
                [
                    0.0,
                    0.0,
                    1.0,
                    -0.67801
                ],
                [
                    0.0,
                    0.0,
                    0.0,
                    1.0
                ]
            ],
            "size": [
                0.06,
                0.09,
                0.004
            ]
        },
        "collider2": {
            "type": "Box",
            "collider2origin": [
                [
                    -0.2989424969198396,
                    0.853767830231881,
                    -0.42627910527784196,
                    0.6682920187695865
                ],
                [
                    0.49021474172333146,
                    0.5206539081075943,
                    0.6990057331448836,
                    -0.36348926405795
                ],
                [
                    0.8187324902142696,
                    -5.78226821555278e-06,
                    -0.5741751557095676,
                    -0.9048991734515122
                ],
                [
                    0.0,
                    0.0,
                    0.0,
                    1.0
                ]
            ],
            "size": [
                0.1202,
                0.13634,
                0.67816
            ]
        },
        "distance": 0.32525845082869853
    },
    {
        "case": 5,
        "collider1": {
            "type": "Cylinder",
            "collider2origin": [
                [
                    1.0,
                    0.0,
                    0.0,
                    0.4849999999999999
                ],
                [
                    0.0,
                    -3.673205103346574e-06,
                    -0.9999999999932537,
                    -0.46086
                ],
                [
                    0.0,
                    0.9999999999932537,
                    -3.673205103346574e-06,
                    -0.70001
                ],
                [
                    0.0,
                    0.0,
                    0.0,
                    1.0
                ]
            ],
            "radius": 0.026,
            "height": 0.272
        },
        "collider2": {
            "type": "Box",
            "collider2origin": [
                [
                    -0.2989424969198396,
                    0.853767830231881,
                    -0.42627910527784196,
                    0.6682920187695865
                ],
                [
                    0.49021474172333146,
                    0.5206539081075943,
                    0.6990057331448836,
                    -0.36348926405795
                ],
                [
                    0.8187324902142696,
                    -5.78226821555278e-06,
                    -0.5741751557095676,
                    -0.9048991734515122
                ],
                [
                    0.0,
                    0.0,
                    0.0,
                    1.0
                ]
            ],
            "size": [
                0.1202,
                0.13634,
                0.67816
            ]
        },
        "distance": 0.15281364159919955
    },
    {
        "case": 6,
        "collider1": {
            "type": "Box",
            "collider2origin": [
                [
                    1.0,
                    0.0,
                    0.0,
                    -0.26
                ],
                [
                    0.0,
                    1.0,
                    0.0,
                    -0.4608599999999999
                ],
                [
                    0.0,
                    0.0,
                    1.0,
                    -1.143
                ],
                [
                    0.0,
                    0.0,
                    0.0,
                    1.0
                ]
            ],
            "size": [
                1.48,
                0.272,
                0.945
            ]
        },
        "collider2": {
            "type": "Box",
            "collider2origin": [
                [
                    -0.2989424969198396,
                    0.853767830231881,
                    -0.42627910527784196,
                    0.6682920187695865
                ],
                [
                    0.49021474172333146,
                    0.5206539081075943,
                    0.6990057331448836,
                    -0.36348926405795
                ],
                [
                    0.8187324902142696,
                    -5.78226821555278e-06,
                    -0.5741751557095676,
                    -0.9048991734515122
                ],
                [
                    0.0,
                    0.0,
                    0.0,
                    1.0
                ]
            ],
            "size": [
                0.1202,
                0.13634,
                0.67816
            ]
        },
        "distance": 0.07247423528528253
    }
]