[
    {
        "case": 0,
        "collider1": {
            "type": "Box",
            "collider2origin": [
                [
                    1.0,
                    0.0,
                    0.0,
                    1.23
                ],
                [
                    0.0,
                    1.0,
                    0.0,
                    -0.23086
                ],
                [
                    0.0,
                    0.0,
                    1.0,
                    -0.54301
                ],
                [
                    0.0,
                    0.0,
                    0.0,
                    1.0
                ]
            ],
            "size": [
                0.1,
                0.16,
                0.1
            ]
        },
        "collider2": {
            "type": "Box",
            "collider2origin": [
                [
                    0.18415416033483828,
                    -0.9805386687916479,
                    0.06805265781491168,
                    1.091435295838505
                ],
                [
                    0.9197464815332359,
                    0.19632605279037957,
                    0.339885996626784,
                    -0.29781352090685975
                ],
                [
                    -0.3466318723640453,
                    -2.2773412478559216e-07,
                    0.9380012500318666,
                    -0.16661700708652338
                ],
                [
                    0.0,
                    0.0,
                    0.0,
                    1.0
                ]
            ],
            "size": [
                0.1202,
                0.13634,
                0.67816
            ]
        },
        "distance": 0.061152635798360826
    }
]