[
    {
        "case": 0,
        "collider1": {
            "type": "Box",
            "collider2origin": [
                [
                    1.0,
                    0.0,
                    0.0,
                    -0.06
                ],
                [
                    0.0,
                    1.0,
                    0.0,
                    -0.37086
                ],
                [
                    0.0,
                    0.0,
                    1.0,
                    -0.40301
                ],
                [
                    0.0,
                    0.0,
                    0.0,
                    1.0
                ]
            ],
            "size": [
                0.1,
                1.0,
                1.64
            ]
        },
        "collider2": {
            "type": "Box",
            "collider2origin": [
                [
                    0.035720897114376746,
                    -0.9985112727651742,
                    -0.04122202894346066,
                    -0.027649530098419195
                ],
                [
                    0.758987334967496,
                    0.05393963551474342,
                    -0.6488672753957271,
                    -0.8524841385231567
                ],
                [
                    0.6501247902274468,
                    -0.008108876704453505,
                    0.7597841820216512,
                    -0.560243331424834
                ],
                [
                    0.0,
                    0.0,
                    0.0,
                    1.0
                ]
            ],
            "size": [
                0.08993,
                0.0305,
                0.09007
            ]
        },
        "distance": 0.0
    },
    {
        "case": 1,
        "collider1": {
            "type": "Box",
            "collider2origin": [
                [
                    1.0,
                    0.0,
                    0.0,
                    -0.06
                ],
                [
                    0.0,
                    1.0,
                    0.0,
                    -0.37086
                ],
                [
                    0.0,
                    0.0,
                    1.0,
                    -0.40301
                ],
                [
                    0.0,
                    0.0,
                    0.0,
                    1.0
                ]
            ],
            "size": [
                0.1,
                1.0,
                1.64
            ]
        },
        "collider2": {
            "type": "Box",
            "collider2origin": [
                [
                    0.05396166787756253,
                    -0.9985111506465796,
                    -0.007976241866636586,
                    0.046991548503618974
                ],
                [
                    0.9985405330610986,
                    0.05394202869822911,
                    0.002657324589956327,
                    -0.8558496814959089
                ],
                [
                    -0.0022231135662846156,
                    -0.0081079944723016,
                    0.9999646584713423,
                    -0.5641272538737503
                ],
                [
                    0.0,
                    0.0,
                    0.0,
                    1.0
                ]
            ],
            "size": [
                0.09126,
                0.11887,
                0.10009
            ]
        },
        "distance": 0.0
    },
    {
        "case": 2,
        "collider1": {
            "type": "Box",
            "collider2origin": [
                [
                    1.0,
                    0.0,
                    0.0,
                    -0.06
                ],
                [
                    0.0,
                    1.0,
                    0.0,
                    -0.37086
                ],
                [
                    0.0,
                    0.0,
                    1.0,
                    -0.40301
                ],
                [
                    0.0,
                    0.0,
                    0.0,
                    1.0
                ]
            ],
            "size": [
                0.1,
                1.0,
                1.64
            ]
        },
        "collider2": {
            "type": "Box",
            "collider2origin": [
                [
                    -0.1462026320985977,
                    -0.9520429383883121,
                    -0.2687732014773613,
                    -0.11092532611949424
                ],
                [
                    -0.7653117860665717,
                    0.2810078205076378,
                    -0.5790789884991001,
                    -0.843870165601587
                ],
                [
                    0.6268354333276286,
                    0.12103242655790789,
                    -0.7696937645885328,
                    -0.55697074902224
                ],
                [
                    0.0,
                    0.0,
                    0.0,
                    1.0
                ]
            ],
            "size": [
                0.06241,
                0.05638,
                0.02858
            ]
        },
        "distance": 0.0
    }
]