[
    {
        "case": 0,
        "collider1": {
            "type": "Box",
            "collider2origin": [
                [
                    1.0,
                    0.0,
                    0.0,
                    1.23
                ],
                [
                    0.0,
                    1.0,
                    0.0,
                    -0.23086
                ],
                [
                    0.0,
                    0.0,
                    1.0,
                    -0.54301
                ],
                [
                    0.0,
                    0.0,
                    0.0,
                    1.0
                ]
            ],
            "size": [
                0.1,
                0.16,
                0.1
            ]
        },
        "collider2": {
            "type": "Box",
            "collider2origin": [
                [
                    -0.06362388406484902,
                    -0.9489843216640315,
                    0.30883775451256046,
                    1.2335603191991362
                ],
                [
                    -0.19149361956678704,
                    0.31532325828643043,
                    0.9294629828287081,
                    -0.144218088588434
                ],
                [
                    -0.9794295253062945,
                    -4.414408426530252e-06,
                    -0.2017865330957437,
                    -0.46174561666673064
                ],
                [
                    0.0,
                    0.0,
                    0.0,
                    1.0
                ]
            ],
            "size": [
                0.1202,
                0.13634,
                0.67816
            ]
        },
        "distance": 0.0
    },
    {
        "case": 1,
        "collider1": {
            "type": "Box",
            "collider2origin": [
                [
                    1.0,
                    0.0,
                    0.0,
                    1.28
                ],
                [
                    0.0,
                    1.0,
                    0.0,
                    -0.23086
                ],
                [
                    0.0,
                    0.0,
                    1.0,
                    -0.67301
                ],
                [
                    0.0,
                    0.0,
                    0.0,
                    1.0
                ]
            ],
            "size": [
                0.06,
                0.06,
                0.33
            ]
        },
        "collider2": {
            "type": "Box",
            "collider2origin": [
                [
                    -0.06362388406484902,
                    -0.9489843216640315,
                    0.30883775451256046,
                    1.2335603191991362
                ],
                [
                    -0.19149361956678704,
                    0.31532325828643043,
                    0.9294629828287081,
                    -0.144218088588434
                ],
                [
                    -0.9794295253062945,
                    -4.414408426530252e-06,
                    -0.2017865330957437,
                    -0.46174561666673064
                ],
                [
                    0.0,
                    0.0,
                    0.0,
                    1.0
                ]
            ],
            "size": [
                0.1202,
                0.13634,
                0.67816
            ]
        },
        "distance": 0.0
    }
]