[
    {
        "case": 0,
        "collider1": {
            "type": "Box",
            "collider2origin": [
                [
                    1.0,
                    0.0,
                    0.0,
                    1.23
                ],
                [
                    0.0,
                    1.0,
                    0.0,
                    -0.23086
                ],
                [
                    0.0,
                    0.0,
                    1.0,
                    -0.54301
                ],
                [
                    0.0,
                    0.0,
                    0.0,
                    1.0
                ]
            ],
            "size": [
                0.1,
                0.16,
                0.1
            ]
        },
        "collider2": {
            "type": "Box",
            "collider2origin": [
                [
                    -0.07154047873505208,
                    0.8956958936515819,
                    -0.43887449914303933,
                    1.024693921125896
                ],
                [
                    0.14411391309157284,
                    0.44466714076656333,
                    0.884026195299621,
                    -0.6572207885360273
                ],
                [
                    0.9869717016995948,
                    -4.264201545991543e-06,
                    -0.16089394030236945,
                    -0.4210616061309498
                ],
                [
                    0.0,
                    0.0,
                    0.0,
                    1.0
                ]
            ],
            "size": [
                0.15068,
                0.17726,
                0.74884
            ]
        },
        "distance": 0.2044925854210834
    },
    {
        "case": 1,
        "collider1": {
            "type": "Box",
            "collider2origin": [
                [
                    1.0,
                    0.0,
                    0.0,
                    1.23
                ],
                [
                    0.0,
                    1.0,
                    0.0,
                    -0.23086
                ],
                [
                    0.0,
                    0.0,
                    1.0,
                    -0.54301
                ],
                [
                    0.0,
                    0.0,
                    0.0,
                    1.0
                ]
            ],
            "size": [
                0.1,
                0.16,
                0.1
            ]
        },
        "collider2": {
            "type": "Box",
            "collider2origin": [
                [
                    -0.07154047873505208,
                    0.8956958936515819,
                    -0.43887449914303933,
                    1.024693921125896
                ],
                [
                    0.14411391309157284,
                    0.44466714076656333,
                    0.884026195299621,
                    -0.6572207885360273
                ],
                [
                    0.9869717016995948,
                    -4.264201545991543e-06,
                    -0.16089394030236945,
                    -0.4210616061309498
                ],
                [
                    0.0,
                    0.0,
                    0.0,
                    1.0
                ]
            ],
            "size": [
                0.15068,
                0.17726,
                0.74884
            ]
        },
        "distance": 0.2044925854210834
    }
]