[
    {
        "case": 0,
        "collider1": {
            "type": "Box",
            "collider2origin": [
                [
                    1.0,
                    0.0,
                    0.0,
                    0.205
                ],
                [
                    0.0,
                    1.0,
                    0.0,
                    -0.17586
                ],
                [
                    0.0,
                    0.0,
                    1.0,
                    -0.10301
                ],
                [
                    0.0,
                    0.0,
                    0.0,
                    1.0
                ]
            ],
            "size": [
                0.05,
                0.05,
                1.2
            ]
        },
        "collider2": {
            "type": "Box",
            "collider2origin": [
                [
                    0.3327374391275533,
                    0.7512765601850339,
                    -0.5699730929784147,
                    0.4769039031873029
                ],
                [
                    -0.3787590782924904,
                    0.6599875226951079,
                    0.6488127853994534,
                    -0.3315125501111932
                ],
                [
                    0.8636129672566645,
                    -1.8213390046925664e-06,
                    0.5041553756361443,
                    -0.14090735222720996
                ],
                [
                    0.0,
                    0.0,
                    0.0,
                    1.0
                ]
            ],
            "size": [
                0.1202,
                0.13634,
                0.67816
            ]
        },
        "distance": 0.0
    }
]