[
    {
        "case": 0,
        "collider1": {
            "type": "Box",
            "collider2origin": [
                [
                    1.0,
                    0.0,
                    0.0,
                    -0.06
                ],
                [
                    0.0,
                    1.0,
                    0.0,
                    -0.37086
                ],
                [
                    0.0,
                    0.0,
                    1.0,
                    -0.40301
                ],
                [
                    0.0,
                    0.0,
                    0.0,
                    1.0
                ]
            ],
            "size": [
                0.1,
                1.0,
                1.64
            ]
        },
        "collider2": {
            "type": "Box",
            "collider2origin": [
                [
                    -0.7687195211045631,
                    -0.25554069020781506,
                    -0.5863183892058007,
                    -0.04341392564400892
                ],
                [
                    0.20318568320568525,
                    -0.9667983014298003,
                    0.15497297342663274,
                    -0.8896660493976449
                ],
                [
                    -0.6064535233742236,
                    -7.525701661716937e-07,
                    0.7951189370065483,
                    0.09793090559317053
                ],
                [
                    0.0,
                    0.0,
                    0.0,
                    1.0
                ]
            ],
            "size": [
                0.09102,
                0.10007,
                0.11882
            ]
        },
        "distance": 0.0
    },
    {
        "case": 1,
        "collider1": {
            "type": "Box",
            "collider2origin": [
                [
                    1.0,
                    0.0,
                    0.0,
                    -0.06
                ],
                [
                    0.0,
                    1.0,
                    0.0,
                    -0.37086
                ],
                [
                    0.0,
                    0.0,
                    1.0,
                    -0.40301
                ],
                [
                    0.0,
                    0.0,
                    0.0,
                    1.0
                ]
            ],
            "size": [
                0.1,
                1.0,
                1.64
            ]
        },
        "collider2": {
            "type": "Box",
            "collider2origin": [
                [
                    0.27025490351937087,
                    -0.763670762569087,
                    -0.5863183892058007,
                    -0.11033475105591561
                ],
                [
                    0.9627183668153406,
                    0.22171315636134764,
                    0.15497297342663274,
                    -0.8760003424678209
                ],
                [
                    0.01164617190920365,
                    -0.6063416880715342,
                    0.7951189370065483,
                    0.18344674029224683
                ],
                [
                    0.0,
                    0.0,
                    0.0,
                    1.0
                ]
            ],
            "size": [
                0.09126,
                0.11887,
                0.10009
            ]
        },
        "distance": 0.0
    },
    {
        "case": 2,
        "collider1": {
            "type": "Box",
            "collider2origin": [
                [
                    1.0,
                    0.0,
                    0.0,
                    -0.06
                ],
                [
                    0.0,
                    1.0,
                    0.0,
                    -0.37086
                ],
                [
                    0.0,
                    0.0,
                    1.0,
                    -0.40301
                ],
                [
                    0.0,
                    0.0,
                    0.0,
                    1.0
                ]
            ],
            "size": [
                0.1,
                1.0,
                1.64
            ]
        },
        "collider2": {
            "type": "Box",
            "collider2origin": [
                [
                    -0.12533273324519448,
                    -0.2555420578201399,
                    -0.9586396417123263,
                    0.26635556359895773
                ],
                [
                    0.03313097109853747,
                    -0.9667979399413443,
                    0.25338524439919646,
                    -0.8559443459526516
                ],
                [
                    -0.9915614175286152,
                    -3.197018930504473e-06,
                    0.12963778484077182,
                    0.057978574119771586
                ],
                [
                    0.0,
                    0.0,
                    0.0,
                    1.0
                ]
            ],
            "size": [
                0.1202,
                0.13634,
                0.67816
            ]
        },
        "distance": 0.0
    }
]