[
    {
        "case": 0,
        "collider1": {
            "type": "Box",
            "collider2origin": [
                [
                    1.0,
                    0.0,
                    0.0,
                    -0.26
                ],
                [
                    0.0,
                    1.0,
                    0.0,
                    -0.4608599999999999
                ],
                [
                    0.0,
                    0.0,
                    1.0,
                    -1.143
                ],
                [
                    0.0,
                    0.0,
                    0.0,
                    1.0
                ]
            ],
            "size": [
                1.48,
                0.272,
                0.945
            ]
        },
        "collider2": {
            "type": "Box",
            "collider2origin": [
                [
                    -0.0028835008169380456,
                    0.6889168592244093,
                    -0.7248346338989425,
                    0.5556294505734183
                ],
                [
                    0.0027456805824806166,
                    0.7248403693660938,
                    0.6889113877527093,
                    -0.356969812080691
                ],
                [
                    0.9999920732991725,
                    -3.687830422912822e-06,
                    -0.003981623440532856,
                    -1.1716307815586173
                ],
                [
                    0.0,
                    0.0,
                    0.0,
                    1.0
                ]
            ],
            "size": [
                0.09102,
                0.10007,
                0.11882
            ]
        },
        "distance": 0.0
    },
    {
        "case": 1,
        "collider1": {
            "type": "Box",
            "collider2origin": [
                [
                    1.0,
                    0.0,
                    0.0,
                    -0.26
                ],
                [
                    0.0,
                    1.0,
                    0.0,
                    -0.4608599999999999
                ],
                [
                    0.0,
                    0.0,
                    1.0,
                    -1.143
                ],
                [
                    0.0,
                    0.0,
                    0.0,
                    1.0
                ]
            ],
            "size": [
                1.48,
                0.272,
                0.945
            ]
        },
        "collider2": {
            "type": "Box",
            "collider2origin": [
                [
                    0.498502648197135,
                    0.4755101084530478,
                    -0.7248346338989425,
                    0.48016241954851635
                ],
                [
                    0.5284686563742674,
                    0.4961068222213967,
                    0.6889113877527093,
                    -0.2776536327729646
                ],
                [
                    0.6871797355644443,
                    -0.7264765362379974,
                    -0.003981623440532856,
                    -1.1734010186195616
                ],
                [
                    0.0,
                    0.0,
                    0.0,
                    1.0
                ]
            ],
            "size": [
                0.09126,
                0.11887,
                0.10009
            ]
        },
        "distance": 0.0
    },
    {
        "case": 2,
        "collider1": {
            "type": "Box",
            "collider2origin": [
                [
                    1.0,
                    0.0,
                    0.0,
                    0.5199999999999999
                ],
                [
                    0.0,
                    1.0,
                    0.0,
                    -0.43085999999999997
                ],
                [
                    0.0,
                    0.0,
                    1.0,
                    -0.80301
                ],
                [
                    0.0,
                    0.0,
                    0.0,
                    1.0
                ]
            ],
            "size": [
                0.2,
                0.08,
                0.04
            ]
        },
        "collider2": {
            "type": "Box",
            "collider2origin": [
                [
                    -0.6733452010491813,
                    0.6889185360835031,
                    -0.26832348176147497,
                    0.55888596823391
                ],
                [
                    0.639980404873718,
                    0.7248387755841702,
                    0.25501731468140143,
                    -0.5142497935157456
                ],
                [
                    0.3701774190867261,
                    -7.085469663872421e-06,
                    -0.9289610747216948,
                    -0.9002733424750536
                ],
                [
                    0.0,
                    0.0,
                    0.0,
                    1.0
                ]
            ],
            "size": [
                0.1202,
                0.13634,
                0.67816
            ]
        },
        "distance": 0.0
    },
    {
        "case": 3,
        "collider1": {
            "type": "Cylinder",
            "collider2origin": [
                [
                    1.0,
                    0.0,
                    0.0,
                    0.4849999999999999
                ],
                [
                    0.0,
                    -3.673205103346574e-06,
                    -0.9999999999932537,
                    -0.46086
                ],
                [
                    0.0,
                    0.9999999999932537,
                    -3.673205103346574e-06,
                    -0.70001
                ],
                [
                    0.0,
                    0.0,
                    0.0,
                    1.0
                ]
            ],
            "radius": 0.026,
            "height": 0.272
        },
        "collider2": {
            "type": "Box",
            "collider2origin": [
                [
                    -0.6733452010491813,
                    0.6889185360835031,
                    -0.26832348176147497,
                    0.55888596823391
                ],
                [
                    0.639980404873718,
                    0.7248387755841702,
                    0.25501731468140143,
                    -0.5142497935157456
                ],
                [
                    0.3701774190867261,
                    -7.085469663872421e-06,
                    -0.9289610747216948,
                    -0.9002733424750536
                ],
                [
                    0.0,
                    0.0,
                    0.0,
                    1.0
                ]
            ],
            "size": [
                0.1202,
                0.13634,
                0.67816
            ]
        },
        "distance": 0.010385184348766813
    },
    {
        "case": 4,
        "collider1": {
            "type": "Box",
            "collider2origin": [
                [
                    1.0,
                    0.0,
                    0.0,
                    -0.26
                ],
                [
                    0.0,
                    1.0,
                    0.0,
                    -0.4608599999999999
                ],
                [
                    0.0,
                    0.0,
                    1.0,
                    -1.143
                ],
                [
                    0.0,
                    0.0,
                    0.0,
                    1.0
                ]
            ],
            "size": [
                1.48,
                0.272,
                0.945
            ]
        },
        "collider2": {
            "type": "Box",
            "collider2origin": [
                [
                    -0.6733452010491813,
                    0.6889185360835031,
                    -0.26832348176147497,
                    0.55888596823391
                ],
                [
                    0.639980404873718,
                    0.7248387755841702,
                    0.25501731468140143,
                    -0.5142497935157456
                ],
                [
                    0.3701774190867261,
                    -7.085469663872421e-06,
                    -0.9289610747216948,
                    -0.9002733424750536
                ],
                [
                    0.0,
                    0.0,
                    0.0,
                    1.0
                ]
            ],
            "size": [
                0.1202,
                0.13634,
                0.67816
            ]
        },
        "distance": 0.0
    }
]