[
    {
        "case": 0,
        "collider1": {
            "type": "Box",
            "collider2origin": [
                [
                    1.0,
                    0.0,
                    0.0,
                    -0.26
                ],
                [
                    0.0,
                    1.0,
                    0.0,
                    -0.4608599999999999
                ],
                [
                    0.0,
                    0.0,
                    1.0,
                    -1.143
                ],
                [
                    0.0,
                    0.0,
                    0.0,
                    1.0
                ]
            ],
            "size": [
                1.48,
                0.272,
                0.945
            ]
        },
        "collider2": {
            "type": "Box",
            "collider2origin": [
                [
                    0.03452025795461674,
                    0.4378258375371568,
                    -0.8983968431465205,
                    0.47264979561545084
                ],
                [
                    -0.016806814372106686,
                    0.8990598066716199,
                    0.43750313715246736,
                    -0.6895780150747539
                ],
                [
                    0.9992626695626171,
                    -3.532175207022696e-06,
                    0.03839423402173124,
                    -0.877509961139482
                ],
                [
                    0.0,
                    0.0,
                    0.0,
                    1.0
                ]
            ],
            "size": [
                0.1202,
                0.13634,
                0.67816
            ]
        },
        "distance": 0.0
    },
    {
        "case": 1,
        "collider1": {
            "type": "Box",
            "collider2origin": [
                [
                    1.0,
                    0.0,
                    0.0,
                    -0.26
                ],
                [
                    0.0,
                    1.0,
                    0.0,
                    -0.4608599999999999
                ],
                [
                    0.0,
                    0.0,
                    1.0,
                    -1.143
                ],
                [
                    0.0,
                    0.0,
                    0.0,
                    1.0
                ]
            ],
            "size": [
                1.48,
                0.272,
                0.945
            ]
        },
        "collider2": {
            "type": "Box",
            "collider2origin": [
                [
                    -0.6328258065318911,
                    -0.5590066984221226,
                    0.5357639496144356,
                    0.3198105474680274
                ],
                [
                    0.5055669992122043,
                    -0.822391440487765,
                    -0.2609105745653585,
                    -0.48876674367131934
                ],
                [
                    0.5864584451560303,
                    0.10575362751062674,
                    0.803045865672388,
                    -0.7760810006350826
                ],
                [
                    0.0,
                    0.0,
                    0.0,
                    1.0
                ]
            ],
            "size": [
                0.09126,
                0.11887,
                0.10009
            ]
        },
        "distance": 0.0
    },
    {
        "case": 2,
        "collider1": {
            "type": "Box",
            "collider2origin": [
                [
                    1.0,
                    0.0,
                    0.0,
                    -0.26
                ],
                [
                    0.0,
                    1.0,
                    0.0,
                    -0.4608599999999999
                ],
                [
                    0.0,
                    0.0,
                    1.0,
                    -1.143
                ],
                [
                    0.0,
                    0.0,
                    0.0,
                    1.0
                ]
            ],
            "size": [
                1.48,
                0.272,
                0.945
            ]
        },
        "collider2": {
            "type": "Box",
            "collider2origin": [
                [
                    0.04696854493062031,
                    -0.559011707176516,
                    -0.8278284043367304,
                    0.27931535395932694
                ],
                [
                    -0.15874137225529697,
                    -0.8223884753211677,
                    0.5463317420701727,
                    -0.5506647777056297
                ],
                [
                    -0.9862023790894066,
                    0.10575020992187847,
                    -0.1273646755575229,
                    -0.7653154146073441
                ],
                [
                    0.0,
                    0.0,
                    0.0,
                    1.0
                ]
            ],
            "size": [
                0.08993,
                0.0305,
                0.09007
            ]
        },
        "distance": 0.0
    },
    {
        "case": 3,
        "collider1": {
            "type": "Box",
            "collider2origin": [
                [
                    1.0,
                    0.0,
                    0.0,
                    -0.26
                ],
                [
                    0.0,
                    1.0,
                    0.0,
                    -0.4608599999999999
                ],
                [
                    0.0,
                    0.0,
                    1.0,
                    -1.143
                ],
                [
                    0.0,
                    0.0,
                    0.0,
                    1.0
                ]
            ],
            "size": [
                1.48,
                0.272,
                0.945
            ]
        },
        "collider2": {
            "type": "Box",
            "collider2origin": [
                [
                    -0.8744145881892833,
                    -0.4848899680452367,
                    -0.016758485935641162,
                    0.23258177511863298
                ],
                [
                    0.4812068176337306,
                    -0.8623262650742601,
                    -0.15758620252386873,
                    -0.6201312780212462
                ],
                [
                    0.06196068612098826,
                    -0.1458599720696712,
                    0.9873630243852818,
                    -0.7621300620899424
                ],
                [
                    0.0,
                    0.0,
                    0.0,
                    1.0
                ]
            ],
            "size": [
                0.06241,
                0.05638,
                0.02858
            ]
        },
        "distance": 0.0
    },
    {
        "case": 4,
        "collider1": {
            "type": "Box",
            "collider2origin": [
                [
                    1.0,
                    0.0,
                    0.0,
                    -0.26
                ],
                [
                    0.0,
                    1.0,
                    0.0,
                    -0.4608599999999999
                ],
                [
                    0.0,
                    0.0,
                    1.0,
                    -1.143
                ],
                [
                    0.0,
                    0.0,
                    0.0,
                    1.0
                ]
            ],
            "size": [
                1.48,
                0.272,
                0.945
            ]
        },
        "collider2": {
            "type": "Box",
            "collider2origin": [
                [
                    0.7219840118359778,
                    0.43783110550389986,
                    0.5357639496144357,
                    0.2605767166588625
                ],
                [
                    -0.35159884673767783,
                    0.8990572412548097,
                    -0.2609105745653585,
                    -0.46199339058338307
                ],
                [
                    -0.595917223803744,
                    -7.234529313422711e-07,
                    0.8030458656723879,
                    -0.8640326187390086
                ],
                [
                    0.0,
                    0.0,
                    0.0,
                    1.0
                ]
            ],
            "size": [
                0.09102,
                0.10007,
                0.11882
            ]
        },
        "distance": 0.0
    }
]