[
    {
        "case": 0,
        "collider1": {
            "type": "Box",
            "collider2origin": [
                [
                    1.0,
                    0.0,
                    0.0,
                    0.5199999999999999
                ],
                [
                    0.0,
                    1.0,
                    0.0,
                    -0.43085999999999997
                ],
                [
                    0.0,
                    0.0,
                    1.0,
                    -0.80301
                ],
                [
                    0.0,
                    0.0,
                    0.0,
                    1.0
                ]
            ],
            "size": [
                0.2,
                0.08,
                0.04
            ]
        },
        "collider2": {
            "type": "Box",
            "collider2origin": [
                [
                    -0.6775447641195136,
                    0.7032783233835334,
                    0.2152503019117027,
                    0.6614627125737859
                ],
                [
                    0.6702638527640283,
                    0.7109146220238969,
                    -0.21294780550768935,
                    -0.5973010107590682
                ],
                [
                    -0.3027861626497383,
                    -7.1739845172811445e-06,
                    -0.9530585184847675,
                    -0.5778395644870868
                ],
                [
                    0.0,
                    0.0,
                    0.0,
                    1.0
                ]
            ],
            "size": [
                0.1202,
                0.13634,
                0.67816
            ]
        },
        "distance": 0.11486445168744254
    },
    {
        "case": 1,
        "collider1": {
            "type": "Cylinder",
            "collider2origin": [
                [
                    1.0,
                    0.0,
                    0.0,
                    0.4849999999999999
                ],
                [
                    0.0,
                    -3.673205103346574e-06,
                    -0.9999999999932537,
                    -0.46086
                ],
                [
                    0.0,
                    0.9999999999932537,
                    -3.673205103346574e-06,
                    -0.70001
                ],
                [
                    0.0,
                    0.0,
                    0.0,
                    1.0
                ]
            ],
            "radius": 0.026,
            "height": 0.272
        },
        "collider2": {
            "type": "Box",
            "collider2origin": [
                [
                    -0.6775447641195136,
                    0.7032783233835334,
                    0.2152503019117027,
                    0.6614627125737859
                ],
                [
                    0.6702638527640283,
                    0.7109146220238969,
                    -0.21294780550768935,
                    -0.5973010107590682
                ],
                [
                    -0.3027861626497383,
                    -7.1739845172811445e-06,
                    -0.9530585184847675,
                    -0.5778395644870868
                ],
                [
                    0.0,
                    0.0,
                    0.0,
                    1.0
                ]
            ],
            "size": [
                0.1202,
                0.13634,
                0.67816
            ]
        },
        "distance": 0.08646217146558871
    }
]