[
    {
        "case": 0,
        "collider1": {
            "type": "Box",
            "collider2origin": [
                [
                    1.0,
                    0.0,
                    0.0,
                    0.0
                ],
                [
                    0.0,
                    1.0,
                    0.0,
                    -0.37086
                ],
                [
                    0.0,
                    0.0,
                    1.0,
                    0.39699
                ],
                [
                    0.0,
                    0.0,
                    0.0,
                    1.0
                ]
            ],
            "size": [
                0.6,
                1.6,
                0.1
            ]
        },
        "collider2": {
            "type": "Box",
            "collider2origin": [
                [
                    0.6298592619553626,
                    -0.08744407392783875,
                    0.7717712381683761,
                    0.28820477511734366
                ],
                [
                    -0.7638322343594699,
                    0.11044844483338312,
                    0.6358942198096365,
                    -1.1419872256474122
                ],
                [
                    -0.1408461141901509,
                    -0.9900276132355043,
                    0.002774373577076489,
                    0.42939742221662414
                ],
                [
                    0.0,
                    0.0,
                    0.0,
                    1.0
                ]
            ],
            "size": [
                0.08993,
                0.0305,
                0.09007
            ]
        },
        "distance": 0.0
    },
    {
        "case": 1,
        "collider1": {
            "type": "Box",
            "collider2origin": [
                [
                    1.0,
                    0.0,
                    0.0,
                    0.0
                ],
                [
                    0.0,
                    1.0,
                    0.0,
                    -0.37086
                ],
                [
                    0.0,
                    0.0,
                    1.0,
                    0.39699
                ],
                [
                    0.0,
                    0.0,
                    0.0,
                    1.0
                ]
            ],
            "size": [
                0.6,
                1.6,
                0.1
            ]
        },
        "collider2": {
            "type": "Box",
            "collider2origin": [
                [
                    -0.4178996164262612,
                    -0.08745023038759041,
                    -0.9042744980347179,
                    0.29737388639375895
                ],
                [
                    0.898088553250344,
                    0.1104445453004244,
                    -0.4257216848295211,
                    -1.149200041148922
                ],
                [
                    0.13710164518154871,
                    -0.9900275044757795,
                    0.03238331777278025,
                    0.5032151083238081
                ],
                [
                    0.0,
                    0.0,
                    0.0,
                    1.0
                ]
            ],
            "size": [
                0.09126,
                0.11887,
                0.10009
            ]
        },
        "distance": 0.0
    },
    {
        "case": 2,
        "collider1": {
            "type": "Box",
            "collider2origin": [
                [
                    1.0,
                    0.0,
                    0.0,
                    0.0
                ],
                [
                    0.0,
                    1.0,
                    0.0,
                    -0.37086
                ],
                [
                    0.0,
                    0.0,
                    1.0,
                    0.39699
                ],
                [
                    0.0,
                    0.0,
                    0.0,
                    1.0
                ]
            ],
            "size": [
                0.6,
                1.6,
                0.1
            ]
        },
        "collider2": {
            "type": "Box",
            "collider2origin": [
                [
                    0.634284422638947,
                    0.03864907336899321,
                    -0.772133097545556,
                    0.284734362697024
                ],
                [
                    0.7698545151484133,
                    -0.12299236908424514,
                    0.6262562595716271,
                    -1.1368918638228542
                ],
                [
                    -0.07076225479150955,
                    -0.9916547414673931,
                    -0.10776630745301853,
                    0.3458404832257256
                ],
                [
                    0.0,
                    0.0,
                    0.0,
                    1.0
                ]
            ],
            "size": [
                0.06241,
                0.05638,
                0.02858
            ]
        },
        "distance": 0.0
    }
]