[
    {
        "case": 0,
        "collider1": {
            "type": "Cylinder",
            "collider2origin": [
                [
                    1.0,
                    0.0,
                    0.0,
                    0.4849999999999999
                ],
                [
                    0.0,
                    -3.673205103346574e-06,
                    -0.9999999999932537,
                    -0.46086
                ],
                [
                    0.0,
                    0.9999999999932537,
                    -3.673205103346574e-06,
                    -0.70001
                ],
                [
                    0.0,
                    0.0,
                    0.0,
                    1.0
                ]
            ],
            "radius": 0.026,
            "height": 0.272
        },
        "collider2": {
            "type": "Box",
            "collider2origin": [
                [
                    -0.7819471809576909,
                    0.6209837079986871,
                    -0.05420185045292616,
                    0.5831762321308163
                ],
                [
                    0.6194978652139855,
                    0.7838234714183804,
                    0.0429320468758933,
                    -0.6082805422374746
                ],
                [
                    0.06914478424027821,
                    -7.337618887246047e-06,
                    -0.9976066352819253,
                    -0.9195001089762832
                ],
                [
                    0.0,
                    0.0,
                    0.0,
                    1.0
                ]
            ],
            "size": [
                0.1202,
                0.13634,
                0.67816
            ]
        },
        "distance": 0.018510239525867528
    },
    {
        "case": 1,
        "collider1": {
            "type": "Box",
            "collider2origin": [
                [
                    1.0,
                    0.0,
                    0.0,
                    -0.26
                ],
                [
                    0.0,
                    1.0,
                    0.0,
                    -0.4608599999999999
                ],
                [
                    0.0,
                    0.0,
                    1.0,
                    -1.143
                ],
                [
                    0.0,
                    0.0,
                    0.0,
                    1.0
                ]
            ],
            "size": [
                1.48,
                0.272,
                0.945
            ]
        },
        "collider2": {
            "type": "Box",
            "collider2origin": [
                [
                    -0.7819471809576909,
                    0.6209837079986871,
                    -0.05420185045292616,
                    0.5831762321308163
                ],
                [
                    0.6194978652139855,
                    0.7838234714183804,
                    0.0429320468758933,
                    -0.6082805422374746
                ],
                [
                    0.06914478424027821,
                    -7.337618887246047e-06,
                    -0.9976066352819253,
                    -0.9195001089762832
                ],
                [
                    0.0,
                    0.0,
                    0.0,
                    1.0
                ]
            ],
            "size": [
                0.1202,
                0.13634,
                0.67816
            ]
        },
        "distance": 0.004562150882113278
    },
    {
        "case": 2,
        "collider1": {
            "type": "Box",
            "collider2origin": [
                [
                    1.0,
                    0.0,
                    0.0,
                    -0.26
                ],
                [
                    0.0,
                    1.0,
                    0.0,
                    -0.4608599999999999
                ],
                [
                    0.0,
                    0.0,
                    1.0,
                    -1.143
                ],
                [
                    0.0,
                    0.0,
                    0.0,
                    1.0
                ]
            ],
            "size": [
                1.48,
                0.272,
                0.945
            ]
        },
        "collider2": {
            "type": "Box",
            "collider2origin": [
                [
                    0.6147848314569186,
                    -0.08750677020652572,
                    -0.7838253480071377,
                    0.5512725175639812
                ],
                [
                    0.7758225438026244,
                    -0.11172372551228368,
                    0.6209808287582483,
                    -0.43567327359180263
                ],
                [
                    -0.14191191471512563,
                    -0.989878969533992,
                    -0.0007963266972299015,
                    -1.2129413474725306
                ],
                [
                    0.0,
                    0.0,
                    0.0,
                    1.0
                ]
            ],
            "size": [
                0.09126,
                0.11887,
                0.10009
            ]
        },
        "distance": 0.0
    }
]