[
    {
        "case": 0,
        "collider1": {
            "type": "Box",
            "collider2origin": [
                [
                    1.0,
                    0.0,
                    0.0,
                    1.2009999999999998
                ],
                [
                    0.0,
                    1.0,
                    0.0,
                    0.02914
                ],
                [
                    0.0,
                    0.0,
                    1.0,
                    -1.22801
                ],
                [
                    0.0,
                    0.0,
                    0.0,
                    1.0
                ]
            ],
            "size": [
                0.41,
                0.6,
                0.82
            ]
        },
        "collider2": {
            "type": "Box",
            "collider2origin": [
                [
                    0.2622403028010111,
                    -0.9367358056309013,
                    0.2318535184892821,
                    1.1421420045877255
                ],
                [
                    0.7017805022360295,
                    0.35003718437928427,
                    0.6204660314901768,
                    -0.48191294746250457
                ],
                [
                    -0.6623701006749777,
                    -9.21325126747472e-07,
                    0.7491767813613625,
                    -0.6650535344053953
                ],
                [
                    0.0,
                    0.0,
                    0.0,
                    1.0
                ]
            ],
            "size": [
                0.1202,
                0.13634,
                0.67816
            ]
        },
        "distance": 0.18385544587335928
    },
    {
        "case": 1,
        "collider1": {
            "type": "Box",
            "collider2origin": [
                [
                    1.0,
                    0.0,
                    0.0,
                    1.23
                ],
                [
                    0.0,
                    1.0,
                    0.0,
                    -0.23086
                ],
                [
                    0.0,
                    0.0,
                    1.0,
                    -0.54301
                ],
                [
                    0.0,
                    0.0,
                    0.0,
                    1.0
                ]
            ],
            "size": [
                0.1,
                0.16,
                0.1
            ]
        },
        "collider2": {
            "type": "Box",
            "collider2origin": [
                [
                    0.2622403028010111,
                    -0.9367358056309013,
                    0.2318535184892821,
                    1.1421420045877255
                ],
                [
                    0.7017805022360295,
                    0.35003718437928427,
                    0.6204660314901768,
                    -0.48191294746250457
                ],
                [
                    -0.6623701006749777,
                    -9.21325126747472e-07,
                    0.7491767813613625,
                    -0.6650535344053953
                ],
                [
                    0.0,
                    0.0,
                    0.0,
                    1.0
                ]
            ],
            "size": [
                0.1202,
                0.13634,
                0.67816
            ]
        },
        "distance": 0.0
    },
    {
        "case": 2,
        "collider1": {
            "type": "Box",
            "collider2origin": [
                [
                    1.0,
                    0.0,
                    0.0,
                    1.28
                ],
                [
                    0.0,
                    1.0,
                    0.0,
                    -0.23086
                ],
                [
                    0.0,
                    0.0,
                    1.0,
                    -0.67301
                ],
                [
                    0.0,
                    0.0,
                    0.0,
                    1.0
                ]
            ],
            "size": [
                0.06,
                0.06,
                0.33
            ]
        },
        "collider2": {
            "type": "Box",
            "collider2origin": [
                [
                    0.2622403028010111,
                    -0.9367358056309013,
                    0.2318535184892821,
                    1.1421420045877255
                ],
                [
                    0.7017805022360295,
                    0.35003718437928427,
                    0.6204660314901768,
                    -0.48191294746250457
                ],
                [
                    -0.6623701006749777,
                    -9.21325126747472e-07,
                    0.7491767813613625,
                    -0.6650535344053953
                ],
                [
                    0.0,
                    0.0,
                    0.0,
                    1.0
                ]
            ],
            "size": [
                0.1202,
                0.13634,
                0.67816
            ]
        },
        "distance": 0.01929442017296002
    }
]