[
    {
        "case": 0,
        "collider1": {
            "type": "Box",
            "collider2origin": [
                [
                    1.0,
                    0.0,
                    0.0,
                    1.23
                ],
                [
                    0.0,
                    1.0,
                    0.0,
                    -0.23086
                ],
                [
                    0.0,
                    0.0,
                    1.0,
                    -0.54301
                ],
                [
                    0.0,
                    0.0,
                    0.0,
                    1.0
                ]
            ],
            "size": [
                0.1,
                0.16,
                0.1
            ]
        },
        "collider2": {
            "type": "Box",
            "collider2origin": [
                [
                    -0.06004328858158395,
                    0.9608333350736248,
                    -0.27054409198428997,
                    1.0865559092489427
                ],
                [
                    0.20819329468432515,
                    0.2771268702080734,
                    0.9380065297518793,
                    -0.6702773429584712
                ],
                [
                    0.976242979767227,
                    -4.469110286264408e-06,
                    -0.2166786663131206,
                    -0.43779428936214915
                ],
                [
                    0.0,
                    0.0,
                    0.0,
                    1.0
                ]
            ],
            "size": [
                0.15068,
                0.17726,
                0.74884
            ]
        },
        "distance": 0.10075864747694396
    },
    {
        "case": 1,
        "collider1": {
            "type": "Box",
            "collider2origin": [
                [
                    1.0,
                    0.0,
                    0.0,
                    1.23
                ],
                [
                    0.0,
                    1.0,
                    0.0,
                    -0.23086
                ],
                [
                    0.0,
                    0.0,
                    1.0,
                    -0.54301
                ],
                [
                    0.0,
                    0.0,
                    0.0,
                    1.0
                ]
            ],
            "size": [
                0.1,
                0.16,
                0.1
            ]
        },
        "collider2": {
            "type": "Box",
            "collider2origin": [
                [
                    -0.06004328858158395,
                    0.9608333350736248,
                    -0.27054409198428997,
                    1.0865559092489427
                ],
                [
                    0.20819329468432515,
                    0.2771268702080734,
                    0.9380065297518793,
                    -0.6702773429584712
                ],
                [
                    0.976242979767227,
                    -4.469110286264408e-06,
                    -0.2166786663131206,
                    -0.43779428936214915
                ],
                [
                    0.0,
                    0.0,
                    0.0,
                    1.0
                ]
            ],
            "size": [
                0.15068,
                0.17726,
                0.74884
            ]
        },
        "distance": 0.10075864747694396
    }
]