[
    {
        "case": 0,
        "collider1": {
            "type": "Box",
            "collider2origin": [
                [
                    1.0,
                    0.0,
                    0.0,
                    0.5199999999999999
                ],
                [
                    0.0,
                    1.0,
                    0.0,
                    -0.43085999999999997
                ],
                [
                    0.0,
                    0.0,
                    1.0,
                    -0.80301
                ],
                [
                    0.0,
                    0.0,
                    0.0,
                    1.0
                ]
            ],
            "size": [
                0.2,
                0.08,
                0.04
            ]
        },
        "collider2": {
            "type": "Box",
            "collider2origin": [
                [
                    0.1527869259683059,
                    -0.9707673796920225,
                    -0.18511307295553145,
                    0.7750178316824461
                ],
                [
                    -0.6179256695310723,
                    -0.2400222791528913,
                    0.7487036613005357,
                    -0.8172444838247013
                ],
                [
                    -0.7712483531183267,
                    -6.011326323510537e-06,
                    -0.6365343492507946,
                    -0.5635655750695551
                ],
                [
                    0.0,
                    0.0,
                    0.0,
                    1.0
                ]
            ],
            "size": [
                0.15068,
                0.17726,
                0.74884
            ]
        },
        "distance": 0.05329907266270682
    },
    {
        "case": 1,
        "collider1": {
            "type": "Box",
            "collider2origin": [
                [
                    1.0,
                    0.0,
                    0.0,
                    0.5199999999999999
                ],
                [
                    0.0,
                    1.0,
                    0.0,
                    -0.43085999999999997
                ],
                [
                    0.0,
                    0.0,
                    1.0,
                    -0.80301
                ],
                [
                    0.0,
                    0.0,
                    0.0,
                    1.0
                ]
            ],
            "size": [
                0.2,
                0.08,
                0.04
            ]
        },
        "collider2": {
            "type": "Box",
            "collider2origin": [
                [
                    0.1527869259683059,
                    -0.9707673796920225,
                    -0.18511307295553145,
                    0.7750178316824461
                ],
                [
                    -0.6179256695310723,
                    -0.2400222791528913,
                    0.7487036613005357,
                    -0.8172444838247013
                ],
                [
                    -0.7712483531183267,
                    -6.011326323510537e-06,
                    -0.6365343492507946,
                    -0.5635655750695551
                ],
                [
                    0.0,
                    0.0,
                    0.0,
                    1.0
                ]
            ],
            "size": [
                0.15068,
                0.17726,
                0.74884
            ]
        },
        "distance": 0.05329907266270682
    }
]