[
    {
        "case": 0,
        "collider1": {
            "type": "Box",
            "collider2origin": [
                [
                    1.0,
                    0.0,
                    0.0,
                    0.0
                ],
                [
                    0.0,
                    1.0,
                    0.0,
                    -0.37086
                ],
                [
                    0.0,
                    0.0,
                    1.0,
                    0.39699
                ],
                [
                    0.0,
                    0.0,
                    0.0,
                    1.0
                ]
            ],
            "size": [
                0.6,
                1.6,
                0.1
            ]
        },
        "collider2": {
            "type": "Box",
            "collider2origin": [
                [
                    0.6703646939880696,
                    -0.49811378061153516,
                    -0.5499943987161736,
                    0.30654849876851265
                ],
                [
                    0.6922165379639088,
                    0.6867915221524066,
                    0.2217062688983801,
                    -0.5426047912487986
                ],
                [
                    0.2672965424833286,
                    -0.5293392736841506,
                    0.8052033853083292,
                    0.37305141295144173
                ],
                [
                    0.0,
                    0.0,
                    0.0,
                    1.0
                ]
            ],
            "size": [
                0.09126,
                0.11887,
                0.10009
            ]
        },
        "distance": 0.0
    },
    {
        "case": 1,
        "collider1": {
            "type": "Box",
            "collider2origin": [
                [
                    1.0,
                    0.0,
                    0.0,
                    0.0
                ],
                [
                    0.0,
                    1.0,
                    0.0,
                    -0.37086
                ],
                [
                    0.0,
                    0.0,
                    1.0,
                    0.39699
                ],
                [
                    0.0,
                    0.0,
                    0.0,
                    1.0
                ]
            ],
            "size": [
                0.6,
                1.6,
                0.1
            ]
        },
        "collider2": {
            "type": "Box",
            "collider2origin": [
                [
                    0.7468103854601232,
                    0.3738721834393899,
                    -0.5499943987161736,
                    0.36609525705638823
                ],
                [
                    -0.30104275424166577,
                    0.9274802372286707,
                    0.2217062688983801,
                    -0.5719979971655003
                ],
                [
                    0.5929987422309545,
                    -7.155279192049077e-07,
                    0.8052033853083292,
                    0.28601384564383125
                ],
                [
                    0.0,
                    0.0,
                    0.0,
                    1.0
                ]
            ],
            "size": [
                0.09102,
                0.10007,
                0.11882
            ]
        },
        "distance": 0.019439124029691533
    },
    {
        "case": 2,
        "collider1": {
            "type": "Box",
            "collider2origin": [
                [
                    1.0,
                    0.0,
                    0.0,
                    0.0
                ],
                [
                    0.0,
                    1.0,
                    0.0,
                    -0.37086
                ],
                [
                    0.0,
                    0.0,
                    1.0,
                    0.39699
                ],
                [
                    0.0,
                    0.0,
                    0.0,
                    1.0
                ]
            ],
            "size": [
                0.6,
                1.6,
                0.1
            ]
        },
        "collider2": {
            "type": "Box",
            "collider2origin": [
                [
                    0.13360253510283868,
                    -0.4981086133130816,
                    0.8567602768320982,
                    0.26807032153688304
                ],
                [
                    -0.5423879638801539,
                    0.6867924851381241,
                    0.48387124216648825,
                    -0.49005166430716574
                ],
                [
                    -0.8294369531507715,
                    -0.5293428867011611,
                    -0.1784108994620172,
                    0.33636332499411914
                ],
                [
                    0.0,
                    0.0,
                    0.0,
                    1.0
                ]
            ],
            "size": [
                0.08993,
                0.0305,
                0.09007
            ]
        },
        "distance": 0.0
    }
]