[
    {
        "case": 0,
        "collider1": {
            "type": "Box",
            "collider2origin": [
                [
                    1.0,
                    0.0,
                    0.0,
                    1.2009999999999998
                ],
                [
                    0.0,
                    1.0,
                    0.0,
                    0.02914
                ],
                [
                    0.0,
                    0.0,
                    1.0,
                    -1.22801
                ],
                [
                    0.0,
                    0.0,
                    0.0,
                    1.0
                ]
            ],
            "size": [
                0.41,
                0.6,
                0.82
            ]
        },
        "collider2": {
            "type": "Box",
            "collider2origin": [
                [
                    -0.04153618558380876,
                    -0.9929037448309894,
                    -0.11143113921945105,
                    0.8967940912966392
                ],
                [
                    0.34681635567142327,
                    -0.11892078663919255,
                    0.9303635106472674,
                    -0.543614754112296
                ],
                [
                    -0.9370128925078565,
                    -2.3901737562782707e-06,
                    0.3492947741784105,
                    -0.8521485745870447
                ],
                [
                    0.0,
                    0.0,
                    0.0,
                    1.0
                ]
            ],
            "size": [
                0.1202,
                0.13634,
                0.67816
            ]
        },
        "distance": 0.06276820566167131
    }
]