[
    {
        "case": 0,
        "collider1": {
            "type": "Box",
            "collider2origin": [
                [
                    1.0,
                    0.0,
                    0.0,
                    -0.26
                ],
                [
                    0.0,
                    1.0,
                    0.0,
                    -0.4608599999999999
                ],
                [
                    0.0,
                    0.0,
                    1.0,
                    -1.143
                ],
                [
                    0.0,
                    0.0,
                    0.0,
                    1.0
                ]
            ],
            "size": [
                1.48,
                0.272,
                0.945
            ]
        },
        "collider2": {
            "type": "Box",
            "collider2origin": [
                [
                    -0.9637669986354285,
                    0.2532545116261469,
                    0.08375753507750631,
                    0.4862048974059461
                ],
                [
                    -0.2615170879247657,
                    -0.9589523225238903,
                    -0.10963236679643006,
                    -0.5989514845814552
                ],
                [
                    0.052554591280002415,
                    -0.1275640837659197,
                    0.9904369840976018,
                    -0.8900433399045454
                ],
                [
                    0.0,
                    0.0,
                    0.0,
                    1.0
                ]
            ],
            "size": [
                0.09126,
                0.11887,
                0.10009
            ]
        },
        "distance": 0.0
    },
    {
        "case": 1,
        "collider1": {
            "type": "Box",
            "collider2origin": [
                [
                    1.0,
                    0.0,
                    0.0,
                    -0.26
                ],
                [
                    0.0,
                    1.0,
                    0.0,
                    -0.4608599999999999
                ],
                [
                    0.0,
                    0.0,
                    1.0,
                    -1.143
                ],
                [
                    0.0,
                    0.0,
                    0.0,
                    1.0
                ]
            ],
            "size": [
                1.48,
                0.272,
                0.945
            ]
        },
        "collider2": {
            "type": "Box",
            "collider2origin": [
                [
                    -0.6012834188047897,
                    -0.7946338311374391,
                    0.08375753507750631,
                    0.47983040025771984
                ],
                [
                    0.7870347322315442,
                    -0.6070890168763017,
                    -0.10963236679643006,
                    -0.5826197144322953
                ],
                [
                    0.1379658672702979,
                    -3.5126918816310064e-08,
                    0.9904369840976018,
                    -0.9981022919775753
                ],
                [
                    0.0,
                    0.0,
                    0.0,
                    1.0
                ]
            ],
            "size": [
                0.09102,
                0.10007,
                0.11882
            ]
        },
        "distance": 0.0
    },
    {
        "case": 2,
        "collider1": {
            "type": "Box",
            "collider2origin": [
                [
                    1.0,
                    0.0,
                    0.0,
                    0.5199999999999999
                ],
                [
                    0.0,
                    1.0,
                    0.0,
                    -0.43085999999999997
                ],
                [
                    0.0,
                    0.0,
                    1.0,
                    -0.80301
                ],
                [
                    0.0,
                    0.0,
                    0.0,
                    1.0
                ]
            ],
            "size": [
                0.2,
                0.08,
                0.04
            ]
        },
        "collider2": {
            "type": "Box",
            "collider2origin": [
                [
                    0.6057016123158704,
                    -0.7946342894378933,
                    -0.04101100934492359,
                    0.5802308576656687
                ],
                [
                    -0.7928182470549607,
                    -0.6070884169506844,
                    0.053692468196304695,
                    -0.5299465004171321
                ],
                [
                    -0.06756318505409667,
                    -7.338016923410814e-06,
                    -0.9977149973672338,
                    -0.7093917335793815
                ],
                [
                    0.0,
                    0.0,
                    0.0,
                    1.0
                ]
            ],
            "size": [
                0.1202,
                0.13634,
                0.67816
            ]
        },
        "distance": 0.0
    },
    {
        "case": 3,
        "collider1": {
            "type": "Cylinder",
            "collider2origin": [
                [
                    1.0,
                    0.0,
                    0.0,
                    0.4849999999999999
                ],
                [
                    0.0,
                    -3.673205103346574e-06,
                    -0.9999999999932537,
                    -0.46086
                ],
                [
                    0.0,
                    0.9999999999932537,
                    -3.673205103346574e-06,
                    -0.70001
                ],
                [
                    0.0,
                    0.0,
                    0.0,
                    1.0
                ]
            ],
            "radius": 0.026,
            "height": 0.272
        },
        "collider2": {
            "type": "Box",
            "collider2origin": [
                [
                    0.6057016123158704,
                    -0.7946342894378933,
                    -0.04101100934492359,
                    0.5802308576656687
                ],
                [
                    -0.7928182470549607,
                    -0.6070884169506844,
                    0.053692468196304695,
                    -0.5299465004171321
                ],
                [
                    -0.06756318505409667,
                    -7.338016923410814e-06,
                    -0.9977149973672338,
                    -0.7093917335793815
                ],
                [
                    0.0,
                    0.0,
                    0.0,
                    1.0
                ]
            ],
            "size": [
                0.1202,
                0.13634,
                0.67816
            ]
        },
        "distance": 0.0
    },
    {
        "case": 4,
        "collider1": {
            "type": "Box",
            "collider2origin": [
                [
                    1.0,
                    0.0,
                    0.0,
                    -0.26
                ],
                [
                    0.0,
                    1.0,
                    0.0,
                    -0.4608599999999999
                ],
                [
                    0.0,
                    0.0,
                    1.0,
                    -1.143
                ],
                [
                    0.0,
                    0.0,
                    0.0,
                    1.0
                ]
            ],
            "size": [
                1.48,
                0.272,
                0.945
            ]
        },
        "collider2": {
            "type": "Box",
            "collider2origin": [
                [
                    0.6057016123158704,
                    -0.7946342894378933,
                    -0.04101100934492359,
                    0.5802308576656687
                ],
                [
                    -0.7928182470549607,
                    -0.6070884169506844,
                    0.053692468196304695,
                    -0.5299465004171321
                ],
                [
                    -0.06756318505409667,
                    -7.338016923410814e-06,
                    -0.9977149973672338,
                    -0.7093917335793815
                ],
                [
                    0.0,
                    0.0,
                    0.0,
                    1.0
                ]
            ],
            "size": [
                0.1202,
                0.13634,
                0.67816
            ]
        },
        "distance": 0.0
    }
]