[
    {
        "case": 0,
        "collider1": {
            "type": "Box",
            "collider2origin": [
                [
                    1.0,
                    0.0,
                    0.0,
                    1.2009999999999998
                ],
                [
                    0.0,
                    1.0,
                    0.0,
                    0.02914
                ],
                [
                    0.0,
                    0.0,
                    1.0,
                    -1.22801
                ],
                [
                    0.0,
                    0.0,
                    0.0,
                    1.0
                ]
            ],
            "size": [
                0.41,
                0.6,
                0.82
            ]
        },
        "collider2": {
            "type": "Sphere",
            "collider2origin": [
                [
                    1.0,
                    0.0,
                    0.0,
                    1.4040646477477643
                ],
                [
                    0.0,
                    1.0,
                    0.0,
                    -0.04332204477201618
                ],
                [
                    0.0,
                    0.0,
                    1.0,
                    -0.9947890353227231
                ],
                [
                    0.0,
                    0.0,
                    0.0,
                    1.0
                ]
            ],
            "radius": 0.00487
        },
        "distance": 0.0
    },
    {
        "case": 1,
        "collider1": {
            "type": "Box",
            "collider2origin": [
                [
                    1.0,
                    0.0,
                    0.0,
                    1.2009999999999998
                ],
                [
                    0.0,
                    1.0,
                    0.0,
                    0.02914
                ],
                [
                    0.0,
                    0.0,
                    1.0,
                    -1.22801
                ],
                [
                    0.0,
                    0.0,
                    0.0,
                    1.0
                ]
            ],
            "size": [
                0.41,
                0.6,
                0.82
            ]
        },
        "collider2": {
            "type": "Cylinder",
            "collider2origin": [
                [
                    -0.663403999083656,
                    -0.21111913471014518,
                    -0.7178606027349961,
                    1.3372266678921532
                ],
                [
                    0.2872592017832804,
                    -0.9577160250955445,
                    0.016191549216268624,
                    -0.014043095156243579
                ],
                [
                    -0.6909249488842077,
                    -0.19547052523188668,
                    0.6959985551529002,
                    -0.9956880979446021
                ],
                [
                    0.0,
                    0.0,
                    0.0,
                    1.0
                ]
            ],
            "radius": 0.01271,
            "height": 0.05982
        },
        "distance": 0.0
    },
    {
        "case": 2,
        "collider1": {
            "type": "Box",
            "collider2origin": [
                [
                    1.0,
                    0.0,
                    0.0,
                    1.2009999999999998
                ],
                [
                    0.0,
                    1.0,
                    0.0,
                    0.02914
                ],
                [
                    0.0,
                    0.0,
                    1.0,
                    -1.22801
                ],
                [
                    0.0,
                    0.0,
                    0.0,
                    1.0
                ]
            ],
            "size": [
                0.41,
                0.6,
                0.82
            ]
        },
        "collider2": {
            "type": "Cylinder",
            "collider2origin": [
                [
                    -0.6494734323488366,
                    -0.12219791169903252,
                    -0.7505011199521402,
                    1.3484054372498244
                ],
                [
                    0.2439527983078043,
                    -0.968312977548792,
                    -0.05345100287538097,
                    -0.016057885257676263
                ],
                [
                    -0.7201883731849692,
                    -0.21780185464542673,
                    0.658704075622885,
                    -1.0052237068132146
                ],
                [
                    0.0,
                    0.0,
                    0.0,
                    1.0
                ]
            ],
            "radius": 0.01169,
            "height": 0.05502
        },
        "distance": 0.0
    },
    {
        "case": 3,
        "collider1": {
            "type": "Box",
            "collider2origin": [
                [
                    1.0,
                    0.0,
                    0.0,
                    1.2009999999999998
                ],
                [
                    0.0,
                    1.0,
                    0.0,
                    0.02914
                ],
                [
                    0.0,
                    0.0,
                    1.0,
                    -1.22801
                ],
                [
                    0.0,
                    0.0,
                    0.0,
                    1.0
                ]
            ],
            "size": [
                0.41,
                0.6,
                0.82
            ]
        },
        "collider2": {
            "type": "Cylinder",
            "collider2origin": [
                [
                    -0.13315352011885886,
                    -0.9883444256431564,
                    -0.07379320009360962,
                    1.404104840377639
                ],
                [
                    0.8990996700728666,
                    -0.15178588931723713,
                    0.41058595577422924,
                    -0.03605470269382349
                ],
                [
                    -0.41700110713860067,
                    -0.011676476535080846,
                    0.9088309724810805,
                    -0.9799523940696958
                ],
                [
                    0.0,
                    0.0,
                    0.0,
                    1.0
                ]
            ],
            "radius": 0.0076,
            "height": 0.02993
        },
        "distance": 0.0
    },
    {
        "case": 4,
        "collider1": {
            "type": "Box",
            "collider2origin": [
                [
                    1.0,
                    0.0,
                    0.0,
                    1.2009999999999998
                ],
                [
                    0.0,
                    1.0,
                    0.0,
                    0.02914
                ],
                [
                    0.0,
                    0.0,
                    1.0,
                    -1.22801
                ],
                [
                    0.0,
                    0.0,
                    0.0,
                    1.0
                ]
            ],
            "size": [
                0.41,
                0.6,
                0.82
            ]
        },
        "collider2": {
            "type": "Box",
            "collider2origin": [
                [
                    0.33282081658812407,
                    0.9429480902967274,
                    -0.008899609618910478,
                    1.1558956120760056
                ],
                [
                    -0.5318878898244432,
                    0.19551030958530088,
                    0.8239362787885729,
                    -0.06386204364540204
                ],
                [
                    0.7786691060416583,
                    -0.2694895505425295,
                    0.5666125708494916,
                    -0.8946314292967394
                ],
                [
                    0.0,
                    0.0,
                    0.0,
                    1.0
                ]
            ],
            "size": [
                0.09126,
                0.11887,
                0.10009
            ]
        },
        "distance": 0.0
    },
    {
        "case": 5,
        "collider1": {
            "type": "Box",
            "collider2origin": [
                [
                    1.0,
                    0.0,
                    0.0,
                    1.2009999999999998
                ],
                [
                    0.0,
                    1.0,
                    0.0,
                    0.02914
                ],
                [
                    0.0,
                    0.0,
                    1.0,
                    -1.22801
                ],
                [
                    0.0,
                    0.0,
                    0.0,
                    1.0
                ]
            ],
            "size": [
                0.41,
                0.6,
                0.82
            ]
        },
        "collider2": {
            "type": "Box",
            "collider2origin": [
                [
                    0.15104730719620685,
                    0.9429470331176866,
                    -0.29670794347864526,
                    1.2259800350837013
                ],
                [
                    0.47012956901868863,
                    0.19551044451793884,
                    0.8606705841486045,
                    -0.04531044798577488
                ],
                [
                    0.8695762757361062,
                    -0.26949315171067,
                    -0.4137759561139013,
                    -0.9130625730198405
                ],
                [
                    0.0,
                    0.0,
                    0.0,
                    1.0
                ]
            ],
            "size": [
                0.08993,
                0.0305,
                0.09007
            ]
        },
        "distance": 0.0
    },
    {
        "case": 6,
        "collider1": {
            "type": "Box",
            "collider2origin": [
                [
                    1.0,
                    0.0,
                    0.0,
                    1.2009999999999998
                ],
                [
                    0.0,
                    1.0,
                    0.0,
                    0.02914
                ],
                [
                    0.0,
                    0.0,
                    1.0,
                    -1.22801
                ],
                [
                    0.0,
                    0.0,
                    0.0,
                    1.0
                ]
            ],
            "size": [
                0.41,
                0.6,
                0.82
            ]
        },
        "collider2": {
            "type": "Sphere",
            "collider2origin": [
                [
                    1.0,
                    0.0,
                    0.0,
                    1.365816829794501
                ],
                [
                    0.0,
                    1.0,
                    0.0,
                    -0.01494214259046589
                ],
                [
                    0.0,
                    0.0,
                    1.0,
                    -1.0197192726164437
                ],
                [
                    0.0,
                    0.0,
                    0.0,
                    1.0
                ]
            ],
            "radius": 0.01051
        },
        "distance": 0.0
    },
    {
        "case": 7,
        "collider1": {
            "type": "Box",
            "collider2origin": [
                [
                    1.0,
                    0.0,
                    0.0,
                    1.2009999999999998
                ],
                [
                    0.0,
                    1.0,
                    0.0,
                    0.02914
                ],
                [
                    0.0,
                    0.0,
                    1.0,
                    -1.22801
                ],
                [
                    0.0,
                    0.0,
                    0.0,
                    1.0
                ]
            ],
            "size": [
                0.41,
                0.6,
                0.82
            ]
        },
        "collider2": {
            "type": "Cylinder",
            "collider2origin": [
                [
                    -0.1272536539192959,
                    -0.8056201465139847,
                    -0.5786040849276584,
                    1.3920522439360221
                ],
                [
                    0.9015179206626219,
                    -0.33719785809768343,
                    0.2712250785205465,
                    -0.023463995070966748
                ],
                [
                    -0.4136084456201665,
                    -0.4871075692545943,
                    0.7691906588658949,
                    -0.9488008997143482
                ],
                [
                    0.0,
                    0.0,
                    0.0,
                    1.0
                ]
            ],
            "radius": 0.00783,
            "height": 0.03683
        },
        "distance": 0.0
    },
    {
        "case": 8,
        "collider1": {
            "type": "Box",
            "collider2origin": [
                [
                    1.0,
                    0.0,
                    0.0,
                    1.2009999999999998
                ],
                [
                    0.0,
                    1.0,
                    0.0,
                    0.02914
                ],
                [
                    0.0,
                    0.0,
                    1.0,
                    -1.22801
                ],
                [
                    0.0,
                    0.0,
                    0.0,
                    1.0
                ]
            ],
            "size": [
                0.41,
                0.6,
                0.82
            ]
        },
        "collider2": {
            "type": "Box",
            "collider2origin": [
                [
                    0.006121745598207064,
                    0.9999416588878882,
                    -0.008899609618910478,
                    1.1508339677383934
                ],
                [
                    -0.5665794998744972,
                    0.010801796980315786,
                    0.8239362787885729,
                    -0.15428485129899494
                ],
                [
                    0.8239843412060666,
                    -1.5919209164926386e-06,
                    0.5666125708494916,
                    -0.9562121321930526
                ],
                [
                    0.0,
                    0.0,
                    0.0,
                    1.0
                ]
            ],
            "size": [
                0.09102,
                0.10007,
                0.11882
            ]
        },
        "distance": 0.0
    },
    {
        "case": 9,
        "collider1": {
            "type": "Box",
            "collider2origin": [
                [
                    1.0,
                    0.0,
                    0.0,
                    1.2009999999999998
                ],
                [
                    0.0,
                    1.0,
                    0.0,
                    0.02914
                ],
                [
                    0.0,
                    0.0,
                    1.0,
                    -1.22801
                ],
                [
                    0.0,
                    0.0,
                    0.0,
                    1.0
                ]
            ],
            "size": [
                0.41,
                0.6,
                0.82
            ]
        },
        "collider2": {
            "type": "Cylinder",
            "collider2origin": [
                [
                    0.059513607513229455,
                    -0.8597050486153252,
                    -0.5073118960817719,
                    1.4127874422959172
                ],
                [
                    0.9097857188911547,
                    -0.16242531631904422,
                    0.3819790076959241,
                    -0.04899920314312878
                ],
                [
                    -0.4107895765747541,
                    -0.48427806682109753,
                    0.772480859163225,
                    -0.9544767404365886
                ],
                [
                    0.0,
                    0.0,
                    0.0,
                    1.0
                ]
            ],
            "radius": 0.0076,
            "height": 0.02993
        },
        "distance": 0.0
    },
    {
        "case": 10,
        "collider1": {
            "type": "Box",
            "collider2origin": [
                [
                    1.0,
                    0.0,
                    0.0,
                    1.2009999999999998
                ],
                [
                    0.0,
                    1.0,
                    0.0,
                    0.02914
                ],
                [
                    0.0,
                    0.0,
                    1.0,
                    -1.22801
                ],
                [
                    0.0,
                    0.0,
                    0.0,
                    1.0
                ]
            ],
            "size": [
                0.41,
                0.6,
                0.82
            ]
        },
        "collider2": {
            "type": "Cylinder",
            "collider2origin": [
                [
                    -0.4413153570105304,
                    -0.33645469019415647,
                    -0.8318888129509989,
                    1.4185886319612977
                ],
                [
                    0.7925291174202289,
                    -0.5809449655363585,
                    -0.1854738392848744,
                    0.04273566501025261
                ],
                [
                    -0.4208780746341873,
                    -0.741148560319935,
                    0.5230300735406199,
                    -0.9581278849784653
                ],
                [
                    0.0,
                    0.0,
                    0.0,
                    1.0
                ]
            ],
            "radius": 0.00796,
            "height": 0.03037
        },
        "distance": 0.0
    },
    {
        "case": 11,
        "collider1": {
            "type": "Box",
            "collider2origin": [
                [
                    1.0,
                    0.0,
                    0.0,
                    1.2009999999999998
                ],
                [
                    0.0,
                    1.0,
                    0.0,
                    0.02914
                ],
                [
                    0.0,
                    0.0,
                    1.0,
                    -1.22801
                ],
                [
                    0.0,
                    0.0,
                    0.0,
                    1.0
                ]
            ],
            "size": [
                0.41,
                0.6,
                0.82
            ]
        },
        "collider2": {
            "type": "Cylinder",
            "collider2origin": [
                [
                    0.0628967184062626,
                    -0.5951689582649967,
                    -0.8011353905124159,
                    1.3957604391540697
                ],
                [
                    0.9122020836393046,
                    -0.29137234243611443,
                    0.28807901115388895,
                    -0.04023673324067012
                ],
                [
                    -0.40488438030854473,
                    -0.7489165969459147,
                    0.5245879996731867,
                    -0.9368196034881467
                ],
                [
                    0.0,
                    0.0,
                    0.0,
                    1.0
                ]
            ],
            "radius": 0.00783,
            "height": 0.03044
        },
        "distance": 0.0
    },
    {
        "case": 12,
        "collider1": {
            "type": "Box",
            "collider2origin": [
                [
                    1.0,
                    0.0,
                    0.0,
                    1.2009999999999998
                ],
                [
                    0.0,
                    1.0,
                    0.0,
                    0.02914
                ],
                [
                    0.0,
                    0.0,
                    1.0,
                    -1.22801
                ],
                [
                    0.0,
                    0.0,
                    0.0,
                    1.0
                ]
            ],
            "size": [
                0.41,
                0.6,
                0.82
            ]
        },
        "collider2": {
            "type": "Cylinder",
            "collider2origin": [
                [
                    -0.4413153570105304,
                    0.12037131936696634,
                    -0.8892420936620825,
                    1.3947240304065107
                ],
                [
                    0.7925291174202289,
                    -0.41250022999159774,
                    -0.44915605116483887,
                    0.03470690401949095
                ],
                [
                    -0.4208780746341873,
                    -0.9029697147361778,
                    0.08664491076505762,
                    -0.9482311486687279
                ],
                [
                    0.0,
                    0.0,
                    0.0,
                    1.0
                ]
            ],
            "radius": 0.00713,
            "height": 0.01426
        },
        "distance": 0.0
    },
    {
        "case": 13,
        "collider1": {
            "type": "Box",
            "collider2origin": [
                [
                    1.0,
                    0.0,
                    0.0,
                    1.2009999999999998
                ],
                [
                    0.0,
                    1.0,
                    0.0,
                    0.02914
                ],
                [
                    0.0,
                    0.0,
                    1.0,
                    -1.22801
                ],
                [
                    0.0,
                    0.0,
                    0.0,
                    1.0
                ]
            ],
            "size": [
                0.41,
                0.6,
                0.82
            ]
        },
        "collider2": {
            "type": "Cylinder",
            "collider2origin": [
                [
                    -0.2967090385580284,
                    -0.39209964774688044,
                    -0.8707592162445035,
                    1.402251592599124
                ],
                [
                    0.8606697230026197,
                    -0.50487752217421,
                    -0.06592659182623795,
                    0.0023319637191479003
                ],
                [
                    -0.41377696207566206,
                    -0.7689971091233058,
                    0.48727001940960213,
                    -0.9522785948929454
                ],
                [
                    0.0,
                    0.0,
                    0.0,
                    1.0
                ]
            ],
            "radius": 0.00683,
            "height": 0.01183
        },
        "distance": 0.0
    },
    {
        "case": 14,
        "collider1": {
            "type": "Box",
            "collider2origin": [
                [
                    1.0,
                    0.0,
                    0.0,
                    0.7
                ],
                [
                    0.0,
                    1.0,
                    0.0,
                    -0.15085999999999994
                ],
                [
                    0.0,
                    0.0,
                    1.0,
                    -1.03301
                ],
                [
                    0.0,
                    0.0,
                    0.0,
                    1.0
                ]
            ],
            "size": [
                0.6,
                0.06,
                0.06
            ]
        },
        "collider2": {
            "type": "Box",
            "collider2origin": [
                [
                    -0.009862262383105367,
                    0.9999416754068782,
                    -0.004402449905693122,
                    1.0403894970145688
                ],
                [
                    0.9133616128178716,
                    0.010800265510043488,
                    0.4070060423330945,
                    -0.27661309280644153
                ],
                [
                    0.4070298514991535,
                    -7.028365215489441e-06,
                    -0.9134148564256982,
                    -0.6909084493830319
                ],
                [
                    0.0,
                    0.0,
                    0.0,
                    1.0
                ]
            ],
            "size": [
                0.1202,
                0.13634,
                0.67816
            ]
        },
        "distance": 0.0
    },
    {
        "case": 15,
        "collider1": {
            "type": "Box",
            "collider2origin": [
                [
                    1.0,
                    0.0,
                    0.0,
                    1.2009999999999998
                ],
                [
                    0.0,
                    1.0,
                    0.0,
                    0.02914
                ],
                [
                    0.0,
                    0.0,
                    1.0,
                    -1.22801
                ],
                [
                    0.0,
                    0.0,
                    0.0,
                    1.0
                ]
            ],
            "size": [
                0.41,
                0.6,
                0.82
            ]
        },
        "collider2": {
            "type": "Box",
            "collider2origin": [
                [
                    -0.009862262383105367,
                    0.9999416754068782,
                    -0.004402449905693122,
                    1.0403894970145688
                ],
                [
                    0.9133616128178716,
                    0.010800265510043488,
                    0.4070060423330945,
                    -0.27661309280644153
                ],
                [
                    0.4070298514991535,
                    -7.028365215489441e-06,
                    -0.9134148564256982,
                    -0.6909084493830319
                ],
                [
                    0.0,
                    0.0,
                    0.0,
                    1.0
                ]
            ],
            "size": [
                0.1202,
                0.13634,
                0.67816
            ]
        },
        "distance": 0.0
    },
    {
        "case": 16,
        "collider1": {
            "type": "Box",
            "collider2origin": [
                [
                    1.0,
                    0.0,
                    0.0,
                    1.2009999999999998
                ],
                [
                    0.0,
                    1.0,
                    0.0,
                    0.02914
                ],
                [
                    0.0,
                    0.0,
                    1.0,
                    -1.22801
                ],
                [
                    0.0,
                    0.0,
                    0.0,
                    1.0
                ]
            ],
            "size": [
                0.41,
                0.6,
                0.82
            ]
        },
        "collider2": {
            "type": "Box",
            "collider2origin": [
                [
                    -0.22347293349922426,
                    0.9638925568532279,
                    0.14481362793673078,
                    1.3055625880765844
                ],
                [
                    0.7780156902228511,
                    0.26589452472281855,
                    -0.5692026769872806,
                    -0.0260083740790803
                ],
                [
                    -0.5871553744625962,
                    -0.01453411728908827,
                    -0.8093437623620231,
                    -0.9307774179261477
                ],
                [
                    0.0,
                    0.0,
                    0.0,
                    1.0
                ]
            ],
            "size": [
                0.06241,
                0.05638,
                0.02858
            ]
        },
        "distance": 0.0
    },
    {
        "case": 17,
        "collider1": {
            "type": "Box",
            "collider2origin": [
                [
                    1.0,
                    0.0,
                    0.0,
                    1.2009999999999998
                ],
                [
                    0.0,
                    1.0,
                    0.0,
                    0.02914
                ],
                [
                    0.0,
                    0.0,
                    1.0,
                    -1.22801
                ],
                [
                    0.0,
                    0.0,
                    0.0,
                    1.0
                ]
            ],
            "size": [
                0.41,
                0.6,
                0.82
            ]
        },
        "collider2": {
            "type": "Cylinder",
            "collider2origin": [
                [
                    -0.2967090385580284,
                    -0.39209964774688044,
                    -0.8707592162445035,
                    1.3880387561805279
                ],
                [
                    0.8606697230026197,
                    -0.50487752217421,
                    -0.06592659182623795,
                    0.0012534192157849233
                ],
                [
                    -0.41377696207566206,
                    -0.7689971091233058,
                    0.48727001940960213,
                    -0.9443303357947223
                ],
                [
                    0.0,
                    0.0,
                    0.0,
                    1.0
                ]
            ],
            "radius": 0.00683,
            "height": 0.01782
        },
        "distance": 0.0
    },
    {
        "case": 18,
        "collider1": {
            "type": "Box",
            "collider2origin": [
                [
                    1.0,
                    0.0,
                    0.0,
                    1.2009999999999998
                ],
                [
                    0.0,
                    1.0,
                    0.0,
                    0.02914
                ],
                [
                    0.0,
                    0.0,
                    1.0,
                    -1.22801
                ],
                [
                    0.0,
                    0.0,
                    0.0,
                    1.0
                ]
            ],
            "size": [
                0.41,
                0.6,
                0.82
            ]
        },
        "collider2": {
            "type": "Box",
            "collider2origin": [
                [
                    -0.24885903061625508,
                    0.9638913921721269,
                    0.09477640517141499,
                    1.3542688522081707
                ],
                [
                    0.8800137770530192,
                    0.2658988965597566,
                    -0.39353974259937574,
                    -0.009954872929602177
                ],
                [
                    -0.40453051192415274,
                    -0.014531376561847074,
                    -0.9144090463340792,
                    -0.9301604615355945
                ],
                [
                    0.0,
                    0.0,
                    0.0,
                    1.0
                ]
            ],
            "size": [
                0.07264,
                0.04753,
                0.03326
            ]
        },
        "distance": 0.0
    },
    {
        "case": 19,
        "collider1": {
            "type": "Box",
            "collider2origin": [
                [
                    1.0,
                    0.0,
                    0.0,
                    1.2009999999999998
                ],
                [
                    0.0,
                    1.0,
                    0.0,
                    0.02914
                ],
                [
                    0.0,
                    0.0,
                    1.0,
                    -1.22801
                ],
                [
                    0.0,
                    0.0,
                    0.0,
                    1.0
                ]
            ],
            "size": [
                0.41,
                0.6,
                0.82
            ]
        },
        "collider2": {
            "type": "Cylinder",
            "collider2origin": [
                [
                    -0.46197013045881263,
                    0.10147653599297543,
                    -0.8810710023640168,
                    1.3808915415138387
                ],
                [
                    0.7933571777779577,
                    -0.39678373356431307,
                    -0.4616785215352324,
                    0.027866251109480267
                ],
                [
                    -0.3964441789610003,
                    -0.9122856906811759,
                    0.1027950949525702,
                    -0.9469311954633679
                ],
                [
                    0.0,
                    0.0,
                    0.0,
                    1.0
                ]
            ],
            "radius": 0.00713,
            "height": 0.01697
        },
        "distance": 0.0
    }
]