[
    {
        "case": 0,
        "collider1": {
            "type": "Box",
            "collider2origin": [
                [
                    1.0,
                    0.0,
                    0.0,
                    0.5199999999999999
                ],
                [
                    0.0,
                    1.0,
                    0.0,
                    -0.43085999999999997
                ],
                [
                    0.0,
                    0.0,
                    1.0,
                    -0.80301
                ],
                [
                    0.0,
                    0.0,
                    0.0,
                    1.0
                ]
            ],
            "size": [
                0.2,
                0.08,
                0.04
            ]
        },
        "collider2": {
            "type": "Box",
            "collider2origin": [
                [
                    0.7000339390220723,
                    -0.546690512730119,
                    -0.4594365761540116,
                    0.3789807633940975
                ],
                [
                    -0.4570432705697722,
                    -0.8373347498135955,
                    0.2999699411299226,
                    -0.6521036639063867
                ],
                [
                    -0.5486929314690754,
                    -6.744092591243425e-06,
                    -0.836023963119712,
                    -0.86220002398142
                ],
                [
                    0.0,
                    0.0,
                    0.0,
                    1.0
                ]
            ],
            "size": [
                0.1202,
                0.13634,
                0.67816
            ]
        },
        "distance": 0.10714736036387627
    },
    {
        "case": 1,
        "collider1": {
            "type": "Cylinder",
            "collider2origin": [
                [
                    1.0,
                    0.0,
                    0.0,
                    0.4849999999999999
                ],
                [
                    0.0,
                    -3.673205103346574e-06,
                    -0.9999999999932537,
                    -0.46086
                ],
                [
                    0.0,
                    0.9999999999932537,
                    -3.673205103346574e-06,
                    -0.70001
                ],
                [
                    0.0,
                    0.0,
                    0.0,
                    1.0
                ]
            ],
            "radius": 0.026,
            "height": 0.272
        },
        "collider2": {
            "type": "Box",
            "collider2origin": [
                [
                    0.7000339390220723,
                    -0.546690512730119,
                    -0.4594365761540116,
                    0.3789807633940975
                ],
                [
                    -0.4570432705697722,
                    -0.8373347498135955,
                    0.2999699411299226,
                    -0.6521036639063867
                ],
                [
                    -0.5486929314690754,
                    -6.744092591243425e-06,
                    -0.836023963119712,
                    -0.86220002398142
                ],
                [
                    0.0,
                    0.0,
                    0.0,
                    1.0
                ]
            ],
            "size": [
                0.1202,
                0.13634,
                0.67816
            ]
        },
        "distance": 0.02183429080581248
    },
    {
        "case": 2,
        "collider1": {
            "type": "Box",
            "collider2origin": [
                [
                    1.0,
                    0.0,
                    0.0,
                    -0.26
                ],
                [
                    0.0,
                    1.0,
                    0.0,
                    -0.4608599999999999
                ],
                [
                    0.0,
                    0.0,
                    1.0,
                    -1.143
                ],
                [
                    0.0,
                    0.0,
                    0.0,
                    1.0
                ]
            ],
            "size": [
                1.48,
                0.272,
                0.945
            ]
        },
        "collider2": {
            "type": "Box",
            "collider2origin": [
                [
                    0.7000339390220723,
                    -0.546690512730119,
                    -0.4594365761540116,
                    0.3789807633940975
                ],
                [
                    -0.4570432705697722,
                    -0.8373347498135955,
                    0.2999699411299226,
                    -0.6521036639063867
                ],
                [
                    -0.5486929314690754,
                    -6.744092591243425e-06,
                    -0.836023963119712,
                    -0.86220002398142
                ],
                [
                    0.0,
                    0.0,
                    0.0,
                    1.0
                ]
            ],
            "size": [
                0.1202,
                0.13634,
                0.67816
            ]
        },
        "distance": 0.0
    },
    {
        "case": 3,
        "collider1": {
            "type": "Box",
            "collider2origin": [
                [
                    1.0,
                    0.0,
                    0.0,
                    -0.26
                ],
                [
                    0.0,
                    1.0,
                    0.0,
                    -0.4608599999999999
                ],
                [
                    0.0,
                    0.0,
                    1.0,
                    -1.143
                ],
                [
                    0.0,
                    0.0,
                    0.0,
                    1.0
                ]
            ],
            "size": [
                1.48,
                0.272,
                0.945
            ]
        },
        "collider2": {
            "type": "Box",
            "collider2origin": [
                [
                    0.4382313634053389,
                    -0.5466862042800748,
                    0.7135036553359358,
                    0.1855781792644976
                ],
                [
                    -0.2861209378344032,
                    -0.8373375627657779,
                    -0.46583324796994513,
                    -0.6593027660613318
                ],
                [
                    0.8521080219436145,
                    -5.595635586364218e-06,
                    -0.5233659512310956,
                    -1.1078091256188158
                ],
                [
                    0.0,
                    0.0,
                    0.0,
                    1.0
                ]
            ],
            "size": [
                0.09102,
                0.10007,
                0.11882
            ]
        },
        "distance": 0.0
    }
]