[
    {
        "case": 0,
        "collider1": {
            "type": "Box",
            "collider2origin": [
                [
                    1.0,
                    0.0,
                    0.0,
                    0.205
                ],
                [
                    0.0,
                    1.0,
                    0.0,
                    -0.17586
                ],
                [
                    0.0,
                    0.0,
                    1.0,
                    -0.10301
                ],
                [
                    0.0,
                    0.0,
                    0.0,
                    1.0
                ]
            ],
            "size": [
                0.05,
                0.05,
                1.2
            ]
        },
        "collider2": {
            "type": "Box",
            "collider2origin": [
                [
                    0.3177377220430672,
                    0.6816343973968573,
                    -0.6591033972574452,
                    0.273701593980471
                ],
                [
                    -0.2959972400349535,
                    0.7316929330539583,
                    0.6140122845762824,
                    -0.10476815398406891
                ],
                [
                    0.9007931915165505,
                    -2.0781218622510038e-06,
                    0.4342483461259336,
                    -0.08375013328596381
                ],
                [
                    0.0,
                    0.0,
                    0.0,
                    1.0
                ]
            ],
            "size": [
                0.09102,
                0.10007,
                0.11882
            ]
        },
        "distance": 0.013478483247871457
    },
    {
        "case": 1,
        "collider1": {
            "type": "Box",
            "collider2origin": [
                [
                    1.0,
                    0.0,
                    0.0,
                    0.205
                ],
                [
                    0.0,
                    1.0,
                    0.0,
                    -0.17586
                ],
                [
                    0.0,
                    0.0,
                    1.0,
                    -0.10301
                ],
                [
                    0.0,
                    0.0,
                    0.0,
                    1.0
                ]
            ],
            "size": [
                0.05,
                0.05,
                1.2
            ]
        },
        "collider2": {
            "type": "Box",
            "collider2origin": [
                [
                    0.08643506342992598,
                    0.6816341495784379,
                    -0.7265699318980547,
                    0.4113786366306301
                ],
                [
                    -0.08051718567399467,
                    0.7316931639136628,
                    0.6768619480316151,
                    -0.38576923543557384
                ],
                [
                    0.9929984706035573,
                    -3.239299638565316e-06,
                    0.1181272084174632,
                    -0.11924735535241338
                ],
                [
                    0.0,
                    0.0,
                    0.0,
                    1.0
                ]
            ],
            "size": [
                0.1202,
                0.13634,
                0.67816
            ]
        },
        "distance": 0.0
    }
]