[
    {
        "case": 0,
        "collider1": {
            "type": "Cylinder",
            "collider2origin": [
                [
                    1.0,
                    0.0,
                    0.0,
                    0.4849999999999999
                ],
                [
                    0.0,
                    -3.673205103346574e-06,
                    -0.9999999999932537,
                    -0.46086
                ],
                [
                    0.0,
                    0.9999999999932537,
                    -3.673205103346574e-06,
                    -0.70001
                ],
                [
                    0.0,
                    0.0,
                    0.0,
                    1.0
                ]
            ],
            "radius": 0.026,
            "height": 0.272
        },
        "collider2": {
            "type": "Box",
            "collider2origin": [
                [
                    0.4196073379340072,
                    -0.6454306270972187,
                    0.6382389737056386,
                    0.6926705309925721
                ],
                [
                    -0.3545764371188483,
                    -0.7638188957943514,
                    -0.5393108979685104,
                    -0.8034062247079669
                ],
                [
                    0.8355867592249409,
                    -5.691111570057746e-06,
                    -0.5493585056914764,
                    -0.6663146834842417
                ],
                [
                    0.0,
                    0.0,
                    0.0,
                    1.0
                ]
            ],
            "size": [
                0.1202,
                0.13634,
                0.67816
            ]
        },
        "distance": 0.1041215477963635
    },
    {
        "case": 1,
        "collider1": {
            "type": "Box",
            "collider2origin": [
                [
                    1.0,
                    0.0,
                    0.0,
                    -0.26
                ],
                [
                    0.0,
                    1.0,
                    0.0,
                    -0.4608599999999999
                ],
                [
                    0.0,
                    0.0,
                    1.0,
                    -1.143
                ],
                [
                    0.0,
                    0.0,
                    0.0,
                    1.0
                ]
            ],
            "size": [
                1.48,
                0.272,
                0.945
            ]
        },
        "collider2": {
            "type": "Box",
            "collider2origin": [
                [
                    0.4196073379340072,
                    -0.6454306270972187,
                    0.6382389737056386,
                    0.6926705309925721
                ],
                [
                    -0.3545764371188483,
                    -0.7638188957943514,
                    -0.5393108979685104,
                    -0.8034062247079669
                ],
                [
                    0.8355867592249409,
                    -5.691111570057746e-06,
                    -0.5493585056914764,
                    -0.6663146834842417
                ],
                [
                    0.0,
                    0.0,
                    0.0,
                    1.0
                ]
            ],
            "size": [
                0.1202,
                0.13634,
                0.67816
            ]
        },
        "distance": 0.10587173488783809
    }
]