[
    {
        "case": 0,
        "collider1": {
            "type": "Box",
            "collider2origin": [
                [
                    1.0,
                    0.0,
                    0.0,
                    1.23
                ],
                [
                    0.0,
                    1.0,
                    0.0,
                    -0.23086
                ],
                [
                    0.0,
                    0.0,
                    1.0,
                    -0.54301
                ],
                [
                    0.0,
                    0.0,
                    0.0,
                    1.0
                ]
            ],
            "size": [
                0.1,
                0.16,
                0.1
            ]
        },
        "collider2": {
            "type": "Box",
            "collider2origin": [
                [
                    -0.18172580452065132,
                    -0.9044119036089417,
                    0.3860244041272157,
                    0.9579564153211642
                ],
                [
                    -0.3852237386372884,
                    0.42666041365823454,
                    0.8182686371890923,
                    -0.6800366045841932
                ],
                [
                    -0.9047532277707729,
                    -5.237755912794155e-06,
                    -0.42593614170546007,
                    -0.5003792272898833
                ],
                [
                    0.0,
                    0.0,
                    0.0,
                    1.0
                ]
            ],
            "size": [
                0.15068,
                0.17726,
                0.74884
            ]
        },
        "distance": 0.0577771909518755
    },
    {
        "case": 1,
        "collider1": {
            "type": "Box",
            "collider2origin": [
                [
                    1.0,
                    0.0,
                    0.0,
                    1.23
                ],
                [
                    0.0,
                    1.0,
                    0.0,
                    -0.23086
                ],
                [
                    0.0,
                    0.0,
                    1.0,
                    -0.54301
                ],
                [
                    0.0,
                    0.0,
                    0.0,
                    1.0
                ]
            ],
            "size": [
                0.1,
                0.16,
                0.1
            ]
        },
        "collider2": {
            "type": "Box",
            "collider2origin": [
                [
                    -0.18172580452065132,
                    -0.9044119036089417,
                    0.3860244041272157,
                    0.9579564153211642
                ],
                [
                    -0.3852237386372884,
                    0.42666041365823454,
                    0.8182686371890923,
                    -0.6800366045841932
                ],
                [
                    -0.9047532277707729,
                    -5.237755912794155e-06,
                    -0.42593614170546007,
                    -0.5003792272898833
                ],
                [
                    0.0,
                    0.0,
                    0.0,
                    1.0
                ]
            ],
            "size": [
                0.15068,
                0.17726,
                0.74884
            ]
        },
        "distance": 0.0577771909518755
    }
]