[
    {
        "case": 0,
        "collider1": {
            "type": "Box",
            "collider2origin": [
                [
                    1.0,
                    0.0,
                    0.0,
                    0.5199999999999999
                ],
                [
                    0.0,
                    1.0,
                    0.0,
                    -0.43085999999999997
                ],
                [
                    0.0,
                    0.0,
                    1.0,
                    -0.80301
                ],
                [
                    0.0,
                    0.0,
                    0.0,
                    1.0
                ]
            ],
            "size": [
                0.2,
                0.08,
                0.04
            ]
        },
        "collider2": {
            "type": "Box",
            "collider2origin": [
                [
                    0.7243569745855603,
                    0.6077157995240959,
                    -0.3255587203225295,
                    0.545695760457503
                ],
                [
                    -0.5543039770557652,
                    0.7941545863424101,
                    0.24912967308507683,
                    -0.591655832871034
                ],
                [
                    0.40994398933197684,
                    -3.2283543222650577e-07,
                    0.9121106981120656,
                    -0.47832545392302706
                ],
                [
                    0.0,
                    0.0,
                    0.0,
                    1.0
                ]
            ],
            "size": [
                0.1202,
                0.13634,
                0.67816
            ]
        },
        "distance": 0.1067296391502151
    },
    {
        "case": 1,
        "collider1": {
            "type": "Cylinder",
            "collider2origin": [
                [
                    1.0,
                    0.0,
                    0.0,
                    0.4849999999999999
                ],
                [
                    0.0,
                    -3.673205103346574e-06,
                    -0.9999999999932537,
                    -0.46086
                ],
                [
                    0.0,
                    0.9999999999932537,
                    -3.673205103346574e-06,
                    -0.70001
                ],
                [
                    0.0,
                    0.0,
                    0.0,
                    1.0
                ]
            ],
            "radius": 0.026,
            "height": 0.272
        },
        "collider2": {
            "type": "Box",
            "collider2origin": [
                [
                    0.7243569745855603,
                    0.6077157995240959,
                    -0.3255587203225295,
                    0.545695760457503
                ],
                [
                    -0.5543039770557652,
                    0.7941545863424101,
                    0.24912967308507683,
                    -0.591655832871034
                ],
                [
                    0.40994398933197684,
                    -3.2283543222650577e-07,
                    0.9121106981120656,
                    -0.47832545392302706
                ],
                [
                    0.0,
                    0.0,
                    0.0,
                    1.0
                ]
            ],
            "size": [
                0.1202,
                0.13634,
                0.67816
            ]
        },
        "distance": 0.05021896087713963
    },
    {
        "case": 2,
        "collider1": {
            "type": "Box",
            "collider2origin": [
                [
                    1.0,
                    0.0,
                    0.0,
                    -0.26
                ],
                [
                    0.0,
                    1.0,
                    0.0,
                    -0.4608599999999999
                ],
                [
                    0.0,
                    0.0,
                    1.0,
                    -1.143
                ],
                [
                    0.0,
                    0.0,
                    0.0,
                    1.0
                ]
            ],
            "size": [
                1.48,
                0.272,
                0.945
            ]
        },
        "collider2": {
            "type": "Box",
            "collider2origin": [
                [
                    0.7243569745855603,
                    0.6077157995240959,
                    -0.3255587203225295,
                    0.545695760457503
                ],
                [
                    -0.5543039770557652,
                    0.7941545863424101,
                    0.24912967308507683,
                    -0.591655832871034
                ],
                [
                    0.40994398933197684,
                    -3.2283543222650577e-07,
                    0.9121106981120656,
                    -0.47832545392302706
                ],
                [
                    0.0,
                    0.0,
                    0.0,
                    1.0
                ]
            ],
            "size": [
                0.1202,
                0.13634,
                0.67816
            ]
        },
        "distance": 0.06338329181810196
    },
    {
        "case": 3,
        "collider1": {
            "type": "Box",
            "collider2origin": [
                [
                    1.0,
                    0.0,
                    0.0,
                    0.5199999999999999
                ],
                [
                    0.0,
                    1.0,
                    0.0,
                    -0.43085999999999997
                ],
                [
                    0.0,
                    0.0,
                    1.0,
                    -0.80301
                ],
                [
                    0.0,
                    0.0,
                    0.0,
                    1.0
                ]
            ],
            "size": [
                0.2,
                0.08,
                0.04
            ]
        },
        "collider2": {
            "type": "Box",
            "collider2origin": [
                [
                    -0.46889343394452715,
                    0.6077146410130246,
                    -0.6409538694025646,
                    0.9138510342370223
                ],
                [
                    0.3588190595062099,
                    0.7941554728542021,
                    0.4904752465423688,
                    -0.7142951698389814
                ],
                [
                    0.8070860116113947,
                    -5.841989854467562e-06,
                    -0.590433882688894,
                    -0.5498929124446934
                ],
                [
                    0.0,
                    0.0,
                    0.0,
                    1.0
                ]
            ],
            "size": [
                0.15068,
                0.17726,
                0.74884
            ]
        },
        "distance": 0.07096410949242941
    },
    {
        "case": 4,
        "collider1": {
            "type": "Box",
            "collider2origin": [
                [
                    1.0,
                    0.0,
                    0.0,
                    0.5199999999999999
                ],
                [
                    0.0,
                    1.0,
                    0.0,
                    -0.43085999999999997
                ],
                [
                    0.0,
                    0.0,
                    1.0,
                    -0.80301
                ],
                [
                    0.0,
                    0.0,
                    0.0,
                    1.0
                ]
            ],
            "size": [
                0.2,
                0.08,
                0.04
            ]
        },
        "collider2": {
            "type": "Box",
            "collider2origin": [
                [
                    -0.46889343394452715,
                    0.6077146410130246,
                    -0.6409538694025646,
                    0.9138510342370223
                ],
                [
                    0.3588190595062099,
                    0.7941554728542021,
                    0.4904752465423688,
                    -0.7142951698389814
                ],
                [
                    0.8070860116113947,
                    -5.841989854467562e-06,
                    -0.590433882688894,
                    -0.5498929124446934
                ],
                [
                    0.0,
                    0.0,
                    0.0,
                    1.0
                ]
            ],
            "size": [
                0.15068,
                0.17726,
                0.74884
            ]
        },
        "distance": 0.07096410949242941
    }
]