[
    {
        "case": 0,
        "collider1": {
            "type": "Cylinder",
            "collider2origin": [
                [
                    1.0,
                    0.0,
                    0.0,
                    0.4849999999999999
                ],
                [
                    0.0,
                    -3.673205103346574e-06,
                    -0.9999999999932537,
                    -0.46086
                ],
                [
                    0.0,
                    0.9999999999932537,
                    -3.673205103346574e-06,
                    -0.70001
                ],
                [
                    0.0,
                    0.0,
                    0.0,
                    1.0
                ]
            ],
            "radius": 0.026,
            "height": 0.272
        },
        "collider2": {
            "type": "Box",
            "collider2origin": [
                [
                    -0.35312188837499064,
                    0.31758281734447347,
                    -0.8800261848820335,
                    0.7914852871737019
                ],
                [
                    0.11827305506437724,
                    0.9482305384779238,
                    0.2947377314556195,
                    -0.7460942055430777
                ],
                [
                    0.9280713422987584,
                    -5.04111567736221e-06,
                    -0.37240244840544173,
                    -0.4845019882478194
                ],
                [
                    0.0,
                    0.0,
                    0.0,
                    1.0
                ]
            ],
            "size": [
                0.15068,
                0.17726,
                0.74884
            ]
        },
        "distance": 0.0
    },
    {
        "case": 1,
        "collider1": {
            "type": "Box",
            "collider2origin": [
                [
                    1.0,
                    0.0,
                    0.0,
                    -0.26
                ],
                [
                    0.0,
                    1.0,
                    0.0,
                    -0.4608599999999999
                ],
                [
                    0.0,
                    0.0,
                    1.0,
                    -1.143
                ],
                [
                    0.0,
                    0.0,
                    0.0,
                    1.0
                ]
            ],
            "size": [
                1.48,
                0.272,
                0.945
            ]
        },
        "collider2": {
            "type": "Box",
            "collider2origin": [
                [
                    -0.35312188837499064,
                    0.31758281734447347,
                    -0.8800261848820335,
                    0.7914852871737019
                ],
                [
                    0.11827305506437724,
                    0.9482305384779238,
                    0.2947377314556195,
                    -0.7460942055430777
                ],
                [
                    0.9280713422987584,
                    -5.04111567736221e-06,
                    -0.37240244840544173,
                    -0.4845019882478194
                ],
                [
                    0.0,
                    0.0,
                    0.0,
                    1.0
                ]
            ],
            "size": [
                0.15068,
                0.17726,
                0.74884
            ]
        },
        "distance": 0.012946275090762268
    },
    {
        "case": 2,
        "collider1": {
            "type": "Cylinder",
            "collider2origin": [
                [
                    1.0,
                    0.0,
                    0.0,
                    0.4849999999999999
                ],
                [
                    0.0,
                    -3.673205103346574e-06,
                    -0.9999999999932537,
                    -0.46086
                ],
                [
                    0.0,
                    0.9999999999932537,
                    -3.673205103346574e-06,
                    -0.70001
                ],
                [
                    0.0,
                    0.0,
                    0.0,
                    1.0
                ]
            ],
            "radius": 0.026,
            "height": 0.272
        },
        "collider2": {
            "type": "Box",
            "collider2origin": [
                [
                    -0.35312188837499064,
                    0.31758281734447347,
                    -0.8800261848820335,
                    0.7914852871737019
                ],
                [
                    0.11827305506437724,
                    0.9482305384779238,
                    0.2947377314556195,
                    -0.7460942055430777
                ],
                [
                    0.9280713422987584,
                    -5.04111567736221e-06,
                    -0.37240244840544173,
                    -0.4845019882478194
                ],
                [
                    0.0,
                    0.0,
                    0.0,
                    1.0
                ]
            ],
            "size": [
                0.15068,
                0.17726,
                0.74884
            ]
        },
        "distance": 0.0
    },
    {
        "case": 3,
        "collider1": {
            "type": "Box",
            "collider2origin": [
                [
                    1.0,
                    0.0,
                    0.0,
                    -0.26
                ],
                [
                    0.0,
                    1.0,
                    0.0,
                    -0.4608599999999999
                ],
                [
                    0.0,
                    0.0,
                    1.0,
                    -1.143
                ],
                [
                    0.0,
                    0.0,
                    0.0,
                    1.0
                ]
            ],
            "size": [
                1.48,
                0.272,
                0.945
            ]
        },
        "collider2": {
            "type": "Box",
            "collider2origin": [
                [
                    -0.35312188837499064,
                    0.31758281734447347,
                    -0.8800261848820335,
                    0.7914852871737019
                ],
                [
                    0.11827305506437724,
                    0.9482305384779238,
                    0.2947377314556195,
                    -0.7460942055430777
                ],
                [
                    0.9280713422987584,
                    -5.04111567736221e-06,
                    -0.37240244840544173,
                    -0.4845019882478194
                ],
                [
                    0.0,
                    0.0,
                    0.0,
                    1.0
                ]
            ],
            "size": [
                0.15068,
                0.17726,
                0.74884
            ]
        },
        "distance": 0.012946275090762268
    },
    {
        "case": 4,
        "collider1": {
            "type": "Cylinder",
            "collider2origin": [
                [
                    1.0,
                    0.0,
                    0.0,
                    0.4849999999999999
                ],
                [
                    0.0,
                    -3.673205103346574e-06,
                    -0.9999999999932537,
                    -0.46086
                ],
                [
                    0.0,
                    0.9999999999932537,
                    -3.673205103346574e-06,
                    -0.70001
                ],
                [
                    0.0,
                    0.0,
                    0.0,
                    1.0
                ]
            ],
            "radius": 0.026,
            "height": 0.272
        },
        "collider2": {
            "type": "Box",
            "collider2origin": [
                [
                    0.29684516453663345,
                    0.3175827418872617,
                    -0.9005687926785981,
                    0.22420091221968041
                ],
                [
                    -0.0994172814058425,
                    0.9482305637602078,
                    0.3016206261330112,
                    -0.6893342102126401
                ],
                [
                    0.9497363594435513,
                    -2.523305048096663e-06,
                    0.3130508705379084,
                    -0.5128975588914605
                ],
                [
                    0.0,
                    0.0,
                    0.0,
                    1.0
                ]
            ],
            "size": [
                0.1202,
                0.13634,
                0.67816
            ]
        },
        "distance": 0.10321995340133922
    },
    {
        "case": 5,
        "collider1": {
            "type": "Box",
            "collider2origin": [
                [
                    1.0,
                    0.0,
                    0.0,
                    -0.26
                ],
                [
                    0.0,
                    1.0,
                    0.0,
                    -0.4608599999999999
                ],
                [
                    0.0,
                    0.0,
                    1.0,
                    -1.143
                ],
                [
                    0.0,
                    0.0,
                    0.0,
                    1.0
                ]
            ],
            "size": [
                1.48,
                0.272,
                0.945
            ]
        },
        "collider2": {
            "type": "Box",
            "collider2origin": [
                [
                    0.29684516453663345,
                    0.3175827418872617,
                    -0.9005687926785981,
                    0.22420091221968041
                ],
                [
                    -0.0994172814058425,
                    0.9482305637602078,
                    0.3016206261330112,
                    -0.6893342102126401
                ],
                [
                    0.9497363594435513,
                    -2.523305048096663e-06,
                    0.3130508705379084,
                    -0.5128975588914605
                ],
                [
                    0.0,
                    0.0,
                    0.0,
                    1.0
                ]
            ],
            "size": [
                0.1202,
                0.13634,
                0.67816
            ]
        },
        "distance": 0.08548761219376415
    },
    {
        "case": 6,
        "collider1": {
            "type": "Box",
            "collider2origin": [
                [
                    1.0,
                    0.0,
                    0.0,
                    -0.06
                ],
                [
                    0.0,
                    1.0,
                    0.0,
                    -0.37086
                ],
                [
                    0.0,
                    0.0,
                    1.0,
                    -0.40301
                ],
                [
                    0.0,
                    0.0,
                    0.0,
                    1.0
                ]
            ],
            "size": [
                0.1,
                1.0,
                1.64
            ]
        },
        "collider2": {
            "type": "Box",
            "collider2origin": [
                [
                    0.29684516453663345,
                    0.3175827418872617,
                    -0.9005687926785981,
                    0.22420091221968041
                ],
                [
                    -0.0994172814058425,
                    0.9482305637602078,
                    0.3016206261330112,
                    -0.6893342102126401
                ],
                [
                    0.9497363594435513,
                    -2.523305048096663e-06,
                    0.3130508705379084,
                    -0.5128975588914605
                ],
                [
                    0.0,
                    0.0,
                    0.0,
                    1.0
                ]
            ],
            "size": [
                0.1202,
                0.13634,
                0.67816
            ]
        },
        "distance": 0.0
    },
    {
        "case": 7,
        "collider1": {
            "type": "Box",
            "collider2origin": [
                [
                    1.0,
                    0.0,
                    0.0,
                    -0.06
                ],
                [
                    0.0,
                    1.0,
                    0.0,
                    -0.37086
                ],
                [
                    0.0,
                    0.0,
                    1.0,
                    -0.40301
                ],
                [
                    0.0,
                    0.0,
                    0.0,
                    1.0
                ]
            ],
            "size": [
                0.1,
                1.0,
                1.64
            ]
        },
        "collider2": {
            "type": "Box",
            "collider2origin": [
                [
                    -0.418462503707369,
                    -0.005291315716420879,
                    -0.9082186603285295,
                    -0.13329624954815134
                ],
                [
                    0.16020311105768975,
                    -0.9847337390546695,
                    -0.06807662135305102,
                    -0.664496006740237
                ],
                [
                    -0.8939933423680501,
                    -0.17398696832061392,
                    0.41292183116929526,
                    -0.5106535687912401
                ],
                [
                    0.0,
                    0.0,
                    0.0,
                    1.0
                ]
            ],
            "size": [
                0.07264,
                0.04753,
                0.03326
            ]
        },
        "distance": 0.0
    },
    {
        "case": 8,
        "collider1": {
            "type": "Box",
            "collider2origin": [
                [
                    1.0,
                    0.0,
                    0.0,
                    -0.06
                ],
                [
                    0.0,
                    1.0,
                    0.0,
                    -0.37086
                ],
                [
                    0.0,
                    0.0,
                    1.0,
                    -0.40301
                ],
                [
                    0.0,
                    0.0,
                    0.0,
                    1.0
                ]
            ],
            "size": [
                0.1,
                1.0,
                1.64
            ]
        },
        "collider2": {
            "type": "Box",
            "collider2origin": [
                [
                    -0.5994809234423147,
                    -0.005293987404165058,
                    -0.8003715363043051,
                    -0.13434786358186446
                ],
                [
                    0.1423798045042949,
                    -0.9847345194514336,
                    -0.10012950349458517,
                    -0.6145062279616844
                ],
                [
                    -0.7876233958549402,
                    -0.1739824700885637,
                    0.591083315957923,
                    -0.4992381482735606
                ],
                [
                    0.0,
                    0.0,
                    0.0,
                    1.0
                ]
            ],
            "size": [
                0.06241,
                0.05638,
                0.02858
            ]
        },
        "distance": 0.0
    },
    {
        "case": 9,
        "collider1": {
            "type": "Box",
            "collider2origin": [
                [
                    1.0,
                    0.0,
                    0.0,
                    -0.06
                ],
                [
                    0.0,
                    1.0,
                    0.0,
                    -0.37086
                ],
                [
                    0.0,
                    0.0,
                    1.0,
                    -0.40301
                ],
                [
                    0.0,
                    0.0,
                    0.0,
                    1.0
                ]
            ],
            "size": [
                0.1,
                1.0,
                1.64
            ]
        },
        "collider2": {
            "type": "Box",
            "collider2origin": [
                [
                    -0.4718105120868796,
                    0.317583028583831,
                    -0.8225180001919946,
                    -0.005205225401535563
                ],
                [
                    0.158024644896104,
                    0.9482304677267344,
                    0.27547629967058584,
                    -0.4946381706976808
                ],
                [
                    0.867423225588165,
                    -5.500885615702857e-06,
                    -0.49757104787152107,
                    -0.422909983638212
                ],
                [
                    0.0,
                    0.0,
                    0.0,
                    1.0
                ]
            ],
            "size": [
                0.09102,
                0.10007,
                0.11882
            ]
        },
        "distance": 0.0
    },
    {
        "case": 10,
        "collider1": {
            "type": "Box",
            "collider2origin": [
                [
                    1.0,
                    0.0,
                    0.0,
                    -0.06
                ],
                [
                    0.0,
                    1.0,
                    0.0,
                    -0.37086
                ],
                [
                    0.0,
                    0.0,
                    1.0,
                    -0.40301
                ],
                [
                    0.0,
                    0.0,
                    0.0,
                    1.0
                ]
            ],
            "size": [
                0.1,
                1.0,
                1.64
            ]
        },
        "collider2": {
            "type": "Box",
            "collider2origin": [
                [
                    0.5060232671791168,
                    -0.25962394426079854,
                    -0.8225180001919944,
                    -0.09451329295392652
                ],
                [
                    -0.044902885396486875,
                    -0.9602585793435385,
                    0.2754762996705858,
                    -0.46278528887412496
                ],
                [
                    -0.8613502098197007,
                    -0.10246398569055465,
                    -0.49757104787152096,
                    -0.47741029741869
                ],
                [
                    0.0,
                    0.0,
                    0.0,
                    1.0
                ]
            ],
            "size": [
                0.09126,
                0.11887,
                0.10009
            ]
        },
        "distance": 0.0
    },
    {
        "case": 11,
        "collider1": {
            "type": "Box",
            "collider2origin": [
                [
                    1.0,
                    0.0,
                    0.0,
                    -0.06
                ],
                [
                    0.0,
                    1.0,
                    0.0,
                    -0.37086
                ],
                [
                    0.0,
                    0.0,
                    1.0,
                    -0.40301
                ],
                [
                    0.0,
                    0.0,
                    0.0,
                    1.0
                ]
            ],
            "size": [
                0.1,
                1.0,
                1.64
            ]
        },
        "collider2": {
            "type": "Box",
            "collider2origin": [
                [
                    0.865641515216519,
                    -0.2596224954453357,
                    -0.42808985854886294,
                    -0.11743099154195535
                ],
                [
                    -0.1843715337756209,
                    -0.9602588215137305,
                    0.20954744865611177,
                    -0.5332581858415073
                ],
                [
                    -0.46548029460641427,
                    -0.10246538714998989,
                    -0.8791068989430855,
                    -0.487734078557051
                ],
                [
                    0.0,
                    0.0,
                    0.0,
                    1.0
                ]
            ],
            "size": [
                0.08993,
                0.0305,
                0.09007
            ]
        },
        "distance": 0.0
    }
]