[
    {
        "case": 0,
        "collider1": {
            "type": "Box",
            "collider2origin": [
                [
                    1.0,
                    0.0,
                    0.0,
                    -0.06
                ],
                [
                    0.0,
                    1.0,
                    0.0,
                    -0.37086
                ],
                [
                    0.0,
                    0.0,
                    1.0,
                    -0.40301
                ],
                [
                    0.0,
                    0.0,
                    0.0,
                    1.0
                ]
            ],
            "size": [
                0.1,
                1.0,
                1.64
            ]
        },
        "collider2": {
            "type": "Box",
            "collider2origin": [
                [
                    0.4913137338055184,
                    0.12962834775395157,
                    -0.8612823616170605,
                    0.25108842380388363
                ],
                [
                    -0.06422849609010106,
                    0.9915626513010392,
                    0.11259755252605382,
                    -0.8534818622748578
                ],
                [
                    0.868611256698924,
                    -1.8531533441103744e-06,
                    0.4954941823396936,
                    -0.5597398347396755
                ],
                [
                    0.0,
                    0.0,
                    0.0,
                    1.0
                ]
            ],
            "size": [
                0.1202,
                0.13634,
                0.67816
            ]
        },
        "distance": 0.0
    },
    {
        "case": 1,
        "collider1": {
            "type": "Box",
            "collider2origin": [
                [
                    1.0,
                    0.0,
                    0.0,
                    -0.06
                ],
                [
                    0.0,
                    1.0,
                    0.0,
                    -0.37086
                ],
                [
                    0.0,
                    0.0,
                    1.0,
                    -0.40301
                ],
                [
                    0.0,
                    0.0,
                    0.0,
                    1.0
                ]
            ],
            "size": [
                0.1,
                1.0,
                1.64
            ]
        },
        "collider2": {
            "type": "Box",
            "collider2origin": [
                [
                    -0.11001451888809728,
                    -0.8775710141746003,
                    0.46665396249724916,
                    0.06504634428224343
                ],
                [
                    -0.9938740632549873,
                    0.09214955475581887,
                    -0.06101480105126475,
                    -0.7125338251107082
                ],
                [
                    0.010542865969059775,
                    -0.4705077838238894,
                    -0.8823328585847239,
                    -0.5148229289506737
                ],
                [
                    0.0,
                    0.0,
                    0.0,
                    1.0
                ]
            ],
            "size": [
                0.09126,
                0.11887,
                0.10009
            ]
        },
        "distance": 0.0
    },
    {
        "case": 2,
        "collider1": {
            "type": "Box",
            "collider2origin": [
                [
                    1.0,
                    0.0,
                    0.0,
                    -0.06
                ],
                [
                    0.0,
                    1.0,
                    0.0,
                    -0.37086
                ],
                [
                    0.0,
                    0.0,
                    1.0,
                    -0.40301
                ],
                [
                    0.0,
                    0.0,
                    0.0,
                    1.0
                ]
            ],
            "size": [
                0.1,
                1.0,
                1.64
            ]
        },
        "collider2": {
            "type": "Box",
            "collider2origin": [
                [
                    -0.020991564757135064,
                    -0.9692601613532807,
                    0.24514096724631543,
                    -0.07483808630240096
                ],
                [
                    -0.9344101933477288,
                    0.10622574539147234,
                    0.3399907080846258,
                    -0.7001346965217665
                ],
                [
                    -0.35557973054844705,
                    -0.2219252816364966,
                    -0.9079164193876299,
                    -0.5878691212074777
                ],
                [
                    0.0,
                    0.0,
                    0.0,
                    1.0
                ]
            ],
            "size": [
                0.06241,
                0.05638,
                0.02858
            ]
        },
        "distance": 0.0
    },
    {
        "case": 3,
        "collider1": {
            "type": "Box",
            "collider2origin": [
                [
                    1.0,
                    0.0,
                    0.0,
                    -0.06
                ],
                [
                    0.0,
                    1.0,
                    0.0,
                    -0.37086
                ],
                [
                    0.0,
                    0.0,
                    1.0,
                    -0.40301
                ],
                [
                    0.0,
                    0.0,
                    0.0,
                    1.0
                ]
            ],
            "size": [
                0.1,
                1.0,
                1.64
            ]
        },
        "collider2": {
            "type": "Box",
            "collider2origin": [
                [
                    -0.47904592035064053,
                    -0.8775727999871892,
                    -0.01951888618883193,
                    0.0012507456720390886
                ],
                [
                    -0.12857183808620626,
                    0.09214615191650481,
                    -0.9874099296331358,
                    -0.706779734960314
                ],
                [
                    0.8683226869353016,
                    -0.4705051194297734,
                    -0.15697338610042355,
                    -0.553429294829654
                ],
                [
                    0.0,
                    0.0,
                    0.0,
                    1.0
                ]
            ],
            "size": [
                0.08993,
                0.0305,
                0.09007
            ]
        },
        "distance": 0.0
    },
    {
        "case": 4,
        "collider1": {
            "type": "Box",
            "collider2origin": [
                [
                    1.0,
                    0.0,
                    0.0,
                    -0.06
                ],
                [
                    0.0,
                    1.0,
                    0.0,
                    -0.37086
                ],
                [
                    0.0,
                    0.0,
                    1.0,
                    -0.40301
                ],
                [
                    0.0,
                    0.0,
                    0.0,
                    1.0
                ]
            ],
            "size": [
                0.1,
                1.0,
                1.64
            ]
        },
        "collider2": {
            "type": "Box",
            "collider2origin": [
                [
                    -0.8748881677806806,
                    0.12963322553643422,
                    0.4666539624972492,
                    0.015577777958668437
                ],
                [
                    0.11437642791878361,
                    0.991562013587256,
                    -0.061014801051264764,
                    -0.7099809109129867
                ],
                [
                    -0.4706258881679836,
                    -6.914194662396997e-06,
                    -0.8823328585847241,
                    -0.41722992139548376
                ],
                [
                    0.0,
                    0.0,
                    0.0,
                    1.0
                ]
            ],
            "size": [
                0.09102,
                0.10007,
                0.11882
            ]
        },
        "distance": 0.0
    },
    {
        "case": 5,
        "collider1": {
            "type": "Box",
            "collider2origin": [
                [
                    1.0,
                    0.0,
                    0.0,
                    -0.06
                ],
                [
                    0.0,
                    1.0,
                    0.0,
                    -0.37086
                ],
                [
                    0.0,
                    0.0,
                    1.0,
                    -0.40301
                ],
                [
                    0.0,
                    0.0,
                    0.0,
                    1.0
                ]
            ],
            "size": [
                0.1,
                1.0,
                1.64
            ]
        },
        "collider2": {
            "type": "Cylinder",
            "collider2origin": [
                [
                    0.4918356802246076,
                    0.6096006515735765,
                    0.6216789438762329,
                    -0.10303631009923153
                ],
                [
                    -0.7493245504012445,
                    0.6599706710501669,
                    -0.05432707906343662,
                    -0.7212602652579856
                ],
                [
                    -0.4434076925629165,
                    -0.4391192992281974,
                    0.7813858580889251,
                    -0.6533598583937583
                ],
                [
                    0.0,
                    0.0,
                    0.0,
                    1.0
                ]
            ],
            "radius": 0.01271,
            "height": 0.05982
        },
        "distance": 0.0
    },
    {
        "case": 6,
        "collider1": {
            "type": "Box",
            "collider2origin": [
                [
                    1.0,
                    0.0,
                    0.0,
                    -0.06
                ],
                [
                    0.0,
                    1.0,
                    0.0,
                    -0.37086
                ],
                [
                    0.0,
                    0.0,
                    1.0,
                    -0.40301
                ],
                [
                    0.0,
                    0.0,
                    0.0,
                    1.0
                ]
            ],
            "size": [
                0.1,
                1.0,
                1.64
            ]
        },
        "collider2": {
            "type": "Cylinder",
            "collider2origin": [
                [
                    0.49877889104861123,
                    0.5346293099179111,
                    0.6821958068040405,
                    -0.11198925784030367
                ],
                [
                    -0.7173338891099907,
                    0.6964040746642808,
                    -0.021294513972423247,
                    -0.7184620583043304
                ],
                [
                    -0.4864686108873339,
                    -0.4787409171646857,
                    0.7308593741983901,
                    -0.664847541562707
                ],
                [
                    0.0,
                    0.0,
                    0.0,
                    1.0
                ]
            ],
            "radius": 0.01169,
            "height": 0.05502
        },
        "distance": 0.0
    },
    {
        "case": 7,
        "collider1": {
            "type": "Box",
            "collider2origin": [
                [
                    1.0,
                    0.0,
                    0.0,
                    -0.06
                ],
                [
                    0.0,
                    1.0,
                    0.0,
                    -0.37086
                ],
                [
                    0.0,
                    0.0,
                    1.0,
                    -0.40301
                ],
                [
                    0.0,
                    0.0,
                    0.0,
                    1.0
                ]
            ],
            "size": [
                0.1,
                1.0,
                1.64
            ]
        },
        "collider2": {
            "type": "Box",
            "collider2origin": [
                [
                    -0.0718894879133426,
                    -0.9692613995618639,
                    0.23529607061515923,
                    -0.1251306265190637
                ],
                [
                    -0.9849083508267487,
                    0.10622217004549799,
                    0.1366469577508381,
                    -0.6967351686939461
                ],
                [
                    -0.15744028073936928,
                    -0.221921585047967,
                    -0.9622699039721162,
                    -0.5973295286565915
                ],
                [
                    0.0,
                    0.0,
                    0.0,
                    1.0
                ]
            ],
            "size": [
                0.07264,
                0.04753,
                0.03326
            ]
        },
        "distance": 0.0
    }
]