[
    {
        "case": 0,
        "collider1": {
            "type": "Box",
            "collider2origin": [
                [
                    1.0,
                    0.0,
                    0.0,
                    -0.26
                ],
                [
                    0.0,
                    1.0,
                    0.0,
                    -0.4608599999999999
                ],
                [
                    0.0,
                    0.0,
                    1.0,
                    -1.143
                ],
                [
                    0.0,
                    0.0,
                    0.0,
                    1.0
                ]
            ],
            "size": [
                1.48,
                0.272,
                0.945
            ]
        },
        "collider2": {
            "type": "Box",
            "collider2origin": [
                [
                    -0.21458176728550118,
                    0.8127809236019613,
                    0.5416104092217704,
                    0.5423513669963065
                ],
                [
                    -0.8413325111691007,
                    0.12784393529765853,
                    -0.5251814294674775,
                    -0.325955855748714
                ],
                [
                    -0.49609905341426114,
                    -0.5683688049465335,
                    0.6563860379114743,
                    -1.0458614953767311
                ],
                [
                    0.0,
                    0.0,
                    0.0,
                    1.0
                ]
            ],
            "size": [
                0.09126,
                0.11887,
                0.10009
            ]
        },
        "distance": 0.0
    },
    {
        "case": 1,
        "collider1": {
            "type": "Box",
            "collider2origin": [
                [
                    1.0,
                    0.0,
                    0.0,
                    -0.26
                ],
                [
                    0.0,
                    1.0,
                    0.0,
                    -0.4608599999999999
                ],
                [
                    0.0,
                    0.0,
                    1.0,
                    -1.143
                ],
                [
                    0.0,
                    0.0,
                    0.0,
                    1.0
                ]
            ],
            "size": [
                1.48,
                0.272,
                0.945
            ]
        },
        "collider2": {
            "type": "Box",
            "collider2origin": [
                [
                    0.4712258234134767,
                    0.6961353230305994,
                    0.5416104092217704,
                    0.47851624598169373
                ],
                [
                    -0.456934190135743,
                    0.7179105877666727,
                    -0.5251814294674775,
                    -0.27152754596539397
                ],
                [
                    -0.754425191276964,
                    -1.2621645591332224e-06,
                    0.6563860379114743,
                    -1.1162339273923587
                ],
                [
                    0.0,
                    0.0,
                    0.0,
                    1.0
                ]
            ],
            "size": [
                0.09102,
                0.10007,
                0.11882
            ]
        },
        "distance": 0.0
    },
    {
        "case": 2,
        "collider1": {
            "type": "Box",
            "collider2origin": [
                [
                    1.0,
                    0.0,
                    0.0,
                    0.5199999999999999
                ],
                [
                    0.0,
                    1.0,
                    0.0,
                    -0.43085999999999997
                ],
                [
                    0.0,
                    0.0,
                    1.0,
                    -0.80301
                ],
                [
                    0.0,
                    0.0,
                    0.0,
                    1.0
                ]
            ],
            "size": [
                0.2,
                0.08,
                0.04
            ]
        },
        "collider2": {
            "type": "Box",
            "collider2origin": [
                [
                    -0.5748087526947476,
                    0.6961317536985301,
                    -0.430111008134083,
                    0.5250016629996763
                ],
                [
                    0.5573739479800418,
                    0.7179140487891712,
                    0.417053594474716,
                    -0.4722751208675604
                ],
                [
                    0.5991069853862914,
                    -6.614226497102582e-06,
                    -0.8006689827997597,
                    -0.8844037390628611
                ],
                [
                    0.0,
                    0.0,
                    0.0,
                    1.0
                ]
            ],
            "size": [
                0.1202,
                0.13634,
                0.67816
            ]
        },
        "distance": 0.0
    },
    {
        "case": 3,
        "collider1": {
            "type": "Cylinder",
            "collider2origin": [
                [
                    1.0,
                    0.0,
                    0.0,
                    0.4849999999999999
                ],
                [
                    0.0,
                    -3.673205103346574e-06,
                    -0.9999999999932537,
                    -0.46086
                ],
                [
                    0.0,
                    0.9999999999932537,
                    -3.673205103346574e-06,
                    -0.70001
                ],
                [
                    0.0,
                    0.0,
                    0.0,
                    1.0
                ]
            ],
            "radius": 0.026,
            "height": 0.272
        },
        "collider2": {
            "type": "Box",
            "collider2origin": [
                [
                    -0.5748087526947476,
                    0.6961317536985301,
                    -0.430111008134083,
                    0.5250016629996763
                ],
                [
                    0.5573739479800418,
                    0.7179140487891712,
                    0.417053594474716,
                    -0.4722751208675604
                ],
                [
                    0.5991069853862914,
                    -6.614226497102582e-06,
                    -0.8006689827997597,
                    -0.8844037390628611
                ],
                [
                    0.0,
                    0.0,
                    0.0,
                    1.0
                ]
            ],
            "size": [
                0.1202,
                0.13634,
                0.67816
            ]
        },
        "distance": 0.0072220280935925175
    },
    {
        "case": 4,
        "collider1": {
            "type": "Box",
            "collider2origin": [
                [
                    1.0,
                    0.0,
                    0.0,
                    0.246
                ],
                [
                    0.0,
                    1.0,
                    0.0,
                    -0.24786000000000002
                ],
                [
                    0.0,
                    0.0,
                    1.0,
                    -0.71801
                ],
                [
                    0.0,
                    0.0,
                    0.0,
                    1.0
                ]
            ],
            "size": [
                0.12,
                0.16,
                0.08
            ]
        },
        "collider2": {
            "type": "Box",
            "collider2origin": [
                [
                    -0.5748087526947476,
                    0.6961317536985301,
                    -0.430111008134083,
                    0.5250016629996763
                ],
                [
                    0.5573739479800418,
                    0.7179140487891712,
                    0.417053594474716,
                    -0.4722751208675604
                ],
                [
                    0.5991069853862914,
                    -6.614226497102582e-06,
                    -0.8006689827997597,
                    -0.8844037390628611
                ],
                [
                    0.0,
                    0.0,
                    0.0,
                    1.0
                ]
            ],
            "size": [
                0.1202,
                0.13634,
                0.67816
            ]
        },
        "distance": 0.22200067079453867
    },
    {
        "case": 5,
        "collider1": {
            "type": "Box",
            "collider2origin": [
                [
                    1.0,
                    0.0,
                    0.0,
                    -0.26
                ],
                [
                    0.0,
                    1.0,
                    0.0,
                    -0.4608599999999999
                ],
                [
                    0.0,
                    0.0,
                    1.0,
                    -1.143
                ],
                [
                    0.0,
                    0.0,
                    0.0,
                    1.0
                ]
            ],
            "size": [
                1.48,
                0.272,
                0.945
            ]
        },
        "collider2": {
            "type": "Box",
            "collider2origin": [
                [
                    -0.5748087526947476,
                    0.6961317536985301,
                    -0.430111008134083,
                    0.5250016629996763
                ],
                [
                    0.5573739479800418,
                    0.7179140487891712,
                    0.417053594474716,
                    -0.4722751208675604
                ],
                [
                    0.5991069853862914,
                    -6.614226497102582e-06,
                    -0.8006689827997597,
                    -0.8844037390628611
                ],
                [
                    0.0,
                    0.0,
                    0.0,
                    1.0
                ]
            ],
            "size": [
                0.1202,
                0.13634,
                0.67816
            ]
        },
        "distance": 0.0
    }
]