[
    {
        "case": 0,
        "collider1": {
            "type": "Box",
            "collider2origin": [
                [
                    1.0,
                    0.0,
                    0.0,
                    1.23
                ],
                [
                    0.0,
                    1.0,
                    0.0,
                    -0.23086
                ],
                [
                    0.0,
                    0.0,
                    1.0,
                    -0.54301
                ],
                [
                    0.0,
                    0.0,
                    0.0,
                    1.0
                ]
            ],
            "size": [
                0.1,
                0.16,
                0.1
            ]
        },
        "collider2": {
            "type": "Box",
            "collider2origin": [
                [
                    0.029449885810182368,
                    -0.9764157975637177,
                    0.21388056128076785,
                    1.1354501107603863
                ],
                [
                    0.1331745359704518,
                    0.215898564742673,
                    0.9672912450297008,
                    -0.1641537561069185
                ],
                [
                    -0.9906549586989518,
                    -3.1722096477873424e-06,
                    0.1363919088330207,
                    -0.5632014430322018
                ],
                [
                    0.0,
                    0.0,
                    0.0,
                    1.0
                ]
            ],
            "size": [
                0.1202,
                0.13634,
                0.67816
            ]
        },
        "distance": 0.0
    },
    {
        "case": 1,
        "collider1": {
            "type": "Box",
            "collider2origin": [
                [
                    1.0,
                    0.0,
                    0.0,
                    1.28
                ],
                [
                    0.0,
                    1.0,
                    0.0,
                    -0.23086
                ],
                [
                    0.0,
                    0.0,
                    1.0,
                    -0.67301
                ],
                [
                    0.0,
                    0.0,
                    0.0,
                    1.0
                ]
            ],
            "size": [
                0.06,
                0.06,
                0.33
            ]
        },
        "collider2": {
            "type": "Box",
            "collider2origin": [
                [
                    0.029449885810182368,
                    -0.9764157975637177,
                    0.21388056128076785,
                    1.1354501107603863
                ],
                [
                    0.1331745359704518,
                    0.215898564742673,
                    0.9672912450297008,
                    -0.1641537561069185
                ],
                [
                    -0.9906549586989518,
                    -3.1722096477873424e-06,
                    0.1363919088330207,
                    -0.5632014430322018
                ],
                [
                    0.0,
                    0.0,
                    0.0,
                    1.0
                ]
            ],
            "size": [
                0.1202,
                0.13634,
                0.67816
            ]
        },
        "distance": 0.051602949537071764
    }
]