[
    {
        "case": 0,
        "collider1": {
            "type": "Cylinder",
            "collider2origin": [
                [
                    1.0,
                    0.0,
                    0.0,
                    0.4849999999999999
                ],
                [
                    0.0,
                    -3.673205103346574e-06,
                    -0.9999999999932537,
                    -0.46086
                ],
                [
                    0.0,
                    0.9999999999932537,
                    -3.673205103346574e-06,
                    -0.70001
                ],
                [
                    0.0,
                    0.0,
                    0.0,
                    1.0
                ]
            ],
            "radius": 0.026,
            "height": 0.272
        },
        "collider2": {
            "type": "Box",
            "collider2origin": [
                [
                    -0.6567750201542216,
                    0.6312660950042978,
                    0.4124920486499666,
                    0.6734736413541997
                ],
                [
                    0.5345722001379992,
                    0.775566320344047,
                    -0.3357520596922879,
                    -0.6720808577513329
                ],
                [
                    -0.5318638319542328,
                    -6.783784980510509e-06,
                    -0.8468298909538678,
                    -0.6660824887547073
                ],
                [
                    0.0,
                    0.0,
                    0.0,
                    1.0
                ]
            ],
            "size": [
                0.1202,
                0.13634,
                0.67816
            ]
        },
        "distance": 0.0999676156871201
    },
    {
        "case": 1,
        "collider1": {
            "type": "Box",
            "collider2origin": [
                [
                    1.0,
                    0.0,
                    0.0,
                    -0.26
                ],
                [
                    0.0,
                    1.0,
                    0.0,
                    -0.4608599999999999
                ],
                [
                    0.0,
                    0.0,
                    1.0,
                    -1.143
                ],
                [
                    0.0,
                    0.0,
                    0.0,
                    1.0
                ]
            ],
            "size": [
                1.48,
                0.272,
                0.945
            ]
        },
        "collider2": {
            "type": "Box",
            "collider2origin": [
                [
                    -0.6567750201542216,
                    0.6312660950042978,
                    0.4124920486499666,
                    0.6734736413541997
                ],
                [
                    0.5345722001379992,
                    0.775566320344047,
                    -0.3357520596922879,
                    -0.6720808577513329
                ],
                [
                    -0.5318638319542328,
                    -6.783784980510509e-06,
                    -0.8468298909538678,
                    -0.6660824887547073
                ],
                [
                    0.0,
                    0.0,
                    0.0,
                    1.0
                ]
            ],
            "size": [
                0.1202,
                0.13634,
                0.67816
            ]
        },
        "distance": 0.10952914858273508
    }
]