[
    {
        "case": 0,
        "collider1": {
            "type": "Cylinder",
            "collider2origin": [
                [
                    1.0,
                    0.0,
                    0.0,
                    0.4849999999999999
                ],
                [
                    0.0,
                    -3.673205103346574e-06,
                    -0.9999999999932537,
                    -0.46086
                ],
                [
                    0.0,
                    0.9999999999932537,
                    -3.673205103346574e-06,
                    -0.70001
                ],
                [
                    0.0,
                    0.0,
                    0.0,
                    1.0
                ]
            ],
            "radius": 0.026,
            "height": 0.272
        },
        "collider2": {
            "type": "Box",
            "collider2origin": [
                [
                    -0.6809516773714871,
                    -0.6828022556441392,
                    -0.26473740342504243,
                    0.6782290477216917
                ],
                [
                    0.6363993651491214,
                    -0.7306032300005338,
                    0.24741618449604724,
                    -0.7652536826379267
                ],
                [
                    -0.3623543309010579,
                    -2.4962948718598084e-07,
                    0.932040416976208,
                    -0.6481870813055688
                ],
                [
                    0.0,
                    0.0,
                    0.0,
                    1.0
                ]
            ],
            "size": [
                0.1202,
                0.13634,
                0.67816
            ]
        },
        "distance": 0.17736833515096867
    }
]