[
    {
        "case": 0,
        "collider1": {
            "type": "Box",
            "collider2origin": [
                [
                    1.0,
                    0.0,
                    0.0,
                    1.2009999999999998
                ],
                [
                    0.0,
                    1.0,
                    0.0,
                    0.02914
                ],
                [
                    0.0,
                    0.0,
                    1.0,
                    -1.22801
                ],
                [
                    0.0,
                    0.0,
                    0.0,
                    1.0
                ]
            ],
            "size": [
                0.41,
                0.6,
                0.82
            ]
        },
        "collider2": {
            "type": "Box",
            "collider2origin": [
                [
                    0.1933530527734955,
                    0.8669356219479477,
                    0.459387880097957,
                    1.2963733540815336
                ],
                [
                    -0.3425491629010091,
                    -0.3791092671252925,
                    0.8596140032453762,
                    -0.10195181920934182
                ],
                [
                    0.9193882030888735,
                    -0.3235719255087633,
                    0.22366613745393724,
                    -0.8098201066354195
                ],
                [
                    0.0,
                    0.0,
                    0.0,
                    1.0
                ]
            ],
            "size": [
                0.09126,
                0.11887,
                0.10009
            ]
        },
        "distance": 0.0
    },
    {
        "case": 1,
        "collider1": {
            "type": "Box",
            "collider2origin": [
                [
                    1.0,
                    0.0,
                    0.0,
                    1.2009999999999998
                ],
                [
                    0.0,
                    1.0,
                    0.0,
                    0.02914
                ],
                [
                    0.0,
                    0.0,
                    1.0,
                    -1.22801
                ],
                [
                    0.0,
                    0.0,
                    0.0,
                    1.0
                ]
            ],
            "size": [
                0.41,
                0.6,
                0.82
            ]
        },
        "collider2": {
            "type": "Box",
            "collider2origin": [
                [
                    0.34995769159006596,
                    0.8669352381368252,
                    0.3548984460005404,
                    1.3631744685893
                ],
                [
                    0.0007346195392415242,
                    -0.37910902565717325,
                    0.9253517206983519,
                    -0.12612603835313707
                ],
                [
                    0.9367652184144567,
                    -0.3235732367516123,
                    -0.13330898704513594,
                    -0.8333174079150066
                ],
                [
                    0.0,
                    0.0,
                    0.0,
                    1.0
                ]
            ],
            "size": [
                0.08993,
                0.0305,
                0.09007
            ]
        },
        "distance": 0.0
    },
    {
        "case": 2,
        "collider1": {
            "type": "Box",
            "collider2origin": [
                [
                    1.0,
                    0.0,
                    0.0,
                    1.2009999999999998
                ],
                [
                    0.0,
                    1.0,
                    0.0,
                    0.02914
                ],
                [
                    0.0,
                    0.0,
                    1.0,
                    -1.22801
                ],
                [
                    0.0,
                    0.0,
                    0.0,
                    1.0
                ]
            ],
            "size": [
                0.41,
                0.6,
                0.82
            ]
        },
        "collider2": {
            "type": "Box",
            "collider2origin": [
                [
                    0.10542282876740373,
                    -0.8819573701680731,
                    0.45938788009795706,
                    1.2477465197128959
                ],
                [
                    0.19726268837865427,
                    0.4713291813563896,
                    0.8596140032453763,
                    -0.19703013292696103
                ],
                [
                    -0.9746658191135589,
                    -2.851633505824193e-06,
                    0.2236661374539373,
                    -0.8334301050325286
                ],
                [
                    0.0,
                    0.0,
                    0.0,
                    1.0
                ]
            ],
            "size": [
                0.09102,
                0.10007,
                0.11882
            ]
        },
        "distance": 0.0
    },
    {
        "case": 3,
        "collider1": {
            "type": "Box",
            "collider2origin": [
                [
                    1.0,
                    0.0,
                    0.0,
                    1.28
                ],
                [
                    0.0,
                    1.0,
                    0.0,
                    -0.23086
                ],
                [
                    0.0,
                    0.0,
                    1.0,
                    -0.67301
                ],
                [
                    0.0,
                    0.0,
                    0.0,
                    1.0
                ]
            ],
            "size": [
                0.06,
                0.06,
                0.33
            ]
        },
        "collider2": {
            "type": "Box",
            "collider2origin": [
                [
                    0.10542282876740373,
                    -0.8819573701680731,
                    0.45938788009795706,
                    1.2477465197128959
                ],
                [
                    0.19726268837865427,
                    0.4713291813563896,
                    0.8596140032453763,
                    -0.19703013292696103
                ],
                [
                    -0.9746658191135589,
                    -2.851633505824193e-06,
                    0.2236661374539373,
                    -0.8334301050325286
                ],
                [
                    0.0,
                    0.0,
                    0.0,
                    1.0
                ]
            ],
            "size": [
                0.09102,
                0.10007,
                0.11882
            ]
        },
        "distance": 0.0
    },
    {
        "case": 4,
        "collider1": {
            "type": "Box",
            "collider2origin": [
                [
                    1.0,
                    0.0,
                    0.0,
                    1.2009999999999998
                ],
                [
                    0.0,
                    1.0,
                    0.0,
                    0.02914
                ],
                [
                    0.0,
                    0.0,
                    1.0,
                    -1.22801
                ],
                [
                    0.0,
                    0.0,
                    0.0,
                    1.0
                ]
            ],
            "size": [
                0.41,
                0.6,
                0.82
            ]
        },
        "collider2": {
            "type": "Box",
            "collider2origin": [
                [
                    0.3712759655297691,
                    0.9085484584424061,
                    -0.19155640443969676,
                    1.4377501439761988
                ],
                [
                    0.8679025146983055,
                    -0.4128916181895997,
                    -0.2761625184726035,
                    -0.157506250518745
                ],
                [
                    -0.3299990642415444,
                    -0.06371977943073003,
                    -0.9418282260099256,
                    -0.8550779100472731
                ],
                [
                    0.0,
                    0.0,
                    0.0,
                    1.0
                ]
            ],
            "size": [
                0.06241,
                0.05638,
                0.02858
            ]
        },
        "distance": 0.0
    },
    {
        "case": 5,
        "collider1": {
            "type": "Box",
            "collider2origin": [
                [
                    1.0,
                    0.0,
                    0.0,
                    1.2009999999999998
                ],
                [
                    0.0,
                    1.0,
                    0.0,
                    0.02914
                ],
                [
                    0.0,
                    0.0,
                    1.0,
                    -1.22801
                ],
                [
                    0.0,
                    0.0,
                    0.0,
                    1.0
                ]
            ],
            "size": [
                0.41,
                0.6,
                0.82
            ]
        },
        "collider2": {
            "type": "Box",
            "collider2origin": [
                [
                    -0.43700239320630146,
                    -0.8819584090025463,
                    0.1765737045022908,
                    1.2936339167177122
                ],
                [
                    -0.817734594426267,
                    0.47132723742595867,
                    0.330394867301117,
                    -0.3482804343355852
                ],
                [
                    -0.3746185278526329,
                    -7.078923857748387e-06,
                    -0.9271790326249914,
                    -0.5635244668159183
                ],
                [
                    0.0,
                    0.0,
                    0.0,
                    1.0
                ]
            ],
            "size": [
                0.1202,
                0.13634,
                0.67816
            ]
        },
        "distance": 0.0
    },
    {
        "case": 6,
        "collider1": {
            "type": "Box",
            "collider2origin": [
                [
                    1.0,
                    0.0,
                    0.0,
                    1.23
                ],
                [
                    0.0,
                    1.0,
                    0.0,
                    -0.23086
                ],
                [
                    0.0,
                    0.0,
                    1.0,
                    -0.54301
                ],
                [
                    0.0,
                    0.0,
                    0.0,
                    1.0
                ]
            ],
            "size": [
                0.1,
                0.16,
                0.1
            ]
        },
        "collider2": {
            "type": "Box",
            "collider2origin": [
                [
                    -0.43700239320630146,
                    -0.8819584090025463,
                    0.1765737045022908,
                    1.2936339167177122
                ],
                [
                    -0.817734594426267,
                    0.47132723742595867,
                    0.330394867301117,
                    -0.3482804343355852
                ],
                [
                    -0.3746185278526329,
                    -7.078923857748387e-06,
                    -0.9271790326249914,
                    -0.5635244668159183
                ],
                [
                    0.0,
                    0.0,
                    0.0,
                    1.0
                ]
            ],
            "size": [
                0.1202,
                0.13634,
                0.67816
            ]
        },
        "distance": 0.0
    },
    {
        "case": 7,
        "collider1": {
            "type": "Box",
            "collider2origin": [
                [
                    1.0,
                    0.0,
                    0.0,
                    1.28
                ],
                [
                    0.0,
                    1.0,
                    0.0,
                    -0.23086
                ],
                [
                    0.0,
                    0.0,
                    1.0,
                    -0.67301
                ],
                [
                    0.0,
                    0.0,
                    0.0,
                    1.0
                ]
            ],
            "size": [
                0.06,
                0.06,
                0.33
            ]
        },
        "collider2": {
            "type": "Box",
            "collider2origin": [
                [
                    -0.43700239320630146,
                    -0.8819584090025463,
                    0.1765737045022908,
                    1.2936339167177122
                ],
                [
                    -0.817734594426267,
                    0.47132723742595867,
                    0.330394867301117,
                    -0.3482804343355852
                ],
                [
                    -0.3746185278526329,
                    -7.078923857748387e-06,
                    -0.9271790326249914,
                    -0.5635244668159183
                ],
                [
                    0.0,
                    0.0,
                    0.0,
                    1.0
                ]
            ],
            "size": [
                0.1202,
                0.13634,
                0.67816
            ]
        },
        "distance": 0.0
    }
]