[
    {
        "case": 0,
        "collider1": {
            "type": "Box",
            "collider2origin": [
                [
                    1.0,
                    0.0,
                    0.0,
                    1.28
                ],
                [
                    0.0,
                    1.0,
                    0.0,
                    -0.23086
                ],
                [
                    0.0,
                    0.0,
                    1.0,
                    -0.67301
                ],
                [
                    0.0,
                    0.0,
                    0.0,
                    1.0
                ]
            ],
            "size": [
                0.06,
                0.06,
                0.33
            ]
        },
        "collider2": {
            "type": "Box",
            "collider2origin": [
                [
                    -0.04908140168960772,
                    0.6129845272045904,
                    0.7885689477883004,
                    1.348181191393732
                ],
                [
                    -0.005476434634148058,
                    0.7893434615928053,
                    -0.6139274454724967,
                    -0.29192966053104874
                ],
                [
                    -0.9987797678526938,
                    -0.034450965856591895,
                    -0.03538511381452184,
                    -0.6962814636608203
                ],
                [
                    0.0,
                    0.0,
                    0.0,
                    1.0
                ]
            ],
            "size": [
                0.08993,
                0.0305,
                0.09007
            ]
        },
        "distance": 0.002613707990640641
    },
    {
        "case": 1,
        "collider1": {
            "type": "Box",
            "collider2origin": [
                [
                    1.0,
                    0.0,
                    0.0,
                    1.2009999999999998
                ],
                [
                    0.0,
                    1.0,
                    0.0,
                    0.02914
                ],
                [
                    0.0,
                    0.0,
                    1.0,
                    -1.22801
                ],
                [
                    0.0,
                    0.0,
                    0.0,
                    1.0
                ]
            ],
            "size": [
                0.41,
                0.6,
                0.82
            ]
        },
        "collider2": {
            "type": "Box",
            "collider2origin": [
                [
                    -0.055852995579629146,
                    0.979590407076117,
                    0.19308826284688818,
                    1.1296900452106626
                ],
                [
                    -0.27221144284639626,
                    -0.20100406552458425,
                    0.9410091901921424,
                    -0.6077513268461381
                ],
                [
                    0.9606151015199921,
                    -2.6524860635016412e-06,
                    0.27788239729191055,
                    -0.8903998030247433
                ],
                [
                    0.0,
                    0.0,
                    0.0,
                    1.0
                ]
            ],
            "size": [
                0.1202,
                0.13634,
                0.67816
            ]
        },
        "distance": 0.0
    },
    {
        "case": 2,
        "collider1": {
            "type": "Box",
            "collider2origin": [
                [
                    1.0,
                    0.0,
                    0.0,
                    1.28
                ],
                [
                    0.0,
                    1.0,
                    0.0,
                    -0.23086
                ],
                [
                    0.0,
                    0.0,
                    1.0,
                    -0.67301
                ],
                [
                    0.0,
                    0.0,
                    0.0,
                    1.0
                ]
            ],
            "size": [
                0.06,
                0.06,
                0.33
            ]
        },
        "collider2": {
            "type": "Box",
            "collider2origin": [
                [
                    -0.055852995579629146,
                    0.979590407076117,
                    0.19308826284688818,
                    1.1296900452106626
                ],
                [
                    -0.27221144284639626,
                    -0.20100406552458425,
                    0.9410091901921424,
                    -0.6077513268461381
                ],
                [
                    0.9606151015199921,
                    -2.6524860635016412e-06,
                    0.27788239729191055,
                    -0.8903998030247433
                ],
                [
                    0.0,
                    0.0,
                    0.0,
                    1.0
                ]
            ],
            "size": [
                0.1202,
                0.13634,
                0.67816
            ]
        },
        "distance": 0.02513657079178973
    }
]