[
    {
        "case": 0,
        "collider1": {
            "type": "Box",
            "collider2origin": [
                [
                    1.0,
                    0.0,
                    0.0,
                    0.205
                ],
                [
                    0.0,
                    1.0,
                    0.0,
                    -0.17586
                ],
                [
                    0.0,
                    0.0,
                    1.0,
                    -0.10301
                ],
                [
                    0.0,
                    0.0,
                    0.0,
                    1.0
                ]
            ],
            "size": [
                0.05,
                0.05,
                1.2
            ]
        },
        "collider2": {
            "type": "Box",
            "collider2origin": [
                [
                    -0.12743090829685239,
                    0.7055410057057563,
                    0.6971178185058456,
                    0.30645627770299233
                ],
                [
                    0.1268624079990839,
                    0.708669097145437,
                    -0.6940418144375344,
                    -0.08380427956022685
                ],
                [
                    -0.9837008148046404,
                    -4.333695050553743e-06,
                    -0.179812977657081,
                    -0.3263319460504648
                ],
                [
                    0.0,
                    0.0,
                    0.0,
                    1.0
                ]
            ],
            "size": [
                0.09102,
                0.10007,
                0.11882
            ]
        },
        "distance": 0.05142816087611094
    },
    {
        "case": 1,
        "collider1": {
            "type": "Box",
            "collider2origin": [
                [
                    1.0,
                    0.0,
                    0.0,
                    0.205
                ],
                [
                    0.0,
                    1.0,
                    0.0,
                    -0.17586
                ],
                [
                    0.0,
                    0.0,
                    1.0,
                    -0.10301
                ],
                [
                    0.0,
                    0.0,
                    0.0,
                    1.0
                ]
            ],
            "size": [
                0.05,
                0.05,
                1.2
            ]
        },
        "collider2": {
            "type": "Box",
            "collider2origin": [
                [
                    -0.16735659113328716,
                    0.705535915570954,
                    -0.688629685131059,
                    0.42680330214899154
                ],
                [
                    0.16662170550492345,
                    0.708674164774502,
                    0.6855786865384546,
                    -0.361322364993654
                ],
                [
                    0.9717144532520222,
                    -4.540665143282892e-06,
                    -0.23615888998830006,
                    -0.25719448049213645
                ],
                [
                    0.0,
                    0.0,
                    0.0,
                    1.0
                ]
            ],
            "size": [
                0.1202,
                0.13634,
                0.67816
            ]
        },
        "distance": 0.0
    }
]