[
    {
        "case": 0,
        "collider1": {
            "type": "Box",
            "collider2origin": [
                [
                    1.0,
                    0.0,
                    0.0,
                    0.0
                ],
                [
                    0.0,
                    1.0,
                    0.0,
                    -0.37086
                ],
                [
                    0.0,
                    0.0,
                    1.0,
                    0.39699
                ],
                [
                    0.0,
                    0.0,
                    0.0,
                    1.0
                ]
            ],
            "size": [
                0.6,
                1.6,
                0.1
            ]
        },
        "collider2": {
            "type": "Box",
            "collider2origin": [
                [
                    -0.8680076334715392,
                    -0.11971661192460445,
                    -0.4819031864020321,
                    0.3411981091034626
                ],
                [
                    -0.1046643260943287,
                    0.992808104712031,
                    -0.058115798723970526,
                    -0.9183183402596569
                ],
                [
                    0.48539481566901604,
                    -6.884670223590738e-06,
                    -0.874295071971839,
                    0.3338696688307907
                ],
                [
                    0.0,
                    0.0,
                    0.0,
                    1.0
                ]
            ],
            "size": [
                0.09102,
                0.10007,
                0.11882
            ]
        },
        "distance": 0.0
    },
    {
        "case": 1,
        "collider1": {
            "type": "Box",
            "collider2origin": [
                [
                    1.0,
                    0.0,
                    0.0,
                    0.0
                ],
                [
                    0.0,
                    1.0,
                    0.0,
                    -0.37086
                ],
                [
                    0.0,
                    0.0,
                    1.0,
                    0.39699
                ],
                [
                    0.0,
                    0.0,
                    0.0,
                    1.0
                ]
            ],
            "size": [
                0.6,
                1.6,
                0.1
            ]
        },
        "collider2": {
            "type": "Box",
            "collider2origin": [
                [
                    0.9894403237966366,
                    -0.11971514192410135,
                    -0.08170759107512054,
                    0.37943303819543883
                ],
                [
                    0.1193090266898929,
                    0.9928082819931007,
                    -0.009852479698954126,
                    -1.0262785270388537
                ],
                [
                    0.08229946412654979,
                    -1.2460815455123591e-08,
                    0.9966076450662428,
                    0.04530599592898521
                ],
                [
                    0.0,
                    0.0,
                    0.0,
                    1.0
                ]
            ],
            "size": [
                0.1202,
                0.13634,
                0.67816
            ]
        },
        "distance": 0.0
    }
]