[
    {
        "case": 0,
        "collider1": {
            "type": "Box",
            "collider2origin": [
                [
                    1.0,
                    0.0,
                    0.0,
                    1.2009999999999998
                ],
                [
                    0.0,
                    1.0,
                    0.0,
                    0.02914
                ],
                [
                    0.0,
                    0.0,
                    1.0,
                    -1.22801
                ],
                [
                    0.0,
                    0.0,
                    0.0,
                    1.0
                ]
            ],
            "size": [
                0.41,
                0.6,
                0.82
            ]
        },
        "collider2": {
            "type": "Box",
            "collider2origin": [
                [
                    0.529083154454155,
                    -0.8431895189229546,
                    -0.09540676522824248,
                    1.2641051336466451
                ],
                [
                    0.8298060637539759,
                    0.5376164387167423,
                    -0.14963442578049865,
                    -0.288252409800381
                ],
                [
                    0.1774624248396633,
                    -5.8302665244602494e-08,
                    0.9841275769787284,
                    -1.1872797727493336
                ],
                [
                    0.0,
                    0.0,
                    0.0,
                    1.0
                ]
            ],
            "size": [
                0.09102,
                0.10007,
                0.11882
            ]
        },
        "distance": 0.0
    },
    {
        "case": 1,
        "collider1": {
            "type": "Box",
            "collider2origin": [
                [
                    1.0,
                    0.0,
                    0.0,
                    1.2009999999999998
                ],
                [
                    0.0,
                    1.0,
                    0.0,
                    0.02914
                ],
                [
                    0.0,
                    0.0,
                    1.0,
                    -1.22801
                ],
                [
                    0.0,
                    0.0,
                    0.0,
                    1.0
                ]
            ],
            "size": [
                0.41,
                0.6,
                0.82
            ]
        },
        "collider2": {
            "type": "Cylinder",
            "collider2origin": [
                [
                    -0.5388283654149041,
                    -0.7549061453294188,
                    -0.37387257771623306,
                    1.398910714201512
                ],
                [
                    -0.47245498541960895,
                    0.6382445850406128,
                    -0.6078076475485421,
                    -0.17797171077386031
                ],
                [
                    0.6974598765351736,
                    -0.15086603796154466,
                    -0.7005634583771309,
                    -0.9858434279210997
                ],
                [
                    0.0,
                    0.0,
                    0.0,
                    1.0
                ]
            ],
            "radius": 0.01271,
            "height": 0.05982
        },
        "distance": 0.0
    },
    {
        "case": 2,
        "collider1": {
            "type": "Box",
            "collider2origin": [
                [
                    1.0,
                    0.0,
                    0.0,
                    1.2009999999999998
                ],
                [
                    0.0,
                    1.0,
                    0.0,
                    0.02914
                ],
                [
                    0.0,
                    0.0,
                    1.0,
                    -1.22801
                ],
                [
                    0.0,
                    0.0,
                    0.0,
                    1.0
                ]
            ],
            "size": [
                0.41,
                0.6,
                0.82
            ]
        },
        "collider2": {
            "type": "Box",
            "collider2origin": [
                [
                    0.6049918291371303,
                    0.7936394815843851,
                    0.06419704002348788,
                    1.3111080871380583
                ],
                [
                    -0.7305060686547894,
                    0.5853216551670077,
                    -0.3517946043518552,
                    -0.25823321566305024
                ],
                [
                    -0.31677400514536086,
                    0.16593653384056964,
                    0.9338732764144951,
                    -1.062282472752485
                ],
                [
                    0.0,
                    0.0,
                    0.0,
                    1.0
                ]
            ],
            "size": [
                0.08993,
                0.0305,
                0.09007
            ]
        },
        "distance": 0.0
    },
    {
        "case": 3,
        "collider1": {
            "type": "Box",
            "collider2origin": [
                [
                    1.0,
                    0.0,
                    0.0,
                    1.2009999999999998
                ],
                [
                    0.0,
                    1.0,
                    0.0,
                    0.02914
                ],
                [
                    0.0,
                    0.0,
                    1.0,
                    -1.22801
                ],
                [
                    0.0,
                    0.0,
                    0.0,
                    1.0
                ]
            ],
            "size": [
                0.41,
                0.6,
                0.82
            ]
        },
        "collider2": {
            "type": "Sphere",
            "collider2origin": [
                [
                    1.0,
                    0.0,
                    0.0,
                    1.414615624880719
                ],
                [
                    0.0,
                    1.0,
                    0.0,
                    -0.15438868419636975
                ],
                [
                    0.0,
                    0.0,
                    1.0,
                    -0.9614938973711381
                ],
                [
                    0.0,
                    0.0,
                    0.0,
                    1.0
                ]
            ],
            "radius": 0.01051
        },
        "distance": 0.0
    },
    {
        "case": 4,
        "collider1": {
            "type": "Box",
            "collider2origin": [
                [
                    1.0,
                    0.0,
                    0.0,
                    1.2009999999999998
                ],
                [
                    0.0,
                    1.0,
                    0.0,
                    0.02914
                ],
                [
                    0.0,
                    0.0,
                    1.0,
                    -1.22801
                ],
                [
                    0.0,
                    0.0,
                    0.0,
                    1.0
                ]
            ],
            "size": [
                0.41,
                0.6,
                0.82
            ]
        },
        "collider2": {
            "type": "Cylinder",
            "collider2origin": [
                [
                    -0.5598322542434424,
                    -0.6968381343889037,
                    -0.4483352111647019,
                    1.4040801474578652
                ],
                [
                    -0.4246349142585061,
                    0.705894704460484,
                    -0.5669196202349298,
                    -0.16746109273942023
                ],
                [
                    0.71152866189731,
                    -0.1270011050189646,
                    -0.691084425104911,
                    -0.9767463971779279
                ],
                [
                    0.0,
                    0.0,
                    0.0,
                    1.0
                ]
            ],
            "radius": 0.01169,
            "height": 0.05502
        },
        "distance": 0.0
    },
    {
        "case": 5,
        "collider1": {
            "type": "Box",
            "collider2origin": [
                [
                    1.0,
                    0.0,
                    0.0,
                    1.2009999999999998
                ],
                [
                    0.0,
                    1.0,
                    0.0,
                    0.02914
                ],
                [
                    0.0,
                    0.0,
                    1.0,
                    -1.22801
                ],
                [
                    0.0,
                    0.0,
                    0.0,
                    1.0
                ]
            ],
            "size": [
                0.41,
                0.6,
                0.82
            ]
        },
        "collider2": {
            "type": "Box",
            "collider2origin": [
                [
                    0.6008617586209187,
                    0.7936388953268733,
                    -0.09540676522824248,
                    1.2521662803860303
                ],
                [
                    -0.7968734085925764,
                    0.5853223977428076,
                    -0.14963442578049865,
                    -0.30108458135743066
                ],
                [
                    -0.06291198379502594,
                    0.1659367184349231,
                    0.9841275769787284,
                    -1.0792746666292437
                ],
                [
                    0.0,
                    0.0,
                    0.0,
                    1.0
                ]
            ],
            "size": [
                0.09126,
                0.11887,
                0.10009
            ]
        },
        "distance": 0.0
    },
    {
        "case": 6,
        "collider1": {
            "type": "Box",
            "collider2origin": [
                [
                    1.0,
                    0.0,
                    0.0,
                    1.2009999999999998
                ],
                [
                    0.0,
                    1.0,
                    0.0,
                    0.02914
                ],
                [
                    0.0,
                    0.0,
                    1.0,
                    -1.22801
                ],
                [
                    0.0,
                    0.0,
                    0.0,
                    1.0
                ]
            ],
            "size": [
                0.41,
                0.6,
                0.82
            ]
        },
        "collider2": {
            "type": "Box",
            "collider2origin": [
                [
                    0.11567910233158137,
                    0.9184875889317167,
                    -0.37815194599811436,
                    1.4290055550919314
                ],
                [
                    -0.3419424911318877,
                    0.3942617565424694,
                    0.853014067930046,
                    -0.1959237384584781
                ],
                [
                    0.9325736850470736,
                    0.030630316786607974,
                    0.3596777803135377,
                    -1.0475145623043645
                ],
                [
                    0.0,
                    0.0,
                    0.0,
                    1.0
                ]
            ],
            "size": [
                0.07264,
                0.04753,
                0.03326
            ]
        },
        "distance": 0.0
    },
    {
        "case": 7,
        "collider1": {
            "type": "Box",
            "collider2origin": [
                [
                    1.0,
                    0.0,
                    0.0,
                    1.2009999999999998
                ],
                [
                    0.0,
                    1.0,
                    0.0,
                    0.02914
                ],
                [
                    0.0,
                    0.0,
                    1.0,
                    -1.22801
                ],
                [
                    0.0,
                    0.0,
                    0.0,
                    1.0
                ]
            ],
            "size": [
                0.41,
                0.6,
                0.82
            ]
        },
        "collider2": {
            "type": "Box",
            "collider2origin": [
                [
                    -0.2338402934269418,
                    -0.843187390272211,
                    0.4841009626678504,
                    1.2173964950617218
                ],
                [
                    -0.36675721633472197,
                    0.5376197772200677,
                    0.759245756924759,
                    -0.5693889140647732
                ],
                [
                    -0.9004487000581474,
                    -5.2709105737528166e-06,
                    -0.4349622265620427,
                    -1.0627589398126036
                ],
                [
                    0.0,
                    0.0,
                    0.0,
                    1.0
                ]
            ],
            "size": [
                0.1202,
                0.13634,
                0.67816
            ]
        },
        "distance": 0.0
    },
    {
        "case": 8,
        "collider1": {
            "type": "Box",
            "collider2origin": [
                [
                    1.0,
                    0.0,
                    0.0,
                    1.2009999999999998
                ],
                [
                    0.0,
                    1.0,
                    0.0,
                    0.02914
                ],
                [
                    0.0,
                    0.0,
                    1.0,
                    -1.22801
                ],
                [
                    0.0,
                    0.0,
                    0.0,
                    1.0
                ]
            ],
            "size": [
                0.41,
                0.6,
                0.82
            ]
        },
        "collider2": {
            "type": "Box",
            "collider2origin": [
                [
                    0.033874908892473896,
                    0.9184855985418973,
                    -0.39400088301761305,
                    1.3809124130686643
                ],
                [
                    -0.1556098961466973,
                    0.39426649161961735,
                    0.9057259485115636,
                    -0.21357945503027576
                ],
                [
                    0.9872375857759571,
                    0.03062905250069907,
                    0.1562811900843116,
                    -1.0499064366042012
                ],
                [
                    0.0,
                    0.0,
                    0.0,
                    1.0
                ]
            ],
            "size": [
                0.06241,
                0.05638,
                0.02858
            ]
        },
        "distance": 0.0
    }
]