[
    {
        "case": 0,
        "collider1": {
            "type": "Box",
            "collider2origin": [
                [
                    1.0,
                    0.0,
                    0.0,
                    0.0
                ],
                [
                    0.0,
                    1.0,
                    0.0,
                    -0.37086
                ],
                [
                    0.0,
                    0.0,
                    1.0,
                    0.39699
                ],
                [
                    0.0,
                    0.0,
                    0.0,
                    1.0
                ]
            ],
            "size": [
                0.6,
                1.6,
                0.1
            ]
        },
        "collider2": {
            "type": "Box",
            "collider2origin": [
                [
                    0.6023494827671564,
                    -0.35227934784787795,
                    -0.7162920924385617,
                    0.34452409405613005
                ],
                [
                    0.226730891713035,
                    0.9358948985212815,
                    -0.26961795501199837,
                    -1.0758050827543801
                ],
                [
                    0.7653549525240895,
                    -1.3090993751623439e-06,
                    0.64360841871835,
                    0.5079352514962499
                ],
                [
                    0.0,
                    0.0,
                    0.0,
                    1.0
                ]
            ],
            "size": [
                0.09102,
                0.10007,
                0.11882
            ]
        },
        "distance": 0.01908021708352705
    },
    {
        "case": 1,
        "collider1": {
            "type": "Box",
            "collider2origin": [
                [
                    1.0,
                    0.0,
                    0.0,
                    0.0
                ],
                [
                    0.0,
                    1.0,
                    0.0,
                    -0.37086
                ],
                [
                    0.0,
                    0.0,
                    1.0,
                    0.39699
                ],
                [
                    0.0,
                    0.0,
                    0.0,
                    1.0
                ]
            ],
            "size": [
                0.6,
                1.6,
                0.1
            ]
        },
        "collider2": {
            "type": "Box",
            "collider2origin": [
                [
                    0.46372984424133734,
                    -0.3522797028152487,
                    -0.8129290513595298,
                    0.6231397482675234
                ],
                [
                    0.17455404978350222,
                    0.9358947649073404,
                    -0.3059932560093649,
                    -1.0903480776923855
                ],
                [
                    0.8686112566989236,
                    -1.8531533441103727e-06,
                    0.4954941823396943,
                    0.3617203464119547
                ],
                [
                    0.0,
                    0.0,
                    0.0,
                    1.0
                ]
            ],
            "size": [
                0.1202,
                0.13634,
                0.67816
            ]
        },
        "distance": 0.023790189660863173
    }
]