[
    {
        "case": 0,
        "collider1": {
            "type": "Box",
            "collider2origin": [
                [
                    1.0,
                    0.0,
                    0.0,
                    1.23
                ],
                [
                    0.0,
                    1.0,
                    0.0,
                    -0.23086
                ],
                [
                    0.0,
                    0.0,
                    1.0,
                    -0.54301
                ],
                [
                    0.0,
                    0.0,
                    0.0,
                    1.0
                ]
            ],
            "size": [
                0.1,
                0.16,
                0.1
            ]
        },
        "collider2": {
            "type": "Box",
            "collider2origin": [
                [
                    -0.1860093794322915,
                    0.8956960221476618,
                    -0.4038924939536126,
                    1.0351987939977767
                ],
                [
                    0.3746908080070549,
                    0.44466688192591236,
                    0.8135589483948332,
                    -0.6783816522439725
                ],
                [
                    0.9082991297795203,
                    -5.2097849530006865e-06,
                    -0.4183212770283433,
                    -0.49827430385148497
                ],
                [
                    0.0,
                    0.0,
                    0.0,
                    1.0
                ]
            ],
            "size": [
                0.15068,
                0.17726,
                0.74884
            ]
        },
        "distance": 0.2044927745914681
    },
    {
        "case": 1,
        "collider1": {
            "type": "Box",
            "collider2origin": [
                [
                    1.0,
                    0.0,
                    0.0,
                    1.23
                ],
                [
                    0.0,
                    1.0,
                    0.0,
                    -0.23086
                ],
                [
                    0.0,
                    0.0,
                    1.0,
                    -0.54301
                ],
                [
                    0.0,
                    0.0,
                    0.0,
                    1.0
                ]
            ],
            "size": [
                0.1,
                0.16,
                0.1
            ]
        },
        "collider2": {
            "type": "Box",
            "collider2origin": [
                [
                    -0.1860093794322915,
                    0.8956960221476618,
                    -0.4038924939536126,
                    1.0351987939977767
                ],
                [
                    0.3746908080070549,
                    0.44466688192591236,
                    0.8135589483948332,
                    -0.6783816522439725
                ],
                [
                    0.9082991297795203,
                    -5.2097849530006865e-06,
                    -0.4183212770283433,
                    -0.49827430385148497
                ],
                [
                    0.0,
                    0.0,
                    0.0,
                    1.0
                ]
            ],
            "size": [
                0.15068,
                0.17726,
                0.74884
            ]
        },
        "distance": 0.2044927745914681
    }
]