[
    {
        "case": 0,
        "collider1": {
            "type": "Box",
            "collider2origin": [
                [
                    1.0,
                    0.0,
                    0.0,
                    0.5199999999999999
                ],
                [
                    0.0,
                    1.0,
                    0.0,
                    -0.43085999999999997
                ],
                [
                    0.0,
                    0.0,
                    1.0,
                    -0.80301
                ],
                [
                    0.0,
                    0.0,
                    0.0,
                    1.0
                ]
            ],
            "size": [
                0.2,
                0.08,
                0.04
            ]
        },
        "collider2": {
            "type": "Box",
            "collider2origin": [
                [
                    -0.12589643708382087,
                    -0.9396457343675311,
                    -0.31814459136452805,
                    0.7730012396529318
                ],
                [
                    0.34575647214296373,
                    -0.3421489352307167,
                    0.8737199597649915,
                    -0.517466741913017
                ],
                [
                    -0.9298400664097303,
                    -2.321598132249962e-06,
                    0.3679639260766721,
                    -0.8184942805708075
                ],
                [
                    0.0,
                    0.0,
                    0.0,
                    1.0
                ]
            ],
            "size": [
                0.1202,
                0.13634,
                0.67816
            ]
        },
        "distance": 0.032278517874013334
    },
    {
        "case": 1,
        "collider1": {
            "type": "Cylinder",
            "collider2origin": [
                [
                    1.0,
                    0.0,
                    0.0,
                    0.4849999999999999
                ],
                [
                    0.0,
                    -3.673205103346574e-06,
                    -0.9999999999932537,
                    -0.46086
                ],
                [
                    0.0,
                    0.9999999999932537,
                    -3.673205103346574e-06,
                    -0.70001
                ],
                [
                    0.0,
                    0.0,
                    0.0,
                    1.0
                ]
            ],
            "radius": 0.026,
            "height": 0.272
        },
        "collider2": {
            "type": "Box",
            "collider2origin": [
                [
                    -0.29374843031330344,
                    -0.9396439213094975,
                    0.1754456064841216,
                    0.5756201649967265
                ],
                [
                    0.8067090535787664,
                    -0.3421539144096423,
                    -0.4818207153373651,
                    -0.3020431262618216
                ],
                [
                    0.5127693073522648,
                    -5.196614255636466e-07,
                    0.8585264337440102,
                    -0.7090273977451036
                ],
                [
                    0.0,
                    0.0,
                    0.0,
                    1.0
                ]
            ],
            "size": [
                0.09102,
                0.10007,
                0.11882
            ]
        },
        "distance": 0.018491823211352256
    }
]