[
    {
        "case": 0,
        "collider1": {
            "type": "Box",
            "collider2origin": [
                [
                    1.0,
                    0.0,
                    0.0,
                    -0.06
                ],
                [
                    0.0,
                    1.0,
                    0.0,
                    -0.37086
                ],
                [
                    0.0,
                    0.0,
                    1.0,
                    -0.40301
                ],
                [
                    0.0,
                    0.0,
                    0.0,
                    1.0
                ]
            ],
            "size": [
                0.1,
                1.0,
                1.64
            ]
        },
        "collider2": {
            "type": "Box",
            "collider2origin": [
                [
                    0.017150781484069077,
                    -0.050886205787273646,
                    -0.9985571815149397,
                    -0.10509903743779869
                ],
                [
                    -0.918824749600941,
                    -0.3946420337188864,
                    0.004329519948980963,
                    -0.6783222653119565
                ],
                [
                    -0.3942929497407392,
                    0.9174247976171105,
                    -0.053523924575374845,
                    -0.6526849785385874
                ],
                [
                    0.0,
                    0.0,
                    0.0,
                    1.0
                ]
            ],
            "size": [
                0.06241,
                0.05638,
                0.02858
            ]
        },
        "distance": 0.0
    },
    {
        "case": 1,
        "collider1": {
            "type": "Box",
            "collider2origin": [
                [
                    1.0,
                    0.0,
                    0.0,
                    -0.06
                ],
                [
                    0.0,
                    1.0,
                    0.0,
                    -0.37086
                ],
                [
                    0.0,
                    0.0,
                    1.0,
                    -0.40301
                ],
                [
                    0.0,
                    0.0,
                    0.0,
                    1.0
                ]
            ],
            "size": [
                0.1,
                1.0,
                1.64
            ]
        },
        "collider2": {
            "type": "Cylinder",
            "collider2origin": [
                [
                    0.19931100823852607,
                    -0.8035485933525972,
                    0.5608785787637138,
                    -0.11659010751157006
                ],
                [
                    -0.8067242325270865,
                    0.1903784514196987,
                    0.5594211811226133,
                    -0.7694923424218455
                ],
                [
                    -0.5563012984422421,
                    -0.5639731406335755,
                    -0.610297601171245,
                    -0.5543676396089658
                ],
                [
                    0.0,
                    0.0,
                    0.0,
                    1.0
                ]
            ],
            "radius": 0.00796,
            "height": 0.03037
        },
        "distance": 0.0
    },
    {
        "case": 2,
        "collider1": {
            "type": "Box",
            "collider2origin": [
                [
                    1.0,
                    0.0,
                    0.0,
                    -0.26
                ],
                [
                    0.0,
                    1.0,
                    0.0,
                    -0.4608599999999999
                ],
                [
                    0.0,
                    0.0,
                    1.0,
                    -1.143
                ],
                [
                    0.0,
                    0.0,
                    0.0,
                    1.0
                ]
            ],
            "size": [
                1.48,
                0.272,
                0.945
            ]
        },
        "collider2": {
            "type": "Box",
            "collider2origin": [
                [
                    -0.21100946336649717,
                    0.21156806703031014,
                    -0.954313344443449,
                    0.04305138853325974
                ],
                [
                    0.04568130066817501,
                    0.9773632656249726,
                    0.20657750549407095,
                    -0.6291839678670921
                ],
                [
                    0.9764160102840626,
                    -4.466241279324454e-06,
                    -0.21589760267544905,
                    -0.7635623286796234
                ],
                [
                    0.0,
                    0.0,
                    0.0,
                    1.0
                ]
            ],
            "size": [
                0.09102,
                0.10007,
                0.11882
            ]
        },
        "distance": 0.0
    },
    {
        "case": 3,
        "collider1": {
            "type": "Box",
            "collider2origin": [
                [
                    1.0,
                    0.0,
                    0.0,
                    -0.06
                ],
                [
                    0.0,
                    1.0,
                    0.0,
                    -0.37086
                ],
                [
                    0.0,
                    0.0,
                    1.0,
                    -0.40301
                ],
                [
                    0.0,
                    0.0,
                    0.0,
                    1.0
                ]
            ],
            "size": [
                0.1,
                1.0,
                1.64
            ]
        },
        "collider2": {
            "type": "Box",
            "collider2origin": [
                [
                    -0.21100946336649717,
                    0.21156806703031014,
                    -0.954313344443449,
                    0.04305138853325974
                ],
                [
                    0.04568130066817501,
                    0.9773632656249726,
                    0.20657750549407095,
                    -0.6291839678670921
                ],
                [
                    0.9764160102840626,
                    -4.466241279324454e-06,
                    -0.21589760267544905,
                    -0.7635623286796234
                ],
                [
                    0.0,
                    0.0,
                    0.0,
                    1.0
                ]
            ],
            "size": [
                0.09102,
                0.10007,
                0.11882
            ]
        },
        "distance": 0.0
    },
    {
        "case": 4,
        "collider1": {
            "type": "Box",
            "collider2origin": [
                [
                    1.0,
                    0.0,
                    0.0,
                    -0.26
                ],
                [
                    0.0,
                    1.0,
                    0.0,
                    -0.4608599999999999
                ],
                [
                    0.0,
                    0.0,
                    1.0,
                    -1.143
                ],
                [
                    0.0,
                    0.0,
                    0.0,
                    1.0
                ]
            ],
            "size": [
                1.48,
                0.272,
                0.945
            ]
        },
        "collider2": {
            "type": "Box",
            "collider2origin": [
                [
                    0.931952372576586,
                    -0.2904144711154309,
                    0.21708111436883779,
                    -0.08619848857156631
                ],
                [
                    0.05815559493402658,
                    -0.47123217571437853,
                    -0.8800898609513472,
                    -0.6389725910564346
                ],
                [
                    0.35788643733276804,
                    0.8328263153492672,
                    -0.4222767178462732,
                    -0.7241982005087835
                ],
                [
                    0.0,
                    0.0,
                    0.0,
                    1.0
                ]
            ],
            "size": [
                0.08993,
                0.0305,
                0.09007
            ]
        },
        "distance": 0.0
    },
    {
        "case": 5,
        "collider1": {
            "type": "Box",
            "collider2origin": [
                [
                    1.0,
                    0.0,
                    0.0,
                    -0.06
                ],
                [
                    0.0,
                    1.0,
                    0.0,
                    -0.37086
                ],
                [
                    0.0,
                    0.0,
                    1.0,
                    -0.40301
                ],
                [
                    0.0,
                    0.0,
                    0.0,
                    1.0
                ]
            ],
            "size": [
                0.1,
                1.0,
                1.64
            ]
        },
        "collider2": {
            "type": "Box",
            "collider2origin": [
                [
                    0.931952372576586,
                    -0.2904144711154309,
                    0.21708111436883779,
                    -0.08619848857156631
                ],
                [
                    0.05815559493402658,
                    -0.47123217571437853,
                    -0.8800898609513472,
                    -0.6389725910564346
                ],
                [
                    0.35788643733276804,
                    0.8328263153492672,
                    -0.4222767178462732,
                    -0.7241982005087835
                ],
                [
                    0.0,
                    0.0,
                    0.0,
                    1.0
                ]
            ],
            "size": [
                0.08993,
                0.0305,
                0.09007
            ]
        },
        "distance": 0.0
    },
    {
        "case": 6,
        "collider1": {
            "type": "Box",
            "collider2origin": [
                [
                    1.0,
                    0.0,
                    0.0,
                    -0.26
                ],
                [
                    0.0,
                    1.0,
                    0.0,
                    -0.4608599999999999
                ],
                [
                    0.0,
                    0.0,
                    1.0,
                    -1.143
                ],
                [
                    0.0,
                    0.0,
                    0.0,
                    1.0
                ]
            ],
            "size": [
                1.48,
                0.272,
                0.945
            ]
        },
        "collider2": {
            "type": "Box",
            "collider2origin": [
                [
                    -0.07030630406172463,
                    -0.2904187738875351,
                    -0.9543133444434488,
                    -0.06113365468065246
                ],
                [
                    -0.8574787068347433,
                    -0.4712281841622625,
                    0.20657750549407092,
                    -0.6037559993461366
                ],
                [
                    -0.509693330282236,
                    0.8328270734220865,
                    -0.21589760267544894,
                    -0.7852020411390965
                ],
                [
                    0.0,
                    0.0,
                    0.0,
                    1.0
                ]
            ],
            "size": [
                0.09126,
                0.11887,
                0.10009
            ]
        },
        "distance": 0.0
    },
    {
        "case": 7,
        "collider1": {
            "type": "Box",
            "collider2origin": [
                [
                    1.0,
                    0.0,
                    0.0,
                    -0.06
                ],
                [
                    0.0,
                    1.0,
                    0.0,
                    -0.37086
                ],
                [
                    0.0,
                    0.0,
                    1.0,
                    -0.40301
                ],
                [
                    0.0,
                    0.0,
                    0.0,
                    1.0
                ]
            ],
            "size": [
                0.1,
                1.0,
                1.64
            ]
        },
        "collider2": {
            "type": "Box",
            "collider2origin": [
                [
                    -0.07030630406172463,
                    -0.2904187738875351,
                    -0.9543133444434488,
                    -0.06113365468065246
                ],
                [
                    -0.8574787068347433,
                    -0.4712281841622625,
                    0.20657750549407092,
                    -0.6037559993461366
                ],
                [
                    -0.509693330282236,
                    0.8328270734220865,
                    -0.21589760267544894,
                    -0.7852020411390965
                ],
                [
                    0.0,
                    0.0,
                    0.0,
                    1.0
                ]
            ],
            "size": [
                0.09126,
                0.11887,
                0.10009
            ]
        },
        "distance": 0.0
    },
    {
        "case": 8,
        "collider1": {
            "type": "Box",
            "collider2origin": [
                [
                    1.0,
                    0.0,
                    0.0,
                    -0.06
                ],
                [
                    0.0,
                    1.0,
                    0.0,
                    -0.37086
                ],
                [
                    0.0,
                    0.0,
                    1.0,
                    -0.40301
                ],
                [
                    0.0,
                    0.0,
                    0.0,
                    1.0
                ]
            ],
            "size": [
                0.1,
                1.0,
                1.64
            ]
        },
        "collider2": {
            "type": "Box",
            "collider2origin": [
                [
                    0.22600799093056986,
                    -0.05088130230701414,
                    -0.97279570368658,
                    -0.10510348929658808
                ],
                [
                    -0.8993328972713213,
                    -0.3946439406167776,
                    -0.18829896446882619,
                    -0.6996841420492655
                ],
                [
                    -0.37432703338270734,
                    0.9174242493034522,
                    -0.13495191317242602,
                    -0.6060580989256328
                ],
                [
                    0.0,
                    0.0,
                    0.0,
                    1.0
                ]
            ],
            "size": [
                0.07264,
                0.04753,
                0.03326
            ]
        },
        "distance": 0.0
    },
    {
        "case": 9,
        "collider1": {
            "type": "Box",
            "collider2origin": [
                [
                    1.0,
                    0.0,
                    0.0,
                    -0.06
                ],
                [
                    0.0,
                    1.0,
                    0.0,
                    -0.37086
                ],
                [
                    0.0,
                    0.0,
                    1.0,
                    -0.40301
                ],
                [
                    0.0,
                    0.0,
                    0.0,
                    1.0
                ]
            ],
            "size": [
                0.1,
                1.0,
                1.64
            ]
        },
        "collider2": {
            "type": "Cylinder",
            "collider2origin": [
                [
                    0.19931100823852607,
                    -0.9759257237876273,
                    0.08856694442361943,
                    -0.10602193033091845
                ],
                [
                    -0.8067242325270865,
                    -0.1121014511619641,
                    0.5801976191789864,
                    -0.7536401720318817
                ],
                [
                    -0.5563012984422421,
                    -0.18708887272356958,
                    -0.8096459837821087,
                    -0.573575656815484
                ],
                [
                    0.0,
                    0.0,
                    0.0,
                    1.0
                ]
            ],
            "radius": 0.00713,
            "height": 0.01426
        },
        "distance": 0.0
    },
    {
        "case": 10,
        "collider1": {
            "type": "Box",
            "collider2origin": [
                [
                    1.0,
                    0.0,
                    0.0,
                    -0.06
                ],
                [
                    0.0,
                    1.0,
                    0.0,
                    -0.37086
                ],
                [
                    0.0,
                    0.0,
                    1.0,
                    -0.40301
                ],
                [
                    0.0,
                    0.0,
                    0.0,
                    1.0
                ]
            ],
            "size": [
                0.1,
                1.0,
                1.64
            ]
        },
        "collider2": {
            "type": "Box",
            "collider2origin": [
                [
                    0.06015748799811501,
                    0.21156798917007727,
                    -0.9755101550451879,
                    0.3065922839805665
                ],
                [
                    -0.013018657866455983,
                    0.9773632824833596,
                    0.21116706324781975,
                    -0.8005818104917626
                ],
                [
                    0.9981039981811077,
                    -3.447119141182333e-06,
                    0.061550051202290255,
                    -0.7808454730880868
                ],
                [
                    0.0,
                    0.0,
                    0.0,
                    1.0
                ]
            ],
            "size": [
                0.1202,
                0.13634,
                0.67816
            ]
        },
        "distance": 0.0
    },
    {
        "case": 11,
        "collider1": {
            "type": "Box",
            "collider2origin": [
                [
                    1.0,
                    0.0,
                    0.0,
                    -0.06
                ],
                [
                    0.0,
                    1.0,
                    0.0,
                    -0.37086
                ],
                [
                    0.0,
                    0.0,
                    1.0,
                    -0.40301
                ],
                [
                    0.0,
                    0.0,
                    0.0,
                    1.0
                ]
            ],
            "size": [
                0.1,
                1.0,
                1.64
            ]
        },
        "collider2": {
            "type": "Cylinder",
            "collider2origin": [
                [
                    0.2252818637294034,
                    -0.9698712104213028,
                    0.09272495387177242,
                    -0.10460665149423343
                ],
                [
                    -0.7918516832229019,
                    -0.12681663592991585,
                    0.5974014166609208,
                    -0.7447632319852815
                ],
                [
                    -0.567643368367554,
                    -0.20800811534008715,
                    -0.7965636385757269,
                    -0.5861859336070834
                ],
                [
                    0.0,
                    0.0,
                    0.0,
                    1.0
                ]
            ],
            "radius": 0.00713,
            "height": 0.01697
        },
        "distance": 0.0
    }
]