[
    {
        "case": 0,
        "collider1": {
            "type": "Box",
            "collider2origin": [
                [
                    1.0,
                    0.0,
                    0.0,
                    1.23
                ],
                [
                    0.0,
                    1.0,
                    0.0,
                    -0.23086
                ],
                [
                    0.0,
                    0.0,
                    1.0,
                    -0.54301
                ],
                [
                    0.0,
                    0.0,
                    0.0,
                    1.0
                ]
            ],
            "size": [
                0.1,
                0.16,
                0.1
            ]
        },
        "collider2": {
            "type": "Box",
            "collider2origin": [
                [
                    -0.12656546582491565,
                    0.9868439179994322,
                    -0.1005995246909848,
                    1.2806763942767223
                ],
                [
                    -0.7725325789249562,
                    -0.16167585319673938,
                    -0.6140475005996385,
                    -0.27616882937075304
                ],
                [
                    -0.6222335553151073,
                    -7.97703867116999e-07,
                    0.7828316566409951,
                    -0.5069509403438586
                ],
                [
                    0.0,
                    0.0,
                    0.0,
                    1.0
                ]
            ],
            "size": [
                0.09102,
                0.10007,
                0.11882
            ]
        },
        "distance": 0.0
    },
    {
        "case": 1,
        "collider1": {
            "type": "Box",
            "collider2origin": [
                [
                    1.0,
                    0.0,
                    0.0,
                    1.28
                ],
                [
                    0.0,
                    1.0,
                    0.0,
                    -0.23086
                ],
                [
                    0.0,
                    0.0,
                    1.0,
                    -0.67301
                ],
                [
                    0.0,
                    0.0,
                    0.0,
                    1.0
                ]
            ],
            "size": [
                0.06,
                0.06,
                0.33
            ]
        },
        "collider2": {
            "type": "Box",
            "collider2origin": [
                [
                    -0.12656546582491565,
                    0.9868439179994322,
                    -0.1005995246909848,
                    1.2806763942767223
                ],
                [
                    -0.7725325789249562,
                    -0.16167585319673938,
                    -0.6140475005996385,
                    -0.27616882937075304
                ],
                [
                    -0.6222335553151073,
                    -7.97703867116999e-07,
                    0.7828316566409951,
                    -0.5069509403438586
                ],
                [
                    0.0,
                    0.0,
                    0.0,
                    1.0
                ]
            ],
            "size": [
                0.09102,
                0.10007,
                0.11882
            ]
        },
        "distance": 0.0
    },
    {
        "case": 2,
        "collider1": {
            "type": "Box",
            "collider2origin": [
                [
                    1.0,
                    0.0,
                    0.0,
                    1.23
                ],
                [
                    0.0,
                    1.0,
                    0.0,
                    -0.23086
                ],
                [
                    0.0,
                    0.0,
                    1.0,
                    -0.54301
                ],
                [
                    0.0,
                    0.0,
                    0.0,
                    1.0
                ]
            ],
            "size": [
                0.1,
                0.16,
                0.1
            ]
        },
        "collider2": {
            "type": "Box",
            "collider2origin": [
                [
                    -0.33259332862067703,
                    -0.9376894013419187,
                    -0.1005995246909848,
                    1.2715365346598468
                ],
                [
                    0.7623130066309063,
                    -0.2045105056682544,
                    -0.6140475005996385,
                    -0.34451658520976525
                ],
                [
                    0.5552121735682373,
                    -0.28091642828846564,
                    0.7828316566409951,
                    -0.42205177889793877
                ],
                [
                    0.0,
                    0.0,
                    0.0,
                    1.0
                ]
            ],
            "size": [
                0.09126,
                0.11887,
                0.10009
            ]
        },
        "distance": 0.021072788412865265
    },
    {
        "case": 3,
        "collider1": {
            "type": "Box",
            "collider2origin": [
                [
                    1.0,
                    0.0,
                    0.0,
                    1.23
                ],
                [
                    0.0,
                    1.0,
                    0.0,
                    -0.23086
                ],
                [
                    0.0,
                    0.0,
                    1.0,
                    -0.54301
                ],
                [
                    0.0,
                    0.0,
                    0.0,
                    1.0
                ]
            ],
            "size": [
                0.1,
                0.16,
                0.1
            ]
        },
        "collider2": {
            "type": "Box",
            "collider2origin": [
                [
                    -0.09753767103694816,
                    -0.9376878067737754,
                    0.33350859022890883,
                    1.2014684248853302
                ],
                [
                    -0.6210382254520255,
                    -0.2045110293976895,
                    -0.7566285491455479,
                    -0.36286276279883933
                ],
                [
                    0.777687549891399,
                    -0.28092136957249003,
                    -0.5623924420379679,
                    -0.44065478490951904
                ],
                [
                    0.0,
                    0.0,
                    0.0,
                    1.0
                ]
            ],
            "size": [
                0.08993,
                0.0305,
                0.09007
            ]
        },
        "distance": 0.026739759301618635
    },
    {
        "case": 4,
        "collider1": {
            "type": "Box",
            "collider2origin": [
                [
                    1.0,
                    0.0,
                    0.0,
                    1.2009999999999998
                ],
                [
                    0.0,
                    1.0,
                    0.0,
                    0.02914
                ],
                [
                    0.0,
                    0.0,
                    1.0,
                    -1.22801
                ],
                [
                    0.0,
                    0.0,
                    0.0,
                    1.0
                ]
            ],
            "size": [
                0.41,
                0.6,
                0.82
            ]
        },
        "collider2": {
            "type": "Box",
            "collider2origin": [
                [
                    -0.10679537211752035,
                    0.986844733362384,
                    0.1213763598449278,
                    1.1351974658679478
                ],
                [
                    -0.6518885093708072,
                    -0.16167087626833296,
                    0.7408804890918212,
                    -0.472888228892408
                ],
                [
                    0.750757031165601,
                    -1.246764993149216e-06,
                    0.6605784436036783,
                    -0.7019853218146392
                ],
                [
                    0.0,
                    0.0,
                    0.0,
                    1.0
                ]
            ],
            "size": [
                0.1202,
                0.13634,
                0.67816
            ]
        },
        "distance": 0.15396463289528237
    },
    {
        "case": 5,
        "collider1": {
            "type": "Box",
            "collider2origin": [
                [
                    1.0,
                    0.0,
                    0.0,
                    1.23
                ],
                [
                    0.0,
                    1.0,
                    0.0,
                    -0.23086
                ],
                [
                    0.0,
                    0.0,
                    1.0,
                    -0.54301
                ],
                [
                    0.0,
                    0.0,
                    0.0,
                    1.0
                ]
            ],
            "size": [
                0.1,
                0.16,
                0.1
            ]
        },
        "collider2": {
            "type": "Box",
            "collider2origin": [
                [
                    -0.10679537211752035,
                    0.986844733362384,
                    0.1213763598449278,
                    1.1351974658679478
                ],
                [
                    -0.6518885093708072,
                    -0.16167087626833296,
                    0.7408804890918212,
                    -0.472888228892408
                ],
                [
                    0.750757031165601,
                    -1.246764993149216e-06,
                    0.6605784436036783,
                    -0.7019853218146392
                ],
                [
                    0.0,
                    0.0,
                    0.0,
                    1.0
                ]
            ],
            "size": [
                0.1202,
                0.13634,
                0.67816
            ]
        },
        "distance": 0.0
    },
    {
        "case": 6,
        "collider1": {
            "type": "Box",
            "collider2origin": [
                [
                    1.0,
                    0.0,
                    0.0,
                    1.28
                ],
                [
                    0.0,
                    1.0,
                    0.0,
                    -0.23086
                ],
                [
                    0.0,
                    0.0,
                    1.0,
                    -0.67301
                ],
                [
                    0.0,
                    0.0,
                    0.0,
                    1.0
                ]
            ],
            "size": [
                0.06,
                0.06,
                0.33
            ]
        },
        "collider2": {
            "type": "Box",
            "collider2origin": [
                [
                    -0.10679537211752035,
                    0.986844733362384,
                    0.1213763598449278,
                    1.1351974658679478
                ],
                [
                    -0.6518885093708072,
                    -0.16167087626833296,
                    0.7408804890918212,
                    -0.472888228892408
                ],
                [
                    0.750757031165601,
                    -1.246764993149216e-06,
                    0.6605784436036783,
                    -0.7019853218146392
                ],
                [
                    0.0,
                    0.0,
                    0.0,
                    1.0
                ]
            ],
            "size": [
                0.1202,
                0.13634,
                0.67816
            ]
        },
        "distance": 0.0011430007595207624
    }
]