[
    {
        "case": 0,
        "collider1": {
            "type": "Box",
            "collider2origin": [
                [
                    1.0,
                    0.0,
                    0.0,
                    1.23
                ],
                [
                    0.0,
                    1.0,
                    0.0,
                    -0.23086
                ],
                [
                    0.0,
                    0.0,
                    1.0,
                    -0.54301
                ],
                [
                    0.0,
                    0.0,
                    0.0,
                    1.0
                ]
            ],
            "size": [
                0.1,
                0.16,
                0.1
            ]
        },
        "collider2": {
            "type": "Box",
            "collider2origin": [
                [
                    -0.23782638526190628,
                    -0.9695011323138049,
                    0.05921287795323958,
                    1.1116312506607549
                ],
                [
                    -0.9407877931341408,
                    0.24508683030686645,
                    0.23420242078152467,
                    -0.3617489241430172
                ],
                [
                    -0.24157180870922926,
                    -7.237620691512411e-06,
                    -0.9703829456377353,
                    -0.4446116435056502
                ],
                [
                    0.0,
                    0.0,
                    0.0,
                    1.0
                ]
            ],
            "size": [
                0.1202,
                0.13634,
                0.67816
            ]
        },
        "distance": 0.0
    }
]