[
    {
        "case": 0,
        "collider1": {
            "type": "Box",
            "collider2origin": [
                [
                    1.0,
                    0.0,
                    0.0,
                    0.7
                ],
                [
                    0.0,
                    1.0,
                    0.0,
                    -0.15085999999999994
                ],
                [
                    0.0,
                    0.0,
                    1.0,
                    -1.03301
                ],
                [
                    0.0,
                    0.0,
                    0.0,
                    1.0
                ]
            ],
            "size": [
                0.6,
                0.06,
                0.06
            ]
        },
        "collider2": {
            "type": "Box",
            "collider2origin": [
                [
                    0.20795525482298788,
                    -0.870818641789479,
                    0.44545426825144824,
                    0.6012091719908825
                ],
                [
                    -0.575497324294652,
                    -0.4771726140123521,
                    -0.6641604671811739,
                    -0.11496167171156413
                ],
                [
                    0.7909218935654788,
                    -0.11824208027832486,
                    -0.6003843508372377,
                    -0.9864075117890828
                ],
                [
                    0.0,
                    0.0,
                    0.0,
                    1.0
                ]
            ],
            "size": [
                0.09126,
                0.11887,
                0.10009
            ]
        },
        "distance": 0.0
    },
    {
        "case": 1,
        "collider1": {
            "type": "Box",
            "collider2origin": [
                [
                    1.0,
                    0.0,
                    0.0,
                    0.7
                ],
                [
                    0.0,
                    1.0,
                    0.0,
                    -0.15085999999999994
                ],
                [
                    0.0,
                    0.0,
                    1.0,
                    -1.03301
                ],
                [
                    0.0,
                    0.0,
                    0.0,
                    1.0
                ]
            ],
            "size": [
                0.6,
                0.06,
                0.06
            ]
        },
        "collider2": {
            "type": "Box",
            "collider2origin": [
                [
                    0.10326577170917965,
                    -0.870822043486756,
                    -0.4806299501392497,
                    0.5373795634176695
                ],
                [
                    0.05759885361900376,
                    -0.47716695329643843,
                    0.8769230700258551,
                    -0.15222358402406544
                ],
                [
                    -0.99298466879156,
                    -0.11823987169878265,
                    0.00088333774472035,
                    -0.9975340078847618
                ],
                [
                    0.0,
                    0.0,
                    0.0,
                    1.0
                ]
            ],
            "size": [
                0.08993,
                0.0305,
                0.09007
            ]
        },
        "distance": 0.0
    },
    {
        "case": 2,
        "collider1": {
            "type": "Box",
            "collider2origin": [
                [
                    1.0,
                    0.0,
                    0.0,
                    0.7
                ],
                [
                    0.0,
                    1.0,
                    0.0,
                    -0.15085999999999994
                ],
                [
                    0.0,
                    0.0,
                    1.0,
                    -1.03301
                ],
                [
                    0.0,
                    0.0,
                    0.0,
                    1.0
                ]
            ],
            "size": [
                0.6,
                0.06,
                0.06
            ]
        },
        "collider2": {
            "type": "Box",
            "collider2origin": [
                [
                    -0.5178677990340356,
                    -0.7889561431489123,
                    -0.3306979693182833,
                    0.4244559692668126
                ],
                [
                    0.8549758915483409,
                    -0.4903497539578072,
                    -0.16903651577288673,
                    -0.21471732161953205
                ],
                [
                    -0.028795270354059824,
                    -0.3702773595308121,
                    0.9284748297202923,
                    -1.0341832878755999
                ],
                [
                    0.0,
                    0.0,
                    0.0,
                    1.0
                ]
            ],
            "size": [
                0.07264,
                0.04753,
                0.03326
            ]
        },
        "distance": 0.0
    },
    {
        "case": 3,
        "collider1": {
            "type": "Box",
            "collider2origin": [
                [
                    1.0,
                    0.0,
                    0.0,
                    -0.08499999999999996
                ],
                [
                    0.0,
                    1.0,
                    0.0,
                    0.42914
                ],
                [
                    0.0,
                    0.0,
                    1.0,
                    -1.2880099999999999
                ],
                [
                    0.0,
                    0.0,
                    0.0,
                    1.0
                ]
            ],
            "size": [
                1.02,
                1.22,
                0.75
            ]
        },
        "collider2": {
            "type": "Box",
            "collider2origin": [
                [
                    -0.5178677990340356,
                    -0.7889561431489123,
                    -0.3306979693182833,
                    0.4244559692668126
                ],
                [
                    0.8549758915483409,
                    -0.4903497539578072,
                    -0.16903651577288673,
                    -0.21471732161953205
                ],
                [
                    -0.028795270354059824,
                    -0.3702773595308121,
                    0.9284748297202923,
                    -1.0341832878755999
                ],
                [
                    0.0,
                    0.0,
                    0.0,
                    1.0
                ]
            ],
            "size": [
                0.07264,
                0.04753,
                0.03326
            ]
        },
        "distance": 0.0
    },
    {
        "case": 4,
        "collider1": {
            "type": "Box",
            "collider2origin": [
                [
                    1.0,
                    0.0,
                    0.0,
                    -0.08499999999999996
                ],
                [
                    0.0,
                    1.0,
                    0.0,
                    0.42914
                ],
                [
                    0.0,
                    0.0,
                    1.0,
                    -1.2880099999999999
                ],
                [
                    0.0,
                    0.0,
                    0.0,
                    1.0
                ]
            ],
            "size": [
                1.02,
                1.22,
                0.75
            ]
        },
        "collider2": {
            "type": "Cylinder",
            "collider2origin": [
                [
                    -0.13291196714292017,
                    0.34562650485364177,
                    0.9289115825162555,
                    0.39619064467828913
                ],
                [
                    0.8949836068707074,
                    -0.3608272287002351,
                    0.26231289419547665,
                    -0.18430468441206704
                ],
                [
                    0.4258388808257157,
                    0.866225161358849,
                    -0.2613717991787516,
                    -0.9827842648265125
                ],
                [
                    0.0,
                    0.0,
                    0.0,
                    1.0
                ]
            ],
            "radius": 0.01271,
            "height": 0.05982
        },
        "distance": 0.0
    },
    {
        "case": 5,
        "collider1": {
            "type": "Box",
            "collider2origin": [
                [
                    1.0,
                    0.0,
                    0.0,
                    -0.08499999999999996
                ],
                [
                    0.0,
                    1.0,
                    0.0,
                    0.42914
                ],
                [
                    0.0,
                    0.0,
                    1.0,
                    -1.2880099999999999
                ],
                [
                    0.0,
                    0.0,
                    0.0,
                    1.0
                ]
            ],
            "size": [
                1.02,
                1.22,
                0.75
            ]
        },
        "collider2": {
            "type": "Cylinder",
            "collider2origin": [
                [
                    -0.14628212426083456,
                    0.2764566026231043,
                    0.9498280302180119,
                    0.3832234174404381
                ],
                [
                    0.8695564102570177,
                    -0.4218678803031886,
                    0.2567082798614471,
                    -0.18993511731295942
                ],
                [
                    0.4716706366763423,
                    0.863480884811346,
                    -0.17868288128063162,
                    -0.9783008126844145
                ],
                [
                    0.0,
                    0.0,
                    0.0,
                    1.0
                ]
            ],
            "radius": 0.01169,
            "height": 0.05502
        },
        "distance": 0.0
    },
    {
        "case": 6,
        "collider1": {
            "type": "Box",
            "collider2origin": [
                [
                    1.0,
                    0.0,
                    0.0,
                    0.5199999999999999
                ],
                [
                    0.0,
                    1.0,
                    0.0,
                    -0.43085999999999997
                ],
                [
                    0.0,
                    0.0,
                    1.0,
                    -0.80301
                ],
                [
                    0.0,
                    0.0,
                    0.0,
                    1.0
                ]
            ],
            "size": [
                0.2,
                0.08,
                0.04
            ]
        },
        "collider2": {
            "type": "Box",
            "collider2origin": [
                [
                    -0.21609733745833537,
                    0.8304940065487401,
                    -0.5134020313848003,
                    0.6069752990474927
                ],
                [
                    0.3221963412690692,
                    0.5570275622091145,
                    0.7654474590801098,
                    -0.3274916267297868
                ],
                [
                    0.9216786090694759,
                    -5.0982408306427445e-06,
                    -0.38795430344019144,
                    -0.8058019707656314
                ],
                [
                    0.0,
                    0.0,
                    0.0,
                    1.0
                ]
            ],
            "size": [
                0.1202,
                0.13634,
                0.67816
            ]
        },
        "distance": 0.0
    },
    {
        "case": 7,
        "collider1": {
            "type": "Box",
            "collider2origin": [
                [
                    1.0,
                    0.0,
                    0.0,
                    0.44499999999999995
                ],
                [
                    0.0,
                    1.0,
                    0.0,
                    -0.025859999999999994
                ],
                [
                    0.0,
                    0.0,
                    1.0,
                    -0.67801
                ],
                [
                    0.0,
                    0.0,
                    0.0,
                    1.0
                ]
            ],
            "size": [
                0.06,
                0.09,
                0.004
            ]
        },
        "collider2": {
            "type": "Box",
            "collider2origin": [
                [
                    -0.21609733745833537,
                    0.8304940065487401,
                    -0.5134020313848003,
                    0.6069752990474927
                ],
                [
                    0.3221963412690692,
                    0.5570275622091145,
                    0.7654474590801098,
                    -0.3274916267297868
                ],
                [
                    0.9216786090694759,
                    -5.0982408306427445e-06,
                    -0.38795430344019144,
                    -0.8058019707656314
                ],
                [
                    0.0,
                    0.0,
                    0.0,
                    1.0
                ]
            ],
            "size": [
                0.1202,
                0.13634,
                0.67816
            ]
        },
        "distance": 0.16704505056807284
    },
    {
        "case": 8,
        "collider1": {
            "type": "Cylinder",
            "collider2origin": [
                [
                    1.0,
                    0.0,
                    0.0,
                    0.4849999999999999
                ],
                [
                    0.0,
                    -3.673205103346574e-06,
                    -0.9999999999932537,
                    -0.46086
                ],
                [
                    0.0,
                    0.9999999999932537,
                    -3.673205103346574e-06,
                    -0.70001
                ],
                [
                    0.0,
                    0.0,
                    0.0,
                    1.0
                ]
            ],
            "radius": 0.026,
            "height": 0.272
        },
        "collider2": {
            "type": "Box",
            "collider2origin": [
                [
                    -0.21609733745833537,
                    0.8304940065487401,
                    -0.5134020313848003,
                    0.6069752990474927
                ],
                [
                    0.3221963412690692,
                    0.5570275622091145,
                    0.7654474590801098,
                    -0.3274916267297868
                ],
                [
                    0.9216786090694759,
                    -5.0982408306427445e-06,
                    -0.38795430344019144,
                    -0.8058019707656314
                ],
                [
                    0.0,
                    0.0,
                    0.0,
                    1.0
                ]
            ],
            "size": [
                0.1202,
                0.13634,
                0.67816
            ]
        },
        "distance": 0.04578481870535485
    },
    {
        "case": 9,
        "collider1": {
            "type": "Box",
            "collider2origin": [
                [
                    1.0,
                    0.0,
                    0.0,
                    -0.08499999999999996
                ],
                [
                    0.0,
                    1.0,
                    0.0,
                    0.42914
                ],
                [
                    0.0,
                    0.0,
                    1.0,
                    -1.2880099999999999
                ],
                [
                    0.0,
                    0.0,
                    0.0,
                    1.0
                ]
            ],
            "size": [
                1.02,
                1.22,
                0.75
            ]
        },
        "collider2": {
            "type": "Box",
            "collider2origin": [
                [
                    -0.21609733745833537,
                    0.8304940065487401,
                    -0.5134020313848003,
                    0.6069752990474927
                ],
                [
                    0.3221963412690692,
                    0.5570275622091145,
                    0.7654474590801098,
                    -0.3274916267297868
                ],
                [
                    0.9216786090694759,
                    -5.0982408306427445e-06,
                    -0.38795430344019144,
                    -0.8058019707656314
                ],
                [
                    0.0,
                    0.0,
                    0.0,
                    1.0
                ]
            ],
            "size": [
                0.1202,
                0.13634,
                0.67816
            ]
        },
        "distance": 0.0
    },
    {
        "case": 10,
        "collider1": {
            "type": "Box",
            "collider2origin": [
                [
                    1.0,
                    0.0,
                    0.0,
                    -0.26
                ],
                [
                    0.0,
                    1.0,
                    0.0,
                    -0.4608599999999999
                ],
                [
                    0.0,
                    0.0,
                    1.0,
                    -1.143
                ],
                [
                    0.0,
                    0.0,
                    0.0,
                    1.0
                ]
            ],
            "size": [
                1.48,
                0.272,
                0.945
            ]
        },
        "collider2": {
            "type": "Box",
            "collider2origin": [
                [
                    -0.21609733745833537,
                    0.8304940065487401,
                    -0.5134020313848003,
                    0.6069752990474927
                ],
                [
                    0.3221963412690692,
                    0.5570275622091145,
                    0.7654474590801098,
                    -0.3274916267297868
                ],
                [
                    0.9216786090694759,
                    -5.0982408306427445e-06,
                    -0.38795430344019144,
                    -0.8058019707656314
                ],
                [
                    0.0,
                    0.0,
                    0.0,
                    1.0
                ]
            ],
            "size": [
                0.1202,
                0.13634,
                0.67816
            ]
        },
        "distance": 0.035815847306257476
    },
    {
        "case": 11,
        "collider1": {
            "type": "Box",
            "collider2origin": [
                [
                    1.0,
                    0.0,
                    0.0,
                    -0.08500000000000019
                ],
                [
                    0.0,
                    1.0,
                    0.0,
                    -0.03585999999999995
                ],
                [
                    0.0,
                    0.0,
                    1.0,
                    -0.81301
                ],
                [
                    0.0,
                    0.0,
                    0.0,
                    1.0
                ]
            ],
            "size": [
                1.01,
                0.28,
                0.27
            ]
        },
        "collider2": {
            "type": "Box",
            "collider2origin": [
                [
                    -0.21609733745833537,
                    0.8304940065487401,
                    -0.5134020313848003,
                    0.6069752990474927
                ],
                [
                    0.3221963412690692,
                    0.5570275622091145,
                    0.7654474590801098,
                    -0.3274916267297868
                ],
                [
                    0.9216786090694759,
                    -5.0982408306427445e-06,
                    -0.38795430344019144,
                    -0.8058019707656314
                ],
                [
                    0.0,
                    0.0,
                    0.0,
                    1.0
                ]
            ],
            "size": [
                0.1202,
                0.13634,
                0.67816
            ]
        },
        "distance": 0.0
    },
    {
        "case": 12,
        "collider1": {
            "type": "Box",
            "collider2origin": [
                [
                    1.0,
                    0.0,
                    0.0,
                    0.7
                ],
                [
                    0.0,
                    1.0,
                    0.0,
                    -0.15085999999999994
                ],
                [
                    0.0,
                    0.0,
                    1.0,
                    -1.03301
                ],
                [
                    0.0,
                    0.0,
                    0.0,
                    1.0
                ]
            ],
            "size": [
                0.6,
                0.06,
                0.06
            ]
        },
        "collider2": {
            "type": "Box",
            "collider2origin": [
                [
                    -0.5756672735562165,
                    -0.7889560090659246,
                    -0.21483855779426678,
                    0.46501671068054506
                ],
                [
                    0.8005745278423746,
                    -0.4903530762838172,
                    -0.34443328228984404,
                    -0.19149282555513414
                ],
                [
                    0.16639596006607468,
                    -0.37027324550629515,
                    0.9138983029505654,
                    -1.0130682520356333
                ],
                [
                    0.0,
                    0.0,
                    0.0,
                    1.0
                ]
            ],
            "size": [
                0.06241,
                0.05638,
                0.02858
            ]
        },
        "distance": 0.0
    },
    {
        "case": 13,
        "collider1": {
            "type": "Box",
            "collider2origin": [
                [
                    1.0,
                    0.0,
                    0.0,
                    -0.08499999999999996
                ],
                [
                    0.0,
                    1.0,
                    0.0,
                    0.42914
                ],
                [
                    0.0,
                    0.0,
                    1.0,
                    -1.2880099999999999
                ],
                [
                    0.0,
                    0.0,
                    0.0,
                    1.0
                ]
            ],
            "size": [
                1.02,
                1.22,
                0.75
            ]
        },
        "collider2": {
            "type": "Box",
            "collider2origin": [
                [
                    -0.5756672735562165,
                    -0.7889560090659246,
                    -0.21483855779426678,
                    0.46501671068054506
                ],
                [
                    0.8005745278423746,
                    -0.4903530762838172,
                    -0.34443328228984404,
                    -0.19149282555513414
                ],
                [
                    0.16639596006607468,
                    -0.37027324550629515,
                    0.9138983029505654,
                    -1.0130682520356333
                ],
                [
                    0.0,
                    0.0,
                    0.0,
                    1.0
                ]
            ],
            "size": [
                0.06241,
                0.05638,
                0.02858
            ]
        },
        "distance": 0.0
    }
]