[
    {
        "case": 0,
        "collider1": {
            "type": "Box",
            "collider2origin": [
                [
                    1.0,
                    0.0,
                    0.0,
                    0.0
                ],
                [
                    0.0,
                    1.0,
                    0.0,
                    -0.37086
                ],
                [
                    0.0,
                    0.0,
                    1.0,
                    0.39699
                ],
                [
                    0.0,
                    0.0,
                    0.0,
                    1.0
                ]
            ],
            "size": [
                0.6,
                1.6,
                0.1
            ]
        },
        "collider2": {
            "type": "Box",
            "collider2origin": [
                [
                    -0.6975349939438467,
                    -0.46318690494770665,
                    0.5467200593619388,
                    0.1814546392820392
                ],
                [
                    0.364552575385377,
                    -0.8862606225509245,
                    -0.2857333174404706,
                    -0.7526926932341392
                ],
                [
                    0.6168843911168825,
                    -7.821951528204259e-07,
                    0.7870537770671969,
                    0.35361708066691855
                ],
                [
                    0.0,
                    0.0,
                    0.0,
                    1.0
                ]
            ],
            "size": [
                0.09102,
                0.10007,
                0.11882
            ]
        },
        "distance": 0.0
    },
    {
        "case": 1,
        "collider1": {
            "type": "Box",
            "collider2origin": [
                [
                    1.0,
                    0.0,
                    0.0,
                    0.0
                ],
                [
                    0.0,
                    1.0,
                    0.0,
                    -0.37086
                ],
                [
                    0.0,
                    0.0,
                    1.0,
                    0.39699
                ],
                [
                    0.0,
                    0.0,
                    0.0,
                    1.0
                ]
            ],
            "size": [
                0.6,
                1.6,
                0.1
            ]
        },
        "collider2": {
            "type": "Box",
            "collider2origin": [
                [
                    0.7980406519509393,
                    0.3104625950089586,
                    0.5164727436506431,
                    0.319994978405436
                ],
                [
                    -0.07081054526238896,
                    -0.8028174526851223,
                    0.5920050712146088,
                    -0.8952391560633053
                ],
                [
                    0.5984287631066565,
                    -0.5090158295814329,
                    -0.6186969377022665,
                    0.35231914270228226
                ],
                [
                    0.0,
                    0.0,
                    0.0,
                    1.0
                ]
            ],
            "size": [
                0.06241,
                0.05638,
                0.02858
            ]
        },
        "distance": 0.0
    },
    {
        "case": 2,
        "collider1": {
            "type": "Box",
            "collider2origin": [
                [
                    1.0,
                    0.0,
                    0.0,
                    0.0
                ],
                [
                    0.0,
                    1.0,
                    0.0,
                    -0.37086
                ],
                [
                    0.0,
                    0.0,
                    1.0,
                    0.39699
                ],
                [
                    0.0,
                    0.0,
                    0.0,
                    1.0
                ]
            ],
            "size": [
                0.6,
                1.6,
                0.1
            ]
        },
        "collider2": {
            "type": "Box",
            "collider2origin": [
                [
                    0.6721014815802472,
                    0.3104617149364844,
                    0.6722299621530814,
                    0.335550523562552
                ],
                [
                    -0.1932849430196777,
                    -0.8028204842157372,
                    0.5640214543131215,
                    -0.937966755806768
                ],
                [
                    0.7147870516870856,
                    -0.5090115850177732,
                    -0.4795692620030788,
                    0.32859630697323494
                ],
                [
                    0.0,
                    0.0,
                    0.0,
                    1.0
                ]
            ],
            "size": [
                0.07264,
                0.04753,
                0.03326
            ]
        },
        "distance": 0.011230382825249224
    },
    {
        "case": 3,
        "collider1": {
            "type": "Box",
            "collider2origin": [
                [
                    1.0,
                    0.0,
                    0.0,
                    0.0
                ],
                [
                    0.0,
                    1.0,
                    0.0,
                    -0.37086
                ],
                [
                    0.0,
                    0.0,
                    1.0,
                    0.39699
                ],
                [
                    0.0,
                    0.0,
                    0.0,
                    1.0
                ]
            ],
            "size": [
                0.6,
                1.6,
                0.1
            ]
        },
        "collider2": {
            "type": "Box",
            "collider2origin": [
                [
                    -0.5528106115645197,
                    0.5047354278583909,
                    0.6630554845608839,
                    0.2807313572120551
                ],
                [
                    -0.756566001452307,
                    -0.6375321622844597,
                    -0.1454669292291854,
                    -0.8375944371366828
                ],
                [
                    0.3492968840229314,
                    -0.5820608988048485,
                    0.734300208970665,
                    0.3987435216283639
                ],
                [
                    0.0,
                    0.0,
                    0.0,
                    1.0
                ]
            ],
            "size": [
                0.08993,
                0.0305,
                0.09007
            ]
        },
        "distance": 0.0
    },
    {
        "case": 4,
        "collider1": {
            "type": "Box",
            "collider2origin": [
                [
                    1.0,
                    0.0,
                    0.0,
                    0.0
                ],
                [
                    0.0,
                    1.0,
                    0.0,
                    -0.37086
                ],
                [
                    0.0,
                    0.0,
                    1.0,
                    0.39699
                ],
                [
                    0.0,
                    0.0,
                    0.0,
                    1.0
                ]
            ],
            "size": [
                0.6,
                1.6,
                0.1
            ]
        },
        "collider2": {
            "type": "Box",
            "collider2origin": [
                [
                    -0.668086638039336,
                    0.5047350005345135,
                    0.5467200593619388,
                    0.2403121097257903
                ],
                [
                    -0.7154778517950507,
                    -0.6375326775116729,
                    -0.2857333174404706,
                    -0.7888052467776878
                ],
                [
                    0.20433229716331347,
                    -0.5820607050301732,
                    0.7870537770671969,
                    0.43855773893915106
                ],
                [
                    0.0,
                    0.0,
                    0.0,
                    1.0
                ]
            ],
            "size": [
                0.09126,
                0.11887,
                0.10009
            ]
        },
        "distance": 0.0
    },
    {
        "case": 5,
        "collider1": {
            "type": "Box",
            "collider2origin": [
                [
                    1.0,
                    0.0,
                    0.0,
                    0.0
                ],
                [
                    0.0,
                    1.0,
                    0.0,
                    -0.37086
                ],
                [
                    0.0,
                    0.0,
                    1.0,
                    0.39699
                ],
                [
                    0.0,
                    0.0,
                    0.0,
                    1.0
                ]
            ],
            "size": [
                0.6,
                1.6,
                0.1
            ]
        },
        "collider2": {
            "type": "Box",
            "collider2origin": [
                [
                    -0.29821749229132627,
                    -0.46319197873676304,
                    -0.8345774488478555,
                    0.4753083191882811
                ],
                [
                    0.15586234479942063,
                    -0.8862579708121006,
                    0.4361808554322902,
                    -0.7801670357144698
                ],
                [
                    -0.9416863898162164,
                    -2.437201642172212e-06,
                    0.33649181747697915,
                    0.253544000196809
                ],
                [
                    0.0,
                    0.0,
                    0.0,
                    1.0
                ]
            ],
            "size": [
                0.1202,
                0.13634,
                0.67816
            ]
        },
        "distance": 0.0
    }
]