[
    {
        "case": 0,
        "collider1": {
            "type": "Box",
            "collider2origin": [
                [
                    1.0,
                    0.0,
                    0.0,
                    0.7
                ],
                [
                    0.0,
                    1.0,
                    0.0,
                    -0.15085999999999994
                ],
                [
                    0.0,
                    0.0,
                    1.0,
                    -1.03301
                ],
                [
                    0.0,
                    0.0,
                    0.0,
                    1.0
                ]
            ],
            "size": [
                0.6,
                0.06,
                0.06
            ]
        },
        "collider2": {
            "type": "Box",
            "collider2origin": [
                [
                    -0.3067308284917305,
                    0.914058414562914,
                    -0.2653552592648361,
                    0.7615815293038664
                ],
                [
                    0.691287401409535,
                    0.4055825621561089,
                    0.5980171518671841,
                    -0.06828229522898444
                ],
                [
                    0.6542460756513784,
                    -6.451183055658159e-06,
                    -0.7562817414516583,
                    -0.9810124586697536
                ],
                [
                    0.0,
                    0.0,
                    0.0,
                    1.0
                ]
            ],
            "size": [
                0.09102,
                0.10007,
                0.11882
            ]
        },
        "distance": 0.0
    },
    {
        "case": 1,
        "collider1": {
            "type": "Box",
            "collider2origin": [
                [
                    1.0,
                    0.0,
                    0.0,
                    0.7
                ],
                [
                    0.0,
                    1.0,
                    0.0,
                    -0.15085999999999994
                ],
                [
                    0.0,
                    0.0,
                    1.0,
                    -1.03301
                ],
                [
                    0.0,
                    0.0,
                    0.0,
                    1.0
                ]
            ],
            "size": [
                0.6,
                0.06,
                0.06
            ]
        },
        "collider2": {
            "type": "Box",
            "collider2origin": [
                [
                    -0.09577814637007037,
                    0.9140579416113309,
                    -0.3941124535651848,
                    0.775103360510764
                ],
                [
                    0.2158646984086027,
                    0.4055836280677993,
                    0.8882028780770325,
                    -0.3743116464619183
                ],
                [
                    0.9717144532520221,
                    -4.540665143282892e-06,
                    -0.23615888998829987,
                    -0.9100543496350963
                ],
                [
                    0.0,
                    0.0,
                    0.0,
                    1.0
                ]
            ],
            "size": [
                0.1202,
                0.13634,
                0.67816
            ]
        },
        "distance": 0.0
    },
    {
        "case": 2,
        "collider1": {
            "type": "Box",
            "collider2origin": [
                [
                    1.0,
                    0.0,
                    0.0,
                    0.5199999999999999
                ],
                [
                    0.0,
                    1.0,
                    0.0,
                    -0.43085999999999997
                ],
                [
                    0.0,
                    0.0,
                    1.0,
                    -0.80301
                ],
                [
                    0.0,
                    0.0,
                    0.0,
                    1.0
                ]
            ],
            "size": [
                0.2,
                0.08,
                0.04
            ]
        },
        "collider2": {
            "type": "Box",
            "collider2origin": [
                [
                    -0.09577814637007037,
                    0.9140579416113309,
                    -0.3941124535651848,
                    0.775103360510764
                ],
                [
                    0.2158646984086027,
                    0.4055836280677993,
                    0.8882028780770325,
                    -0.3743116464619183
                ],
                [
                    0.9717144532520221,
                    -4.540665143282892e-06,
                    -0.23615888998829987,
                    -0.9100543496350963
                ],
                [
                    0.0,
                    0.0,
                    0.0,
                    1.0
                ]
            ],
            "size": [
                0.1202,
                0.13634,
                0.67816
            ]
        },
        "distance": 0.08791911082533299
    },
    {
        "case": 3,
        "collider1": {
            "type": "Box",
            "collider2origin": [
                [
                    1.0,
                    0.0,
                    0.0,
                    0.7
                ],
                [
                    0.0,
                    1.0,
                    0.0,
                    -0.15085999999999994
                ],
                [
                    0.0,
                    0.0,
                    1.0,
                    -1.03301
                ],
                [
                    0.0,
                    0.0,
                    0.0,
                    1.0
                ]
            ],
            "size": [
                0.6,
                0.06,
                0.06
            ]
        },
        "collider2": {
            "type": "Box",
            "collider2origin": [
                [
                    0.06338127806077959,
                    -0.8273801748490363,
                    -0.5580545312585136,
                    0.5453740165989893
                ],
                [
                    -0.4829146892261341,
                    -0.5147806399970513,
                    0.7083744035563765,
                    -0.08685243667343834
                ],
                [
                    -0.8733706066275694,
                    0.22459505549099548,
                    -0.4321814948930459,
                    -1.0437278839950939
                ],
                [
                    0.0,
                    0.0,
                    0.0,
                    1.0
                ]
            ],
            "size": [
                0.07264,
                0.04753,
                0.03326
            ]
        },
        "distance": 0.0
    }
]