[
    {
        "case": 0,
        "collider1": {
            "type": "Box",
            "collider2origin": [
                [
                    1.0,
                    0.0,
                    0.0,
                    -0.06
                ],
                [
                    0.0,
                    1.0,
                    0.0,
                    -0.37086
                ],
                [
                    0.0,
                    0.0,
                    1.0,
                    -0.40301
                ],
                [
                    0.0,
                    0.0,
                    0.0,
                    1.0
                ]
            ],
            "size": [
                0.1,
                1.0,
                1.64
            ]
        },
        "collider2": {
            "type": "Box",
            "collider2origin": [
                [
                    -0.33861996031183494,
                    -0.9010984935650246,
                    -0.27084687070973285,
                    -0.11186515889265114
                ],
                [
                    0.9129898657294974,
                    -0.38427865216842416,
                    0.13703803327125416,
                    -0.6229492590622021
                ],
                [
                    -0.2275654357622125,
                    -0.20087663473500963,
                    0.9528182145949415,
                    0.07786328883443572
                ],
                [
                    0.0,
                    0.0,
                    0.0,
                    1.0
                ]
            ],
            "size": [
                0.09126,
                0.11887,
                0.10009
            ]
        },
        "distance": 0.0
    },
    {
        "case": 1,
        "collider1": {
            "type": "Box",
            "collider2origin": [
                [
                    1.0,
                    0.0,
                    0.0,
                    -0.06
                ],
                [
                    0.0,
                    1.0,
                    0.0,
                    -0.37086
                ],
                [
                    0.0,
                    0.0,
                    1.0,
                    -0.40301
                ],
                [
                    0.0,
                    0.0,
                    0.0,
                    1.0
                ]
            ],
            "size": [
                0.1,
                1.0,
                1.64
            ]
        },
        "collider2": {
            "type": "Box",
            "collider2origin": [
                [
                    -0.850189324138173,
                    -0.45146437926842253,
                    -0.27084687070973285,
                    -0.07831770012921768
                ],
                [
                    0.43016353074778296,
                    -0.8922891427400356,
                    0.13703803327125416,
                    -0.6336843247946435
                ],
                [
                    -0.303541512706381,
                    -1.7330837493603254e-07,
                    0.9528182145949415,
                    -0.025821388206008766
                ],
                [
                    0.0,
                    0.0,
                    0.0,
                    1.0
                ]
            ],
            "size": [
                0.09102,
                0.10007,
                0.11882
            ]
        },
        "distance": 0.0
    },
    {
        "case": 2,
        "collider1": {
            "type": "Box",
            "collider2origin": [
                [
                    1.0,
                    0.0,
                    0.0,
                    -0.06
                ],
                [
                    0.0,
                    1.0,
                    0.0,
                    -0.37086
                ],
                [
                    0.0,
                    0.0,
                    1.0,
                    -0.40301
                ],
                [
                    0.0,
                    0.0,
                    0.0,
                    1.0
                ]
            ],
            "size": [
                0.1,
                1.0,
                1.64
            ]
        },
        "collider2": {
            "type": "Box",
            "collider2origin": [
                [
                    -0.1713086348204228,
                    -0.4514666009776922,
                    -0.8756890200508466,
                    0.22830434852217507
                ],
                [
                    0.08667945578133503,
                    -0.8922880186312265,
                    0.4430674483107638,
                    -0.6635719437299656
                ],
                [
                    -0.9813969755310104,
                    -2.9679882127830343e-06,
                    0.19198952161453098,
                    -0.08432339628154129
                ],
                [
                    0.0,
                    0.0,
                    0.0,
                    1.0
                ]
            ],
            "size": [
                0.1202,
                0.13634,
                0.67816
            ]
        },
        "distance": 0.0
    }
]