[
    {
        "case": 0,
        "collider1": {
            "type": "Box",
            "collider2origin": [
                [
                    1.0,
                    0.0,
                    0.0,
                    -0.06
                ],
                [
                    0.0,
                    1.0,
                    0.0,
                    -0.37086
                ],
                [
                    0.0,
                    0.0,
                    1.0,
                    -0.40301
                ],
                [
                    0.0,
                    0.0,
                    0.0,
                    1.0
                ]
            ],
            "size": [
                0.1,
                1.0,
                1.64
            ]
        },
        "collider2": {
            "type": "Box",
            "collider2origin": [
                [
                    -0.5253783049737462,
                    0.6606730752975758,
                    0.5361797499344387,
                    0.04883641273926842
                ],
                [
                    0.8047433634264929,
                    0.5904863209237844,
                    0.06094279139413554,
                    -0.9419704752540021
                ],
                [
                    -0.2763435464850393,
                    0.4635051158064357,
                    -0.8419009751374169,
                    -0.4637948553130482
                ],
                [
                    0.0,
                    0.0,
                    0.0,
                    1.0
                ]
            ],
            "size": [
                0.09126,
                0.11887,
                0.10009
            ]
        },
        "distance": 0.033266573186210645
    }
]