[
    {
        "case": 0,
        "collider1": {
            "type": "Box",
            "collider2origin": [
                [
                    1.0,
                    0.0,
                    0.0,
                    1.23
                ],
                [
                    0.0,
                    1.0,
                    0.0,
                    -0.23086
                ],
                [
                    0.0,
                    0.0,
                    1.0,
                    -0.54301
                ],
                [
                    0.0,
                    0.0,
                    0.0,
                    1.0
                ]
            ],
            "size": [
                0.1,
                0.16,
                0.1
            ]
        },
        "collider2": {
            "type": "Box",
            "collider2origin": [
                [
                    -0.0984050956995433,
                    -0.8134149424873633,
                    0.573299719587096,
                    1.0300077412968467
                ],
                [
                    -0.1376149680649898,
                    0.5816838757605676,
                    0.8016894593573227,
                    -0.6579763720961844
                ],
                [
                    -0.9855853883377307,
                    -4.294633273363334e-06,
                    -0.16917872879508394,
                    -0.4233517118938128
                ],
                [
                    0.0,
                    0.0,
                    0.0,
                    1.0
                ]
            ],
            "size": [
                0.15068,
                0.17726,
                0.74884
            ]
        },
        "distance": 0.0016347571664647796
    },
    {
        "case": 1,
        "collider1": {
            "type": "Box",
            "collider2origin": [
                [
                    1.0,
                    0.0,
                    0.0,
                    1.23
                ],
                [
                    0.0,
                    1.0,
                    0.0,
                    -0.23086
                ],
                [
                    0.0,
                    0.0,
                    1.0,
                    -0.54301
                ],
                [
                    0.0,
                    0.0,
                    0.0,
                    1.0
                ]
            ],
            "size": [
                0.1,
                0.16,
                0.1
            ]
        },
        "collider2": {
            "type": "Box",
            "collider2origin": [
                [
                    -0.0984050956995433,
                    -0.8134149424873633,
                    0.573299719587096,
                    1.0300077412968467
                ],
                [
                    -0.1376149680649898,
                    0.5816838757605676,
                    0.8016894593573227,
                    -0.6579763720961844
                ],
                [
                    -0.9855853883377307,
                    -4.294633273363334e-06,
                    -0.16917872879508394,
                    -0.4233517118938128
                ],
                [
                    0.0,
                    0.0,
                    0.0,
                    1.0
                ]
            ],
            "size": [
                0.15068,
                0.17726,
                0.74884
            ]
        },
        "distance": 0.0016347571664647796
    }
]