[
    {
        "case": 0,
        "collider1": {
            "type": "Box",
            "collider2origin": [
                [
                    1.0,
                    0.0,
                    0.0,
                    0.5199999999999999
                ],
                [
                    0.0,
                    1.0,
                    0.0,
                    -0.43085999999999997
                ],
                [
                    0.0,
                    0.0,
                    1.0,
                    -0.80301
                ],
                [
                    0.0,
                    0.0,
                    0.0,
                    1.0
                ]
            ],
            "size": [
                0.2,
                0.08,
                0.04
            ]
        },
        "collider2": {
            "type": "Box",
            "collider2origin": [
                [
                    -0.9291086367372827,
                    -0.3694578300197939,
                    -0.016064027429418315,
                    0.4970852727029125
                ],
                [
                    0.3693564429642105,
                    -0.9292443590806294,
                    0.008985497073400798,
                    -0.5333111376002433
                ],
                [
                    -0.01824716912329133,
                    0.0024151509052647963,
                    0.9998305895826005,
                    -0.8476054796782562
                ],
                [
                    0.0,
                    0.0,
                    0.0,
                    1.0
                ]
            ],
            "size": [
                0.09126,
                0.11887,
                0.10009
            ]
        },
        "distance": 0.0
    },
    {
        "case": 1,
        "collider1": {
            "type": "Box",
            "collider2origin": [
                [
                    1.0,
                    0.0,
                    0.0,
                    -0.26
                ],
                [
                    0.0,
                    1.0,
                    0.0,
                    -0.4608599999999999
                ],
                [
                    0.0,
                    0.0,
                    1.0,
                    -1.143
                ],
                [
                    0.0,
                    0.0,
                    0.0,
                    1.0
                ]
            ],
            "size": [
                1.48,
                0.272,
                0.945
            ]
        },
        "collider2": {
            "type": "Box",
            "collider2origin": [
                [
                    -0.9291086367372827,
                    -0.3694578300197939,
                    -0.016064027429418315,
                    0.4970852727029125
                ],
                [
                    0.3693564429642105,
                    -0.9292443590806294,
                    0.008985497073400798,
                    -0.5333111376002433
                ],
                [
                    -0.01824716912329133,
                    0.0024151509052647963,
                    0.9998305895826005,
                    -0.8476054796782562
                ],
                [
                    0.0,
                    0.0,
                    0.0,
                    1.0
                ]
            ],
            "size": [
                0.09126,
                0.11887,
                0.10009
            ]
        },
        "distance": 0.0
    },
    {
        "case": 2,
        "collider1": {
            "type": "Box",
            "collider2origin": [
                [
                    1.0,
                    0.0,
                    0.0,
                    -0.26
                ],
                [
                    0.0,
                    1.0,
                    0.0,
                    -0.4608599999999999
                ],
                [
                    0.0,
                    0.0,
                    1.0,
                    -1.143
                ],
                [
                    0.0,
                    0.0,
                    0.0,
                    1.0
                ]
            ],
            "size": [
                1.48,
                0.272,
                0.945
            ]
        },
        "collider2": {
            "type": "Box",
            "collider2origin": [
                [
                    -0.49995326851047484,
                    -0.369454893813057,
                    0.7832942044616927,
                    0.4702321768728366
                ],
                [
                    0.2009622917556097,
                    -0.9292455308799089,
                    -0.3100272578855758,
                    -0.6029894176270127
                ],
                [
                    0.8424137265014301,
                    0.0024134575402754003,
                    0.5388258425731591,
                    -0.8431475116051145
                ],
                [
                    0.0,
                    0.0,
                    0.0,
                    1.0
                ]
            ],
            "size": [
                0.08993,
                0.0305,
                0.09007
            ]
        },
        "distance": 0.0
    },
    {
        "case": 3,
        "collider1": {
            "type": "Box",
            "collider2origin": [
                [
                    1.0,
                    0.0,
                    0.0,
                    -0.26
                ],
                [
                    0.0,
                    1.0,
                    0.0,
                    -0.4608599999999999
                ],
                [
                    0.0,
                    0.0,
                    1.0,
                    -1.143
                ],
                [
                    0.0,
                    0.0,
                    0.0,
                    1.0
                ]
            ],
            "size": [
                1.48,
                0.272,
                0.945
            ]
        },
        "collider2": {
            "type": "Box",
            "collider2origin": [
                [
                    0.8725979838396314,
                    0.48817487196880327,
                    -0.016064027429418315,
                    0.49756869979989526
                ],
                [
                    -0.4880921700499829,
                    0.8727458360704119,
                    0.008985497073400798,
                    -0.5356812741790605
                ],
                [
                    0.018406306932929172,
                    -6.222792097558654e-10,
                    0.9998305895826005,
                    -0.9569449256578797
                ],
                [
                    0.0,
                    0.0,
                    0.0,
                    1.0
                ]
            ],
            "size": [
                0.09102,
                0.10007,
                0.11882
            ]
        },
        "distance": 0.0
    },
    {
        "case": 4,
        "collider1": {
            "type": "Box",
            "collider2origin": [
                [
                    1.0,
                    0.0,
                    0.0,
                    -0.26
                ],
                [
                    0.0,
                    1.0,
                    0.0,
                    -0.4608599999999999
                ],
                [
                    0.0,
                    0.0,
                    1.0,
                    -1.143
                ],
                [
                    0.0,
                    0.0,
                    0.0,
                    1.0
                ]
            ],
            "size": [
                1.48,
                0.272,
                0.945
            ]
        },
        "collider2": {
            "type": "Box",
            "collider2origin": [
                [
                    0.02756635751238431,
                    0.4881717267938843,
                    -0.8723121351285767,
                    0.6978605427928672
                ],
                [
                    -0.015415179604446176,
                    0.8727475953254888,
                    0.4879282806840971,
                    -0.7757712287985111
                ],
                [
                    0.9995011096398351,
                    -3.557191595888055e-06,
                    0.031583727077156516,
                    -0.9688210376531687
                ],
                [
                    0.0,
                    0.0,
                    0.0,
                    1.0
                ]
            ],
            "size": [
                0.1202,
                0.13634,
                0.67816
            ]
        },
        "distance": 0.0
    }
]