[
    {
        "case": 0,
        "collider1": {
            "type": "Box",
            "collider2origin": [
                [
                    1.0,
                    0.0,
                    0.0,
                    1.2009999999999998
                ],
                [
                    0.0,
                    1.0,
                    0.0,
                    0.02914
                ],
                [
                    0.0,
                    0.0,
                    1.0,
                    -1.22801
                ],
                [
                    0.0,
                    0.0,
                    0.0,
                    1.0
                ]
            ],
            "size": [
                0.41,
                0.6,
                0.82
            ]
        },
        "collider2": {
            "type": "Box",
            "collider2origin": [
                [
                    0.04355477005929543,
                    -0.9967377166204691,
                    0.06794782021003422,
                    0.9856411194553201
                ],
                [
                    0.5378745835585611,
                    0.08070888590083312,
                    0.8391525535314487,
                    -0.58012477341728
                ],
                [
                    -0.8418989929717141,
                    -1.6910145487147563e-06,
                    0.5396351412114985,
                    -0.8058555374506166
                ],
                [
                    0.0,
                    0.0,
                    0.0,
                    1.0
                ]
            ],
            "size": [
                0.1202,
                0.13634,
                0.67816
            ]
        },
        "distance": 0.11692966965178582
    }
]