[
    {
        "case": 0,
        "collider1": {
            "type": "Cylinder",
            "collider2origin": [
                [
                    1.0,
                    0.0,
                    0.0,
                    0.4849999999999999
                ],
                [
                    0.0,
                    -3.673205103346574e-06,
                    -0.9999999999932537,
                    -0.46086
                ],
                [
                    0.0,
                    0.9999999999932537,
                    -3.673205103346574e-06,
                    -0.70001
                ],
                [
                    0.0,
                    0.0,
                    0.0,
                    1.0
                ]
            ],
            "radius": 0.026,
            "height": 0.272
        },
        "collider2": {
            "type": "Box",
            "collider2origin": [
                [
                    -0.8871019090628334,
                    0.4349625773307719,
                    -0.1544595715999771,
                    0.45975311607552305
                ],
                [
                    0.4285168673364379,
                    0.900448530604942,
                    0.07460387482943673,
                    -0.6855058585578537
                ],
                [
                    0.17153278795974233,
                    -7.291967472440542e-06,
                    -0.9851784115588328,
                    -0.857883764810165
                ],
                [
                    0.0,
                    0.0,
                    0.0,
                    1.0
                ]
            ],
            "size": [
                0.1202,
                0.13634,
                0.67816
            ]
        },
        "distance": 0.012273547504475254
    },
    {
        "case": 1,
        "collider1": {
            "type": "Box",
            "collider2origin": [
                [
                    1.0,
                    0.0,
                    0.0,
                    -0.26
                ],
                [
                    0.0,
                    1.0,
                    0.0,
                    -0.4608599999999999
                ],
                [
                    0.0,
                    0.0,
                    1.0,
                    -1.143
                ],
                [
                    0.0,
                    0.0,
                    0.0,
                    1.0
                ]
            ],
            "size": [
                1.48,
                0.272,
                0.945
            ]
        },
        "collider2": {
            "type": "Box",
            "collider2origin": [
                [
                    -0.8871019090628334,
                    0.4349625773307719,
                    -0.1544595715999771,
                    0.45975311607552305
                ],
                [
                    0.4285168673364379,
                    0.900448530604942,
                    0.07460387482943673,
                    -0.6855058585578537
                ],
                [
                    0.17153278795974233,
                    -7.291967472440542e-06,
                    -0.9851784115588328,
                    -0.857883764810165
                ],
                [
                    0.0,
                    0.0,
                    0.0,
                    1.0
                ]
            ],
            "size": [
                0.1202,
                0.13634,
                0.67816
            ]
        },
        "distance": 0.0
    },
    {
        "case": 2,
        "collider1": {
            "type": "Box",
            "collider2origin": [
                [
                    1.0,
                    0.0,
                    0.0,
                    -0.26
                ],
                [
                    0.0,
                    1.0,
                    0.0,
                    -0.4608599999999999
                ],
                [
                    0.0,
                    0.0,
                    1.0,
                    -1.143
                ],
                [
                    0.0,
                    0.0,
                    0.0,
                    1.0
                ]
            ],
            "size": [
                1.48,
                0.272,
                0.945
            ]
        },
        "collider2": {
            "type": "Box",
            "collider2origin": [
                [
                    0.4360974590511939,
                    0.4349602509420696,
                    -0.7877998389879907,
                    0.46108610474595324
                ],
                [
                    -0.2106540904745471,
                    0.9004496543931946,
                    0.3805460209613519,
                    -0.5620349695858151
                ],
                [
                    0.8748964855201063,
                    -1.8942352780934882e-06,
                    0.4843099623391803,
                    -1.1443760304706205
                ],
                [
                    0.0,
                    0.0,
                    0.0,
                    1.0
                ]
            ],
            "size": [
                0.09102,
                0.10007,
                0.11882
            ]
        },
        "distance": 0.0
    },
    {
        "case": 3,
        "collider1": {
            "type": "Box",
            "collider2origin": [
                [
                    1.0,
                    0.0,
                    0.0,
                    -0.26
                ],
                [
                    0.0,
                    1.0,
                    0.0,
                    -0.4608599999999999
                ],
                [
                    0.0,
                    0.0,
                    1.0,
                    -1.143
                ],
                [
                    0.0,
                    0.0,
                    0.0,
                    1.0
                ]
            ],
            "size": [
                1.48,
                0.272,
                0.945
            ]
        },
        "collider2": {
            "type": "Box",
            "collider2origin": [
                [
                    -0.6137433152492586,
                    0.05187057621952073,
                    -0.7877998389879907,
                    0.3768400991554087
                ],
                [
                    -0.5512224971035561,
                    -0.742521706495778,
                    0.3805460209613519,
                    -0.5185116428464127
                ],
                [
                    -0.565219339437151,
                    0.6678105709744738,
                    0.4843099623391803,
                    -1.0898275615459072
                ],
                [
                    0.0,
                    0.0,
                    0.0,
                    1.0
                ]
            ],
            "size": [
                0.09126,
                0.11887,
                0.10009
            ]
        },
        "distance": 0.0
    },
    {
        "case": 4,
        "collider1": {
            "type": "Box",
            "collider2origin": [
                [
                    1.0,
                    0.0,
                    0.0,
                    -0.26
                ],
                [
                    0.0,
                    1.0,
                    0.0,
                    -0.4608599999999999
                ],
                [
                    0.0,
                    0.0,
                    1.0,
                    -1.143
                ],
                [
                    0.0,
                    0.0,
                    0.0,
                    1.0
                ]
            ],
            "size": [
                1.48,
                0.272,
                0.945
            ]
        },
        "collider2": {
            "type": "Box",
            "collider2origin": [
                [
                    0.14741812724769018,
                    0.05186984189665026,
                    -0.9877132252128653,
                    0.376834104597359
                ],
                [
                    -0.6556896747528472,
                    -0.7425236070219199,
                    -0.13685665288053342,
                    -0.5726361132584625
                ],
                [
                    -0.7404991196357289,
                    0.6678085148579448,
                    -0.07545091982167523,
                    -1.0381786048832709
                ],
                [
                    0.0,
                    0.0,
                    0.0,
                    1.0
                ]
            ],
            "size": [
                0.08993,
                0.0305,
                0.09007
            ]
        },
        "distance": 0.0
    },
    {
        "case": 5,
        "collider1": {
            "type": "Box",
            "collider2origin": [
                [
                    1.0,
                    0.0,
                    0.0,
                    -0.26
                ],
                [
                    0.0,
                    1.0,
                    0.0,
                    -0.4608599999999999
                ],
                [
                    0.0,
                    0.0,
                    1.0,
                    -1.143
                ],
                [
                    0.0,
                    0.0,
                    0.0,
                    1.0
                ]
            ],
            "size": [
                1.48,
                0.272,
                0.945
            ]
        },
        "collider2": {
            "type": "Box",
            "collider2origin": [
                [
                    -0.3074157925468776,
                    0.4349600358818833,
                    -0.8463482130177895,
                    0.8220702756217575
                ],
                [
                    0.14850158394375007,
                    0.9004497582660305,
                    0.4088245496601744,
                    -0.7202143553592798
                ],
                [
                    0.9399163846103398,
                    -4.927254701269386e-06,
                    -0.3414047303666862,
                    -0.47520477420910323
                ],
                [
                    0.0,
                    0.0,
                    0.0,
                    1.0
                ]
            ],
            "size": [
                0.15068,
                0.17726,
                0.74884
            ]
        },
        "distance": 0.03219556918039827
    },
    {
        "case": 6,
        "collider1": {
            "type": "Box",
            "collider2origin": [
                [
                    1.0,
                    0.0,
                    0.0,
                    -0.26
                ],
                [
                    0.0,
                    1.0,
                    0.0,
                    -0.4608599999999999
                ],
                [
                    0.0,
                    0.0,
                    1.0,
                    -1.143
                ],
                [
                    0.0,
                    0.0,
                    0.0,
                    1.0
                ]
            ],
            "size": [
                1.48,
                0.272,
                0.945
            ]
        },
        "collider2": {
            "type": "Box",
            "collider2origin": [
                [
                    -0.3074157925468776,
                    0.4349600358818833,
                    -0.8463482130177895,
                    0.8220702756217575
                ],
                [
                    0.14850158394375007,
                    0.9004497582660305,
                    0.4088245496601744,
                    -0.7202143553592798
                ],
                [
                    0.9399163846103398,
                    -4.927254701269386e-06,
                    -0.3414047303666862,
                    -0.47520477420910323
                ],
                [
                    0.0,
                    0.0,
                    0.0,
                    1.0
                ]
            ],
            "size": [
                0.15068,
                0.17726,
                0.74884
            ]
        },
        "distance": 0.03219556918039827
    }
]