[
    {
        "case": 0,
        "collider1": {
            "type": "Box",
            "collider2origin": [
                [
                    1.0,
                    0.0,
                    0.0,
                    0.5199999999999999
                ],
                [
                    0.0,
                    1.0,
                    0.0,
                    -0.43085999999999997
                ],
                [
                    0.0,
                    0.0,
                    1.0,
                    -0.80301
                ],
                [
                    0.0,
                    0.0,
                    0.0,
                    1.0
                ]
            ],
            "size": [
                0.2,
                0.08,
                0.04
            ]
        },
        "collider2": {
            "type": "Box",
            "collider2origin": [
                [
                    0.7264758286387006,
                    -0.6039168424121399,
                    -0.32789833463234297,
                    0.3968194276942423
                ],
                [
                    -0.5504417154786039,
                    -0.797047330716096,
                    0.24845416168645262,
                    -0.6034483754325886
                ],
                [
                    -0.41139614517479994,
                    -7.021172295169303e-06,
                    -0.91145664279,
                    -0.5348519432452867
                ],
                [
                    0.0,
                    0.0,
                    0.0,
                    1.0
                ]
            ],
            "size": [
                0.1202,
                0.13634,
                0.67816
            ]
        },
        "distance": 0.05150636487972576
    },
    {
        "case": 1,
        "collider1": {
            "type": "Cylinder",
            "collider2origin": [
                [
                    1.0,
                    0.0,
                    0.0,
                    0.4849999999999999
                ],
                [
                    0.0,
                    -3.673205103346574e-06,
                    -0.9999999999932537,
                    -0.46086
                ],
                [
                    0.0,
                    0.9999999999932537,
                    -3.673205103346574e-06,
                    -0.70001
                ],
                [
                    0.0,
                    0.0,
                    0.0,
                    1.0
                ]
            ],
            "radius": 0.026,
            "height": 0.272
        },
        "collider2": {
            "type": "Box",
            "collider2origin": [
                [
                    0.7264758286387006,
                    -0.6039168424121399,
                    -0.32789833463234297,
                    0.3968194276942423
                ],
                [
                    -0.5504417154786039,
                    -0.797047330716096,
                    0.24845416168645262,
                    -0.6034483754325886
                ],
                [
                    -0.41139614517479994,
                    -7.021172295169303e-06,
                    -0.91145664279,
                    -0.5348519432452867
                ],
                [
                    0.0,
                    0.0,
                    0.0,
                    1.0
                ]
            ],
            "size": [
                0.1202,
                0.13634,
                0.67816
            ]
        },
        "distance": 0.024691262230099032
    },
    {
        "case": 2,
        "collider1": {
            "type": "Box",
            "collider2origin": [
                [
                    1.0,
                    0.0,
                    0.0,
                    -0.26
                ],
                [
                    0.0,
                    1.0,
                    0.0,
                    -0.4608599999999999
                ],
                [
                    0.0,
                    0.0,
                    1.0,
                    -1.143
                ],
                [
                    0.0,
                    0.0,
                    0.0,
                    1.0
                ]
            ],
            "size": [
                1.48,
                0.272,
                0.945
            ]
        },
        "collider2": {
            "type": "Box",
            "collider2origin": [
                [
                    0.7264758286387006,
                    -0.6039168424121399,
                    -0.32789833463234297,
                    0.3968194276942423
                ],
                [
                    -0.5504417154786039,
                    -0.797047330716096,
                    0.24845416168645262,
                    -0.6034483754325886
                ],
                [
                    -0.41139614517479994,
                    -7.021172295169303e-06,
                    -0.91145664279,
                    -0.5348519432452867
                ],
                [
                    0.0,
                    0.0,
                    0.0,
                    1.0
                ]
            ],
            "size": [
                0.1202,
                0.13634,
                0.67816
            ]
        },
        "distance": 0.0
    },
    {
        "case": 3,
        "collider1": {
            "type": "Box",
            "collider2origin": [
                [
                    1.0,
                    0.0,
                    0.0,
                    -0.26
                ],
                [
                    0.0,
                    1.0,
                    0.0,
                    -0.4608599999999999
                ],
                [
                    0.0,
                    0.0,
                    1.0,
                    -1.143
                ],
                [
                    0.0,
                    0.0,
                    0.0,
                    1.0
                ]
            ],
            "size": [
                1.48,
                0.272,
                0.945
            ]
        },
        "collider2": {
            "type": "Box",
            "collider2origin": [
                [
                    -0.49018481466883085,
                    -0.6039179465536452,
                    -0.6284918148222077,
                    0.23213023535618715
                ],
                [
                    0.3714118611576339,
                    -0.7970464941447446,
                    0.47620385924832026,
                    -0.6188811305529959
                ],
                [
                    -0.7885252544208754,
                    -1.4141752353130225e-06,
                    0.6150023765307686,
                    -0.79919433977077
                ],
                [
                    0.0,
                    0.0,
                    0.0,
                    1.0
                ]
            ],
            "size": [
                0.09102,
                0.10007,
                0.11882
            ]
        },
        "distance": 0.0
    },
    {
        "case": 4,
        "collider1": {
            "type": "Box",
            "collider2origin": [
                [
                    1.0,
                    0.0,
                    0.0,
                    -0.26
                ],
                [
                    0.0,
                    1.0,
                    0.0,
                    -0.4608599999999999
                ],
                [
                    0.0,
                    0.0,
                    1.0,
                    -1.143
                ],
                [
                    0.0,
                    0.0,
                    0.0,
                    1.0
                ]
            ],
            "size": [
                1.48,
                0.272,
                0.945
            ]
        },
        "collider2": {
            "type": "Box",
            "collider2origin": [
                [
                    -0.27879455430222955,
                    0.7261347224812409,
                    -0.6284918148222077,
                    0.1624572945630961
                ],
                [
                    -0.8760607997845127,
                    0.0758113416180287,
                    0.47620385924832026,
                    -0.5697865898767587
                ],
                [
                    0.3934349648573962,
                    0.6833600846473005,
                    0.6150023765307686,
                    -0.730605820037347
                ],
                [
                    0.0,
                    0.0,
                    0.0,
                    1.0
                ]
            ],
            "size": [
                0.09126,
                0.11887,
                0.10009
            ]
        },
        "distance": 0.0
    },
    {
        "case": 5,
        "collider1": {
            "type": "Box",
            "collider2origin": [
                [
                    1.0,
                    0.0,
                    0.0,
                    -0.26
                ],
                [
                    0.0,
                    1.0,
                    0.0,
                    -0.4608599999999999
                ],
                [
                    0.0,
                    0.0,
                    1.0,
                    -1.143
                ],
                [
                    0.0,
                    0.0,
                    0.0,
                    1.0
                ]
            ],
            "size": [
                1.48,
                0.272,
                0.945
            ]
        },
        "collider2": {
            "type": "Box",
            "collider2origin": [
                [
                    -0.6820372104786657,
                    0.7261373502236835,
                    0.08688953983424812,
                    0.21441922720107687
                ],
                [
                    0.20503116080645403,
                    0.07581317679160171,
                    0.9758148314732272,
                    -0.5613538599607806
                ],
                [
                    0.7019882239901448,
                    0.6833570888158639,
                    -0.2005881914377543,
                    -0.6774722792836767
                ],
                [
                    0.0,
                    0.0,
                    0.0,
                    1.0
                ]
            ],
            "size": [
                0.08993,
                0.0305,
                0.09007
            ]
        },
        "distance": 0.0
    }
]