[
    {
        "case": 0,
        "collider1": {
            "type": "Box",
            "collider2origin": [
                [
                    1.0,
                    0.0,
                    0.0,
                    0.205
                ],
                [
                    0.0,
                    1.0,
                    0.0,
                    -0.17586
                ],
                [
                    0.0,
                    0.0,
                    1.0,
                    -0.10301
                ],
                [
                    0.0,
                    0.0,
                    0.0,
                    1.0
                ]
            ],
            "size": [
                0.05,
                0.05,
                1.2
            ]
        },
        "collider2": {
            "type": "Box",
            "collider2origin": [
                [
                    0.9750005932987699,
                    -0.16162923818078567,
                    0.15247895734213865,
                    0.2762156166905746
                ],
                [
                    -0.12174727275491658,
                    -0.9626311645255636,
                    -0.2419066817202394,
                    -0.16167807192785022
                ],
                [
                    0.18588018894919078,
                    0.21729526099125157,
                    -0.9582438754862755,
                    -0.3097284809322285
                ],
                [
                    0.0,
                    0.0,
                    0.0,
                    1.0
                ]
            ],
            "size": [
                0.09126,
                0.11887,
                0.10009
            ]
        },
        "distance": 0.0
    },
    {
        "case": 1,
        "collider1": {
            "type": "Box",
            "collider2origin": [
                [
                    1.0,
                    0.0,
                    0.0,
                    0.205
                ],
                [
                    0.0,
                    1.0,
                    0.0,
                    -0.17586
                ],
                [
                    0.0,
                    0.0,
                    1.0,
                    -0.10301
                ],
                [
                    0.0,
                    0.0,
                    0.0,
                    1.0
                ]
            ],
            "size": [
                0.05,
                0.05,
                1.2
            ]
        },
        "collider2": {
            "type": "Box",
            "collider2origin": [
                [
                    0.5109452874092549,
                    -0.8459817260686711,
                    0.15247895734213865,
                    0.2631075837568241
                ],
                [
                    -0.8106579045645399,
                    -0.5332118895018491,
                    -0.2419066817202394,
                    -0.13085567270145226
                ],
                [
                    0.2859522251029065,
                    -7.193031397081886e-06,
                    -0.9582438754862755,
                    -0.2054803407443997
                ],
                [
                    0.0,
                    0.0,
                    0.0,
                    1.0
                ]
            ],
            "size": [
                0.09102,
                0.10007,
                0.11882
            ]
        },
        "distance": 0.0
    }
]