[
    {
        "case": 0,
        "collider1": {
            "type": "Box",
            "collider2origin": [
                [
                    1.0,
                    0.0,
                    0.0,
                    1.2009999999999998
                ],
                [
                    0.0,
                    1.0,
                    0.0,
                    0.02914
                ],
                [
                    0.0,
                    0.0,
                    1.0,
                    -1.22801
                ],
                [
                    0.0,
                    0.0,
                    0.0,
                    1.0
                ]
            ],
            "size": [
                0.41,
                0.6,
                0.82
            ]
        },
        "collider2": {
            "type": "Box",
            "collider2origin": [
                [
                    0.21020790554409102,
                    0.9121145844607886,
                    0.3519369563724294,
                    1.3363745863987033
                ],
                [
                    0.46770528445805737,
                    -0.40993534219806604,
                    0.7830739314438723,
                    -0.3691398458687507
                ],
                [
                    0.8585245502236813,
                    -5.556723523527644e-06,
                    -0.5127724608755316,
                    -0.9053441851797429
                ],
                [
                    0.0,
                    0.0,
                    0.0,
                    1.0
                ]
            ],
            "size": [
                0.1202,
                0.13634,
                0.67816
            ]
        },
        "distance": 0.0
    },
    {
        "case": 1,
        "collider1": {
            "type": "Box",
            "collider2origin": [
                [
                    1.0,
                    0.0,
                    0.0,
                    1.28
                ],
                [
                    0.0,
                    1.0,
                    0.0,
                    -0.23086
                ],
                [
                    0.0,
                    0.0,
                    1.0,
                    -0.67301
                ],
                [
                    0.0,
                    0.0,
                    0.0,
                    1.0
                ]
            ],
            "size": [
                0.06,
                0.06,
                0.33
            ]
        },
        "collider2": {
            "type": "Box",
            "collider2origin": [
                [
                    0.21020790554409102,
                    0.9121145844607886,
                    0.3519369563724294,
                    1.3363745863987033
                ],
                [
                    0.46770528445805737,
                    -0.40993534219806604,
                    0.7830739314438723,
                    -0.3691398458687507
                ],
                [
                    0.8585245502236813,
                    -5.556723523527644e-06,
                    -0.5127724608755316,
                    -0.9053441851797429
                ],
                [
                    0.0,
                    0.0,
                    0.0,
                    1.0
                ]
            ],
            "size": [
                0.1202,
                0.13634,
                0.67816
            ]
        },
        "distance": 0.041775233286036134
    }
]