[
    {
        "case": 0,
        "collider1": {
            "type": "Box",
            "collider2origin": [
                [
                    1.0,
                    0.0,
                    0.0,
                    1.23
                ],
                [
                    0.0,
                    1.0,
                    0.0,
                    -0.23086
                ],
                [
                    0.0,
                    0.0,
                    1.0,
                    -0.54301
                ],
                [
                    0.0,
                    0.0,
                    0.0,
                    1.0
                ]
            ],
            "size": [
                0.1,
                0.16,
                0.1
            ]
        },
        "collider2": {
            "type": "Box",
            "collider2origin": [
                [
                    -0.05483229388668383,
                    0.9824514628470716,
                    -0.17827659043400243,
                    1.1180060690516347
                ],
                [
                    0.2888433687212815,
                    0.18651842570388708,
                    0.9390316209897754,
                    -0.6857927208803765
                ],
                [
                    0.9558048586886687,
                    -4.753134100997563e-06,
                    -0.2940018232673763,
                    -0.46098689548978267
                ],
                [
                    0.0,
                    0.0,
                    0.0,
                    1.0
                ]
            ],
            "size": [
                0.15068,
                0.17726,
                0.74884
            ]
        },
        "distance": 0.04220804120145458
    },
    {
        "case": 1,
        "collider1": {
            "type": "Box",
            "collider2origin": [
                [
                    1.0,
                    0.0,
                    0.0,
                    1.23
                ],
                [
                    0.0,
                    1.0,
                    0.0,
                    -0.23086
                ],
                [
                    0.0,
                    0.0,
                    1.0,
                    -0.54301
                ],
                [
                    0.0,
                    0.0,
                    0.0,
                    1.0
                ]
            ],
            "size": [
                0.1,
                0.16,
                0.1
            ]
        },
        "collider2": {
            "type": "Box",
            "collider2origin": [
                [
                    -0.05483229388668383,
                    0.9824514628470716,
                    -0.17827659043400243,
                    1.1180060690516347
                ],
                [
                    0.2888433687212815,
                    0.18651842570388708,
                    0.9390316209897754,
                    -0.6857927208803765
                ],
                [
                    0.9558048586886687,
                    -4.753134100997563e-06,
                    -0.2940018232673763,
                    -0.46098689548978267
                ],
                [
                    0.0,
                    0.0,
                    0.0,
                    1.0
                ]
            ],
            "size": [
                0.15068,
                0.17726,
                0.74884
            ]
        },
        "distance": 0.04220804120145458
    }
]