[
    {
        "case": 0,
        "collider1": {
            "type": "Box",
            "collider2origin": [
                [
                    1.0,
                    0.0,
                    0.0,
                    1.28
                ],
                [
                    0.0,
                    1.0,
                    0.0,
                    -0.23086
                ],
                [
                    0.0,
                    0.0,
                    1.0,
                    -0.67301
                ],
                [
                    0.0,
                    0.0,
                    0.0,
                    1.0
                ]
            ],
            "size": [
                0.06,
                0.06,
                0.33
            ]
        },
        "collider2": {
            "type": "Sphere",
            "collider2origin": [
                [
                    1.0,
                    0.0,
                    0.0,
                    1.2971947612340078
                ],
                [
                    0.0,
                    1.0,
                    0.0,
                    -0.2211764797889768
                ],
                [
                    0.0,
                    0.0,
                    1.0,
                    -0.6669235552427603
                ],
                [
                    0.0,
                    0.0,
                    0.0,
                    1.0
                ]
            ],
            "radius": 0.01051
        },
        "distance": 0.0
    },
    {
        "case": 1,
        "collider1": {
            "type": "Box",
            "collider2origin": [
                [
                    1.0,
                    0.0,
                    0.0,
                    1.28
                ],
                [
                    0.0,
                    1.0,
                    0.0,
                    -0.23086
                ],
                [
                    0.0,
                    0.0,
                    1.0,
                    -0.67301
                ],
                [
                    0.0,
                    0.0,
                    0.0,
                    1.0
                ]
            ],
            "size": [
                0.06,
                0.06,
                0.33
            ]
        },
        "collider2": {
            "type": "Cylinder",
            "collider2origin": [
                [
                    -0.81831255654909,
                    -0.3022854583136927,
                    0.48886405215169293,
                    1.3077763421450341
                ],
                [
                    0.5116113724195607,
                    -0.7707021917855196,
                    0.3798314562907729,
                    -0.21229774585843686
                ],
                [
                    0.26195107063164663,
                    0.5609292587029816,
                    0.7853279590883399,
                    -0.6489313033210558
                ],
                [
                    0.0,
                    0.0,
                    0.0,
                    1.0
                ]
            ],
            "radius": 0.01169,
            "height": 0.05502
        },
        "distance": 0.0
    },
    {
        "case": 2,
        "collider1": {
            "type": "Box",
            "collider2origin": [
                [
                    1.0,
                    0.0,
                    0.0,
                    1.28
                ],
                [
                    0.0,
                    1.0,
                    0.0,
                    -0.23086
                ],
                [
                    0.0,
                    0.0,
                    1.0,
                    -0.67301
                ],
                [
                    0.0,
                    0.0,
                    0.0,
                    1.0
                ]
            ],
            "size": [
                0.06,
                0.06,
                0.33
            ]
        },
        "collider2": {
            "type": "Cylinder",
            "collider2origin": [
                [
                    -0.7896245299753245,
                    -0.29767319481318266,
                    0.5365480134628777,
                    1.314976646544549
                ],
                [
                    0.5571953658016271,
                    -0.7140584361723183,
                    0.42385595909499063,
                    -0.20426229140915209
                ],
                [
                    0.25695607794025455,
                    0.6336491291092071,
                    0.7297001817107525,
                    -0.6387558825264251
                ],
                [
                    0.0,
                    0.0,
                    0.0,
                    1.0
                ]
            ],
            "radius": 0.01271,
            "height": 0.05982
        },
        "distance": 0.0
    },
    {
        "case": 3,
        "collider1": {
            "type": "Box",
            "collider2origin": [
                [
                    1.0,
                    0.0,
                    0.0,
                    1.23
                ],
                [
                    0.0,
                    1.0,
                    0.0,
                    -0.23086
                ],
                [
                    0.0,
                    0.0,
                    1.0,
                    -0.54301
                ],
                [
                    0.0,
                    0.0,
                    0.0,
                    1.0
                ]
            ],
            "size": [
                0.1,
                0.16,
                0.1
            ]
        },
        "collider2": {
            "type": "Box",
            "collider2origin": [
                [
                    0.12208874992528994,
                    0.9781977749972328,
                    0.16799836348055008,
                    1.2126722446133997
                ],
                [
                    0.5750424373682668,
                    -0.20767549917225317,
                    0.7913261541672425,
                    -0.2303717183151146
                ],
                [
                    0.8089626272994587,
                    -5.832535730366427e-06,
                    -0.5878600748466751,
                    -0.3153689513112783
                ],
                [
                    0.0,
                    0.0,
                    0.0,
                    1.0
                ]
            ],
            "size": [
                0.1202,
                0.13634,
                0.67816
            ]
        },
        "distance": 0.029662395673771054
    },
    {
        "case": 4,
        "collider1": {
            "type": "Box",
            "collider2origin": [
                [
                    1.0,
                    0.0,
                    0.0,
                    1.28
                ],
                [
                    0.0,
                    1.0,
                    0.0,
                    -0.23086
                ],
                [
                    0.0,
                    0.0,
                    1.0,
                    -0.67301
                ],
                [
                    0.0,
                    0.0,
                    0.0,
                    1.0
                ]
            ],
            "size": [
                0.06,
                0.06,
                0.33
            ]
        },
        "collider2": {
            "type": "Box",
            "collider2origin": [
                [
                    0.12208874992528994,
                    0.9781977749972328,
                    0.16799836348055008,
                    1.2126722446133997
                ],
                [
                    0.5750424373682668,
                    -0.20767549917225317,
                    0.7913261541672425,
                    -0.2303717183151146
                ],
                [
                    0.8089626272994587,
                    -5.832535730366427e-06,
                    -0.5878600748466751,
                    -0.3153689513112783
                ],
                [
                    0.0,
                    0.0,
                    0.0,
                    1.0
                ]
            ],
            "size": [
                0.1202,
                0.13634,
                0.67816
            ]
        },
        "distance": 0.06896078360838773
    },
    {
        "case": 5,
        "collider1": {
            "type": "Box",
            "collider2origin": [
                [
                    1.0,
                    0.0,
                    0.0,
                    1.28
                ],
                [
                    0.0,
                    1.0,
                    0.0,
                    -0.23086
                ],
                [
                    0.0,
                    0.0,
                    1.0,
                    -0.67301
                ],
                [
                    0.0,
                    0.0,
                    0.0,
                    1.0
                ]
            ],
            "size": [
                0.06,
                0.06,
                0.33
            ]
        },
        "collider2": {
            "type": "Box",
            "collider2origin": [
                [
                    0.8007492937966078,
                    0.07753063341047484,
                    -0.5939609156899167,
                    1.3581577314631201
                ],
                [
                    0.5695349317010512,
                    -0.4057140233506774,
                    0.7148608905436672,
                    -0.15827905071631554
                ],
                [
                    -0.18555465517338193,
                    -0.910705842816206,
                    -0.36903162168560927,
                    -0.5126157553265149
                ],
                [
                    0.0,
                    0.0,
                    0.0,
                    1.0
                ]
            ],
            "size": [
                0.08993,
                0.0305,
                0.09007
            ]
        },
        "distance": 0.017148281622189652
    },
    {
        "case": 6,
        "collider1": {
            "type": "Box",
            "collider2origin": [
                [
                    1.0,
                    0.0,
                    0.0,
                    1.28
                ],
                [
                    0.0,
                    1.0,
                    0.0,
                    -0.23086
                ],
                [
                    0.0,
                    0.0,
                    1.0,
                    -0.67301
                ],
                [
                    0.0,
                    0.0,
                    0.0,
                    1.0
                ]
            ],
            "size": [
                0.06,
                0.06,
                0.33
            ]
        },
        "collider2": {
            "type": "Box",
            "collider2origin": [
                [
                    -0.9784045486280036,
                    0.07753211133827485,
                    -0.19160717871588692,
                    1.3536093691691335
                ],
                [
                    0.1445893939231258,
                    -0.4057199642061534,
                    -0.9024883477416762,
                    -0.12526551223762938
                ],
                [
                    -0.14771068474885501,
                    -0.9107030703560776,
                    0.3857479374605097,
                    -0.4457079960071655
                ],
                [
                    0.0,
                    0.0,
                    0.0,
                    1.0
                ]
            ],
            "size": [
                0.09126,
                0.11887,
                0.10009
            ]
        },
        "distance": 0.02443067581890176
    }
]