[
    {
        "case": 0,
        "collider1": {
            "type": "Box",
            "collider2origin": [
                [
                    1.0,
                    0.0,
                    0.0,
                    1.28
                ],
                [
                    0.0,
                    1.0,
                    0.0,
                    -0.23086
                ],
                [
                    0.0,
                    0.0,
                    1.0,
                    -0.67301
                ],
                [
                    0.0,
                    0.0,
                    0.0,
                    1.0
                ]
            ],
            "size": [
                0.06,
                0.06,
                0.33
            ]
        },
        "collider2": {
            "type": "Box",
            "collider2origin": [
                [
                    0.06639276785991939,
                    0.997606635748718,
                    0.019313225676293785,
                    1.2133630281604586
                ],
                [
                    0.9578721103274688,
                    -0.06914477751994759,
                    0.27874723316746747,
                    -0.23504489538496964
                ],
                [
                    0.27941549819704053,
                    -7.200107500303867e-06,
                    -0.9601702866239186,
                    -0.6656802875894205
                ],
                [
                    0.0,
                    0.0,
                    0.0,
                    1.0
                ]
            ],
            "size": [
                0.09102,
                0.10007,
                0.11882
            ]
        },
        "distance": 0.0
    },
    {
        "case": 1,
        "collider1": {
            "type": "Box",
            "collider2origin": [
                [
                    1.0,
                    0.0,
                    0.0,
                    1.2009999999999998
                ],
                [
                    0.0,
                    1.0,
                    0.0,
                    0.02914
                ],
                [
                    0.0,
                    0.0,
                    1.0,
                    -1.22801
                ],
                [
                    0.0,
                    0.0,
                    0.0,
                    1.0
                ]
            ],
            "size": [
                0.41,
                0.6,
                0.82
            ]
        },
        "collider2": {
            "type": "Box",
            "collider2origin": [
                [
                    -0.34739559746592164,
                    -0.9375197588185925,
                    0.019313225676293785,
                    1.2174166840925467
                ],
                [
                    -0.8986436031660769,
                    0.3387324231457209,
                    0.27874723316746747,
                    -0.20396081018006196
                ],
                [
                    -0.26787305454260524,
                    0.07947985489768065,
                    -0.9601702866239186,
                    -0.7704607571198698
                ],
                [
                    0.0,
                    0.0,
                    0.0,
                    1.0
                ]
            ],
            "size": [
                0.09126,
                0.11887,
                0.10009
            ]
        },
        "distance": 0.0
    },
    {
        "case": 2,
        "collider1": {
            "type": "Box",
            "collider2origin": [
                [
                    1.0,
                    0.0,
                    0.0,
                    1.28
                ],
                [
                    0.0,
                    1.0,
                    0.0,
                    -0.23086
                ],
                [
                    0.0,
                    0.0,
                    1.0,
                    -0.67301
                ],
                [
                    0.0,
                    0.0,
                    0.0,
                    1.0
                ]
            ],
            "size": [
                0.06,
                0.06,
                0.33
            ]
        },
        "collider2": {
            "type": "Box",
            "collider2origin": [
                [
                    -0.34739559746592164,
                    -0.9375197588185925,
                    0.019313225676293785,
                    1.2174166840925467
                ],
                [
                    -0.8986436031660769,
                    0.3387324231457209,
                    0.27874723316746747,
                    -0.20396081018006196
                ],
                [
                    -0.26787305454260524,
                    0.07947985489768065,
                    -0.9601702866239186,
                    -0.7704607571198698
                ],
                [
                    0.0,
                    0.0,
                    0.0,
                    1.0
                ]
            ],
            "size": [
                0.09126,
                0.11887,
                0.10009
            ]
        },
        "distance": 0.0
    },
    {
        "case": 3,
        "collider1": {
            "type": "Box",
            "collider2origin": [
                [
                    1.0,
                    0.0,
                    0.0,
                    1.2009999999999998
                ],
                [
                    0.0,
                    1.0,
                    0.0,
                    0.02914
                ],
                [
                    0.0,
                    0.0,
                    1.0,
                    -1.22801
                ],
                [
                    0.0,
                    0.0,
                    0.0,
                    1.0
                ]
            ],
            "size": [
                0.41,
                0.6,
                0.82
            ]
        },
        "collider2": {
            "type": "Box",
            "collider2origin": [
                [
                    -0.13397342043676258,
                    -0.9375186502670303,
                    0.3211073076371196,
                    1.1478009568113328
                ],
                [
                    -0.14062161559522082,
                    0.3387348164843836,
                    0.9303140788619083,
                    -0.17667813260542342
                ],
                [
                    -0.9809570244632861,
                    0.07948273084624255,
                    -0.1772168492366326,
                    -0.7682922302492903
                ],
                [
                    0.0,
                    0.0,
                    0.0,
                    1.0
                ]
            ],
            "size": [
                0.08993,
                0.0305,
                0.09007
            ]
        },
        "distance": 0.0
    },
    {
        "case": 4,
        "collider1": {
            "type": "Box",
            "collider2origin": [
                [
                    1.0,
                    0.0,
                    0.0,
                    0.7
                ],
                [
                    0.0,
                    1.0,
                    0.0,
                    -0.15085999999999994
                ],
                [
                    0.0,
                    0.0,
                    1.0,
                    -1.03301
                ],
                [
                    0.0,
                    0.0,
                    0.0,
                    1.0
                ]
            ],
            "size": [
                0.6,
                0.06,
                0.06
            ]
        },
        "collider2": {
            "type": "Box",
            "collider2origin": [
                [
                    -0.031409838931134915,
                    0.9976067910633688,
                    0.06159636712150982,
                    1.0838543334648125
                ],
                [
                    -0.4532152804846166,
                    -0.06914253698143999,
                    0.8887154882835226,
                    -0.48724019366030324
                ],
                [
                    0.8908475355264617,
                    -2.004459218124948e-06,
                    0.4543023975750201,
                    -0.7958158802199155
                ],
                [
                    0.0,
                    0.0,
                    0.0,
                    1.0
                ]
            ],
            "size": [
                0.1202,
                0.13634,
                0.67816
            ]
        },
        "distance": 0.2632666651285852
    },
    {
        "case": 5,
        "collider1": {
            "type": "Box",
            "collider2origin": [
                [
                    1.0,
                    0.0,
                    0.0,
                    1.2009999999999998
                ],
                [
                    0.0,
                    1.0,
                    0.0,
                    0.02914
                ],
                [
                    0.0,
                    0.0,
                    1.0,
                    -1.22801
                ],
                [
                    0.0,
                    0.0,
                    0.0,
                    1.0
                ]
            ],
            "size": [
                0.41,
                0.6,
                0.82
            ]
        },
        "collider2": {
            "type": "Box",
            "collider2origin": [
                [
                    -0.031409838931134915,
                    0.9976067910633688,
                    0.06159636712150982,
                    1.0838543334648125
                ],
                [
                    -0.4532152804846166,
                    -0.06914253698143999,
                    0.8887154882835226,
                    -0.48724019366030324
                ],
                [
                    0.8908475355264617,
                    -2.004459218124948e-06,
                    0.4543023975750201,
                    -0.7958158802199155
                ],
                [
                    0.0,
                    0.0,
                    0.0,
                    1.0
                ]
            ],
            "size": [
                0.1202,
                0.13634,
                0.67816
            ]
        },
        "distance": 0.05603532508655207
    }
]