[
    {
        "case": 0,
        "collider1": {
            "type": "Box",
            "collider2origin": [
                [
                    1.0,
                    0.0,
                    0.0,
                    1.23
                ],
                [
                    0.0,
                    1.0,
                    0.0,
                    -0.23086
                ],
                [
                    0.0,
                    0.0,
                    1.0,
                    -0.54301
                ],
                [
                    0.0,
                    0.0,
                    0.0,
                    1.0
                ]
            ],
            "size": [
                0.1,
                0.16,
                0.1
            ]
        },
        "collider2": {
            "type": "Box",
            "collider2origin": [
                [
                    -0.4892475094232426,
                    0.8632111636602379,
                    0.12451249517816314,
                    1.3727564866787367
                ],
                [
                    -0.8365450509682313,
                    -0.5048430319736275,
                    0.21289878057009623,
                    -0.45811551236403647
                ],
                [
                    0.24663586970210402,
                    -1.1347183313696945e-07,
                    0.9691082229432756,
                    -0.2750574687363663
                ],
                [
                    0.0,
                    0.0,
                    0.0,
                    1.0
                ]
            ],
            "size": [
                0.1202,
                0.13634,
                0.67816
            ]
        },
        "distance": 0.1119988372528401
    }
]