[
    {
        "case": 0,
        "collider1": {
            "type": "Box",
            "collider2origin": [
                [
                    1.0,
                    0.0,
                    0.0,
                    -0.06
                ],
                [
                    0.0,
                    1.0,
                    0.0,
                    -0.37086
                ],
                [
                    0.0,
                    0.0,
                    1.0,
                    -0.40301
                ],
                [
                    0.0,
                    0.0,
                    0.0,
                    1.0
                ]
            ],
            "size": [
                0.1,
                1.0,
                1.64
            ]
        },
        "collider2": {
            "type": "Sphere",
            "collider2origin": [
                [
                    1.0,
                    0.0,
                    0.0,
                    -0.014484040643737206
                ],
                [
                    0.0,
                    1.0,
                    0.0,
                    -0.03042148644934517
                ],
                [
                    0.0,
                    0.0,
                    1.0,
                    -0.3643322190450471
                ],
                [
                    0.0,
                    0.0,
                    0.0,
                    1.0
                ]
            ],
            "radius": 0.01051
        },
        "distance": 0.0
    },
    {
        "case": 1,
        "collider1": {
            "type": "Box",
            "collider2origin": [
                [
                    1.0,
                    0.0,
                    0.0,
                    -0.06
                ],
                [
                    0.0,
                    1.0,
                    0.0,
                    -0.37086
                ],
                [
                    0.0,
                    0.0,
                    1.0,
                    -0.40301
                ],
                [
                    0.0,
                    0.0,
                    0.0,
                    1.0
                ]
            ],
            "size": [
                0.1,
                1.0,
                1.64
            ]
        },
        "collider2": {
            "type": "Cylinder",
            "collider2origin": [
                [
                    -0.8880440195672,
                    0.43535254255656913,
                    0.14780386666275286,
                    -0.011096269257422131
                ],
                [
                    -0.29497908145542223,
                    -0.2929296320160191,
                    -0.9094941298274966,
                    -0.06522596957734506
                ],
                [
                    -0.3526544495886097,
                    -0.8512698716485214,
                    0.3885543009784657,
                    -0.35118406483136244
                ],
                [
                    0.0,
                    0.0,
                    0.0,
                    1.0
                ]
            ],
            "radius": 0.01271,
            "height": 0.05982
        },
        "distance": 0.0
    },
    {
        "case": 2,
        "collider1": {
            "type": "Box",
            "collider2origin": [
                [
                    1.0,
                    0.0,
                    0.0,
                    -0.06
                ],
                [
                    0.0,
                    1.0,
                    0.0,
                    -0.37086
                ],
                [
                    0.0,
                    0.0,
                    1.0,
                    -0.40301
                ],
                [
                    0.0,
                    0.0,
                    0.0,
                    1.0
                ]
            ],
            "size": [
                0.1,
                1.0,
                1.64
            ]
        },
        "collider2": {
            "type": "Cylinder",
            "collider2origin": [
                [
                    -0.8720707008481515,
                    0.46312873045924174,
                    0.15812802327678763,
                    -0.011395100011776016
                ],
                [
                    -0.279254159602481,
                    -0.20558669496640078,
                    -0.9379505451768253,
                    -0.05186673309499523
                ],
                [
                    -0.4018828275342518,
                    -0.8621170975430212,
                    0.3086167575765638,
                    -0.35761785071440944
                ],
                [
                    0.0,
                    0.0,
                    0.0,
                    1.0
                ]
            ],
            "radius": 0.01169,
            "height": 0.05502
        },
        "distance": 0.0
    },
    {
        "case": 3,
        "collider1": {
            "type": "Box",
            "collider2origin": [
                [
                    1.0,
                    0.0,
                    0.0,
                    -0.06
                ],
                [
                    0.0,
                    1.0,
                    0.0,
                    -0.37086
                ],
                [
                    0.0,
                    0.0,
                    1.0,
                    -0.40301
                ],
                [
                    0.0,
                    0.0,
                    0.0,
                    1.0
                ]
            ],
            "size": [
                0.1,
                1.0,
                1.64
            ]
        },
        "collider2": {
            "type": "Box",
            "collider2origin": [
                [
                    -0.7567847350423628,
                    0.4706218804964977,
                    -0.45364293271779416,
                    0.04377044416147491
                ],
                [
                    0.4036595680735162,
                    0.882334996218203,
                    0.24195848311502885,
                    -0.3086694110002126
                ],
                [
                    0.5141359916496444,
                    -6.823745008870798e-06,
                    -0.8577086813387591,
                    -0.26024846203466545
                ],
                [
                    0.0,
                    0.0,
                    0.0,
                    1.0
                ]
            ],
            "size": [
                0.09102,
                0.10007,
                0.11882
            ]
        },
        "distance": 0.0
    },
    {
        "case": 4,
        "collider1": {
            "type": "Box",
            "collider2origin": [
                [
                    1.0,
                    0.0,
                    0.0,
                    -0.06
                ],
                [
                    0.0,
                    1.0,
                    0.0,
                    -0.37086
                ],
                [
                    0.0,
                    0.0,
                    1.0,
                    -0.40301
                ],
                [
                    0.0,
                    0.0,
                    0.0,
                    1.0
                ]
            ],
            "size": [
                0.1,
                1.0,
                1.64
            ]
        },
        "collider2": {
            "type": "Box",
            "collider2origin": [
                [
                    -0.8746097471016828,
                    0.17107273268972156,
                    -0.45364293271779416,
                    -0.0037877036140883114
                ],
                [
                    0.06387619627000399,
                    0.968181761860215,
                    0.24195848311502885,
                    -0.27652399620585777
                ],
                [
                    0.48060131275809675,
                    0.18264226271956016,
                    -0.8577086813387591,
                    -0.3535175564091533
                ],
                [
                    0.0,
                    0.0,
                    0.0,
                    1.0
                ]
            ],
            "size": [
                0.09126,
                0.11887,
                0.10009
            ]
        },
        "distance": 0.0
    },
    {
        "case": 5,
        "collider1": {
            "type": "Box",
            "collider2origin": [
                [
                    1.0,
                    0.0,
                    0.0,
                    -0.06
                ],
                [
                    0.0,
                    1.0,
                    0.0,
                    -0.37086
                ],
                [
                    0.0,
                    0.0,
                    1.0,
                    -0.40301
                ],
                [
                    0.0,
                    0.0,
                    0.0,
                    1.0
                ]
            ],
            "size": [
                0.1,
                1.0,
                1.64
            ]
        },
        "collider2": {
            "type": "Box",
            "collider2origin": [
                [
                    0.24154433533765438,
                    0.1710708903984207,
                    -0.9551916480605251,
                    0.00640903214991595
                ],
                [
                    -0.2209344458265156,
                    0.9681813048031059,
                    0.1175284292292096,
                    -0.20320076778580132
                ],
                [
                    0.9449043891916372,
                    0.18264641110092028,
                    0.2716541621222329,
                    -0.34286610668930484
                ],
                [
                    0.0,
                    0.0,
                    0.0,
                    1.0
                ]
            ],
            "size": [
                0.08993,
                0.0305,
                0.09007
            ]
        },
        "distance": 0.0
    },
    {
        "case": 6,
        "collider1": {
            "type": "Box",
            "collider2origin": [
                [
                    1.0,
                    0.0,
                    0.0,
                    -0.06
                ],
                [
                    0.0,
                    1.0,
                    0.0,
                    -0.37086
                ],
                [
                    0.0,
                    0.0,
                    1.0,
                    -0.40301
                ],
                [
                    0.0,
                    0.0,
                    0.0,
                    1.0
                ]
            ],
            "size": [
                0.1,
                1.0,
                1.64
            ]
        },
        "collider2": {
            "type": "Box",
            "collider2origin": [
                [
                    -0.9610991437617966,
                    0.2762001086589302,
                    0.001391343644186096,
                    0.021768268855297812
                ],
                [
                    0.2509476527919052,
                    0.8711011150403261,
                    0.4221470394705303,
                    -0.12348908840191708
                ],
                [
                    0.11538505717195155,
                    0.4060743125984394,
                    -0.9065263047640313,
                    -0.3221318223841265
                ],
                [
                    0.0,
                    0.0,
                    0.0,
                    1.0
                ]
            ],
            "size": [
                0.06241,
                0.05638,
                0.02858
            ]
        },
        "distance": 0.0
    },
    {
        "case": 7,
        "collider1": {
            "type": "Box",
            "collider2origin": [
                [
                    1.0,
                    0.0,
                    0.0,
                    -0.06
                ],
                [
                    0.0,
                    1.0,
                    0.0,
                    -0.37086
                ],
                [
                    0.0,
                    0.0,
                    1.0,
                    -0.40301
                ],
                [
                    0.0,
                    0.0,
                    0.0,
                    1.0
                ]
            ],
            "size": [
                0.1,
                1.0,
                1.64
            ]
        },
        "collider2": {
            "type": "Box",
            "collider2origin": [
                [
                    -0.03668954766490665,
                    0.47062030862274096,
                    -0.8815726868522984,
                    0.24953911611766244
                ],
                [
                    0.019573804225778944,
                    0.8823358346441551,
                    0.47021308051875027,
                    -0.545087257246699
                ],
                [
                    0.9991349975254972,
                    -3.825952885537028e-06,
                    -0.04158433244728909,
                    -0.24585588712391448
                ],
                [
                    0.0,
                    0.0,
                    0.0,
                    1.0
                ]
            ],
            "size": [
                0.1202,
                0.13634,
                0.67816
            ]
        },
        "distance": 0.0
    }
]