[
    {
        "case": 0,
        "collider1": {
            "type": "Box",
            "collider2origin": [
                [
                    1.0,
                    0.0,
                    0.0,
                    0.5199999999999999
                ],
                [
                    0.0,
                    1.0,
                    0.0,
                    -0.43085999999999997
                ],
                [
                    0.0,
                    0.0,
                    1.0,
                    -0.80301
                ],
                [
                    0.0,
                    0.0,
                    0.0,
                    1.0
                ]
            ],
            "size": [
                0.2,
                0.08,
                0.04
            ]
        },
        "collider2": {
            "type": "Box",
            "collider2origin": [
                [
                    0.3059409990197628,
                    -0.9174359650656747,
                    0.25438426665736136,
                    0.5658051236042061
                ],
                [
                    -0.7054463331399702,
                    -0.39788346279004183,
                    -0.5865443044626516,
                    -0.40085659697215004
                ],
                [
                    0.639332132915404,
                    -6.4976452804280746e-06,
                    -0.7689307015457381,
                    -0.7973661206433056
                ],
                [
                    0.0,
                    0.0,
                    0.0,
                    1.0
                ]
            ],
            "size": [
                0.09102,
                0.10007,
                0.11882
            ]
        },
        "distance": 0.0
    },
    {
        "case": 1,
        "collider1": {
            "type": "Cylinder",
            "collider2origin": [
                [
                    1.0,
                    0.0,
                    0.0,
                    0.4849999999999999
                ],
                [
                    0.0,
                    -3.673205103346574e-06,
                    -0.9999999999932537,
                    -0.46086
                ],
                [
                    0.0,
                    0.9999999999932537,
                    -3.673205103346574e-06,
                    -0.70001
                ],
                [
                    0.0,
                    0.0,
                    0.0,
                    1.0
                ]
            ],
            "radius": 0.026,
            "height": 0.272
        },
        "collider2": {
            "type": "Box",
            "collider2origin": [
                [
                    0.3059409990197628,
                    -0.9174359650656747,
                    0.25438426665736136,
                    0.5658051236042061
                ],
                [
                    -0.7054463331399702,
                    -0.39788346279004183,
                    -0.5865443044626516,
                    -0.40085659697215004
                ],
                [
                    0.639332132915404,
                    -6.4976452804280746e-06,
                    -0.7689307015457381,
                    -0.7973661206433056
                ],
                [
                    0.0,
                    0.0,
                    0.0,
                    1.0
                ]
            ],
            "size": [
                0.09102,
                0.10007,
                0.11882
            ]
        },
        "distance": 0.014574112842387923
    },
    {
        "case": 2,
        "collider1": {
            "type": "Box",
            "collider2origin": [
                [
                    1.0,
                    0.0,
                    0.0,
                    0.5199999999999999
                ],
                [
                    0.0,
                    1.0,
                    0.0,
                    -0.43085999999999997
                ],
                [
                    0.0,
                    0.0,
                    1.0,
                    -0.80301
                ],
                [
                    0.0,
                    0.0,
                    0.0,
                    1.0
                ]
            ],
            "size": [
                0.2,
                0.08,
                0.04
            ]
        },
        "collider2": {
            "type": "Box",
            "collider2origin": [
                [
                    -0.781154259160598,
                    0.5701637205859855,
                    0.25438426665736136,
                    0.5912239472535997
                ],
                [
                    0.34413141418253906,
                    0.7331707500133582,
                    -0.5865443044626516,
                    -0.4651191834586976
                ],
                [
                    -0.5209333864977201,
                    -0.370639964186805,
                    -0.7689307015457381,
                    -0.8821474700441866
                ],
                [
                    0.0,
                    0.0,
                    0.0,
                    1.0
                ]
            ],
            "size": [
                0.09126,
                0.11887,
                0.10009
            ]
        },
        "distance": 0.0
    },
    {
        "case": 3,
        "collider1": {
            "type": "Box",
            "collider2origin": [
                [
                    1.0,
                    0.0,
                    0.0,
                    0.5199999999999999
                ],
                [
                    0.0,
                    1.0,
                    0.0,
                    -0.43085999999999997
                ],
                [
                    0.0,
                    0.0,
                    1.0,
                    -0.80301
                ],
                [
                    0.0,
                    0.0,
                    0.0,
                    1.0
                ]
            ],
            "size": [
                0.2,
                0.08,
                0.04
            ]
        },
        "collider2": {
            "type": "Box",
            "collider2origin": [
                [
                    0.38794297760507834,
                    -0.917437224070923,
                    -0.08836959893506703,
                    0.6935095945070586
                ],
                [
                    -0.8945189915838375,
                    -0.3978805597618573,
                    0.20378133834928458,
                    -0.41443312601603743
                ],
                [
                    -0.2221171308628405,
                    -7.254653505068663e-06,
                    -0.9750199896025874,
                    -0.5106124419009295
                ],
                [
                    0.0,
                    0.0,
                    0.0,
                    1.0
                ]
            ],
            "size": [
                0.1202,
                0.13634,
                0.67816
            ]
        },
        "distance": 0.0
    }
]