[
    {
        "case": 0,
        "collider1": {
            "type": "Box",
            "collider2origin": [
                [
                    1.0,
                    0.0,
                    0.0,
                    1.23
                ],
                [
                    0.0,
                    1.0,
                    0.0,
                    -0.23086
                ],
                [
                    0.0,
                    0.0,
                    1.0,
                    -0.54301
                ],
                [
                    0.0,
                    0.0,
                    0.0,
                    1.0
                ]
            ],
            "size": [
                0.1,
                0.16,
                0.1
            ]
        },
        "collider2": {
            "type": "Box",
            "collider2origin": [
                [
                    -0.01795438547977379,
                    0.9805371586664996,
                    -0.1955109217314247,
                    1.1124985258175601
                ],
                [
                    0.08968885085470758,
                    0.19633359482817508,
                    0.9764266636948253,
                    -0.6728425074343993
                ],
                [
                    0.9958079885572346,
                    -4.009186929821037e-06,
                    -0.09146830002531323,
                    -0.400236870683951
                ],
                [
                    0.0,
                    0.0,
                    0.0,
                    1.0
                ]
            ],
            "size": [
                0.15068,
                0.17726,
                0.74884
            ]
        },
        "distance": 0.04862740259497929
    },
    {
        "case": 1,
        "collider1": {
            "type": "Box",
            "collider2origin": [
                [
                    1.0,
                    0.0,
                    0.0,
                    1.23
                ],
                [
                    0.0,
                    1.0,
                    0.0,
                    -0.23086
                ],
                [
                    0.0,
                    0.0,
                    1.0,
                    -0.54301
                ],
                [
                    0.0,
                    0.0,
                    0.0,
                    1.0
                ]
            ],
            "size": [
                0.1,
                0.16,
                0.1
            ]
        },
        "collider2": {
            "type": "Box",
            "collider2origin": [
                [
                    -0.01795438547977379,
                    0.9805371586664996,
                    -0.1955109217314247,
                    1.1124985258175601
                ],
                [
                    0.08968885085470758,
                    0.19633359482817508,
                    0.9764266636948253,
                    -0.6728425074343993
                ],
                [
                    0.9958079885572346,
                    -4.009186929821037e-06,
                    -0.09146830002531323,
                    -0.400236870683951
                ],
                [
                    0.0,
                    0.0,
                    0.0,
                    1.0
                ]
            ],
            "size": [
                0.15068,
                0.17726,
                0.74884
            ]
        },
        "distance": 0.04862740259497929
    }
]