[
    {
        "case": 0,
        "collider1": {
            "type": "Box",
            "collider2origin": [
                [
                    1.0,
                    0.0,
                    0.0,
                    0.5199999999999999
                ],
                [
                    0.0,
                    1.0,
                    0.0,
                    -0.43085999999999997
                ],
                [
                    0.0,
                    0.0,
                    1.0,
                    -0.80301
                ],
                [
                    0.0,
                    0.0,
                    0.0,
                    1.0
                ]
            ],
            "size": [
                0.2,
                0.08,
                0.04
            ]
        },
        "collider2": {
            "type": "Box",
            "collider2origin": [
                [
                    -0.46791071486305413,
                    0.6234751698124923,
                    -0.626369120841401,
                    0.9209767747909234
                ],
                [
                    0.37313803414119984,
                    0.7818431508894919,
                    0.49948903379797216,
                    -0.7137417322137105
                ],
                [
                    0.8011414172251904,
                    -5.871526846604296e-06,
                    -0.5984750868431689,
                    -0.5523044445484256
                ],
                [
                    0.0,
                    0.0,
                    0.0,
                    1.0
                ]
            ],
            "size": [
                0.15068,
                0.17726,
                0.74884
            ]
        },
        "distance": 0.07349084690415777
    },
    {
        "case": 1,
        "collider1": {
            "type": "Box",
            "collider2origin": [
                [
                    1.0,
                    0.0,
                    0.0,
                    0.5199999999999999
                ],
                [
                    0.0,
                    1.0,
                    0.0,
                    -0.43085999999999997
                ],
                [
                    0.0,
                    0.0,
                    1.0,
                    -0.80301
                ],
                [
                    0.0,
                    0.0,
                    0.0,
                    1.0
                ]
            ],
            "size": [
                0.2,
                0.08,
                0.04
            ]
        },
        "collider2": {
            "type": "Box",
            "collider2origin": [
                [
                    -0.46791071486305413,
                    0.6234751698124923,
                    -0.626369120841401,
                    0.9209767747909234
                ],
                [
                    0.37313803414119984,
                    0.7818431508894919,
                    0.49948903379797216,
                    -0.7137417322137105
                ],
                [
                    0.8011414172251904,
                    -5.871526846604296e-06,
                    -0.5984750868431689,
                    -0.5523044445484256
                ],
                [
                    0.0,
                    0.0,
                    0.0,
                    1.0
                ]
            ],
            "size": [
                0.15068,
                0.17726,
                0.74884
            ]
        },
        "distance": 0.07349084690415777
    }
]