[
    {
        "case": 0,
        "collider1": {
            "type": "Box",
            "collider2origin": [
                [
                    1.0,
                    0.0,
                    0.0,
                    -0.26
                ],
                [
                    0.0,
                    1.0,
                    0.0,
                    -0.4608599999999999
                ],
                [
                    0.0,
                    0.0,
                    1.0,
                    -1.143
                ],
                [
                    0.0,
                    0.0,
                    0.0,
                    1.0
                ]
            ],
            "size": [
                1.48,
                0.272,
                0.945
            ]
        },
        "collider2": {
            "type": "Box",
            "collider2origin": [
                [
                    -0.5186275974504575,
                    -0.23367793097766798,
                    0.8224475908754081,
                    0.1540555867927177
                ],
                [
                    -0.8403532142180791,
                    -0.0379719841457391,
                    -0.5407075029749255,
                    -0.6405063151320173
                ],
                [
                    0.15758137744070416,
                    -0.9715723097093864,
                    -0.17667868148098198,
                    -1.0043346159677236
                ],
                [
                    0.0,
                    0.0,
                    0.0,
                    1.0
                ]
            ],
            "size": [
                0.09126,
                0.11887,
                0.10009
            ]
        },
        "distance": 0.0
    },
    {
        "case": 1,
        "collider1": {
            "type": "Box",
            "collider2origin": [
                [
                    1.0,
                    0.0,
                    0.0,
                    -0.26
                ],
                [
                    0.0,
                    1.0,
                    0.0,
                    -0.4608599999999999
                ],
                [
                    0.0,
                    0.0,
                    1.0,
                    -1.143
                ],
                [
                    0.0,
                    0.0,
                    0.0,
                    1.0
                ]
            ],
            "size": [
                1.48,
                0.272,
                0.945
            ]
        },
        "collider2": {
            "type": "Box",
            "collider2origin": [
                [
                    0.939689029263089,
                    -0.23368186939587413,
                    -0.2497545038597766,
                    0.13948313448396155
                ],
                [
                    0.24785189351921852,
                    -0.03796644215634677,
                    0.9680537113967007,
                    -0.6444038045363956
                ],
                [
                    -0.23569889087887427,
                    -0.9715715790334947,
                    0.0222418446364074,
                    -1.0775424881916287
                ],
                [
                    0.0,
                    0.0,
                    0.0,
                    1.0
                ]
            ],
            "size": [
                0.08993,
                0.0305,
                0.09007
            ]
        },
        "distance": 0.0
    },
    {
        "case": 2,
        "collider1": {
            "type": "Box",
            "collider2origin": [
                [
                    1.0,
                    0.0,
                    0.0,
                    -0.26
                ],
                [
                    0.0,
                    1.0,
                    0.0,
                    -0.4608599999999999
                ],
                [
                    0.0,
                    0.0,
                    1.0,
                    -1.143
                ],
                [
                    0.0,
                    0.0,
                    0.0,
                    1.0
                ]
            ],
            "size": [
                1.48,
                0.272,
                0.945
            ]
        },
        "collider2": {
            "type": "Sphere",
            "collider2origin": [
                [
                    1.0,
                    0.0,
                    0.0,
                    0.17196503661399543
                ],
                [
                    0.0,
                    1.0,
                    0.0,
                    -0.588638384091305
                ],
                [
                    0.0,
                    0.0,
                    1.0,
                    -1.2822401326747748
                ],
                [
                    0.0,
                    0.0,
                    0.0,
                    1.0
                ]
            ],
            "radius": 0.00663
        },
        "distance": 0.0
    },
    {
        "case": 3,
        "collider1": {
            "type": "Box",
            "collider2origin": [
                [
                    1.0,
                    0.0,
                    0.0,
                    -0.26
                ],
                [
                    0.0,
                    1.0,
                    0.0,
                    -0.4608599999999999
                ],
                [
                    0.0,
                    0.0,
                    1.0,
                    -1.143
                ],
                [
                    0.0,
                    0.0,
                    0.0,
                    1.0
                ]
            ],
            "size": [
                1.48,
                0.272,
                0.945
            ]
        },
        "collider2": {
            "type": "Box",
            "collider2origin": [
                [
                    0.14762899482962188,
                    -0.5493501980966539,
                    0.8224475908754081,
                    0.0668087466969507
                ],
                [
                    -0.09706202343931972,
                    -0.835592221022004,
                    -0.5407075029749255,
                    -0.5779105038274135
                ],
                [
                    0.9842685830054011,
                    -4.322182137844219e-06,
                    -0.17667868148098198,
                    -0.9831209241232616
                ],
                [
                    0.0,
                    0.0,
                    0.0,
                    1.0
                ]
            ],
            "size": [
                0.09102,
                0.10007,
                0.11882
            ]
        },
        "distance": 0.0
    },
    {
        "case": 4,
        "collider1": {
            "type": "Box",
            "collider2origin": [
                [
                    1.0,
                    0.0,
                    0.0,
                    -0.06
                ],
                [
                    0.0,
                    1.0,
                    0.0,
                    -0.37086
                ],
                [
                    0.0,
                    0.0,
                    1.0,
                    -0.40301
                ],
                [
                    0.0,
                    0.0,
                    0.0,
                    1.0
                ]
            ],
            "size": [
                0.1,
                1.0,
                1.64
            ]
        },
        "collider2": {
            "type": "Box",
            "collider2origin": [
                [
                    0.14762899482962188,
                    -0.5493501980966539,
                    0.8224475908754081,
                    0.0668087466969507
                ],
                [
                    -0.09706202343931972,
                    -0.835592221022004,
                    -0.5407075029749255,
                    -0.5779105038274135
                ],
                [
                    0.9842685830054011,
                    -4.322182137844219e-06,
                    -0.17667868148098198,
                    -0.9831209241232616
                ],
                [
                    0.0,
                    0.0,
                    0.0,
                    1.0
                ]
            ],
            "size": [
                0.09102,
                0.10007,
                0.11882
            ]
        },
        "distance": 0.0
    },
    {
        "case": 5,
        "collider1": {
            "type": "Box",
            "collider2origin": [
                [
                    1.0,
                    0.0,
                    0.0,
                    -0.26
                ],
                [
                    0.0,
                    1.0,
                    0.0,
                    -0.4608599999999999
                ],
                [
                    0.0,
                    0.0,
                    1.0,
                    -1.143
                ],
                [
                    0.0,
                    0.0,
                    0.0,
                    1.0
                ]
            ],
            "size": [
                1.48,
                0.272,
                0.945
            ]
        },
        "collider2": {
            "type": "Cylinder",
            "collider2origin": [
                [
                    -0.28175867746780947,
                    -0.8708182310692723,
                    -0.40284942113520955,
                    0.1645797869740978
                ],
                [
                    0.9290029110942789,
                    -0.14260696141216306,
                    -0.3414920873682788,
                    -0.5943056126453785
                ],
                [
                    0.23992840359145695,
                    -0.4704666438698631,
                    0.849173420542519,
                    -1.264198314355318
                ],
                [
                    0.0,
                    0.0,
                    0.0,
                    1.0
                ]
            ],
            "radius": 0.00796,
            "height": 0.03037
        },
        "distance": 0.0
    },
    {
        "case": 6,
        "collider1": {
            "type": "Box",
            "collider2origin": [
                [
                    1.0,
                    0.0,
                    0.0,
                    -0.26
                ],
                [
                    0.0,
                    1.0,
                    0.0,
                    -0.4608599999999999
                ],
                [
                    0.0,
                    0.0,
                    1.0,
                    -1.143
                ],
                [
                    0.0,
                    0.0,
                    0.0,
                    1.0
                ]
            ],
            "size": [
                1.48,
                0.272,
                0.945
            ]
        },
        "collider2": {
            "type": "Cylinder",
            "collider2origin": [
                [
                    -0.28175867746780947,
                    -0.55642070627535,
                    -0.7816700360763682,
                    0.1492295733282618
                ],
                [
                    0.9290029110942789,
                    0.045512273074045866,
                    -0.36726315385291225,
                    -0.6041222991577067
                ],
                [
                    0.23992840359145695,
                    -0.8296533195423699,
                    0.5040929780530382,
                    -1.2442000842599854
                ],
                [
                    0.0,
                    0.0,
                    0.0,
                    1.0
                ]
            ],
            "radius": 0.00713,
            "height": 0.01426
        },
        "distance": 0.0
    },
    {
        "case": 7,
        "collider1": {
            "type": "Box",
            "collider2origin": [
                [
                    1.0,
                    0.0,
                    0.0,
                    0.5199999999999999
                ],
                [
                    0.0,
                    1.0,
                    0.0,
                    -0.43085999999999997
                ],
                [
                    0.0,
                    0.0,
                    1.0,
                    -0.80301
                ],
                [
                    0.0,
                    0.0,
                    0.0,
                    1.0
                ]
            ],
            "size": [
                0.2,
                0.08,
                0.04
            ]
        },
        "collider2": {
            "type": "Box",
            "collider2origin": [
                [
                    0.4006023757198907,
                    -0.5493559126689497,
                    -0.7332979052085482,
                    0.3401329628817499
                ],
                [
                    -0.26336949852949026,
                    -0.8355884640097268,
                    0.48210831361654644,
                    -0.6238565346835023
                ],
                [
                    -0.8775843229068669,
                    -5.434221597647356e-06,
                    -0.47942231504026267,
                    -0.8424555223518437
                ],
                [
                    0.0,
                    0.0,
                    0.0,
                    1.0
                ]
            ],
            "size": [
                0.1202,
                0.13634,
                0.67816
            ]
        },
        "distance": 0.10354767415453733
    },
    {
        "case": 8,
        "collider1": {
            "type": "Cylinder",
            "collider2origin": [
                [
                    1.0,
                    0.0,
                    0.0,
                    0.4849999999999999
                ],
                [
                    0.0,
                    -3.673205103346574e-06,
                    -0.9999999999932537,
                    -0.46086
                ],
                [
                    0.0,
                    0.9999999999932537,
                    -3.673205103346574e-06,
                    -0.70001
                ],
                [
                    0.0,
                    0.0,
                    0.0,
                    1.0
                ]
            ],
            "radius": 0.026,
            "height": 0.272
        },
        "collider2": {
            "type": "Box",
            "collider2origin": [
                [
                    0.4006023757198907,
                    -0.5493559126689497,
                    -0.7332979052085482,
                    0.3401329628817499
                ],
                [
                    -0.26336949852949026,
                    -0.8355884640097268,
                    0.48210831361654644,
                    -0.6238565346835023
                ],
                [
                    -0.8775843229068669,
                    -5.434221597647356e-06,
                    -0.47942231504026267,
                    -0.8424555223518437
                ],
                [
                    0.0,
                    0.0,
                    0.0,
                    1.0
                ]
            ],
            "size": [
                0.1202,
                0.13634,
                0.67816
            ]
        },
        "distance": 0.024132437486236634
    },
    {
        "case": 9,
        "collider1": {
            "type": "Box",
            "collider2origin": [
                [
                    1.0,
                    0.0,
                    0.0,
                    -0.26
                ],
                [
                    0.0,
                    1.0,
                    0.0,
                    -0.4608599999999999
                ],
                [
                    0.0,
                    0.0,
                    1.0,
                    -1.143
                ],
                [
                    0.0,
                    0.0,
                    0.0,
                    1.0
                ]
            ],
            "size": [
                1.48,
                0.272,
                0.945
            ]
        },
        "collider2": {
            "type": "Box",
            "collider2origin": [
                [
                    0.4006023757198907,
                    -0.5493559126689497,
                    -0.7332979052085482,
                    0.3401329628817499
                ],
                [
                    -0.26336949852949026,
                    -0.8355884640097268,
                    0.48210831361654644,
                    -0.6238565346835023
                ],
                [
                    -0.8775843229068669,
                    -5.434221597647356e-06,
                    -0.47942231504026267,
                    -0.8424555223518437
                ],
                [
                    0.0,
                    0.0,
                    0.0,
                    1.0
                ]
            ],
            "size": [
                0.1202,
                0.13634,
                0.67816
            ]
        },
        "distance": 0.0
    }
]