[
    {
        "case": 0,
        "collider1": {
            "type": "Box",
            "collider2origin": [
                [
                    1.0,
                    0.0,
                    0.0,
                    1.2009999999999998
                ],
                [
                    0.0,
                    1.0,
                    0.0,
                    0.02914
                ],
                [
                    0.0,
                    0.0,
                    1.0,
                    -1.22801
                ],
                [
                    0.0,
                    0.0,
                    0.0,
                    1.0
                ]
            ],
            "size": [
                0.41,
                0.6,
                0.82
            ]
        },
        "collider2": {
            "type": "Box",
            "collider2origin": [
                [
                    -0.5355044545035389,
                    -0.16833748788406738,
                    0.8275853245314037,
                    1.1202948303643674
                ],
                [
                    -0.6120387803234537,
                    -0.5978743540186159,
                    -0.5176434952619438,
                    -0.1742456496576419
                ],
                [
                    0.5819308469114232,
                    -0.7837147101973421,
                    0.21713530904311587,
                    -1.0466769425314566
                ],
                [
                    0.0,
                    0.0,
                    0.0,
                    1.0
                ]
            ],
            "size": [
                0.08993,
                0.0305,
                0.09007
            ]
        },
        "distance": 0.0
    },
    {
        "case": 1,
        "collider1": {
            "type": "Box",
            "collider2origin": [
                [
                    1.0,
                    0.0,
                    0.0,
                    1.2009999999999998
                ],
                [
                    0.0,
                    1.0,
                    0.0,
                    0.02914
                ],
                [
                    0.0,
                    0.0,
                    1.0,
                    -1.22801
                ],
                [
                    0.0,
                    0.0,
                    0.0,
                    1.0
                ]
            ],
            "size": [
                0.41,
                0.6,
                0.82
            ]
        },
        "collider2": {
            "type": "Cylinder",
            "collider2origin": [
                [
                    0.7627098353580861,
                    0.5760715002046678,
                    0.293964851130172,
                    1.0623713854703631
                ],
                [
                    -0.6375681376278758,
                    0.5934518141443142,
                    0.49124516707092786,
                    -0.2864352478104646
                ],
                [
                    0.10853836616497838,
                    -0.5621001431602425,
                    0.819916368984954,
                    -1.1757191558843763
                ],
                [
                    0.0,
                    0.0,
                    0.0,
                    1.0
                ]
            ],
            "radius": 0.00783,
            "height": 0.03683
        },
        "distance": 0.0
    },
    {
        "case": 2,
        "collider1": {
            "type": "Box",
            "collider2origin": [
                [
                    1.0,
                    0.0,
                    0.0,
                    1.2009999999999998
                ],
                [
                    0.0,
                    1.0,
                    0.0,
                    0.02914
                ],
                [
                    0.0,
                    0.0,
                    1.0,
                    -1.22801
                ],
                [
                    0.0,
                    0.0,
                    0.0,
                    1.0
                ]
            ],
            "size": [
                0.41,
                0.6,
                0.82
            ]
        },
        "collider2": {
            "type": "Cylinder",
            "collider2origin": [
                [
                    0.6779792069371605,
                    0.6969461836029699,
                    0.23368827981333137,
                    1.0388856732504599
                ],
                [
                    -0.7350260701371313,
                    0.6466477913966381,
                    0.20391986195712922,
                    -0.27865239854283586
                ],
                [
                    -0.008992840464704652,
                    -0.3100204042367288,
                    0.950687371209522,
                    -1.1982056868607338
                ],
                [
                    0.0,
                    0.0,
                    0.0,
                    1.0
                ]
            ],
            "radius": 0.0076,
            "height": 0.02993
        },
        "distance": 0.0
    },
    {
        "case": 3,
        "collider1": {
            "type": "Box",
            "collider2origin": [
                [
                    1.0,
                    0.0,
                    0.0,
                    1.2009999999999998
                ],
                [
                    0.0,
                    1.0,
                    0.0,
                    0.02914
                ],
                [
                    0.0,
                    0.0,
                    1.0,
                    -1.22801
                ],
                [
                    0.0,
                    0.0,
                    0.0,
                    1.0
                ]
            ],
            "size": [
                0.41,
                0.6,
                0.82
            ]
        },
        "collider2": {
            "type": "Box",
            "collider2origin": [
                [
                    -0.9508790386305198,
                    -0.16834148203210042,
                    -0.2597887590338244,
                    1.1330013673640311
                ],
                [
                    0.3080324803799389,
                    -0.5978751709317279,
                    -0.7400413981760344,
                    -0.12630139299406495
                ],
                [
                    -0.030741582979427907,
                    -0.7837132290644283,
                    0.6203616120178018,
                    -0.990691817459334
                ],
                [
                    0.0,
                    0.0,
                    0.0,
                    1.0
                ]
            ],
            "size": [
                0.09126,
                0.11887,
                0.10009
            ]
        },
        "distance": 0.0
    },
    {
        "case": 4,
        "collider1": {
            "type": "Box",
            "collider2origin": [
                [
                    1.0,
                    0.0,
                    0.0,
                    1.2009999999999998
                ],
                [
                    0.0,
                    1.0,
                    0.0,
                    0.02914
                ],
                [
                    0.0,
                    0.0,
                    1.0,
                    -1.22801
                ],
                [
                    0.0,
                    0.0,
                    0.0,
                    1.0
                ]
            ],
            "size": [
                0.41,
                0.6,
                0.82
            ]
        },
        "collider2": {
            "type": "Sphere",
            "collider2origin": [
                [
                    1.0,
                    0.0,
                    0.0,
                    1.1495539830627668
                ],
                [
                    0.0,
                    1.0,
                    0.0,
                    -0.2719119237526725
                ],
                [
                    0.0,
                    0.0,
                    1.0,
                    -1.1982070746619902
                ],
                [
                    0.0,
                    0.0,
                    0.0,
                    1.0
                ]
            ],
            "radius": 0.01051
        },
        "distance": 0.0
    },
    {
        "case": 5,
        "collider1": {
            "type": "Box",
            "collider2origin": [
                [
                    1.0,
                    0.0,
                    0.0,
                    1.2009999999999998
                ],
                [
                    0.0,
                    1.0,
                    0.0,
                    0.02914
                ],
                [
                    0.0,
                    0.0,
                    1.0,
                    -1.22801
                ],
                [
                    0.0,
                    0.0,
                    0.0,
                    1.0
                ]
            ],
            "size": [
                0.41,
                0.6,
                0.82
            ]
        },
        "collider2": {
            "type": "Cylinder",
            "collider2origin": [
                [
                    0.8275859652470381,
                    0.27512042606492465,
                    -0.48929563792045166,
                    1.1085673329597883
                ],
                [
                    -0.5176416609658199,
                    0.7112120475458248,
                    -0.4756306700142683,
                    -0.2710933653993767
                ],
                [
                    0.21713723991677394,
                    0.6469050738613271,
                    0.7310029031774056,
                    -1.2101560839942573
                ],
                [
                    0.0,
                    0.0,
                    0.0,
                    1.0
                ]
            ],
            "radius": 0.00813,
            "height": 0.03824
        },
        "distance": 0.0
    },
    {
        "case": 6,
        "collider1": {
            "type": "Box",
            "collider2origin": [
                [
                    1.0,
                    0.0,
                    0.0,
                    1.2009999999999998
                ],
                [
                    0.0,
                    1.0,
                    0.0,
                    0.02914
                ],
                [
                    0.0,
                    0.0,
                    1.0,
                    -1.22801
                ],
                [
                    0.0,
                    0.0,
                    0.0,
                    1.0
                ]
            ],
            "size": [
                0.41,
                0.6,
                0.82
            ]
        },
        "collider2": {
            "type": "Box",
            "collider2origin": [
                [
                    0.20548053713259198,
                    -0.9435505018489295,
                    -0.2597887590338244,
                    1.1655350528320696
                ],
                [
                    0.5853428726199473,
                    0.33122869812063144,
                    -0.7400413981760344,
                    -0.04553736458850133
                ],
                [
                    0.7843159250791288,
                    -1.3944896641718843e-06,
                    0.6203616120178018,
                    -1.056990850644159
                ],
                [
                    0.0,
                    0.0,
                    0.0,
                    1.0
                ]
            ],
            "size": [
                0.09102,
                0.10007,
                0.11882
            ]
        },
        "distance": 0.0
    },
    {
        "case": 7,
        "collider1": {
            "type": "Box",
            "collider2origin": [
                [
                    1.0,
                    0.0,
                    0.0,
                    1.2009999999999998
                ],
                [
                    0.0,
                    1.0,
                    0.0,
                    0.02914
                ],
                [
                    0.0,
                    0.0,
                    1.0,
                    -1.22801
                ],
                [
                    0.0,
                    0.0,
                    0.0,
                    1.0
                ]
            ],
            "size": [
                0.41,
                0.6,
                0.82
            ]
        },
        "collider2": {
            "type": "Cylinder",
            "collider2origin": [
                [
                    0.9811898642547033,
                    0.05988257345705371,
                    -0.18352255360036138,
                    1.1453158399623389
                ],
                [
                    0.021096493084121308,
                    0.9117157598989617,
                    0.410279552416899,
                    -0.25613262225775946
                ],
                [
                    0.1918889998498837,
                    -0.40643382062522787,
                    0.8933029503973393,
                    -1.1646101285598083
                ],
                [
                    0.0,
                    0.0,
                    0.0,
                    1.0
                ]
            ],
            "radius": 0.01271,
            "height": 0.05982
        },
        "distance": 0.0
    },
    {
        "case": 8,
        "collider1": {
            "type": "Box",
            "collider2origin": [
                [
                    1.0,
                    0.0,
                    0.0,
                    1.2009999999999998
                ],
                [
                    0.0,
                    1.0,
                    0.0,
                    0.02914
                ],
                [
                    0.0,
                    0.0,
                    1.0,
                    -1.22801
                ],
                [
                    0.0,
                    0.0,
                    0.0,
                    1.0
                ]
            ],
            "size": [
                0.41,
                0.6,
                0.82
            ]
        },
        "collider2": {
            "type": "Cylinder",
            "collider2origin": [
                [
                    0.9881063285524767,
                    0.028497400499575738,
                    -0.1511085094867639,
                    1.1467184332140927
                ],
                [
                    0.04866617795725682,
                    0.874212976455821,
                    0.4830975832265017,
                    -0.26088409683803704
                ],
                [
                    0.1458680451558094,
                    -0.4847056529080518,
                    0.8624285149746627,
                    -1.1785889812124084
                ],
                [
                    0.0,
                    0.0,
                    0.0,
                    1.0
                ]
            ],
            "radius": 0.01169,
            "height": 0.05502
        },
        "distance": 0.0
    },
    {
        "case": 9,
        "collider1": {
            "type": "Box",
            "collider2origin": [
                [
                    1.0,
                    0.0,
                    0.0,
                    1.2009999999999998
                ],
                [
                    0.0,
                    1.0,
                    0.0,
                    0.02914
                ],
                [
                    0.0,
                    0.0,
                    1.0,
                    -1.22801
                ],
                [
                    0.0,
                    0.0,
                    0.0,
                    1.0
                ]
            ],
            "size": [
                0.41,
                0.6,
                0.82
            ]
        },
        "collider2": {
            "type": "Cylinder",
            "collider2origin": [
                [
                    0.6745484624701505,
                    0.5565577970079422,
                    0.4850028766603575,
                    1.0479246322797
                ],
                [
                    -0.7382222706519489,
                    0.511656543875138,
                    0.43958555506662095,
                    -0.2701943790295559
                ],
                [
                    -0.003500127517146392,
                    -0.654561685175213,
                    0.7560004956400154,
                    -1.1752877173699456
                ],
                [
                    0.0,
                    0.0,
                    0.0,
                    1.0
                ]
            ],
            "radius": 0.00783,
            "height": 0.03044
        },
        "distance": 0.0
    },
    {
        "case": 10,
        "collider1": {
            "type": "Box",
            "collider2origin": [
                [
                    1.0,
                    0.0,
                    0.0,
                    1.2009999999999998
                ],
                [
                    0.0,
                    1.0,
                    0.0,
                    0.02914
                ],
                [
                    0.0,
                    0.0,
                    1.0,
                    -1.22801
                ],
                [
                    0.0,
                    0.0,
                    0.0,
                    1.0
                ]
            ],
            "size": [
                0.41,
                0.6,
                0.82
            ]
        },
        "collider2": {
            "type": "Box",
            "collider2origin": [
                [
                    -0.22088468447316106,
                    -0.9435486409278488,
                    0.24683176126341827,
                    1.1996641593601796
                ],
                [
                    -0.6292228663850328,
                    0.3312339991089699,
                    0.7031092534254416,
                    -0.28572227191153177
                ],
                [
                    -0.7451768518837627,
                    -6.122743995633461e-06,
                    -0.6668668977982913,
                    -0.8637222361560629
                ],
                [
                    0.0,
                    0.0,
                    0.0,
                    1.0
                ]
            ],
            "size": [
                0.1202,
                0.13634,
                0.67816
            ]
        },
        "distance": 0.0
    },
    {
        "case": 11,
        "collider1": {
            "type": "Box",
            "collider2origin": [
                [
                    1.0,
                    0.0,
                    0.0,
                    1.23
                ],
                [
                    0.0,
                    1.0,
                    0.0,
                    -0.23086
                ],
                [
                    0.0,
                    0.0,
                    1.0,
                    -0.54301
                ],
                [
                    0.0,
                    0.0,
                    0.0,
                    1.0
                ]
            ],
            "size": [
                0.1,
                0.16,
                0.1
            ]
        },
        "collider2": {
            "type": "Box",
            "collider2origin": [
                [
                    -0.22088468447316106,
                    -0.9435486409278488,
                    0.24683176126341827,
                    1.1996641593601796
                ],
                [
                    -0.6292228663850328,
                    0.3312339991089699,
                    0.7031092534254416,
                    -0.28572227191153177
                ],
                [
                    -0.7451768518837627,
                    -6.122743995633461e-06,
                    -0.6668668977982913,
                    -0.8637222361560629
                ],
                [
                    0.0,
                    0.0,
                    0.0,
                    1.0
                ]
            ],
            "size": [
                0.1202,
                0.13634,
                0.67816
            ]
        },
        "distance": 0.12146774694725185
    },
    {
        "case": 12,
        "collider1": {
            "type": "Box",
            "collider2origin": [
                [
                    1.0,
                    0.0,
                    0.0,
                    1.28
                ],
                [
                    0.0,
                    1.0,
                    0.0,
                    -0.23086
                ],
                [
                    0.0,
                    0.0,
                    1.0,
                    -0.67301
                ],
                [
                    0.0,
                    0.0,
                    0.0,
                    1.0
                ]
            ],
            "size": [
                0.06,
                0.06,
                0.33
            ]
        },
        "collider2": {
            "type": "Box",
            "collider2origin": [
                [
                    -0.22088468447316106,
                    -0.9435486409278488,
                    0.24683176126341827,
                    1.1996641593601796
                ],
                [
                    -0.6292228663850328,
                    0.3312339991089699,
                    0.7031092534254416,
                    -0.28572227191153177
                ],
                [
                    -0.7451768518837627,
                    -6.122743995633461e-06,
                    -0.6668668977982913,
                    -0.8637222361560629
                ],
                [
                    0.0,
                    0.0,
                    0.0,
                    1.0
                ]
            ],
            "size": [
                0.1202,
                0.13634,
                0.67816
            ]
        },
        "distance": 0.0
    },
    {
        "case": 13,
        "collider1": {
            "type": "Box",
            "collider2origin": [
                [
                    1.0,
                    0.0,
                    0.0,
                    1.2009999999999998
                ],
                [
                    0.0,
                    1.0,
                    0.0,
                    0.02914
                ],
                [
                    0.0,
                    0.0,
                    1.0,
                    -1.22801
                ],
                [
                    0.0,
                    0.0,
                    0.0,
                    1.0
                ]
            ],
            "size": [
                0.41,
                0.6,
                0.82
            ]
        },
        "collider2": {
            "type": "Box",
            "collider2origin": [
                [
                    0.8055899781757668,
                    -0.3428675376212543,
                    0.48318385600959946,
                    1.0862123121546248
                ],
                [
                    -0.5595886264895645,
                    -0.7082463463002048,
                    0.4304040915882804,
                    -0.2661011844775546
                ],
                [
                    0.19464160954505655,
                    -0.6171134130757066,
                    -0.7624209331043852,
                    -1.138335645085419
                ],
                [
                    0.0,
                    0.0,
                    0.0,
                    1.0
                ]
            ],
            "size": [
                0.07264,
                0.04753,
                0.03326
            ]
        },
        "distance": 0.0
    },
    {
        "case": 14,
        "collider1": {
            "type": "Box",
            "collider2origin": [
                [
                    1.0,
                    0.0,
                    0.0,
                    1.2009999999999998
                ],
                [
                    0.0,
                    1.0,
                    0.0,
                    0.02914
                ],
                [
                    0.0,
                    0.0,
                    1.0,
                    -1.22801
                ],
                [
                    0.0,
                    0.0,
                    0.0,
                    1.0
                ]
            ],
            "size": [
                0.41,
                0.6,
                0.82
            ]
        },
        "collider2": {
            "type": "Sphere",
            "collider2origin": [
                [
                    1.0,
                    0.0,
                    0.0,
                    1.1191808333400841
                ],
                [
                    0.0,
                    1.0,
                    0.0,
                    -0.25994311528402236
                ],
                [
                    0.0,
                    0.0,
                    1.0,
                    -1.2240261428276766
                ],
                [
                    0.0,
                    0.0,
                    0.0,
                    1.0
                ]
            ],
            "radius": 0.00563
        },
        "distance": 0.0
    },
    {
        "case": 15,
        "collider1": {
            "type": "Box",
            "collider2origin": [
                [
                    1.0,
                    0.0,
                    0.0,
                    1.2009999999999998
                ],
                [
                    0.0,
                    1.0,
                    0.0,
                    0.02914
                ],
                [
                    0.0,
                    0.0,
                    1.0,
                    -1.22801
                ],
                [
                    0.0,
                    0.0,
                    0.0,
                    1.0
                ]
            ],
            "size": [
                0.41,
                0.6,
                0.82
            ]
        },
        "collider2": {
            "type": "Box",
            "collider2origin": [
                [
                    0.8889516237274191,
                    -0.34286788169464066,
                    0.3036554402190329,
                    1.1034491101822257
                ],
                [
                    -0.45698031001620576,
                    -0.7082427849544414,
                    0.5381088679974239,
                    -0.22787569216549242
                ],
                [
                    0.030561526955916966,
                    -0.6171173091578347,
                    -0.7862774445498965,
                    -1.1088043018844034
                ],
                [
                    0.0,
                    0.0,
                    0.0,
                    1.0
                ]
            ],
            "size": [
                0.06241,
                0.05638,
                0.02858
            ]
        },
        "distance": 0.0
    }
]