[
    {
        "case": 0,
        "collider1": {
            "type": "Box",
            "collider2origin": [
                [
                    1.0,
                    0.0,
                    0.0,
                    0.5199999999999999
                ],
                [
                    0.0,
                    1.0,
                    0.0,
                    -0.43085999999999997
                ],
                [
                    0.0,
                    0.0,
                    1.0,
                    -0.80301
                ],
                [
                    0.0,
                    0.0,
                    0.0,
                    1.0
                ]
            ],
            "size": [
                0.2,
                0.08,
                0.04
            ]
        },
        "collider2": {
            "type": "Box",
            "collider2origin": [
                [
                    -0.42054051871959625,
                    -0.7904802327043625,
                    -0.44529391846140176,
                    0.6850444594835643
                ],
                [
                    0.5427535674246915,
                    -0.6124875522835801,
                    0.5746978017579669,
                    -0.6722116742464794
                ],
                [
                    -0.7270242342335114,
                    -1.1511391384207977e-06,
                    0.6866117992256258,
                    -0.7395359564655748
                ],
                [
                    0.0,
                    0.0,
                    0.0,
                    1.0
                ]
            ],
            "size": [
                0.1202,
                0.13634,
                0.67816
            ]
        },
        "distance": 0.1082094696984358
    },
    {
        "case": 1,
        "collider1": {
            "type": "Cylinder",
            "collider2origin": [
                [
                    1.0,
                    0.0,
                    0.0,
                    0.4849999999999999
                ],
                [
                    0.0,
                    -3.673205103346574e-06,
                    -0.9999999999932537,
                    -0.46086
                ],
                [
                    0.0,
                    0.9999999999932537,
                    -3.673205103346574e-06,
                    -0.70001
                ],
                [
                    0.0,
                    0.0,
                    0.0,
                    1.0
                ]
            ],
            "radius": 0.026,
            "height": 0.272
        },
        "collider2": {
            "type": "Box",
            "collider2origin": [
                [
                    -0.42054051871959625,
                    -0.7904802327043625,
                    -0.44529391846140176,
                    0.6850444594835643
                ],
                [
                    0.5427535674246915,
                    -0.6124875522835801,
                    0.5746978017579669,
                    -0.6722116742464794
                ],
                [
                    -0.7270242342335114,
                    -1.1511391384207977e-06,
                    0.6866117992256258,
                    -0.7395359564655748
                ],
                [
                    0.0,
                    0.0,
                    0.0,
                    1.0
                ]
            ],
            "size": [
                0.1202,
                0.13634,
                0.67816
            ]
        },
        "distance": 0.03013921735740566
    },
    {
        "case": 2,
        "collider1": {
            "type": "Box",
            "collider2origin": [
                [
                    1.0,
                    0.0,
                    0.0,
                    -0.26
                ],
                [
                    0.0,
                    1.0,
                    0.0,
                    -0.4608599999999999
                ],
                [
                    0.0,
                    0.0,
                    1.0,
                    -1.143
                ],
                [
                    0.0,
                    0.0,
                    0.0,
                    1.0
                ]
            ],
            "size": [
                1.48,
                0.272,
                0.945
            ]
        },
        "collider2": {
            "type": "Box",
            "collider2origin": [
                [
                    -0.42054051871959625,
                    -0.7904802327043625,
                    -0.44529391846140176,
                    0.6850444594835643
                ],
                [
                    0.5427535674246915,
                    -0.6124875522835801,
                    0.5746978017579669,
                    -0.6722116742464794
                ],
                [
                    -0.7270242342335114,
                    -1.1511391384207977e-06,
                    0.6866117992256258,
                    -0.7395359564655748
                ],
                [
                    0.0,
                    0.0,
                    0.0,
                    1.0
                ]
            ],
            "size": [
                0.1202,
                0.13634,
                0.67816
            ]
        },
        "distance": 0.04427683200197194
    }
]