[
    {
        "case": 0,
        "collider1": {
            "type": "Box",
            "collider2origin": [
                [
                    1.0,
                    0.0,
                    0.0,
                    -0.06
                ],
                [
                    0.0,
                    1.0,
                    0.0,
                    -0.37086
                ],
                [
                    0.0,
                    0.0,
                    1.0,
                    -0.40301
                ],
                [
                    0.0,
                    0.0,
                    0.0,
                    1.0
                ]
            ],
            "size": [
                0.1,
                1.0,
                1.64
            ]
        },
        "collider2": {
            "type": "Box",
            "collider2origin": [
                [
                    -0.5750894606751368,
                    -0.05996365836273171,
                    0.8158899876185133,
                    -0.010690448217392179
                ],
                [
                    -0.03455137309857074,
                    0.9982005608304575,
                    0.04900860102842492,
                    -0.9004678730931979
                ],
                [
                    -0.817360578225659,
                    -5.789435715680283e-06,
                    -0.5761264489060528,
                    -0.17322911050244505
                ],
                [
                    0.0,
                    0.0,
                    0.0,
                    1.0
                ]
            ],
            "size": [
                0.09102,
                0.10007,
                0.11882
            ]
        },
        "distance": 0.0
    }
]