[
    {
        "case": 0,
        "collider1": {
            "type": "Box",
            "collider2origin": [
                [
                    1.0,
                    0.0,
                    0.0,
                    1.2009999999999998
                ],
                [
                    0.0,
                    1.0,
                    0.0,
                    0.02914
                ],
                [
                    0.0,
                    0.0,
                    1.0,
                    -1.22801
                ],
                [
                    0.0,
                    0.0,
                    0.0,
                    1.0
                ]
            ],
            "size": [
                0.41,
                0.6,
                0.82
            ]
        },
        "collider2": {
            "type": "Box",
            "collider2origin": [
                [
                    -0.27956126679167687,
                    0.9037338482294298,
                    0.32420769527304366,
                    1.315430757984459
                ],
                [
                    -0.5901729306514051,
                    -0.42809476937099056,
                    0.6844200321173617,
                    -0.446700458863307
                ],
                [
                    0.757325167966947,
                    -1.2744627001144257e-06,
                    0.6530379697706796,
                    -0.6322382252481791
                ],
                [
                    0.0,
                    0.0,
                    0.0,
                    1.0
                ]
            ],
            "size": [
                0.1202,
                0.13634,
                0.67816
            ]
        },
        "distance": 0.17823132459756058
    },
    {
        "case": 1,
        "collider1": {
            "type": "Box",
            "collider2origin": [
                [
                    1.0,
                    0.0,
                    0.0,
                    1.23
                ],
                [
                    0.0,
                    1.0,
                    0.0,
                    -0.23086
                ],
                [
                    0.0,
                    0.0,
                    1.0,
                    -0.54301
                ],
                [
                    0.0,
                    0.0,
                    0.0,
                    1.0
                ]
            ],
            "size": [
                0.1,
                0.16,
                0.1
            ]
        },
        "collider2": {
            "type": "Box",
            "collider2origin": [
                [
                    -0.27956126679167687,
                    0.9037338482294298,
                    0.32420769527304366,
                    1.315430757984459
                ],
                [
                    -0.5901729306514051,
                    -0.42809476937099056,
                    0.6844200321173617,
                    -0.446700458863307
                ],
                [
                    0.757325167966947,
                    -1.2744627001144257e-06,
                    0.6530379697706796,
                    -0.6322382252481791
                ],
                [
                    0.0,
                    0.0,
                    0.0,
                    1.0
                ]
            ],
            "size": [
                0.1202,
                0.13634,
                0.67816
            ]
        },
        "distance": 0.02200261516222761
    },
    {
        "case": 2,
        "collider1": {
            "type": "Box",
            "collider2origin": [
                [
                    1.0,
                    0.0,
                    0.0,
                    1.28
                ],
                [
                    0.0,
                    1.0,
                    0.0,
                    -0.23086
                ],
                [
                    0.0,
                    0.0,
                    1.0,
                    -0.67301
                ],
                [
                    0.0,
                    0.0,
                    0.0,
                    1.0
                ]
            ],
            "size": [
                0.06,
                0.06,
                0.33
            ]
        },
        "collider2": {
            "type": "Box",
            "collider2origin": [
                [
                    -0.27956126679167687,
                    0.9037338482294298,
                    0.32420769527304366,
                    1.315430757984459
                ],
                [
                    -0.5901729306514051,
                    -0.42809476937099056,
                    0.6844200321173617,
                    -0.446700458863307
                ],
                [
                    0.757325167966947,
                    -1.2744627001144257e-06,
                    0.6530379697706796,
                    -0.6322382252481791
                ],
                [
                    0.0,
                    0.0,
                    0.0,
                    1.0
                ]
            ],
            "size": [
                0.1202,
                0.13634,
                0.67816
            ]
        },
        "distance": 0.016295369066235518
    }
]