[
    {
        "case": 0,
        "collider1": {
            "type": "Box",
            "collider2origin": [
                [
                    1.0,
                    0.0,
                    0.0,
                    -0.26
                ],
                [
                    0.0,
                    1.0,
                    0.0,
                    -0.4608599999999999
                ],
                [
                    0.0,
                    0.0,
                    1.0,
                    -1.143
                ],
                [
                    0.0,
                    0.0,
                    0.0,
                    1.0
                ]
            ],
            "size": [
                1.48,
                0.272,
                0.945
            ]
        },
        "collider2": {
            "type": "Box",
            "collider2origin": [
                [
                    -0.518860983864863,
                    0.38941310283256364,
                    -0.7610129530862806,
                    0.4860310719936872
                ],
                [
                    0.21937257750799682,
                    0.9210632091823773,
                    0.3217425009664688,
                    -0.7303707767268388
                ],
                [
                    0.8262317784134693,
                    -5.742432906012808e-06,
                    -0.5633303190018624,
                    -1.0349877674237709
                ],
                [
                    0.0,
                    0.0,
                    0.0,
                    1.0
                ]
            ],
            "size": [
                0.1202,
                0.13634,
                0.67816
            ]
        },
        "distance": 0.0
    },
    {
        "case": 1,
        "collider1": {
            "type": "Box",
            "collider2origin": [
                [
                    1.0,
                    0.0,
                    0.0,
                    -0.26
                ],
                [
                    0.0,
                    1.0,
                    0.0,
                    -0.4608599999999999
                ],
                [
                    0.0,
                    0.0,
                    1.0,
                    -1.143
                ],
                [
                    0.0,
                    0.0,
                    0.0,
                    1.0
                ]
            ],
            "size": [
                1.48,
                0.272,
                0.945
            ]
        },
        "collider2": {
            "type": "Box",
            "collider2origin": [
                [
                    -0.18428381577061417,
                    -0.4148343948829401,
                    0.891039785905841,
                    0.40775622069336337
                ],
                [
                    0.20960567711993697,
                    -0.9022988164924444,
                    -0.37672577012387515,
                    -0.5739394018266213
                ],
                [
                    0.9602629511566689,
                    0.11734253524804654,
                    0.2532307131006149,
                    -1.1707231046450117
                ],
                [
                    0.0,
                    0.0,
                    0.0,
                    1.0
                ]
            ],
            "size": [
                0.09126,
                0.11887,
                0.10009
            ]
        },
        "distance": 0.0
    },
    {
        "case": 2,
        "collider1": {
            "type": "Box",
            "collider2origin": [
                [
                    1.0,
                    0.0,
                    0.0,
                    -0.26
                ],
                [
                    0.0,
                    1.0,
                    0.0,
                    -0.4608599999999999
                ],
                [
                    0.0,
                    0.0,
                    1.0,
                    -1.143
                ],
                [
                    0.0,
                    0.0,
                    0.0,
                    1.0
                ]
            ],
            "size": [
                1.48,
                0.272,
                0.945
            ]
        },
        "collider2": {
            "type": "Box",
            "collider2origin": [
                [
                    0.23323981020628226,
                    0.38941917116111546,
                    0.891039785905841,
                    0.3096295915577427
                ],
                [
                    -0.09861533856306316,
                    0.9210606435651593,
                    -0.37672577012387515,
                    -0.5344524401840387
                ],
                [
                    -0.9674059158052681,
                    -2.7430367556798086e-06,
                    0.2532307131006149,
                    -1.1985218603424073
                ],
                [
                    0.0,
                    0.0,
                    0.0,
                    1.0
                ]
            ],
            "size": [
                0.09102,
                0.10007,
                0.11882
            ]
        },
        "distance": 0.0
    }
]