[
    {
        "case": 0,
        "collider1": {
            "type": "Box",
            "collider2origin": [
                [
                    1.0,
                    0.0,
                    0.0,
                    -0.06
                ],
                [
                    0.0,
                    1.0,
                    0.0,
                    -0.37086
                ],
                [
                    0.0,
                    0.0,
                    1.0,
                    -0.40301
                ],
                [
                    0.0,
                    0.0,
                    0.0,
                    1.0
                ]
            ],
            "size": [
                0.1,
                1.0,
                1.64
            ]
        },
        "collider2": {
            "type": "Box",
            "collider2origin": [
                [
                    0.9510887784643061,
                    -0.24894488849607946,
                    -0.18291139377017726,
                    0.04562858560380567
                ],
                [
                    -0.244463603155993,
                    -0.9685176521048399,
                    0.04702238077041075,
                    -0.9198493221014559
                ],
                [
                    -0.1888588949752262,
                    -7.280308071238165e-06,
                    -0.9820042350905283,
                    -0.9487886241259272
                ],
                [
                    0.0,
                    0.0,
                    0.0,
                    1.0
                ]
            ],
            "size": [
                0.09102,
                0.10007,
                0.11882
            ]
        },
        "distance": 0.010161788757777587
    },
    {
        "case": 1,
        "collider1": {
            "type": "Box",
            "collider2origin": [
                [
                    1.0,
                    0.0,
                    0.0,
                    -0.06
                ],
                [
                    0.0,
                    1.0,
                    0.0,
                    -0.37086
                ],
                [
                    0.0,
                    0.0,
                    1.0,
                    -0.40301
                ],
                [
                    0.0,
                    0.0,
                    0.0,
                    1.0
                ]
            ],
            "size": [
                0.1,
                1.0,
                1.64
            ]
        },
        "collider2": {
            "type": "Box",
            "collider2origin": [
                [
                    0.5344886304818972,
                    -0.8251456392144583,
                    -0.18291139377017726,
                    0.023070950888845698
                ],
                [
                    -0.833588429697215,
                    -0.550380982212879,
                    0.04702238077041075,
                    -0.9198419231667936
                ],
                [
                    -0.13947126499934315,
                    0.12733989360663595,
                    -0.9820042350905283,
                    -1.0559404930267628
                ],
                [
                    0.0,
                    0.0,
                    0.0,
                    1.0
                ]
            ],
            "size": [
                0.09126,
                0.11887,
                0.10009
            ]
        },
        "distance": 0.006886209706722517
    }
]