[
    {
        "case": 0,
        "collider1": {
            "type": "Cylinder",
            "collider2origin": [
                [
                    1.0,
                    0.0,
                    0.0,
                    0.4849999999999999
                ],
                [
                    0.0,
                    -3.673205103346574e-06,
                    -0.9999999999932537,
                    -0.46086
                ],
                [
                    0.0,
                    0.9999999999932537,
                    -3.673205103346574e-06,
                    -0.70001
                ],
                [
                    0.0,
                    0.0,
                    0.0,
                    1.0
                ]
            ],
            "radius": 0.026,
            "height": 0.272
        },
        "collider2": {
            "type": "Box",
            "collider2origin": [
                [
                    -0.7389295953234846,
                    -0.6429959701779239,
                    0.20134357573565997,
                    0.5962451229632117
                ],
                [
                    0.6203781206724105,
                    -0.76586955960851,
                    -0.16904083842679793,
                    -0.7239567296635412
                ],
                [
                    0.2628954935826013,
                    -1.2920750444073075e-07,
                    0.9648243153310055,
                    -0.3479267297400741
                ],
                [
                    0.0,
                    0.0,
                    0.0,
                    1.0
                ]
            ],
            "size": [
                0.1202,
                0.13634,
                0.67816
            ]
        },
        "distance": 0.020588203569622838
    },
    {
        "case": 1,
        "collider1": {
            "type": "Box",
            "collider2origin": [
                [
                    1.0,
                    0.0,
                    0.0,
                    -0.26
                ],
                [
                    0.0,
                    1.0,
                    0.0,
                    -0.4608599999999999
                ],
                [
                    0.0,
                    0.0,
                    1.0,
                    -1.143
                ],
                [
                    0.0,
                    0.0,
                    0.0,
                    1.0
                ]
            ],
            "size": [
                1.48,
                0.272,
                0.945
            ]
        },
        "collider2": {
            "type": "Box",
            "collider2origin": [
                [
                    -0.7389295953234846,
                    -0.6429959701779239,
                    0.20134357573565997,
                    0.5962451229632117
                ],
                [
                    0.6203781206724105,
                    -0.76586955960851,
                    -0.16904083842679793,
                    -0.7239567296635412
                ],
                [
                    0.2628954935826013,
                    -1.2920750444073075e-07,
                    0.9648243153310055,
                    -0.3479267297400741
                ],
                [
                    0.0,
                    0.0,
                    0.0,
                    1.0
                ]
            ],
            "size": [
                0.1202,
                0.13634,
                0.67816
            ]
        },
        "distance": 0.02615219250570553
    }
]