[
    {
        "case": 0,
        "collider1": {
            "type": "Box",
            "collider2origin": [
                [
                    1.0,
                    0.0,
                    0.0,
                    0.5199999999999999
                ],
                [
                    0.0,
                    1.0,
                    0.0,
                    -0.43085999999999997
                ],
                [
                    0.0,
                    0.0,
                    1.0,
                    -0.80301
                ],
                [
                    0.0,
                    0.0,
                    0.0,
                    1.0
                ]
            ],
            "size": [
                0.2,
                0.08,
                0.04
            ]
        },
        "collider2": {
            "type": "Box",
            "collider2origin": [
                [
                    0.04123765623412908,
                    0.7975234922265836,
                    -0.601876843760441,
                    0.6864788039370665
                ],
                [
                    -0.05450894335628415,
                    0.603287890923565,
                    0.7956585296213307,
                    -0.5056410380294702
                ],
                [
                    0.9976613808314407,
                    -3.4221402800858407e-06,
                    0.06835034151920352,
                    -0.8849515586165483
                ],
                [
                    0.0,
                    0.0,
                    0.0,
                    1.0
                ]
            ],
            "size": [
                0.1202,
                0.13634,
                0.67816
            ]
        },
        "distance": 0.0
    },
    {
        "case": 1,
        "collider1": {
            "type": "Box",
            "collider2origin": [
                [
                    1.0,
                    0.0,
                    0.0,
                    -0.26
                ],
                [
                    0.0,
                    1.0,
                    0.0,
                    -0.4608599999999999
                ],
                [
                    0.0,
                    0.0,
                    1.0,
                    -1.143
                ],
                [
                    0.0,
                    0.0,
                    0.0,
                    1.0
                ]
            ],
            "size": [
                1.48,
                0.272,
                0.945
            ]
        },
        "collider2": {
            "type": "Box",
            "collider2origin": [
                [
                    0.04123765623412908,
                    0.7975234922265836,
                    -0.601876843760441,
                    0.6864788039370665
                ],
                [
                    -0.05450894335628415,
                    0.603287890923565,
                    0.7956585296213307,
                    -0.5056410380294702
                ],
                [
                    0.9976613808314407,
                    -3.4221402800858407e-06,
                    0.06835034151920352,
                    -0.8849515586165483
                ],
                [
                    0.0,
                    0.0,
                    0.0,
                    1.0
                ]
            ],
            "size": [
                0.1202,
                0.13634,
                0.67816
            ]
        },
        "distance": 0.0
    }
]