[
    {
        "case": 0,
        "collider1": {
            "type": "Box",
            "collider2origin": [
                [
                    1.0,
                    0.0,
                    0.0,
                    1.2009999999999998
                ],
                [
                    0.0,
                    1.0,
                    0.0,
                    0.02914
                ],
                [
                    0.0,
                    0.0,
                    1.0,
                    -1.22801
                ],
                [
                    0.0,
                    0.0,
                    0.0,
                    1.0
                ]
            ],
            "size": [
                0.41,
                0.6,
                0.82
            ]
        },
        "collider2": {
            "type": "Box",
            "collider2origin": [
                [
                    -0.4166642195856807,
                    -0.5917151848636694,
                    0.6901188797003086,
                    1.646134298175412
                ],
                [
                    -0.3058391164810713,
                    0.806147095740417,
                    0.5065464389958422,
                    -0.4659422828712585
                ],
                [
                    -0.8560685503784924,
                    -5.571746340976029e-06,
                    -0.5168622998650821,
                    -0.6530224251891179
                ],
                [
                    0.0,
                    0.0,
                    0.0,
                    1.0
                ]
            ],
            "size": [
                0.1202,
                0.13634,
                0.67816
            ]
        },
        "distance": 0.26118487340979635
    }
]