[
    {
        "case": 0,
        "collider1": {
            "type": "Box",
            "collider2origin": [
                [
                    1.0,
                    0.0,
                    0.0,
                    0.0
                ],
                [
                    0.0,
                    1.0,
                    0.0,
                    -0.37086
                ],
                [
                    0.0,
                    0.0,
                    1.0,
                    0.39699
                ],
                [
                    0.0,
                    0.0,
                    0.0,
                    1.0
                ]
            ],
            "size": [
                0.6,
                1.6,
                0.1
            ]
        },
        "collider2": {
            "type": "Box",
            "collider2origin": [
                [
                    -0.747802048668119,
                    -0.3414008753110622,
                    -0.5694185967674439,
                    0.5327427064656561
                ],
                [
                    0.2716202767115868,
                    -0.9399177848813568,
                    0.20682597260219565,
                    -0.8815659994353123
                ],
                [
                    -0.6058172342273579,
                    -7.507889984233149e-07,
                    0.7956038453354474,
                    0.3782123556723329
                ],
                [
                    0.0,
                    0.0,
                    0.0,
                    1.0
                ]
            ],
            "size": [
                0.1202,
                0.13634,
                0.67816
            ]
        },
        "distance": 0.07257146797649004
    }
]