[
    {
        "case": 0,
        "collider1": {
            "type": "Cylinder",
            "collider2origin": [
                [
                    1.0,
                    0.0,
                    0.0,
                    0.4849999999999999
                ],
                [
                    0.0,
                    -3.673205103346574e-06,
                    -0.9999999999932537,
                    -0.46086
                ],
                [
                    0.0,
                    0.9999999999932537,
                    -3.673205103346574e-06,
                    -0.70001
                ],
                [
                    0.0,
                    0.0,
                    0.0,
                    1.0
                ]
            ],
            "radius": 0.026,
            "height": 0.272
        },
        "collider2": {
            "type": "Box",
            "collider2origin": [
                [
                    -0.8201714412213345,
                    0.4706247417761484,
                    0.3253170137466723,
                    0.5838490716892686
                ],
                [
                    0.437465394435461,
                    0.8823334700542075,
                    -0.17352716298472484,
                    -0.7234042131802207
                ],
                [
                    -0.3687042658776075,
                    -7.087620976876466e-06,
                    -0.9295467520643704,
                    -0.5167717013594102
                ],
                [
                    0.0,
                    0.0,
                    0.0,
                    1.0
                ]
            ],
            "size": [
                0.1202,
                0.13634,
                0.67816
            ]
        },
        "distance": 0.12078377483448555
    },
    {
        "case": 1,
        "collider1": {
            "type": "Box",
            "collider2origin": [
                [
                    1.0,
                    0.0,
                    0.0,
                    -0.26
                ],
                [
                    0.0,
                    1.0,
                    0.0,
                    -0.4608599999999999
                ],
                [
                    0.0,
                    0.0,
                    1.0,
                    -1.143
                ],
                [
                    0.0,
                    0.0,
                    0.0,
                    1.0
                ]
            ],
            "size": [
                1.48,
                0.272,
                0.945
            ]
        },
        "collider2": {
            "type": "Box",
            "collider2origin": [
                [
                    -0.8201714412213345,
                    0.4706247417761484,
                    0.3253170137466723,
                    0.5838490716892686
                ],
                [
                    0.437465394435461,
                    0.8823334700542075,
                    -0.17352716298472484,
                    -0.7234042131802207
                ],
                [
                    -0.3687042658776075,
                    -7.087620976876466e-06,
                    -0.9295467520643704,
                    -0.5167717013594102
                ],
                [
                    0.0,
                    0.0,
                    0.0,
                    1.0
                ]
            ],
            "size": [
                0.1202,
                0.13634,
                0.67816
            ]
        },
        "distance": 0.13711303642418782
    }
]