[
    {
        "case": 0,
        "collider1": {
            "type": "Box",
            "collider2origin": [
                [
                    1.0,
                    0.0,
                    0.0,
                    1.23
                ],
                [
                    0.0,
                    1.0,
                    0.0,
                    -0.23086
                ],
                [
                    0.0,
                    0.0,
                    1.0,
                    -0.54301
                ],
                [
                    0.0,
                    0.0,
                    0.0,
                    1.0
                ]
            ],
            "size": [
                0.1,
                0.16,
                0.1
            ]
        },
        "collider2": {
            "type": "Box",
            "collider2origin": [
                [
                    0.1905535261741718,
                    0.9815508182351905,
                    0.01572720205303656,
                    1.1675531076941617
                ],
                [
                    0.9782215275299383,
                    -0.19120144133358663,
                    0.08077531744879156,
                    -0.39193759069025846
                ],
                [
                    0.08229214263575373,
                    -7.333951611930139e-06,
                    -0.9966082496179879,
                    -0.5657793951816926
                ],
                [
                    0.0,
                    0.0,
                    0.0,
                    1.0
                ]
            ],
            "size": [
                0.1202,
                0.13634,
                0.67816
            ]
        },
        "distance": 0.019342779016493367
    },
    {
        "case": 1,
        "collider1": {
            "type": "Box",
            "collider2origin": [
                [
                    1.0,
                    0.0,
                    0.0,
                    1.2009999999999998
                ],
                [
                    0.0,
                    1.0,
                    0.0,
                    0.02914
                ],
                [
                    0.0,
                    0.0,
                    1.0,
                    -1.22801
                ],
                [
                    0.0,
                    0.0,
                    0.0,
                    1.0
                ]
            ],
            "size": [
                0.41,
                0.6,
                0.82
            ]
        },
        "collider2": {
            "type": "Box",
            "collider2origin": [
                [
                    -0.8520099774972557,
                    0.49447623333893587,
                    0.17196584808636833,
                    1.306039058136279
                ],
                [
                    -0.0894414870702267,
                    -0.46113163232899956,
                    0.8828124591646057,
                    -0.29259740854911276
                ],
                [
                    0.5158286717853052,
                    0.7367841422889951,
                    0.4371154413146225,
                    -0.8061459378443043
                ],
                [
                    0.0,
                    0.0,
                    0.0,
                    1.0
                ]
            ],
            "size": [
                0.09126,
                0.11887,
                0.10009
            ]
        },
        "distance": 0.0
    },
    {
        "case": 2,
        "collider1": {
            "type": "Box",
            "collider2origin": [
                [
                    1.0,
                    0.0,
                    0.0,
                    1.28
                ],
                [
                    0.0,
                    1.0,
                    0.0,
                    -0.23086
                ],
                [
                    0.0,
                    0.0,
                    1.0,
                    -0.67301
                ],
                [
                    0.0,
                    0.0,
                    0.0,
                    1.0
                ]
            ],
            "size": [
                0.06,
                0.06,
                0.33
            ]
        },
        "collider2": {
            "type": "Box",
            "collider2origin": [
                [
                    -0.8520099774972557,
                    0.49447623333893587,
                    0.17196584808636833,
                    1.306039058136279
                ],
                [
                    -0.0894414870702267,
                    -0.46113163232899956,
                    0.8828124591646057,
                    -0.29259740854911276
                ],
                [
                    0.5158286717853052,
                    0.7367841422889951,
                    0.4371154413146225,
                    -0.8061459378443043
                ],
                [
                    0.0,
                    0.0,
                    0.0,
                    1.0
                ]
            ],
            "size": [
                0.09126,
                0.11887,
                0.10009
            ]
        },
        "distance": 0.0
    }
]