[
    {
        "case": 0,
        "collider1": {
            "type": "Box",
            "collider2origin": [
                [
                    1.0,
                    0.0,
                    0.0,
                    0.5199999999999999
                ],
                [
                    0.0,
                    1.0,
                    0.0,
                    -0.43085999999999997
                ],
                [
                    0.0,
                    0.0,
                    1.0,
                    -0.80301
                ],
                [
                    0.0,
                    0.0,
                    0.0,
                    1.0
                ]
            ],
            "size": [
                0.2,
                0.08,
                0.04
            ]
        },
        "collider2": {
            "type": "Box",
            "collider2origin": [
                [
                    -0.6834667762840094,
                    0.7242850103915236,
                    -0.09101862138097924,
                    0.5974876712275865
                ],
                [
                    0.7179480779095258,
                    0.6895007060682764,
                    0.09559986274762959,
                    -0.5072775955189215
                ],
                [
                    0.1319989512911415,
                    -7.3142691327474285e-06,
                    -0.9912498558913087,
                    -0.7832509775736024
                ],
                [
                    0.0,
                    0.0,
                    0.0,
                    1.0
                ]
            ],
            "size": [
                0.1202,
                0.13634,
                0.67816
            ]
        },
        "distance": 0.0
    },
    {
        "case": 1,
        "collider1": {
            "type": "Cylinder",
            "collider2origin": [
                [
                    1.0,
                    0.0,
                    0.0,
                    0.4849999999999999
                ],
                [
                    0.0,
                    -3.673205103346574e-06,
                    -0.9999999999932537,
                    -0.46086
                ],
                [
                    0.0,
                    0.9999999999932537,
                    -3.673205103346574e-06,
                    -0.70001
                ],
                [
                    0.0,
                    0.0,
                    0.0,
                    1.0
                ]
            ],
            "radius": 0.026,
            "height": 0.272
        },
        "collider2": {
            "type": "Box",
            "collider2origin": [
                [
                    -0.6834667762840094,
                    0.7242850103915236,
                    -0.09101862138097924,
                    0.5974876712275865
                ],
                [
                    0.7179480779095258,
                    0.6895007060682764,
                    0.09559986274762959,
                    -0.5072775955189215
                ],
                [
                    0.1319989512911415,
                    -7.3142691327474285e-06,
                    -0.9912498558913087,
                    -0.7832509775736024
                ],
                [
                    0.0,
                    0.0,
                    0.0,
                    1.0
                ]
            ],
            "size": [
                0.1202,
                0.13634,
                0.67816
            ]
        },
        "distance": 0.0028303825019526012
    },
    {
        "case": 2,
        "collider1": {
            "type": "Box",
            "collider2origin": [
                [
                    1.0,
                    0.0,
                    0.0,
                    -0.26
                ],
                [
                    0.0,
                    1.0,
                    0.0,
                    -0.4608599999999999
                ],
                [
                    0.0,
                    0.0,
                    1.0,
                    -1.143
                ],
                [
                    0.0,
                    0.0,
                    0.0,
                    1.0
                ]
            ],
            "size": [
                1.48,
                0.272,
                0.945
            ]
        },
        "collider2": {
            "type": "Box",
            "collider2origin": [
                [
                    -0.6834667762840094,
                    0.7242850103915236,
                    -0.09101862138097924,
                    0.5974876712275865
                ],
                [
                    0.7179480779095258,
                    0.6895007060682764,
                    0.09559986274762959,
                    -0.5072775955189215
                ],
                [
                    0.1319989512911415,
                    -7.3142691327474285e-06,
                    -0.9912498558913087,
                    -0.7832509775736024
                ],
                [
                    0.0,
                    0.0,
                    0.0,
                    1.0
                ]
            ],
            "size": [
                0.1202,
                0.13634,
                0.67816
            ]
        },
        "distance": 0.0
    }
]