[
    {
        "case": 0,
        "collider1": {
            "type": "Box",
            "collider2origin": [
                [
                    1.0,
                    0.0,
                    0.0,
                    1.2009999999999998
                ],
                [
                    0.0,
                    1.0,
                    0.0,
                    0.02914
                ],
                [
                    0.0,
                    0.0,
                    1.0,
                    -1.22801
                ],
                [
                    0.0,
                    0.0,
                    0.0,
                    1.0
                ]
            ],
            "size": [
                0.41,
                0.6,
                0.82
            ]
        },
        "collider2": {
            "type": "Box",
            "collider2origin": [
                [
                    -0.4216822317021438,
                    0.838022288880499,
                    0.34626974861542376,
                    1.4878814615471991
                ],
                [
                    -0.4303565516095483,
                    -0.5210996912517383,
                    0.7370538313204005,
                    -0.3520191173811802
                ],
                [
                    0.7981085978445775,
                    0.16178304953496306,
                    0.5803868631608833,
                    -0.8348550810969038
                ],
                [
                    0.0,
                    0.0,
                    0.0,
                    1.0
                ]
            ],
            "size": [
                0.09126,
                0.11887,
                0.10009
            ]
        },
        "distance": 0.04875023224274024
    }
]