[
    {
        "case": 0,
        "collider1": {
            "type": "Box",
            "collider2origin": [
                [
                    1.0,
                    0.0,
                    0.0,
                    -0.26
                ],
                [
                    0.0,
                    1.0,
                    0.0,
                    -0.4608599999999999
                ],
                [
                    0.0,
                    0.0,
                    1.0,
                    -1.143
                ],
                [
                    0.0,
                    0.0,
                    0.0,
                    1.0
                ]
            ],
            "size": [
                1.48,
                0.272,
                0.945
            ]
        },
        "collider2": {
            "type": "Box",
            "collider2origin": [
                [
                    0.7691436706448842,
                    -0.5466876093517631,
                    0.3309843979527852,
                    -0.058978908671742936
                ],
                [
                    -0.502168515487667,
                    -0.8373366454011132,
                    -0.21608823272293862,
                    -0.49963590131824287
                ],
                [
                    0.3952781248182431,
                    -7.047269842362649e-06,
                    -0.9185614862329626,
                    -0.6077260652191655
                ],
                [
                    0.0,
                    0.0,
                    0.0,
                    1.0
                ]
            ],
            "size": [
                0.09102,
                0.10007,
                0.11882
            ]
        },
        "distance": 0.0
    },
    {
        "case": 1,
        "collider1": {
            "type": "Box",
            "collider2origin": [
                [
                    1.0,
                    0.0,
                    0.0,
                    -0.06
                ],
                [
                    0.0,
                    1.0,
                    0.0,
                    -0.37086
                ],
                [
                    0.0,
                    0.0,
                    1.0,
                    -0.40301
                ],
                [
                    0.0,
                    0.0,
                    0.0,
                    1.0
                ]
            ],
            "size": [
                0.1,
                1.0,
                1.64
            ]
        },
        "collider2": {
            "type": "Box",
            "collider2origin": [
                [
                    0.7691436706448842,
                    -0.5466876093517631,
                    0.3309843979527852,
                    -0.058978908671742936
                ],
                [
                    -0.502168515487667,
                    -0.8373366454011132,
                    -0.21608823272293862,
                    -0.49963590131824287
                ],
                [
                    0.3952781248182431,
                    -7.047269842362649e-06,
                    -0.9185614862329626,
                    -0.6077260652191655
                ],
                [
                    0.0,
                    0.0,
                    0.0,
                    1.0
                ]
            ],
            "size": [
                0.09102,
                0.10007,
                0.11882
            ]
        },
        "distance": 0.0
    },
    {
        "case": 2,
        "collider1": {
            "type": "Box",
            "collider2origin": [
                [
                    1.0,
                    0.0,
                    0.0,
                    -0.06
                ],
                [
                    0.0,
                    1.0,
                    0.0,
                    -0.37086
                ],
                [
                    0.0,
                    0.0,
                    1.0,
                    -0.40301
                ],
                [
                    0.0,
                    0.0,
                    0.0,
                    1.0
                ]
            ],
            "size": [
                0.1,
                1.0,
                1.64
            ]
        },
        "collider2": {
            "type": "Box",
            "collider2origin": [
                [
                    -0.20841821586200313,
                    -0.7635664385003572,
                    0.6111694865524449,
                    -0.12579857881128476
                ],
                [
                    -0.006152869264319019,
                    -0.6238562407183801,
                    -0.7815148962857624,
                    -0.6511400396299734
                ],
                [
                    0.9780204443142869,
                    -0.16664238630255526,
                    0.12532488017418686,
                    -0.7175169332265718
                ],
                [
                    0.0,
                    0.0,
                    0.0,
                    1.0
                ]
            ],
            "size": [
                0.06241,
                0.05638,
                0.02858
            ]
        },
        "distance": 0.0
    },
    {
        "case": 3,
        "collider1": {
            "type": "Box",
            "collider2origin": [
                [
                    1.0,
                    0.0,
                    0.0,
                    -0.26
                ],
                [
                    0.0,
                    1.0,
                    0.0,
                    -0.4608599999999999
                ],
                [
                    0.0,
                    0.0,
                    1.0,
                    -1.143
                ],
                [
                    0.0,
                    0.0,
                    0.0,
                    1.0
                ]
            ],
            "size": [
                1.48,
                0.272,
                0.945
            ]
        },
        "collider2": {
            "type": "Box",
            "collider2origin": [
                [
                    -0.7400659876634635,
                    -0.6087071711088451,
                    -0.28596837892391025,
                    -0.07061088135478366
                ],
                [
                    0.5822262195247607,
                    -0.7927148773457289,
                    0.18059831818887623,
                    -0.5882499833489475
                ],
                [
                    -0.33662287979519057,
                    -0.03284361544368139,
                    0.941066593670703,
                    -0.7131663702241388
                ],
                [
                    0.0,
                    0.0,
                    0.0,
                    1.0
                ]
            ],
            "size": [
                0.08993,
                0.0305,
                0.09007
            ]
        },
        "distance": 0.0
    },
    {
        "case": 4,
        "collider1": {
            "type": "Box",
            "collider2origin": [
                [
                    1.0,
                    0.0,
                    0.0,
                    -0.06
                ],
                [
                    0.0,
                    1.0,
                    0.0,
                    -0.37086
                ],
                [
                    0.0,
                    0.0,
                    1.0,
                    -0.40301
                ],
                [
                    0.0,
                    0.0,
                    0.0,
                    1.0
                ]
            ],
            "size": [
                0.1,
                1.0,
                1.64
            ]
        },
        "collider2": {
            "type": "Box",
            "collider2origin": [
                [
                    -0.7400659876634635,
                    -0.6087071711088451,
                    -0.28596837892391025,
                    -0.07061088135478366
                ],
                [
                    0.5822262195247607,
                    -0.7927148773457289,
                    0.18059831818887623,
                    -0.5882499833489475
                ],
                [
                    -0.33662287979519057,
                    -0.03284361544368139,
                    0.941066593670703,
                    -0.7131663702241388
                ],
                [
                    0.0,
                    0.0,
                    0.0,
                    1.0
                ]
            ],
            "size": [
                0.08993,
                0.0305,
                0.09007
            ]
        },
        "distance": 0.0
    },
    {
        "case": 5,
        "collider1": {
            "type": "Box",
            "collider2origin": [
                [
                    1.0,
                    0.0,
                    0.0,
                    -0.26
                ],
                [
                    0.0,
                    1.0,
                    0.0,
                    -0.4608599999999999
                ],
                [
                    0.0,
                    0.0,
                    1.0,
                    -1.143
                ],
                [
                    0.0,
                    0.0,
                    0.0,
                    1.0
                ]
            ],
            "size": [
                1.48,
                0.272,
                0.945
            ]
        },
        "collider2": {
            "type": "Box",
            "collider2origin": [
                [
                    0.7210600994678249,
                    -0.6087049049147567,
                    0.3309843979527852,
                    -0.026086734271062673
                ],
                [
                    -0.5700058673067006,
                    -0.7927163344567923,
                    -0.21608823272293862,
                    -0.5284392954282959
                ],
                [
                    0.3939107058603344,
                    -0.032850446239034874,
                    -0.9185614862329626,
                    -0.7081429841639431
                ],
                [
                    0.0,
                    0.0,
                    0.0,
                    1.0
                ]
            ],
            "size": [
                0.09126,
                0.11887,
                0.10009
            ]
        },
        "distance": 0.0
    },
    {
        "case": 6,
        "collider1": {
            "type": "Box",
            "collider2origin": [
                [
                    1.0,
                    0.0,
                    0.0,
                    -0.06
                ],
                [
                    0.0,
                    1.0,
                    0.0,
                    -0.37086
                ],
                [
                    0.0,
                    0.0,
                    1.0,
                    -0.40301
                ],
                [
                    0.0,
                    0.0,
                    0.0,
                    1.0
                ]
            ],
            "size": [
                0.1,
                1.0,
                1.64
            ]
        },
        "collider2": {
            "type": "Box",
            "collider2origin": [
                [
                    0.7210600994678249,
                    -0.6087049049147567,
                    0.3309843979527852,
                    -0.026086734271062673
                ],
                [
                    -0.5700058673067006,
                    -0.7927163344567923,
                    -0.21608823272293862,
                    -0.5284392954282959
                ],
                [
                    0.3939107058603344,
                    -0.032850446239034874,
                    -0.9185614862329626,
                    -0.7081429841639431
                ],
                [
                    0.0,
                    0.0,
                    0.0,
                    1.0
                ]
            ],
            "size": [
                0.09126,
                0.11887,
                0.10009
            ]
        },
        "distance": 0.0
    },
    {
        "case": 7,
        "collider1": {
            "type": "Box",
            "collider2origin": [
                [
                    1.0,
                    0.0,
                    0.0,
                    -0.26
                ],
                [
                    0.0,
                    1.0,
                    0.0,
                    -0.4608599999999999
                ],
                [
                    0.0,
                    0.0,
                    1.0,
                    -1.143
                ],
                [
                    0.0,
                    0.0,
                    0.0,
                    1.0
                ]
            ],
            "size": [
                1.48,
                0.272,
                0.945
            ]
        },
        "collider2": {
            "type": "Box",
            "collider2origin": [
                [
                    0.17715759098818243,
                    -0.5466918311971122,
                    -0.8183784147065537,
                    0.24029645679158307
                ],
                [
                    -0.11566026348099621,
                    -0.8373338890087646,
                    0.5343170049408535,
                    -0.5615593624619366
                ],
                [
                    -0.977362722537938,
                    -4.450347222375572e-06,
                    -0.2115705758687252,
                    -0.5434384947128624
                ],
                [
                    0.0,
                    0.0,
                    0.0,
                    1.0
                ]
            ],
            "size": [
                0.1202,
                0.13634,
                0.67816
            ]
        },
        "distance": 0.0
    },
    {
        "case": 8,
        "collider1": {
            "type": "Box",
            "collider2origin": [
                [
                    1.0,
                    0.0,
                    0.0,
                    -0.06
                ],
                [
                    0.0,
                    1.0,
                    0.0,
                    -0.37086
                ],
                [
                    0.0,
                    0.0,
                    1.0,
                    -0.40301
                ],
                [
                    0.0,
                    0.0,
                    0.0,
                    1.0
                ]
            ],
            "size": [
                0.1,
                1.0,
                1.64
            ]
        },
        "collider2": {
            "type": "Box",
            "collider2origin": [
                [
                    0.17715759098818243,
                    -0.5466918311971122,
                    -0.8183784147065537,
                    0.24029645679158307
                ],
                [
                    -0.11566026348099621,
                    -0.8373338890087646,
                    0.5343170049408535,
                    -0.5615593624619366
                ],
                [
                    -0.977362722537938,
                    -4.450347222375572e-06,
                    -0.2115705758687252,
                    -0.5434384947128624
                ],
                [
                    0.0,
                    0.0,
                    0.0,
                    1.0
                ]
            ],
            "size": [
                0.1202,
                0.13634,
                0.67816
            ]
        },
        "distance": 0.0
    }
]