[
    {
        "case": 0,
        "collider1": {
            "type": "Box",
            "collider2origin": [
                [
                    1.0,
                    0.0,
                    0.0,
                    -0.06
                ],
                [
                    0.0,
                    1.0,
                    0.0,
                    -0.37086
                ],
                [
                    0.0,
                    0.0,
                    1.0,
                    -0.40301
                ],
                [
                    0.0,
                    0.0,
                    0.0,
                    1.0
                ]
            ],
            "size": [
                0.1,
                1.0,
                1.64
            ]
        },
        "collider2": {
            "type": "Box",
            "collider2origin": [
                [
                    0.5510381353502195,
                    -0.1379662620900814,
                    -0.8229959197436183,
                    0.21158486712663904
                ],
                [
                    -0.07675392467649313,
                    -0.9904369290834266,
                    0.11464521165119068,
                    -0.9388413458291098
                ],
                [
                    -0.8309427227171006,
                    -5.716822040546869e-06,
                    -0.5563579706724886,
                    -0.7837650094993684
                ],
                [
                    0.0,
                    0.0,
                    0.0,
                    1.0
                ]
            ],
            "size": [
                0.1202,
                0.13634,
                0.67816
            ]
        },
        "distance": 0.0
    }
]