[
    {
        "case": 0,
        "collider1": {
            "type": "Box",
            "collider2origin": [
                [
                    1.0,
                    0.0,
                    0.0,
                    1.2009999999999998
                ],
                [
                    0.0,
                    1.0,
                    0.0,
                    0.02914
                ],
                [
                    0.0,
                    0.0,
                    1.0,
                    -1.22801
                ],
                [
                    0.0,
                    0.0,
                    0.0,
                    1.0
                ]
            ],
            "size": [
                0.41,
                0.6,
                0.82
            ]
        },
        "collider2": {
            "type": "Box",
            "collider2origin": [
                [
                    0.06917034976151744,
                    0.9961641797816748,
                    -0.0535946791554159,
                    0.9948523328894233
                ],
                [
                    -0.7874457999104139,
                    0.08750386802484972,
                    0.6101411191553459,
                    -0.3905580950568278
                ],
                [
                    0.6124904692461081,
                    -7.696173805089001e-07,
                    0.7904779725470467,
                    -0.5808138303374565
                ],
                [
                    0.0,
                    0.0,
                    0.0,
                    1.0
                ]
            ],
            "size": [
                0.1202,
                0.13634,
                0.67816
            ]
        },
        "distance": 0.17500856110665836
    }
]