[
    {
        "case": 0,
        "collider1": {
            "type": "Box",
            "collider2origin": [
                [
                    1.0,
                    0.0,
                    0.0,
                    -0.06
                ],
                [
                    0.0,
                    1.0,
                    0.0,
                    -0.37086
                ],
                [
                    0.0,
                    0.0,
                    1.0,
                    -0.40301
                ],
                [
                    0.0,
                    0.0,
                    0.0,
                    1.0
                ]
            ],
            "size": [
                0.1,
                1.0,
                1.64
            ]
        },
        "collider2": {
            "type": "Box",
            "collider2origin": [
                [
                    0.7002382208377772,
                    -0.2555409851253052,
                    -0.6666072599358132,
                    0.26539994302513903
                ],
                [
                    -0.18508018878636795,
                    -0.966798223457756,
                    0.17620022371645563,
                    -0.8556903446945022
                ],
                [
                    -0.6895010933977891,
                    -6.333651145457481e-06,
                    -0.7242846416728288,
                    -0.3150598403598206
                ],
                [
                    0.0,
                    0.0,
                    0.0,
                    1.0
                ]
            ],
            "size": [
                0.1202,
                0.13634,
                0.67816
            ]
        },
        "distance": 0.0
    },
    {
        "case": 1,
        "collider1": {
            "type": "Box",
            "collider2origin": [
                [
                    1.0,
                    0.0,
                    0.0,
                    -0.06
                ],
                [
                    0.0,
                    1.0,
                    0.0,
                    -0.37086
                ],
                [
                    0.0,
                    0.0,
                    1.0,
                    -0.40301
                ],
                [
                    0.0,
                    0.0,
                    0.0,
                    1.0
                ]
            ],
            "size": [
                0.1,
                1.0,
                1.64
            ]
        },
        "collider2": {
            "type": "Box",
            "collider2origin": [
                [
                    0.9227037653292938,
                    -0.25553959680092864,
                    -0.28864732098871554,
                    0.041368984862228175
                ],
                [
                    -0.24388244579619806,
                    -0.9667985904081999,
                    0.07630097127286119,
                    -0.9120729831240103
                ],
                [
                    -0.2985617424915796,
                    -7.178876503098086e-06,
                    -0.9543903215502845,
                    -0.52894734342086
                ],
                [
                    0.0,
                    0.0,
                    0.0,
                    1.0
                ]
            ],
            "size": [
                0.09102,
                0.10007,
                0.11882
            ]
        },
        "distance": 0.0
    },
    {
        "case": 2,
        "collider1": {
            "type": "Box",
            "collider2origin": [
                [
                    1.0,
                    0.0,
                    0.0,
                    -0.06
                ],
                [
                    0.0,
                    1.0,
                    0.0,
                    -0.37086
                ],
                [
                    0.0,
                    0.0,
                    1.0,
                    -0.40301
                ],
                [
                    0.0,
                    0.0,
                    0.0,
                    1.0
                ]
            ],
            "size": [
                0.1,
                1.0,
                1.64
            ]
        },
        "collider2": {
            "type": "Box",
            "collider2origin": [
                [
                    -0.2176944904294717,
                    -0.9323582106265221,
                    -0.28864732098871554,
                    0.006948013059872804
                ],
                [
                    -0.9759409093629452,
                    0.20424863087581652,
                    0.07630097127286119,
                    -0.9072341295944194
                ],
                [
                    -0.012184016927113045,
                    0.2983130299914243,
                    -0.9543903215502845,
                    -0.6327259051085574
                ],
                [
                    0.0,
                    0.0,
                    0.0,
                    1.0
                ]
            ],
            "size": [
                0.09126,
                0.11887,
                0.10009
            ]
        },
        "distance": 0.0
    },
    {
        "case": 3,
        "collider1": {
            "type": "Box",
            "collider2origin": [
                [
                    1.0,
                    0.0,
                    0.0,
                    -0.06
                ],
                [
                    0.0,
                    1.0,
                    0.0,
                    -0.37086
                ],
                [
                    0.0,
                    0.0,
                    1.0,
                    -0.40301
                ],
                [
                    0.0,
                    0.0,
                    0.0,
                    1.0
                ]
            ],
            "size": [
                0.1,
                1.0,
                1.64
            ]
        },
        "collider2": {
            "type": "Box",
            "collider2origin": [
                [
                    0.3229532224399012,
                    -0.9323565533995457,
                    0.16251914794449107,
                    -0.06359892850353654
                ],
                [
                    0.8414181526850705,
                    0.20424651290672247,
                    -0.5002987650369402,
                    -0.892125434932407
                ],
                [
                    0.43326286299165684,
                    0.29831965959078816,
                    0.8504637983206038,
                    -0.6132193939857223
                ],
                [
                    0.0,
                    0.0,
                    0.0,
                    1.0
                ]
            ],
            "size": [
                0.08993,
                0.0305,
                0.09007
            ]
        },
        "distance": 0.0
    },
    {
        "case": 4,
        "collider1": {
            "type": "Box",
            "collider2origin": [
                [
                    1.0,
                    0.0,
                    0.0,
                    -0.06
                ],
                [
                    0.0,
                    1.0,
                    0.0,
                    -0.37086
                ],
                [
                    0.0,
                    0.0,
                    1.0,
                    -0.40301
                ],
                [
                    0.0,
                    0.0,
                    0.0,
                    1.0
                ]
            ],
            "size": [
                0.1,
                1.0,
                1.64
            ]
        },
        "collider2": {
            "type": "Box",
            "collider2origin": [
                [
                    0.008535246431387623,
                    -0.8245403052009181,
                    -0.565738839631443,
                    -0.1396430559964974
                ],
                [
                    -0.6196275301022831,
                    0.4396912014759048,
                    -0.6501794915898371,
                    -0.8704292083087737
                ],
                [
                    0.7848495865499958,
                    0.3560968020691163,
                    -0.5071550000231179,
                    -0.5855366746079356
                ],
                [
                    0.0,
                    0.0,
                    0.0,
                    1.0
                ]
            ],
            "size": [
                0.06241,
                0.05638,
                0.02858
            ]
        },
        "distance": 0.0
    }
]