[
    {
        "case": 0,
        "collider1": {
            "type": "Box",
            "collider2origin": [
                [
                    1.0,
                    0.0,
                    0.0,
                    1.2009999999999998
                ],
                [
                    0.0,
                    1.0,
                    0.0,
                    0.02914
                ],
                [
                    0.0,
                    0.0,
                    1.0,
                    -1.22801
                ],
                [
                    0.0,
                    0.0,
                    0.0,
                    1.0
                ]
            ],
            "size": [
                0.41,
                0.6,
                0.82
            ]
        },
        "collider2": {
            "type": "Box",
            "collider2origin": [
                [
                    0.1621607614263929,
                    -0.9719030673128244,
                    0.17061159163883244,
                    1.0663231552084491
                ],
                [
                    0.6695672583555698,
                    0.23538145157725912,
                    0.7044680679715637,
                    -0.5213740776910012
                ],
                [
                    -0.7248334801813572,
                    -1.1426455555676722e-06,
                    0.6889241075814347,
                    -0.7249016588884091
                ],
                [
                    0.0,
                    0.0,
                    0.0,
                    1.0
                ]
            ],
            "size": [
                0.1202,
                0.13634,
                0.67816
            ]
        },
        "distance": 0.17122155584840373
    },
    {
        "case": 1,
        "collider1": {
            "type": "Box",
            "collider2origin": [
                [
                    1.0,
                    0.0,
                    0.0,
                    1.23
                ],
                [
                    0.0,
                    1.0,
                    0.0,
                    -0.23086
                ],
                [
                    0.0,
                    0.0,
                    1.0,
                    -0.54301
                ],
                [
                    0.0,
                    0.0,
                    0.0,
                    1.0
                ]
            ],
            "size": [
                0.1,
                0.16,
                0.1
            ]
        },
        "collider2": {
            "type": "Box",
            "collider2origin": [
                [
                    0.1621607614263929,
                    -0.9719030673128244,
                    0.17061159163883244,
                    1.0663231552084491
                ],
                [
                    0.6695672583555698,
                    0.23538145157725912,
                    0.7044680679715637,
                    -0.5213740776910012
                ],
                [
                    -0.7248334801813572,
                    -1.1426455555676722e-06,
                    0.6889241075814347,
                    -0.7249016588884091
                ],
                [
                    0.0,
                    0.0,
                    0.0,
                    1.0
                ]
            ],
            "size": [
                0.1202,
                0.13634,
                0.67816
            ]
        },
        "distance": 0.0
    }
]