[
    {
        "case": 0,
        "collider1": {
            "type": "Box",
            "collider2origin": [
                [
                    1.0,
                    0.0,
                    0.0,
                    0.0
                ],
                [
                    0.0,
                    1.0,
                    0.0,
                    -0.37086
                ],
                [
                    0.0,
                    0.0,
                    1.0,
                    0.39699
                ],
                [
                    0.0,
                    0.0,
                    0.0,
                    1.0
                ]
            ],
            "size": [
                0.6,
                1.6,
                0.1
            ]
        },
        "collider2": {
            "type": "Box",
            "collider2origin": [
                [
                    0.31468764126198645,
                    0.676632337037633,
                    -0.6656878915167065,
                    0.5325019666545241
                ],
                [
                    -0.2891753999958893,
                    0.7363210444300547,
                    0.6117261704117707,
                    -0.5049325288017474
                ],
                [
                    0.90407371185882,
                    -2.1033633443356945e-06,
                    0.4273765593962671,
                    0.18677003587486718
                ],
                [
                    0.0,
                    0.0,
                    0.0,
                    1.0
                ]
            ],
            "size": [
                0.1202,
                0.13634,
                0.67816
            ]
        },
        "distance": 0.0
    }
]