[
    {
        "case": 0,
        "collider1": {
            "type": "Box",
            "collider2origin": [
                [
                    1.0,
                    0.0,
                    0.0,
                    1.2009999999999998
                ],
                [
                    0.0,
                    1.0,
                    0.0,
                    0.02914
                ],
                [
                    0.0,
                    0.0,
                    1.0,
                    -1.22801
                ],
                [
                    0.0,
                    0.0,
                    0.0,
                    1.0
                ]
            ],
            "size": [
                0.41,
                0.6,
                0.82
            ]
        },
        "collider2": {
            "type": "Box",
            "collider2origin": [
                [
                    -0.12475017300001175,
                    0.9918683270645704,
                    -0.02519158793321823,
                    0.9645522737761855
                ],
                [
                    0.9722545121522723,
                    0.12726830600437072,
                    0.1962751687970862,
                    -0.34501047018065356
                ],
                [
                    0.19788521404090295,
                    -7.273773309145579e-06,
                    -0.9802251996409181,
                    -0.5209351625254282
                ],
                [
                    0.0,
                    0.0,
                    0.0,
                    1.0
                ]
            ],
            "size": [
                0.1202,
                0.13634,
                0.67816
            ]
        },
        "distance": 0.0
    },
    {
        "case": 1,
        "collider1": {
            "type": "Box",
            "collider2origin": [
                [
                    1.0,
                    0.0,
                    0.0,
                    1.2009999999999998
                ],
                [
                    0.0,
                    1.0,
                    0.0,
                    0.02914
                ],
                [
                    0.0,
                    0.0,
                    1.0,
                    -1.22801
                ],
                [
                    0.0,
                    0.0,
                    0.0,
                    1.0
                ]
            ],
            "size": [
                0.41,
                0.6,
                0.82
            ]
        },
        "collider2": {
            "type": "Box",
            "collider2origin": [
                [
                    0.07315347424299438,
                    0.991868802120887,
                    0.10413860276312538,
                    1.0682971068965563
                ],
                [
                    -0.5701501019234289,
                    0.12726460378611706,
                    -0.8116234237008358,
                    -0.27541119706597184
                ],
                [
                    -0.8182771110588902,
                    -1.5617588494042157e-06,
                    0.5748239465390056,
                    -0.805406597231713
                ],
                [
                    0.0,
                    0.0,
                    0.0,
                    1.0
                ]
            ],
            "size": [
                0.09102,
                0.10007,
                0.11882
            ]
        },
        "distance": 0.0
    }
]