[
    {
        "case": 0,
        "collider1": {
            "type": "Box",
            "collider2origin": [
                [
                    1.0,
                    0.0,
                    0.0,
                    1.2009999999999998
                ],
                [
                    0.0,
                    1.0,
                    0.0,
                    0.02914
                ],
                [
                    0.0,
                    0.0,
                    1.0,
                    -1.22801
                ],
                [
                    0.0,
                    0.0,
                    0.0,
                    1.0
                ]
            ],
            "size": [
                0.41,
                0.6,
                0.82
            ]
        },
        "collider2": {
            "type": "Box",
            "collider2origin": [
                [
                    -0.3664009437079232,
                    -0.5646419469872602,
                    0.7395470371466437,
                    1.6752066810092772
                ],
                [
                    -0.25067378749938757,
                    0.8253359750273246,
                    0.5059478042114695,
                    -0.47966413001946284
                ],
                [
                    -0.8960541282258874,
                    -5.303905465495854e-06,
                    -0.44394481555843557,
                    -0.6187016935306392
                ],
                [
                    0.0,
                    0.0,
                    0.0,
                    1.0
                ]
            ],
            "size": [
                0.1202,
                0.13634,
                0.67816
            ]
        },
        "distance": 0.30459446676720653
    }
]