[
    {
        "case": 0,
        "collider1": {
            "type": "Box",
            "collider2origin": [
                [
                    1.0,
                    0.0,
                    0.0,
                    1.23
                ],
                [
                    0.0,
                    1.0,
                    0.0,
                    -0.23086
                ],
                [
                    0.0,
                    0.0,
                    1.0,
                    -0.54301
                ],
                [
                    0.0,
                    0.0,
                    0.0,
                    1.0
                ]
            ],
            "size": [
                0.1,
                0.16,
                0.1
            ]
        },
        "collider2": {
            "type": "Box",
            "collider2origin": [
                [
                    -0.16176407514162422,
                    -0.9687150673319058,
                    0.18821132356400871,
                    1.1557826558657218
                ],
                [
                    -0.6314396388625106,
                    0.24817557955473035,
                    0.7346379136594133,
                    -0.19770112684058827
                ],
                [
                    -0.7583642702994103,
                    -6.067514005390566e-06,
                    -0.6518309853761388,
                    -0.45187516514435955
                ],
                [
                    0.0,
                    0.0,
                    0.0,
                    1.0
                ]
            ],
            "size": [
                0.1202,
                0.13634,
                0.67816
            ]
        },
        "distance": 0.0
    },
    {
        "case": 1,
        "collider1": {
            "type": "Box",
            "collider2origin": [
                [
                    1.0,
                    0.0,
                    0.0,
                    1.28
                ],
                [
                    0.0,
                    1.0,
                    0.0,
                    -0.23086
                ],
                [
                    0.0,
                    0.0,
                    1.0,
                    -0.67301
                ],
                [
                    0.0,
                    0.0,
                    0.0,
                    1.0
                ]
            ],
            "size": [
                0.06,
                0.06,
                0.33
            ]
        },
        "collider2": {
            "type": "Box",
            "collider2origin": [
                [
                    -0.16176407514162422,
                    -0.9687150673319058,
                    0.18821132356400871,
                    1.1557826558657218
                ],
                [
                    -0.6314396388625106,
                    0.24817557955473035,
                    0.7346379136594133,
                    -0.19770112684058827
                ],
                [
                    -0.7583642702994103,
                    -6.067514005390566e-06,
                    -0.6518309853761388,
                    -0.45187516514435955
                ],
                [
                    0.0,
                    0.0,
                    0.0,
                    1.0
                ]
            ],
            "size": [
                0.1202,
                0.13634,
                0.67816
            ]
        },
        "distance": 0.023883129214417907
    }
]