[
    {
        "case": 0,
        "collider1": {
            "type": "Box",
            "collider2origin": [
                [
                    1.0,
                    0.0,
                    0.0,
                    -0.26
                ],
                [
                    0.0,
                    1.0,
                    0.0,
                    -0.4608599999999999
                ],
                [
                    0.0,
                    0.0,
                    1.0,
                    -1.143
                ],
                [
                    0.0,
                    0.0,
                    0.0,
                    1.0
                ]
            ],
            "size": [
                1.48,
                0.272,
                0.945
            ]
        },
        "collider2": {
            "type": "Box",
            "collider2origin": [
                [
                    0.39263011946386267,
                    -0.47501574102176053,
                    0.7875288153911196,
                    0.4984179138785956
                ],
                [
                    -0.4344230647533516,
                    -0.8505320791043786,
                    -0.2964317513774261,
                    -0.6382753008772566
                ],
                [
                    0.8106282687521439,
                    -0.22573264760758585,
                    -0.5403023058473572,
                    -0.8190824052807455
                ],
                [
                    0.0,
                    0.0,
                    0.0,
                    1.0
                ]
            ],
            "size": [
                0.09126,
                0.11887,
                0.10009
            ]
        },
        "distance": 0.0
    },
    {
        "case": 1,
        "collider1": {
            "type": "Cylinder",
            "collider2origin": [
                [
                    1.0,
                    0.0,
                    0.0,
                    0.4849999999999999
                ],
                [
                    0.0,
                    -3.673205103346574e-06,
                    -0.9999999999932537,
                    -0.46086
                ],
                [
                    0.0,
                    0.9999999999932537,
                    -3.673205103346574e-06,
                    -0.70001
                ],
                [
                    0.0,
                    0.0,
                    0.0,
                    1.0
                ]
            ],
            "radius": 0.026,
            "height": 0.272
        },
        "collider2": {
            "type": "Box",
            "collider2origin": [
                [
                    -0.5056688057911475,
                    0.3522746425424544,
                    0.7875288153911197,
                    0.41200698624608423
                ],
                [
                    0.19033034594025477,
                    0.9358966696113277,
                    -0.29643175137742617,
                    -0.6077649464109347
                ],
                [
                    -0.8414709848022196,
                    -5.6578462905731765e-06,
                    -0.5403023058473572,
                    -0.7593849882126871
                ],
                [
                    0.0,
                    0.0,
                    0.0,
                    1.0
                ]
            ],
            "size": [
                0.09102,
                0.10007,
                0.11882
            ]
        },
        "distance": 0.009685565734652984
    },
    {
        "case": 2,
        "collider1": {
            "type": "Box",
            "collider2origin": [
                [
                    1.0,
                    0.0,
                    0.0,
                    -0.26
                ],
                [
                    0.0,
                    1.0,
                    0.0,
                    -0.4608599999999999
                ],
                [
                    0.0,
                    0.0,
                    1.0,
                    -1.143
                ],
                [
                    0.0,
                    0.0,
                    0.0,
                    1.0
                ]
            ],
            "size": [
                1.48,
                0.272,
                0.945
            ]
        },
        "collider2": {
            "type": "Box",
            "collider2origin": [
                [
                    -0.5056688057911475,
                    0.3522746425424544,
                    0.7875288153911197,
                    0.41200698624608423
                ],
                [
                    0.19033034594025477,
                    0.9358966696113277,
                    -0.29643175137742617,
                    -0.6077649464109347
                ],
                [
                    -0.8414709848022196,
                    -5.6578462905731765e-06,
                    -0.5403023058473572,
                    -0.7593849882126871
                ],
                [
                    0.0,
                    0.0,
                    0.0,
                    1.0
                ]
            ],
            "size": [
                0.09102,
                0.10007,
                0.11882
            ]
        },
        "distance": 0.0
    }
]