[
    {
        "case": 0,
        "collider1": {
            "type": "Box",
            "collider2origin": [
                [
                    1.0,
                    0.0,
                    0.0,
                    0.0
                ],
                [
                    0.0,
                    1.0,
                    0.0,
                    -0.37086
                ],
                [
                    0.0,
                    0.0,
                    1.0,
                    0.39699
                ],
                [
                    0.0,
                    0.0,
                    0.0,
                    1.0
                ]
            ],
            "size": [
                0.6,
                1.6,
                0.1
            ]
        },
        "collider2": {
            "type": "Box",
            "collider2origin": [
                [
                    -0.9682312145211672,
                    -0.07991820940738711,
                    -0.23694175451359803,
                    0.1851860869719284
                ],
                [
                    -0.07762587595170503,
                    0.9968014244335142,
                    -0.019003779362206513,
                    -0.9048508464467779
                ],
                [
                    0.2377026264255313,
                    -7.2411287095985235e-06,
                    -0.9713379748254312,
                    0.3291949480339853
                ],
                [
                    0.0,
                    0.0,
                    0.0,
                    1.0
                ]
            ],
            "size": [
                0.09102,
                0.10007,
                0.11882
            ]
        },
        "distance": 0.0
    },
    {
        "case": 1,
        "collider1": {
            "type": "Box",
            "collider2origin": [
                [
                    1.0,
                    0.0,
                    0.0,
                    0.0
                ],
                [
                    0.0,
                    1.0,
                    0.0,
                    -0.37086
                ],
                [
                    0.0,
                    0.0,
                    1.0,
                    0.39699
                ],
                [
                    0.0,
                    0.0,
                    0.0,
                    1.0
                ]
            ],
            "size": [
                0.6,
                1.6,
                0.1
            ]
        },
        "collider2": {
            "type": "Box",
            "collider2origin": [
                [
                    0.2547199286419899,
                    -0.07992087896372684,
                    -0.9637066000906523,
                    0.4758352580065256
                ],
                [
                    0.020425420983812302,
                    0.9968012104217105,
                    -0.07726673980081308,
                    -0.9936672828127722
                ],
                [
                    0.9667991312212963,
                    -2.734563267717171e-06,
                    0.2555375507870978,
                    0.2570959854658934
                ],
                [
                    0.0,
                    0.0,
                    0.0,
                    1.0
                ]
            ],
            "size": [
                0.1202,
                0.13634,
                0.67816
            ]
        },
        "distance": 0.0
    }
]