[
    {
        "case": 0,
        "collider1": {
            "type": "Cylinder",
            "collider2origin": [
                [
                    1.0,
                    0.0,
                    0.0,
                    0.4849999999999999
                ],
                [
                    0.0,
                    -3.673205103346574e-06,
                    -0.9999999999932537,
                    -0.46086
                ],
                [
                    0.0,
                    0.9999999999932537,
                    -3.673205103346574e-06,
                    -0.70001
                ],
                [
                    0.0,
                    0.0,
                    0.0,
                    1.0
                ]
            ],
            "radius": 0.026,
            "height": 0.272
        },
        "collider2": {
            "type": "Box",
            "collider2origin": [
                [
                    -0.8175346871631597,
                    0.5646406991573402,
                    0.11321623620375522,
                    0.6236159076557584
                ],
                [
                    0.5593017762848953,
                    0.8253368286958053,
                    -0.07746381247338442,
                    -0.6841027312174861
                ],
                [
                    -0.13718075057964746,
                    -7.311683843434534e-06,
                    -0.9905460320535051,
                    -0.34020292429475596
                ],
                [
                    0.0,
                    0.0,
                    0.0,
                    1.0
                ]
            ],
            "size": [
                0.1202,
                0.13634,
                0.67816
            ]
        },
        "distance": 0.12982392434938106
    }
]