[
    {
        "case": 0,
        "collider1": {
            "type": "Cylinder",
            "collider2origin": [
                [
                    1.0,
                    0.0,
                    0.0,
                    0.4849999999999999
                ],
                [
                    0.0,
                    -3.673205103346574e-06,
                    -0.9999999999932537,
                    -0.46086
                ],
                [
                    0.0,
                    0.9999999999932537,
                    -3.673205103346574e-06,
                    -0.70001
                ],
                [
                    0.0,
                    0.0,
                    0.0,
                    1.0
                ]
            ],
            "radius": 0.026,
            "height": 0.272
        },
        "collider2": {
            "type": "Box",
            "collider2origin": [
                [
                    -0.4067197257732018,
                    0.5997477366840867,
                    0.6891166207611648,
                    0.7540830685228808
                ],
                [
                    0.30483351126738056,
                    0.8001891353371536,
                    -0.5165015760835372,
                    -0.7554505006379185
                ],
                [
                    -0.8611942841632027,
                    -5.540206785107826e-06,
                    -0.5082759141390971,
                    -0.695083231315454
                ],
                [
                    0.0,
                    0.0,
                    0.0,
                    1.0
                ]
            ],
            "size": [
                0.1202,
                0.13634,
                0.67816
            ]
        },
        "distance": 0.0771658529113504
    },
    {
        "case": 1,
        "collider1": {
            "type": "Box",
            "collider2origin": [
                [
                    1.0,
                    0.0,
                    0.0,
                    -0.26
                ],
                [
                    0.0,
                    1.0,
                    0.0,
                    -0.4608599999999999
                ],
                [
                    0.0,
                    0.0,
                    1.0,
                    -1.143
                ],
                [
                    0.0,
                    0.0,
                    0.0,
                    1.0
                ]
            ],
            "size": [
                1.48,
                0.272,
                0.945
            ]
        },
        "collider2": {
            "type": "Box",
            "collider2origin": [
                [
                    -0.4067197257732018,
                    0.5997477366840867,
                    0.6891166207611648,
                    0.7540830685228808
                ],
                [
                    0.30483351126738056,
                    0.8001891353371536,
                    -0.5165015760835372,
                    -0.7554505006379185
                ],
                [
                    -0.8611942841632027,
                    -5.540206785107826e-06,
                    -0.5082759141390971,
                    -0.695083231315454
                ],
                [
                    0.0,
                    0.0,
                    0.0,
                    1.0
                ]
            ],
            "size": [
                0.1202,
                0.13634,
                0.67816
            ]
        },
        "distance": 0.07854775133668146
    }
]