[
    {
        "case": 0,
        "collider1": {
            "type": "Box",
            "collider2origin": [
                [
                    1.0,
                    0.0,
                    0.0,
                    0.5199999999999999
                ],
                [
                    0.0,
                    1.0,
                    0.0,
                    -0.43085999999999997
                ],
                [
                    0.0,
                    0.0,
                    1.0,
                    -0.80301
                ],
                [
                    0.0,
                    0.0,
                    0.0,
                    1.0
                ]
            ],
            "size": [
                0.2,
                0.08,
                0.04
            ]
        },
        "collider2": {
            "type": "Box",
            "collider2origin": [
                [
                    0.04214375545311089,
                    -0.9657733124304673,
                    -0.2559410339773429,
                    0.7595731950697517
                ],
                [
                    -0.15689688535290464,
                    -0.25938756519704365,
                    0.9529435756579225,
                    -0.29064954919174635
                ],
                [
                    -0.9867153952598824,
                    -4.269948093516009e-06,
                    -0.1624583907925401,
                    -0.8092460813046946
                ],
                [
                    0.0,
                    0.0,
                    0.0,
                    1.0
                ]
            ],
            "size": [
                0.1202,
                0.13634,
                0.67816
            ]
        },
        "distance": 0.09261929974476368
    }
]