[
    {
        "case": 0,
        "collider1": {
            "type": "Box",
            "collider2origin": [
                [
                    1.0,
                    0.0,
                    0.0,
                    -0.26
                ],
                [
                    0.0,
                    1.0,
                    0.0,
                    -0.4608599999999999
                ],
                [
                    0.0,
                    0.0,
                    1.0,
                    -1.143
                ],
                [
                    0.0,
                    0.0,
                    0.0,
                    1.0
                ]
            ],
            "size": [
                1.48,
                0.272,
                0.945
            ]
        },
        "collider2": {
            "type": "Box",
            "collider2origin": [
                [
                    0.06616007767820499,
                    -0.511312695116486,
                    0.8568443102071278,
                    0.2659210292928904
                ],
                [
                    0.5484337903145103,
                    -0.6987477519352141,
                    -0.459316837059936,
                    -0.6314870190169448
                ],
                [
                    0.8335725653852057,
                    0.5003108103751099,
                    0.23419195387315722,
                    -1.1851197578941708
                ],
                [
                    0.0,
                    0.0,
                    0.0,
                    1.0
                ]
            ],
            "size": [
                0.08993,
                0.0305,
                0.09007
            ]
        },
        "distance": 0.0
    },
    {
        "case": 1,
        "collider1": {
            "type": "Box",
            "collider2origin": [
                [
                    1.0,
                    0.0,
                    0.0,
                    -0.26
                ],
                [
                    0.0,
                    1.0,
                    0.0,
                    -0.4608599999999999
                ],
                [
                    0.0,
                    0.0,
                    1.0,
                    -1.143
                ],
                [
                    0.0,
                    0.0,
                    0.0,
                    1.0
                ]
            ],
            "size": [
                1.48,
                0.272,
                0.945
            ]
        },
        "collider2": {
            "type": "Box",
            "collider2origin": [
                [
                    -0.41604270809753646,
                    0.33648275647928066,
                    -0.8448004614291904,
                    0.39868749121403446
                ],
                [
                    0.1486646388424899,
                    0.9416896275121952,
                    0.3018600182100555,
                    -0.6152759581445646
                ],
                [
                    0.8971105228435904,
                    -5.2960498562318696e-06,
                    -0.44180619028625173,
                    -1.1739949601767188
                ],
                [
                    0.0,
                    0.0,
                    0.0,
                    1.0
                ]
            ],
            "size": [
                0.09102,
                0.10007,
                0.11882
            ]
        },
        "distance": 0.0
    },
    {
        "case": 2,
        "collider1": {
            "type": "Box",
            "collider2origin": [
                [
                    1.0,
                    0.0,
                    0.0,
                    -0.26
                ],
                [
                    0.0,
                    1.0,
                    0.0,
                    -0.4608599999999999
                ],
                [
                    0.0,
                    0.0,
                    1.0,
                    -1.143
                ],
                [
                    0.0,
                    0.0,
                    0.0,
                    1.0
                ]
            ],
            "size": [
                1.48,
                0.272,
                0.945
            ]
        },
        "collider2": {
            "type": "Box",
            "collider2origin": [
                [
                    0.15768676619371955,
                    -0.5113189456067455,
                    -0.8448004614291904,
                    0.30646814115338084
                ],
                [
                    -0.6485645811356159,
                    -0.6987449559765049,
                    0.3018600182100555,
                    -0.5800312380055932
                ],
                [
                    -0.7446468074622692,
                    0.5003083272952771,
                    -0.44180619028625173,
                    -1.2210836259545865
                ],
                [
                    0.0,
                    0.0,
                    0.0,
                    1.0
                ]
            ],
            "size": [
                0.09126,
                0.11887,
                0.10009
            ]
        },
        "distance": 0.0
    },
    {
        "case": 3,
        "collider1": {
            "type": "Cylinder",
            "collider2origin": [
                [
                    1.0,
                    0.0,
                    0.0,
                    0.4849999999999999
                ],
                [
                    0.0,
                    -3.673205103346574e-06,
                    -0.9999999999932537,
                    -0.46086
                ],
                [
                    0.0,
                    0.9999999999932537,
                    -3.673205103346574e-06,
                    -0.70001
                ],
                [
                    0.0,
                    0.0,
                    0.0,
                    1.0
                ]
            ],
            "radius": 0.026,
            "height": 0.272
        },
        "collider2": {
            "type": "Box",
            "collider2origin": [
                [
                    -0.37399190956154515,
                    0.33648268507668067,
                    -0.8642392343709558,
                    0.7995217563481555
                ],
                [
                    0.13363905130800927,
                    0.9416896530265423,
                    0.3088060902058856,
                    -0.7430173020055137
                ],
                [
                    0.9177530471472182,
                    -5.132024160905326e-06,
                    -0.3971515383649647,
                    -0.4919249523117806
                ],
                [
                    0.0,
                    0.0,
                    0.0,
                    1.0
                ]
            ],
            "size": [
                0.15068,
                0.17726,
                0.74884
            ]
        },
        "distance": 0.0004485393204275822
    },
    {
        "case": 4,
        "collider1": {
            "type": "Box",
            "collider2origin": [
                [
                    1.0,
                    0.0,
                    0.0,
                    -0.26
                ],
                [
                    0.0,
                    1.0,
                    0.0,
                    -0.4608599999999999
                ],
                [
                    0.0,
                    0.0,
                    1.0,
                    -1.143
                ],
                [
                    0.0,
                    0.0,
                    0.0,
                    1.0
                ]
            ],
            "size": [
                1.48,
                0.272,
                0.945
            ]
        },
        "collider2": {
            "type": "Box",
            "collider2origin": [
                [
                    -0.37399190956154515,
                    0.33648268507668067,
                    -0.8642392343709558,
                    0.7995217563481555
                ],
                [
                    0.13363905130800927,
                    0.9416896530265423,
                    0.3088060902058856,
                    -0.7430173020055137
                ],
                [
                    0.9177530471472182,
                    -5.132024160905326e-06,
                    -0.3971515383649647,
                    -0.4919249523117806
                ],
                [
                    0.0,
                    0.0,
                    0.0,
                    1.0
                ]
            ],
            "size": [
                0.15068,
                0.17726,
                0.74884
            ]
        },
        "distance": 0.017778857961530087
    },
    {
        "case": 5,
        "collider1": {
            "type": "Cylinder",
            "collider2origin": [
                [
                    1.0,
                    0.0,
                    0.0,
                    0.4849999999999999
                ],
                [
                    0.0,
                    -3.673205103346574e-06,
                    -0.9999999999932537,
                    -0.46086
                ],
                [
                    0.0,
                    0.9999999999932537,
                    -3.673205103346574e-06,
                    -0.70001
                ],
                [
                    0.0,
                    0.0,
                    0.0,
                    1.0
                ]
            ],
            "radius": 0.026,
            "height": 0.272
        },
        "collider2": {
            "type": "Box",
            "collider2origin": [
                [
                    -0.37399190956154515,
                    0.33648268507668067,
                    -0.8642392343709558,
                    0.7995217563481555
                ],
                [
                    0.13363905130800927,
                    0.9416896530265423,
                    0.3088060902058856,
                    -0.7430173020055137
                ],
                [
                    0.9177530471472182,
                    -5.132024160905326e-06,
                    -0.3971515383649647,
                    -0.4919249523117806
                ],
                [
                    0.0,
                    0.0,
                    0.0,
                    1.0
                ]
            ],
            "size": [
                0.15068,
                0.17726,
                0.74884
            ]
        },
        "distance": 0.0004485393204275822
    },
    {
        "case": 6,
        "collider1": {
            "type": "Box",
            "collider2origin": [
                [
                    1.0,
                    0.0,
                    0.0,
                    -0.26
                ],
                [
                    0.0,
                    1.0,
                    0.0,
                    -0.4608599999999999
                ],
                [
                    0.0,
                    0.0,
                    1.0,
                    -1.143
                ],
                [
                    0.0,
                    0.0,
                    0.0,
                    1.0
                ]
            ],
            "size": [
                1.48,
                0.272,
                0.945
            ]
        },
        "collider2": {
            "type": "Box",
            "collider2origin": [
                [
                    -0.37399190956154515,
                    0.33648268507668067,
                    -0.8642392343709558,
                    0.7995217563481555
                ],
                [
                    0.13363905130800927,
                    0.9416896530265423,
                    0.3088060902058856,
                    -0.7430173020055137
                ],
                [
                    0.9177530471472182,
                    -5.132024160905326e-06,
                    -0.3971515383649647,
                    -0.4919249523117806
                ],
                [
                    0.0,
                    0.0,
                    0.0,
                    1.0
                ]
            ],
            "size": [
                0.15068,
                0.17726,
                0.74884
            ]
        },
        "distance": 0.017778857961530087
    }
]