[
    {
        "case": 0,
        "collider1": {
            "type": "Box",
            "collider2origin": [
                [
                    1.0,
                    0.0,
                    0.0,
                    -0.06
                ],
                [
                    0.0,
                    1.0,
                    0.0,
                    -0.37086
                ],
                [
                    0.0,
                    0.0,
                    1.0,
                    -0.40301
                ],
                [
                    0.0,
                    0.0,
                    0.0,
                    1.0
                ]
            ],
            "size": [
                0.1,
                1.0,
                1.64
            ]
        },
        "collider2": {
            "type": "Cylinder",
            "collider2origin": [
                [
                    0.5859207097435823,
                    0.6072994934387866,
                    0.5365484574225982,
                    -0.12282167344019834
                ],
                [
                    -0.8039963013118039,
                    0.3527753412379846,
                    0.47868518474187405,
                    -0.8517467022750996
                ],
                [
                    0.10142420505242072,
                    -0.7118545384300196,
                    0.6949649248315111,
                    -0.9913943362224583
                ],
                [
                    0.0,
                    0.0,
                    0.0,
                    1.0
                ]
            ],
            "radius": 0.0076,
            "height": 0.02993
        },
        "distance": 0.0
    },
    {
        "case": 1,
        "collider1": {
            "type": "Box",
            "collider2origin": [
                [
                    1.0,
                    0.0,
                    0.0,
                    -0.06
                ],
                [
                    0.0,
                    1.0,
                    0.0,
                    -0.37086
                ],
                [
                    0.0,
                    0.0,
                    1.0,
                    -0.40301
                ],
                [
                    0.0,
                    0.0,
                    0.0,
                    1.0
                ]
            ],
            "size": [
                0.1,
                1.0,
                1.64
            ]
        },
        "collider2": {
            "type": "Box",
            "collider2origin": [
                [
                    0.8035812409358748,
                    -0.5897751598459827,
                    -0.08014018994615078,
                    -0.056311379935866324
                ],
                [
                    -0.5921644475160395,
                    -0.7786389659119926,
                    -0.20751536777194599,
                    -0.8274011948362713
                ],
                [
                    0.05998713457053588,
                    0.21421162805073765,
                    -0.9749435481574654,
                    -0.9644754660141338
                ],
                [
                    0.0,
                    0.0,
                    0.0,
                    1.0
                ]
            ],
            "size": [
                0.07264,
                0.04753,
                0.03326
            ]
        },
        "distance": 0.0
    },
    {
        "case": 2,
        "collider1": {
            "type": "Box",
            "collider2origin": [
                [
                    1.0,
                    0.0,
                    0.0,
                    0.5199999999999999
                ],
                [
                    0.0,
                    1.0,
                    0.0,
                    -0.43085999999999997
                ],
                [
                    0.0,
                    0.0,
                    1.0,
                    -0.80301
                ],
                [
                    0.0,
                    0.0,
                    0.0,
                    1.0
                ]
            ],
            "size": [
                0.2,
                0.08,
                0.04
            ]
        },
        "collider2": {
            "type": "Box",
            "collider2origin": [
                [
                    0.5117363635073421,
                    -0.49549764605905283,
                    -0.7018603686020596,
                    0.26839976286261025
                ],
                [
                    -0.2919142731436254,
                    -0.8686092808137983,
                    0.4003797877255603,
                    -0.6381514544750115
                ],
                [
                    -0.8080296723507807,
                    -5.837243732516797e-06,
                    -0.5891417898660866,
                    -0.7069635707213199
                ],
                [
                    0.0,
                    0.0,
                    0.0,
                    1.0
                ]
            ],
            "size": [
                0.1202,
                0.13634,
                0.67816
            ]
        },
        "distance": 0.15520327621765903
    },
    {
        "case": 3,
        "collider1": {
            "type": "Cylinder",
            "collider2origin": [
                [
                    1.0,
                    0.0,
                    0.0,
                    0.4849999999999999
                ],
                [
                    0.0,
                    -3.673205103346574e-06,
                    -0.9999999999932537,
                    -0.46086
                ],
                [
                    0.0,
                    0.9999999999932537,
                    -3.673205103346574e-06,
                    -0.70001
                ],
                [
                    0.0,
                    0.0,
                    0.0,
                    1.0
                ]
            ],
            "radius": 0.026,
            "height": 0.272
        },
        "collider2": {
            "type": "Box",
            "collider2origin": [
                [
                    0.5117363635073421,
                    -0.49549764605905283,
                    -0.7018603686020596,
                    0.26839976286261025
                ],
                [
                    -0.2919142731436254,
                    -0.8686092808137983,
                    0.4003797877255603,
                    -0.6381514544750115
                ],
                [
                    -0.8080296723507807,
                    -5.837243732516797e-06,
                    -0.5891417898660866,
                    -0.7069635707213199
                ],
                [
                    0.0,
                    0.0,
                    0.0,
                    1.0
                ]
            ],
            "size": [
                0.1202,
                0.13634,
                0.67816
            ]
        },
        "distance": 0.064289652340852
    },
    {
        "case": 4,
        "collider1": {
            "type": "Box",
            "collider2origin": [
                [
                    1.0,
                    0.0,
                    0.0,
                    -0.26
                ],
                [
                    0.0,
                    1.0,
                    0.0,
                    -0.4608599999999999
                ],
                [
                    0.0,
                    0.0,
                    1.0,
                    -1.143
                ],
                [
                    0.0,
                    0.0,
                    0.0,
                    1.0
                ]
            ],
            "size": [
                1.48,
                0.272,
                0.945
            ]
        },
        "collider2": {
            "type": "Box",
            "collider2origin": [
                [
                    0.5117363635073421,
                    -0.49549764605905283,
                    -0.7018603686020596,
                    0.26839976286261025
                ],
                [
                    -0.2919142731436254,
                    -0.8686092808137983,
                    0.4003797877255603,
                    -0.6381514544750115
                ],
                [
                    -0.8080296723507807,
                    -5.837243732516797e-06,
                    -0.5891417898660866,
                    -0.7069635707213199
                ],
                [
                    0.0,
                    0.0,
                    0.0,
                    1.0
                ]
            ],
            "size": [
                0.1202,
                0.13634,
                0.67816
            ]
        },
        "distance": 0.0
    },
    {
        "case": 5,
        "collider1": {
            "type": "Box",
            "collider2origin": [
                [
                    1.0,
                    0.0,
                    0.0,
                    -0.06
                ],
                [
                    0.0,
                    1.0,
                    0.0,
                    -0.37086
                ],
                [
                    0.0,
                    0.0,
                    1.0,
                    -0.40301
                ],
                [
                    0.0,
                    0.0,
                    0.0,
                    1.0
                ]
            ],
            "size": [
                0.1,
                1.0,
                1.64
            ]
        },
        "collider2": {
            "type": "Box",
            "collider2origin": [
                [
                    0.5117363635073421,
                    -0.49549764605905283,
                    -0.7018603686020596,
                    0.26839976286261025
                ],
                [
                    -0.2919142731436254,
                    -0.8686092808137983,
                    0.4003797877255603,
                    -0.6381514544750115
                ],
                [
                    -0.8080296723507807,
                    -5.837243732516797e-06,
                    -0.5891417898660866,
                    -0.7069635707213199
                ],
                [
                    0.0,
                    0.0,
                    0.0,
                    1.0
                ]
            ],
            "size": [
                0.1202,
                0.13634,
                0.67816
            ]
        },
        "distance": 0.0
    },
    {
        "case": 6,
        "collider1": {
            "type": "Box",
            "collider2origin": [
                [
                    1.0,
                    0.0,
                    0.0,
                    -0.06
                ],
                [
                    0.0,
                    1.0,
                    0.0,
                    -0.37086
                ],
                [
                    0.0,
                    0.0,
                    1.0,
                    -0.40301
                ],
                [
                    0.0,
                    0.0,
                    0.0,
                    1.0
                ]
            ],
            "size": [
                0.1,
                1.0,
                1.64
            ]
        },
        "collider2": {
            "type": "Cylinder",
            "collider2origin": [
                [
                    0.8317094489464198,
                    0.48264392280672397,
                    0.27443439345493664,
                    -0.07214137089082207
                ],
                [
                    -0.5539290401492559,
                    0.6877620894046514,
                    0.46919710874756143,
                    -0.862979179196824
                ],
                [
                    0.03770956128843068,
                    -0.5422528489141241,
                    0.8393687132791822,
                    -0.9923673084672016
                ],
                [
                    0.0,
                    0.0,
                    0.0,
                    1.0
                ]
            ],
            "radius": 0.00683,
            "height": 0.01183
        },
        "distance": 0.0
    },
    {
        "case": 7,
        "collider1": {
            "type": "Box",
            "collider2origin": [
                [
                    1.0,
                    0.0,
                    0.0,
                    -0.06
                ],
                [
                    0.0,
                    1.0,
                    0.0,
                    -0.37086
                ],
                [
                    0.0,
                    0.0,
                    1.0,
                    -0.40301
                ],
                [
                    0.0,
                    0.0,
                    0.0,
                    1.0
                ]
            ],
            "size": [
                0.1,
                1.0,
                1.64
            ]
        },
        "collider2": {
            "type": "Box",
            "collider2origin": [
                [
                    0.7689479796402512,
                    -0.5897779409812196,
                    -0.24674072411973008,
                    -0.027703894711270882
                ],
                [
                    -0.6225028204579319,
                    -0.7786380725827995,
                    -0.07882252499420486,
                    -0.7869591608740139
                ],
                [
                    -0.1456339353622481,
                    0.21420721803080153,
                    -0.9658706044882038,
                    -0.9777588909535142
                ],
                [
                    0.0,
                    0.0,
                    0.0,
                    1.0
                ]
            ],
            "size": [
                0.06241,
                0.05638,
                0.02858
            ]
        },
        "distance": 0.0
    },
    {
        "case": 8,
        "collider1": {
            "type": "Box",
            "collider2origin": [
                [
                    1.0,
                    0.0,
                    0.0,
                    -0.06
                ],
                [
                    0.0,
                    1.0,
                    0.0,
                    -0.37086
                ],
                [
                    0.0,
                    0.0,
                    1.0,
                    -0.40301
                ],
                [
                    0.0,
                    0.0,
                    0.0,
                    1.0
                ]
            ],
            "size": [
                0.1,
                1.0,
                1.64
            ]
        },
        "collider2": {
            "type": "Box",
            "collider2origin": [
                [
                    -0.05516162149351111,
                    -0.5524665776504791,
                    0.8317078069210204,
                    0.01851625108945576
                ],
                [
                    -0.014858290172213798,
                    -0.8324296430887773,
                    -0.5539315124816864,
                    -0.7171091214151677
                ],
                [
                    0.9983668798229259,
                    -0.042913516358571,
                    0.03770946017086085,
                    -0.9798656984378976
                ],
                [
                    0.0,
                    0.0,
                    0.0,
                    1.0
                ]
            ],
            "size": [
                0.08993,
                0.0305,
                0.09007
            ]
        },
        "distance": 0.0
    },
    {
        "case": 9,
        "collider1": {
            "type": "Box",
            "collider2origin": [
                [
                    1.0,
                    0.0,
                    0.0,
                    -0.06
                ],
                [
                    0.0,
                    1.0,
                    0.0,
                    -0.37086
                ],
                [
                    0.0,
                    0.0,
                    1.0,
                    -0.40301
                ],
                [
                    0.0,
                    0.0,
                    0.0,
                    1.0
                ]
            ],
            "size": [
                0.1,
                1.0,
                1.64
            ]
        },
        "collider2": {
            "type": "Cylinder",
            "collider2origin": [
                [
                    0.7239297937265102,
                    0.5432454830784418,
                    0.42521759002887244,
                    -0.08911297080447289
                ],
                [
                    -0.6858054286984412,
                    0.49986205211799606,
                    0.5289696048168856,
                    -0.8505525927017485
                ],
                [
                    0.07481021135406044,
                    -0.6745533885225505,
                    0.734425733692594,
                    -0.9832998042110317
                ],
                [
                    0.0,
                    0.0,
                    0.0,
                    1.0
                ]
            ],
            "radius": 0.00783,
            "height": 0.03683
        },
        "distance": 0.0
    },
    {
        "case": 10,
        "collider1": {
            "type": "Box",
            "collider2origin": [
                [
                    1.0,
                    0.0,
                    0.0,
                    -0.06
                ],
                [
                    0.0,
                    1.0,
                    0.0,
                    -0.37086
                ],
                [
                    0.0,
                    0.0,
                    1.0,
                    -0.40301
                ],
                [
                    0.0,
                    0.0,
                    0.0,
                    1.0
                ]
            ],
            "size": [
                0.1,
                1.0,
                1.64
            ]
        },
        "collider2": {
            "type": "Cylinder",
            "collider2origin": [
                [
                    0.5841859394855698,
                    0.3557998504098969,
                    0.7294746428462451,
                    -0.10641293660779061
                ],
                [
                    -0.8043448248489584,
                    0.13373026302276592,
                    0.5789176275521064,
                    -0.8375981440162726
                ],
                [
                    0.10842596942642536,
                    -0.924944691968204,
                    0.364309107700841,
                    -0.9769359180945519
                ],
                [
                    0.0,
                    0.0,
                    0.0,
                    1.0
                ]
            ],
            "radius": 0.00783,
            "height": 0.03044
        },
        "distance": 0.0
    },
    {
        "case": 11,
        "collider1": {
            "type": "Box",
            "collider2origin": [
                [
                    1.0,
                    0.0,
                    0.0,
                    -0.26
                ],
                [
                    0.0,
                    1.0,
                    0.0,
                    -0.4608599999999999
                ],
                [
                    0.0,
                    0.0,
                    1.0,
                    -1.143
                ],
                [
                    0.0,
                    0.0,
                    0.0,
                    1.0
                ]
            ],
            "size": [
                1.48,
                0.272,
                0.945
            ]
        },
        "collider2": {
            "type": "Box",
            "collider2origin": [
                [
                    0.6908317769226252,
                    -0.5524679194943095,
                    0.46640181595225083,
                    0.05725696221713372
                ],
                [
                    -0.4860870044763844,
                    -0.8324285856372875,
                    -0.2660490065628517,
                    -0.6534355225272805
                ],
                [
                    0.5352297451311012,
                    -0.042916753646261505,
                    -0.8436155950332843,
                    -0.9734980724842925
                ],
                [
                    0.0,
                    0.0,
                    0.0,
                    1.0
                ]
            ],
            "size": [
                0.09126,
                0.11887,
                0.10009
            ]
        },
        "distance": 0.0
    },
    {
        "case": 12,
        "collider1": {
            "type": "Box",
            "collider2origin": [
                [
                    1.0,
                    0.0,
                    0.0,
                    -0.06
                ],
                [
                    0.0,
                    1.0,
                    0.0,
                    -0.37086
                ],
                [
                    0.0,
                    0.0,
                    1.0,
                    -0.40301
                ],
                [
                    0.0,
                    0.0,
                    0.0,
                    1.0
                ]
            ],
            "size": [
                0.1,
                1.0,
                1.64
            ]
        },
        "collider2": {
            "type": "Box",
            "collider2origin": [
                [
                    0.6908317769226252,
                    -0.5524679194943095,
                    0.46640181595225083,
                    0.05725696221713372
                ],
                [
                    -0.4860870044763844,
                    -0.8324285856372875,
                    -0.2660490065628517,
                    -0.6534355225272805
                ],
                [
                    0.5352297451311012,
                    -0.042916753646261505,
                    -0.8436155950332843,
                    -0.9734980724842925
                ],
                [
                    0.0,
                    0.0,
                    0.0,
                    1.0
                ]
            ],
            "size": [
                0.09126,
                0.11887,
                0.10009
            ]
        },
        "distance": 0.0
    },
    {
        "case": 13,
        "collider1": {
            "type": "Box",
            "collider2origin": [
                [
                    1.0,
                    0.0,
                    0.0,
                    -0.06
                ],
                [
                    0.0,
                    1.0,
                    0.0,
                    -0.37086
                ],
                [
                    0.0,
                    0.0,
                    1.0,
                    -0.40301
                ],
                [
                    0.0,
                    0.0,
                    0.0,
                    1.0
                ]
            ],
            "size": [
                0.1,
                1.0,
                1.64
            ]
        },
        "collider2": {
            "type": "Sphere",
            "collider2origin": [
                [
                    1.0,
                    0.0,
                    0.0,
                    -0.039948152856146724
                ],
                [
                    0.0,
                    1.0,
                    0.0,
                    -0.8746664169171702
                ],
                [
                    0.0,
                    0.0,
                    1.0,
                    -1.0413460823809235
                ],
                [
                    0.0,
                    0.0,
                    0.0,
                    1.0
                ]
            ],
            "radius": 0.01051
        },
        "distance": 0.0
    },
    {
        "case": 14,
        "collider1": {
            "type": "Box",
            "collider2origin": [
                [
                    1.0,
                    0.0,
                    0.0,
                    -0.06
                ],
                [
                    0.0,
                    1.0,
                    0.0,
                    -0.37086
                ],
                [
                    0.0,
                    0.0,
                    1.0,
                    -0.40301
                ],
                [
                    0.0,
                    0.0,
                    0.0,
                    1.0
                ]
            ],
            "size": [
                0.1,
                1.0,
                1.64
            ]
        },
        "collider2": {
            "type": "Cylinder",
            "collider2origin": [
                [
                    0.7278967397777796,
                    0.6807673830265779,
                    0.08198845301640564,
                    -0.09844433927091001
                ],
                [
                    -0.6820996116888477,
                    0.7066791136280218,
                    0.188001994925149,
                    -0.8638691444981421
                ],
                [
                    0.07004609878360343,
                    -0.19277033114319414,
                    0.9787405904917503,
                    -1.015077179980556
                ],
                [
                    0.0,
                    0.0,
                    0.0,
                    1.0
                ]
            ],
            "radius": 0.0076,
            "height": 0.02993
        },
        "distance": 0.0
    },
    {
        "case": 15,
        "collider1": {
            "type": "Box",
            "collider2origin": [
                [
                    1.0,
                    0.0,
                    0.0,
                    -0.06
                ],
                [
                    0.0,
                    1.0,
                    0.0,
                    -0.37086
                ],
                [
                    0.0,
                    0.0,
                    1.0,
                    -0.40301
                ],
                [
                    0.0,
                    0.0,
                    0.0,
                    1.0
                ]
            ],
            "size": [
                0.1,
                1.0,
                1.64
            ]
        },
        "collider2": {
            "type": "Sphere",
            "collider2origin": [
                [
                    1.0,
                    0.0,
                    0.0,
                    -0.07494937256582546
                ],
                [
                    0.0,
                    1.0,
                    0.0,
                    -0.8705365099468022
                ],
                [
                    0.0,
                    0.0,
                    1.0,
                    -1.041445299242381
                ],
                [
                    0.0,
                    0.0,
                    0.0,
                    1.0
                ]
            ],
            "radius": 0.00563
        },
        "distance": 0.0
    },
    {
        "case": 16,
        "collider1": {
            "type": "Box",
            "collider2origin": [
                [
                    1.0,
                    0.0,
                    0.0,
                    -0.06
                ],
                [
                    0.0,
                    1.0,
                    0.0,
                    -0.37086
                ],
                [
                    0.0,
                    0.0,
                    1.0,
                    -0.40301
                ],
                [
                    0.0,
                    0.0,
                    0.0,
                    1.0
                ]
            ],
            "size": [
                0.1,
                1.0,
                1.64
            ]
        },
        "collider2": {
            "type": "Cylinder",
            "collider2origin": [
                [
                    0.8684012703200694,
                    -0.3749942052910035,
                    0.32443578672005025,
                    -0.03209257086800088
                ],
                [
                    -0.06728619935818844,
                    0.5591198890684448,
                    0.8263519329099558,
                    -0.8559404238491772
                ],
                [
                    -0.49127568745300165,
                    -0.7394351192946264,
                    0.46030848707287797,
                    -1.0312391582570868
                ],
                [
                    0.0,
                    0.0,
                    0.0,
                    1.0
                ]
            ],
            "radius": 0.01169,
            "height": 0.05502
        },
        "distance": 0.0
    },
    {
        "case": 17,
        "collider1": {
            "type": "Box",
            "collider2origin": [
                [
                    1.0,
                    0.0,
                    0.0,
                    -0.06
                ],
                [
                    0.0,
                    1.0,
                    0.0,
                    -0.37086
                ],
                [
                    0.0,
                    0.0,
                    1.0,
                    -0.40301
                ],
                [
                    0.0,
                    0.0,
                    0.0,
                    1.0
                ]
            ],
            "size": [
                0.1,
                1.0,
                1.64
            ]
        },
        "collider2": {
            "type": "Cylinder",
            "collider2origin": [
                [
                    0.8317094489464198,
                    0.5552101597468002,
                    -0.001034914090436781,
                    -0.0760132117447383
                ],
                [
                    -0.5539290401492559,
                    0.8299140396782757,
                    0.06637247339227662,
                    -0.8707250733354126
                ],
                [
                    0.03770956128843068,
                    -0.054629344301548644,
                    0.9977943794833761,
                    -1.020752651029794
                ],
                [
                    0.0,
                    0.0,
                    0.0,
                    1.0
                ]
            ],
            "radius": 0.00813,
            "height": 0.03824
        },
        "distance": 0.0
    },
    {
        "case": 18,
        "collider1": {
            "type": "Box",
            "collider2origin": [
                [
                    1.0,
                    0.0,
                    0.0,
                    -0.06
                ],
                [
                    0.0,
                    1.0,
                    0.0,
                    -0.37086
                ],
                [
                    0.0,
                    0.0,
                    1.0,
                    -0.40301
                ],
                [
                    0.0,
                    0.0,
                    0.0,
                    1.0
                ]
            ],
            "size": [
                0.1,
                1.0,
                1.64
            ]
        },
        "collider2": {
            "type": "Cylinder",
            "collider2origin": [
                [
                    0.8935024082302998,
                    -0.30872658858664875,
                    0.3261001993043009,
                    -0.025601603298063935
                ],
                [
                    -0.07059049928729136,
                    0.6205952491245824,
                    0.7809471929486453,
                    -0.845453924435023
                ],
                [
                    -0.4434753971721829,
                    -0.7207977734868829,
                    0.532710185597503,
                    -1.023001878970637
                ],
                [
                    0.0,
                    0.0,
                    0.0,
                    1.0
                ]
            ],
            "radius": 0.01271,
            "height": 0.05982
        },
        "distance": 0.0
    },
    {
        "case": 19,
        "collider1": {
            "type": "Box",
            "collider2origin": [
                [
                    1.0,
                    0.0,
                    0.0,
                    -0.06
                ],
                [
                    0.0,
                    1.0,
                    0.0,
                    -0.37086
                ],
                [
                    0.0,
                    0.0,
                    1.0,
                    -0.40301
                ],
                [
                    0.0,
                    0.0,
                    0.0,
                    1.0
                ]
            ],
            "size": [
                0.1,
                1.0,
                1.64
            ]
        },
        "collider2": {
            "type": "Cylinder",
            "collider2origin": [
                [
                    0.8317094489464198,
                    0.48264392280672397,
                    0.27443439345493664,
                    -0.06766009225997704
                ],
                [
                    -0.5539290401492559,
                    0.6877620894046514,
                    0.46919710874756143,
                    -0.8553183055951905
                ],
                [
                    0.03770956128843068,
                    -0.5422528489141241,
                    0.8393687132791822,
                    -0.9786716172654939
                ],
                [
                    0.0,
                    0.0,
                    0.0,
                    1.0
                ]
            ],
            "radius": 0.00683,
            "height": 0.01782
        },
        "distance": 0.0
    },
    {
        "case": 20,
        "collider1": {
            "type": "Box",
            "collider2origin": [
                [
                    1.0,
                    0.0,
                    0.0,
                    -0.06
                ],
                [
                    0.0,
                    1.0,
                    0.0,
                    -0.37086
                ],
                [
                    0.0,
                    0.0,
                    1.0,
                    -0.40301
                ],
                [
                    0.0,
                    0.0,
                    0.0,
                    1.0
                ]
            ],
            "size": [
                0.1,
                1.0,
                1.64
            ]
        },
        "collider2": {
            "type": "Sphere",
            "collider2origin": [
                [
                    1.0,
                    0.0,
                    0.0,
                    -0.09914715903545468
                ],
                [
                    0.0,
                    1.0,
                    0.0,
                    -0.8658014047712916
                ],
                [
                    0.0,
                    0.0,
                    1.0,
                    -1.031469684810977
                ],
                [
                    0.0,
                    0.0,
                    0.0,
                    1.0
                ]
            ],
            "radius": 0.00487
        },
        "distance": 0.0
    },
    {
        "case": 21,
        "collider1": {
            "type": "Box",
            "collider2origin": [
                [
                    1.0,
                    0.0,
                    0.0,
                    -0.26
                ],
                [
                    0.0,
                    1.0,
                    0.0,
                    -0.4608599999999999
                ],
                [
                    0.0,
                    0.0,
                    1.0,
                    -1.143
                ],
                [
                    0.0,
                    0.0,
                    0.0,
                    1.0
                ]
            ],
            "size": [
                1.48,
                0.272,
                0.945
            ]
        },
        "collider2": {
            "type": "Box",
            "collider2origin": [
                [
                    0.7327725987187167,
                    -0.4954933547924345,
                    0.46640181595225083,
                    0.009240434476894377
                ],
                [
                    -0.41800907980119373,
                    -0.8686117287434466,
                    -0.2660490065628517,
                    -0.618979680070239
                ],
                [
                    0.5369476024443891,
                    -6.771978212331275e-06,
                    -0.8436155950332843,
                    -0.8812901433657462
                ],
                [
                    0.0,
                    0.0,
                    0.0,
                    1.0
                ]
            ],
            "size": [
                0.09102,
                0.10007,
                0.11882
            ]
        },
        "distance": 0.0
    },
    {
        "case": 22,
        "collider1": {
            "type": "Box",
            "collider2origin": [
                [
                    1.0,
                    0.0,
                    0.0,
                    -0.06
                ],
                [
                    0.0,
                    1.0,
                    0.0,
                    -0.37086
                ],
                [
                    0.0,
                    0.0,
                    1.0,
                    -0.40301
                ],
                [
                    0.0,
                    0.0,
                    0.0,
                    1.0
                ]
            ],
            "size": [
                0.1,
                1.0,
                1.64
            ]
        },
        "collider2": {
            "type": "Box",
            "collider2origin": [
                [
                    0.7327725987187167,
                    -0.4954933547924345,
                    0.46640181595225083,
                    0.009240434476894377
                ],
                [
                    -0.41800907980119373,
                    -0.8686117287434466,
                    -0.2660490065628517,
                    -0.618979680070239
                ],
                [
                    0.5369476024443891,
                    -6.771978212331275e-06,
                    -0.8436155950332843,
                    -0.8812901433657462
                ],
                [
                    0.0,
                    0.0,
                    0.0,
                    1.0
                ]
            ],
            "size": [
                0.09102,
                0.10007,
                0.11882
            ]
        },
        "distance": 0.0
    },
    {
        "case": 23,
        "collider1": {
            "type": "Box",
            "collider2origin": [
                [
                    1.0,
                    0.0,
                    0.0,
                    -0.06
                ],
                [
                    0.0,
                    1.0,
                    0.0,
                    -0.37086
                ],
                [
                    0.0,
                    0.0,
                    1.0,
                    -0.40301
                ],
                [
                    0.0,
                    0.0,
                    0.0,
                    1.0
                ]
            ],
            "size": [
                0.1,
                1.0,
                1.64
            ]
        },
        "collider2": {
            "type": "Cylinder",
            "collider2origin": [
                [
                    0.8996435724668057,
                    0.0996013755197296,
                    0.4251129361872448,
                    -0.05188015708096505
                ],
                [
                    -0.4365976010191212,
                    0.19429151859020946,
                    0.8784266278911731,
                    -0.875853456180109
                ],
                [
                    0.004896662486955948,
                    -0.9758741577675303,
                    0.21827883749461544,
                    -0.9681540639148194
                ],
                [
                    0.0,
                    0.0,
                    0.0,
                    1.0
                ]
            ],
            "radius": 0.00713,
            "height": 0.01697
        },
        "distance": 0.0
    }
]