[
    {
        "case": 0,
        "collider1": {
            "type": "Box",
            "collider2origin": [
                [
                    1.0,
                    0.0,
                    0.0,
                    -0.06
                ],
                [
                    0.0,
                    1.0,
                    0.0,
                    -0.37086
                ],
                [
                    0.0,
                    0.0,
                    1.0,
                    -0.40301
                ],
                [
                    0.0,
                    0.0,
                    0.0,
                    1.0
                ]
            ],
            "size": [
                0.1,
                1.0,
                1.64
            ]
        },
        "collider2": {
            "type": "Box",
            "collider2origin": [
                [
                    0.9956433154743566,
                    -0.05996691757105794,
                    -0.0714027810960963,
                    0.028836893271506625
                ],
                [
                    0.059813303413267134,
                    0.9982003650555463,
                    -0.004289514863780363,
                    -0.8980953258610401
                ],
                [
                    0.07153151114036062,
                    -9.4095010899124e-09,
                    0.997438340407053,
                    -0.7299394115766352
                ],
                [
                    0.0,
                    0.0,
                    0.0,
                    1.0
                ]
            ],
            "size": [
                0.09102,
                0.10007,
                0.11882
            ]
        },
        "distance": 0.0
    },
    {
        "case": 1,
        "collider1": {
            "type": "Box",
            "collider2origin": [
                [
                    1.0,
                    0.0,
                    0.0,
                    -0.06
                ],
                [
                    0.0,
                    1.0,
                    0.0,
                    -0.37086
                ],
                [
                    0.0,
                    0.0,
                    1.0,
                    -0.40301
                ],
                [
                    0.0,
                    0.0,
                    0.0,
                    1.0
                ]
            ],
            "size": [
                0.1,
                1.0,
                1.64
            ]
        },
        "collider2": {
            "type": "Box",
            "collider2origin": [
                [
                    0.9934246584534117,
                    0.08949352394707356,
                    -0.0714027810960963,
                    0.02123241286354871
                ],
                [
                    -0.09002753389751406,
                    0.9959300393112788,
                    -0.004289514863780363,
                    -0.8924324618983631
                ],
                [
                    0.07072829078278675,
                    0.01068952613398742,
                    0.997438340407053,
                    -0.6208286115800286
                ],
                [
                    0.0,
                    0.0,
                    0.0,
                    1.0
                ]
            ],
            "size": [
                0.09126,
                0.11887,
                0.10009
            ]
        },
        "distance": 0.0
    },
    {
        "case": 2,
        "collider1": {
            "type": "Box",
            "collider2origin": [
                [
                    1.0,
                    0.0,
                    0.0,
                    -0.06
                ],
                [
                    0.0,
                    1.0,
                    0.0,
                    -0.37086
                ],
                [
                    0.0,
                    0.0,
                    1.0,
                    -0.40301
                ],
                [
                    0.0,
                    0.0,
                    0.0,
                    1.0
                ]
            ],
            "size": [
                0.1,
                1.0,
                1.64
            ]
        },
        "collider2": {
            "type": "Box",
            "collider2origin": [
                [
                    -0.9880094082412166,
                    0.08949332409530797,
                    -0.12581078717349012,
                    0.02747686147339834
                ],
                [
                    0.08741657351747248,
                    0.9959301356697149,
                    0.021943280050335818,
                    -0.8180469649429293
                ],
                [
                    0.12726253141166644,
                    0.010682219211161106,
                    -0.99181154373773,
                    -0.6172355687913628
                ],
                [
                    0.0,
                    0.0,
                    0.0,
                    1.0
                ]
            ],
            "size": [
                0.08993,
                0.0305,
                0.09007
            ]
        },
        "distance": 0.0
    }
]