[
    {
        "case": 0,
        "collider1": {
            "type": "Box",
            "collider2origin": [
                [
                    1.0,
                    0.0,
                    0.0,
                    -0.26
                ],
                [
                    0.0,
                    1.0,
                    0.0,
                    -0.4608599999999999
                ],
                [
                    0.0,
                    0.0,
                    1.0,
                    -1.143
                ],
                [
                    0.0,
                    0.0,
                    0.0,
                    1.0
                ]
            ],
            "size": [
                1.48,
                0.272,
                0.945
            ]
        },
        "collider2": {
            "type": "Box",
            "collider2origin": [
                [
                    0.8355680821036177,
                    0.5493189747549728,
                    0.00863968424350054,
                    0.09213278613440012
                ],
                [
                    0.5493688650465006,
                    -0.8355647775849998,
                    -0.005035134243434149,
                    -0.6608962678166834
                ],
                [
                    0.004453121062968288,
                    0.008953570990132621,
                    -0.9999500003896808,
                    -1.1807537719242374
                ],
                [
                    0.0,
                    0.0,
                    0.0,
                    1.0
                ]
            ],
            "size": [
                0.09126,
                0.11887,
                0.10009
            ]
        },
        "distance": 0.0
    },
    {
        "case": 1,
        "collider1": {
            "type": "Box",
            "collider2origin": [
                [
                    1.0,
                    0.0,
                    0.0,
                    -0.26
                ],
                [
                    0.0,
                    1.0,
                    0.0,
                    -0.4608599999999999
                ],
                [
                    0.0,
                    0.0,
                    1.0,
                    -1.143
                ],
                [
                    0.0,
                    0.0,
                    0.0,
                    1.0
                ]
            ],
            "size": [
                1.48,
                0.272,
                0.945
            ]
        },
        "collider2": {
            "type": "Box",
            "collider2origin": [
                [
                    0.863569254436294,
                    -0.5041562244468631,
                    0.00863968424350054,
                    0.09179376678643525
                ],
                [
                    -0.5041310803011787,
                    -0.863612471712583,
                    -0.005035134243434149,
                    -0.6550299618205404
                ],
                [
                    0.009999833334098705,
                    -7.346226547918917e-06,
                    -0.9999500003896808,
                    -1.071430787096039
                ],
                [
                    0.0,
                    0.0,
                    0.0,
                    1.0
                ]
            ],
            "size": [
                0.09102,
                0.10007,
                0.11882
            ]
        },
        "distance": 0.0
    },
    {
        "case": 2,
        "collider1": {
            "type": "Box",
            "collider2origin": [
                [
                    1.0,
                    0.0,
                    0.0,
                    0.5199999999999999
                ],
                [
                    0.0,
                    1.0,
                    0.0,
                    -0.43085999999999997
                ],
                [
                    0.0,
                    0.0,
                    1.0,
                    -0.80301
                ],
                [
                    0.0,
                    0.0,
                    0.0,
                    1.0
                ]
            ],
            "size": [
                0.2,
                0.08,
                0.04
            ]
        },
        "collider2": {
            "type": "Box",
            "collider2origin": [
                [
                    0.504024453432607,
                    -0.5041588321001913,
                    -0.7012725735099958,
                    0.35296180702458857
                ],
                [
                    -0.29423394461626823,
                    -0.8636109494335593,
                    0.4093928600427917,
                    -0.6780844428502527
                ],
                [
                    -0.8120256992100141,
                    -5.816967231821675e-06,
                    -0.5836216786486346,
                    -0.8984157895530247
                ],
                [
                    0.0,
                    0.0,
                    0.0,
                    1.0
                ]
            ],
            "size": [
                0.1202,
                0.13634,
                0.67816
            ]
        },
        "distance": 0.14733601813621003
    },
    {
        "case": 3,
        "collider1": {
            "type": "Cylinder",
            "collider2origin": [
                [
                    1.0,
                    0.0,
                    0.0,
                    0.4849999999999999
                ],
                [
                    0.0,
                    -3.673205103346574e-06,
                    -0.9999999999932537,
                    -0.46086
                ],
                [
                    0.0,
                    0.9999999999932537,
                    -3.673205103346574e-06,
                    -0.70001
                ],
                [
                    0.0,
                    0.0,
                    0.0,
                    1.0
                ]
            ],
            "radius": 0.026,
            "height": 0.272
        },
        "collider2": {
            "type": "Box",
            "collider2origin": [
                [
                    0.504024453432607,
                    -0.5041588321001913,
                    -0.7012725735099958,
                    0.35296180702458857
                ],
                [
                    -0.29423394461626823,
                    -0.8636109494335593,
                    0.4093928600427917,
                    -0.6780844428502527
                ],
                [
                    -0.8120256992100141,
                    -5.816967231821675e-06,
                    -0.5836216786486346,
                    -0.8984157895530247
                ],
                [
                    0.0,
                    0.0,
                    0.0,
                    1.0
                ]
            ],
            "size": [
                0.1202,
                0.13634,
                0.67816
            ]
        },
        "distance": 0.07714495276937859
    },
    {
        "case": 4,
        "collider1": {
            "type": "Box",
            "collider2origin": [
                [
                    1.0,
                    0.0,
                    0.0,
                    -0.26
                ],
                [
                    0.0,
                    1.0,
                    0.0,
                    -0.4608599999999999
                ],
                [
                    0.0,
                    0.0,
                    1.0,
                    -1.143
                ],
                [
                    0.0,
                    0.0,
                    0.0,
                    1.0
                ]
            ],
            "size": [
                1.48,
                0.272,
                0.945
            ]
        },
        "collider2": {
            "type": "Box",
            "collider2origin": [
                [
                    0.504024453432607,
                    -0.5041588321001913,
                    -0.7012725735099958,
                    0.35296180702458857
                ],
                [
                    -0.29423394461626823,
                    -0.8636109494335593,
                    0.4093928600427917,
                    -0.6780844428502527
                ],
                [
                    -0.8120256992100141,
                    -5.816967231821675e-06,
                    -0.5836216786486346,
                    -0.8984157895530247
                ],
                [
                    0.0,
                    0.0,
                    0.0,
                    1.0
                ]
            ],
            "size": [
                0.1202,
                0.13634,
                0.67816
            ]
        },
        "distance": 0.0
    }
]