[
    {
        "case": 0,
        "collider1": {
            "type": "Box",
            "collider2origin": [
                [
                    1.0,
                    0.0,
                    0.0,
                    0.7
                ],
                [
                    0.0,
                    1.0,
                    0.0,
                    -0.15085999999999994
                ],
                [
                    0.0,
                    0.0,
                    1.0,
                    -1.03301
                ],
                [
                    0.0,
                    0.0,
                    0.0,
                    1.0
                ]
            ],
            "size": [
                0.6,
                0.06,
                0.06
            ]
        },
        "collider2": {
            "type": "Box",
            "collider2origin": [
                [
                    -0.26160468657304015,
                    0.8819551160195706,
                    -0.3920690771916692,
                    0.7739394770578509
                ],
                [
                    0.489522582957261,
                    0.4713333992984997,
                    0.7336296528089444,
                    -0.4747358730541459
                ],
                [
                    0.8318236764710852,
                    -5.711980763451962e-06,
                    -0.5550399726411605,
                    -1.0394976460780787
                ],
                [
                    0.0,
                    0.0,
                    0.0,
                    1.0
                ]
            ],
            "size": [
                0.1202,
                0.13634,
                0.67816
            ]
        },
        "distance": 0.08155395647962727
    },
    {
        "case": 1,
        "collider1": {
            "type": "Box",
            "collider2origin": [
                [
                    1.0,
                    0.0,
                    0.0,
                    0.5199999999999999
                ],
                [
                    0.0,
                    1.0,
                    0.0,
                    -0.43085999999999997
                ],
                [
                    0.0,
                    0.0,
                    1.0,
                    -0.80301
                ],
                [
                    0.0,
                    0.0,
                    0.0,
                    1.0
                ]
            ],
            "size": [
                0.2,
                0.08,
                0.04
            ]
        },
        "collider2": {
            "type": "Box",
            "collider2origin": [
                [
                    -0.26160468657304015,
                    0.8819551160195706,
                    -0.3920690771916692,
                    0.7739394770578509
                ],
                [
                    0.489522582957261,
                    0.4713333992984997,
                    0.7336296528089444,
                    -0.4747358730541459
                ],
                [
                    0.8318236764710852,
                    -5.711980763451962e-06,
                    -0.5550399726411605,
                    -1.0394976460780787
                ],
                [
                    0.0,
                    0.0,
                    0.0,
                    1.0
                ]
            ],
            "size": [
                0.1202,
                0.13634,
                0.67816
            ]
        },
        "distance": 0.17497999623535895
    }
]