[
    {
        "case": 0,
        "collider1": {
            "type": "Box",
            "collider2origin": [
                [
                    1.0,
                    0.0,
                    0.0,
                    1.23
                ],
                [
                    0.0,
                    1.0,
                    0.0,
                    -0.23086
                ],
                [
                    0.0,
                    0.0,
                    1.0,
                    -0.54301
                ],
                [
                    0.0,
                    0.0,
                    0.0,
                    1.0
                ]
            ],
            "size": [
                0.1,
                0.16,
                0.1
            ]
        },
        "collider2": {
            "type": "Box",
            "collider2origin": [
                [
                    0.0037379599291692124,
                    0.9997495177053843,
                    0.022066479180397548,
                    1.1782065785277878
                ],
                [
                    0.16678544396625547,
                    -0.022380836210500056,
                    0.9857391713082613,
                    -0.18681177598151855
                ],
                [
                    0.9859861273550184,
                    -4.285996088008355e-06,
                    -0.16682732583447843,
                    -0.6042063973947618
                ],
                [
                    0.0,
                    0.0,
                    0.0,
                    1.0
                ]
            ],
            "size": [
                0.09102,
                0.10007,
                0.11882
            ]
        },
        "distance": 0.0
    },
    {
        "case": 1,
        "collider1": {
            "type": "Box",
            "collider2origin": [
                [
                    1.0,
                    0.0,
                    0.0,
                    1.2009999999999998
                ],
                [
                    0.0,
                    1.0,
                    0.0,
                    0.02914
                ],
                [
                    0.0,
                    0.0,
                    1.0,
                    -1.22801
                ],
                [
                    0.0,
                    0.0,
                    0.0,
                    1.0
                ]
            ],
            "size": [
                0.41,
                0.6,
                0.82
            ]
        },
        "collider2": {
            "type": "Box",
            "collider2origin": [
                [
                    -0.011343598258239102,
                    0.9997495075202198,
                    0.01929365158887963,
                    1.060785891796166
                ],
                [
                    -0.5067767453296192,
                    -0.02238129151315442,
                    0.8617867533115843,
                    -0.4383579253903339
                ],
                [
                    0.8620026990512696,
                    -1.8112438972389141e-06,
                    0.5069036859454124,
                    -0.7516082261752661
                ],
                [
                    0.0,
                    0.0,
                    0.0,
                    1.0
                ]
            ],
            "size": [
                0.1202,
                0.13634,
                0.67816
            ]
        },
        "distance": 0.08128840306990313
    }
]