[
    {
        "case": 0,
        "collider1": {
            "type": "Box",
            "collider2origin": [
                [
                    1.0,
                    0.0,
                    0.0,
                    1.23
                ],
                [
                    0.0,
                    1.0,
                    0.0,
                    -0.23086
                ],
                [
                    0.0,
                    0.0,
                    1.0,
                    -0.54301
                ],
                [
                    0.0,
                    0.0,
                    0.0,
                    1.0
                ]
            ],
            "size": [
                0.1,
                0.16,
                0.1
            ]
        },
        "collider2": {
            "type": "Box",
            "collider2origin": [
                [
                    -0.1373053893589517,
                    0.9283667123873569,
                    -0.3453729540425496,
                    1.0584504244262287
                ],
                [
                    0.3429815942304548,
                    0.3716655045949072,
                    0.8626867210716463,
                    -0.6763834306065143
                ],
                [
                    0.929252848299171,
                    -5.03025005551695e-06,
                    -0.3694443718647968,
                    -0.48361477087559157
                ],
                [
                    0.0,
                    0.0,
                    0.0,
                    1.0
                ]
            ],
            "size": [
                0.15068,
                0.17726,
                0.74884
            ]
        },
        "distance": 0.16006521061086362
    },
    {
        "case": 1,
        "collider1": {
            "type": "Box",
            "collider2origin": [
                [
                    1.0,
                    0.0,
                    0.0,
                    1.23
                ],
                [
                    0.0,
                    1.0,
                    0.0,
                    -0.23086
                ],
                [
                    0.0,
                    0.0,
                    1.0,
                    -0.54301
                ],
                [
                    0.0,
                    0.0,
                    0.0,
                    1.0
                ]
            ],
            "size": [
                0.1,
                0.16,
                0.1
            ]
        },
        "collider2": {
            "type": "Box",
            "collider2origin": [
                [
                    -0.1373053893589517,
                    0.9283667123873569,
                    -0.3453729540425496,
                    1.0584504244262287
                ],
                [
                    0.3429815942304548,
                    0.3716655045949072,
                    0.8626867210716463,
                    -0.6763834306065143
                ],
                [
                    0.929252848299171,
                    -5.03025005551695e-06,
                    -0.3694443718647968,
                    -0.48361477087559157
                ],
                [
                    0.0,
                    0.0,
                    0.0,
                    1.0
                ]
            ],
            "size": [
                0.15068,
                0.17726,
                0.74884
            ]
        },
        "distance": 0.16006521061086362
    }
]