[
    {
        "case": 0,
        "collider1": {
            "type": "Box",
            "collider2origin": [
                [
                    1.0,
                    0.0,
                    0.0,
                    1.23
                ],
                [
                    0.0,
                    1.0,
                    0.0,
                    -0.23086
                ],
                [
                    0.0,
                    0.0,
                    1.0,
                    -0.54301
                ],
                [
                    0.0,
                    0.0,
                    0.0,
                    1.0
                ]
            ],
            "size": [
                0.1,
                0.16,
                0.1
            ]
        },
        "collider2": {
            "type": "Box",
            "collider2origin": [
                [
                    -0.022455292706563258,
                    0.9580140495101978,
                    -0.2858405862898666,
                    1.0814716310615744
                ],
                [
                    0.07504303887239258,
                    0.2867212599815073,
                    0.9550703960396917,
                    -0.6634709222454951
                ],
                [
                    0.9969274307321767,
                    -3.960929813376264e-06,
                    -0.07833069537577136,
                    -0.396296094123161
                ],
                [
                    0.0,
                    0.0,
                    0.0,
                    1.0
                ]
            ],
            "size": [
                0.15068,
                0.17726,
                0.74884
            ]
        },
        "distance": 0.10686299270479876
    },
    {
        "case": 1,
        "collider1": {
            "type": "Box",
            "collider2origin": [
                [
                    1.0,
                    0.0,
                    0.0,
                    1.23
                ],
                [
                    0.0,
                    1.0,
                    0.0,
                    -0.23086
                ],
                [
                    0.0,
                    0.0,
                    1.0,
                    -0.54301
                ],
                [
                    0.0,
                    0.0,
                    0.0,
                    1.0
                ]
            ],
            "size": [
                0.1,
                0.16,
                0.1
            ]
        },
        "collider2": {
            "type": "Box",
            "collider2origin": [
                [
                    -0.022455292706563258,
                    0.9580140495101978,
                    -0.2858405862898666,
                    1.0814716310615744
                ],
                [
                    0.07504303887239258,
                    0.2867212599815073,
                    0.9550703960396917,
                    -0.6634709222454951
                ],
                [
                    0.9969274307321767,
                    -3.960929813376264e-06,
                    -0.07833069537577136,
                    -0.396296094123161
                ],
                [
                    0.0,
                    0.0,
                    0.0,
                    1.0
                ]
            ],
            "size": [
                0.15068,
                0.17726,
                0.74884
            ]
        },
        "distance": 0.10686299270479876
    }
]