[
    {
        "case": 0,
        "collider1": {
            "type": "Cylinder",
            "collider2origin": [
                [
                    1.0,
                    0.0,
                    0.0,
                    0.4849999999999999
                ],
                [
                    0.0,
                    -3.673205103346574e-06,
                    -0.9999999999932537,
                    -0.46086
                ],
                [
                    0.0,
                    0.9999999999932537,
                    -3.673205103346574e-06,
                    -0.70001
                ],
                [
                    0.0,
                    0.0,
                    0.0,
                    1.0
                ]
            ],
            "radius": 0.026,
            "height": 0.272
        },
        "collider2": {
            "type": "Box",
            "collider2origin": [
                [
                    0.7196454361006478,
                    -0.6429957472138151,
                    0.26204372796244496,
                    0.578305992463629
                ],
                [
                    -0.6041907185436846,
                    -0.7658697467678076,
                    -0.21999342401872002,
                    -0.7088938724924858
                ],
                [
                    0.3421461996357327,
                    -7.124720268984847e-06,
                    -0.9396467304386599,
                    -0.7215917080506138
                ],
                [
                    0.0,
                    0.0,
                    0.0,
                    1.0
                ]
            ],
            "size": [
                0.1202,
                0.13634,
                0.67816
            ]
        },
        "distance": 0.04663527100264124
    },
    {
        "case": 1,
        "collider1": {
            "type": "Box",
            "collider2origin": [
                [
                    1.0,
                    0.0,
                    0.0,
                    -0.26
                ],
                [
                    0.0,
                    1.0,
                    0.0,
                    -0.4608599999999999
                ],
                [
                    0.0,
                    0.0,
                    1.0,
                    -1.143
                ],
                [
                    0.0,
                    0.0,
                    0.0,
                    1.0
                ]
            ],
            "size": [
                1.48,
                0.272,
                0.945
            ]
        },
        "collider2": {
            "type": "Box",
            "collider2origin": [
                [
                    0.7196454361006478,
                    -0.6429957472138151,
                    0.26204372796244496,
                    0.578305992463629
                ],
                [
                    -0.6041907185436846,
                    -0.7658697467678076,
                    -0.21999342401872002,
                    -0.7088938724924858
                ],
                [
                    0.3421461996357327,
                    -7.124720268984847e-06,
                    -0.9396467304386599,
                    -0.7215917080506138
                ],
                [
                    0.0,
                    0.0,
                    0.0,
                    1.0
                ]
            ],
            "size": [
                0.1202,
                0.13634,
                0.67816
            ]
        },
        "distance": 0.06085445099784598
    }
]