[
    {
        "case": 0,
        "collider1": {
            "type": "Box",
            "collider2origin": [
                [
                    1.0,
                    0.0,
                    0.0,
                    0.205
                ],
                [
                    0.0,
                    1.0,
                    0.0,
                    -0.17586
                ],
                [
                    0.0,
                    0.0,
                    1.0,
                    -0.10301
                ],
                [
                    0.0,
                    0.0,
                    0.0,
                    1.0
                ]
            ],
            "size": [
                0.05,
                0.05,
                1.2
            ]
        },
        "collider2": {
            "type": "Box",
            "collider2origin": [
                [
                    -0.033011536649183416,
                    0.731141516369127,
                    -0.6814266809345765,
                    0.43352383489270063
                ],
                [
                    0.03538410648170865,
                    0.6822258299321593,
                    0.7302847951189094,
                    -0.32225105837840795
                ],
                [
                    0.9988284154230648,
                    -3.850959257073851e-06,
                    -0.048392112256228186,
                    -0.27581281473546104
                ],
                [
                    0.0,
                    0.0,
                    0.0,
                    1.0
                ]
            ],
            "size": [
                0.1202,
                0.13634,
                0.67816
            ]
        },
        "distance": 0.0
    }
]