[
    {
        "case": 0,
        "collider1": {
            "type": "Box",
            "collider2origin": [
                [
                    1.0,
                    0.0,
                    0.0,
                    -0.08500000000000019
                ],
                [
                    0.0,
                    1.0,
                    0.0,
                    -0.03585999999999995
                ],
                [
                    0.0,
                    0.0,
                    1.0,
                    -0.81301
                ],
                [
                    0.0,
                    0.0,
                    0.0,
                    1.0
                ]
            ],
            "size": [
                1.01,
                0.28,
                0.27
            ]
        },
        "collider2": {
            "type": "Sphere",
            "collider2origin": [
                [
                    1.0,
                    0.0,
                    0.0,
                    0.3381452833413854
                ],
                [
                    0.0,
                    1.0,
                    0.0,
                    0.0687120766654854
                ],
                [
                    0.0,
                    0.0,
                    1.0,
                    -0.8400263011275086
                ],
                [
                    0.0,
                    0.0,
                    0.0,
                    1.0
                ]
            ],
            "radius": 0.01051
        },
        "distance": 0.0
    },
    {
        "case": 1,
        "collider1": {
            "type": "Box",
            "collider2origin": [
                [
                    1.0,
                    0.0,
                    0.0,
                    -0.08500000000000019
                ],
                [
                    0.0,
                    1.0,
                    0.0,
                    -0.03585999999999995
                ],
                [
                    0.0,
                    0.0,
                    1.0,
                    -0.81301
                ],
                [
                    0.0,
                    0.0,
                    0.0,
                    1.0
                ]
            ],
            "size": [
                1.01,
                0.28,
                0.27
            ]
        },
        "collider2": {
            "type": "Sphere",
            "collider2origin": [
                [
                    1.0,
                    0.0,
                    0.0,
                    0.38991757092583956
                ],
                [
                    0.0,
                    1.0,
                    0.0,
                    0.05279938589348143
                ],
                [
                    0.0,
                    0.0,
                    1.0,
                    -0.8196706269714739
                ],
                [
                    0.0,
                    0.0,
                    0.0,
                    1.0
                ]
            ],
            "radius": 0.00487
        },
        "distance": 0.0
    },
    {
        "case": 2,
        "collider1": {
            "type": "Box",
            "collider2origin": [
                [
                    1.0,
                    0.0,
                    0.0,
                    -0.08500000000000019
                ],
                [
                    0.0,
                    1.0,
                    0.0,
                    -0.03585999999999995
                ],
                [
                    0.0,
                    0.0,
                    1.0,
                    -0.81301
                ],
                [
                    0.0,
                    0.0,
                    0.0,
                    1.0
                ]
            ],
            "size": [
                1.01,
                0.28,
                0.27
            ]
        },
        "collider2": {
            "type": "Sphere",
            "collider2origin": [
                [
                    1.0,
                    0.0,
                    0.0,
                    0.38150385526478536
                ],
                [
                    0.0,
                    1.0,
                    0.0,
                    0.021947981120401527
                ],
                [
                    0.0,
                    0.0,
                    1.0,
                    -0.8396659560754751
                ],
                [
                    0.0,
                    0.0,
                    0.0,
                    1.0
                ]
            ],
            "radius": 0.00484
        },
        "distance": 0.0
    },
    {
        "case": 3,
        "collider1": {
            "type": "Box",
            "collider2origin": [
                [
                    1.0,
                    0.0,
                    0.0,
                    -0.08499999999999996
                ],
                [
                    0.0,
                    1.0,
                    0.0,
                    0.42914
                ],
                [
                    0.0,
                    0.0,
                    1.0,
                    -1.2880099999999999
                ],
                [
                    0.0,
                    0.0,
                    0.0,
                    1.0
                ]
            ],
            "size": [
                1.02,
                1.22,
                0.75
            ]
        },
        "collider2": {
            "type": "Box",
            "collider2origin": [
                [
                    -0.4795679489275903,
                    0.69418091890735,
                    -0.5367750312620094,
                    0.1735915687595554
                ],
                [
                    0.10993508469202373,
                    0.6544158067268866,
                    0.7481004137545679,
                    -0.1259844013772784
                ],
                [
                    0.8705910977692926,
                    0.29975457249380716,
                    -0.3901516842894737,
                    -0.8812616698028404
                ],
                [
                    0.0,
                    0.0,
                    0.0,
                    1.0
                ]
            ],
            "size": [
                0.09126,
                0.11887,
                0.10009
            ]
        },
        "distance": 0.0
    },
    {
        "case": 4,
        "collider1": {
            "type": "Box",
            "collider2origin": [
                [
                    1.0,
                    0.0,
                    0.0,
                    -0.08500000000000019
                ],
                [
                    0.0,
                    1.0,
                    0.0,
                    -0.03585999999999995
                ],
                [
                    0.0,
                    0.0,
                    1.0,
                    -0.81301
                ],
                [
                    0.0,
                    0.0,
                    0.0,
                    1.0
                ]
            ],
            "size": [
                1.01,
                0.28,
                0.27
            ]
        },
        "collider2": {
            "type": "Box",
            "collider2origin": [
                [
                    -0.4795679489275903,
                    0.69418091890735,
                    -0.5367750312620094,
                    0.1735915687595554
                ],
                [
                    0.10993508469202373,
                    0.6544158067268866,
                    0.7481004137545679,
                    -0.1259844013772784
                ],
                [
                    0.8705910977692926,
                    0.29975457249380716,
                    -0.3901516842894737,
                    -0.8812616698028404
                ],
                [
                    0.0,
                    0.0,
                    0.0,
                    1.0
                ]
            ],
            "size": [
                0.09126,
                0.11887,
                0.10009
            ]
        },
        "distance": 0.0
    },
    {
        "case": 5,
        "collider1": {
            "type": "Box",
            "collider2origin": [
                [
                    1.0,
                    0.0,
                    0.0,
                    -0.08500000000000019
                ],
                [
                    0.0,
                    1.0,
                    0.0,
                    -0.03585999999999995
                ],
                [
                    0.0,
                    0.0,
                    1.0,
                    -0.81301
                ],
                [
                    0.0,
                    0.0,
                    0.0,
                    1.0
                ]
            ],
            "size": [
                1.01,
                0.28,
                0.27
            ]
        },
        "collider2": {
            "type": "Cylinder",
            "collider2origin": [
                [
                    -0.406491078795153,
                    -0.7595322843502218,
                    -0.5078146432407068,
                    0.3747856854097411
                ],
                [
                    0.9028739857254278,
                    -0.24880279684151663,
                    -0.3505934029386726,
                    0.018064912290367552
                ],
                [
                    0.13994130469676305,
                    -0.6010057215314781,
                    0.7868980581537831,
                    -0.8274144798272839
                ],
                [
                    0.0,
                    0.0,
                    0.0,
                    1.0
                ]
            ],
            "radius": 0.0076,
            "height": 0.02993
        },
        "distance": 0.0
    },
    {
        "case": 6,
        "collider1": {
            "type": "Box",
            "collider2origin": [
                [
                    1.0,
                    0.0,
                    0.0,
                    -0.08500000000000019
                ],
                [
                    0.0,
                    1.0,
                    0.0,
                    -0.03585999999999995
                ],
                [
                    0.0,
                    0.0,
                    1.0,
                    -0.81301
                ],
                [
                    0.0,
                    0.0,
                    0.0,
                    1.0
                ]
            ],
            "size": [
                1.01,
                0.28,
                0.27
            ]
        },
        "collider2": {
            "type": "Cylinder",
            "collider2origin": [
                [
                    -0.5617750731059687,
                    -0.534581891548608,
                    -0.6313722899091276,
                    0.3800335970002445
                ],
                [
                    0.8259438030609684,
                    -0.31889909486386847,
                    -0.46488729976219995,
                    0.04584706920266979
                ],
                [
                    0.0471762802896529,
                    -0.7826401270848031,
                    0.6206841628837604,
                    -0.8084050088318058
                ],
                [
                    0.0,
                    0.0,
                    0.0,
                    1.0
                ]
            ],
            "radius": 0.0076,
            "height": 0.02993
        },
        "distance": 0.0
    },
    {
        "case": 7,
        "collider1": {
            "type": "Box",
            "collider2origin": [
                [
                    1.0,
                    0.0,
                    0.0,
                    -0.08500000000000019
                ],
                [
                    0.0,
                    1.0,
                    0.0,
                    -0.03585999999999995
                ],
                [
                    0.0,
                    0.0,
                    1.0,
                    -0.81301
                ],
                [
                    0.0,
                    0.0,
                    0.0,
                    1.0
                ]
            ],
            "size": [
                1.01,
                0.28,
                0.27
            ]
        },
        "collider2": {
            "type": "Sphere",
            "collider2origin": [
                [
                    1.0,
                    0.0,
                    0.0,
                    0.35945370713317526
                ],
                [
                    0.0,
                    1.0,
                    0.0,
                    0.09669260291141812
                ],
                [
                    0.0,
                    0.0,
                    1.0,
                    -0.8157108305328762
                ],
                [
                    0.0,
                    0.0,
                    0.0,
                    1.0
                ]
            ],
            "radius": 0.00663
        },
        "distance": 0.0
    },
    {
        "case": 8,
        "collider1": {
            "type": "Box",
            "collider2origin": [
                [
                    1.0,
                    0.0,
                    0.0,
                    -0.08500000000000019
                ],
                [
                    0.0,
                    1.0,
                    0.0,
                    -0.03585999999999995
                ],
                [
                    0.0,
                    0.0,
                    1.0,
                    -0.81301
                ],
                [
                    0.0,
                    0.0,
                    0.0,
                    1.0
                ]
            ],
            "size": [
                1.01,
                0.28,
                0.27
            ]
        },
        "collider2": {
            "type": "Cylinder",
            "collider2origin": [
                [
                    -0.4813614621191216,
                    0.44006737841805527,
                    -0.7580447514750046,
                    0.30884584679348515
                ],
                [
                    0.6610015759823326,
                    -0.385718775990539,
                    -0.6436598033101283,
                    0.046275287363183315
                ],
                [
                    -0.5756457759207602,
                    -0.8109017994187833,
                    -0.10521507669514442,
                    -0.8458432164423184
                ],
                [
                    0.0,
                    0.0,
                    0.0,
                    1.0
                ]
            ],
            "radius": 0.01271,
            "height": 0.05982
        },
        "distance": 0.0
    },
    {
        "case": 9,
        "collider1": {
            "type": "Box",
            "collider2origin": [
                [
                    1.0,
                    0.0,
                    0.0,
                    -0.08500000000000019
                ],
                [
                    0.0,
                    1.0,
                    0.0,
                    -0.03585999999999995
                ],
                [
                    0.0,
                    0.0,
                    1.0,
                    -0.81301
                ],
                [
                    0.0,
                    0.0,
                    0.0,
                    1.0
                ]
            ],
            "size": [
                1.01,
                0.28,
                0.27
            ]
        },
        "collider2": {
            "type": "Cylinder",
            "collider2origin": [
                [
                    -0.4376308956520842,
                    0.520927562575496,
                    -0.7328803952350665,
                    0.3212925216055106
                ],
                [
                    0.662962515726991,
                    -0.3636809781711302,
                    -0.6543827999400877,
                    0.05425078497182945
                ],
                [
                    -0.6074206959856515,
                    -0.7722503613891302,
                    -0.18619741518792282,
                    -0.8446499754699377
                ],
                [
                    0.0,
                    0.0,
                    0.0,
                    1.0
                ]
            ],
            "radius": 0.01169,
            "height": 0.05502
        },
        "distance": 0.0
    },
    {
        "case": 10,
        "collider1": {
            "type": "Box",
            "collider2origin": [
                [
                    1.0,
                    0.0,
                    0.0,
                    -0.08500000000000019
                ],
                [
                    0.0,
                    1.0,
                    0.0,
                    -0.03585999999999995
                ],
                [
                    0.0,
                    0.0,
                    1.0,
                    -0.81301
                ],
                [
                    0.0,
                    0.0,
                    0.0,
                    1.0
                ]
            ],
            "size": [
                1.01,
                0.28,
                0.27
            ]
        },
        "collider2": {
            "type": "Sphere",
            "collider2origin": [
                [
                    1.0,
                    0.0,
                    0.0,
                    0.3668144366681132
                ],
                [
                    0.0,
                    1.0,
                    0.0,
                    0.06626563191690837
                ],
                [
                    0.0,
                    0.0,
                    1.0,
                    -0.847011266517714
                ],
                [
                    0.0,
                    0.0,
                    0.0,
                    1.0
                ]
            ],
            "radius": 0.00563
        },
        "distance": 0.0
    },
    {
        "case": 11,
        "collider1": {
            "type": "Box",
            "collider2origin": [
                [
                    1.0,
                    0.0,
                    0.0,
                    -0.08500000000000019
                ],
                [
                    0.0,
                    1.0,
                    0.0,
                    -0.03585999999999995
                ],
                [
                    0.0,
                    0.0,
                    1.0,
                    -0.81301
                ],
                [
                    0.0,
                    0.0,
                    0.0,
                    1.0
                ]
            ],
            "size": [
                1.01,
                0.28,
                0.27
            ]
        },
        "collider2": {
            "type": "Box",
            "collider2origin": [
                [
                    0.2274533753957093,
                    -0.812488478585861,
                    -0.5367750312620094,
                    0.23400100923226763
                ],
                [
                    -0.3169910074451422,
                    -0.5829772483889556,
                    0.7481004137545679,
                    -0.206824315717537
                ],
                [
                    -0.920750597729924,
                    -5.106312261192378e-06,
                    -0.3901516842894737,
                    -0.8391054178165355
                ],
                [
                    0.0,
                    0.0,
                    0.0,
                    1.0
                ]
            ],
            "size": [
                0.09102,
                0.10007,
                0.11882
            ]
        },
        "distance": 0.0
    },
    {
        "case": 12,
        "collider1": {
            "type": "Box",
            "collider2origin": [
                [
                    1.0,
                    0.0,
                    0.0,
                    -0.08500000000000019
                ],
                [
                    0.0,
                    1.0,
                    0.0,
                    -0.03585999999999995
                ],
                [
                    0.0,
                    0.0,
                    1.0,
                    -0.81301
                ],
                [
                    0.0,
                    0.0,
                    0.0,
                    1.0
                ]
            ],
            "size": [
                1.01,
                0.28,
                0.27
            ]
        },
        "collider2": {
            "type": "Cylinder",
            "collider2origin": [
                [
                    -0.6763673727110471,
                    -0.6000935501066664,
                    -0.4271005832966427,
                    0.3591277106885078
                ],
                [
                    0.7355098301578211,
                    -0.5812792523675029,
                    -0.3480513187854471,
                    0.060174747585183486
                ],
                [
                    -0.03940135623513081,
                    -0.549547233536348,
                    0.8345330258530083,
                    -0.8287583661516897
                ],
                [
                    0.0,
                    0.0,
                    0.0,
                    1.0
                ]
            ],
            "radius": 0.00813,
            "height": 0.03824
        },
        "distance": 0.0
    },
    {
        "case": 13,
        "collider1": {
            "type": "Box",
            "collider2origin": [
                [
                    1.0,
                    0.0,
                    0.0,
                    -0.08500000000000019
                ],
                [
                    0.0,
                    1.0,
                    0.0,
                    -0.03585999999999995
                ],
                [
                    0.0,
                    0.0,
                    1.0,
                    -0.81301
                ],
                [
                    0.0,
                    0.0,
                    0.0,
                    1.0
                ]
            ],
            "size": [
                1.01,
                0.28,
                0.27
            ]
        },
        "collider2": {
            "type": "Box",
            "collider2origin": [
                [
                    -0.2462578937600525,
                    0.6941804061620486,
                    -0.6763657394202901,
                    0.22278936511648428
                ],
                [
                    -0.1753938228933434,
                    0.6544157604848565,
                    0.7355113998571914,
                    -0.0735991326697073
                ],
                [
                    0.9532020020183135,
                    0.2997558608763473,
                    -0.03940009160596813,
                    -0.860424343260234
                ],
                [
                    0.0,
                    0.0,
                    0.0,
                    1.0
                ]
            ],
            "size": [
                0.08993,
                0.0305,
                0.09007
            ]
        },
        "distance": 0.0
    },
    {
        "case": 14,
        "collider1": {
            "type": "Box",
            "collider2origin": [
                [
                    1.0,
                    0.0,
                    0.0,
                    -0.08500000000000019
                ],
                [
                    0.0,
                    1.0,
                    0.0,
                    -0.03585999999999995
                ],
                [
                    0.0,
                    0.0,
                    1.0,
                    -0.81301
                ],
                [
                    0.0,
                    0.0,
                    0.0,
                    1.0
                ]
            ],
            "size": [
                1.01,
                0.28,
                0.27
            ]
        },
        "collider2": {
            "type": "Cylinder",
            "collider2origin": [
                [
                    -0.5607245752925426,
                    -0.13072272617833158,
                    -0.8176181991146614,
                    0.3532177038755535
                ],
                [
                    0.8262188776604417,
                    -0.023557831307169295,
                    -0.5628564601935581,
                    0.02674164382083921
                ],
                [
                    0.05431681931517276,
                    -0.991139040419964,
                    0.12121503906230008,
                    -0.7946174348282165
                ],
                [
                    0.0,
                    0.0,
                    0.0,
                    1.0
                ]
            ],
            "radius": 0.00783,
            "height": 0.03683
        },
        "distance": 0.0
    },
    {
        "case": 15,
        "collider1": {
            "type": "Box",
            "collider2origin": [
                [
                    1.0,
                    0.0,
                    0.0,
                    -0.08500000000000019
                ],
                [
                    0.0,
                    1.0,
                    0.0,
                    -0.03585999999999995
                ],
                [
                    0.0,
                    0.0,
                    1.0,
                    -0.81301
                ],
                [
                    0.0,
                    0.0,
                    0.0,
                    1.0
                ]
            ],
            "size": [
                1.01,
                0.28,
                0.27
            ]
        },
        "collider2": {
            "type": "Cylinder",
            "collider2origin": [
                [
                    -0.7298771820082176,
                    -0.24683275461697549,
                    -0.6374581479845863,
                    0.34602993552716155
                ],
                [
                    0.6692447460639928,
                    -0.44798912428821325,
                    -0.5928045330336308,
                    0.08602502028528858
                ],
                [
                    -0.13925074164788004,
                    -0.8592900184266516,
                    0.4921685637897239,
                    -0.8048401526890487
                ],
                [
                    0.0,
                    0.0,
                    0.0,
                    1.0
                ]
            ],
            "radius": 0.00796,
            "height": 0.03037
        },
        "distance": 0.0
    },
    {
        "case": 16,
        "collider1": {
            "type": "Box",
            "collider2origin": [
                [
                    1.0,
                    0.0,
                    0.0,
                    -0.08500000000000019
                ],
                [
                    0.0,
                    1.0,
                    0.0,
                    -0.03585999999999995
                ],
                [
                    0.0,
                    0.0,
                    1.0,
                    -0.81301
                ],
                [
                    0.0,
                    0.0,
                    0.0,
                    1.0
                ]
            ],
            "size": [
                1.01,
                0.28,
                0.27
            ]
        },
        "collider2": {
            "type": "Cylinder",
            "collider2origin": [
                [
                    -0.40371484574348837,
                    -0.5059740406405194,
                    -0.7622365732003529,
                    0.358350352606125
                ],
                [
                    0.9030620815634213,
                    -0.08687981805211087,
                    -0.4206313992768165,
                    0.00765447473168801
                ],
                [
                    0.1466055939200554,
                    -0.8581620869119879,
                    0.49200064270101246,
                    -0.8100946407555368
                ],
                [
                    0.0,
                    0.0,
                    0.0,
                    1.0
                ]
            ],
            "radius": 0.00783,
            "height": 0.03044
        },
        "distance": 0.0
    },
    {
        "case": 17,
        "collider1": {
            "type": "Box",
            "collider2origin": [
                [
                    1.0,
                    0.0,
                    0.0,
                    -0.08500000000000019
                ],
                [
                    0.0,
                    1.0,
                    0.0,
                    -0.03585999999999995
                ],
                [
                    0.0,
                    0.0,
                    1.0,
                    -0.81301
                ],
                [
                    0.0,
                    0.0,
                    0.0,
                    1.0
                ]
            ],
            "size": [
                1.01,
                0.28,
                0.27
            ]
        },
        "collider2": {
            "type": "Cylinder",
            "collider2origin": [
                [
                    -0.7298771820082176,
                    0.10177708359556588,
                    -0.6759591144725575,
                    0.3278005215909756
                ],
                [
                    0.6692447460639928,
                    -0.09504618631469176,
                    -0.736938051896341,
                    0.0679066580605332
                ],
                [
                    -0.13925074164788004,
                    -0.9902563545475551,
                    0.0012582641619469357,
                    -0.7963939098654175
                ],
                [
                    0.0,
                    0.0,
                    0.0,
                    1.0
                ]
            ],
            "radius": 0.00713,
            "height": 0.01426
        },
        "distance": 0.0
    },
    {
        "case": 18,
        "collider1": {
            "type": "Box",
            "collider2origin": [
                [
                    1.0,
                    0.0,
                    0.0,
                    -0.08500000000000019
                ],
                [
                    0.0,
                    1.0,
                    0.0,
                    -0.03585999999999995
                ],
                [
                    0.0,
                    0.0,
                    1.0,
                    -0.81301
                ],
                [
                    0.0,
                    0.0,
                    0.0,
                    1.0
                ]
            ],
            "size": [
                1.01,
                0.28,
                0.27
            ]
        },
        "collider2": {
            "type": "Box",
            "collider2origin": [
                [
                    -0.6492187206331926,
                    0.6408027099791419,
                    0.4097400879372046,
                    0.30993617534463314
                ],
                [
                    0.7605985488125484,
                    0.5485286571899535,
                    0.34728397571099057,
                    0.008985922774796595
                ],
                [
                    -0.0022136674651549635,
                    0.5371109746828618,
                    -0.8435086843367882,
                    -0.8005451552001693
                ],
                [
                    0.0,
                    0.0,
                    0.0,
                    1.0
                ]
            ],
            "size": [
                0.07264,
                0.04753,
                0.03326
            ]
        },
        "distance": 0.0
    },
    {
        "case": 19,
        "collider1": {
            "type": "Box",
            "collider2origin": [
                [
                    1.0,
                    0.0,
                    0.0,
                    -0.08500000000000019
                ],
                [
                    0.0,
                    1.0,
                    0.0,
                    -0.03585999999999995
                ],
                [
                    0.0,
                    0.0,
                    1.0,
                    -0.81301
                ],
                [
                    0.0,
                    0.0,
                    0.0,
                    1.0
                ]
            ],
            "size": [
                1.01,
                0.28,
                0.27
            ]
        },
        "collider2": {
            "type": "Cylinder",
            "collider2origin": [
                [
                    -0.6763673727110471,
                    -0.3093037811206027,
                    -0.6684746428372978,
                    0.3425960865225248
                ],
                [
                    0.7355098301578211,
                    -0.3321670649718117,
                    -0.590500068322794,
                    0.046054512001108217
                ],
                [
                    -0.03940135623513081,
                    -0.8910646508152533,
                    0.4521629365553103,
                    -0.808558315421929
                ],
                [
                    0.0,
                    0.0,
                    0.0,
                    1.0
                ]
            ],
            "radius": 0.00683,
            "height": 0.01183
        },
        "distance": 0.0
    },
    {
        "case": 20,
        "collider1": {
            "type": "Box",
            "collider2origin": [
                [
                    1.0,
                    0.0,
                    0.0,
                    0.5199999999999999
                ],
                [
                    0.0,
                    1.0,
                    0.0,
                    -0.43085999999999997
                ],
                [
                    0.0,
                    0.0,
                    1.0,
                    -0.80301
                ],
                [
                    0.0,
                    0.0,
                    0.0,
                    1.0
                ]
            ],
            "size": [
                0.2,
                0.08,
                0.04
            ]
        },
        "collider2": {
            "type": "Box",
            "collider2origin": [
                [
                    0.24302810514741538,
                    -0.8124884533527136,
                    -0.529905513537057,
                    0.4809085639307348
                ],
                [
                    -0.3386972428810306,
                    -0.5829772835552248,
                    0.7385266850448663,
                    -0.35923007142713903
                ],
                [
                    -0.9089672809145799,
                    -5.204444798058331e-06,
                    -0.41686746358965066,
                    -0.7165262810175609
                ],
                [
                    0.0,
                    0.0,
                    0.0,
                    1.0
                ]
            ],
            "size": [
                0.1202,
                0.13634,
                0.67816
            ]
        },
        "distance": 0.0
    },
    {
        "case": 21,
        "collider1": {
            "type": "Box",
            "collider2origin": [
                [
                    1.0,
                    0.0,
                    0.0,
                    0.44499999999999995
                ],
                [
                    0.0,
                    1.0,
                    0.0,
                    -0.025859999999999994
                ],
                [
                    0.0,
                    0.0,
                    1.0,
                    -0.67801
                ],
                [
                    0.0,
                    0.0,
                    0.0,
                    1.0
                ]
            ],
            "size": [
                0.06,
                0.09,
                0.004
            ]
        },
        "collider2": {
            "type": "Box",
            "collider2origin": [
                [
                    0.24302810514741538,
                    -0.8124884533527136,
                    -0.529905513537057,
                    0.4809085639307348
                ],
                [
                    -0.3386972428810306,
                    -0.5829772835552248,
                    0.7385266850448663,
                    -0.35923007142713903
                ],
                [
                    -0.9089672809145799,
                    -5.204444798058331e-06,
                    -0.41686746358965066,
                    -0.7165262810175609
                ],
                [
                    0.0,
                    0.0,
                    0.0,
                    1.0
                ]
            ],
            "size": [
                0.1202,
                0.13634,
                0.67816
            ]
        },
        "distance": 0.09840274525095598
    },
    {
        "case": 22,
        "collider1": {
            "type": "Cylinder",
            "collider2origin": [
                [
                    1.0,
                    0.0,
                    0.0,
                    0.4849999999999999
                ],
                [
                    0.0,
                    -3.673205103346574e-06,
                    -0.9999999999932537,
                    -0.46086
                ],
                [
                    0.0,
                    0.9999999999932537,
                    -3.673205103346574e-06,
                    -0.70001
                ],
                [
                    0.0,
                    0.0,
                    0.0,
                    1.0
                ]
            ],
            "radius": 0.026,
            "height": 0.272
        },
        "collider2": {
            "type": "Box",
            "collider2origin": [
                [
                    0.24302810514741538,
                    -0.8124884533527136,
                    -0.529905513537057,
                    0.4809085639307348
                ],
                [
                    -0.3386972428810306,
                    -0.5829772835552248,
                    0.7385266850448663,
                    -0.35923007142713903
                ],
                [
                    -0.9089672809145799,
                    -5.204444798058331e-06,
                    -0.41686746358965066,
                    -0.7165262810175609
                ],
                [
                    0.0,
                    0.0,
                    0.0,
                    1.0
                ]
            ],
            "size": [
                0.1202,
                0.13634,
                0.67816
            ]
        },
        "distance": 0.0
    },
    {
        "case": 23,
        "collider1": {
            "type": "Box",
            "collider2origin": [
                [
                    1.0,
                    0.0,
                    0.0,
                    0.246
                ],
                [
                    0.0,
                    1.0,
                    0.0,
                    -0.24786000000000002
                ],
                [
                    0.0,
                    0.0,
                    1.0,
                    -0.71801
                ],
                [
                    0.0,
                    0.0,
                    0.0,
                    1.0
                ]
            ],
            "size": [
                0.12,
                0.16,
                0.08
            ]
        },
        "collider2": {
            "type": "Box",
            "collider2origin": [
                [
                    0.24302810514741538,
                    -0.8124884533527136,
                    -0.529905513537057,
                    0.4809085639307348
                ],
                [
                    -0.3386972428810306,
                    -0.5829772835552248,
                    0.7385266850448663,
                    -0.35923007142713903
                ],
                [
                    -0.9089672809145799,
                    -5.204444798058331e-06,
                    -0.41686746358965066,
                    -0.7165262810175609
                ],
                [
                    0.0,
                    0.0,
                    0.0,
                    1.0
                ]
            ],
            "size": [
                0.1202,
                0.13634,
                0.67816
            ]
        },
        "distance": 0.0
    },
    {
        "case": 24,
        "collider1": {
            "type": "Box",
            "collider2origin": [
                [
                    1.0,
                    0.0,
                    0.0,
                    0.28600000000000003
                ],
                [
                    0.0,
                    1.0,
                    0.0,
                    -0.19785999999999998
                ],
                [
                    0.0,
                    0.0,
                    1.0,
                    -0.70601
                ],
                [
                    0.0,
                    0.0,
                    0.0,
                    1.0
                ]
            ],
            "size": [
                0.04,
                0.04,
                0.12
            ]
        },
        "collider2": {
            "type": "Box",
            "collider2origin": [
                [
                    0.24302810514741538,
                    -0.8124884533527136,
                    -0.529905513537057,
                    0.4809085639307348
                ],
                [
                    -0.3386972428810306,
                    -0.5829772835552248,
                    0.7385266850448663,
                    -0.35923007142713903
                ],
                [
                    -0.9089672809145799,
                    -5.204444798058331e-06,
                    -0.41686746358965066,
                    -0.7165262810175609
                ],
                [
                    0.0,
                    0.0,
                    0.0,
                    1.0
                ]
            ],
            "size": [
                0.1202,
                0.13634,
                0.67816
            ]
        },
        "distance": 0.0
    },
    {
        "case": 25,
        "collider1": {
            "type": "Box",
            "collider2origin": [
                [
                    0.9999999999999999,
                    0.0,
                    6.177235058912196e-23,
                    0.2860000183661401
                ],
                [
                    0.0,
                    1.0,
                    0.0,
                    -0.10086
                ],
                [
                    6.177235058912196e-23,
                    0.0,
                    0.9999999999999999,
                    -0.626009937555547
                ],
                [
                    0.0,
                    0.0,
                    0.0,
                    1.0
                ]
            ],
            "size": [
                0.04,
                0.234,
                0.044
            ]
        },
        "collider2": {
            "type": "Box",
            "collider2origin": [
                [
                    0.24302810514741538,
                    -0.8124884533527136,
                    -0.529905513537057,
                    0.4809085639307348
                ],
                [
                    -0.3386972428810306,
                    -0.5829772835552248,
                    0.7385266850448663,
                    -0.35923007142713903
                ],
                [
                    -0.9089672809145799,
                    -5.204444798058331e-06,
                    -0.41686746358965066,
                    -0.7165262810175609
                ],
                [
                    0.0,
                    0.0,
                    0.0,
                    1.0
                ]
            ],
            "size": [
                0.1202,
                0.13634,
                0.67816
            ]
        },
        "distance": 0.09256846023579635
    },
    {
        "case": 26,
        "collider1": {
            "type": "Box",
            "collider2origin": [
                [
                    1.0,
                    0.0,
                    0.0,
                    -0.26
                ],
                [
                    0.0,
                    1.0,
                    0.0,
                    -0.4608599999999999
                ],
                [
                    0.0,
                    0.0,
                    1.0,
                    -1.143
                ],
                [
                    0.0,
                    0.0,
                    0.0,
                    1.0
                ]
            ],
            "size": [
                1.48,
                0.272,
                0.945
            ]
        },
        "collider2": {
            "type": "Box",
            "collider2origin": [
                [
                    0.24302810514741538,
                    -0.8124884533527136,
                    -0.529905513537057,
                    0.4809085639307348
                ],
                [
                    -0.3386972428810306,
                    -0.5829772835552248,
                    0.7385266850448663,
                    -0.35923007142713903
                ],
                [
                    -0.9089672809145799,
                    -5.204444798058331e-06,
                    -0.41686746358965066,
                    -0.7165262810175609
                ],
                [
                    0.0,
                    0.0,
                    0.0,
                    1.0
                ]
            ],
            "size": [
                0.1202,
                0.13634,
                0.67816
            ]
        },
        "distance": 0.0
    },
    {
        "case": 27,
        "collider1": {
            "type": "Box",
            "collider2origin": [
                [
                    1.0,
                    0.0,
                    0.0,
                    -0.08500000000000019
                ],
                [
                    0.0,
                    1.0,
                    0.0,
                    -0.03585999999999995
                ],
                [
                    0.0,
                    0.0,
                    1.0,
                    -0.81301
                ],
                [
                    0.0,
                    0.0,
                    0.0,
                    1.0
                ]
            ],
            "size": [
                1.01,
                0.28,
                0.27
            ]
        },
        "collider2": {
            "type": "Box",
            "collider2origin": [
                [
                    0.24302810514741538,
                    -0.8124884533527136,
                    -0.529905513537057,
                    0.4809085639307348
                ],
                [
                    -0.3386972428810306,
                    -0.5829772835552248,
                    0.7385266850448663,
                    -0.35923007142713903
                ],
                [
                    -0.9089672809145799,
                    -5.204444798058331e-06,
                    -0.41686746358965066,
                    -0.7165262810175609
                ],
                [
                    0.0,
                    0.0,
                    0.0,
                    1.0
                ]
            ],
            "size": [
                0.1202,
                0.13634,
                0.67816
            ]
        },
        "distance": 0.0
    },
    {
        "case": 28,
        "collider1": {
            "type": "Box",
            "collider2origin": [
                [
                    1.0,
                    0.0,
                    0.0,
                    -0.08500000000000019
                ],
                [
                    0.0,
                    1.0,
                    0.0,
                    -0.03585999999999995
                ],
                [
                    0.0,
                    0.0,
                    1.0,
                    -0.81301
                ],
                [
                    0.0,
                    0.0,
                    0.0,
                    1.0
                ]
            ],
            "size": [
                1.01,
                0.28,
                0.27
            ]
        },
        "collider2": {
            "type": "Cylinder",
            "collider2origin": [
                [
                    -0.6763673727110471,
                    -0.3093037811206027,
                    -0.6684746428372978,
                    0.33168496662079805
                ],
                [
                    0.7355098301578211,
                    -0.3321670649718117,
                    -0.590500068322794,
                    0.03641581921933179
                ],
                [
                    -0.03940135623513081,
                    -0.8910646508152533,
                    0.4521629365553103,
                    -0.8011836382121345
                ],
                [
                    0.0,
                    0.0,
                    0.0,
                    1.0
                ]
            ],
            "radius": 0.00683,
            "height": 0.01782
        },
        "distance": 0.0
    },
    {
        "case": 29,
        "collider1": {
            "type": "Box",
            "collider2origin": [
                [
                    1.0,
                    0.0,
                    0.0,
                    -0.08500000000000019
                ],
                [
                    0.0,
                    1.0,
                    0.0,
                    -0.03585999999999995
                ],
                [
                    0.0,
                    0.0,
                    1.0,
                    -0.81301
                ],
                [
                    0.0,
                    0.0,
                    0.0,
                    1.0
                ]
            ],
            "size": [
                1.01,
                0.28,
                0.27
            ]
        },
        "collider2": {
            "type": "Box",
            "collider2origin": [
                [
                    -0.5489477895980744,
                    0.6408064531225052,
                    0.5366781287996953,
                    0.2791912927678978
                ],
                [
                    0.8164843528199269,
                    0.5485278599558827,
                    0.18019569487766407,
                    -0.019652036987898858
                ],
                [
                    -0.17891234137312348,
                    0.5371073230638113,
                    -0.8243215984163055,
                    -0.829956295198017
                ],
                [
                    0.0,
                    0.0,
                    0.0,
                    1.0
                ]
            ],
            "size": [
                0.06241,
                0.05638,
                0.02858
            ]
        },
        "distance": 0.0
    },
    {
        "case": 30,
        "collider1": {
            "type": "Box",
            "collider2origin": [
                [
                    1.0,
                    0.0,
                    0.0,
                    -0.08500000000000019
                ],
                [
                    0.0,
                    1.0,
                    0.0,
                    -0.03585999999999995
                ],
                [
                    0.0,
                    0.0,
                    1.0,
                    -0.81301
                ],
                [
                    0.0,
                    0.0,
                    0.0,
                    1.0
                ]
            ],
            "size": [
                1.01,
                0.28,
                0.27
            ]
        },
        "collider2": {
            "type": "Cylinder",
            "collider2origin": [
                [
                    -0.7456317404372493,
                    0.07766268285131848,
                    -0.6618170557977886,
                    0.3172319319542892
                ],
                [
                    0.6564462954186399,
                    -0.0850578736361877,
                    -0.7495621517683729,
                    0.05658734856561942
                ],
                [
                    -0.1145057591724611,
                    -0.9933446863122716,
                    0.012440469907221467,
                    -0.7963764402650766
                ],
                [
                    0.0,
                    0.0,
                    0.0,
                    1.0
                ]
            ],
            "radius": 0.00713,
            "height": 0.01697
        },
        "distance": 0.0
    },
    {
        "case": 31,
        "collider1": {
            "type": "Cylinder",
            "collider2origin": [
                [
                    1.0,
                    0.0,
                    0.0,
                    0.4849999999999999
                ],
                [
                    0.0,
                    -3.673205103346574e-06,
                    -0.9999999999932537,
                    -0.46086
                ],
                [
                    0.0,
                    0.9999999999932537,
                    -3.673205103346574e-06,
                    -0.70001
                ],
                [
                    0.0,
                    0.0,
                    0.0,
                    1.0
                ]
            ],
            "radius": 0.026,
            "height": 0.272
        },
        "collider2": {
            "type": "Box",
            "collider2origin": [
                [
                    0.21623999678125214,
                    -0.8124884955361505,
                    -0.541389608704717,
                    0.6957656829897331
                ],
                [
                    -0.3013631163451151,
                    -0.5829772247661521,
                    0.7545315285067389,
                    -0.875387343775855
                ],
                [
                    -0.9286659980309414,
                    -5.035659534538973e-06,
                    -0.3709170582163045,
                    -0.4838727878667235
                ],
                [
                    0.0,
                    0.0,
                    0.0,
                    1.0
                ]
            ],
            "size": [
                0.15068,
                0.17726,
                0.74884
            ]
        },
        "distance": 0.012950277787683975
    },
    {
        "case": 32,
        "collider1": {
            "type": "Box",
            "collider2origin": [
                [
                    1.0,
                    0.0,
                    0.0,
                    -0.26
                ],
                [
                    0.0,
                    1.0,
                    0.0,
                    -0.4608599999999999
                ],
                [
                    0.0,
                    0.0,
                    1.0,
                    -1.143
                ],
                [
                    0.0,
                    0.0,
                    0.0,
                    1.0
                ]
            ],
            "size": [
                1.48,
                0.272,
                0.945
            ]
        },
        "collider2": {
            "type": "Box",
            "collider2origin": [
                [
                    0.21623999678125214,
                    -0.8124884955361505,
                    -0.541389608704717,
                    0.6957656829897331
                ],
                [
                    -0.3013631163451151,
                    -0.5829772247661521,
                    0.7545315285067389,
                    -0.875387343775855
                ],
                [
                    -0.9286659980309414,
                    -5.035659534538973e-06,
                    -0.3709170582163045,
                    -0.4838727878667235
                ],
                [
                    0.0,
                    0.0,
                    0.0,
                    1.0
                ]
            ],
            "size": [
                0.15068,
                0.17726,
                0.74884
            ]
        },
        "distance": 0.02177417762342078
    },
    {
        "case": 33,
        "collider1": {
            "type": "Cylinder",
            "collider2origin": [
                [
                    1.0,
                    0.0,
                    0.0,
                    0.4849999999999999
                ],
                [
                    0.0,
                    -3.673205103346574e-06,
                    -0.9999999999932537,
                    -0.46086
                ],
                [
                    0.0,
                    0.9999999999932537,
                    -3.673205103346574e-06,
                    -0.70001
                ],
                [
                    0.0,
                    0.0,
                    0.0,
                    1.0
                ]
            ],
            "radius": 0.026,
            "height": 0.272
        },
        "collider2": {
            "type": "Box",
            "collider2origin": [
                [
                    0.21623999678125214,
                    -0.8124884955361505,
                    -0.541389608704717,
                    0.6957656829897331
                ],
                [
                    -0.3013631163451151,
                    -0.5829772247661521,
                    0.7545315285067389,
                    -0.875387343775855
                ],
                [
                    -0.9286659980309414,
                    -5.035659534538973e-06,
                    -0.3709170582163045,
                    -0.4838727878667235
                ],
                [
                    0.0,
                    0.0,
                    0.0,
                    1.0
                ]
            ],
            "size": [
                0.15068,
                0.17726,
                0.74884
            ]
        },
        "distance": 0.012950277787683975
    },
    {
        "case": 34,
        "collider1": {
            "type": "Box",
            "collider2origin": [
                [
                    1.0,
                    0.0,
                    0.0,
                    -0.26
                ],
                [
                    0.0,
                    1.0,
                    0.0,
                    -0.4608599999999999
                ],
                [
                    0.0,
                    0.0,
                    1.0,
                    -1.143
                ],
                [
                    0.0,
                    0.0,
                    0.0,
                    1.0
                ]
            ],
            "size": [
                1.48,
                0.272,
                0.945
            ]
        },
        "collider2": {
            "type": "Box",
            "collider2origin": [
                [
                    0.21623999678125214,
                    -0.8124884955361505,
                    -0.541389608704717,
                    0.6957656829897331
                ],
                [
                    -0.3013631163451151,
                    -0.5829772247661521,
                    0.7545315285067389,
                    -0.875387343775855
                ],
                [
                    -0.9286659980309414,
                    -5.035659534538973e-06,
                    -0.3709170582163045,
                    -0.4838727878667235
                ],
                [
                    0.0,
                    0.0,
                    0.0,
                    1.0
                ]
            ],
            "size": [
                0.15068,
                0.17726,
                0.74884
            ]
        },
        "distance": 0.02177417762342078
    }
]