[
    {
        "case": 0,
        "collider1": {
            "type": "Box",
            "collider2origin": [
                [
                    1.0,
                    0.0,
                    0.0,
                    1.23
                ],
                [
                    0.0,
                    1.0,
                    0.0,
                    -0.23086
                ],
                [
                    0.0,
                    0.0,
                    1.0,
                    -0.54301
                ],
                [
                    0.0,
                    0.0,
                    0.0,
                    1.0
                ]
            ],
            "size": [
                0.1,
                0.16,
                0.1
            ]
        },
        "collider2": {
            "type": "Box",
            "collider2origin": [
                [
                    -0.05967909404331853,
                    0.9530577368486012,
                    -0.29684904575758897,
                    1.077308031620769
                ],
                [
                    0.1878602066078687,
                    0.30278862299248743,
                    0.9343594557554187,
                    -0.6668903118971325
                ],
                [
                    0.9803810221069242,
                    -4.397237077784676e-06,
                    -0.19711177406042152,
                    -0.4319252179306461
                ],
                [
                    0.0,
                    0.0,
                    0.0,
                    1.0
                ]
            ],
            "size": [
                0.15068,
                0.17726,
                0.74884
            ]
        },
        "distance": 0.11704357146322508
    },
    {
        "case": 1,
        "collider1": {
            "type": "Box",
            "collider2origin": [
                [
                    1.0,
                    0.0,
                    0.0,
                    1.23
                ],
                [
                    0.0,
                    1.0,
                    0.0,
                    -0.23086
                ],
                [
                    0.0,
                    0.0,
                    1.0,
                    -0.54301
                ],
                [
                    0.0,
                    0.0,
                    0.0,
                    1.0
                ]
            ],
            "size": [
                0.1,
                0.16,
                0.1
            ]
        },
        "collider2": {
            "type": "Box",
            "collider2origin": [
                [
                    -0.05967909404331853,
                    0.9530577368486012,
                    -0.29684904575758897,
                    1.077308031620769
                ],
                [
                    0.1878602066078687,
                    0.30278862299248743,
                    0.9343594557554187,
                    -0.6668903118971325
                ],
                [
                    0.9803810221069242,
                    -4.397237077784676e-06,
                    -0.19711177406042152,
                    -0.4319252179306461
                ],
                [
                    0.0,
                    0.0,
                    0.0,
                    1.0
                ]
            ],
            "size": [
                0.15068,
                0.17726,
                0.74884
            ]
        },
        "distance": 0.11704357146322508
    }
]