[
    {
        "case": 0,
        "collider1": {
            "type": "Box",
            "collider2origin": [
                [
                    1.0,
                    0.0,
                    0.0,
                    0.205
                ],
                [
                    0.0,
                    1.0,
                    0.0,
                    -0.17586
                ],
                [
                    0.0,
                    0.0,
                    1.0,
                    -0.10301
                ],
                [
                    0.0,
                    0.0,
                    0.0,
                    1.0
                ]
            ],
            "size": [
                0.05,
                0.05,
                1.2
            ]
        },
        "collider2": {
            "type": "Box",
            "collider2origin": [
                [
                    -0.36006453798864124,
                    0.5959110438925447,
                    0.7178046783421824,
                    0.24113825516455922
                ],
                [
                    0.3061820865853399,
                    0.8022758334638732,
                    -0.5124509897483808,
                    -0.25415929281565297
                ],
                [
                    -0.881252550825967,
                    0.03526350530995549,
                    -0.47132836415388896,
                    -0.1463839250440464
                ],
                [
                    0.0,
                    0.0,
                    0.0,
                    1.0
                ]
            ],
            "size": [
                0.09126,
                0.11887,
                0.10009
            ]
        },
        "distance": 0.0
    },
    {
        "case": 1,
        "collider1": {
            "type": "Box",
            "collider2origin": [
                [
                    1.0,
                    0.0,
                    0.0,
                    0.205
                ],
                [
                    0.0,
                    1.0,
                    0.0,
                    -0.17586
                ],
                [
                    0.0,
                    0.0,
                    1.0,
                    -0.10301
                ],
                [
                    0.0,
                    0.0,
                    0.0,
                    1.0
                ]
            ],
            "size": [
                0.05,
                0.05,
                1.2
            ]
        },
        "collider2": {
            "type": "Box",
            "collider2origin": [
                [
                    -0.3966852011019747,
                    0.5959058424753175,
                    -0.6982385538843211,
                    0.2876875743284356
                ],
                [
                    0.25589570319727895,
                    0.8022796968297228,
                    0.5393187157330792,
                    -0.19566973851481573
                ],
                [
                    0.881565788986764,
                    0.035263507462955715,
                    -0.4707422274765182,
                    -0.14593051749574748
                ],
                [
                    0.0,
                    0.0,
                    0.0,
                    1.0
                ]
            ],
            "size": [
                0.08993,
                0.0305,
                0.09007
            ]
        },
        "distance": 0.0
    },
    {
        "case": 2,
        "collider1": {
            "type": "Box",
            "collider2origin": [
                [
                    1.0,
                    0.0,
                    0.0,
                    0.205
                ],
                [
                    0.0,
                    1.0,
                    0.0,
                    -0.17586
                ],
                [
                    0.0,
                    0.0,
                    1.0,
                    -0.10301
                ],
                [
                    0.0,
                    0.0,
                    0.0,
                    1.0
                ]
            ],
            "size": [
                0.05,
                0.05,
                1.2
            ]
        },
        "collider2": {
            "type": "Box",
            "collider2origin": [
                [
                    -0.38360661064281115,
                    0.5810356374795016,
                    0.7178046783421824,
                    0.15914111753280302
                ],
                [
                    0.27385469715950517,
                    0.8138781161510491,
                    -0.5124509897483808,
                    -0.20316535347207543
                ],
                [
                    -0.8819578068789972,
                    -5.4044908559450915e-06,
                    -0.47132836415388896,
                    -0.09469986878512904
                ],
                [
                    0.0,
                    0.0,
                    0.0,
                    1.0
                ]
            ],
            "size": [
                0.09102,
                0.10007,
                0.11882
            ]
        },
        "distance": 0.0
    }
]