[
    {
        "case": 0,
        "collider1": {
            "type": "Box",
            "collider2origin": [
                [
                    1.0,
                    0.0,
                    0.0,
                    -0.26
                ],
                [
                    0.0,
                    1.0,
                    0.0,
                    -0.4608599999999999
                ],
                [
                    0.0,
                    0.0,
                    1.0,
                    -1.143
                ],
                [
                    0.0,
                    0.0,
                    0.0,
                    1.0
                ]
            ],
            "size": [
                1.48,
                0.272,
                0.945
            ]
        },
        "collider2": {
            "type": "Box",
            "collider2origin": [
                [
                    0.29385805211388666,
                    0.4168715499289626,
                    0.8601543792062311,
                    0.06040886092002362
                ],
                [
                    -0.1347723609005441,
                    0.908965406852013,
                    -0.394484853807656,
                    -0.3931082955952927
                ],
                [
                    -0.9463000876810304,
                    -2.4856962164680785e-06,
                    0.32328956687263444,
                    -0.7542138930612086
                ],
                [
                    0.0,
                    0.0,
                    0.0,
                    1.0
                ]
            ],
            "size": [
                0.09102,
                0.10007,
                0.11882
            ]
        },
        "distance": 0.0
    },
    {
        "case": 1,
        "collider1": {
            "type": "Box",
            "collider2origin": [
                [
                    1.0,
                    0.0,
                    0.0,
                    -0.06
                ],
                [
                    0.0,
                    1.0,
                    0.0,
                    -0.37086
                ],
                [
                    0.0,
                    0.0,
                    1.0,
                    -0.40301
                ],
                [
                    0.0,
                    0.0,
                    0.0,
                    1.0
                ]
            ],
            "size": [
                0.1,
                1.0,
                1.64
            ]
        },
        "collider2": {
            "type": "Box",
            "collider2origin": [
                [
                    0.29385805211388666,
                    0.4168715499289626,
                    0.8601543792062311,
                    0.06040886092002362
                ],
                [
                    -0.1347723609005441,
                    0.908965406852013,
                    -0.394484853807656,
                    -0.3931082955952927
                ],
                [
                    -0.9463000876810304,
                    -2.4856962164680785e-06,
                    0.32328956687263444,
                    -0.7542138930612086
                ],
                [
                    0.0,
                    0.0,
                    0.0,
                    1.0
                ]
            ],
            "size": [
                0.09102,
                0.10007,
                0.11882
            ]
        },
        "distance": 0.0
    },
    {
        "case": 2,
        "collider1": {
            "type": "Box",
            "collider2origin": [
                [
                    1.0,
                    0.0,
                    0.0,
                    -0.26
                ],
                [
                    0.0,
                    1.0,
                    0.0,
                    -0.4608599999999999
                ],
                [
                    0.0,
                    0.0,
                    1.0,
                    -1.143
                ],
                [
                    0.0,
                    0.0,
                    0.0,
                    1.0
                ]
            ],
            "size": [
                1.48,
                0.272,
                0.945
            ]
        },
        "collider2": {
            "type": "Cylinder",
            "collider2origin": [
                [
                    -0.6443741048537315,
                    -0.7594084680105572,
                    0.08989322392600536,
                    0.21541642229378888
                ],
                [
                    0.5838814864849503,
                    -0.5645010250729143,
                    -0.5834560844071761,
                    -0.3328340437365255
                ],
                [
                    0.49382630826443097,
                    -0.3234770029004969,
                    0.8071543878716355,
                    -0.9001527704708295
                ],
                [
                    0.0,
                    0.0,
                    0.0,
                    1.0
                ]
            ],
            "radius": 0.01271,
            "height": 0.05982
        },
        "distance": 0.0
    },
    {
        "case": 3,
        "collider1": {
            "type": "Box",
            "collider2origin": [
                [
                    1.0,
                    0.0,
                    0.0,
                    -0.26
                ],
                [
                    0.0,
                    1.0,
                    0.0,
                    -0.4608599999999999
                ],
                [
                    0.0,
                    0.0,
                    1.0,
                    -1.143
                ],
                [
                    0.0,
                    0.0,
                    0.0,
                    1.0
                ]
            ],
            "size": [
                1.48,
                0.272,
                0.945
            ]
        },
        "collider2": {
            "type": "Cylinder",
            "collider2origin": [
                [
                    -0.27771642317285006,
                    -0.9594934747735703,
                    0.04739050714032364,
                    0.27882704546445614
                ],
                [
                    0.946152326316663,
                    -0.2817302990752355,
                    -0.15944846812855903,
                    -0.35487740244723
                ],
                [
                    0.1663411064819648,
                    0.0005571803270899824,
                    0.9860681142012645,
                    -0.9339067245039068
                ],
                [
                    0.0,
                    0.0,
                    0.0,
                    1.0
                ]
            ],
            "radius": 0.00683,
            "height": 0.01183
        },
        "distance": 0.0
    },
    {
        "case": 4,
        "collider1": {
            "type": "Box",
            "collider2origin": [
                [
                    1.0,
                    0.0,
                    0.0,
                    -0.26
                ],
                [
                    0.0,
                    1.0,
                    0.0,
                    -0.4608599999999999
                ],
                [
                    0.0,
                    0.0,
                    1.0,
                    -1.143
                ],
                [
                    0.0,
                    0.0,
                    0.0,
                    1.0
                ]
            ],
            "size": [
                1.48,
                0.272,
                0.945
            ]
        },
        "collider2": {
            "type": "Cylinder",
            "collider2origin": [
                [
                    -0.16018896656320142,
                    -0.9463957750069407,
                    -0.2804898073735029,
                    0.29368001249137854
                ],
                [
                    0.986106692999592,
                    -0.14077603305204725,
                    -0.08817992140808979,
                    -0.37543206629583925
                ],
                [
                    0.04396686266748594,
                    -0.2907183268511638,
                    0.9557979752123552,
                    -0.9272139804095523
                ],
                [
                    0.0,
                    0.0,
                    0.0,
                    1.0
                ]
            ],
            "radius": 0.00783,
            "height": 0.03683
        },
        "distance": 0.0
    },
    {
        "case": 5,
        "collider1": {
            "type": "Box",
            "collider2origin": [
                [
                    1.0,
                    0.0,
                    0.0,
                    -0.26
                ],
                [
                    0.0,
                    1.0,
                    0.0,
                    -0.4608599999999999
                ],
                [
                    0.0,
                    0.0,
                    1.0,
                    -1.143
                ],
                [
                    0.0,
                    0.0,
                    0.0,
                    1.0
                ]
            ],
            "size": [
                1.48,
                0.272,
                0.945
            ]
        },
        "collider2": {
            "type": "Cylinder",
            "collider2origin": [
                [
                    -0.27771642317285006,
                    -0.9594934747735703,
                    0.04739050714032364,
                    0.2795954766831579
                ],
                [
                    0.946152326316663,
                    -0.2817302990752355,
                    -0.15944846812855903,
                    -0.3574810662968738
                ],
                [
                    0.1663411064819648,
                    0.0005571803270899824,
                    0.9860681142012645,
                    -0.9178140787295109
                ],
                [
                    0.0,
                    0.0,
                    0.0,
                    1.0
                ]
            ],
            "radius": 0.00683,
            "height": 0.01782
        },
        "distance": 0.0
    },
    {
        "case": 6,
        "collider1": {
            "type": "Box",
            "collider2origin": [
                [
                    1.0,
                    0.0,
                    0.0,
                    -0.26
                ],
                [
                    0.0,
                    1.0,
                    0.0,
                    -0.4608599999999999
                ],
                [
                    0.0,
                    0.0,
                    1.0,
                    -1.143
                ],
                [
                    0.0,
                    0.0,
                    0.0,
                    1.0
                ]
            ],
            "size": [
                1.48,
                0.272,
                0.945
            ]
        },
        "collider2": {
            "type": "Box",
            "collider2origin": [
                [
                    0.8499140104703353,
                    0.4477954024699222,
                    -0.27771469592556847,
                    0.1935613676454082
                ],
                [
                    0.16127608205703264,
                    0.2806857648056553,
                    0.9461530144705967,
                    -0.4116615647409281
                ],
                [
                    0.5016335317366294,
                    -0.8489374411358379,
                    0.16634007597440675,
                    -0.7829084917490508
                ],
                [
                    0.0,
                    0.0,
                    0.0,
                    1.0
                ]
            ],
            "size": [
                0.08993,
                0.0305,
                0.09007
            ]
        },
        "distance": 0.0
    },
    {
        "case": 7,
        "collider1": {
            "type": "Box",
            "collider2origin": [
                [
                    1.0,
                    0.0,
                    0.0,
                    -0.26
                ],
                [
                    0.0,
                    1.0,
                    0.0,
                    -0.4608599999999999
                ],
                [
                    0.0,
                    0.0,
                    1.0,
                    -1.143
                ],
                [
                    0.0,
                    0.0,
                    0.0,
                    1.0
                ]
            ],
            "size": [
                1.48,
                0.272,
                0.945
            ]
        },
        "collider2": {
            "type": "Cylinder",
            "collider2origin": [
                [
                    -0.6798314377737056,
                    -0.7332935398868424,
                    0.01047857694342942,
                    0.2139131798094729
                ],
                [
                    0.5761729009658286,
                    -0.5428966137299097,
                    -0.6109730394978315,
                    -0.3258910079380859
                ],
                [
                    0.4537113668480846,
                    -0.40932120780729253,
                    0.7915820516105841,
                    -0.9131714730150516
                ],
                [
                    0.0,
                    0.0,
                    0.0,
                    1.0
                ]
            ],
            "radius": 0.01169,
            "height": 0.05502
        },
        "distance": 0.0
    },
    {
        "case": 8,
        "collider1": {
            "type": "Box",
            "collider2origin": [
                [
                    1.0,
                    0.0,
                    0.0,
                    -0.26
                ],
                [
                    0.0,
                    1.0,
                    0.0,
                    -0.4608599999999999
                ],
                [
                    0.0,
                    0.0,
                    1.0,
                    -1.143
                ],
                [
                    0.0,
                    0.0,
                    0.0,
                    1.0
                ]
            ],
            "size": [
                1.48,
                0.272,
                0.945
            ]
        },
        "collider2": {
            "type": "Box",
            "collider2origin": [
                [
                    -0.24415154762282057,
                    0.4477995820964162,
                    0.8601543792062311,
                    0.1571398628099605
                ],
                [
                    -0.8749856947212222,
                    0.2806808403677958,
                    -0.394484853807656,
                    -0.4320915817606994
                ],
                [
                    -0.41807900668007886,
                    -0.8489368646281672,
                    0.32328956687263444,
                    -0.7209060611397888
                ],
                [
                    0.0,
                    0.0,
                    0.0,
                    1.0
                ]
            ],
            "size": [
                0.09126,
                0.11887,
                0.10009
            ]
        },
        "distance": 0.0
    },
    {
        "case": 9,
        "collider1": {
            "type": "Box",
            "collider2origin": [
                [
                    1.0,
                    0.0,
                    0.0,
                    -0.26
                ],
                [
                    0.0,
                    1.0,
                    0.0,
                    -0.4608599999999999
                ],
                [
                    0.0,
                    0.0,
                    1.0,
                    -1.143
                ],
                [
                    0.0,
                    0.0,
                    0.0,
                    1.0
                ]
            ],
            "size": [
                1.48,
                0.272,
                0.945
            ]
        },
        "collider2": {
            "type": "Sphere",
            "collider2origin": [
                [
                    1.0,
                    0.0,
                    0.0,
                    0.2887490257377443
                ],
                [
                    0.0,
                    1.0,
                    0.0,
                    -0.3743630754598759
                ],
                [
                    0.0,
                    0.0,
                    1.0,
                    -0.978478892661775
                ],
                [
                    0.0,
                    0.0,
                    0.0,
                    1.0
                ]
            ],
            "radius": 0.00487
        },
        "distance": 0.0
    },
    {
        "case": 10,
        "collider1": {
            "type": "Box",
            "collider2origin": [
                [
                    1.0,
                    0.0,
                    0.0,
                    -0.26
                ],
                [
                    0.0,
                    1.0,
                    0.0,
                    -0.4608599999999999
                ],
                [
                    0.0,
                    0.0,
                    1.0,
                    -1.143
                ],
                [
                    0.0,
                    0.0,
                    0.0,
                    1.0
                ]
            ],
            "size": [
                1.48,
                0.272,
                0.945
            ]
        },
        "collider2": {
            "type": "Cylinder",
            "collider2origin": [
                [
                    -0.16706034609675396,
                    -0.9527052749177085,
                    0.25385724316238256,
                    0.29412545810125246
                ],
                [
                    0.9850513507434026,
                    -0.17225150187377603,
                    0.0018045777418716235,
                    -0.3737699651976608
                ],
                [
                    0.042008060662576736,
                    0.25036389365521705,
                    0.9672400134367726,
                    -0.9628685116524122
                ],
                [
                    0.0,
                    0.0,
                    0.0,
                    1.0
                ]
            ],
            "radius": 0.0076,
            "height": 0.02993
        },
        "distance": 0.0
    },
    {
        "case": 11,
        "collider1": {
            "type": "Box",
            "collider2origin": [
                [
                    1.0,
                    0.0,
                    0.0,
                    -0.26
                ],
                [
                    0.0,
                    1.0,
                    0.0,
                    -0.4608599999999999
                ],
                [
                    0.0,
                    0.0,
                    1.0,
                    -1.143
                ],
                [
                    0.0,
                    0.0,
                    0.0,
                    1.0
                ]
            ],
            "size": [
                1.48,
                0.272,
                0.945
            ]
        },
        "collider2": {
            "type": "Cylinder",
            "collider2origin": [
                [
                    -0.4334482735804632,
                    -0.4257217702786259,
                    -0.7942817941014059,
                    0.32862311860654336
                ],
                [
                    0.8538409484426364,
                    0.0878935071119053,
                    -0.5130598075957112,
                    -0.3125901060760832
                ],
                [
                    0.28823294206716626,
                    -0.9005752082521489,
                    0.3254013911907924,
                    -0.8895018146756806
                ],
                [
                    0.0,
                    0.0,
                    0.0,
                    1.0
                ]
            ],
            "radius": 0.00796,
            "height": 0.03037
        },
        "distance": 0.0
    },
    {
        "case": 12,
        "collider1": {
            "type": "Box",
            "collider2origin": [
                [
                    1.0,
                    0.0,
                    0.0,
                    0.5199999999999999
                ],
                [
                    0.0,
                    1.0,
                    0.0,
                    -0.43085999999999997
                ],
                [
                    0.0,
                    0.0,
                    1.0,
                    -0.80301
                ],
                [
                    0.0,
                    0.0,
                    0.0,
                    1.0
                ]
            ],
            "size": [
                0.2,
                0.08,
                0.04
            ]
        },
        "collider2": {
            "type": "Box",
            "collider2origin": [
                [
                    -0.4129504065858884,
                    0.4168654160273932,
                    -0.8097500766414644,
                    0.24805366440258736
                ],
                [
                    0.18939001180449797,
                    0.9089682199569858,
                    0.3713599312485401,
                    -0.6021177911997373
                ],
                [
                    0.8908441980106518,
                    -5.341975027879847e-06,
                    -0.4543089420672035,
                    -0.6226860536709173
                ],
                [
                    0.0,
                    0.0,
                    0.0,
                    1.0
                ]
            ],
            "size": [
                0.1202,
                0.13634,
                0.67816
            ]
        },
        "distance": 0.17802211587705372
    },
    {
        "case": 13,
        "collider1": {
            "type": "Cylinder",
            "collider2origin": [
                [
                    1.0,
                    0.0,
                    0.0,
                    0.4849999999999999
                ],
                [
                    0.0,
                    -3.673205103346574e-06,
                    -0.9999999999932537,
                    -0.46086
                ],
                [
                    0.0,
                    0.9999999999932537,
                    -3.673205103346574e-06,
                    -0.70001
                ],
                [
                    0.0,
                    0.0,
                    0.0,
                    1.0
                ]
            ],
            "radius": 0.026,
            "height": 0.272
        },
        "collider2": {
            "type": "Box",
            "collider2origin": [
                [
                    -0.4129504065858884,
                    0.4168654160273932,
                    -0.8097500766414644,
                    0.24805366440258736
                ],
                [
                    0.18939001180449797,
                    0.9089682199569858,
                    0.3713599312485401,
                    -0.6021177911997373
                ],
                [
                    0.8908441980106518,
                    -5.341975027879847e-06,
                    -0.4543089420672035,
                    -0.6226860536709173
                ],
                [
                    0.0,
                    0.0,
                    0.0,
                    1.0
                ]
            ],
            "size": [
                0.1202,
                0.13634,
                0.67816
            ]
        },
        "distance": 0.08559817708343617
    },
    {
        "case": 14,
        "collider1": {
            "type": "Box",
            "collider2origin": [
                [
                    1.0,
                    0.0,
                    0.0,
                    -0.26
                ],
                [
                    0.0,
                    1.0,
                    0.0,
                    -0.4608599999999999
                ],
                [
                    0.0,
                    0.0,
                    1.0,
                    -1.143
                ],
                [
                    0.0,
                    0.0,
                    0.0,
                    1.0
                ]
            ],
            "size": [
                1.48,
                0.272,
                0.945
            ]
        },
        "collider2": {
            "type": "Box",
            "collider2origin": [
                [
                    -0.4129504065858884,
                    0.4168654160273932,
                    -0.8097500766414644,
                    0.24805366440258736
                ],
                [
                    0.18939001180449797,
                    0.9089682199569858,
                    0.3713599312485401,
                    -0.6021177911997373
                ],
                [
                    0.8908441980106518,
                    -5.341975027879847e-06,
                    -0.4543089420672035,
                    -0.6226860536709173
                ],
                [
                    0.0,
                    0.0,
                    0.0,
                    1.0
                ]
            ],
            "size": [
                0.1202,
                0.13634,
                0.67816
            ]
        },
        "distance": 0.0
    },
    {
        "case": 15,
        "collider1": {
            "type": "Box",
            "collider2origin": [
                [
                    1.0,
                    0.0,
                    0.0,
                    -0.06
                ],
                [
                    0.0,
                    1.0,
                    0.0,
                    -0.37086
                ],
                [
                    0.0,
                    0.0,
                    1.0,
                    -0.40301
                ],
                [
                    0.0,
                    0.0,
                    0.0,
                    1.0
                ]
            ],
            "size": [
                0.1,
                1.0,
                1.64
            ]
        },
        "collider2": {
            "type": "Box",
            "collider2origin": [
                [
                    -0.4129504065858884,
                    0.4168654160273932,
                    -0.8097500766414644,
                    0.24805366440258736
                ],
                [
                    0.18939001180449797,
                    0.9089682199569858,
                    0.3713599312485401,
                    -0.6021177911997373
                ],
                [
                    0.8908441980106518,
                    -5.341975027879847e-06,
                    -0.4543089420672035,
                    -0.6226860536709173
                ],
                [
                    0.0,
                    0.0,
                    0.0,
                    1.0
                ]
            ],
            "size": [
                0.1202,
                0.13634,
                0.67816
            ]
        },
        "distance": 0.0
    },
    {
        "case": 16,
        "collider1": {
            "type": "Box",
            "collider2origin": [
                [
                    1.0,
                    0.0,
                    0.0,
                    -0.26
                ],
                [
                    0.0,
                    1.0,
                    0.0,
                    -0.4608599999999999
                ],
                [
                    0.0,
                    0.0,
                    1.0,
                    -1.143
                ],
                [
                    0.0,
                    0.0,
                    0.0,
                    1.0
                ]
            ],
            "size": [
                1.48,
                0.272,
                0.945
            ]
        },
        "collider2": {
            "type": "Box",
            "collider2origin": [
                [
                    -0.3790005395955795,
                    0.6654777393324329,
                    -0.643038077752207,
                    0.23573761116575598
                ],
                [
                    0.9253272122473152,
                    0.2640290675193619,
                    -0.2721363661465842,
                    -0.38696911219640806
                ],
                [
                    -0.01131994968501396,
                    -0.6981604614684578,
                    -0.7158518204078819,
                    -0.8509615284033248
                ],
                [
                    0.0,
                    0.0,
                    0.0,
                    1.0
                ]
            ],
            "size": [
                0.06241,
                0.05638,
                0.02858
            ]
        },
        "distance": 0.0
    },
    {
        "case": 17,
        "collider1": {
            "type": "Box",
            "collider2origin": [
                [
                    1.0,
                    0.0,
                    0.0,
                    -0.26
                ],
                [
                    0.0,
                    1.0,
                    0.0,
                    -0.4608599999999999
                ],
                [
                    0.0,
                    0.0,
                    1.0,
                    -1.143
                ],
                [
                    0.0,
                    0.0,
                    0.0,
                    1.0
                ]
            ],
            "size": [
                1.48,
                0.272,
                0.945
            ]
        },
        "collider2": {
            "type": "Cylinder",
            "collider2origin": [
                [
                    -0.0319070084641464,
                    -0.9324349819086829,
                    0.3599263081851934,
                    0.2736546325580539
                ],
                [
                    0.9936113562385166,
                    0.00941104983324172,
                    0.11246290452807722,
                    -0.39817568097823464
                ],
                [
                    -0.10825163077166113,
                    0.36121522206849227,
                    0.9261777085318378,
                    -0.9253875081803804
                ],
                [
                    0.0,
                    0.0,
                    0.0,
                    1.0
                ]
            ],
            "radius": 0.00783,
            "height": 0.03044
        },
        "distance": 0.0
    },
    {
        "case": 18,
        "collider1": {
            "type": "Box",
            "collider2origin": [
                [
                    1.0,
                    0.0,
                    0.0,
                    -0.26
                ],
                [
                    0.0,
                    1.0,
                    0.0,
                    -0.4608599999999999
                ],
                [
                    0.0,
                    0.0,
                    1.0,
                    -1.143
                ],
                [
                    0.0,
                    0.0,
                    0.0,
                    1.0
                ]
            ],
            "size": [
                1.48,
                0.272,
                0.945
            ]
        },
        "collider2": {
            "type": "Box",
            "collider2origin": [
                [
                    -0.2358464785741258,
                    0.6654800964747359,
                    -0.7081755995091611,
                    0.27100512785002917
                ],
                [
                    0.961807682540388,
                    0.2640322934070604,
                    -0.07220062218911992,
                    -0.37159554234720527
                ],
                [
                    0.1389331506533724,
                    -0.6981569946897211,
                    -0.7023349559970253,
                    -0.8848768835837766
                ],
                [
                    0.0,
                    0.0,
                    0.0,
                    1.0
                ]
            ],
            "size": [
                0.07264,
                0.04753,
                0.03326
            ]
        },
        "distance": 0.0
    },
    {
        "case": 19,
        "collider1": {
            "type": "Box",
            "collider2origin": [
                [
                    1.0,
                    0.0,
                    0.0,
                    -0.26
                ],
                [
                    0.0,
                    1.0,
                    0.0,
                    -0.4608599999999999
                ],
                [
                    0.0,
                    0.0,
                    1.0,
                    -1.143
                ],
                [
                    0.0,
                    0.0,
                    0.0,
                    1.0
                ]
            ],
            "size": [
                1.48,
                0.272,
                0.945
            ]
        },
        "collider2": {
            "type": "Cylinder",
            "collider2origin": [
                [
                    -0.4334482735804632,
                    0.024204389535980832,
                    -0.900853340814866,
                    0.3052774582997483
                ],
                [
                    0.8538409484426364,
                    0.33075493244758714,
                    -0.4019413009684008,
                    -0.32572152839583346
                ],
                [
                    0.28823294206716626,
                    -0.9434062339145222,
                    -0.16403185336550638,
                    -0.8856976731562195
                ],
                [
                    0.0,
                    0.0,
                    0.0,
                    1.0
                ]
            ],
            "radius": 0.00713,
            "height": 0.01426
        },
        "distance": 0.0
    },
    {
        "case": 20,
        "collider1": {
            "type": "Box",
            "collider2origin": [
                [
                    1.0,
                    0.0,
                    0.0,
                    -0.26
                ],
                [
                    0.0,
                    1.0,
                    0.0,
                    -0.4608599999999999
                ],
                [
                    0.0,
                    0.0,
                    1.0,
                    -1.143
                ],
                [
                    0.0,
                    0.0,
                    0.0,
                    1.0
                ]
            ],
            "size": [
                1.48,
                0.272,
                0.945
            ]
        },
        "collider2": {
            "type": "Cylinder",
            "collider2origin": [
                [
                    -0.27771642317285006,
                    -0.8096989560607278,
                    0.5169731026409835,
                    0.26961134310629875
                ],
                [
                    0.946152326316663,
                    -0.32371933822153204,
                    0.0012511862288121897,
                    -0.35263853115542176
                ],
                [
                    0.1663411064819648,
                    0.4894827786710987,
                    0.8560007276157976,
                    -0.9620274639213646
                ],
                [
                    0.0,
                    0.0,
                    0.0,
                    1.0
                ]
            ],
            "radius": 0.00813,
            "height": 0.03824
        },
        "distance": 0.0
    },
    {
        "case": 21,
        "collider1": {
            "type": "Box",
            "collider2origin": [
                [
                    1.0,
                    0.0,
                    0.0,
                    -0.26
                ],
                [
                    0.0,
                    1.0,
                    0.0,
                    -0.4608599999999999
                ],
                [
                    0.0,
                    0.0,
                    1.0,
                    -1.143
                ],
                [
                    0.0,
                    0.0,
                    0.0,
                    1.0
                ]
            ],
            "size": [
                1.48,
                0.272,
                0.945
            ]
        },
        "collider2": {
            "type": "Sphere",
            "collider2origin": [
                [
                    1.0,
                    0.0,
                    0.0,
                    0.24834569474618917
                ],
                [
                    0.0,
                    1.0,
                    0.0,
                    -0.4031258449910652
                ],
                [
                    0.0,
                    0.0,
                    1.0,
                    -0.9562064186588716
                ],
                [
                    0.0,
                    0.0,
                    0.0,
                    1.0
                ]
            ],
            "radius": 0.00484
        },
        "distance": 0.0
    },
    {
        "case": 22,
        "collider1": {
            "type": "Box",
            "collider2origin": [
                [
                    1.0,
                    0.0,
                    0.0,
                    -0.26
                ],
                [
                    0.0,
                    1.0,
                    0.0,
                    -0.4608599999999999
                ],
                [
                    0.0,
                    0.0,
                    1.0,
                    -1.143
                ],
                [
                    0.0,
                    0.0,
                    0.0,
                    1.0
                ]
            ],
            "size": [
                1.48,
                0.272,
                0.945
            ]
        },
        "collider2": {
            "type": "Sphere",
            "collider2origin": [
                [
                    1.0,
                    0.0,
                    0.0,
                    0.25742301639881005
                ],
                [
                    0.0,
                    1.0,
                    0.0,
                    -0.35327211501580336
                ],
                [
                    0.0,
                    0.0,
                    1.0,
                    -0.9787725009044048
                ],
                [
                    0.0,
                    0.0,
                    0.0,
                    1.0
                ]
            ],
            "radius": 0.00563
        },
        "distance": 0.0
    },
    {
        "case": 23,
        "collider1": {
            "type": "Box",
            "collider2origin": [
                [
                    1.0,
                    0.0,
                    0.0,
                    -0.26
                ],
                [
                    0.0,
                    1.0,
                    0.0,
                    -0.4608599999999999
                ],
                [
                    0.0,
                    0.0,
                    1.0,
                    -1.143
                ],
                [
                    0.0,
                    0.0,
                    0.0,
                    1.0
                ]
            ],
            "size": [
                1.48,
                0.272,
                0.945
            ]
        },
        "collider2": {
            "type": "Cylinder",
            "collider2origin": [
                [
                    -0.03895384549507574,
                    -0.7195937349936332,
                    0.6933018494703863,
                    0.2592335515748334
                ],
                [
                    0.9935307793863525,
                    0.04617724586346549,
                    0.10375091506300808,
                    -0.4007568265324397
                ],
                [
                    -0.1066732784397865,
                    0.6928582239696499,
                    0.7131397430690073,
                    -0.9469245532632928
                ],
                [
                    0.0,
                    0.0,
                    0.0,
                    1.0
                ]
            ],
            "radius": 0.0076,
            "height": 0.02993
        },
        "distance": 0.0
    },
    {
        "case": 24,
        "collider1": {
            "type": "Box",
            "collider2origin": [
                [
                    1.0,
                    0.0,
                    0.0,
                    -0.26
                ],
                [
                    0.0,
                    1.0,
                    0.0,
                    -0.4608599999999999
                ],
                [
                    0.0,
                    0.0,
                    1.0,
                    -1.143
                ],
                [
                    0.0,
                    0.0,
                    0.0,
                    1.0
                ]
            ],
            "size": [
                1.48,
                0.272,
                0.945
            ]
        },
        "collider2": {
            "type": "Cylinder",
            "collider2origin": [
                [
                    -0.4519469243942805,
                    0.005433504830971445,
                    -0.8920282812533475,
                    0.2912678747405625
                ],
                [
                    0.8370869226838747,
                    0.3481519379564553,
                    -0.42199017994356763,
                    -0.3318353943801773
                ],
                [
                    0.3082684891489734,
                    -0.9374223728514355,
                    -0.16189451341967417,
                    -0.8881825012711873
                ],
                [
                    0.0,
                    0.0,
                    0.0,
                    1.0
                ]
            ],
            "radius": 0.00713,
            "height": 0.01697
        },
        "distance": 0.0
    }
]