[
    {
        "case": 0,
        "collider1": {
            "type": "Box",
            "collider2origin": [
                [
                    1.0,
                    0.0,
                    0.0,
                    1.23
                ],
                [
                    0.0,
                    1.0,
                    0.0,
                    -0.23086
                ],
                [
                    0.0,
                    0.0,
                    1.0,
                    -0.54301
                ],
                [
                    0.0,
                    0.0,
                    0.0,
                    1.0
                ]
            ],
            "size": [
                0.1,
                0.16,
                0.1
            ]
        },
        "collider2": {
            "type": "Box",
            "collider2origin": [
                [
                    -0.11137744911901788,
                    -0.8956982843565938,
                    0.4304876853388433,
                    0.9728079646793122
                ],
                [
                    -0.22436134413337877,
                    0.4446623251182363,
                    0.867143242999164,
                    -0.6622495559275065
                ],
                [
                    -0.968120370143302,
                    -4.5932894503377775e-06,
                    -0.25048542650720723,
                    -0.44774300929434996
                ],
                [
                    0.0,
                    0.0,
                    0.0,
                    1.0
                ]
            ],
            "size": [
                0.15068,
                0.17726,
                0.74884
            ]
        },
        "distance": 0.030817420262463504
    },
    {
        "case": 1,
        "collider1": {
            "type": "Box",
            "collider2origin": [
                [
                    1.0,
                    0.0,
                    0.0,
                    1.23
                ],
                [
                    0.0,
                    1.0,
                    0.0,
                    -0.23086
                ],
                [
                    0.0,
                    0.0,
                    1.0,
                    -0.54301
                ],
                [
                    0.0,
                    0.0,
                    0.0,
                    1.0
                ]
            ],
            "size": [
                0.1,
                0.16,
                0.1
            ]
        },
        "collider2": {
            "type": "Box",
            "collider2origin": [
                [
                    -0.11137744911901788,
                    -0.8956982843565938,
                    0.4304876853388433,
                    0.9728079646793122
                ],
                [
                    -0.22436134413337877,
                    0.4446623251182363,
                    0.867143242999164,
                    -0.6622495559275065
                ],
                [
                    -0.968120370143302,
                    -4.5932894503377775e-06,
                    -0.25048542650720723,
                    -0.44774300929434996
                ],
                [
                    0.0,
                    0.0,
                    0.0,
                    1.0
                ]
            ],
            "size": [
                0.15068,
                0.17726,
                0.74884
            ]
        },
        "distance": 0.030817420262463504
    }
]