[
    {
        "case": 0,
        "collider1": {
            "type": "Box",
            "collider2origin": [
                [
                    1.0,
                    0.0,
                    0.0,
                    -0.06
                ],
                [
                    0.0,
                    1.0,
                    0.0,
                    -0.37086
                ],
                [
                    0.0,
                    0.0,
                    1.0,
                    -0.40301
                ],
                [
                    0.0,
                    0.0,
                    0.0,
                    1.0
                ]
            ],
            "size": [
                0.1,
                1.0,
                1.64
            ]
        },
        "collider2": {
            "type": "Box",
            "collider2origin": [
                [
                    -0.4200947163587356,
                    -0.043177865910201584,
                    -0.9064524814809182,
                    -0.12661566364758015
                ],
                [
                    -0.018150986875793997,
                    0.9990674010637197,
                    -0.03917741450400857,
                    -0.8885780825662756
                ],
                [
                    0.9072987220110629,
                    -5.217738839051079e-06,
                    -0.42048665735058344,
                    -0.6094417413294498
                ],
                [
                    0.0,
                    0.0,
                    0.0,
                    1.0
                ]
            ],
            "size": [
                0.09102,
                0.10007,
                0.11882
            ]
        },
        "distance": 0.0
    }
]