[
    {
        "case": 0,
        "collider1": {
            "type": "Box",
            "collider2origin": [
                [
                    1.0,
                    0.0,
                    0.0,
                    -0.06
                ],
                [
                    0.0,
                    1.0,
                    0.0,
                    -0.37086
                ],
                [
                    0.0,
                    0.0,
                    1.0,
                    -0.40301
                ],
                [
                    0.0,
                    0.0,
                    0.0,
                    1.0
                ]
            ],
            "size": [
                0.1,
                1.0,
                1.64
            ]
        },
        "collider2": {
            "type": "Box",
            "collider2origin": [
                [
                    -0.5131046440213409,
                    -0.8099717742754717,
                    0.2840235010712628,
                    0.056204416503699894
                ],
                [
                    0.8470532218844931,
                    -0.5312929535624118,
                    0.015120740392862132,
                    -0.8870854623455967
                ],
                [
                    0.13865231184092275,
                    0.24834154378994558,
                    0.9586980828442258,
                    -0.6317623632877541
                ],
                [
                    0.0,
                    0.0,
                    0.0,
                    1.0
                ]
            ],
            "size": [
                0.09126,
                0.11887,
                0.10009
            ]
        },
        "distance": 0.0
    },
    {
        "case": 1,
        "collider1": {
            "type": "Box",
            "collider2origin": [
                [
                    1.0,
                    0.0,
                    0.0,
                    -0.06
                ],
                [
                    0.0,
                    1.0,
                    0.0,
                    -0.37086
                ],
                [
                    0.0,
                    0.0,
                    1.0,
                    -0.40301
                ],
                [
                    0.0,
                    0.0,
                    0.0,
                    1.0
                ]
            ],
            "size": [
                0.1,
                1.0,
                1.64
            ]
        },
        "collider2": {
            "type": "Box",
            "collider2origin": [
                [
                    0.9573423991751784,
                    -0.05316184327819898,
                    0.2840235010712628,
                    0.02694178282254367
                ],
                [
                    0.05096611414195195,
                    0.9985859093834846,
                    0.015120740392862132,
                    -0.8916186549987446
                ],
                [
                    -0.28442571253454374,
                    -1.5171041287560992e-07,
                    0.9586980828442258,
                    -0.7370824492342907
                ],
                [
                    0.0,
                    0.0,
                    0.0,
                    1.0
                ]
            ],
            "size": [
                0.09102,
                0.10007,
                0.11882
            ]
        },
        "distance": 0.0
    }
]