[
    {
        "case": 0,
        "collider1": {
            "type": "Cylinder",
            "collider2origin": [
                [
                    1.0,
                    0.0,
                    0.0,
                    0.4849999999999999
                ],
                [
                    0.0,
                    -3.673205103346574e-06,
                    -0.9999999999932537,
                    -0.46086
                ],
                [
                    0.0,
                    0.9999999999932537,
                    -3.673205103346574e-06,
                    -0.70001
                ],
                [
                    0.0,
                    0.0,
                    0.0,
                    1.0
                ]
            ],
            "radius": 0.026,
            "height": 0.272
        },
        "collider2": {
            "type": "Box",
            "collider2origin": [
                [
                    0.19463223064421442,
                    -0.851273798449447,
                    -0.4872896621804197,
                    0.7052265167456447
                ],
                [
                    -0.3157495192326548,
                    -0.5247217548835692,
                    0.7905500117362941,
                    -0.8544135057498985
                ],
                [
                    -0.9286659980309413,
                    -5.035659534538972e-06,
                    -0.37091705821630444,
                    -0.4838727878667235
                ],
                [
                    0.0,
                    0.0,
                    0.0,
                    1.0
                ]
            ],
            "size": [
                0.15068,
                0.17726,
                0.74884
            ]
        },
        "distance": 0.0007498158071679495
    },
    {
        "case": 1,
        "collider1": {
            "type": "Box",
            "collider2origin": [
                [
                    1.0,
                    0.0,
                    0.0,
                    -0.26
                ],
                [
                    0.0,
                    1.0,
                    0.0,
                    -0.4608599999999999
                ],
                [
                    0.0,
                    0.0,
                    1.0,
                    -1.143
                ],
                [
                    0.0,
                    0.0,
                    0.0,
                    1.0
                ]
            ],
            "size": [
                1.48,
                0.272,
                0.945
            ]
        },
        "collider2": {
            "type": "Box",
            "collider2origin": [
                [
                    0.19463223064421442,
                    -0.851273798449447,
                    -0.4872896621804197,
                    0.7052265167456447
                ],
                [
                    -0.3157495192326548,
                    -0.5247217548835692,
                    0.7905500117362941,
                    -0.8544135057498985
                ],
                [
                    -0.9286659980309413,
                    -5.035659534538972e-06,
                    -0.37091705821630444,
                    -0.4838727878667235
                ],
                [
                    0.0,
                    0.0,
                    0.0,
                    1.0
                ]
            ],
            "size": [
                0.15068,
                0.17726,
                0.74884
            ]
        },
        "distance": 0.008162696759949134
    },
    {
        "case": 2,
        "collider1": {
            "type": "Cylinder",
            "collider2origin": [
                [
                    1.0,
                    0.0,
                    0.0,
                    0.4849999999999999
                ],
                [
                    0.0,
                    -3.673205103346574e-06,
                    -0.9999999999932537,
                    -0.46086
                ],
                [
                    0.0,
                    0.9999999999932537,
                    -3.673205103346574e-06,
                    -0.70001
                ],
                [
                    0.0,
                    0.0,
                    0.0,
                    1.0
                ]
            ],
            "radius": 0.026,
            "height": 0.272
        },
        "collider2": {
            "type": "Box",
            "collider2origin": [
                [
                    0.19463223064421442,
                    -0.851273798449447,
                    -0.4872896621804197,
                    0.7052265167456447
                ],
                [
                    -0.3157495192326548,
                    -0.5247217548835692,
                    0.7905500117362941,
                    -0.8544135057498985
                ],
                [
                    -0.9286659980309413,
                    -5.035659534538972e-06,
                    -0.37091705821630444,
                    -0.4838727878667235
                ],
                [
                    0.0,
                    0.0,
                    0.0,
                    1.0
                ]
            ],
            "size": [
                0.15068,
                0.17726,
                0.74884
            ]
        },
        "distance": 0.0007498158071679495
    },
    {
        "case": 3,
        "collider1": {
            "type": "Box",
            "collider2origin": [
                [
                    1.0,
                    0.0,
                    0.0,
                    -0.26
                ],
                [
                    0.0,
                    1.0,
                    0.0,
                    -0.4608599999999999
                ],
                [
                    0.0,
                    0.0,
                    1.0,
                    -1.143
                ],
                [
                    0.0,
                    0.0,
                    0.0,
                    1.0
                ]
            ],
            "size": [
                1.48,
                0.272,
                0.945
            ]
        },
        "collider2": {
            "type": "Box",
            "collider2origin": [
                [
                    0.19463223064421442,
                    -0.851273798449447,
                    -0.4872896621804197,
                    0.7052265167456447
                ],
                [
                    -0.3157495192326548,
                    -0.5247217548835692,
                    0.7905500117362941,
                    -0.8544135057498985
                ],
                [
                    -0.9286659980309413,
                    -5.035659534538972e-06,
                    -0.37091705821630444,
                    -0.4838727878667235
                ],
                [
                    0.0,
                    0.0,
                    0.0,
                    1.0
                ]
            ],
            "size": [
                0.15068,
                0.17726,
                0.74884
            ]
        },
        "distance": 0.008162696759949134
    },
    {
        "case": 4,
        "collider1": {
            "type": "Box",
            "collider2origin": [
                [
                    1.0,
                    0.0,
                    0.0,
                    0.5199999999999999
                ],
                [
                    0.0,
                    1.0,
                    0.0,
                    -0.43085999999999997
                ],
                [
                    0.0,
                    0.0,
                    1.0,
                    -0.80301
                ],
                [
                    0.0,
                    0.0,
                    0.0,
                    1.0
                ]
            ],
            "size": [
                0.2,
                0.08,
                0.04
            ]
        },
        "collider2": {
            "type": "Box",
            "collider2origin": [
                [
                    0.41797682044064416,
                    -0.8512708432926569,
                    0.3172275664789209,
                    0.7496636726127287
                ],
                [
                    -0.6780969450689037,
                    -0.5247265490865312,
                    -0.5146324725199143,
                    -0.6857285818935787
                ],
                [
                    0.6045493451014147,
                    -6.599161617932245e-06,
                    -0.7965676928509597,
                    -0.8230948157454431
                ],
                [
                    0.0,
                    0.0,
                    0.0,
                    1.0
                ]
            ],
            "size": [
                0.1202,
                0.13634,
                0.67816
            ]
        },
        "distance": 0.11556488947122977
    }
]