[
    {
        "case": 0,
        "collider1": {
            "type": "Box",
            "collider2origin": [
                [
                    1.0,
                    0.0,
                    0.0,
                    0.5199999999999999
                ],
                [
                    0.0,
                    1.0,
                    0.0,
                    -0.43085999999999997
                ],
                [
                    0.0,
                    0.0,
                    1.0,
                    -0.80301
                ],
                [
                    0.0,
                    0.0,
                    0.0,
                    1.0
                ]
            ],
            "size": [
                0.2,
                0.08,
                0.04
            ]
        },
        "collider2": {
            "type": "Box",
            "collider2origin": [
                [
                    -0.6901492110986703,
                    0.710351912268684,
                    0.13818186261628787,
                    0.6630204162939797
                ],
                [
                    0.6965258083691875,
                    0.7038466883372395,
                    -0.13946912773926157,
                    -0.5914260940077509
                ],
                [
                    -0.1963310079827754,
                    -7.2749211011427325e-06,
                    -0.9805376766099009,
                    -0.45999570382022137
                ],
                [
                    0.0,
                    0.0,
                    0.0,
                    1.0
                ]
            ],
            "size": [
                0.1202,
                0.13634,
                0.67816
            ]
        },
        "distance": 0.11698562481891342
    }
]