[
    {
        "case": 0,
        "collider1": {
            "type": "Cylinder",
            "collider2origin": [
                [
                    1.0,
                    0.0,
                    0.0,
                    0.4849999999999999
                ],
                [
                    0.0,
                    -3.673205103346574e-06,
                    -0.9999999999932537,
                    -0.46086
                ],
                [
                    0.0,
                    0.9999999999932537,
                    -3.673205103346574e-06,
                    -0.70001
                ],
                [
                    0.0,
                    0.0,
                    0.0,
                    1.0
                ]
            ],
            "radius": 0.026,
            "height": 0.272
        },
        "collider2": {
            "type": "Box",
            "collider2origin": [
                [
                    0.3045710110546531,
                    -0.7843162640743194,
                    -0.5404484222695527,
                    0.7009564866287611
                ],
                [
                    -0.38505830604530206,
                    -0.6203611834073031,
                    0.6832877161686814,
                    -0.9032750645462971
                ],
                [
                    -0.8711868916430439,
                    -5.476570750133389e-06,
                    -0.4909515248976606,
                    -0.5198852114584296
                ],
                [
                    0.0,
                    0.0,
                    0.0,
                    1.0
                ]
            ],
            "size": [
                0.15068,
                0.17726,
                0.74884
            ]
        },
        "distance": 0.02111185315761691
    },
    {
        "case": 1,
        "collider1": {
            "type": "Box",
            "collider2origin": [
                [
                    1.0,
                    0.0,
                    0.0,
                    -0.26
                ],
                [
                    0.0,
                    1.0,
                    0.0,
                    -0.4608599999999999
                ],
                [
                    0.0,
                    0.0,
                    1.0,
                    -1.143
                ],
                [
                    0.0,
                    0.0,
                    0.0,
                    1.0
                ]
            ],
            "size": [
                1.48,
                0.272,
                0.945
            ]
        },
        "collider2": {
            "type": "Box",
            "collider2origin": [
                [
                    0.3045710110546531,
                    -0.7843162640743194,
                    -0.5404484222695527,
                    0.7009564866287611
                ],
                [
                    -0.38505830604530206,
                    -0.6203611834073031,
                    0.6832877161686814,
                    -0.9032750645462971
                ],
                [
                    -0.8711868916430439,
                    -5.476570750133389e-06,
                    -0.4909515248976606,
                    -0.5198852114584296
                ],
                [
                    0.0,
                    0.0,
                    0.0,
                    1.0
                ]
            ],
            "size": [
                0.15068,
                0.17726,
                0.74884
            ]
        },
        "distance": 0.028309794348878904
    },
    {
        "case": 2,
        "collider1": {
            "type": "Cylinder",
            "collider2origin": [
                [
                    1.0,
                    0.0,
                    0.0,
                    0.4849999999999999
                ],
                [
                    0.0,
                    -3.673205103346574e-06,
                    -0.9999999999932537,
                    -0.46086
                ],
                [
                    0.0,
                    0.9999999999932537,
                    -3.673205103346574e-06,
                    -0.70001
                ],
                [
                    0.0,
                    0.0,
                    0.0,
                    1.0
                ]
            ],
            "radius": 0.026,
            "height": 0.272
        },
        "collider2": {
            "type": "Box",
            "collider2origin": [
                [
                    0.3045710110546531,
                    -0.7843162640743194,
                    -0.5404484222695527,
                    0.7009564866287611
                ],
                [
                    -0.38505830604530206,
                    -0.6203611834073031,
                    0.6832877161686814,
                    -0.9032750645462971
                ],
                [
                    -0.8711868916430439,
                    -5.476570750133389e-06,
                    -0.4909515248976606,
                    -0.5198852114584296
                ],
                [
                    0.0,
                    0.0,
                    0.0,
                    1.0
                ]
            ],
            "size": [
                0.15068,
                0.17726,
                0.74884
            ]
        },
        "distance": 0.02111185315761691
    },
    {
        "case": 3,
        "collider1": {
            "type": "Box",
            "collider2origin": [
                [
                    1.0,
                    0.0,
                    0.0,
                    -0.26
                ],
                [
                    0.0,
                    1.0,
                    0.0,
                    -0.4608599999999999
                ],
                [
                    0.0,
                    0.0,
                    1.0,
                    -1.143
                ],
                [
                    0.0,
                    0.0,
                    0.0,
                    1.0
                ]
            ],
            "size": [
                1.48,
                0.272,
                0.945
            ]
        },
        "collider2": {
            "type": "Box",
            "collider2origin": [
                [
                    0.3045710110546531,
                    -0.7843162640743194,
                    -0.5404484222695527,
                    0.7009564866287611
                ],
                [
                    -0.38505830604530206,
                    -0.6203611834073031,
                    0.6832877161686814,
                    -0.9032750645462971
                ],
                [
                    -0.8711868916430439,
                    -5.476570750133389e-06,
                    -0.4909515248976606,
                    -0.5198852114584296
                ],
                [
                    0.0,
                    0.0,
                    0.0,
                    1.0
                ]
            ],
            "size": [
                0.15068,
                0.17726,
                0.74884
            ]
        },
        "distance": 0.028309794348878904
    }
]