[
    {
        "case": 0,
        "collider1": {
            "type": "Box",
            "collider2origin": [
                [
                    1.0,
                    0.0,
                    0.0,
                    0.0
                ],
                [
                    0.0,
                    1.0,
                    0.0,
                    -0.37086
                ],
                [
                    0.0,
                    0.0,
                    1.0,
                    0.39699
                ],
                [
                    0.0,
                    0.0,
                    0.0,
                    1.0
                ]
            ],
            "size": [
                0.6,
                1.6,
                0.1
            ]
        },
        "collider2": {
            "type": "Box",
            "collider2origin": [
                [
                    -0.7231712765719025,
                    -0.565503533403456,
                    0.3965211954606855,
                    0.13433343356310767
                ],
                [
                    0.6685738177404901,
                    -0.7172264398013382,
                    0.19645682549049667,
                    -1.2468276901753883
                ],
                [
                    0.1732984563499359,
                    0.4071756227453996,
                    0.8967584163355397,
                    0.35913202870731586
                ],
                [
                    0.0,
                    0.0,
                    0.0,
                    1.0
                ]
            ],
            "size": [
                0.09126,
                0.11887,
                0.10009
            ]
        },
        "distance": 0.0
    }
]