[
    {
        "case": 0,
        "collider1": {
            "type": "Box",
            "collider2origin": [
                [
                    1.0,
                    0.0,
                    0.0,
                    -0.06
                ],
                [
                    0.0,
                    1.0,
                    0.0,
                    -0.37086
                ],
                [
                    0.0,
                    0.0,
                    1.0,
                    -0.40301
                ],
                [
                    0.0,
                    0.0,
                    0.0,
                    1.0
                ]
            ],
            "size": [
                0.1,
                1.0,
                1.64
            ]
        },
        "collider2": {
            "type": "Box",
            "collider2origin": [
                [
                    0.3123610252659038,
                    -0.11813168320754078,
                    -0.9425897810380645,
                    0.12422048752390402
                ],
                [
                    -0.0371553139446296,
                    -0.9929979382653507,
                    0.11213642247922277,
                    -0.9443556184452944
                ],
                [
                    -0.9492365735371288,
                    -4.828659791605634e-06,
                    -0.31456307385987714,
                    -0.5097428412085827
                ],
                [
                    0.0,
                    0.0,
                    0.0,
                    1.0
                ]
            ],
            "size": [
                0.1202,
                0.13634,
                0.67816
            ]
        },
        "distance": 0.0
    }
]