[
    {
        "case": 0,
        "collider1": {
            "type": "Box",
            "collider2origin": [
                [
                    1.0,
                    0.0,
                    0.0,
                    1.23
                ],
                [
                    0.0,
                    1.0,
                    0.0,
                    -0.23086
                ],
                [
                    0.0,
                    0.0,
                    1.0,
                    -0.54301
                ],
                [
                    0.0,
                    0.0,
                    0.0,
                    1.0
                ]
            ],
            "size": [
                0.1,
                0.16,
                0.1
            ]
        },
        "collider2": {
            "type": "Box",
            "collider2origin": [
                [
                    -0.10773648736776446,
                    -0.916802755983605,
                    0.3845329061478638,
                    0.9553389811951635
                ],
                [
                    -0.2473519203468359,
                    0.3993403393086044,
                    0.8828048033974562,
                    -0.6654598433059262
                ],
                [
                    -0.962917377966764,
                    -4.664222791909393e-06,
                    -0.26979644769317646,
                    -0.4535362508928922
                ],
                [
                    0.0,
                    0.0,
                    0.0,
                    1.0
                ]
            ],
            "size": [
                0.15068,
                0.17726,
                0.74884
            ]
        },
        "distance": 0.03566187669984999
    },
    {
        "case": 1,
        "collider1": {
            "type": "Box",
            "collider2origin": [
                [
                    1.0,
                    0.0,
                    0.0,
                    1.23
                ],
                [
                    0.0,
                    1.0,
                    0.0,
                    -0.23086
                ],
                [
                    0.0,
                    0.0,
                    1.0,
                    -0.54301
                ],
                [
                    0.0,
                    0.0,
                    0.0,
                    1.0
                ]
            ],
            "size": [
                0.1,
                0.16,
                0.1
            ]
        },
        "collider2": {
            "type": "Box",
            "collider2origin": [
                [
                    -0.10773648736776446,
                    -0.916802755983605,
                    0.3845329061478638,
                    0.9553389811951635
                ],
                [
                    -0.2473519203468359,
                    0.3993403393086044,
                    0.8828048033974562,
                    -0.6654598433059262
                ],
                [
                    -0.962917377966764,
                    -4.664222791909393e-06,
                    -0.26979644769317646,
                    -0.4535362508928922
                ],
                [
                    0.0,
                    0.0,
                    0.0,
                    1.0
                ]
            ],
            "size": [
                0.15068,
                0.17726,
                0.74884
            ]
        },
        "distance": 0.03566187669984999
    }
]