[
    {
        "case": 0,
        "collider1": {
            "type": "Box",
            "collider2origin": [
                [
                    1.0,
                    0.0,
                    0.0,
                    0.5199999999999999
                ],
                [
                    0.0,
                    1.0,
                    0.0,
                    -0.43085999999999997
                ],
                [
                    0.0,
                    0.0,
                    1.0,
                    -0.80301
                ],
                [
                    0.0,
                    0.0,
                    0.0,
                    1.0
                ]
            ],
            "size": [
                0.2,
                0.08,
                0.04
            ]
        },
        "collider2": {
            "type": "Box",
            "collider2origin": [
                [
                    0.061801293750912215,
                    0.9295457928519053,
                    -0.36349032873246534,
                    0.7719932687775021
                ],
                [
                    -0.15579896098608806,
                    0.3687066842111405,
                    0.9163962378653032,
                    -0.2944416452286652
                ],
                [
                    0.9858535813427716,
                    -3.057543534733086e-06,
                    0.16760881881417378,
                    -0.7254332746519317
                ],
                [
                    0.0,
                    0.0,
                    0.0,
                    1.0
                ]
            ],
            "size": [
                0.1202,
                0.13634,
                0.67816
            ]
        },
        "distance": 0.10866459156673011
    }
]