[
    {
        "case": 0,
        "collider1": {
            "type": "Box",
            "collider2origin": [
                [
                    1.0,
                    0.0,
                    0.0,
                    0.5199999999999999
                ],
                [
                    0.0,
                    1.0,
                    0.0,
                    -0.43085999999999997
                ],
                [
                    0.0,
                    0.0,
                    1.0,
                    -0.80301
                ],
                [
                    0.0,
                    0.0,
                    0.0,
                    1.0
                ]
            ],
            "size": [
                0.2,
                0.08,
                0.04
            ]
        },
        "collider2": {
            "type": "Box",
            "collider2origin": [
                [
                    0.25319426804217066,
                    -0.9289597246380934,
                    -0.2700490559711458,
                    0.7501480456616942
                ],
                [
                    -0.6353726626011769,
                    -0.37018080712275814,
                    0.6776929611977935,
                    -0.503206366876967
                ],
                [
                    -0.7295164441256141,
                    -6.185542485317584e-06,
                    -0.6839632721952682,
                    -1.066887043302625
                ],
                [
                    0.0,
                    0.0,
                    0.0,
                    1.0
                ]
            ],
            "size": [
                0.1202,
                0.13634,
                0.67816
            ]
        },
        "distance": 0.17609840055484394
    }
]