[
    {
        "case": 0,
        "collider1": {
            "type": "Box",
            "collider2origin": [
                [
                    1.0,
                    0.0,
                    0.0,
                    1.23
                ],
                [
                    0.0,
                    1.0,
                    0.0,
                    -0.23086
                ],
                [
                    0.0,
                    0.0,
                    1.0,
                    -0.54301
                ],
                [
                    0.0,
                    0.0,
                    0.0,
                    1.0
                ]
            ],
            "size": [
                0.1,
                0.16,
                0.1
            ]
        },
        "collider2": {
            "type": "Box",
            "collider2origin": [
                [
                    -0.0632623967480309,
                    0.9644037168987568,
                    -0.2567554088808201,
                    1.0913155884259047
                ],
                [
                    0.23073755067348625,
                    0.2644342466685081,
                    0.9363945279090746,
                    -0.6729785082014996
                ],
                [
                    0.9709572863246329,
                    -4.552030060941621e-06,
                    -0.2392528957241352,
                    -0.4445653582215672
                ],
                [
                    0.0,
                    0.0,
                    0.0,
                    1.0
                ]
            ],
            "size": [
                0.15068,
                0.17726,
                0.74884
            ]
        },
        "distance": 0.09265433159548983
    },
    {
        "case": 1,
        "collider1": {
            "type": "Box",
            "collider2origin": [
                [
                    1.0,
                    0.0,
                    0.0,
                    1.23
                ],
                [
                    0.0,
                    1.0,
                    0.0,
                    -0.23086
                ],
                [
                    0.0,
                    0.0,
                    1.0,
                    -0.54301
                ],
                [
                    0.0,
                    0.0,
                    0.0,
                    1.0
                ]
            ],
            "size": [
                0.1,
                0.16,
                0.1
            ]
        },
        "collider2": {
            "type": "Box",
            "collider2origin": [
                [
                    -0.0632623967480309,
                    0.9644037168987568,
                    -0.2567554088808201,
                    1.0913155884259047
                ],
                [
                    0.23073755067348625,
                    0.2644342466685081,
                    0.9363945279090746,
                    -0.6729785082014996
                ],
                [
                    0.9709572863246329,
                    -4.552030060941621e-06,
                    -0.2392528957241352,
                    -0.4445653582215672
                ],
                [
                    0.0,
                    0.0,
                    0.0,
                    1.0
                ]
            ],
            "size": [
                0.15068,
                0.17726,
                0.74884
            ]
        },
        "distance": 0.09265433159548983
    }
]