[
    {
        "case": 0,
        "collider1": {
            "type": "Box",
            "collider2origin": [
                [
                    1.0,
                    0.0,
                    0.0,
                    0.5199999999999999
                ],
                [
                    0.0,
                    1.0,
                    0.0,
                    -0.43085999999999997
                ],
                [
                    0.0,
                    0.0,
                    1.0,
                    -0.80301
                ],
                [
                    0.0,
                    0.0,
                    0.0,
                    1.0
                ]
            ],
            "size": [
                0.2,
                0.08,
                0.04
            ]
        },
        "collider2": {
            "type": "Box",
            "collider2origin": [
                [
                    -0.4952401701826952,
                    0.661771998143492,
                    -0.5628454462022282,
                    0.4833438070538566
                ],
                [
                    0.43715939961024525,
                    0.7497051570023806,
                    0.49682374832172205,
                    -0.47965042432898863
                ],
                [
                    0.7507521782651218,
                    -6.099665472510879e-06,
                    -0.6605839589279844,
                    -0.8786882300066913
                ],
                [
                    0.0,
                    0.0,
                    0.0,
                    1.0
                ]
            ],
            "size": [
                0.1202,
                0.13634,
                0.67816
            ]
        },
        "distance": 0.0
    },
    {
        "case": 1,
        "collider1": {
            "type": "Cylinder",
            "collider2origin": [
                [
                    1.0,
                    0.0,
                    0.0,
                    0.4849999999999999
                ],
                [
                    0.0,
                    -3.673205103346574e-06,
                    -0.9999999999932537,
                    -0.46086
                ],
                [
                    0.0,
                    0.9999999999932537,
                    -3.673205103346574e-06,
                    -0.70001
                ],
                [
                    0.0,
                    0.0,
                    0.0,
                    1.0
                ]
            ],
            "radius": 0.026,
            "height": 0.272
        },
        "collider2": {
            "type": "Box",
            "collider2origin": [
                [
                    -0.4952401701826952,
                    0.661771998143492,
                    -0.5628454462022282,
                    0.4833438070538566
                ],
                [
                    0.43715939961024525,
                    0.7497051570023806,
                    0.49682374832172205,
                    -0.47965042432898863
                ],
                [
                    0.7507521782651218,
                    -6.099665472510879e-06,
                    -0.6605839589279844,
                    -0.8786882300066913
                ],
                [
                    0.0,
                    0.0,
                    0.0,
                    1.0
                ]
            ],
            "size": [
                0.1202,
                0.13634,
                0.67816
            ]
        },
        "distance": 0.0023636879855500857
    },
    {
        "case": 2,
        "collider1": {
            "type": "Box",
            "collider2origin": [
                [
                    1.0,
                    0.0,
                    0.0,
                    0.246
                ],
                [
                    0.0,
                    1.0,
                    0.0,
                    -0.24786000000000002
                ],
                [
                    0.0,
                    0.0,
                    1.0,
                    -0.71801
                ],
                [
                    0.0,
                    0.0,
                    0.0,
                    1.0
                ]
            ],
            "size": [
                0.12,
                0.16,
                0.08
            ]
        },
        "collider2": {
            "type": "Box",
            "collider2origin": [
                [
                    -0.4952401701826952,
                    0.661771998143492,
                    -0.5628454462022282,
                    0.4833438070538566
                ],
                [
                    0.43715939961024525,
                    0.7497051570023806,
                    0.49682374832172205,
                    -0.47965042432898863
                ],
                [
                    0.7507521782651218,
                    -6.099665472510879e-06,
                    -0.6605839589279844,
                    -0.8786882300066913
                ],
                [
                    0.0,
                    0.0,
                    0.0,
                    1.0
                ]
            ],
            "size": [
                0.1202,
                0.13634,
                0.67816
            ]
        },
        "distance": 0.18468383199914676
    },
    {
        "case": 3,
        "collider1": {
            "type": "Box",
            "collider2origin": [
                [
                    1.0,
                    0.0,
                    0.0,
                    -0.26
                ],
                [
                    0.0,
                    1.0,
                    0.0,
                    -0.4608599999999999
                ],
                [
                    0.0,
                    0.0,
                    1.0,
                    -1.143
                ],
                [
                    0.0,
                    0.0,
                    0.0,
                    1.0
                ]
            ],
            "size": [
                1.48,
                0.272,
                0.945
            ]
        },
        "collider2": {
            "type": "Box",
            "collider2origin": [
                [
                    -0.4952401701826952,
                    0.661771998143492,
                    -0.5628454462022282,
                    0.4833438070538566
                ],
                [
                    0.43715939961024525,
                    0.7497051570023806,
                    0.49682374832172205,
                    -0.47965042432898863
                ],
                [
                    0.7507521782651218,
                    -6.099665472510879e-06,
                    -0.6605839589279844,
                    -0.8786882300066913
                ],
                [
                    0.0,
                    0.0,
                    0.0,
                    1.0
                ]
            ],
            "size": [
                0.1202,
                0.13634,
                0.67816
            ]
        },
        "distance": 0.0
    },
    {
        "case": 4,
        "collider1": {
            "type": "Box",
            "collider2origin": [
                [
                    1.0,
                    0.0,
                    0.0,
                    0.7
                ],
                [
                    0.0,
                    1.0,
                    0.0,
                    -0.15085999999999994
                ],
                [
                    0.0,
                    0.0,
                    1.0,
                    -1.03301
                ],
                [
                    0.0,
                    0.0,
                    0.0,
                    1.0
                ]
            ],
            "size": [
                0.6,
                0.06,
                0.06
            ]
        },
        "collider2": {
            "type": "Box",
            "collider2origin": [
                [
                    0.7296883637276111,
                    0.6617734335127208,
                    -0.17207793158132154,
                    0.39237736110113763
                ],
                [
                    -0.6441054365377118,
                    0.7497038900104325,
                    0.1518955691446891,
                    -0.2502816481831809
                ],
                [
                    0.22952794701971563,
                    -9.806696881823036e-08,
                    0.9733020710637088,
                    -1.0689913993912405
                ],
                [
                    0.0,
                    0.0,
                    0.0,
                    1.0
                ]
            ],
            "size": [
                0.09102,
                0.10007,
                0.11882
            ]
        },
        "distance": 0.007055134554726992
    },
    {
        "case": 5,
        "collider1": {
            "type": "Box",
            "collider2origin": [
                [
                    1.0,
                    0.0,
                    0.0,
                    -0.08499999999999996
                ],
                [
                    0.0,
                    1.0,
                    0.0,
                    0.42914
                ],
                [
                    0.0,
                    0.0,
                    1.0,
                    -1.2880099999999999
                ],
                [
                    0.0,
                    0.0,
                    0.0,
                    1.0
                ]
            ],
            "size": [
                1.02,
                1.22,
                0.75
            ]
        },
        "collider2": {
            "type": "Box",
            "collider2origin": [
                [
                    0.7296883637276111,
                    0.6617734335127208,
                    -0.17207793158132154,
                    0.39237736110113763
                ],
                [
                    -0.6441054365377118,
                    0.7497038900104325,
                    0.1518955691446891,
                    -0.2502816481831809
                ],
                [
                    0.22952794701971563,
                    -9.806696881823036e-08,
                    0.9733020710637088,
                    -1.0689913993912405
                ],
                [
                    0.0,
                    0.0,
                    0.0,
                    1.0
                ]
            ],
            "size": [
                0.09102,
                0.10007,
                0.11882
            ]
        },
        "distance": 0.0
    },
    {
        "case": 6,
        "collider1": {
            "type": "Box",
            "collider2origin": [
                [
                    1.0,
                    0.0,
                    0.0,
                    -0.26
                ],
                [
                    0.0,
                    1.0,
                    0.0,
                    -0.4608599999999999
                ],
                [
                    0.0,
                    0.0,
                    1.0,
                    -1.143
                ],
                [
                    0.0,
                    0.0,
                    0.0,
                    1.0
                ]
            ],
            "size": [
                1.48,
                0.272,
                0.945
            ]
        },
        "collider2": {
            "type": "Box",
            "collider2origin": [
                [
                    0.7296883637276111,
                    0.6617734335127208,
                    -0.17207793158132154,
                    0.39237736110113763
                ],
                [
                    -0.6441054365377118,
                    0.7497038900104325,
                    0.1518955691446891,
                    -0.2502816481831809
                ],
                [
                    0.22952794701971563,
                    -9.806696881823036e-08,
                    0.9733020710637088,
                    -1.0689913993912405
                ],
                [
                    0.0,
                    0.0,
                    0.0,
                    1.0
                ]
            ],
            "size": [
                0.09102,
                0.10007,
                0.11882
            ]
        },
        "distance": 0.0
    },
    {
        "case": 7,
        "collider1": {
            "type": "Box",
            "collider2origin": [
                [
                    1.0,
                    0.0,
                    0.0,
                    0.7
                ],
                [
                    0.0,
                    1.0,
                    0.0,
                    -0.15085999999999994
                ],
                [
                    0.0,
                    0.0,
                    1.0,
                    -1.03301
                ],
                [
                    0.0,
                    0.0,
                    0.0,
                    1.0
                ]
            ],
            "size": [
                0.6,
                0.06,
                0.06
            ]
        },
        "collider2": {
            "type": "Box",
            "collider2origin": [
                [
                    -0.242775657608445,
                    0.95469846838438,
                    -0.17207793158132154,
                    0.378390722596589
                ],
                [
                    -0.9641035271343513,
                    -0.2177891756752709,
                    0.1518955691446891,
                    -0.23133518783469675
                ],
                [
                    0.10753775634580671,
                    0.2027774874664466,
                    0.9733020710637088,
                    -0.9620715506904151
                ],
                [
                    0.0,
                    0.0,
                    0.0,
                    1.0
                ]
            ],
            "size": [
                0.09126,
                0.11887,
                0.10009
            ]
        },
        "distance": 0.012681942143285803
    },
    {
        "case": 8,
        "collider1": {
            "type": "Box",
            "collider2origin": [
                [
                    1.0,
                    0.0,
                    0.0,
                    -0.08499999999999996
                ],
                [
                    0.0,
                    1.0,
                    0.0,
                    0.42914
                ],
                [
                    0.0,
                    0.0,
                    1.0,
                    -1.2880099999999999
                ],
                [
                    0.0,
                    0.0,
                    0.0,
                    1.0
                ]
            ],
            "size": [
                1.02,
                1.22,
                0.75
            ]
        },
        "collider2": {
            "type": "Box",
            "collider2origin": [
                [
                    -0.242775657608445,
                    0.95469846838438,
                    -0.17207793158132154,
                    0.378390722596589
                ],
                [
                    -0.9641035271343513,
                    -0.2177891756752709,
                    0.1518955691446891,
                    -0.23133518783469675
                ],
                [
                    0.10753775634580671,
                    0.2027774874664466,
                    0.9733020710637088,
                    -0.9620715506904151
                ],
                [
                    0.0,
                    0.0,
                    0.0,
                    1.0
                ]
            ],
            "size": [
                0.09126,
                0.11887,
                0.10009
            ]
        },
        "distance": 0.0
    },
    {
        "case": 9,
        "collider1": {
            "type": "Box",
            "collider2origin": [
                [
                    1.0,
                    0.0,
                    0.0,
                    -0.08500000000000019
                ],
                [
                    0.0,
                    1.0,
                    0.0,
                    -0.03585999999999995
                ],
                [
                    0.0,
                    0.0,
                    1.0,
                    -0.81301
                ],
                [
                    0.0,
                    0.0,
                    0.0,
                    1.0
                ]
            ],
            "size": [
                1.01,
                0.28,
                0.27
            ]
        },
        "collider2": {
            "type": "Box",
            "collider2origin": [
                [
                    -0.242775657608445,
                    0.95469846838438,
                    -0.17207793158132154,
                    0.378390722596589
                ],
                [
                    -0.9641035271343513,
                    -0.2177891756752709,
                    0.1518955691446891,
                    -0.23133518783469675
                ],
                [
                    0.10753775634580671,
                    0.2027774874664466,
                    0.9733020710637088,
                    -0.9620715506904151
                ],
                [
                    0.0,
                    0.0,
                    0.0,
                    1.0
                ]
            ],
            "size": [
                0.09126,
                0.11887,
                0.10009
            ]
        },
        "distance": 0.0
    },
    {
        "case": 10,
        "collider1": {
            "type": "Box",
            "collider2origin": [
                [
                    1.0,
                    0.0,
                    0.0,
                    0.5199999999999999
                ],
                [
                    0.0,
                    1.0,
                    0.0,
                    -0.43085999999999997
                ],
                [
                    0.0,
                    0.0,
                    1.0,
                    -0.80301
                ],
                [
                    0.0,
                    0.0,
                    0.0,
                    1.0
                ]
            ],
            "size": [
                0.2,
                0.08,
                0.04
            ]
        },
        "collider2": {
            "type": "Box",
            "collider2origin": [
                [
                    -0.39287806419681276,
                    0.6617717201833118,
                    -0.6385178282856206,
                    0.9240094363118042
                ],
                [
                    0.3468033702565419,
                    0.7497054023643428,
                    0.5636215326302062,
                    -0.7001107012214722
                ],
                [
                    0.8516890565527239,
                    -5.59813894494725e-06,
                    -0.5240474700988372,
                    -0.5299833913942384
                ],
                [
                    0.0,
                    0.0,
                    0.0,
                    1.0
                ]
            ],
            "size": [
                0.15068,
                0.17726,
                0.74884
            ]
        },
        "distance": 0.08150403073868288
    },
    {
        "case": 11,
        "collider1": {
            "type": "Box",
            "collider2origin": [
                [
                    1.0,
                    0.0,
                    0.0,
                    0.5199999999999999
                ],
                [
                    0.0,
                    1.0,
                    0.0,
                    -0.43085999999999997
                ],
                [
                    0.0,
                    0.0,
                    1.0,
                    -0.80301
                ],
                [
                    0.0,
                    0.0,
                    0.0,
                    1.0
                ]
            ],
            "size": [
                0.2,
                0.08,
                0.04
            ]
        },
        "collider2": {
            "type": "Box",
            "collider2origin": [
                [
                    -0.39287806419681276,
                    0.6617717201833118,
                    -0.6385178282856206,
                    0.9240094363118042
                ],
                [
                    0.3468033702565419,
                    0.7497054023643428,
                    0.5636215326302062,
                    -0.7001107012214722
                ],
                [
                    0.8516890565527239,
                    -5.59813894494725e-06,
                    -0.5240474700988372,
                    -0.5299833913942384
                ],
                [
                    0.0,
                    0.0,
                    0.0,
                    1.0
                ]
            ],
            "size": [
                0.15068,
                0.17726,
                0.74884
            ]
        },
        "distance": 0.08150403073868288
    }
]