[
    {
        "case": 0,
        "collider1": {
            "type": "Box",
            "collider2origin": [
                [
                    1.0,
                    0.0,
                    0.0,
                    0.5199999999999999
                ],
                [
                    0.0,
                    1.0,
                    0.0,
                    -0.43085999999999997
                ],
                [
                    0.0,
                    0.0,
                    1.0,
                    -0.80301
                ],
                [
                    0.0,
                    0.0,
                    0.0,
                    1.0
                ]
            ],
            "size": [
                0.2,
                0.08,
                0.04
            ]
        },
        "collider2": {
            "type": "Box",
            "collider2origin": [
                [
                    0.13193677639314894,
                    -0.9731190654623073,
                    -0.18876432785023156,
                    0.773514163306895
                ],
                [
                    -0.5574642270012612,
                    -0.23030259312562357,
                    0.797617923076895,
                    -0.8008811988777436
                ],
                [
                    -0.8196501220940984,
                    -5.777453722227476e-06,
                    -0.5728644493401125,
                    -0.5444617283246168
                ],
                [
                    0.0,
                    0.0,
                    0.0,
                    1.0
                ]
            ],
            "size": [
                0.15068,
                0.17726,
                0.74884
            ]
        },
        "distance": 0.0544446453666836
    },
    {
        "case": 1,
        "collider1": {
            "type": "Box",
            "collider2origin": [
                [
                    1.0,
                    0.0,
                    0.0,
                    0.5199999999999999
                ],
                [
                    0.0,
                    1.0,
                    0.0,
                    -0.43085999999999997
                ],
                [
                    0.0,
                    0.0,
                    1.0,
                    -0.80301
                ],
                [
                    0.0,
                    0.0,
                    0.0,
                    1.0
                ]
            ],
            "size": [
                0.2,
                0.08,
                0.04
            ]
        },
        "collider2": {
            "type": "Box",
            "collider2origin": [
                [
                    0.13193677639314894,
                    -0.9731190654623073,
                    -0.18876432785023156,
                    0.773514163306895
                ],
                [
                    -0.5574642270012612,
                    -0.23030259312562357,
                    0.797617923076895,
                    -0.8008811988777436
                ],
                [
                    -0.8196501220940984,
                    -5.777453722227476e-06,
                    -0.5728644493401125,
                    -0.5444617283246168
                ],
                [
                    0.0,
                    0.0,
                    0.0,
                    1.0
                ]
            ],
            "size": [
                0.15068,
                0.17726,
                0.74884
            ]
        },
        "distance": 0.0544446453666836
    }
]