[
    {
        "case": 0,
        "collider1": {
            "type": "Box",
            "collider2origin": [
                [
                    1.0,
                    0.0,
                    0.0,
                    0.0
                ],
                [
                    0.0,
                    1.0,
                    0.0,
                    -0.37086
                ],
                [
                    0.0,
                    0.0,
                    1.0,
                    0.39699
                ],
                [
                    0.0,
                    0.0,
                    0.0,
                    1.0
                ]
            ],
            "size": [
                0.6,
                1.6,
                0.1
            ]
        },
        "collider2": {
            "type": "Box",
            "collider2origin": [
                [
                    -0.977387478646818,
                    0.10141994467146569,
                    -0.18554705981839903,
                    0.35319396513635903
                ],
                [
                    -0.09964034713767156,
                    -0.9948437037157307,
                    -0.01891577118310585,
                    -1.1143907127389618
                ],
                [
                    -0.18650876067010902,
                    -6.445263637645494e-08,
                    0.9824532977161283,
                    0.00824314280649352
                ],
                [
                    0.0,
                    0.0,
                    0.0,
                    1.0
                ]
            ],
            "size": [
                0.1202,
                0.13634,
                0.67816
            ]
        },
        "distance": 0.002398924190358616
    }
]