[
    {
        "case": 0,
        "collider1": {
            "type": "Box",
            "collider2origin": [
                [
                    1.0,
                    0.0,
                    0.0,
                    1.23
                ],
                [
                    0.0,
                    1.0,
                    0.0,
                    -0.23086
                ],
                [
                    0.0,
                    0.0,
                    1.0,
                    -0.54301
                ],
                [
                    0.0,
                    0.0,
                    0.0,
                    1.0
                ]
            ],
            "size": [
                0.1,
                0.16,
                0.1
            ]
        },
        "collider2": {
            "type": "Box",
            "collider2origin": [
                [
                    0.32420938873191557,
                    -0.8866269301978303,
                    0.32981958538881395,
                    1.2976774516450706
                ],
                [
                    0.6215375257720052,
                    0.4624853366829757,
                    0.6322961469204509,
                    -0.32510203750680644
                ],
                [
                    -0.7131475137131809,
                    -1.0982369128589833e-06,
                    0.7010139967814495,
                    -0.47121138118642136
                ],
                [
                    0.0,
                    0.0,
                    0.0,
                    1.0
                ]
            ],
            "size": [
                0.1202,
                0.13634,
                0.67816
            ]
        },
        "distance": 0.0
    },
    {
        "case": 1,
        "collider1": {
            "type": "Box",
            "collider2origin": [
                [
                    1.0,
                    0.0,
                    0.0,
                    1.28
                ],
                [
                    0.0,
                    1.0,
                    0.0,
                    -0.23086
                ],
                [
                    0.0,
                    0.0,
                    1.0,
                    -0.67301
                ],
                [
                    0.0,
                    0.0,
                    0.0,
                    1.0
                ]
            ],
            "size": [
                0.06,
                0.06,
                0.33
            ]
        },
        "collider2": {
            "type": "Box",
            "collider2origin": [
                [
                    0.32420938873191557,
                    -0.8866269301978303,
                    0.32981958538881395,
                    1.2976774516450706
                ],
                [
                    0.6215375257720052,
                    0.4624853366829757,
                    0.6322961469204509,
                    -0.32510203750680644
                ],
                [
                    -0.7131475137131809,
                    -1.0982369128589833e-06,
                    0.7010139967814495,
                    -0.47121138118642136
                ],
                [
                    0.0,
                    0.0,
                    0.0,
                    1.0
                ]
            ],
            "size": [
                0.1202,
                0.13634,
                0.67816
            ]
        },
        "distance": 0.0
    }
]