[
    {
        "case": 0,
        "collider1": {
            "type": "Box",
            "collider2origin": [
                [
                    1.0,
                    0.0,
                    0.0,
                    0.0
                ],
                [
                    0.0,
                    1.0,
                    0.0,
                    -0.37086
                ],
                [
                    0.0,
                    0.0,
                    1.0,
                    0.39699
                ],
                [
                    0.0,
                    0.0,
                    0.0,
                    1.0
                ]
            ],
            "size": [
                0.6,
                1.6,
                0.1
            ]
        },
        "collider2": {
            "type": "Box",
            "collider2origin": [
                [
                    -0.8567653531169166,
                    0.19710902399422378,
                    -0.4765513218515815,
                    0.29819653895406706
                ],
                [
                    -0.1722553357921517,
                    -0.9803815750307784,
                    -0.09581266425323468,
                    -1.1902673429837423
                ],
                [
                    -0.4860876762370942,
                    -4.6315425724064375e-07,
                    0.873910047436352,
                    0.03748657751039319
                ],
                [
                    0.0,
                    0.0,
                    0.0,
                    1.0
                ]
            ],
            "size": [
                0.1202,
                0.13634,
                0.67816
            ]
        },
        "distance": 0.0
    }
]