[
    {
        "case": 0,
        "collider1": {
            "type": "Box",
            "collider2origin": [
                [
                    1.0,
                    0.0,
                    0.0,
                    0.5199999999999999
                ],
                [
                    0.0,
                    1.0,
                    0.0,
                    -0.43085999999999997
                ],
                [
                    0.0,
                    0.0,
                    1.0,
                    -0.80301
                ],
                [
                    0.0,
                    0.0,
                    0.0,
                    1.0
                ]
            ],
            "size": [
                0.2,
                0.08,
                0.04
            ]
        },
        "collider2": {
            "type": "Box",
            "collider2origin": [
                [
                    -0.40140767077036593,
                    0.8739059650173949,
                    -0.27415369075342594,
                    0.7648612370602844
                ],
                [
                    0.7216620802917818,
                    0.48609501567290175,
                    0.4928645631478277,
                    -0.4781105976320187
                ],
                [
                    0.5639820242841496,
                    -6.706490363755544e-06,
                    -0.8257870647081943,
                    -1.05655274038718
                ],
                [
                    0.0,
                    0.0,
                    0.0,
                    1.0
                ]
            ],
            "size": [
                0.1202,
                0.13634,
                0.67816
            ]
        },
        "distance": 0.14573210429813624
    }
]