[
    {
        "case": 0,
        "collider1": {
            "type": "Box",
            "collider2origin": [
                [
                    1.0,
                    0.0,
                    0.0,
                    1.2009999999999998
                ],
                [
                    0.0,
                    1.0,
                    0.0,
                    0.02914
                ],
                [
                    0.0,
                    0.0,
                    1.0,
                    -1.22801
                ],
                [
                    0.0,
                    0.0,
                    0.0,
                    1.0
                ]
            ],
            "size": [
                0.41,
                0.6,
                0.82
            ]
        },
        "collider2": {
            "type": "Box",
            "collider2origin": [
                [
                    0.06997125460792598,
                    0.9550990118354091,
                    -0.2879060630129519,
                    0.8784988111764213
                ],
                [
                    -0.22554749660289425,
                    0.2962868164180659,
                    0.9280853674059378,
                    -0.44565217255695133
                ],
                [
                    0.9717161881458802,
                    -2.8057712849737227e-06,
                    0.23615175139593492,
                    -0.8438666133029902
                ],
                [
                    0.0,
                    0.0,
                    0.0,
                    1.0
                ]
            ],
            "size": [
                0.1202,
                0.13634,
                0.67816
            ]
        },
        "distance": 0.09584381312883894
    }
]