[
    {
        "case": 0,
        "collider1": {
            "type": "Box",
            "collider2origin": [
                [
                    1.0,
                    0.0,
                    0.0,
                    1.23
                ],
                [
                    0.0,
                    1.0,
                    0.0,
                    -0.23086
                ],
                [
                    0.0,
                    0.0,
                    1.0,
                    -0.54301
                ],
                [
                    0.0,
                    0.0,
                    0.0,
                    1.0
                ]
            ],
            "size": [
                0.1,
                0.16,
                0.1
            ]
        },
        "collider2": {
            "type": "Box",
            "collider2origin": [
                [
                    0.04389156785877406,
                    -0.9468134585390737,
                    0.3187754774134556,
                    1.2248803095529295
                ],
                [
                    0.12913668369629208,
                    0.3217829621331978,
                    0.937965586897893,
                    -0.18851507924789035
                ],
                [
                    -0.990654958698952,
                    -3.172209647787347e-06,
                    0.1363919088330192,
                    -0.5745072612387917
                ],
                [
                    0.0,
                    0.0,
                    0.0,
                    1.0
                ]
            ],
            "size": [
                0.1202,
                0.13634,
                0.67816
            ]
        },
        "distance": 0.0
    },
    {
        "case": 1,
        "collider1": {
            "type": "Box",
            "collider2origin": [
                [
                    1.0,
                    0.0,
                    0.0,
                    1.28
                ],
                [
                    0.0,
                    1.0,
                    0.0,
                    -0.23086
                ],
                [
                    0.0,
                    0.0,
                    1.0,
                    -0.67301
                ],
                [
                    0.0,
                    0.0,
                    0.0,
                    1.0
                ]
            ],
            "size": [
                0.06,
                0.06,
                0.33
            ]
        },
        "collider2": {
            "type": "Box",
            "collider2origin": [
                [
                    0.04389156785877406,
                    -0.9468134585390737,
                    0.3187754774134556,
                    1.2248803095529295
                ],
                [
                    0.12913668369629208,
                    0.3217829621331978,
                    0.937965586897893,
                    -0.18851507924789035
                ],
                [
                    -0.990654958698952,
                    -3.172209647787347e-06,
                    0.1363919088330192,
                    -0.5745072612387917
                ],
                [
                    0.0,
                    0.0,
                    0.0,
                    1.0
                ]
            ],
            "size": [
                0.1202,
                0.13634,
                0.67816
            ]
        },
        "distance": 0.0
    }
]