[
    {
        "case": 0,
        "collider1": {
            "type": "Box",
            "collider2origin": [
                [
                    1.0,
                    0.0,
                    0.0,
                    0.0
                ],
                [
                    0.0,
                    1.0,
                    0.0,
                    -0.37086
                ],
                [
                    0.0,
                    0.0,
                    1.0,
                    0.39699
                ],
                [
                    0.0,
                    0.0,
                    0.0,
                    1.0
                ]
            ],
            "size": [
                0.6,
                1.6,
                0.1
            ]
        },
        "collider2": {
            "type": "Box",
            "collider2origin": [
                [
                    0.7382288219182419,
                    -0.1197172802225698,
                    -0.6638418330485923,
                    0.4587815963680243
                ],
                [
                    0.08901960337871684,
                    0.992808024149293,
                    -0.08004834413698023,
                    -1.0167094393885698
                ],
                [
                    0.6686506686630176,
                    -9.418954371358069e-07,
                    0.7435766828617019,
                    0.33653076433111884
                ],
                [
                    0.0,
                    0.0,
                    0.0,
                    1.0
                ]
            ],
            "size": [
                0.1202,
                0.13634,
                0.67816
            ]
        },
        "distance": 0.0
    }
]