[
    {
        "case": 0,
        "collider1": {
            "type": "Cylinder",
            "collider2origin": [
                [
                    1.0,
                    0.0,
                    0.0,
                    0.4849999999999999
                ],
                [
                    0.0,
                    -3.673205103346574e-06,
                    -0.9999999999932537,
                    -0.46086
                ],
                [
                    0.0,
                    0.9999999999932537,
                    -3.673205103346574e-06,
                    -0.70001
                ],
                [
                    0.0,
                    0.0,
                    0.0,
                    1.0
                ]
            ],
            "radius": 0.026,
            "height": 0.272
        },
        "collider2": {
            "type": "Box",
            "collider2origin": [
                [
                    0.350149765333583,
                    -0.6656775842334252,
                    0.6589905125917883,
                    0.7036080317061562
                ],
                [
                    -0.3123549792404401,
                    -0.7462394748470668,
                    -0.5878443783210638,
                    -0.8001934548573799
                ],
                [
                    0.8830795597116609,
                    -5.39675846847024e-06,
                    -0.4692232850044144,
                    -0.6158100527281432
                ],
                [
                    0.0,
                    0.0,
                    0.0,
                    1.0
                ]
            ],
            "size": [
                0.1202,
                0.13634,
                0.67816
            ]
        },
        "distance": 0.12961433200772218
    },
    {
        "case": 1,
        "collider1": {
            "type": "Box",
            "collider2origin": [
                [
                    1.0,
                    0.0,
                    0.0,
                    -0.26
                ],
                [
                    0.0,
                    1.0,
                    0.0,
                    -0.4608599999999999
                ],
                [
                    0.0,
                    0.0,
                    1.0,
                    -1.143
                ],
                [
                    0.0,
                    0.0,
                    0.0,
                    1.0
                ]
            ],
            "size": [
                1.48,
                0.272,
                0.945
            ]
        },
        "collider2": {
            "type": "Box",
            "collider2origin": [
                [
                    0.350149765333583,
                    -0.6656775842334252,
                    0.6589905125917883,
                    0.7036080317061562
                ],
                [
                    -0.3123549792404401,
                    -0.7462394748470668,
                    -0.5878443783210638,
                    -0.8001934548573799
                ],
                [
                    0.8830795597116609,
                    -5.39675846847024e-06,
                    -0.4692232850044144,
                    -0.6158100527281432
                ],
                [
                    0.0,
                    0.0,
                    0.0,
                    1.0
                ]
            ],
            "size": [
                0.1202,
                0.13634,
                0.67816
            ]
        },
        "distance": 0.13000409145696426
    }
]