[
    {
        "case": 0,
        "collider1": {
            "type": "Cylinder",
            "collider2origin": [
                [
                    1.0,
                    0.0,
                    0.0,
                    0.4849999999999999
                ],
                [
                    0.0,
                    -3.673205103346574e-06,
                    -0.9999999999932537,
                    -0.46086
                ],
                [
                    0.0,
                    0.9999999999932537,
                    -3.673205103346574e-06,
                    -0.70001
                ],
                [
                    0.0,
                    0.0,
                    0.0,
                    1.0
                ]
            ],
            "radius": 0.026,
            "height": 0.272
        },
        "collider2": {
            "type": "Box",
            "collider2origin": [
                [
                    -0.14032696501832603,
                    0.6209867397126799,
                    0.7711574495456563,
                    0.7853597440514125
                ],
                [
                    0.11116940721239015,
                    0.7838210695574981,
                    -0.6109549032602859,
                    -0.7684588698008961
                ],
                [
                    -0.9838443503871895,
                    -4.330804171622824e-06,
                    -0.17902595954903533,
                    -0.5928955966811233
                ],
                [
                    0.0,
                    0.0,
                    0.0,
                    1.0
                ]
            ],
            "size": [
                0.1202,
                0.13634,
                0.67816
            ]
        },
        "distance": 0.08067065922098403
    },
    {
        "case": 1,
        "collider1": {
            "type": "Box",
            "collider2origin": [
                [
                    1.0,
                    0.0,
                    0.0,
                    -0.26
                ],
                [
                    0.0,
                    1.0,
                    0.0,
                    -0.4608599999999999
                ],
                [
                    0.0,
                    0.0,
                    1.0,
                    -1.143
                ],
                [
                    0.0,
                    0.0,
                    0.0,
                    1.0
                ]
            ],
            "size": [
                1.48,
                0.272,
                0.945
            ]
        },
        "collider2": {
            "type": "Box",
            "collider2origin": [
                [
                    -0.14032696501832603,
                    0.6209867397126799,
                    0.7711574495456563,
                    0.7853597440514125
                ],
                [
                    0.11116940721239015,
                    0.7838210695574981,
                    -0.6109549032602859,
                    -0.7684588698008961
                ],
                [
                    -0.9838443503871895,
                    -4.330804171622824e-06,
                    -0.17902595954903533,
                    -0.5928955966811233
                ],
                [
                    0.0,
                    0.0,
                    0.0,
                    1.0
                ]
            ],
            "size": [
                0.1202,
                0.13634,
                0.67816
            ]
        },
        "distance": 0.07817740452603501
    }
]