[
    {
        "case": 0,
        "collider1": {
            "type": "Cylinder",
            "collider2origin": [
                [
                    1.0,
                    0.0,
                    0.0,
                    0.4849999999999999
                ],
                [
                    0.0,
                    -3.673205103346574e-06,
                    -0.9999999999932537,
                    -0.46086
                ],
                [
                    0.0,
                    0.9999999999932537,
                    -3.673205103346574e-06,
                    -0.70001
                ],
                [
                    0.0,
                    0.0,
                    0.0,
                    1.0
                ]
            ],
            "radius": 0.026,
            "height": 0.272
        },
        "collider2": {
            "type": "Box",
            "collider2origin": [
                [
                    -0.7894404170188741,
                    0.5590037284376373,
                    0.25357180357817033,
                    0.6606754680178151
                ],
                [
                    0.5322196045782144,
                    0.8291651412965966,
                    -0.17096040758375614,
                    -0.713107738819806
                ],
                [
                    -0.3058204055972644,
                    -7.170424078636891e-06,
                    -0.9520892182295257,
                    -0.9498623743153792
                ],
                [
                    0.0,
                    0.0,
                    0.0,
                    1.0
                ]
            ],
            "size": [
                0.1202,
                0.13634,
                0.67816
            ]
        },
        "distance": 0.04203305547836275
    }
]