[
    {
        "case": 0,
        "collider1": {
            "type": "Cylinder",
            "collider2origin": [
                [
                    1.0,
                    0.0,
                    0.0,
                    0.4849999999999999
                ],
                [
                    0.0,
                    -3.673205103346574e-06,
                    -0.9999999999932537,
                    -0.46086
                ],
                [
                    0.0,
                    0.9999999999932537,
                    -3.673205103346574e-06,
                    -0.70001
                ],
                [
                    0.0,
                    0.0,
                    0.0,
                    1.0
                ]
            ],
            "radius": 0.026,
            "height": 0.272
        },
        "collider2": {
            "type": "Box",
            "collider2origin": [
                [
                    0.32289270289085403,
                    -0.5904260594075398,
                    0.7396873466487871,
                    0.699138070398336
                ],
                [
                    -0.2362172367939194,
                    -0.8070917347774269,
                    -0.5411139886340114,
                    -0.8396231793786951
                ],
                [
                    0.916483343799157,
                    -5.14275471570008e-06,
                    -0.4000728440075232,
                    -0.6304138191792266
                ],
                [
                    0.0,
                    0.0,
                    0.0,
                    1.0
                ]
            ],
            "size": [
                0.1202,
                0.13634,
                0.67816
            ]
        },
        "distance": 0.10509075271135569
    },
    {
        "case": 1,
        "collider1": {
            "type": "Box",
            "collider2origin": [
                [
                    1.0,
                    0.0,
                    0.0,
                    -0.26
                ],
                [
                    0.0,
                    1.0,
                    0.0,
                    -0.4608599999999999
                ],
                [
                    0.0,
                    0.0,
                    1.0,
                    -1.143
                ],
                [
                    0.0,
                    0.0,
                    0.0,
                    1.0
                ]
            ],
            "size": [
                1.48,
                0.272,
                0.945
            ]
        },
        "collider2": {
            "type": "Box",
            "collider2origin": [
                [
                    0.32289270289085403,
                    -0.5904260594075398,
                    0.7396873466487871,
                    0.699138070398336
                ],
                [
                    -0.2362172367939194,
                    -0.8070917347774269,
                    -0.5411139886340114,
                    -0.8396231793786951
                ],
                [
                    0.916483343799157,
                    -5.14275471570008e-06,
                    -0.4000728440075232,
                    -0.6304138191792266
                ],
                [
                    0.0,
                    0.0,
                    0.0,
                    1.0
                ]
            ],
            "size": [
                0.1202,
                0.13634,
                0.67816
            ]
        },
        "distance": 0.10474124832410718
    }
]