[
    {
        "case": 0,
        "collider1": {
            "type": "Box",
            "collider2origin": [
                [
                    1.0,
                    0.0,
                    0.0,
                    0.7
                ],
                [
                    0.0,
                    1.0,
                    0.0,
                    -0.15085999999999994
                ],
                [
                    0.0,
                    0.0,
                    1.0,
                    -1.03301
                ],
                [
                    0.0,
                    0.0,
                    0.0,
                    1.0
                ]
            ],
            "size": [
                0.6,
                0.06,
                0.06
            ]
        },
        "collider2": {
            "type": "Box",
            "collider2origin": [
                [
                    -0.0410396372394087,
                    0.998152146664296,
                    -0.044811162501272796,
                    1.004682529218067
                ],
                [
                    0.6742180030086534,
                    0.060764233489627444,
                    0.7360283909927944,
                    -0.28368865691950806
                ],
                [
                    0.7373912344164942,
                    -6.154329854448828e-06,
                    -0.6754658891223471,
                    -0.9034473508432778
                ],
                [
                    0.0,
                    0.0,
                    0.0,
                    1.0
                ]
            ],
            "size": [
                0.1202,
                0.13634,
                0.67816
            ]
        },
        "distance": 0.0
    },
    {
        "case": 1,
        "collider1": {
            "type": "Box",
            "collider2origin": [
                [
                    1.0,
                    0.0,
                    0.0,
                    1.2009999999999998
                ],
                [
                    0.0,
                    1.0,
                    0.0,
                    0.02914
                ],
                [
                    0.0,
                    0.0,
                    1.0,
                    -1.22801
                ],
                [
                    0.0,
                    0.0,
                    0.0,
                    1.0
                ]
            ],
            "size": [
                0.41,
                0.6,
                0.82
            ]
        },
        "collider2": {
            "type": "Box",
            "collider2origin": [
                [
                    -0.0410396372394087,
                    0.998152146664296,
                    -0.044811162501272796,
                    1.004682529218067
                ],
                [
                    0.6742180030086534,
                    0.060764233489627444,
                    0.7360283909927944,
                    -0.28368865691950806
                ],
                [
                    0.7373912344164942,
                    -6.154329854448828e-06,
                    -0.6754658891223471,
                    -0.9034473508432778
                ],
                [
                    0.0,
                    0.0,
                    0.0,
                    1.0
                ]
            ],
            "size": [
                0.1202,
                0.13634,
                0.67816
            ]
        },
        "distance": 0.0
    },
    {
        "case": 2,
        "collider1": {
            "type": "Box",
            "collider2origin": [
                [
                    1.0,
                    0.0,
                    0.0,
                    1.2009999999999998
                ],
                [
                    0.0,
                    1.0,
                    0.0,
                    0.02914
                ],
                [
                    0.0,
                    0.0,
                    1.0,
                    -1.22801
                ],
                [
                    0.0,
                    0.0,
                    0.0,
                    1.0
                ]
            ],
            "size": [
                0.41,
                0.6,
                0.82
            ]
        },
        "collider2": {
            "type": "Box",
            "collider2origin": [
                [
                    -0.0075103906594367244,
                    0.998152089773369,
                    -0.06029925134857778,
                    1.1029986950881752
                ],
                [
                    0.12343597695426657,
                    0.06076516818063188,
                    0.9904903603414449,
                    -0.05945523415722731
                ],
                [
                    0.9923241172245529,
                    -4.127449252072166e-06,
                    -0.12366424850164141,
                    -1.10108935606105
                ],
                [
                    0.0,
                    0.0,
                    0.0,
                    1.0
                ]
            ],
            "size": [
                0.09102,
                0.10007,
                0.11882
            ]
        },
        "distance": 0.0
    },
    {
        "case": 3,
        "collider1": {
            "type": "Box",
            "collider2origin": [
                [
                    1.0,
                    0.0,
                    0.0,
                    1.2009999999999998
                ],
                [
                    0.0,
                    1.0,
                    0.0,
                    0.02914
                ],
                [
                    0.0,
                    0.0,
                    1.0,
                    -1.22801
                ],
                [
                    0.0,
                    0.0,
                    0.0,
                    1.0
                ]
            ],
            "size": [
                0.41,
                0.6,
                0.82
            ]
        },
        "collider2": {
            "type": "Box",
            "collider2origin": [
                [
                    -0.020843678211935345,
                    -0.997962695377637,
                    -0.06029925134857778,
                    1.0982198891764698
                ],
                [
                    -0.12511212031315141,
                    -0.057234634806402236,
                    0.9904903603414449,
                    0.04899154765905567
                ],
                [
                    -0.9919236353819505,
                    0.028189629532497183,
                    -0.12366424850164141,
                    -1.1144022980142154
                ],
                [
                    0.0,
                    0.0,
                    0.0,
                    1.0
                ]
            ],
            "size": [
                0.09126,
                0.11887,
                0.10009
            ]
        },
        "distance": 0.0
    },
    {
        "case": 4,
        "collider1": {
            "type": "Box",
            "collider2origin": [
                [
                    1.0,
                    0.0,
                    0.0,
                    1.2009999999999998
                ],
                [
                    0.0,
                    1.0,
                    0.0,
                    0.02914
                ],
                [
                    0.0,
                    0.0,
                    1.0,
                    -1.22801
                ],
                [
                    0.0,
                    0.0,
                    0.0,
                    1.0
                ]
            ],
            "size": [
                0.41,
                0.6,
                0.82
            ]
        },
        "collider2": {
            "type": "Box",
            "collider2origin": [
                [
                    -0.021614997287870592,
                    -0.9979622533673458,
                    0.06003442967343737,
                    1.0235239782156895
                ],
                [
                    0.7189948219892591,
                    -0.05724081734184026,
                    -0.6926542678585554,
                    0.04778287207751308
                ],
                [
                    0.6946792337797919,
                    0.028192723955085132,
                    0.7187669528234538,
                    -1.1120224684763915
                ],
                [
                    0.0,
                    0.0,
                    0.0,
                    1.0
                ]
            ],
            "size": [
                0.08993,
                0.0305,
                0.09007
            ]
        },
        "distance": 0.0
    }
]