[
    {
        "case": 0,
        "collider1": {
            "type": "Box",
            "collider2origin": [
                [
                    1.0,
                    0.0,
                    0.0,
                    0.5199999999999999
                ],
                [
                    0.0,
                    1.0,
                    0.0,
                    -0.43085999999999997
                ],
                [
                    0.0,
                    0.0,
                    1.0,
                    -0.80301
                ],
                [
                    0.0,
                    0.0,
                    0.0,
                    1.0
                ]
            ],
            "size": [
                0.2,
                0.08,
                0.04
            ]
        },
        "collider2": {
            "type": "Box",
            "collider2origin": [
                [
                    -0.16200544413503926,
                    0.9086309741907138,
                    -0.38489477628547075,
                    0.7034135585400216
                ],
                [
                    0.35250925896260527,
                    0.4175999912778277,
                    0.83746490650677,
                    -0.23925033592667522
                ],
                [
                    0.9216786090694755,
                    -5.0982408306427445e-06,
                    -0.3879543034401918,
                    -0.7357808878741087
                ],
                [
                    0.0,
                    0.0,
                    0.0,
                    1.0
                ]
            ],
            "size": [
                0.1202,
                0.13634,
                0.67816
            ]
        },
        "distance": 0.07468169371882163
    },
    {
        "case": 1,
        "collider1": {
            "type": "Cylinder",
            "collider2origin": [
                [
                    1.0,
                    0.0,
                    0.0,
                    0.4849999999999999
                ],
                [
                    0.0,
                    -3.673205103346574e-06,
                    -0.9999999999932537,
                    -0.46086
                ],
                [
                    0.0,
                    0.9999999999932537,
                    -3.673205103346574e-06,
                    -0.70001
                ],
                [
                    0.0,
                    0.0,
                    0.0,
                    1.0
                ]
            ],
            "radius": 0.026,
            "height": 0.272
        },
        "collider2": {
            "type": "Box",
            "collider2origin": [
                [
                    -0.16200544413503926,
                    0.9086309741907138,
                    -0.38489477628547075,
                    0.7034135585400216
                ],
                [
                    0.35250925896260527,
                    0.4175999912778277,
                    0.83746490650677,
                    -0.23925033592667522
                ],
                [
                    0.9216786090694755,
                    -5.0982408306427445e-06,
                    -0.3879543034401918,
                    -0.7357808878741087
                ],
                [
                    0.0,
                    0.0,
                    0.0,
                    1.0
                ]
            ],
            "size": [
                0.1202,
                0.13634,
                0.67816
            ]
        },
        "distance": 0.142413696484942
    },
    {
        "case": 2,
        "collider1": {
            "type": "Box",
            "collider2origin": [
                [
                    1.0,
                    0.0,
                    0.0,
                    1.23
                ],
                [
                    0.0,
                    1.0,
                    0.0,
                    -0.23086
                ],
                [
                    0.0,
                    0.0,
                    1.0,
                    -0.54301
                ],
                [
                    0.0,
                    0.0,
                    0.0,
                    1.0
                ]
            ],
            "size": [
                0.1,
                0.16,
                0.1
            ]
        },
        "collider2": {
            "type": "Box",
            "collider2origin": [
                [
                    -0.17347755838001114,
                    0.9086309926765684,
                    -0.3798621537954304,
                    1.0446636043720083
                ],
                [
                    0.3774708664764501,
                    0.41759995105431014,
                    0.8265143833236998,
                    -0.6792199856103257
                ],
                [
                    0.9096270014132317,
                    -5.199149815643329e-06,
                    -0.4154259480014952,
                    -0.49740592332628397
                ],
                [
                    0.0,
                    0.0,
                    0.0,
                    1.0
                ]
            ],
            "size": [
                0.15068,
                0.17726,
                0.74884
            ]
        },
        "distance": 0.18816818539004537
    },
    {
        "case": 3,
        "collider1": {
            "type": "Box",
            "collider2origin": [
                [
                    1.0,
                    0.0,
                    0.0,
                    1.23
                ],
                [
                    0.0,
                    1.0,
                    0.0,
                    -0.23086
                ],
                [
                    0.0,
                    0.0,
                    1.0,
                    -0.54301
                ],
                [
                    0.0,
                    0.0,
                    0.0,
                    1.0
                ]
            ],
            "size": [
                0.1,
                0.16,
                0.1
            ]
        },
        "collider2": {
            "type": "Box",
            "collider2origin": [
                [
                    -0.17347755838001114,
                    0.9086309926765684,
                    -0.3798621537954304,
                    1.0446636043720083
                ],
                [
                    0.3774708664764501,
                    0.41759995105431014,
                    0.8265143833236998,
                    -0.6792199856103257
                ],
                [
                    0.9096270014132317,
                    -5.199149815643329e-06,
                    -0.4154259480014952,
                    -0.49740592332628397
                ],
                [
                    0.0,
                    0.0,
                    0.0,
                    1.0
                ]
            ],
            "size": [
                0.15068,
                0.17726,
                0.74884
            ]
        },
        "distance": 0.18816818539004537
    }
]