[
    {
        "case": 0,
        "collider1": {
            "type": "Box",
            "collider2origin": [
                [
                    1.0,
                    0.0,
                    0.0,
                    0.7
                ],
                [
                    0.0,
                    1.0,
                    0.0,
                    -0.15085999999999994
                ],
                [
                    0.0,
                    0.0,
                    1.0,
                    -1.03301
                ],
                [
                    0.0,
                    0.0,
                    0.0,
                    1.0
                ]
            ],
            "size": [
                0.6,
                0.06,
                0.06
            ]
        },
        "collider2": {
            "type": "Box",
            "collider2origin": [
                [
                    -0.6328013726449441,
                    0.7741674472915129,
                    -0.015072701576600843,
                    0.8608510339361757
                ],
                [
                    -0.6705326682378944,
                    -0.5576178482095868,
                    -0.48933452380133574,
                    -0.24724787626134181
                ],
                [
                    -0.38723166658273755,
                    -0.2995448195383337,
                    0.871965903853644,
                    -1.1294037825344856
                ],
                [
                    0.0,
                    0.0,
                    0.0,
                    1.0
                ]
            ],
            "size": [
                0.09126,
                0.11887,
                0.10009
            ]
        },
        "distance": 0.017442905793412473
    },
    {
        "case": 1,
        "collider1": {
            "type": "Box",
            "collider2origin": [
                [
                    1.0,
                    0.0,
                    0.0,
                    0.7
                ],
                [
                    0.0,
                    1.0,
                    0.0,
                    -0.15085999999999994
                ],
                [
                    0.0,
                    0.0,
                    1.0,
                    -1.03301
                ],
                [
                    0.0,
                    0.0,
                    0.0,
                    1.0
                ]
            ],
            "size": [
                0.6,
                0.06,
                0.06
            ]
        },
        "collider2": {
            "type": "Box",
            "collider2origin": [
                [
                    -0.0252197603578582,
                    -0.9995258474235463,
                    0.017664767752041295,
                    0.9714296062234664
                ],
                [
                    -0.8188011588610596,
                    0.030790912418907117,
                    0.5732508891926789,
                    -0.36207680395251474
                ],
                [
                    -0.5735229951233674,
                    -6.682256014401352e-06,
                    -0.8191894616143869,
                    -0.9871744851805352
                ],
                [
                    0.0,
                    0.0,
                    0.0,
                    1.0
                ]
            ],
            "size": [
                0.1202,
                0.13634,
                0.67816
            ]
        },
        "distance": 0.04319412502896537
    },
    {
        "case": 2,
        "collider1": {
            "type": "Box",
            "collider2origin": [
                [
                    1.0,
                    0.0,
                    0.0,
                    1.2009999999999998
                ],
                [
                    0.0,
                    1.0,
                    0.0,
                    0.02914
                ],
                [
                    0.0,
                    0.0,
                    1.0,
                    -1.22801
                ],
                [
                    0.0,
                    0.0,
                    0.0,
                    1.0
                ]
            ],
            "size": [
                0.41,
                0.6,
                0.82
            ]
        },
        "collider2": {
            "type": "Box",
            "collider2origin": [
                [
                    -0.0252197603578582,
                    -0.9995258474235463,
                    0.017664767752041295,
                    0.9714296062234664
                ],
                [
                    -0.8188011588610596,
                    0.030790912418907117,
                    0.5732508891926789,
                    -0.36207680395251474
                ],
                [
                    -0.5735229951233674,
                    -6.682256014401352e-06,
                    -0.8191894616143869,
                    -0.9871744851805352
                ],
                [
                    0.0,
                    0.0,
                    0.0,
                    1.0
                ]
            ],
            "size": [
                0.1202,
                0.13634,
                0.67816
            ]
        },
        "distance": 0.0
    }
]