[
    {
        "case": 0,
        "collider1": {
            "type": "Box",
            "collider2origin": [
                [
                    1.0,
                    0.0,
                    0.0,
                    1.23
                ],
                [
                    0.0,
                    1.0,
                    0.0,
                    -0.23086
                ],
                [
                    0.0,
                    0.0,
                    1.0,
                    -0.54301
                ],
                [
                    0.0,
                    0.0,
                    0.0,
                    1.0
                ]
            ],
            "size": [
                0.1,
                0.16,
                0.1
            ]
        },
        "collider2": {
            "type": "Box",
            "collider2origin": [
                [
                    0.252587445787623,
                    0.9419569852232924,
                    0.2211710202977112,
                    1.2998148024690188
                ],
                [
                    0.7086638973973434,
                    -0.3357335817990437,
                    0.6205468899108206,
                    -0.3023909048316804
                ],
                [
                    0.6587830164447865,
                    -6.4366785045240395e-06,
                    -0.7523329962207406,
                    -0.3690129270222191
                ],
                [
                    0.0,
                    0.0,
                    0.0,
                    1.0
                ]
            ],
            "size": [
                0.1202,
                0.13634,
                0.67816
            ]
        },
        "distance": 0.0
    },
    {
        "case": 1,
        "collider1": {
            "type": "Box",
            "collider2origin": [
                [
                    1.0,
                    0.0,
                    0.0,
                    1.28
                ],
                [
                    0.0,
                    1.0,
                    0.0,
                    -0.23086
                ],
                [
                    0.0,
                    0.0,
                    1.0,
                    -0.67301
                ],
                [
                    0.0,
                    0.0,
                    0.0,
                    1.0
                ]
            ],
            "size": [
                0.06,
                0.06,
                0.33
            ]
        },
        "collider2": {
            "type": "Box",
            "collider2origin": [
                [
                    0.252587445787623,
                    0.9419569852232924,
                    0.2211710202977112,
                    1.2998148024690188
                ],
                [
                    0.7086638973973434,
                    -0.3357335817990437,
                    0.6205468899108206,
                    -0.3023909048316804
                ],
                [
                    0.6587830164447865,
                    -6.4366785045240395e-06,
                    -0.7523329962207406,
                    -0.3690129270222191
                ],
                [
                    0.0,
                    0.0,
                    0.0,
                    1.0
                ]
            ],
            "size": [
                0.1202,
                0.13634,
                0.67816
            ]
        },
        "distance": 0.0
    }
]