[
    {
        "case": 0,
        "collider1": {
            "type": "Box",
            "collider2origin": [
                [
                    1.0,
                    0.0,
                    0.0,
                    1.2009999999999998
                ],
                [
                    0.0,
                    1.0,
                    0.0,
                    0.02914
                ],
                [
                    0.0,
                    0.0,
                    1.0,
                    -1.22801
                ],
                [
                    0.0,
                    0.0,
                    0.0,
                    1.0
                ]
            ],
            "size": [
                0.41,
                0.6,
                0.82
            ]
        },
        "collider2": {
            "type": "Box",
            "collider2origin": [
                [
                    0.2445364524737333,
                    0.9289617181164264,
                    0.27790654847581153,
                    1.2331190513848878
                ],
                [
                    0.6136555143089129,
                    -0.3701758044996608,
                    0.697421524991373,
                    -0.5451893054259083
                ],
                [
                    0.7507521782651216,
                    -6.099665472510879e-06,
                    -0.6605839589279843,
                    -1.0923304763512371
                ],
                [
                    0.0,
                    0.0,
                    0.0,
                    1.0
                ]
            ],
            "size": [
                0.1202,
                0.13634,
                0.67816
            ]
        },
        "distance": 0.0
    },
    {
        "case": 1,
        "collider1": {
            "type": "Box",
            "collider2origin": [
                [
                    1.0,
                    0.0,
                    0.0,
                    1.28
                ],
                [
                    0.0,
                    1.0,
                    0.0,
                    -0.23086
                ],
                [
                    0.0,
                    0.0,
                    1.0,
                    -0.67301
                ],
                [
                    0.0,
                    0.0,
                    0.0,
                    1.0
                ]
            ],
            "size": [
                0.06,
                0.06,
                0.33
            ]
        },
        "collider2": {
            "type": "Box",
            "collider2origin": [
                [
                    0.2445364524737333,
                    0.9289617181164264,
                    0.27790654847581153,
                    1.2331190513848878
                ],
                [
                    0.6136555143089129,
                    -0.3701758044996608,
                    0.697421524991373,
                    -0.5451893054259083
                ],
                [
                    0.7507521782651216,
                    -6.099665472510879e-06,
                    -0.6605839589279843,
                    -1.0923304763512371
                ],
                [
                    0.0,
                    0.0,
                    0.0,
                    1.0
                ]
            ],
            "size": [
                0.1202,
                0.13634,
                0.67816
            ]
        },
        "distance": 0.3101791166584229
    }
]