[
    {
        "case": 0,
        "collider1": {
            "type": "Box",
            "collider2origin": [
                [
                    1.0,
                    0.0,
                    0.0,
                    0.246
                ],
                [
                    0.0,
                    1.0,
                    0.0,
                    -0.24786000000000002
                ],
                [
                    0.0,
                    0.0,
                    1.0,
                    -0.71801
                ],
                [
                    0.0,
                    0.0,
                    0.0,
                    1.0
                ]
            ],
            "size": [
                0.12,
                0.16,
                0.08
            ]
        },
        "collider2": {
            "type": "Cylinder",
            "collider2origin": [
                [
                    -0.44957598522085673,
                    0.15966104357116867,
                    -0.8788570900200217,
                    0.3118795211026698
                ],
                [
                    0.8569247044167639,
                    -0.20060918531134653,
                    -0.474801016983914,
                    -0.2031792166999855
                ],
                [
                    -0.25211403069432137,
                    -0.9665734870843923,
                    -0.04662842043839385,
                    -0.6851279557208846
                ],
                [
                    0.0,
                    0.0,
                    0.0,
                    1.0
                ]
            ],
            "radius": 0.00783,
            "height": 0.03683
        },
        "distance": 0.0
    },
    {
        "case": 1,
        "collider1": {
            "type": "Box",
            "collider2origin": [
                [
                    1.0,
                    0.0,
                    0.0,
                    0.28600000000000003
                ],
                [
                    0.0,
                    1.0,
                    0.0,
                    -0.19785999999999998
                ],
                [
                    0.0,
                    0.0,
                    1.0,
                    -0.70601
                ],
                [
                    0.0,
                    0.0,
                    0.0,
                    1.0
                ]
            ],
            "size": [
                0.04,
                0.04,
                0.12
            ]
        },
        "collider2": {
            "type": "Cylinder",
            "collider2origin": [
                [
                    -0.44957598522085673,
                    0.15966104357116867,
                    -0.8788570900200217,
                    0.3118795211026698
                ],
                [
                    0.8569247044167639,
                    -0.20060918531134653,
                    -0.474801016983914,
                    -0.2031792166999855
                ],
                [
                    -0.25211403069432137,
                    -0.9665734870843923,
                    -0.04662842043839385,
                    -0.6851279557208846
                ],
                [
                    0.0,
                    0.0,
                    0.0,
                    1.0
                ]
            ],
            "radius": 0.00783,
            "height": 0.03683
        },
        "distance": 0.0
    },
    {
        "case": 2,
        "collider1": {
            "type": "Box",
            "collider2origin": [
                [
                    1.0,
                    0.0,
                    0.0,
                    0.246
                ],
                [
                    0.0,
                    1.0,
                    0.0,
                    -0.24786000000000002
                ],
                [
                    0.0,
                    0.0,
                    1.0,
                    -0.71801
                ],
                [
                    0.0,
                    0.0,
                    0.0,
                    1.0
                ]
            ],
            "size": [
                0.12,
                0.16,
                0.08
            ]
        },
        "collider2": {
            "type": "Cylinder",
            "collider2origin": [
                [
                    -0.13947681350441785,
                    0.41704500444672304,
                    -0.8981200825951314,
                    0.28288419654857677
                ],
                [
                    0.3160742559047203,
                    -0.8407903105523398,
                    -0.4395096340645755,
                    -0.2095238754177291
                ],
                [
                    -0.9384259604512922,
                    -0.34517404008316205,
                    -0.014546436118048586,
                    -0.753079052221373
                ],
                [
                    0.0,
                    0.0,
                    0.0,
                    1.0
                ]
            ],
            "radius": 0.01271,
            "height": 0.05982
        },
        "distance": 0.0
    },
    {
        "case": 3,
        "collider1": {
            "type": "Box",
            "collider2origin": [
                [
                    1.0,
                    0.0,
                    0.0,
                    0.28600000000000003
                ],
                [
                    0.0,
                    1.0,
                    0.0,
                    -0.19785999999999998
                ],
                [
                    0.0,
                    0.0,
                    1.0,
                    -0.70601
                ],
                [
                    0.0,
                    0.0,
                    0.0,
                    1.0
                ]
            ],
            "size": [
                0.04,
                0.04,
                0.12
            ]
        },
        "collider2": {
            "type": "Cylinder",
            "collider2origin": [
                [
                    -0.13947681350441785,
                    0.41704500444672304,
                    -0.8981200825951314,
                    0.28288419654857677
                ],
                [
                    0.3160742559047203,
                    -0.8407903105523398,
                    -0.4395096340645755,
                    -0.2095238754177291
                ],
                [
                    -0.9384259604512922,
                    -0.34517404008316205,
                    -0.014546436118048586,
                    -0.753079052221373
                ],
                [
                    0.0,
                    0.0,
                    0.0,
                    1.0
                ]
            ],
            "radius": 0.01271,
            "height": 0.05982
        },
        "distance": 0.0
    },
    {
        "case": 4,
        "collider1": {
            "type": "Box",
            "collider2origin": [
                [
                    1.0,
                    0.0,
                    0.0,
                    0.246
                ],
                [
                    0.0,
                    1.0,
                    0.0,
                    -0.24786000000000002
                ],
                [
                    0.0,
                    0.0,
                    1.0,
                    -0.71801
                ],
                [
                    0.0,
                    0.0,
                    0.0,
                    1.0
                ]
            ],
            "size": [
                0.12,
                0.16,
                0.08
            ]
        },
        "collider2": {
            "type": "Cylinder",
            "collider2origin": [
                [
                    -0.09291328074556925,
                    0.4932121373745898,
                    -0.8649328932394023,
                    0.296875330526723
                ],
                [
                    0.2920582163863675,
                    -0.8169784358500158,
                    -0.497240619416068,
                    -0.20471542132510812
                ],
                [
                    -0.9518766309256195,
                    -0.29881101536330607,
                    -0.0681385103685224,
                    -0.7520402840832786
                ],
                [
                    0.0,
                    0.0,
                    0.0,
                    1.0
                ]
            ],
            "radius": 0.01169,
            "height": 0.05502
        },
        "distance": 0.0
    },
    {
        "case": 5,
        "collider1": {
            "type": "Box",
            "collider2origin": [
                [
                    1.0,
                    0.0,
                    0.0,
                    0.28600000000000003
                ],
                [
                    0.0,
                    1.0,
                    0.0,
                    -0.19785999999999998
                ],
                [
                    0.0,
                    0.0,
                    1.0,
                    -0.70601
                ],
                [
                    0.0,
                    0.0,
                    0.0,
                    1.0
                ]
            ],
            "size": [
                0.04,
                0.04,
                0.12
            ]
        },
        "collider2": {
            "type": "Cylinder",
            "collider2origin": [
                [
                    -0.09291328074556925,
                    0.4932121373745898,
                    -0.8649328932394023,
                    0.296875330526723
                ],
                [
                    0.2920582163863675,
                    -0.8169784358500158,
                    -0.497240619416068,
                    -0.20471542132510812
                ],
                [
                    -0.9518766309256195,
                    -0.29881101536330607,
                    -0.0681385103685224,
                    -0.7520402840832786
                ],
                [
                    0.0,
                    0.0,
                    0.0,
                    1.0
                ]
            ],
            "radius": 0.01169,
            "height": 0.05502
        },
        "distance": 0.0
    },
    {
        "case": 6,
        "collider1": {
            "type": "Box",
            "collider2origin": [
                [
                    1.0,
                    0.0,
                    0.0,
                    0.246
                ],
                [
                    0.0,
                    1.0,
                    0.0,
                    -0.24786000000000002
                ],
                [
                    0.0,
                    0.0,
                    1.0,
                    -0.71801
                ],
                [
                    0.0,
                    0.0,
                    0.0,
                    1.0
                ]
            ],
            "size": [
                0.12,
                0.16,
                0.08
            ]
        },
        "collider2": {
            "type": "Cylinder",
            "collider2origin": [
                [
                    -0.5683721097258356,
                    -0.16003088577904936,
                    -0.8070583996728954,
                    0.30684448044005475
                ],
                [
                    0.7545005142061842,
                    -0.4925939349058878,
                    -0.433682129394948,
                    -0.18677982052740671
                ],
                [
                    -0.32814953748010245,
                    -0.8554188043822194,
                    0.40072003962977454,
                    -0.7073966323595063
                ],
                [
                    0.0,
                    0.0,
                    0.0,
                    1.0
                ]
            ],
            "radius": 0.00683,
            "height": 0.01183
        },
        "distance": 0.0
    },
    {
        "case": 7,
        "collider1": {
            "type": "Box",
            "collider2origin": [
                [
                    1.0,
                    0.0,
                    0.0,
                    0.28600000000000003
                ],
                [
                    0.0,
                    1.0,
                    0.0,
                    -0.19785999999999998
                ],
                [
                    0.0,
                    0.0,
                    1.0,
                    -0.70601
                ],
                [
                    0.0,
                    0.0,
                    0.0,
                    1.0
                ]
            ],
            "size": [
                0.04,
                0.04,
                0.12
            ]
        },
        "collider2": {
            "type": "Cylinder",
            "collider2origin": [
                [
                    -0.5683721097258356,
                    -0.16003088577904936,
                    -0.8070583996728954,
                    0.30684448044005475
                ],
                [
                    0.7545005142061842,
                    -0.4925939349058878,
                    -0.433682129394948,
                    -0.18677982052740671
                ],
                [
                    -0.32814953748010245,
                    -0.8554188043822194,
                    0.40072003962977454,
                    -0.7073966323595063
                ],
                [
                    0.0,
                    0.0,
                    0.0,
                    1.0
                ]
            ],
            "radius": 0.00683,
            "height": 0.01183
        },
        "distance": 0.0
    },
    {
        "case": 8,
        "collider1": {
            "type": "Box",
            "collider2origin": [
                [
                    1.0,
                    0.0,
                    0.0,
                    0.246
                ],
                [
                    0.0,
                    1.0,
                    0.0,
                    -0.24786000000000002
                ],
                [
                    0.0,
                    0.0,
                    1.0,
                    -0.71801
                ],
                [
                    0.0,
                    0.0,
                    0.0,
                    1.0
                ]
            ],
            "size": [
                0.12,
                0.16,
                0.08
            ]
        },
        "collider2": {
            "type": "Cylinder",
            "collider2origin": [
                [
                    -0.5683721097258356,
                    -0.16003088577904936,
                    -0.8070583996728954,
                    0.2936724471733948
                ],
                [
                    0.7545005142061842,
                    -0.4925939349058878,
                    -0.433682129394948,
                    -0.19386007581335818
                ],
                [
                    -0.32814953748010245,
                    -0.8554188043822194,
                    0.40072003962977454,
                    -0.7008613186939086
                ],
                [
                    0.0,
                    0.0,
                    0.0,
                    1.0
                ]
            ],
            "radius": 0.00683,
            "height": 0.01782
        },
        "distance": 0.0
    },
    {
        "case": 9,
        "collider1": {
            "type": "Box",
            "collider2origin": [
                [
                    1.0,
                    0.0,
                    0.0,
                    0.28600000000000003
                ],
                [
                    0.0,
                    1.0,
                    0.0,
                    -0.19785999999999998
                ],
                [
                    0.0,
                    0.0,
                    1.0,
                    -0.70601
                ],
                [
                    0.0,
                    0.0,
                    0.0,
                    1.0
                ]
            ],
            "size": [
                0.04,
                0.04,
                0.12
            ]
        },
        "collider2": {
            "type": "Cylinder",
            "collider2origin": [
                [
                    -0.5683721097258356,
                    -0.16003088577904936,
                    -0.8070583996728954,
                    0.2936724471733948
                ],
                [
                    0.7545005142061842,
                    -0.4925939349058878,
                    -0.433682129394948,
                    -0.19386007581335818
                ],
                [
                    -0.32814953748010245,
                    -0.8554188043822194,
                    0.40072003962977454,
                    -0.7008613186939086
                ],
                [
                    0.0,
                    0.0,
                    0.0,
                    1.0
                ]
            ],
            "radius": 0.00683,
            "height": 0.01782
        },
        "distance": 0.0
    },
    {
        "case": 10,
        "collider1": {
            "type": "Box",
            "collider2origin": [
                [
                    1.0,
                    0.0,
                    0.0,
                    0.246
                ],
                [
                    0.0,
                    1.0,
                    0.0,
                    -0.24786000000000002
                ],
                [
                    0.0,
                    0.0,
                    1.0,
                    -0.71801
                ],
                [
                    0.0,
                    0.0,
                    0.0,
                    1.0
                ]
            ],
            "size": [
                0.12,
                0.16,
                0.08
            ]
        },
        "collider2": {
            "type": "Box",
            "collider2origin": [
                [
                    -0.5433673519770783,
                    0.7483848575993862,
                    0.38035776016976974,
                    0.11881843725237229
                ],
                [
                    0.7425888658664503,
                    0.6398030055865216,
                    -0.19802497401497657,
                    -0.3541792575593087
                ],
                [
                    -0.3915529301340965,
                    0.17484913199212512,
                    -0.9033903275688773,
                    -0.749618222692836
                ],
                [
                    0.0,
                    0.0,
                    0.0,
                    1.0
                ]
            ],
            "size": [
                0.09126,
                0.11887,
                0.10009
            ]
        },
        "distance": 0.00621450938341021
    },
    {
        "case": 11,
        "collider1": {
            "type": "Box",
            "collider2origin": [
                [
                    1.0,
                    0.0,
                    0.0,
                    -0.26
                ],
                [
                    0.0,
                    1.0,
                    0.0,
                    -0.4608599999999999
                ],
                [
                    0.0,
                    0.0,
                    1.0,
                    -1.143
                ],
                [
                    0.0,
                    0.0,
                    0.0,
                    1.0
                ]
            ],
            "size": [
                1.48,
                0.272,
                0.945
            ]
        },
        "collider2": {
            "type": "Box",
            "collider2origin": [
                [
                    -0.5433673519770783,
                    0.7483848575993862,
                    0.38035776016976974,
                    0.11881843725237229
                ],
                [
                    0.7425888658664503,
                    0.6398030055865216,
                    -0.19802497401497657,
                    -0.3541792575593087
                ],
                [
                    -0.3915529301340965,
                    0.17484913199212512,
                    -0.9033903275688773,
                    -0.749618222692836
                ],
                [
                    0.0,
                    0.0,
                    0.0,
                    1.0
                ]
            ],
            "size": [
                0.09126,
                0.11887,
                0.10009
            ]
        },
        "distance": 0.0
    },
    {
        "case": 12,
        "collider1": {
            "type": "Box",
            "collider2origin": [
                [
                    1.0,
                    0.0,
                    0.0,
                    0.246
                ],
                [
                    0.0,
                    1.0,
                    0.0,
                    -0.24786000000000002
                ],
                [
                    0.0,
                    0.0,
                    1.0,
                    -0.71801
                ],
                [
                    0.0,
                    0.0,
                    0.0,
                    1.0
                ]
            ],
            "size": [
                0.12,
                0.16,
                0.08
            ]
        },
        "collider2": {
            "type": "Box",
            "collider2origin": [
                [
                    -0.42076093215407434,
                    0.6629116229659576,
                    0.6192805649376327,
                    0.2360435834165341
                ],
                [
                    0.7761935507864469,
                    0.6164199725699097,
                    -0.132476371985492,
                    -0.25189386087462806
                ],
                [
                    -0.46955703560947837,
                    0.4249406988669726,
                    -0.7739131687444573,
                    -0.7204624146524757
                ],
                [
                    0.0,
                    0.0,
                    0.0,
                    1.0
                ]
            ],
            "size": [
                0.06241,
                0.05638,
                0.02858
            ]
        },
        "distance": 0.0
    },
    {
        "case": 13,
        "collider1": {
            "type": "Box",
            "collider2origin": [
                [
                    1.0,
                    0.0,
                    0.0,
                    0.28600000000000003
                ],
                [
                    0.0,
                    1.0,
                    0.0,
                    -0.19785999999999998
                ],
                [
                    0.0,
                    0.0,
                    1.0,
                    -0.70601
                ],
                [
                    0.0,
                    0.0,
                    0.0,
                    1.0
                ]
            ],
            "size": [
                0.04,
                0.04,
                0.12
            ]
        },
        "collider2": {
            "type": "Box",
            "collider2origin": [
                [
                    -0.42076093215407434,
                    0.6629116229659576,
                    0.6192805649376327,
                    0.2360435834165341
                ],
                [
                    0.7761935507864469,
                    0.6164199725699097,
                    -0.132476371985492,
                    -0.25189386087462806
                ],
                [
                    -0.46955703560947837,
                    0.4249406988669726,
                    -0.7739131687444573,
                    -0.7204624146524757
                ],
                [
                    0.0,
                    0.0,
                    0.0,
                    1.0
                ]
            ],
            "size": [
                0.06241,
                0.05638,
                0.02858
            ]
        },
        "distance": 0.010967332755791486
    },
    {
        "case": 14,
        "collider1": {
            "type": "Box",
            "collider2origin": [
                [
                    1.0,
                    0.0,
                    0.0,
                    0.246
                ],
                [
                    0.0,
                    1.0,
                    0.0,
                    -0.24786000000000002
                ],
                [
                    0.0,
                    0.0,
                    1.0,
                    -0.71801
                ],
                [
                    0.0,
                    0.0,
                    0.0,
                    1.0
                ]
            ],
            "size": [
                0.12,
                0.16,
                0.08
            ]
        },
        "collider2": {
            "type": "Box",
            "collider2origin": [
                [
                    -0.34187706167967935,
                    0.7483813727247023,
                    -0.5683708258311281,
                    0.17561952006996362
                ],
                [
                    0.1461997651717713,
                    0.6398065044134575,
                    0.7545019983896336,
                    -0.3064561594457008
                ],
                [
                    0.9283025925639695,
                    0.17485124497389742,
                    -0.328148348723699,
                    -0.7402527322686681
                ],
                [
                    0.0,
                    0.0,
                    0.0,
                    1.0
                ]
            ],
            "size": [
                0.08993,
                0.0305,
                0.09007
            ]
        },
        "distance": 0.0
    },
    {
        "case": 15,
        "collider1": {
            "type": "Box",
            "collider2origin": [
                [
                    1.0,
                    0.0,
                    0.0,
                    -0.26
                ],
                [
                    0.0,
                    1.0,
                    0.0,
                    -0.4608599999999999
                ],
                [
                    0.0,
                    0.0,
                    1.0,
                    -1.143
                ],
                [
                    0.0,
                    0.0,
                    0.0,
                    1.0
                ]
            ],
            "size": [
                1.48,
                0.272,
                0.945
            ]
        },
        "collider2": {
            "type": "Box",
            "collider2origin": [
                [
                    -0.34187706167967935,
                    0.7483813727247023,
                    -0.5683708258311281,
                    0.17561952006996362
                ],
                [
                    0.1461997651717713,
                    0.6398065044134575,
                    0.7545019983896336,
                    -0.3064561594457008
                ],
                [
                    0.9283025925639695,
                    0.17485124497389742,
                    -0.328148348723699,
                    -0.7402527322686681
                ],
                [
                    0.0,
                    0.0,
                    0.0,
                    1.0
                ]
            ],
            "size": [
                0.08993,
                0.0305,
                0.09007
            ]
        },
        "distance": 0.0
    },
    {
        "case": 16,
        "collider1": {
            "type": "Box",
            "collider2origin": [
                [
                    1.0,
                    0.0,
                    0.0,
                    0.246
                ],
                [
                    0.0,
                    1.0,
                    0.0,
                    -0.24786000000000002
                ],
                [
                    0.0,
                    0.0,
                    1.0,
                    -0.71801
                ],
                [
                    0.0,
                    0.0,
                    0.0,
                    1.0
                ]
            ],
            "size": [
                0.12,
                0.16,
                0.08
            ]
        },
        "collider2": {
            "type": "Cylinder",
            "collider2origin": [
                [
                    -0.29683156139619776,
                    -0.27556361935153173,
                    -0.9143061390196275,
                    0.3181819440776398
                ],
                [
                    0.940281448270021,
                    -0.2514026580585444,
                    -0.22949401203589154,
                    -0.226536110958105
                ],
                [
                    -0.16661879305266525,
                    -0.9278261664832383,
                    0.33373160262505913,
                    -0.695849043254524
                ],
                [
                    0.0,
                    0.0,
                    0.0,
                    1.0
                ]
            ],
            "radius": 0.00783,
            "height": 0.03044
        },
        "distance": 0.0
    },
    {
        "case": 17,
        "collider1": {
            "type": "Box",
            "collider2origin": [
                [
                    1.0,
                    0.0,
                    0.0,
                    0.28600000000000003
                ],
                [
                    0.0,
                    1.0,
                    0.0,
                    -0.19785999999999998
                ],
                [
                    0.0,
                    0.0,
                    1.0,
                    -0.70601
                ],
                [
                    0.0,
                    0.0,
                    0.0,
                    1.0
                ]
            ],
            "size": [
                0.04,
                0.04,
                0.12
            ]
        },
        "collider2": {
            "type": "Cylinder",
            "collider2origin": [
                [
                    -0.29683156139619776,
                    -0.27556361935153173,
                    -0.9143061390196275,
                    0.3181819440776398
                ],
                [
                    0.940281448270021,
                    -0.2514026580585444,
                    -0.22949401203589154,
                    -0.226536110958105
                ],
                [
                    -0.16661879305266525,
                    -0.9278261664832383,
                    0.33373160262505913,
                    -0.695849043254524
                ],
                [
                    0.0,
                    0.0,
                    0.0,
                    1.0
                ]
            ],
            "radius": 0.00783,
            "height": 0.03044
        },
        "distance": 0.003550786414749842
    },
    {
        "case": 18,
        "collider1": {
            "type": "Box",
            "collider2origin": [
                [
                    1.0,
                    0.0,
                    0.0,
                    0.246
                ],
                [
                    0.0,
                    1.0,
                    0.0,
                    -0.24786000000000002
                ],
                [
                    0.0,
                    0.0,
                    1.0,
                    -0.71801
                ],
                [
                    0.0,
                    0.0,
                    0.0,
                    1.0
                ]
            ],
            "size": [
                0.12,
                0.16,
                0.08
            ]
        },
        "collider2": {
            "type": "Box",
            "collider2origin": [
                [
                    -0.5411861974455421,
                    0.6629077402001831,
                    0.5173691406308659,
                    0.26786633825761375
                ],
                [
                    0.786719340659752,
                    0.616422211484543,
                    0.03311096827926129,
                    -0.21902157379640452
                ],
                [
                    -0.296968312663691,
                    0.42494350821161064,
                    -0.8551215329428256,
                    -0.6972865496940457
                ],
                [
                    0.0,
                    0.0,
                    0.0,
                    1.0
                ]
            ],
            "size": [
                0.07264,
                0.04753,
                0.03326
            ]
        },
        "distance": 0.0
    },
    {
        "case": 19,
        "collider1": {
            "type": "Box",
            "collider2origin": [
                [
                    1.0,
                    0.0,
                    0.0,
                    0.28600000000000003
                ],
                [
                    0.0,
                    1.0,
                    0.0,
                    -0.19785999999999998
                ],
                [
                    0.0,
                    0.0,
                    1.0,
                    -0.70601
                ],
                [
                    0.0,
                    0.0,
                    0.0,
                    1.0
                ]
            ],
            "size": [
                0.04,
                0.04,
                0.12
            ]
        },
        "collider2": {
            "type": "Box",
            "collider2origin": [
                [
                    -0.5411861974455421,
                    0.6629077402001831,
                    0.5173691406308659,
                    0.26786633825761375
                ],
                [
                    0.786719340659752,
                    0.616422211484543,
                    0.03311096827926129,
                    -0.21902157379640452
                ],
                [
                    -0.296968312663691,
                    0.42494350821161064,
                    -0.8551215329428256,
                    -0.6972865496940457
                ],
                [
                    0.0,
                    0.0,
                    0.0,
                    1.0
                ]
            ],
            "size": [
                0.07264,
                0.04753,
                0.03326
            ]
        },
        "distance": 0.0
    },
    {
        "case": 20,
        "collider1": {
            "type": "Box",
            "collider2origin": [
                [
                    1.0,
                    0.0,
                    0.0,
                    0.205
                ],
                [
                    0.0,
                    1.0,
                    0.0,
                    -0.17586
                ],
                [
                    0.0,
                    0.0,
                    1.0,
                    -0.10301
                ],
                [
                    0.0,
                    0.0,
                    0.0,
                    1.0
                ]
            ],
            "size": [
                0.05,
                0.05,
                1.2
            ]
        },
        "collider2": {
            "type": "Box",
            "collider2origin": [
                [
                    -0.5411861974455421,
                    0.6629077402001831,
                    0.5173691406308659,
                    0.26786633825761375
                ],
                [
                    0.786719340659752,
                    0.616422211484543,
                    0.03311096827926129,
                    -0.21902157379640452
                ],
                [
                    -0.296968312663691,
                    0.42494350821161064,
                    -0.8551215329428256,
                    -0.6972865496940457
                ],
                [
                    0.0,
                    0.0,
                    0.0,
                    1.0
                ]
            ],
            "size": [
                0.07264,
                0.04753,
                0.03326
            ]
        },
        "distance": 0.0
    },
    {
        "case": 21,
        "collider1": {
            "type": "Box",
            "collider2origin": [
                [
                    1.0,
                    0.0,
                    0.0,
                    -0.08500000000000019
                ],
                [
                    0.0,
                    1.0,
                    0.0,
                    -0.03585999999999995
                ],
                [
                    0.0,
                    0.0,
                    1.0,
                    -0.81301
                ],
                [
                    0.0,
                    0.0,
                    0.0,
                    1.0
                ]
            ],
            "size": [
                1.01,
                0.28,
                0.27
            ]
        },
        "collider2": {
            "type": "Box",
            "collider2origin": [
                [
                    -0.5411861974455421,
                    0.6629077402001831,
                    0.5173691406308659,
                    0.26786633825761375
                ],
                [
                    0.786719340659752,
                    0.616422211484543,
                    0.03311096827926129,
                    -0.21902157379640452
                ],
                [
                    -0.296968312663691,
                    0.42494350821161064,
                    -0.8551215329428256,
                    -0.6972865496940457
                ],
                [
                    0.0,
                    0.0,
                    0.0,
                    1.0
                ]
            ],
            "size": [
                0.07264,
                0.04753,
                0.03326
            ]
        },
        "distance": 0.0
    },
    {
        "case": 22,
        "collider1": {
            "type": "Box",
            "collider2origin": [
                [
                    1.0,
                    0.0,
                    0.0,
                    -0.26
                ],
                [
                    0.0,
                    1.0,
                    0.0,
                    -0.4608599999999999
                ],
                [
                    0.0,
                    0.0,
                    1.0,
                    -1.143
                ],
                [
                    0.0,
                    0.0,
                    0.0,
                    1.0
                ]
            ],
            "size": [
                1.48,
                0.272,
                0.945
            ]
        },
        "collider2": {
            "type": "Box",
            "collider2origin": [
                [
                    -0.801304468214703,
                    0.461778218951249,
                    0.38035776016976974,
                    0.07395917053822443
                ],
                [
                    0.4171633171948813,
                    0.8869954207623231,
                    -0.19802497401497657,
                    -0.337558376444842
                ],
                [
                    -0.42881921133050294,
                    -6.991543064933674e-06,
                    -0.9033903275688773,
                    -0.6511048083879376
                ],
                [
                    0.0,
                    0.0,
                    0.0,
                    1.0
                ]
            ],
            "size": [
                0.09102,
                0.10007,
                0.11882
            ]
        },
        "distance": 0.0
    },
    {
        "case": 23,
        "collider1": {
            "type": "Box",
            "collider2origin": [
                [
                    1.0,
                    0.0,
                    0.0,
                    0.246
                ],
                [
                    0.0,
                    1.0,
                    0.0,
                    -0.24786000000000002
                ],
                [
                    0.0,
                    0.0,
                    1.0,
                    -0.71801
                ],
                [
                    0.0,
                    0.0,
                    0.0,
                    1.0
                ]
            ],
            "size": [
                0.12,
                0.16,
                0.08
            ]
        },
        "collider2": {
            "type": "Cylinder",
            "collider2origin": [
                [
                    -0.6735292508151565,
                    0.6591175629103299,
                    0.3345480332620724,
                    0.2496200184421249
                ],
                [
                    0.5854068734400623,
                    0.7519949350663003,
                    -0.30298912548763357,
                    -0.17730051422240845
                ],
                [
                    -0.45128388052921187,
                    -0.008225320527353414,
                    -0.8923425369647674,
                    -0.6687550053488036
                ],
                [
                    0.0,
                    0.0,
                    0.0,
                    1.0
                ]
            ],
            "radius": 0.00713,
            "height": 0.01426
        },
        "distance": 0.0
    },
    {
        "case": 24,
        "collider1": {
            "type": "Box",
            "collider2origin": [
                [
                    1.0,
                    0.0,
                    0.0,
                    -0.08500000000000019
                ],
                [
                    0.0,
                    1.0,
                    0.0,
                    -0.03585999999999995
                ],
                [
                    0.0,
                    0.0,
                    1.0,
                    -0.81301
                ],
                [
                    0.0,
                    0.0,
                    0.0,
                    1.0
                ]
            ],
            "size": [
                1.01,
                0.28,
                0.27
            ]
        },
        "collider2": {
            "type": "Cylinder",
            "collider2origin": [
                [
                    -0.6735292508151565,
                    0.6591175629103299,
                    0.3345480332620724,
                    0.2496200184421249
                ],
                [
                    0.5854068734400623,
                    0.7519949350663003,
                    -0.30298912548763357,
                    -0.17730051422240845
                ],
                [
                    -0.45128388052921187,
                    -0.008225320527353414,
                    -0.8923425369647674,
                    -0.6687550053488036
                ],
                [
                    0.0,
                    0.0,
                    0.0,
                    1.0
                ]
            ],
            "radius": 0.00713,
            "height": 0.01426
        },
        "distance": 0.0
    },
    {
        "case": 25,
        "collider1": {
            "type": "Box",
            "collider2origin": [
                [
                    1.0,
                    0.0,
                    0.0,
                    -0.08500000000000019
                ],
                [
                    0.0,
                    1.0,
                    0.0,
                    -0.03585999999999995
                ],
                [
                    0.0,
                    0.0,
                    1.0,
                    -0.81301
                ],
                [
                    0.0,
                    0.0,
                    0.0,
                    1.0
                ]
            ],
            "size": [
                1.01,
                0.28,
                0.27
            ]
        },
        "collider2": {
            "type": "Cylinder",
            "collider2origin": [
                [
                    -0.5683721097258356,
                    -0.5391934540836643,
                    -0.6214688760984971,
                    0.32855232651713095
                ],
                [
                    0.7545005142061842,
                    -0.6428227082673035,
                    -0.13231757176766595,
                    -0.17844730861279334
                ],
                [
                    -0.32814953748010245,
                    -0.5441042039988436,
                    0.7721842372402966,
                    -0.7258372495912262
                ],
                [
                    0.0,
                    0.0,
                    0.0,
                    1.0
                ]
            ],
            "radius": 0.00813,
            "height": 0.03824
        },
        "distance": 0.0
    },
    {
        "case": 26,
        "collider1": {
            "type": "Cylinder",
            "collider2origin": [
                [
                    1.0,
                    0.0,
                    0.0,
                    0.4849999999999999
                ],
                [
                    0.0,
                    -3.673205103346574e-06,
                    -0.9999999999932537,
                    -0.46086
                ],
                [
                    0.0,
                    0.9999999999932537,
                    -3.673205103346574e-06,
                    -0.70001
                ],
                [
                    0.0,
                    0.0,
                    0.0,
                    1.0
                ]
            ],
            "radius": 0.026,
            "height": 0.272
        },
        "collider2": {
            "type": "Box",
            "collider2origin": [
                [
                    -0.3790857196501226,
                    0.4617738762409821,
                    -0.8019095362811985,
                    0.2553174609112948
                ],
                [
                    0.19735860185986964,
                    0.8869976816169748,
                    0.417474184924085,
                    -0.5579726240639171
                ],
                [
                    0.9040705721509056,
                    -5.2430712585784375e-06,
                    -0.4273832010540939,
                    -0.5241572049760722
                ],
                [
                    0.0,
                    0.0,
                    0.0,
                    1.0
                ]
            ],
            "size": [
                0.1202,
                0.13634,
                0.67816
            ]
        },
        "distance": 0.1637440286900675
    },
    {
        "case": 27,
        "collider1": {
            "type": "Box",
            "collider2origin": [
                [
                    1.0,
                    0.0,
                    0.0,
                    -0.26
                ],
                [
                    0.0,
                    1.0,
                    0.0,
                    -0.4608599999999999
                ],
                [
                    0.0,
                    0.0,
                    1.0,
                    -1.143
                ],
                [
                    0.0,
                    0.0,
                    0.0,
                    1.0
                ]
            ],
            "size": [
                1.48,
                0.272,
                0.945
            ]
        },
        "collider2": {
            "type": "Box",
            "collider2origin": [
                [
                    -0.3790857196501226,
                    0.4617738762409821,
                    -0.8019095362811985,
                    0.2553174609112948
                ],
                [
                    0.19735860185986964,
                    0.8869976816169748,
                    0.417474184924085,
                    -0.5579726240639171
                ],
                [
                    0.9040705721509056,
                    -5.2430712585784375e-06,
                    -0.4273832010540939,
                    -0.5241572049760722
                ],
                [
                    0.0,
                    0.0,
                    0.0,
                    1.0
                ]
            ],
            "size": [
                0.1202,
                0.13634,
                0.67816
            ]
        },
        "distance": 0.0
    },
    {
        "case": 28,
        "collider1": {
            "type": "Box",
            "collider2origin": [
                [
                    1.0,
                    0.0,
                    0.0,
                    -0.06
                ],
                [
                    0.0,
                    1.0,
                    0.0,
                    -0.37086
                ],
                [
                    0.0,
                    0.0,
                    1.0,
                    -0.40301
                ],
                [
                    0.0,
                    0.0,
                    0.0,
                    1.0
                ]
            ],
            "size": [
                0.1,
                1.0,
                1.64
            ]
        },
        "collider2": {
            "type": "Box",
            "collider2origin": [
                [
                    -0.3790857196501226,
                    0.4617738762409821,
                    -0.8019095362811985,
                    0.2553174609112948
                ],
                [
                    0.19735860185986964,
                    0.8869976816169748,
                    0.417474184924085,
                    -0.5579726240639171
                ],
                [
                    0.9040705721509056,
                    -5.2430712585784375e-06,
                    -0.4273832010540939,
                    -0.5241572049760722
                ],
                [
                    0.0,
                    0.0,
                    0.0,
                    1.0
                ]
            ],
            "size": [
                0.1202,
                0.13634,
                0.67816
            ]
        },
        "distance": 0.0
    },
    {
        "case": 29,
        "collider1": {
            "type": "Box",
            "collider2origin": [
                [
                    1.0,
                    0.0,
                    0.0,
                    -0.08500000000000019
                ],
                [
                    0.0,
                    1.0,
                    0.0,
                    -0.03585999999999995
                ],
                [
                    0.0,
                    0.0,
                    1.0,
                    -0.81301
                ],
                [
                    0.0,
                    0.0,
                    0.0,
                    1.0
                ]
            ],
            "size": [
                1.01,
                0.28,
                0.27
            ]
        },
        "collider2": {
            "type": "Sphere",
            "collider2origin": [
                [
                    1.0,
                    0.0,
                    0.0,
                    0.3403643066077794
                ],
                [
                    0.0,
                    1.0,
                    0.0,
                    -0.17692376963154144
                ],
                [
                    0.0,
                    0.0,
                    1.0,
                    -0.7427933386246893
                ],
                [
                    0.0,
                    0.0,
                    0.0,
                    1.0
                ]
            ],
            "radius": 0.00563
        },
        "distance": 0.0
    },
    {
        "case": 30,
        "collider1": {
            "type": "Box",
            "collider2origin": [
                [
                    1.0,
                    0.0,
                    0.0,
                    0.246
                ],
                [
                    0.0,
                    1.0,
                    0.0,
                    -0.24786000000000002
                ],
                [
                    0.0,
                    0.0,
                    1.0,
                    -0.71801
                ],
                [
                    0.0,
                    0.0,
                    0.0,
                    1.0
                ]
            ],
            "size": [
                0.12,
                0.16,
                0.08
            ]
        },
        "collider2": {
            "type": "Cylinder",
            "collider2origin": [
                [
                    -0.6828618056847007,
                    0.6452328904446116,
                    0.3425992869600302,
                    0.2546978643672173
                ],
                [
                    0.5602954421423422,
                    0.7634962393103459,
                    -0.32115807645686784,
                    -0.1819257375211759
                ],
                [
                    -0.46879502114628574,
                    -0.0273497650346405,
                    -0.8828834682453863,
                    -0.6826346649172086
                ],
                [
                    0.0,
                    0.0,
                    0.0,
                    1.0
                ]
            ],
            "radius": 0.00713,
            "height": 0.01697
        },
        "distance": 0.0
    },
    {
        "case": 31,
        "collider1": {
            "type": "Box",
            "collider2origin": [
                [
                    1.0,
                    0.0,
                    0.0,
                    -0.08500000000000019
                ],
                [
                    0.0,
                    1.0,
                    0.0,
                    -0.03585999999999995
                ],
                [
                    0.0,
                    0.0,
                    1.0,
                    -0.81301
                ],
                [
                    0.0,
                    0.0,
                    0.0,
                    1.0
                ]
            ],
            "size": [
                1.01,
                0.28,
                0.27
            ]
        },
        "collider2": {
            "type": "Cylinder",
            "collider2origin": [
                [
                    -0.6828618056847007,
                    0.6452328904446116,
                    0.3425992869600302,
                    0.2546978643672173
                ],
                [
                    0.5602954421423422,
                    0.7634962393103459,
                    -0.32115807645686784,
                    -0.1819257375211759
                ],
                [
                    -0.46879502114628574,
                    -0.0273497650346405,
                    -0.8828834682453863,
                    -0.6826346649172086
                ],
                [
                    0.0,
                    0.0,
                    0.0,
                    1.0
                ]
            ],
            "radius": 0.00713,
            "height": 0.01697
        },
        "distance": 0.0
    }
]