[
    {
        "case": 0,
        "collider1": {
            "type": "Box",
            "collider2origin": [
                [
                    1.0,
                    0.0,
                    0.0,
                    1.23
                ],
                [
                    0.0,
                    1.0,
                    0.0,
                    -0.23086
                ],
                [
                    0.0,
                    0.0,
                    1.0,
                    -0.54301
                ],
                [
                    0.0,
                    0.0,
                    0.0,
                    1.0
                ]
            ],
            "size": [
                0.1,
                0.16,
                0.1
            ]
        },
        "collider2": {
            "type": "Box",
            "collider2origin": [
                [
                    0.10910236905191333,
                    0.9929041404314437,
                    0.047307937826072614,
                    1.119992606910197
                ],
                [
                    0.9109290622797916,
                    -0.11891748342648992,
                    0.39505300356986267,
                    -0.4034527878771085
                ],
                [
                    0.39787550384676806,
                    -7.043148250976447e-06,
                    -0.9174394167404591,
                    -0.27019990958417806
                ],
                [
                    0.0,
                    0.0,
                    0.0,
                    1.0
                ]
            ],
            "size": [
                0.1202,
                0.13634,
                0.67816
            ]
        },
        "distance": 0.0
    },
    {
        "case": 1,
        "collider1": {
            "type": "Box",
            "collider2origin": [
                [
                    1.0,
                    0.0,
                    0.0,
                    1.23
                ],
                [
                    0.0,
                    1.0,
                    0.0,
                    -0.23086
                ],
                [
                    0.0,
                    0.0,
                    1.0,
                    -0.54301
                ],
                [
                    0.0,
                    0.0,
                    0.0,
                    1.0
                ]
            ],
            "size": [
                0.1,
                0.16,
                0.1
            ]
        },
        "collider2": {
            "type": "Box",
            "collider2origin": [
                [
                    0.4838553615557887,
                    0.8677469348282961,
                    0.11357484840321644,
                    1.263342307567947
                ],
                [
                    0.207661489501449,
                    -0.23991312514924684,
                    0.9483239942968654,
                    -0.19618442081920628
                ],
                [
                    0.8501533360939992,
                    -0.4352665269432263,
                    -0.2962808729078287,
                    -0.5720451456707654
                ],
                [
                    0.0,
                    0.0,
                    0.0,
                    1.0
                ]
            ],
            "size": [
                0.09126,
                0.11887,
                0.10009
            ]
        },
        "distance": 0.0
    },
    {
        "case": 2,
        "collider1": {
            "type": "Box",
            "collider2origin": [
                [
                    1.0,
                    0.0,
                    0.0,
                    1.28
                ],
                [
                    0.0,
                    1.0,
                    0.0,
                    -0.23086
                ],
                [
                    0.0,
                    0.0,
                    1.0,
                    -0.67301
                ],
                [
                    0.0,
                    0.0,
                    0.0,
                    1.0
                ]
            ],
            "size": [
                0.06,
                0.06,
                0.33
            ]
        },
        "collider2": {
            "type": "Box",
            "collider2origin": [
                [
                    0.4838553615557887,
                    0.8677469348282961,
                    0.11357484840321644,
                    1.263342307567947
                ],
                [
                    0.207661489501449,
                    -0.23991312514924684,
                    0.9483239942968654,
                    -0.19618442081920628
                ],
                [
                    0.8501533360939992,
                    -0.4352665269432263,
                    -0.2962808729078287,
                    -0.5720451456707654
                ],
                [
                    0.0,
                    0.0,
                    0.0,
                    1.0
                ]
            ],
            "size": [
                0.09126,
                0.11887,
                0.10009
            ]
        },
        "distance": 0.0
    },
    {
        "case": 3,
        "collider1": {
            "type": "Box",
            "collider2origin": [
                [
                    1.0,
                    0.0,
                    0.0,
                    1.28
                ],
                [
                    0.0,
                    1.0,
                    0.0,
                    -0.23086
                ],
                [
                    0.0,
                    0.0,
                    1.0,
                    -0.67301
                ],
                [
                    0.0,
                    0.0,
                    0.0,
                    1.0
                ]
            ],
            "size": [
                0.06,
                0.06,
                0.33
            ]
        },
        "collider2": {
            "type": "Box",
            "collider2origin": [
                [
                    -0.471438822498837,
                    0.8677459396260951,
                    -0.1573607984961148,
                    1.3283974404242316
                ],
                [
                    -0.12005300567673685,
                    -0.23992014708631956,
                    -0.9633408528916751,
                    -0.21147057242124245
                ],
                [
                    -0.873689139493499,
                    -0.43526464051712677,
                    0.21728317985201911,
                    -0.6054988000503703
                ],
                [
                    0.0,
                    0.0,
                    0.0,
                    1.0
                ]
            ],
            "size": [
                0.08993,
                0.0305,
                0.09007
            ]
        },
        "distance": 0.0
    },
    {
        "case": 4,
        "collider1": {
            "type": "Box",
            "collider2origin": [
                [
                    1.0,
                    0.0,
                    0.0,
                    1.23
                ],
                [
                    0.0,
                    1.0,
                    0.0,
                    -0.23086
                ],
                [
                    0.0,
                    0.0,
                    1.0,
                    -0.54301
                ],
                [
                    0.0,
                    0.0,
                    0.0,
                    1.0
                ]
            ],
            "size": [
                0.1,
                0.16,
                0.1
            ]
        },
        "collider2": {
            "type": "Box",
            "collider2origin": [
                [
                    0.0352368891184857,
                    0.9929043838433979,
                    0.11357484840321644,
                    1.2450651540545632
                ],
                [
                    0.29417803677186455,
                    -0.11891545114866324,
                    0.9483239942968654,
                    -0.2989613091603538
                ],
                [
                    0.9551008555782488,
                    -4.76150551776771e-06,
                    -0.2962808729078287,
                    -0.5389401697369088
                ],
                [
                    0.0,
                    0.0,
                    0.0,
                    1.0
                ]
            ],
            "size": [
                0.09102,
                0.10007,
                0.11882
            ]
        },
        "distance": 0.0
    },
    {
        "case": 5,
        "collider1": {
            "type": "Box",
            "collider2origin": [
                [
                    1.0,
                    0.0,
                    0.0,
                    1.28
                ],
                [
                    0.0,
                    1.0,
                    0.0,
                    -0.23086
                ],
                [
                    0.0,
                    0.0,
                    1.0,
                    -0.67301
                ],
                [
                    0.0,
                    0.0,
                    0.0,
                    1.0
                ]
            ],
            "size": [
                0.06,
                0.06,
                0.33
            ]
        },
        "collider2": {
            "type": "Box",
            "collider2origin": [
                [
                    0.0352368891184857,
                    0.9929043838433979,
                    0.11357484840321644,
                    1.2450651540545632
                ],
                [
                    0.29417803677186455,
                    -0.11891545114866324,
                    0.9483239942968654,
                    -0.2989613091603538
                ],
                [
                    0.9551008555782488,
                    -4.76150551776771e-06,
                    -0.2962808729078287,
                    -0.5389401697369088
                ],
                [
                    0.0,
                    0.0,
                    0.0,
                    1.0
                ]
            ],
            "size": [
                0.09102,
                0.10007,
                0.11882
            ]
        },
        "distance": 0.0
    }
]