[
    {
        "case": 0,
        "collider1": {
            "type": "Box",
            "collider2origin": [
                [
                    1.0,
                    0.0,
                    0.0,
                    0.0
                ],
                [
                    0.0,
                    1.0,
                    0.0,
                    -0.37086
                ],
                [
                    0.0,
                    0.0,
                    1.0,
                    0.39699
                ],
                [
                    0.0,
                    0.0,
                    0.0,
                    1.0
                ]
            ],
            "size": [
                0.6,
                1.6,
                0.1
            ]
        },
        "collider2": {
            "type": "Box",
            "collider2origin": [
                [
                    -0.5274177904161599,
                    0.4000691564375305,
                    -0.749516607167512,
                    0.392398020508708
                ],
                [
                    -0.23022998295823235,
                    -0.9164849535398445,
                    -0.3271841757819605,
                    -1.3178306009290348
                ],
                [
                    -0.8178169901020569,
                    -1.5593549655952345e-06,
                    0.5754783842143686,
                    0.1982894047909478
                ],
                [
                    0.0,
                    0.0,
                    0.0,
                    1.0
                ]
            ],
            "size": [
                0.1202,
                0.13634,
                0.67816
            ]
        },
        "distance": 0.11350571194177263
    }
]