[
    {
        "case": 0,
        "collider1": {
            "type": "Box",
            "collider2origin": [
                [
                    1.0,
                    0.0,
                    0.0,
                    1.2009999999999998
                ],
                [
                    0.0,
                    1.0,
                    0.0,
                    0.02914
                ],
                [
                    0.0,
                    0.0,
                    1.0,
                    -1.22801
                ],
                [
                    0.0,
                    0.0,
                    0.0,
                    1.0
                ]
            ],
            "size": [
                0.41,
                0.6,
                0.82
            ]
        },
        "collider2": {
            "type": "Box",
            "collider2origin": [
                [
                    0.017071586680413444,
                    -0.9988667725909112,
                    0.04442669852723609,
                    0.9838982804825726
                ],
                [
                    0.3582407487503675,
                    0.047593808507692494,
                    0.9324153555827517,
                    -0.32517394715542625
                ],
                [
                    -0.9334731527274842,
                    -2.3558200755616405e-06,
                    0.3586472823422211,
                    -0.7250019977715588
                ],
                [
                    0.0,
                    0.0,
                    0.0,
                    1.0
                ]
            ],
            "size": [
                0.1202,
                0.13634,
                0.67816
            ]
        },
        "distance": 0.046384537719339536
    }
]