[
    {
        "case": 0,
        "collider1": {
            "type": "Cylinder",
            "collider2origin": [
                [
                    1.0,
                    0.0,
                    0.0,
                    0.4849999999999999
                ],
                [
                    0.0,
                    -3.673205103346574e-06,
                    -0.9999999999932537,
                    -0.46086
                ],
                [
                    0.0,
                    0.9999999999932537,
                    -3.673205103346574e-06,
                    -0.70001
                ],
                [
                    0.0,
                    0.0,
                    0.0,
                    1.0
                ]
            ],
            "radius": 0.026,
            "height": 0.272
        },
        "collider2": {
            "type": "Box",
            "collider2origin": [
                [
                    -0.47715661405740706,
                    -0.8764332050650644,
                    0.06470241665231248,
                    0.5379049129268533
                ],
                [
                    0.8684849976656042,
                    -0.48152345431907845,
                    -0.1177665987043764,
                    -0.4911217680549467
                ],
                [
                    0.1343702887213016,
                    -3.3311595106868804e-08,
                    0.9909311911071084,
                    -0.643828823025806
                ],
                [
                    0.0,
                    0.0,
                    0.0,
                    1.0
                ]
            ],
            "size": [
                0.09102,
                0.10007,
                0.11882
            ]
        },
        "distance": 0.0
    },
    {
        "case": 1,
        "collider1": {
            "type": "Box",
            "collider2origin": [
                [
                    1.0,
                    0.0,
                    0.0,
                    -0.26
                ],
                [
                    0.0,
                    1.0,
                    0.0,
                    -0.4608599999999999
                ],
                [
                    0.0,
                    0.0,
                    1.0,
                    -1.143
                ],
                [
                    0.0,
                    0.0,
                    0.0,
                    1.0
                ]
            ],
            "size": [
                1.48,
                0.272,
                0.945
            ]
        },
        "collider2": {
            "type": "Box",
            "collider2origin": [
                [
                    -0.47715661405740706,
                    -0.8764332050650644,
                    0.06470241665231248,
                    0.5379049129268533
                ],
                [
                    0.8684849976656042,
                    -0.48152345431907845,
                    -0.1177665987043764,
                    -0.4911217680549467
                ],
                [
                    0.1343702887213016,
                    -3.3311595106868804e-08,
                    0.9909311911071084,
                    -0.643828823025806
                ],
                [
                    0.0,
                    0.0,
                    0.0,
                    1.0
                ]
            ],
            "size": [
                0.09102,
                0.10007,
                0.11882
            ]
        },
        "distance": 0.0
    }
]