[
    {
        "case": 0,
        "collider1": {
            "type": "Box",
            "collider2origin": [
                [
                    1.0,
                    0.0,
                    0.0,
                    1.28
                ],
                [
                    0.0,
                    1.0,
                    0.0,
                    -0.23086
                ],
                [
                    0.0,
                    0.0,
                    1.0,
                    -0.67301
                ],
                [
                    0.0,
                    0.0,
                    0.0,
                    1.0
                ]
            ],
            "size": [
                0.06,
                0.06,
                0.33
            ]
        },
        "collider2": {
            "type": "Box",
            "collider2origin": [
                [
                    -0.020351172395169575,
                    0.9546296532072929,
                    0.29709940255656125,
                    1.2719913100762317
                ],
                [
                    -0.06525027953691026,
                    -0.297795609782301,
                    0.9523970683568604,
                    -0.2899508559553903
                ],
                [
                    0.9976613808314407,
                    -3.42214028008584e-06,
                    0.06835034151920374,
                    -0.7344111694042633
                ],
                [
                    0.0,
                    0.0,
                    0.0,
                    1.0
                ]
            ],
            "size": [
                0.1202,
                0.13634,
                0.67816
            ]
        },
        "distance": 0.0
    }
]