[
    {
        "case": 0,
        "collider1": {
            "type": "Box",
            "collider2origin": [
                [
                    1.0,
                    0.0,
                    0.0,
                    -0.26
                ],
                [
                    0.0,
                    1.0,
                    0.0,
                    -0.4608599999999999
                ],
                [
                    0.0,
                    0.0,
                    1.0,
                    -1.143
                ],
                [
                    0.0,
                    0.0,
                    0.0,
                    1.0
                ]
            ],
            "size": [
                1.48,
                0.272,
                0.945
            ]
        },
        "collider2": {
            "type": "Box",
            "collider2origin": [
                [
                    -0.35800844012167254,
                    -0.5659567706242483,
                    -0.742645871587676,
                    0.02184103957158179
                ],
                [
                    0.24576733493097627,
                    -0.8244349178560144,
                    0.5098092616858506,
                    -0.5225415959058677
                ],
                [
                    -0.9007931915165502,
                    -2.078121862251002e-06,
                    0.43424834612593427,
                    -0.7146831686797009
                ],
                [
                    0.0,
                    0.0,
                    0.0,
                    1.0
                ]
            ],
            "size": [
                0.09102,
                0.10007,
                0.11882
            ]
        },
        "distance": 0.0
    },
    {
        "case": 1,
        "collider1": {
            "type": "Box",
            "collider2origin": [
                [
                    1.0,
                    0.0,
                    0.0,
                    -0.06
                ],
                [
                    0.0,
                    1.0,
                    0.0,
                    -0.37086
                ],
                [
                    0.0,
                    0.0,
                    1.0,
                    -0.40301
                ],
                [
                    0.0,
                    0.0,
                    0.0,
                    1.0
                ]
            ],
            "size": [
                0.1,
                1.0,
                1.64
            ]
        },
        "collider2": {
            "type": "Box",
            "collider2origin": [
                [
                    -0.35800844012167254,
                    -0.5659567706242483,
                    -0.742645871587676,
                    0.02184103957158179
                ],
                [
                    0.24576733493097627,
                    -0.8244349178560144,
                    0.5098092616858506,
                    -0.5225415959058677
                ],
                [
                    -0.9007931915165502,
                    -2.078121862251002e-06,
                    0.43424834612593427,
                    -0.7146831686797009
                ],
                [
                    0.0,
                    0.0,
                    0.0,
                    1.0
                ]
            ],
            "size": [
                0.09102,
                0.10007,
                0.11882
            ]
        },
        "distance": 0.0
    },
    {
        "case": 2,
        "collider1": {
            "type": "Box",
            "collider2origin": [
                [
                    1.0,
                    0.0,
                    0.0,
                    -0.06
                ],
                [
                    0.0,
                    1.0,
                    0.0,
                    -0.37086
                ],
                [
                    0.0,
                    0.0,
                    1.0,
                    -0.40301
                ],
                [
                    0.0,
                    0.0,
                    0.0,
                    1.0
                ]
            ],
            "size": [
                0.1,
                1.0,
                1.64
            ]
        },
        "collider2": {
            "type": "Cylinder",
            "collider2origin": [
                [
                    0.11219114502953988,
                    -0.8062320745776186,
                    0.5808640020686677,
                    -0.11982929483625071
                ],
                [
                    -0.8195715357713541,
                    0.25546273633804295,
                    0.5128755093549144,
                    -0.6491872844947696
                ],
                [
                    -0.5618857933159941,
                    -0.5335996929018497,
                    -0.6321042026475594,
                    -0.5044454334456054
                ],
                [
                    0.0,
                    0.0,
                    0.0,
                    1.0
                ]
            ],
            "radius": 0.00783,
            "height": 0.03044
        },
        "distance": 0.0
    },
    {
        "case": 3,
        "collider1": {
            "type": "Box",
            "collider2origin": [
                [
                    1.0,
                    0.0,
                    0.0,
                    -0.26
                ],
                [
                    0.0,
                    1.0,
                    0.0,
                    -0.4608599999999999
                ],
                [
                    0.0,
                    0.0,
                    1.0,
                    -1.143
                ],
                [
                    0.0,
                    0.0,
                    0.0,
                    1.0
                ]
            ],
            "size": [
                1.48,
                0.272,
                0.945
            ]
        },
        "collider2": {
            "type": "Box",
            "collider2origin": [
                [
                    -0.6210176150522683,
                    -0.2506276744666757,
                    -0.742645871587676,
                    -0.062264027063238636
                ],
                [
                    -0.2815916846589296,
                    -0.8128964508658367,
                    0.5098092616858506,
                    -0.47179633655126507
                ],
                [
                    -0.7314665029416856,
                    0.5257234339090776,
                    0.43424834612593427,
                    -0.666279295997588
                ],
                [
                    0.0,
                    0.0,
                    0.0,
                    1.0
                ]
            ],
            "size": [
                0.09126,
                0.11887,
                0.10009
            ]
        },
        "distance": 0.0
    },
    {
        "case": 4,
        "collider1": {
            "type": "Box",
            "collider2origin": [
                [
                    1.0,
                    0.0,
                    0.0,
                    -0.06
                ],
                [
                    0.0,
                    1.0,
                    0.0,
                    -0.37086
                ],
                [
                    0.0,
                    0.0,
                    1.0,
                    -0.40301
                ],
                [
                    0.0,
                    0.0,
                    0.0,
                    1.0
                ]
            ],
            "size": [
                0.1,
                1.0,
                1.64
            ]
        },
        "collider2": {
            "type": "Box",
            "collider2origin": [
                [
                    -0.6210176150522683,
                    -0.2506276744666757,
                    -0.742645871587676,
                    -0.062264027063238636
                ],
                [
                    -0.2815916846589296,
                    -0.8128964508658367,
                    0.5098092616858506,
                    -0.47179633655126507
                ],
                [
                    -0.7314665029416856,
                    0.5257234339090776,
                    0.43424834612593427,
                    -0.666279295997588
                ],
                [
                    0.0,
                    0.0,
                    0.0,
                    1.0
                ]
            ],
            "size": [
                0.09126,
                0.11887,
                0.10009
            ]
        },
        "distance": 0.0
    },
    {
        "case": 5,
        "collider1": {
            "type": "Box",
            "collider2origin": [
                [
                    1.0,
                    0.0,
                    0.0,
                    -0.26
                ],
                [
                    0.0,
                    1.0,
                    0.0,
                    -0.4608599999999999
                ],
                [
                    0.0,
                    0.0,
                    1.0,
                    -1.143
                ],
                [
                    0.0,
                    0.0,
                    0.0,
                    1.0
                ]
            ],
            "size": [
                1.48,
                0.272,
                0.945
            ]
        },
        "collider2": {
            "type": "Box",
            "collider2origin": [
                [
                    0.9604160560291685,
                    -0.2506244998871533,
                    0.12160739853187859,
                    -0.08362549907043393
                ],
                [
                    -0.14056624642098883,
                    -0.8129003995402012,
                    -0.5651849881184876,
                    -0.5311150327852823
                ],
                [
                    0.2405039078445312,
                    0.525718841667003,
                    -0.8159519408812099,
                    -0.6261322103555549
                ],
                [
                    0.0,
                    0.0,
                    0.0,
                    1.0
                ]
            ],
            "size": [
                0.08993,
                0.0305,
                0.09007
            ]
        },
        "distance": 0.0
    },
    {
        "case": 6,
        "collider1": {
            "type": "Box",
            "collider2origin": [
                [
                    1.0,
                    0.0,
                    0.0,
                    -0.06
                ],
                [
                    0.0,
                    1.0,
                    0.0,
                    -0.37086
                ],
                [
                    0.0,
                    0.0,
                    1.0,
                    -0.40301
                ],
                [
                    0.0,
                    0.0,
                    0.0,
                    1.0
                ]
            ],
            "size": [
                0.1,
                1.0,
                1.64
            ]
        },
        "collider2": {
            "type": "Box",
            "collider2origin": [
                [
                    0.9604160560291685,
                    -0.2506244998871533,
                    0.12160739853187859,
                    -0.08362549907043393
                ],
                [
                    -0.14056624642098883,
                    -0.8129003995402012,
                    -0.5651849881184876,
                    -0.5311150327852823
                ],
                [
                    0.2405039078445312,
                    0.525718841667003,
                    -0.8159519408812099,
                    -0.6261322103555549
                ],
                [
                    0.0,
                    0.0,
                    0.0,
                    1.0
                ]
            ],
            "size": [
                0.08993,
                0.0305,
                0.09007
            ]
        },
        "distance": 0.0
    },
    {
        "case": 7,
        "collider1": {
            "type": "Box",
            "collider2origin": [
                [
                    1.0,
                    0.0,
                    0.0,
                    -0.06
                ],
                [
                    0.0,
                    1.0,
                    0.0,
                    -0.37086
                ],
                [
                    0.0,
                    0.0,
                    1.0,
                    -0.40301
                ],
                [
                    0.0,
                    0.0,
                    0.0,
                    1.0
                ]
            ],
            "size": [
                0.1,
                1.0,
                1.64
            ]
        },
        "collider2": {
            "type": "Sphere",
            "collider2origin": [
                [
                    1.0,
                    0.0,
                    0.0,
                    -0.0948716138898178
                ],
                [
                    0.0,
                    1.0,
                    0.0,
                    -0.7447880179289179
                ],
                [
                    0.0,
                    0.0,
                    1.0,
                    -0.5293848495864948
                ],
                [
                    0.0,
                    0.0,
                    0.0,
                    1.0
                ]
            ],
            "radius": 0.00663
        },
        "distance": 0.0
    },
    {
        "case": 8,
        "collider1": {
            "type": "Box",
            "collider2origin": [
                [
                    1.0,
                    0.0,
                    0.0,
                    -0.06
                ],
                [
                    0.0,
                    1.0,
                    0.0,
                    -0.37086
                ],
                [
                    0.0,
                    0.0,
                    1.0,
                    -0.40301
                ],
                [
                    0.0,
                    0.0,
                    0.0,
                    1.0
                ]
            ],
            "size": [
                0.1,
                1.0,
                1.64
            ]
        },
        "collider2": {
            "type": "Box",
            "collider2origin": [
                [
                    0.13320553224043893,
                    -0.00026772247574260706,
                    -0.9910883989358451,
                    -0.09660378283725901
                ],
                [
                    -0.6055584735976774,
                    -0.791649873617867,
                    -0.08117519728874142,
                    -0.6414697723061227
                ],
                [
                    -0.7845732733369092,
                    0.6109749634195258,
                    -0.10561426437710272,
                    -0.5509406503624239
                ],
                [
                    0.0,
                    0.0,
                    0.0,
                    1.0
                ]
            ],
            "size": [
                0.07264,
                0.04753,
                0.03326
            ]
        },
        "distance": 0.0
    },
    {
        "case": 9,
        "collider1": {
            "type": "Box",
            "collider2origin": [
                [
                    1.0,
                    0.0,
                    0.0,
                    -0.06
                ],
                [
                    0.0,
                    1.0,
                    0.0,
                    -0.37086
                ],
                [
                    0.0,
                    0.0,
                    1.0,
                    -0.40301
                ],
                [
                    0.0,
                    0.0,
                    0.0,
                    1.0
                ]
            ],
            "size": [
                0.1,
                1.0,
                1.64
            ]
        },
        "collider2": {
            "type": "Cylinder",
            "collider2origin": [
                [
                    0.12160684002592684,
                    -0.6989564890580467,
                    0.7047493191643086,
                    -0.11157111762536176
                ],
                [
                    -0.5651833419165462,
                    0.5349134654790717,
                    0.6280409019078403,
                    -0.6726739137229607
                ],
                [
                    -0.8159531643905502,
                    -0.47468664490674023,
                    -0.3299894281158552,
                    -0.53828554075811
                ],
                [
                    0.0,
                    0.0,
                    0.0,
                    1.0
                ]
            ],
            "radius": 0.00683,
            "height": 0.01782
        },
        "distance": 0.0
    },
    {
        "case": 10,
        "collider1": {
            "type": "Box",
            "collider2origin": [
                [
                    1.0,
                    0.0,
                    0.0,
                    -0.06
                ],
                [
                    0.0,
                    1.0,
                    0.0,
                    -0.37086
                ],
                [
                    0.0,
                    0.0,
                    1.0,
                    -0.40301
                ],
                [
                    0.0,
                    0.0,
                    0.0,
                    1.0
                ]
            ],
            "size": [
                0.1,
                1.0,
                1.64
            ]
        },
        "collider2": {
            "type": "Box",
            "collider2origin": [
                [
                    -0.07742441694074946,
                    -0.0002724242485988039,
                    -0.9969981872834137,
                    -0.09906952592674156
                ],
                [
                    -0.6091261907273416,
                    -0.7916483917858292,
                    0.04751954916566286,
                    -0.6000517156864275
                ],
                [
                    -0.7892849570537772,
                    0.6109768813694496,
                    0.06112697441128911,
                    -0.5810879619650261
                ],
                [
                    0.0,
                    0.0,
                    0.0,
                    1.0
                ]
            ],
            "size": [
                0.06241,
                0.05638,
                0.02858
            ]
        },
        "distance": 0.0
    },
    {
        "case": 11,
        "collider1": {
            "type": "Box",
            "collider2origin": [
                [
                    1.0,
                    0.0,
                    0.0,
                    0.5199999999999999
                ],
                [
                    0.0,
                    1.0,
                    0.0,
                    -0.43085999999999997
                ],
                [
                    0.0,
                    0.0,
                    1.0,
                    -0.80301
                ],
                [
                    0.0,
                    0.0,
                    0.0,
                    1.0
                ]
            ],
            "size": [
                0.2,
                0.08,
                0.04
            ]
        },
        "collider2": {
            "type": "Box",
            "collider2origin": [
                [
                    0.4857118461832347,
                    -0.5659564896983098,
                    -0.6661660860818722,
                    0.2813705481176858
                ],
                [
                    -0.33342473075337886,
                    -0.8244351106874895,
                    0.4573124721541535,
                    -0.5651432872649584
                ],
                [
                    -0.808029672350781,
                    -5.837243732516796e-06,
                    -0.5891417898660863,
                    -0.5439538118016916
                ],
                [
                    0.0,
                    0.0,
                    0.0,
                    1.0
                ]
            ],
            "size": [
                0.1202,
                0.13634,
                0.67816
            ]
        },
        "distance": 0.19051306762698247
    },
    {
        "case": 12,
        "collider1": {
            "type": "Cylinder",
            "collider2origin": [
                [
                    1.0,
                    0.0,
                    0.0,
                    0.4849999999999999
                ],
                [
                    0.0,
                    -3.673205103346574e-06,
                    -0.9999999999932537,
                    -0.46086
                ],
                [
                    0.0,
                    0.9999999999932537,
                    -3.673205103346574e-06,
                    -0.70001
                ],
                [
                    0.0,
                    0.0,
                    0.0,
                    1.0
                ]
            ],
            "radius": 0.026,
            "height": 0.272
        },
        "collider2": {
            "type": "Box",
            "collider2origin": [
                [
                    0.4857118461832347,
                    -0.5659564896983098,
                    -0.6661660860818722,
                    0.2813705481176858
                ],
                [
                    -0.33342473075337886,
                    -0.8244351106874895,
                    0.4573124721541535,
                    -0.5651432872649584
                ],
                [
                    -0.808029672350781,
                    -5.837243732516796e-06,
                    -0.5891417898660863,
                    -0.5439538118016916
                ],
                [
                    0.0,
                    0.0,
                    0.0,
                    1.0
                ]
            ],
            "size": [
                0.1202,
                0.13634,
                0.67816
            ]
        },
        "distance": 0.14452402368380163
    },
    {
        "case": 13,
        "collider1": {
            "type": "Box",
            "collider2origin": [
                [
                    1.0,
                    0.0,
                    0.0,
                    -0.26
                ],
                [
                    0.0,
                    1.0,
                    0.0,
                    -0.4608599999999999
                ],
                [
                    0.0,
                    0.0,
                    1.0,
                    -1.143
                ],
                [
                    0.0,
                    0.0,
                    0.0,
                    1.0
                ]
            ],
            "size": [
                1.48,
                0.272,
                0.945
            ]
        },
        "collider2": {
            "type": "Box",
            "collider2origin": [
                [
                    0.4857118461832347,
                    -0.5659564896983098,
                    -0.6661660860818722,
                    0.2813705481176858
                ],
                [
                    -0.33342473075337886,
                    -0.8244351106874895,
                    0.4573124721541535,
                    -0.5651432872649584
                ],
                [
                    -0.808029672350781,
                    -5.837243732516796e-06,
                    -0.5891417898660863,
                    -0.5439538118016916
                ],
                [
                    0.0,
                    0.0,
                    0.0,
                    1.0
                ]
            ],
            "size": [
                0.1202,
                0.13634,
                0.67816
            ]
        },
        "distance": 0.0
    },
    {
        "case": 14,
        "collider1": {
            "type": "Box",
            "collider2origin": [
                [
                    1.0,
                    0.0,
                    0.0,
                    -0.06
                ],
                [
                    0.0,
                    1.0,
                    0.0,
                    -0.37086
                ],
                [
                    0.0,
                    0.0,
                    1.0,
                    -0.40301
                ],
                [
                    0.0,
                    0.0,
                    0.0,
                    1.0
                ]
            ],
            "size": [
                0.1,
                1.0,
                1.64
            ]
        },
        "collider2": {
            "type": "Box",
            "collider2origin": [
                [
                    0.4857118461832347,
                    -0.5659564896983098,
                    -0.6661660860818722,
                    0.2813705481176858
                ],
                [
                    -0.33342473075337886,
                    -0.8244351106874895,
                    0.4573124721541535,
                    -0.5651432872649584
                ],
                [
                    -0.808029672350781,
                    -5.837243732516796e-06,
                    -0.5891417898660863,
                    -0.5439538118016916
                ],
                [
                    0.0,
                    0.0,
                    0.0,
                    1.0
                ]
            ],
            "size": [
                0.1202,
                0.13634,
                0.67816
            ]
        },
        "distance": 0.0
    },
    {
        "case": 15,
        "collider1": {
            "type": "Box",
            "collider2origin": [
                [
                    1.0,
                    0.0,
                    0.0,
                    -0.06
                ],
                [
                    0.0,
                    1.0,
                    0.0,
                    -0.37086
                ],
                [
                    0.0,
                    0.0,
                    1.0,
                    -0.40301
                ],
                [
                    0.0,
                    0.0,
                    0.0,
                    1.0
                ]
            ],
            "size": [
                0.1,
                1.0,
                1.64
            ]
        },
        "collider2": {
            "type": "Cylinder",
            "collider2origin": [
                [
                    0.10094295006016225,
                    -0.9596384269110373,
                    0.26249687698877644,
                    -0.08824718460978231
                ],
                [
                    -0.4164771721603734,
                    0.1988550838941416,
                    0.8871321325928578,
                    -0.7275654282601374
                ],
                [
                    -0.9035249226791977,
                    -0.19887369158630114,
                    -0.37959447953360215,
                    -0.5378504235076547
                ],
                [
                    0.0,
                    0.0,
                    0.0,
                    1.0
                ]
            ],
            "radius": 0.00796,
            "height": 0.03037
        },
        "distance": 0.0
    },
    {
        "case": 16,
        "collider1": {
            "type": "Box",
            "collider2origin": [
                [
                    1.0,
                    0.0,
                    0.0,
                    -0.06
                ],
                [
                    0.0,
                    1.0,
                    0.0,
                    -0.37086
                ],
                [
                    0.0,
                    0.0,
                    1.0,
                    -0.40301
                ],
                [
                    0.0,
                    0.0,
                    0.0,
                    1.0
                ]
            ],
            "size": [
                0.1,
                1.0,
                1.64
            ]
        },
        "collider2": {
            "type": "Cylinder",
            "collider2origin": [
                [
                    0.10094295006016225,
                    -0.9635004211629752,
                    -0.24794648465328245,
                    -0.08642830218420539
                ],
                [
                    -0.4164771721603734,
                    -0.2672549938077766,
                    0.8689772916216532,
                    -0.7029762052530858
                ],
                [
                    -0.9035249226791977,
                    0.015546919423924763,
                    -0.4282534382745521,
                    -0.5489853855027136
                ],
                [
                    0.0,
                    0.0,
                    0.0,
                    1.0
                ]
            ],
            "radius": 0.00713,
            "height": 0.01426
        },
        "distance": 0.0
    },
    {
        "case": 17,
        "collider1": {
            "type": "Box",
            "collider2origin": [
                [
                    1.0,
                    0.0,
                    0.0,
                    -0.06
                ],
                [
                    0.0,
                    1.0,
                    0.0,
                    -0.37086
                ],
                [
                    0.0,
                    0.0,
                    1.0,
                    -0.40301
                ],
                [
                    0.0,
                    0.0,
                    0.0,
                    1.0
                ]
            ],
            "size": [
                0.1,
                1.0,
                1.64
            ]
        },
        "collider2": {
            "type": "Cylinder",
            "collider2origin": [
                [
                    0.12089053837497522,
                    -0.0980040607318571,
                    0.9878161174082322,
                    -0.12811298818742523
                ],
                [
                    -0.6992618198469837,
                    0.6979000383038376,
                    0.1548174532789688,
                    -0.6539164609879271
                ],
                [
                    -0.7045696452698574,
                    -0.7094580612097993,
                    0.015839013502714168,
                    -0.530827254294677
                ],
                [
                    0.0,
                    0.0,
                    0.0,
                    1.0
                ]
            ],
            "radius": 0.00783,
            "height": 0.03683
        },
        "distance": 0.0
    },
    {
        "case": 18,
        "collider1": {
            "type": "Box",
            "collider2origin": [
                [
                    1.0,
                    0.0,
                    0.0,
                    -0.06
                ],
                [
                    0.0,
                    1.0,
                    0.0,
                    -0.37086
                ],
                [
                    0.0,
                    0.0,
                    1.0,
                    -0.40301
                ],
                [
                    0.0,
                    0.0,
                    0.0,
                    1.0
                ]
            ],
            "size": [
                0.1,
                1.0,
                1.64
            ]
        },
        "collider2": {
            "type": "Cylinder",
            "collider2origin": [
                [
                    0.11988687068207877,
                    -0.9628883701292066,
                    -0.24181216865157398,
                    -0.09023771664057278
                ],
                [
                    -0.3921345772769263,
                    -0.2696910951912902,
                    0.8794868881787654,
                    -0.6895716376343335
                ],
                [
                    -0.9120622849026836,
                    -0.010616018295069673,
                    -0.40991424543879157,
                    -0.5557402421252613
                ],
                [
                    0.0,
                    0.0,
                    0.0,
                    1.0
                ]
            ],
            "radius": 0.00713,
            "height": 0.01697
        },
        "distance": 0.0
    }
]