[
    {
        "case": 0,
        "collider1": {
            "type": "Box",
            "collider2origin": [
                [
                    1.0,
                    0.0,
                    0.0,
                    -0.06
                ],
                [
                    0.0,
                    1.0,
                    0.0,
                    -0.37086
                ],
                [
                    0.0,
                    0.0,
                    1.0,
                    -0.40301
                ],
                [
                    0.0,
                    0.0,
                    0.0,
                    1.0
                ]
            ],
            "size": [
                0.1,
                1.0,
                1.64
            ]
        },
        "collider2": {
            "type": "Box",
            "collider2origin": [
                [
                    -0.5275345835570182,
                    0.3923505509507832,
                    0.7535040201086786,
                    -0.017182433131739172
                ],
                [
                    0.22501652735950045,
                    0.9198157669529315,
                    -0.32141331223186936,
                    -0.39221705615880176
                ],
                [
                    -0.8191915682954718,
                    -5.779861643020185e-06,
                    -0.5735199860512261,
                    -0.43273932851402863
                ],
                [
                    0.0,
                    0.0,
                    0.0,
                    1.0
                ]
            ],
            "size": [
                0.09102,
                0.10007,
                0.11882
            ]
        },
        "distance": 0.0
    },
    {
        "case": 1,
        "collider1": {
            "type": "Box",
            "collider2origin": [
                [
                    1.0,
                    0.0,
                    0.0,
                    -0.06
                ],
                [
                    0.0,
                    1.0,
                    0.0,
                    -0.37086
                ],
                [
                    0.0,
                    0.0,
                    1.0,
                    -0.40301
                ],
                [
                    0.0,
                    0.0,
                    0.0,
                    1.0
                ]
            ],
            "size": [
                0.1,
                1.0,
                1.64
            ]
        },
        "collider2": {
            "type": "Box",
            "collider2origin": [
                [
                    0.5573982404131935,
                    0.3486242866817164,
                    0.7535040201086786,
                    0.06745033011046953
                ],
                [
                    0.774901926372695,
                    -0.5442614144177638,
                    -0.32141331223186936,
                    -0.42479420449157335
                ],
                [
                    0.29805067704697746,
                    0.7630469313952057,
                    -0.5735199860512261,
                    -0.4939545080180432
                ],
                [
                    0.0,
                    0.0,
                    0.0,
                    1.0
                ]
            ],
            "size": [
                0.09126,
                0.11887,
                0.10009
            ]
        },
        "distance": 0.0
    },
    {
        "case": 2,
        "collider1": {
            "type": "Box",
            "collider2origin": [
                [
                    1.0,
                    0.0,
                    0.0,
                    -0.06
                ],
                [
                    0.0,
                    1.0,
                    0.0,
                    -0.37086
                ],
                [
                    0.0,
                    0.0,
                    1.0,
                    -0.40301
                ],
                [
                    0.0,
                    0.0,
                    0.0,
                    1.0
                ]
            ],
            "size": [
                0.1,
                1.0,
                1.64
            ]
        },
        "collider2": {
            "type": "Box",
            "collider2origin": [
                [
                    -0.1450990761234521,
                    0.3923444467972989,
                    -0.9083017632788356,
                    0.20206395186860682
                ],
                [
                    0.06189593290483503,
                    0.9198183706847979,
                    0.3874313596504595,
                    -0.6072388166334134
                ],
                [
                    0.9874791904632525,
                    -4.252650715579234e-06,
                    -0.15774932134229339,
                    -0.3854389175532158
                ],
                [
                    0.0,
                    0.0,
                    0.0,
                    1.0
                ]
            ],
            "size": [
                0.1202,
                0.13634,
                0.67816
            ]
        },
        "distance": 0.0
    }
]