[
    {
        "case": 0,
        "collider1": {
            "type": "Box",
            "collider2origin": [
                [
                    1.0,
                    0.0,
                    0.0,
                    1.2009999999999998
                ],
                [
                    0.0,
                    1.0,
                    0.0,
                    0.02914
                ],
                [
                    0.0,
                    0.0,
                    1.0,
                    -1.22801
                ],
                [
                    0.0,
                    0.0,
                    0.0,
                    1.0
                ]
            ],
            "size": [
                0.41,
                0.6,
                0.82
            ]
        },
        "collider2": {
            "type": "Box",
            "collider2origin": [
                [
                    0.27105948967462257,
                    0.9289616233429531,
                    0.25210524669938633,
                    1.340036139083829
                ],
                [
                    0.680215630719001,
                    -0.37017604233059087,
                    0.6326740024767984,
                    -0.27688573252059323
                ],
                [
                    0.6810531908616863,
                    -6.362850569430951e-06,
                    -0.7322339456598754,
                    -0.6583606991457492
                ],
                [
                    0.0,
                    0.0,
                    0.0,
                    1.0
                ]
            ],
            "size": [
                0.1202,
                0.13634,
                0.67816
            ]
        },
        "distance": 0.0
    },
    {
        "case": 1,
        "collider1": {
            "type": "Box",
            "collider2origin": [
                [
                    1.0,
                    0.0,
                    0.0,
                    1.23
                ],
                [
                    0.0,
                    1.0,
                    0.0,
                    -0.23086
                ],
                [
                    0.0,
                    0.0,
                    1.0,
                    -0.54301
                ],
                [
                    0.0,
                    0.0,
                    0.0,
                    1.0
                ]
            ],
            "size": [
                0.1,
                0.16,
                0.1
            ]
        },
        "collider2": {
            "type": "Box",
            "collider2origin": [
                [
                    0.27105948967462257,
                    0.9289616233429531,
                    0.25210524669938633,
                    1.340036139083829
                ],
                [
                    0.680215630719001,
                    -0.37017604233059087,
                    0.6326740024767984,
                    -0.27688573252059323
                ],
                [
                    0.6810531908616863,
                    -6.362850569430951e-06,
                    -0.7322339456598754,
                    -0.6583606991457492
                ],
                [
                    0.0,
                    0.0,
                    0.0,
                    1.0
                ]
            ],
            "size": [
                0.1202,
                0.13634,
                0.67816
            ]
        },
        "distance": 0.0
    },
    {
        "case": 2,
        "collider1": {
            "type": "Box",
            "collider2origin": [
                [
                    1.0,
                    0.0,
                    0.0,
                    1.28
                ],
                [
                    0.0,
                    1.0,
                    0.0,
                    -0.23086
                ],
                [
                    0.0,
                    0.0,
                    1.0,
                    -0.67301
                ],
                [
                    0.0,
                    0.0,
                    0.0,
                    1.0
                ]
            ],
            "size": [
                0.06,
                0.06,
                0.33
            ]
        },
        "collider2": {
            "type": "Box",
            "collider2origin": [
                [
                    0.27105948967462257,
                    0.9289616233429531,
                    0.25210524669938633,
                    1.340036139083829
                ],
                [
                    0.680215630719001,
                    -0.37017604233059087,
                    0.6326740024767984,
                    -0.27688573252059323
                ],
                [
                    0.6810531908616863,
                    -6.362850569430951e-06,
                    -0.7322339456598754,
                    -0.6583606991457492
                ],
                [
                    0.0,
                    0.0,
                    0.0,
                    1.0
                ]
            ],
            "size": [
                0.1202,
                0.13634,
                0.67816
            ]
        },
        "distance": 0.0
    }
]