[
    {
        "case": 0,
        "collider1": {
            "type": "Box",
            "collider2origin": [
                [
                    1.0,
                    0.0,
                    0.0,
                    0.7
                ],
                [
                    0.0,
                    1.0,
                    0.0,
                    -0.15085999999999994
                ],
                [
                    0.0,
                    0.0,
                    1.0,
                    -1.03301
                ],
                [
                    0.0,
                    0.0,
                    0.0,
                    1.0
                ]
            ],
            "size": [
                0.6,
                0.06,
                0.06
            ]
        },
        "collider2": {
            "type": "Box",
            "collider2origin": [
                [
                    -0.00875777465984264,
                    -0.9998449206069986,
                    0.01527861640961004,
                    0.8558195342577954
                ],
                [
                    -0.4974939689013639,
                    0.017610641843068767,
                    0.8672886579453486,
                    -0.10269289546543137
                ],
                [
                    -0.8674232255881646,
                    -5.500885615702859e-06,
                    -0.4975710478715216,
                    -1.0778396439725109
                ],
                [
                    0.0,
                    0.0,
                    0.0,
                    1.0
                ]
            ],
            "size": [
                0.09102,
                0.10007,
                0.11882
            ]
        },
        "distance": 0.0
    },
    {
        "case": 1,
        "collider1": {
            "type": "Box",
            "collider2origin": [
                [
                    1.0,
                    0.0,
                    0.0,
                    0.7
                ],
                [
                    0.0,
                    1.0,
                    0.0,
                    -0.15085999999999994
                ],
                [
                    0.0,
                    0.0,
                    1.0,
                    -1.03301
                ],
                [
                    0.0,
                    0.0,
                    0.0,
                    1.0
                ]
            ],
            "size": [
                0.6,
                0.06,
                0.06
            ]
        },
        "collider2": {
            "type": "Box",
            "collider2origin": [
                [
                    -0.006415905103875457,
                    -0.9998449164857833,
                    0.01640058350287908,
                    0.9627349289426617
                ],
                [
                    -0.36452346289286053,
                    0.017610875969493168,
                    0.9310276591209224,
                    -0.3787568764592345
                ],
                [
                    -0.9311721007216095,
                    -5.012381929856961e-06,
                    -0.3645799210222371,
                    -0.9702333039384377
                ],
                [
                    0.0,
                    0.0,
                    0.0,
                    1.0
                ]
            ],
            "size": [
                0.1202,
                0.13634,
                0.67816
            ]
        },
        "distance": 0.0
    },
    {
        "case": 2,
        "collider1": {
            "type": "Box",
            "collider2origin": [
                [
                    1.0,
                    0.0,
                    0.0,
                    1.2009999999999998
                ],
                [
                    0.0,
                    1.0,
                    0.0,
                    0.02914
                ],
                [
                    0.0,
                    0.0,
                    1.0,
                    -1.22801
                ],
                [
                    0.0,
                    0.0,
                    0.0,
                    1.0
                ]
            ],
            "size": [
                0.41,
                0.6,
                0.82
            ]
        },
        "collider2": {
            "type": "Box",
            "collider2origin": [
                [
                    -0.006415905103875457,
                    -0.9998449164857833,
                    0.01640058350287908,
                    0.9627349289426617
                ],
                [
                    -0.36452346289286053,
                    0.017610875969493168,
                    0.9310276591209224,
                    -0.3787568764592345
                ],
                [
                    -0.9311721007216095,
                    -5.012381929856961e-06,
                    -0.3645799210222371,
                    -0.9702333039384377
                ],
                [
                    0.0,
                    0.0,
                    0.0,
                    1.0
                ]
            ],
            "size": [
                0.1202,
                0.13634,
                0.67816
            ]
        },
        "distance": 0.0
    }
]