[
    {
        "case": 0,
        "collider1": {
            "type": "Cylinder",
            "collider2origin": [
                [
                    1.0,
                    0.0,
                    0.0,
                    0.36025
                ],
                [
                    0.0,
                    1.0,
                    0.0,
                    0.66562
                ],
                [
                    0.0,
                    0.0,
                    1.0,
                    -0.35
                ],
                [
                    0.0,
                    0.0,
                    0.0,
                    1.0
                ]
            ],
            "radius": 0.11,
            "height": 0.68
        },
        "collider2": {
            "type": "Box",
            "collider2origin": [
                [
                    -0.6100069555098563,
                    -0.2794207697609976,
                    -0.7414954805363062,
                    0.09886399534731327
                ],
                [
                    -0.1775146023016585,
                    0.9601687525586787,
                    -0.2157881659859838,
                    0.7728766300163791
                ],
                [
                    0.7722564860195609,
                    -6.006832285967294e-06,
                    -0.635310884342963,
                    -0.06335122207174892
                ],
                [
                    0.0,
                    0.0,
                    0.0,
                    1.0
                ]
            ],
            "size": [
                0.15068,
                0.17726,
                0.74884
            ]
        },
        "distance": 0.0
    },
    {
        "case": 1,
        "collider1": {
            "type": "Box",
            "collider2origin": [
                [
                    0.9992356923808713,
                    0.039090038016362835,
                    0.0,
                    -0.10710036334624623
                ],
                [
                    -0.039090038016362835,
                    0.9992356923808713,
                    0.0,
                    0.41486694795461987
                ],
                [
                    0.0,
                    0.0,
                    1.0,
                    -0.40439
                ],
                [
                    0.0,
                    0.0,
                    0.0,
                    1.0
                ]
            ],
            "size": [
                0.08,
                1.0,
                0.812
            ]
        },
        "collider2": {
            "type": "Box",
            "collider2origin": [
                [
                    -0.6100069555098563,
                    -0.2794207697609976,
                    -0.7414954805363062,
                    0.09886399534731327
                ],
                [
                    -0.1775146023016585,
                    0.9601687525586787,
                    -0.2157881659859838,
                    0.7728766300163791
                ],
                [
                    0.7722564860195609,
                    -6.006832285967294e-06,
                    -0.635310884342963,
                    -0.06335122207174892
                ],
                [
                    0.0,
                    0.0,
                    0.0,
                    1.0
                ]
            ],
            "size": [
                0.15068,
                0.17726,
                0.74884
            ]
        },
        "distance": 0.0
    },
    {
        "case": 2,
        "collider1": {
            "type": "Box",
            "collider2origin": [
                [
                    0.9992356923808713,
                    0.039090038016362835,
                    0.0,
                    -0.7387332447251884
                ],
                [
                    -0.039090038016362835,
                    0.9992356923808713,
                    0.0,
                    0.6397293653589854
                ],
                [
                    0.0,
                    0.0,
                    1.0,
                    -0.40439
                ],
                [
                    0.0,
                    0.0,
                    0.0,
                    1.0
                ]
            ],
            "size": [
                1.2,
                1.4,
                0.812
            ]
        },
        "collider2": {
            "type": "Box",
            "collider2origin": [
                [
                    -0.6100069555098563,
                    -0.2794207697609976,
                    -0.7414954805363062,
                    0.09886399534731327
                ],
                [
                    -0.1775146023016585,
                    0.9601687525586787,
                    -0.2157881659859838,
                    0.7728766300163791
                ],
                [
                    0.7722564860195609,
                    -6.006832285967294e-06,
                    -0.635310884342963,
                    -0.06335122207174892
                ],
                [
                    0.0,
                    0.0,
                    0.0,
                    1.0
                ]
            ],
            "size": [
                0.15068,
                0.17726,
                0.74884
            ]
        },
        "distance": 0.0
    },
    {
        "case": 3,
        "collider1": {
            "type": "Cylinder",
            "collider2origin": [
                [
                    1.0,
                    0.0,
                    0.0,
                    0.36025
                ],
                [
                    0.0,
                    1.0,
                    0.0,
                    0.66562
                ],
                [
                    0.0,
                    0.0,
                    1.0,
                    -0.35
                ],
                [
                    0.0,
                    0.0,
                    0.0,
                    1.0
                ]
            ],
            "radius": 0.11,
            "height": 0.68
        },
        "collider2": {
            "type": "Box",
            "collider2origin": [
                [
                    -0.6100069555098563,
                    -0.2794207697609976,
                    -0.7414954805363062,
                    0.09886399534731327
                ],
                [
                    -0.1775146023016585,
                    0.9601687525586787,
                    -0.2157881659859838,
                    0.7728766300163791
                ],
                [
                    0.7722564860195609,
                    -6.006832285967294e-06,
                    -0.635310884342963,
                    -0.06335122207174892
                ],
                [
                    0.0,
                    0.0,
                    0.0,
                    1.0
                ]
            ],
            "size": [
                0.15068,
                0.17726,
                0.74884
            ]
        },
        "distance": 0.0
    },
    {
        "case": 4,
        "collider1": {
            "type": "Box",
            "collider2origin": [
                [
                    0.9992356923808713,
                    0.039090038016362835,
                    0.0,
                    -0.10710036334624623
                ],
                [
                    -0.039090038016362835,
                    0.9992356923808713,
                    0.0,
                    0.41486694795461987
                ],
                [
                    0.0,
                    0.0,
                    1.0,
                    -0.40439
                ],
                [
                    0.0,
                    0.0,
                    0.0,
                    1.0
                ]
            ],
            "size": [
                0.08,
                1.0,
                0.812
            ]
        },
        "collider2": {
            "type": "Box",
            "collider2origin": [
                [
                    -0.6100069555098563,
                    -0.2794207697609976,
                    -0.7414954805363062,
                    0.09886399534731327
                ],
                [
                    -0.1775146023016585,
                    0.9601687525586787,
                    -0.2157881659859838,
                    0.7728766300163791
                ],
                [
                    0.7722564860195609,
                    -6.006832285967294e-06,
                    -0.635310884342963,
                    -0.06335122207174892
                ],
                [
                    0.0,
                    0.0,
                    0.0,
                    1.0
                ]
            ],
            "size": [
                0.15068,
                0.17726,
                0.74884
            ]
        },
        "distance": 0.0
    },
    {
        "case": 5,
        "collider1": {
            "type": "Box",
            "collider2origin": [
                [
                    0.9992356923808713,
                    0.039090038016362835,
                    0.0,
                    -0.7387332447251884
                ],
                [
                    -0.039090038016362835,
                    0.9992356923808713,
                    0.0,
                    0.6397293653589854
                ],
                [
                    0.0,
                    0.0,
                    1.0,
                    -0.40439
                ],
                [
                    0.0,
                    0.0,
                    0.0,
                    1.0
                ]
            ],
            "size": [
                1.2,
                1.4,
                0.812
            ]
        },
        "collider2": {
            "type": "Box",
            "collider2origin": [
                [
                    -0.6100069555098563,
                    -0.2794207697609976,
                    -0.7414954805363062,
                    0.09886399534731327
                ],
                [
                    -0.1775146023016585,
                    0.9601687525586787,
                    -0.2157881659859838,
                    0.7728766300163791
                ],
                [
                    0.7722564860195609,
                    -6.006832285967294e-06,
                    -0.635310884342963,
                    -0.06335122207174892
                ],
                [
                    0.0,
                    0.0,
                    0.0,
                    1.0
                ]
            ],
            "size": [
                0.15068,
                0.17726,
                0.74884
            ]
        },
        "distance": 0.0
    },
    {
        "case": 6,
        "collider1": {
            "type": "Box",
            "collider2origin": [
                [
                    0.9992356923808713,
                    0.039090038016362835,
                    0.0,
                    -0.10710036334624623
                ],
                [
                    -0.039090038016362835,
                    0.9992356923808713,
                    0.0,
                    0.41486694795461987
                ],
                [
                    0.0,
                    0.0,
                    1.0,
                    -0.40439
                ],
                [
                    0.0,
                    0.0,
                    0.0,
                    1.0
                ]
            ],
            "size": [
                0.08,
                1.0,
                0.812
            ]
        },
        "collider2": {
            "type": "Box",
            "collider2origin": [
                [
                    0.7762909447389595,
                    -0.2794201216901648,
                    -0.5650635050248308,
                    -0.25575716827975636
                ],
                [
                    0.2259099570103876,
                    0.9601689411734575,
                    -0.16443933753638804,
                    0.5380978358918036
                ],
                [
                    0.5885040870205223,
                    -7.034399271278951e-07,
                    0.8084942421314122,
                    -0.034855590653641855
                ],
                [
                    0.0,
                    0.0,
                    0.0,
                    1.0
                ]
            ],
            "size": [
                0.1202,
                0.13634,
                0.67816
            ]
        },
        "distance": 0.0
    },
    {
        "case": 7,
        "collider1": {
            "type": "Box",
            "collider2origin": [
                [
                    0.9992356923808713,
                    0.039090038016362835,
                    0.0,
                    -0.5887201567936717
                ],
                [
                    -0.039090038016362835,
                    0.9992356923808713,
                    0.0,
                    0.5089654041569363
                ],
                [
                    0.0,
                    0.0,
                    1.0,
                    0.014610000000000012
                ],
                [
                    0.0,
                    0.0,
                    0.0,
                    1.0
                ]
            ],
            "size": [
                0.5,
                0.04,
                0.064
            ]
        },
        "collider2": {
            "type": "Box",
            "collider2origin": [
                [
                    0.7762909447389595,
                    -0.2794201216901648,
                    -0.5650635050248308,
                    -0.25575716827975636
                ],
                [
                    0.2259099570103876,
                    0.9601689411734575,
                    -0.16443933753638804,
                    0.5380978358918036
                ],
                [
                    0.5885040870205223,
                    -7.034399271278951e-07,
                    0.8084942421314122,
                    -0.034855590653641855
                ],
                [
                    0.0,
                    0.0,
                    0.0,
                    1.0
                ]
            ],
            "size": [
                0.1202,
                0.13634,
                0.67816
            ]
        },
        "distance": 0.0
    },
    {
        "case": 8,
        "collider1": {
            "type": "Box",
            "collider2origin": [
                [
                    0.9992356923808713,
                    0.039090038016362835,
                    0.0,
                    -0.7387332447251884
                ],
                [
                    -0.039090038016362835,
                    0.9992356923808713,
                    0.0,
                    0.6397293653589854
                ],
                [
                    0.0,
                    0.0,
                    1.0,
                    -0.40439
                ],
                [
                    0.0,
                    0.0,
                    0.0,
                    1.0
                ]
            ],
            "size": [
                1.2,
                1.4,
                0.812
            ]
        },
        "collider2": {
            "type": "Box",
            "collider2origin": [
                [
                    0.7762909447389595,
                    -0.2794201216901648,
                    -0.5650635050248308,
                    -0.25575716827975636
                ],
                [
                    0.2259099570103876,
                    0.9601689411734575,
                    -0.16443933753638804,
                    0.5380978358918036
                ],
                [
                    0.5885040870205223,
                    -7.034399271278951e-07,
                    0.8084942421314122,
                    -0.034855590653641855
                ],
                [
                    0.0,
                    0.0,
                    0.0,
                    1.0
                ]
            ],
            "size": [
                0.1202,
                0.13634,
                0.67816
            ]
        },
        "distance": 0.0
    }
]