[
    {
        "case": 0,
        "collider1": {
            "type": "Cylinder",
            "collider2origin": [
                [
                    1.0,
                    0.0,
                    0.0,
                    0.36025
                ],
                [
                    0.0,
                    1.0,
                    0.0,
                    0.66562
                ],
                [
                    0.0,
                    0.0,
                    1.0,
                    -0.35
                ],
                [
                    0.0,
                    0.0,
                    0.0,
                    1.0
                ]
            ],
            "radius": 0.11,
            "height": 0.68
        },
        "collider2": {
            "type": "Box",
            "collider2origin": [
                [
                    0.5897051224219699,
                    0.5823348622291576,
                    0.5595837531789475,
                    0.6394410276377249
                ],
                [
                    0.42241454324051825,
                    -0.8129490194301123,
                    0.400848906031341,
                    0.6483075958794665
                ],
                [
                    0.688341355904317,
                    -6.337700024654349e-06,
                    -0.7253869158674148,
                    -0.09036303023021208
                ],
                [
                    0.0,
                    0.0,
                    0.0,
                    1.0
                ]
            ],
            "size": [
                0.15068,
                0.17726,
                0.74884
            ]
        },
        "distance": 0.0
    },
    {
        "case": 1,
        "collider1": {
            "type": "Cylinder",
            "collider2origin": [
                [
                    1.0,
                    0.0,
                    0.0,
                    0.36025
                ],
                [
                    0.0,
                    1.0,
                    0.0,
                    0.66562
                ],
                [
                    0.0,
                    0.0,
                    1.0,
                    -0.35
                ],
                [
                    0.0,
                    0.0,
                    0.0,
                    1.0
                ]
            ],
            "radius": 0.11,
            "height": 0.68
        },
        "collider2": {
            "type": "Box",
            "collider2origin": [
                [
                    0.5897051224219699,
                    0.5823348622291576,
                    0.5595837531789475,
                    0.6394410276377249
                ],
                [
                    0.42241454324051825,
                    -0.8129490194301123,
                    0.400848906031341,
                    0.6483075958794665
                ],
                [
                    0.688341355904317,
                    -6.337700024654349e-06,
                    -0.7253869158674148,
                    -0.09036303023021208
                ],
                [
                    0.0,
                    0.0,
                    0.0,
                    1.0
                ]
            ],
            "size": [
                0.15068,
                0.17726,
                0.74884
            ]
        },
        "distance": 0.0
    },
    {
        "case": 2,
        "collider1": {
            "type": "Cylinder",
            "collider2origin": [
                [
                    1.0,
                    0.0,
                    0.0,
                    0.36025
                ],
                [
                    0.0,
                    1.0,
                    0.0,
                    0.66562
                ],
                [
                    0.0,
                    0.0,
                    1.0,
                    -0.35
                ],
                [
                    0.0,
                    0.0,
                    0.0,
                    1.0
                ]
            ],
            "radius": 0.11,
            "height": 0.68
        },
        "collider2": {
            "type": "Box",
            "collider2origin": [
                [
                    -0.11344671869684182,
                    0.5823298498404795,
                    -0.8049980049675178,
                    0.5148313663446868
                ],
                [
                    -0.08125969479827917,
                    -0.8129526099194065,
                    -0.5766323924533859,
                    0.7144572493962997
                ],
                [
                    -0.9902154836287959,
                    -3.1606212620549344e-06,
                    0.1395467519213554,
                    -0.2774396131406167
                ],
                [
                    0.0,
                    0.0,
                    0.0,
                    1.0
                ]
            ],
            "size": [
                0.1202,
                0.13634,
                0.67816
            ]
        },
        "distance": 0.0
    }
]