[
    {
        "case": 0,
        "collider1": {
            "type": "Cylinder",
            "collider2origin": [
                [
                    1.0,
                    0.0,
                    0.0,
                    0.36025
                ],
                [
                    0.0,
                    1.0,
                    0.0,
                    0.66562
                ],
                [
                    0.0,
                    0.0,
                    1.0,
                    -0.35
                ],
                [
                    0.0,
                    0.0,
                    0.0,
                    1.0
                ]
            ],
            "radius": 0.11,
            "height": 0.68
        },
        "collider2": {
            "type": "Box",
            "collider2origin": [
                [
                    0.4438960630323046,
                    -0.08149622915989438,
                    0.8923646395152254,
                    0.6234137069926148
                ],
                [
                    -0.036301359830409004,
                    -0.9966736500001043,
                    -0.07296469468128039,
                    0.4741559003704078
                ],
                [
                    0.8953426698749943,
                    -5.309169600907591e-06,
                    -0.4453779333026383,
                    -0.006389207674125874
                ],
                [
                    0.0,
                    0.0,
                    0.0,
                    1.0
                ]
            ],
            "size": [
                0.15068,
                0.17726,
                0.74884
            ]
        },
        "distance": 0.016819539434925153
    },
    {
        "case": 1,
        "collider1": {
            "type": "Cylinder",
            "collider2origin": [
                [
                    1.0,
                    0.0,
                    0.0,
                    0.36025
                ],
                [
                    0.0,
                    1.0,
                    0.0,
                    0.66562
                ],
                [
                    0.0,
                    0.0,
                    1.0,
                    -0.35
                ],
                [
                    0.0,
                    0.0,
                    0.0,
                    1.0
                ]
            ],
            "radius": 0.11,
            "height": 0.68
        },
        "collider2": {
            "type": "Box",
            "collider2origin": [
                [
                    0.4438960630323046,
                    -0.08149622915989438,
                    0.8923646395152254,
                    0.6234137069926148
                ],
                [
                    -0.036301359830409004,
                    -0.9966736500001043,
                    -0.07296469468128039,
                    0.4741559003704078
                ],
                [
                    0.8953426698749943,
                    -5.309169600907591e-06,
                    -0.4453779333026383,
                    -0.006389207674125874
                ],
                [
                    0.0,
                    0.0,
                    0.0,
                    1.0
                ]
            ],
            "size": [
                0.15068,
                0.17726,
                0.74884
            ]
        },
        "distance": 0.016819539434925153
    }
]