[
    {
        "case": 0,
        "collider1": {
            "type": "Cylinder",
            "collider2origin": [
                [
                    1.0,
                    0.0,
                    0.0,
                    0.36025
                ],
                [
                    0.0,
                    1.0,
                    0.0,
                    0.66562
                ],
                [
                    0.0,
                    0.0,
                    1.0,
                    -0.35
                ],
                [
                    0.0,
                    0.0,
                    0.0,
                    1.0
                ]
            ],
            "radius": 0.11,
            "height": 0.68
        },
        "collider2": {
            "type": "Box",
            "collider2origin": [
                [
                    -0.49293890950260155,
                    0.10142380035864816,
                    0.8641321914031411,
                    0.15948381568957323
                ],
                [
                    -0.05025650439795292,
                    -0.9948433106360894,
                    0.08809694119731759,
                    0.6000898064219456
                ],
                [
                    0.8686112566989241,
                    -1.8531533441103763e-06,
                    0.4954941823396933,
                    -0.13737189056165322
                ],
                [
                    0.0,
                    0.0,
                    0.0,
                    1.0
                ]
            ],
            "size": [
                0.1202,
                0.13634,
                0.67816
            ]
        },
        "distance": 0.0
    },
    {
        "case": 1,
        "collider1": {
            "type": "Box",
            "collider2origin": [
                [
                    0.9992356923808713,
                    0.039090038016362835,
                    0.0,
                    -0.10710036334624623
                ],
                [
                    -0.039090038016362835,
                    0.9992356923808713,
                    0.0,
                    0.41486694795461987
                ],
                [
                    0.0,
                    0.0,
                    1.0,
                    -0.40439
                ],
                [
                    0.0,
                    0.0,
                    0.0,
                    1.0
                ]
            ],
            "size": [
                0.08,
                1.0,
                0.812
            ]
        },
        "collider2": {
            "type": "Box",
            "collider2origin": [
                [
                    -0.49293890950260155,
                    0.10142380035864816,
                    0.8641321914031411,
                    0.15948381568957323
                ],
                [
                    -0.05025650439795292,
                    -0.9948433106360894,
                    0.08809694119731759,
                    0.6000898064219456
                ],
                [
                    0.8686112566989241,
                    -1.8531533441103763e-06,
                    0.4954941823396933,
                    -0.13737189056165322
                ],
                [
                    0.0,
                    0.0,
                    0.0,
                    1.0
                ]
            ],
            "size": [
                0.1202,
                0.13634,
                0.67816
            ]
        },
        "distance": 0.0
    },
    {
        "case": 2,
        "collider1": {
            "type": "Box",
            "collider2origin": [
                [
                    0.9992356923808713,
                    0.039090038016362835,
                    0.0,
                    -0.7387332447251884
                ],
                [
                    -0.039090038016362835,
                    0.9992356923808713,
                    0.0,
                    0.6397293653589854
                ],
                [
                    0.0,
                    0.0,
                    1.0,
                    -0.40439
                ],
                [
                    0.0,
                    0.0,
                    0.0,
                    1.0
                ]
            ],
            "size": [
                1.2,
                1.4,
                0.812
            ]
        },
        "collider2": {
            "type": "Box",
            "collider2origin": [
                [
                    -0.49293890950260155,
                    0.10142380035864816,
                    0.8641321914031411,
                    0.15948381568957323
                ],
                [
                    -0.05025650439795292,
                    -0.9948433106360894,
                    0.08809694119731759,
                    0.6000898064219456
                ],
                [
                    0.8686112566989241,
                    -1.8531533441103763e-06,
                    0.4954941823396933,
                    -0.13737189056165322
                ],
                [
                    0.0,
                    0.0,
                    0.0,
                    1.0
                ]
            ],
            "size": [
                0.1202,
                0.13634,
                0.67816
            ]
        },
        "distance": 0.0
    },
    {
        "case": 3,
        "collider1": {
            "type": "Cylinder",
            "collider2origin": [
                [
                    1.0,
                    0.0,
                    0.0,
                    0.36025
                ],
                [
                    0.0,
                    1.0,
                    0.0,
                    0.66562
                ],
                [
                    0.0,
                    0.0,
                    1.0,
                    -0.35
                ],
                [
                    0.0,
                    0.0,
                    0.0,
                    1.0
                ]
            ],
            "radius": 0.11,
            "height": 0.68
        },
        "collider2": {
            "type": "Box",
            "collider2origin": [
                [
                    0.6559816160431905,
                    0.10141787891560318,
                    -0.7479321715567692,
                    0.16327997870744831
                ],
                [
                    0.06687767358254189,
                    -0.9948439142896276,
                    -0.07624278967272251,
                    0.473481732187906
                ],
                [
                    -0.7518081511858935,
                    -6.095250101752752e-06,
                    -0.6593819104079945,
                    -0.07042108059825347
                ],
                [
                    0.0,
                    0.0,
                    0.0,
                    1.0
                ]
            ],
            "size": [
                0.15068,
                0.17726,
                0.74884
            ]
        },
        "distance": 0.0
    },
    {
        "case": 4,
        "collider1": {
            "type": "Box",
            "collider2origin": [
                [
                    0.9992356923808713,
                    0.039090038016362835,
                    0.0,
                    -0.10710036334624623
                ],
                [
                    -0.039090038016362835,
                    0.9992356923808713,
                    0.0,
                    0.41486694795461987
                ],
                [
                    0.0,
                    0.0,
                    1.0,
                    -0.40439
                ],
                [
                    0.0,
                    0.0,
                    0.0,
                    1.0
                ]
            ],
            "size": [
                0.08,
                1.0,
                0.812
            ]
        },
        "collider2": {
            "type": "Box",
            "collider2origin": [
                [
                    0.6559816160431905,
                    0.10141787891560318,
                    -0.7479321715567692,
                    0.16327997870744831
                ],
                [
                    0.06687767358254189,
                    -0.9948439142896276,
                    -0.07624278967272251,
                    0.473481732187906
                ],
                [
                    -0.7518081511858935,
                    -6.095250101752752e-06,
                    -0.6593819104079945,
                    -0.07042108059825347
                ],
                [
                    0.0,
                    0.0,
                    0.0,
                    1.0
                ]
            ],
            "size": [
                0.15068,
                0.17726,
                0.74884
            ]
        },
        "distance": 0.0
    },
    {
        "case": 5,
        "collider1": {
            "type": "Box",
            "collider2origin": [
                [
                    0.9992356923808713,
                    0.039090038016362835,
                    0.0,
                    -0.7387332447251884
                ],
                [
                    -0.039090038016362835,
                    0.9992356923808713,
                    0.0,
                    0.6397293653589854
                ],
                [
                    0.0,
                    0.0,
                    1.0,
                    -0.40439
                ],
                [
                    0.0,
                    0.0,
                    0.0,
                    1.0
                ]
            ],
            "size": [
                1.2,
                1.4,
                0.812
            ]
        },
        "collider2": {
            "type": "Box",
            "collider2origin": [
                [
                    0.6559816160431905,
                    0.10141787891560318,
                    -0.7479321715567692,
                    0.16327997870744831
                ],
                [
                    0.06687767358254189,
                    -0.9948439142896276,
                    -0.07624278967272251,
                    0.473481732187906
                ],
                [
                    -0.7518081511858935,
                    -6.095250101752752e-06,
                    -0.6593819104079945,
                    -0.07042108059825347
                ],
                [
                    0.0,
                    0.0,
                    0.0,
                    1.0
                ]
            ],
            "size": [
                0.15068,
                0.17726,
                0.74884
            ]
        },
        "distance": 0.0
    },
    {
        "case": 6,
        "collider1": {
            "type": "Cylinder",
            "collider2origin": [
                [
                    1.0,
                    0.0,
                    0.0,
                    0.36025
                ],
                [
                    0.0,
                    1.0,
                    0.0,
                    0.66562
                ],
                [
                    0.0,
                    0.0,
                    1.0,
                    -0.35
                ],
                [
                    0.0,
                    0.0,
                    0.0,
                    1.0
                ]
            ],
            "radius": 0.11,
            "height": 0.68
        },
        "collider2": {
            "type": "Box",
            "collider2origin": [
                [
                    0.6559816160431905,
                    0.10141787891560318,
                    -0.7479321715567692,
                    0.16327997870744831
                ],
                [
                    0.06687767358254189,
                    -0.9948439142896276,
                    -0.07624278967272251,
                    0.473481732187906
                ],
                [
                    -0.7518081511858935,
                    -6.095250101752752e-06,
                    -0.6593819104079945,
                    -0.07042108059825347
                ],
                [
                    0.0,
                    0.0,
                    0.0,
                    1.0
                ]
            ],
            "size": [
                0.15068,
                0.17726,
                0.74884
            ]
        },
        "distance": 0.0
    },
    {
        "case": 7,
        "collider1": {
            "type": "Box",
            "collider2origin": [
                [
                    0.9992356923808713,
                    0.039090038016362835,
                    0.0,
                    -0.10710036334624623
                ],
                [
                    -0.039090038016362835,
                    0.9992356923808713,
                    0.0,
                    0.41486694795461987
                ],
                [
                    0.0,
                    0.0,
                    1.0,
                    -0.40439
                ],
                [
                    0.0,
                    0.0,
                    0.0,
                    1.0
                ]
            ],
            "size": [
                0.08,
                1.0,
                0.812
            ]
        },
        "collider2": {
            "type": "Box",
            "collider2origin": [
                [
                    0.6559816160431905,
                    0.10141787891560318,
                    -0.7479321715567692,
                    0.16327997870744831
                ],
                [
                    0.06687767358254189,
                    -0.9948439142896276,
                    -0.07624278967272251,
                    0.473481732187906
                ],
                [
                    -0.7518081511858935,
                    -6.095250101752752e-06,
                    -0.6593819104079945,
                    -0.07042108059825347
                ],
                [
                    0.0,
                    0.0,
                    0.0,
                    1.0
                ]
            ],
            "size": [
                0.15068,
                0.17726,
                0.74884
            ]
        },
        "distance": 0.0
    },
    {
        "case": 8,
        "collider1": {
            "type": "Box",
            "collider2origin": [
                [
                    0.9992356923808713,
                    0.039090038016362835,
                    0.0,
                    -0.7387332447251884
                ],
                [
                    -0.039090038016362835,
                    0.9992356923808713,
                    0.0,
                    0.6397293653589854
                ],
                [
                    0.0,
                    0.0,
                    1.0,
                    -0.40439
                ],
                [
                    0.0,
                    0.0,
                    0.0,
                    1.0
                ]
            ],
            "size": [
                1.2,
                1.4,
                0.812
            ]
        },
        "collider2": {
            "type": "Box",
            "collider2origin": [
                [
                    0.6559816160431905,
                    0.10141787891560318,
                    -0.7479321715567692,
                    0.16327997870744831
                ],
                [
                    0.06687767358254189,
                    -0.9948439142896276,
                    -0.07624278967272251,
                    0.473481732187906
                ],
                [
                    -0.7518081511858935,
                    -6.095250101752752e-06,
                    -0.6593819104079945,
                    -0.07042108059825347
                ],
                [
                    0.0,
                    0.0,
                    0.0,
                    1.0
                ]
            ],
            "size": [
                0.15068,
                0.17726,
                0.74884
            ]
        },
        "distance": 0.0
    },
    {
        "case": 9,
        "collider1": {
            "type": "Cylinder",
            "collider2origin": [
                [
                    1.0,
                    0.0,
                    0.0,
                    0.36025
                ],
                [
                    0.0,
                    1.0,
                    0.0,
                    0.66562
                ],
                [
                    0.0,
                    0.0,
                    1.0,
                    -0.35
                ],
                [
                    0.0,
                    0.0,
                    0.0,
                    1.0
                ]
            ],
            "radius": 0.11,
            "height": 0.68
        },
        "collider2": {
            "type": "Box",
            "collider2origin": [
                [
                    -0.3745440270364129,
                    -0.7844525206344941,
                    -0.4943187379429747,
                    0.36638900014273174
                ],
                [
                    -0.8885528675941621,
                    0.4559988429199962,
                    -0.05038706923225507,
                    0.5059581222486922
                ],
                [
                    0.26493503600229656,
                    0.4203561562839461,
                    -0.8678191796524483,
                    -0.08889333783382669
                ],
                [
                    0.0,
                    0.0,
                    0.0,
                    1.0
                ]
            ],
            "size": [
                0.09126,
                0.11887,
                0.10009
            ]
        },
        "distance": 0.0
    },
    {
        "case": 10,
        "collider1": {
            "type": "Cylinder",
            "collider2origin": [
                [
                    1.0,
                    0.0,
                    0.0,
                    0.36025
                ],
                [
                    0.0,
                    1.0,
                    0.0,
                    0.66562
                ],
                [
                    0.0,
                    0.0,
                    1.0,
                    -0.35
                ],
                [
                    0.0,
                    0.0,
                    0.0,
                    1.0
                ]
            ],
            "radius": 0.11,
            "height": 0.68
        },
        "collider2": {
            "type": "Box",
            "collider2origin": [
                [
                    -0.12638484430915298,
                    -0.7844529351756154,
                    -0.6071741625129585,
                    0.30538325679646994
                ],
                [
                    -0.7811038411139786,
                    0.45599746120413964,
                    -0.4265478927065135,
                    0.5394576008891889
                ],
                [
                    0.6114766230412568,
                    0.42035688155392514,
                    -0.6703703689784621,
                    -0.06142098998444312
                ],
                [
                    0.0,
                    0.0,
                    0.0,
                    1.0
                ]
            ],
            "size": [
                0.08993,
                0.0305,
                0.09007
            ]
        },
        "distance": 0.0
    },
    {
        "case": 11,
        "collider1": {
            "type": "Cylinder",
            "collider2origin": [
                [
                    1.0,
                    0.0,
                    0.0,
                    0.36025
                ],
                [
                    0.0,
                    1.0,
                    0.0,
                    0.66562
                ],
                [
                    0.0,
                    0.0,
                    1.0,
                    -0.35
                ],
                [
                    0.0,
                    0.0,
                    0.0,
                    1.0
                ]
            ],
            "radius": 0.11,
            "height": 0.68
        },
        "collider2": {
            "type": "Box",
            "collider2origin": [
                [
                    -0.649926525765597,
                    -0.7583969639367907,
                    0.04929052847879528,
                    0.2388913451863084
                ],
                [
                    -0.23263236972494855,
                    0.2602644793823845,
                    0.9370936886608353,
                    0.5729885577684776
                ],
                [
                    -0.723517582137722,
                    0.5975754729431876,
                    -0.34558047177800694,
                    -0.023024777290939435
                ],
                [
                    0.0,
                    0.0,
                    0.0,
                    1.0
                ]
            ],
            "size": [
                0.06241,
                0.05638,
                0.02858
            ]
        },
        "distance": 0.0019437664017823413
    },
    {
        "case": 12,
        "collider1": {
            "type": "Cylinder",
            "collider2origin": [
                [
                    1.0,
                    0.0,
                    0.0,
                    0.36025
                ],
                [
                    0.0,
                    1.0,
                    0.0,
                    0.66562
                ],
                [
                    0.0,
                    0.0,
                    1.0,
                    -0.35
                ],
                [
                    0.0,
                    0.0,
                    0.0,
                    1.0
                ]
            ],
            "radius": 0.11,
            "height": 0.68
        },
        "collider2": {
            "type": "Box",
            "collider2origin": [
                [
                    0.8633442014615644,
                    0.10141881048976181,
                    -0.4943187379429747,
                    0.42157953371257567
                ],
                [
                    0.08801658038354972,
                    -0.9948438193162633,
                    -0.05038706923225507,
                    0.5144697060939809
                ],
                [
                    -0.4968801378403848,
                    -6.860882942874269e-06,
                    -0.8678191796524483,
                    0.005180864060907897
                ],
                [
                    0.0,
                    0.0,
                    0.0,
                    1.0
                ]
            ],
            "size": [
                0.09102,
                0.10007,
                0.11882
            ]
        },
        "distance": 0.0
    }
]