[
    {
        "case": 0,
        "collider1": {
            "type": "Cylinder",
            "collider2origin": [
                [
                    1.0,
                    0.0,
                    0.0,
                    0.36025
                ],
                [
                    0.0,
                    1.0,
                    0.0,
                    0.66562
                ],
                [
                    0.0,
                    0.0,
                    1.0,
                    -0.35
                ],
                [
                    0.0,
                    0.0,
                    0.0,
                    1.0
                ]
            ],
            "radius": 0.11,
            "height": 0.68
        },
        "collider2": {
            "type": "Box",
            "collider2origin": [
                [
                    0.6540293783822636,
                    0.4734338269302734,
                    0.5900050709367384,
                    0.33721933362822687
                ],
                [
                    -0.35153262268428187,
                    0.8808293884273283,
                    -0.31711891093318434,
                    0.7423386802711821
                ],
                [
                    -0.6698286253972878,
                    -9.457925264392124e-07,
                    0.7425157322222105,
                    -0.2226726613674086
                ],
                [
                    0.0,
                    0.0,
                    0.0,
                    1.0
                ]
            ],
            "size": [
                0.1202,
                0.13634,
                0.67816
            ]
        },
        "distance": 0.0
    },
    {
        "case": 1,
        "collider1": {
            "type": "Cylinder",
            "collider2origin": [
                [
                    1.0,
                    0.0,
                    0.0,
                    0.36025
                ],
                [
                    0.0,
                    1.0,
                    0.0,
                    0.66562
                ],
                [
                    0.0,
                    0.0,
                    1.0,
                    -0.35
                ],
                [
                    0.0,
                    0.0,
                    0.0,
                    1.0
                ]
            ],
            "radius": 0.11,
            "height": 0.68
        },
        "collider2": {
            "type": "Box",
            "collider2origin": [
                [
                    -0.8034169106772464,
                    0.47343033336809653,
                    -0.361088613895263,
                    0.34439698834066357
                ],
                [
                    0.4318248337789506,
                    0.8808312661331013,
                    0.1940711043255525,
                    0.8819139378702677
                ],
                [
                    0.409937288581572,
                    -7.023585836612532e-06,
                    -0.9121137096771751,
                    -0.14634793299107562
                ],
                [
                    0.0,
                    0.0,
                    0.0,
                    1.0
                ]
            ],
            "size": [
                0.15068,
                0.17726,
                0.74884
            ]
        },
        "distance": 0.0
    },
    {
        "case": 2,
        "collider1": {
            "type": "Cylinder",
            "collider2origin": [
                [
                    1.0,
                    0.0,
                    0.0,
                    0.36025
                ],
                [
                    0.0,
                    1.0,
                    0.0,
                    0.66562
                ],
                [
                    0.0,
                    0.0,
                    1.0,
                    -0.35
                ],
                [
                    0.0,
                    0.0,
                    0.0,
                    1.0
                ]
            ],
            "radius": 0.11,
            "height": 0.68
        },
        "collider2": {
            "type": "Box",
            "collider2origin": [
                [
                    -0.8034169106772464,
                    0.47343033336809653,
                    -0.361088613895263,
                    0.34439698834066357
                ],
                [
                    0.4318248337789506,
                    0.8808312661331013,
                    0.1940711043255525,
                    0.8819139378702677
                ],
                [
                    0.409937288581572,
                    -7.023585836612532e-06,
                    -0.9121137096771751,
                    -0.14634793299107562
                ],
                [
                    0.0,
                    0.0,
                    0.0,
                    1.0
                ]
            ],
            "size": [
                0.15068,
                0.17726,
                0.74884
            ]
        },
        "distance": 0.0
    }
]