[
    {
        "case": 0,
        "collider1": {
            "type": "Box",
            "collider2origin": [
                [
                    0.9984911777768198,
                    0.05491236565527933,
                    0.0,
                    0.19949793078659855
                ],
                [
                    -0.05491236565527933,
                    0.9984911777768198,
                    0.0,
                    1.615142983721484
                ],
                [
                    0.0,
                    0.0,
                    1.0,
                    0.1860599999999999
                ],
                [
                    0.0,
                    0.0,
                    0.0,
                    1.0
                ]
            ],
            "size": [
                0.62,
                0.62,
                0.02
            ]
        },
        "collider2": {
            "type": "Box",
            "collider2origin": [
                [
                    0.03380482558033842,
                    -0.9992316032729598,
                    -0.019835241063141072,
                    0.2990491814529876
                ],
                [
                    -0.861739564912176,
                    -0.039194425289203215,
                    0.5058346758489598,
                    1.2490247505477923
                ],
                [
                    -0.5062234250135567,
                    -6.8409858817926544e-06,
                    -0.8624023677615595,
                    0.3115605031314599
                ],
                [
                    0.0,
                    0.0,
                    0.0,
                    1.0
                ]
            ],
            "size": [
                0.1202,
                0.13634,
                0.67816
            ]
        },
        "distance": 0.0
    },
    {
        "case": 1,
        "collider1": {
            "type": "Cylinder",
            "collider2origin": [
                [
                    0.999996163552453,
                    -0.002769996457679181,
                    0.0,
                    0.10432163761275043
                ],
                [
                    0.0027699964576791865,
                    0.999996163552453,
                    0.0,
                    1.362310441501493
                ],
                [
                    0.0,
                    0.0,
                    1.0,
                    0.29147999999999996
                ],
                [
                    0.0,
                    0.0,
                    0.0,
                    1.0
                ]
            ],
            "radius": 0.15,
            "height": 0.108
        },
        "collider2": {
            "type": "Box",
            "collider2origin": [
                [
                    0.03380482558033842,
                    -0.9992316032729598,
                    -0.019835241063141072,
                    0.2990491814529876
                ],
                [
                    -0.861739564912176,
                    -0.039194425289203215,
                    0.5058346758489598,
                    1.2490247505477923
                ],
                [
                    -0.5062234250135567,
                    -6.8409858817926544e-06,
                    -0.8624023677615595,
                    0.3115605031314599
                ],
                [
                    0.0,
                    0.0,
                    0.0,
                    1.0
                ]
            ],
            "size": [
                0.1202,
                0.13634,
                0.67816
            ]
        },
        "distance": 0.0
    },
    {
        "case": 2,
        "collider1": {
            "type": "Box",
            "collider2origin": [
                [
                    0.9987652092017612,
                    0.049679541947991616,
                    0.0,
                    -0.8452169757328698
                ],
                [
                    -0.049679541947991616,
                    0.9987652092017612,
                    0.0,
                    1.7355619287231678
                ],
                [
                    0.0,
                    0.0,
                    1.0,
                    -0.39990000000000003
                ],
                [
                    0.0,
                    0.0,
                    0.0,
                    1.0
                ]
            ],
            "size": [
                5.96,
                0.78,
                0.87
            ]
        },
        "collider2": {
            "type": "Box",
            "collider2origin": [
                [
                    0.03380482558033842,
                    -0.9992316032729598,
                    -0.019835241063141072,
                    0.2990491814529876
                ],
                [
                    -0.861739564912176,
                    -0.039194425289203215,
                    0.5058346758489598,
                    1.2490247505477923
                ],
                [
                    -0.5062234250135567,
                    -6.8409858817926544e-06,
                    -0.8624023677615595,
                    0.3115605031314599
                ],
                [
                    0.0,
                    0.0,
                    0.0,
                    1.0
                ]
            ],
            "size": [
                0.1202,
                0.13634,
                0.67816
            ]
        },
        "distance": 0.0
    },
    {
        "case": 3,
        "collider1": {
            "type": "Box",
            "collider2origin": [
                [
                    0.9987652092017612,
                    0.049679541947991616,
                    0.0,
                    -0.47864210557426284
                ],
                [
                    -0.049679541947991616,
                    0.9987652092017612,
                    0.0,
                    1.3769077942590573
                ],
                [
                    0.0,
                    0.0,
                    1.0,
                    0.12009999999999998
                ],
                [
                    0.0,
                    0.0,
                    0.0,
                    1.0
                ]
            ],
            "size": [
                4.0,
                0.1,
                0.16
            ]
        },
        "collider2": {
            "type": "Box",
            "collider2origin": [
                [
                    0.03380482558033842,
                    -0.9992316032729598,
                    -0.019835241063141072,
                    0.2990491814529876
                ],
                [
                    -0.861739564912176,
                    -0.039194425289203215,
                    0.5058346758489598,
                    1.2490247505477923
                ],
                [
                    -0.5062234250135567,
                    -6.8409858817926544e-06,
                    -0.8624023677615595,
                    0.3115605031314599
                ],
                [
                    0.0,
                    0.0,
                    0.0,
                    1.0
                ]
            ],
            "size": [
                0.1202,
                0.13634,
                0.67816
            ]
        },
        "distance": 0.0
    },
    {
        "case": 4,
        "collider1": {
            "type": "Box",
            "collider2origin": [
                [
                    0.9987652092017612,
                    0.049679541947991616,
                    0.0,
                    -0.8452169757328698
                ],
                [
                    -0.049679541947991616,
                    0.9987652092017612,
                    0.0,
                    1.7355619287231678
                ],
                [
                    0.0,
                    0.0,
                    1.0,
                    -0.39990000000000003
                ],
                [
                    0.0,
                    0.0,
                    0.0,
                    1.0
                ]
            ],
            "size": [
                5.96,
                0.78,
                0.87
            ]
        },
        "collider2": {
            "type": "Box",
            "collider2origin": [
                [
                    0.8727821937194487,
                    -0.42478884723003146,
                    0.2404281131549454,
                    0.14578763161623912
                ],
                [
                    -0.3724357946422847,
                    -0.8979425507326163,
                    -0.23450107559022457,
                    1.3078749497785567
                ],
                [
                    0.31550407476835585,
                    0.11512432780599931,
                    -0.9419148411357472,
                    -0.04700164094831916
                ],
                [
                    0.0,
                    0.0,
                    0.0,
                    1.0
                ]
            ],
            "size": [
                0.08993,
                0.0305,
                0.09007
            ]
        },
        "distance": 0.0
    },
    {
        "case": 5,
        "collider1": {
            "type": "Box",
            "collider2origin": [
                [
                    0.9987652092017612,
                    0.049679541947991616,
                    0.0,
                    -0.8452169757328698
                ],
                [
                    -0.049679541947991616,
                    0.9987652092017612,
                    0.0,
                    1.7355619287231678
                ],
                [
                    0.0,
                    0.0,
                    1.0,
                    -0.39990000000000003
                ],
                [
                    0.0,
                    0.0,
                    0.0,
                    1.0
                ]
            ],
            "size": [
                5.96,
                0.78,
                0.87
            ]
        },
        "collider2": {
            "type": "Cylinder",
            "collider2origin": [
                [
                    -0.3298319194451592,
                    -0.8054882185751738,
                    0.49234097397201715,
                    0.07045012586196303
                ],
                [
                    -0.10850362156552983,
                    0.5504151835975202,
                    0.82781041898038,
                    1.1794772730814091
                ],
                [
                    -0.9377834872838641,
                    0.21961752070793644,
                    -0.2689428853415036,
                    -0.061241871741801956
                ],
                [
                    0.0,
                    0.0,
                    0.0,
                    1.0
                ]
            ],
            "radius": 0.01271,
            "height": 0.05982
        },
        "distance": 0.08777751658279959
    },
    {
        "case": 6,
        "collider1": {
            "type": "Box",
            "collider2origin": [
                [
                    0.9987652092017612,
                    0.049679541947991616,
                    0.0,
                    -0.8452169757328698
                ],
                [
                    -0.049679541947991616,
                    0.9987652092017612,
                    0.0,
                    1.7355619287231678
                ],
                [
                    0.0,
                    0.0,
                    1.0,
                    -0.39990000000000003
                ],
                [
                    0.0,
                    0.0,
                    0.0,
                    1.0
                ]
            ],
            "size": [
                5.96,
                0.78,
                0.87
            ]
        },
        "collider2": {
            "type": "Box",
            "collider2origin": [
                [
                    0.9052777519394725,
                    -0.4247897116807497,
                    0.005088486376151692,
                    0.1773062486856255
                ],
                [
                    -0.42061948328765975,
                    -0.8979421651678856,
                    -0.12953423598582609,
                    1.3756244199338665
                ],
                [
                    0.05959397723123417,
                    0.1151241454421925,
                    -0.9915618936879167,
                    -0.0509635659249531
                ],
                [
                    0.0,
                    0.0,
                    0.0,
                    1.0
                ]
            ],
            "size": [
                0.09126,
                0.11887,
                0.10009
            ]
        },
        "distance": 0.0
    },
    {
        "case": 7,
        "collider1": {
            "type": "Box",
            "collider2origin": [
                [
                    0.9987652092017612,
                    0.049679541947991616,
                    0.0,
                    -0.8452169757328698
                ],
                [
                    -0.049679541947991616,
                    0.9987652092017612,
                    0.0,
                    1.7355619287231678
                ],
                [
                    0.0,
                    0.0,
                    1.0,
                    -0.39990000000000003
                ],
                [
                    0.0,
                    0.0,
                    0.0,
                    1.0
                ]
            ],
            "size": [
                5.96,
                0.78,
                0.87
            ]
        },
        "collider2": {
            "type": "Box",
            "collider2origin": [
                [
                    0.038865065112175294,
                    -0.9992315117229968,
                    0.005088486376151692,
                    0.18159168822496996
                ],
                [
                    -0.9907999272210863,
                    -0.039196759129532695,
                    -0.12953423598582609,
                    1.392103752168138
                ],
                [
                    0.1296341426188203,
                    -7.315415311574374e-06,
                    -0.9915618936879167,
                    0.05718616708991919
                ],
                [
                    0.0,
                    0.0,
                    0.0,
                    1.0
                ]
            ],
            "size": [
                0.09102,
                0.10007,
                0.11882
            ]
        },
        "distance": 0.0
    },
    {
        "case": 8,
        "collider1": {
            "type": "Box",
            "collider2origin": [
                [
                    0.9987652092017612,
                    0.049679541947991616,
                    0.0,
                    -0.47864210557426284
                ],
                [
                    -0.049679541947991616,
                    0.9987652092017612,
                    0.0,
                    1.3769077942590573
                ],
                [
                    0.0,
                    0.0,
                    1.0,
                    0.12009999999999998
                ],
                [
                    0.0,
                    0.0,
                    0.0,
                    1.0
                ]
            ],
            "size": [
                4.0,
                0.1,
                0.16
            ]
        },
        "collider2": {
            "type": "Box",
            "collider2origin": [
                [
                    0.038865065112175294,
                    -0.9992315117229968,
                    0.005088486376151692,
                    0.18159168822496996
                ],
                [
                    -0.9907999272210863,
                    -0.039196759129532695,
                    -0.12953423598582609,
                    1.392103752168138
                ],
                [
                    0.1296341426188203,
                    -7.315415311574374e-06,
                    -0.9915618936879167,
                    0.05718616708991919
                ],
                [
                    0.0,
                    0.0,
                    0.0,
                    1.0
                ]
            ],
            "size": [
                0.09102,
                0.10007,
                0.11882
            ]
        },
        "distance": 0.0
    },
    {
        "case": 9,
        "collider1": {
            "type": "Box",
            "collider2origin": [
                [
                    0.9987652092017612,
                    0.049679541947991616,
                    0.0,
                    -0.8452169757328698
                ],
                [
                    -0.049679541947991616,
                    0.9987652092017612,
                    0.0,
                    1.7355619287231678
                ],
                [
                    0.0,
                    0.0,
                    1.0,
                    -0.39990000000000003
                ],
                [
                    0.0,
                    0.0,
                    0.0,
                    1.0
                ]
            ],
            "size": [
                5.96,
                0.78,
                0.87
            ]
        },
        "collider2": {
            "type": "Box",
            "collider2origin": [
                [
                    -0.02728338240930412,
                    -0.9992316337714842,
                    -0.02813821448987069,
                    0.18715510574325844
                ],
                [
                    0.6956030182322571,
                    -0.039193648326285066,
                    0.7173564657525917,
                    0.8782752629648438
                ],
                [
                    -0.7179081125537458,
                    -1.1161479058473326e-06,
                    0.6961378756598955,
                    0.33619083747538125
                ],
                [
                    0.0,
                    0.0,
                    0.0,
                    1.0
                ]
            ],
            "size": [
                0.15068,
                0.17726,
                0.74884
            ]
        },
        "distance": 0.42450037739903557
    },
    {
        "case": 10,
        "collider1": {
            "type": "Box",
            "collider2origin": [
                [
                    0.9987652092017612,
                    0.049679541947991616,
                    0.0,
                    -0.8452169757328698
                ],
                [
                    -0.049679541947991616,
                    0.9987652092017612,
                    0.0,
                    1.7355619287231678
                ],
                [
                    0.0,
                    0.0,
                    1.0,
                    -0.39990000000000003
                ],
                [
                    0.0,
                    0.0,
                    0.0,
                    1.0
                ]
            ],
            "size": [
                5.96,
                0.78,
                0.87
            ]
        },
        "collider2": {
            "type": "Box",
            "collider2origin": [
                [
                    -0.02728338240930412,
                    -0.9992316337714842,
                    -0.02813821448987069,
                    0.18715510574325844
                ],
                [
                    0.6956030182322571,
                    -0.039193648326285066,
                    0.7173564657525917,
                    0.8782752629648438
                ],
                [
                    -0.7179081125537458,
                    -1.1161479058473326e-06,
                    0.6961378756598955,
                    0.33619083747538125
                ],
                [
                    0.0,
                    0.0,
                    0.0,
                    1.0
                ]
            ],
            "size": [
                0.15068,
                0.17726,
                0.74884
            ]
        },
        "distance": 0.42450037739903557
    },
    {
        "case": 11,
        "collider1": {
            "type": "Box",
            "collider2origin": [
                [
                    0.9987652092017612,
                    0.049679541947991616,
                    0.0,
                    -0.8452169757328698
                ],
                [
                    -0.049679541947991616,
                    0.9987652092017612,
                    0.0,
                    1.7355619287231678
                ],
                [
                    0.0,
                    0.0,
                    1.0,
                    -0.39990000000000003
                ],
                [
                    0.0,
                    0.0,
                    0.0,
                    1.0
                ]
            ],
            "size": [
                5.96,
                0.78,
                0.87
            ]
        },
        "collider2": {
            "type": "Box",
            "collider2origin": [
                [
                    0.2416452524304517,
                    -0.19698329813650275,
                    -0.9501605928647476,
                    0.10781597968219608
                ],
                [
                    -0.28492439546058607,
                    -0.9504205051653354,
                    0.12457508672558767,
                    1.1811680374500675
                ],
                [
                    -0.9275913221075553,
                    0.24062095423411028,
                    -0.2857899500231303,
                    -0.024554211339882004
                ],
                [
                    0.0,
                    0.0,
                    0.0,
                    1.0
                ]
            ],
            "size": [
                0.07264,
                0.04753,
                0.03326
            ]
        },
        "distance": 0.0823878801851186
    },
    {
        "case": 12,
        "collider1": {
            "type": "Box",
            "collider2origin": [
                [
                    0.9987652092017612,
                    0.049679541947991616,
                    0.0,
                    -0.8452169757328698
                ],
                [
                    -0.049679541947991616,
                    0.9987652092017612,
                    0.0,
                    1.7355619287231678
                ],
                [
                    0.0,
                    0.0,
                    1.0,
                    -0.39990000000000003
                ],
                [
                    0.0,
                    0.0,
                    0.0,
                    1.0
                ]
            ],
            "size": [
                5.96,
                0.78,
                0.87
            ]
        },
        "collider2": {
            "type": "Box",
            "collider2origin": [
                [
                    0.03718356073898153,
                    -0.19698815080179705,
                    -0.9797004905860047,
                    0.11532571693364269
                ],
                [
                    -0.25249755829297765,
                    -0.9504191019992009,
                    0.18151725430690116,
                    1.2306191798498545
                ],
                [
                    -0.9668828087554635,
                    0.24062252388070468,
                    -0.08507899349677824,
                    -0.035893702588180476
                ],
                [
                    0.0,
                    0.0,
                    0.0,
                    1.0
                ]
            ],
            "size": [
                0.06241,
                0.05638,
                0.02858
            ]
        },
        "distance": 0.02985783998368121
    }
]