[
    {
        "case": 0,
        "collider1": {
            "type": "Cylinder",
            "collider2origin": [
                [
                    1.0,
                    0.0,
                    0.0,
                    0.36025
                ],
                [
                    0.0,
                    1.0,
                    0.0,
                    0.66562
                ],
                [
                    0.0,
                    0.0,
                    1.0,
                    -0.35
                ],
                [
                    0.0,
                    0.0,
                    0.0,
                    1.0
                ]
            ],
            "radius": 0.11,
            "height": 0.68
        },
        "collider2": {
            "type": "Box",
            "collider2origin": [
                [
                    -0.03532724220659157,
                    0.9468140965349119,
                    0.3198359775898504,
                    0.6312024627155013
                ],
                [
                    0.10393488209983187,
                    0.32178108487939616,
                    -0.9410921706701915,
                    0.4438549307183165
                ],
                [
                    -0.9939565011815007,
                    -4.076429907299407e-06,
                    -0.10977464981684913,
                    0.09446855758667105
                ],
                [
                    0.0,
                    0.0,
                    0.0,
                    1.0
                ]
            ],
            "size": [
                0.15068,
                0.17726,
                0.74884
            ]
        },
        "distance": 0.054544120553213706
    },
    {
        "case": 1,
        "collider1": {
            "type": "Cylinder",
            "collider2origin": [
                [
                    1.0,
                    0.0,
                    0.0,
                    0.36025
                ],
                [
                    0.0,
                    1.0,
                    0.0,
                    0.66562
                ],
                [
                    0.0,
                    0.0,
                    1.0,
                    -0.35
                ],
                [
                    0.0,
                    0.0,
                    0.0,
                    1.0
                ]
            ],
            "radius": 0.11,
            "height": 0.68
        },
        "collider2": {
            "type": "Box",
            "collider2origin": [
                [
                    -0.03532724220659157,
                    0.9468140965349119,
                    0.3198359775898504,
                    0.6312024627155013
                ],
                [
                    0.10393488209983187,
                    0.32178108487939616,
                    -0.9410921706701915,
                    0.4438549307183165
                ],
                [
                    -0.9939565011815007,
                    -4.076429907299407e-06,
                    -0.10977464981684913,
                    0.09446855758667105
                ],
                [
                    0.0,
                    0.0,
                    0.0,
                    1.0
                ]
            ],
            "size": [
                0.15068,
                0.17726,
                0.74884
            ]
        },
        "distance": 0.054544120553213706
    }
]