[
    {
        "case": 0,
        "collider1": {
            "type": "Box",
            "collider2origin": [
                [
                    0.999131514540288,
                    0.041667933143249715,
                    0.0,
                    1.4771061177758427
                ],
                [
                    -0.041667933143249715,
                    0.999131514540288,
                    0.0,
                    0.2752134143142163
                ],
                [
                    0.0,
                    0.0,
                    1.0,
                    -0.26
                ],
                [
                    0.0,
                    0.0,
                    0.0,
                    1.0
                ]
            ],
            "size": [
                0.71,
                0.71,
                0.998
            ]
        },
        "collider2": {
            "type": "Cylinder",
            "collider2origin": [
                [
                    0.24027886600069132,
                    -0.46445485299306144,
                    -0.8523777074071182,
                    1.23726485641688
                ],
                [
                    -0.1582823824124441,
                    -0.8850967974835358,
                    0.43766465073413063,
                    0.5007635462579193
                ],
                [
                    -0.9577122500893793,
                    0.02975480827667027,
                    -0.28618507545495087,
                    -0.7477268573201906
                ],
                [
                    0.0,
                    0.0,
                    0.0,
                    1.0
                ]
            ],
            "radius": 0.0076,
            "height": 0.02993
        },
        "distance": 0.0
    },
    {
        "case": 1,
        "collider1": {
            "type": "Box",
            "collider2origin": [
                [
                    0.999131514540288,
                    0.041667933143249715,
                    0.0,
                    1.4771061177758427
                ],
                [
                    -0.041667933143249715,
                    0.999131514540288,
                    0.0,
                    0.2752134143142163
                ],
                [
                    0.0,
                    0.0,
                    1.0,
                    -0.26
                ],
                [
                    0.0,
                    0.0,
                    0.0,
                    1.0
                ]
            ],
            "size": [
                0.71,
                0.71,
                0.998
            ]
        },
        "collider2": {
            "type": "Sphere",
            "collider2origin": [
                [
                    1.0,
                    0.0,
                    0.0,
                    1.2506057972157425
                ],
                [
                    0.0,
                    1.0,
                    0.0,
                    0.4924467182486435
                ],
                [
                    0.0,
                    0.0,
                    1.0,
                    -0.7426483269751621
                ],
                [
                    0.0,
                    0.0,
                    0.0,
                    1.0
                ]
            ],
            "radius": 0.00487
        },
        "distance": 0.0
    },
    {
        "case": 2,
        "collider1": {
            "type": "Box",
            "collider2origin": [
                [
                    0.999131514540288,
                    0.041667933143249715,
                    0.0,
                    1.4771061177758427
                ],
                [
                    -0.041667933143249715,
                    0.999131514540288,
                    0.0,
                    0.2752134143142163
                ],
                [
                    0.0,
                    0.0,
                    1.0,
                    -0.26
                ],
                [
                    0.0,
                    0.0,
                    0.0,
                    1.0
                ]
            ],
            "size": [
                0.71,
                0.71,
                0.998
            ]
        },
        "collider2": {
            "type": "Sphere",
            "collider2origin": [
                [
                    1.0,
                    0.0,
                    0.0,
                    1.2275009063199636
                ],
                [
                    0.0,
                    1.0,
                    0.0,
                    0.48465742524258876
                ],
                [
                    0.0,
                    0.0,
                    1.0,
                    -0.7195679354874882
                ],
                [
                    0.0,
                    0.0,
                    0.0,
                    1.0
                ]
            ],
            "radius": 0.00484
        },
        "distance": 0.0
    },
    {
        "case": 3,
        "collider1": {
            "type": "Box",
            "collider2origin": [
                [
                    0.999131514540288,
                    0.041667933143249715,
                    0.0,
                    1.4771061177758427
                ],
                [
                    -0.041667933143249715,
                    0.999131514540288,
                    0.0,
                    0.2752134143142163
                ],
                [
                    0.0,
                    0.0,
                    1.0,
                    -0.26
                ],
                [
                    0.0,
                    0.0,
                    0.0,
                    1.0
                ]
            ],
            "size": [
                0.71,
                0.71,
                0.998
            ]
        },
        "collider2": {
            "type": "Cylinder",
            "collider2origin": [
                [
                    0.24006635182344582,
                    0.050192375760884,
                    -0.9694580301063367,
                    1.2034765683074329
                ],
                [
                    -0.15116373626262306,
                    -0.984547544537573,
                    -0.08840620670608527,
                    0.5072866277283903
                ],
                [
                    -0.9589148406200126,
                    0.16777025350315586,
                    -0.22876947016195404,
                    -0.7572140905713861
                ],
                [
                    0.0,
                    0.0,
                    0.0,
                    1.0
                ]
            ],
            "radius": 0.00783,
            "height": 0.03683
        },
        "distance": 0.0
    },
    {
        "case": 4,
        "collider1": {
            "type": "Box",
            "collider2origin": [
                [
                    0.999131514540288,
                    0.041667933143249715,
                    0.0,
                    1.4771061177758427
                ],
                [
                    -0.041667933143249715,
                    0.999131514540288,
                    0.0,
                    0.2752134143142163
                ],
                [
                    0.0,
                    0.0,
                    1.0,
                    -0.26
                ],
                [
                    0.0,
                    0.0,
                    0.0,
                    1.0
                ]
            ],
            "size": [
                0.71,
                0.71,
                0.998
            ]
        },
        "collider2": {
            "type": "Cylinder",
            "collider2origin": [
                [
                    0.40418524380484844,
                    -0.4609519159584465,
                    -0.7900364674270751,
                    1.2170899908375912
                ],
                [
                    -0.08807352994217985,
                    -0.8793322548212799,
                    0.4679934176400846,
                    0.4924583945258331
                ],
                [
                    -0.9104270108108273,
                    -0.1195747331385695,
                    -0.39601078417247754,
                    -0.7259763999728996
                ],
                [
                    0.0,
                    0.0,
                    0.0,
                    1.0
                ]
            ],
            "radius": 0.0076,
            "height": 0.02993
        },
        "distance": 0.0
    },
    {
        "case": 5,
        "collider1": {
            "type": "Cylinder",
            "collider2origin": [
                [
                    1.0,
                    0.0,
                    0.0,
                    0.36025
                ],
                [
                    0.0,
                    1.0,
                    0.0,
                    0.66562
                ],
                [
                    0.0,
                    0.0,
                    1.0,
                    -0.35
                ],
                [
                    0.0,
                    0.0,
                    0.0,
                    1.0
                ]
            ],
            "radius": 0.11,
            "height": 0.68
        },
        "collider2": {
            "type": "Box",
            "collider2origin": [
                [
                    -0.2967262929427581,
                    0.5810357846088401,
                    0.7578594355686533,
                    0.6987785810241046
                ],
                [
                    0.21183018178284402,
                    0.8138780111164482,
                    -0.5410457994541512,
                    0.6497370534362041
                ],
                [
                    -0.9311721007216096,
                    -5.012381929856959e-06,
                    -0.3645799210222366,
                    0.01802841102862529
                ],
                [
                    0.0,
                    0.0,
                    0.0,
                    1.0
                ]
            ],
            "size": [
                0.15068,
                0.17726,
                0.74884
            ]
        },
        "distance": 0.030752435930856692
    },
    {
        "case": 6,
        "collider1": {
            "type": "Box",
            "collider2origin": [
                [
                    1.0,
                    0.0,
                    0.0,
                    1.0596
                ],
                [
                    0.0,
                    1.0,
                    0.0,
                    0.84274
                ],
                [
                    0.0,
                    0.0,
                    1.0,
                    0.13693
                ],
                [
                    0.0,
                    0.0,
                    0.0,
                    1.0
                ]
            ],
            "size": [
                0.1,
                0.1,
                2.0
            ]
        },
        "collider2": {
            "type": "Box",
            "collider2origin": [
                [
                    -0.2967262929427581,
                    0.5810357846088401,
                    0.7578594355686533,
                    0.6987785810241046
                ],
                [
                    0.21183018178284402,
                    0.8138780111164482,
                    -0.5410457994541512,
                    0.6497370534362041
                ],
                [
                    -0.9311721007216096,
                    -5.012381929856959e-06,
                    -0.3645799210222366,
                    0.01802841102862529
                ],
                [
                    0.0,
                    0.0,
                    0.0,
                    1.0
                ]
            ],
            "size": [
                0.15068,
                0.17726,
                0.74884
            ]
        },
        "distance": 0.20835524862891278
    },
    {
        "case": 7,
        "collider1": {
            "type": "Cylinder",
            "collider2origin": [
                [
                    1.0,
                    0.0,
                    0.0,
                    0.36025
                ],
                [
                    0.0,
                    1.0,
                    0.0,
                    0.66562
                ],
                [
                    0.0,
                    0.0,
                    1.0,
                    -0.35
                ],
                [
                    0.0,
                    0.0,
                    0.0,
                    1.0
                ]
            ],
            "radius": 0.11,
            "height": 0.68
        },
        "collider2": {
            "type": "Box",
            "collider2origin": [
                [
                    -0.2967262929427581,
                    0.5810357846088401,
                    0.7578594355686533,
                    0.6987785810241046
                ],
                [
                    0.21183018178284402,
                    0.8138780111164482,
                    -0.5410457994541512,
                    0.6497370534362041
                ],
                [
                    -0.9311721007216096,
                    -5.012381929856959e-06,
                    -0.3645799210222366,
                    0.01802841102862529
                ],
                [
                    0.0,
                    0.0,
                    0.0,
                    1.0
                ]
            ],
            "size": [
                0.15068,
                0.17726,
                0.74884
            ]
        },
        "distance": 0.030752435930856692
    },
    {
        "case": 8,
        "collider1": {
            "type": "Box",
            "collider2origin": [
                [
                    1.0,
                    0.0,
                    0.0,
                    1.0596
                ],
                [
                    0.0,
                    1.0,
                    0.0,
                    0.84274
                ],
                [
                    0.0,
                    0.0,
                    1.0,
                    0.13693
                ],
                [
                    0.0,
                    0.0,
                    0.0,
                    1.0
                ]
            ],
            "size": [
                0.1,
                0.1,
                2.0
            ]
        },
        "collider2": {
            "type": "Box",
            "collider2origin": [
                [
                    -0.2967262929427581,
                    0.5810357846088401,
                    0.7578594355686533,
                    0.6987785810241046
                ],
                [
                    0.21183018178284402,
                    0.8138780111164482,
                    -0.5410457994541512,
                    0.6497370534362041
                ],
                [
                    -0.9311721007216096,
                    -5.012381929856959e-06,
                    -0.3645799210222366,
                    0.01802841102862529
                ],
                [
                    0.0,
                    0.0,
                    0.0,
                    1.0
                ]
            ],
            "size": [
                0.15068,
                0.17726,
                0.74884
            ]
        },
        "distance": 0.20835524862891278
    },
    {
        "case": 9,
        "collider1": {
            "type": "Box",
            "collider2origin": [
                [
                    0.999131514540288,
                    0.041667933143249715,
                    0.0,
                    1.4771061177758427
                ],
                [
                    -0.041667933143249715,
                    0.999131514540288,
                    0.0,
                    0.2752134143142163
                ],
                [
                    0.0,
                    0.0,
                    1.0,
                    -0.26
                ],
                [
                    0.0,
                    0.0,
                    0.0,
                    1.0
                ]
            ],
            "size": [
                0.71,
                0.71,
                0.998
            ]
        },
        "collider2": {
            "type": "Box",
            "collider2origin": [
                [
                    0.19136049408500094,
                    0.931755816496954,
                    0.3085648387740221,
                    1.1127381642117422
                ],
                [
                    -0.3739071339358777,
                    0.3598719159045274,
                    -0.8548015321319106,
                    0.4762450577953371
                ],
                [
                    -0.9075101192247945,
                    0.04820064903399753,
                    0.4172554145092661,
                    -0.7763486281164643
                ],
                [
                    0.0,
                    0.0,
                    0.0,
                    1.0
                ]
            ],
            "size": [
                0.06241,
                0.05638,
                0.02858
            ]
        },
        "distance": 0.0
    },
    {
        "case": 10,
        "collider1": {
            "type": "Box",
            "collider2origin": [
                [
                    0.999131514540288,
                    0.041667933143249715,
                    0.0,
                    1.4771061177758427
                ],
                [
                    -0.041667933143249715,
                    0.999131514540288,
                    0.0,
                    0.2752134143142163
                ],
                [
                    0.0,
                    0.0,
                    1.0,
                    -0.26
                ],
                [
                    0.0,
                    0.0,
                    0.0,
                    1.0
                ]
            ],
            "size": [
                0.71,
                0.71,
                0.998
            ]
        },
        "collider2": {
            "type": "Cylinder",
            "collider2origin": [
                [
                    0.40403735490434406,
                    -0.11552045327033901,
                    -0.9074187791301852,
                    1.1945763973627543
                ],
                [
                    -0.08089035186815442,
                    -0.9926195934880652,
                    0.09034984005649274,
                    0.500375432301639
                ],
                [
                    -0.9111589141398697,
                    0.036896713943155766,
                    -0.41039988509214953,
                    -0.736413488729169
                ],
                [
                    0.0,
                    0.0,
                    0.0,
                    1.0
                ]
            ],
            "radius": 0.00783,
            "height": 0.03044
        },
        "distance": 0.0
    },
    {
        "case": 11,
        "collider1": {
            "type": "Box",
            "collider2origin": [
                [
                    0.999131514540288,
                    0.041667933143249715,
                    0.0,
                    1.4771061177758427
                ],
                [
                    -0.041667933143249715,
                    0.999131514540288,
                    0.0,
                    0.2752134143142163
                ],
                [
                    0.0,
                    0.0,
                    1.0,
                    -0.26
                ],
                [
                    0.0,
                    0.0,
                    0.0,
                    1.0
                ]
            ],
            "size": [
                0.71,
                0.71,
                0.998
            ]
        },
        "collider2": {
            "type": "Box",
            "collider2origin": [
                [
                    0.12245276205210105,
                    0.9317547048818217,
                    0.341816458053734,
                    1.159891390721616
                ],
                [
                    -0.18649227896474746,
                    0.3598753159180343,
                    -0.9141719678919439,
                    0.4964168268331368
                ],
                [
                    -0.9747953379824639,
                    0.048196752208874365,
                    0.21783278477807239,
                    -0.7760865907256465
                ],
                [
                    0.0,
                    0.0,
                    0.0,
                    1.0
                ]
            ],
            "size": [
                0.07264,
                0.04753,
                0.03326
            ]
        },
        "distance": 0.0
    }
]