[
    {
        "case": 0,
        "collider1": {
            "type": "Cylinder",
            "collider2origin": [
                [
                    1.0,
                    0.0,
                    0.0,
                    0.36025
                ],
                [
                    0.0,
                    1.0,
                    0.0,
                    0.66562
                ],
                [
                    0.0,
                    0.0,
                    1.0,
                    -0.35
                ],
                [
                    0.0,
                    0.0,
                    0.0,
                    1.0
                ]
            ],
            "radius": 0.11,
            "height": 0.68
        },
        "collider2": {
            "type": "Box",
            "collider2origin": [
                [
                    -0.4551610655557623,
                    -0.09305639808404864,
                    -0.8855331225751898,
                    0.7226971330361371
                ],
                [
                    -0.0425354571206151,
                    0.9956608392153298,
                    -0.08276610502231768,
                    0.7513724237181274
                ],
                [
                    0.889392567593008,
                    -5.3523896768614274e-06,
                    -0.45714424493989686,
                    0.06818140849020304
                ],
                [
                    0.0,
                    0.0,
                    0.0,
                    1.0
                ]
            ],
            "size": [
                0.1202,
                0.13634,
                0.67816
            ]
        },
        "distance": 0.0
    },
    {
        "case": 1,
        "collider1": {
            "type": "Box",
            "collider2origin": [
                [
                    1.0,
                    0.0,
                    0.0,
                    1.0596
                ],
                [
                    0.0,
                    1.0,
                    0.0,
                    0.84274
                ],
                [
                    0.0,
                    0.0,
                    1.0,
                    0.13693
                ],
                [
                    0.0,
                    0.0,
                    0.0,
                    1.0
                ]
            ],
            "size": [
                0.1,
                0.1,
                2.0
            ]
        },
        "collider2": {
            "type": "Box",
            "collider2origin": [
                [
                    -0.4551610655557623,
                    -0.09305639808404864,
                    -0.8855331225751898,
                    0.7226971330361371
                ],
                [
                    -0.0425354571206151,
                    0.9956608392153298,
                    -0.08276610502231768,
                    0.7513724237181274
                ],
                [
                    0.889392567593008,
                    -5.3523896768614274e-06,
                    -0.45714424493989686,
                    0.06818140849020304
                ],
                [
                    0.0,
                    0.0,
                    0.0,
                    1.0
                ]
            ],
            "size": [
                0.1202,
                0.13634,
                0.67816
            ]
        },
        "distance": 0.0
    },
    {
        "case": 2,
        "collider1": {
            "type": "Box",
            "collider2origin": [
                [
                    1.0,
                    0.0,
                    0.0,
                    1.0596
                ],
                [
                    0.0,
                    1.0,
                    0.0,
                    0.84274
                ],
                [
                    0.0,
                    0.0,
                    1.0,
                    0.13693
                ],
                [
                    0.0,
                    0.0,
                    0.0,
                    1.0
                ]
            ],
            "size": [
                0.1,
                0.1,
                2.0
            ]
        },
        "collider2": {
            "type": "Box",
            "collider2origin": [
                [
                    0.11245772059965445,
                    -0.09304951147354565,
                    0.9892901745656147,
                    0.6505046536493257
                ],
                [
                    0.010506481035699016,
                    0.9956614828363692,
                    0.09245445068967037,
                    0.871516315544956
                ],
                [
                    -0.9936009636336794,
                    -3.2583259764793974e-06,
                    0.11294744377632791,
                    0.16127846892162157
                ],
                [
                    0.0,
                    0.0,
                    0.0,
                    1.0
                ]
            ],
            "size": [
                0.15068,
                0.17726,
                0.74884
            ]
        },
        "distance": 0.0
    },
    {
        "case": 3,
        "collider1": {
            "type": "Box",
            "collider2origin": [
                [
                    1.0,
                    0.0,
                    0.0,
                    1.0596
                ],
                [
                    0.0,
                    1.0,
                    0.0,
                    0.84274
                ],
                [
                    0.0,
                    0.0,
                    1.0,
                    0.13693
                ],
                [
                    0.0,
                    0.0,
                    0.0,
                    1.0
                ]
            ],
            "size": [
                0.1,
                0.1,
                2.0
            ]
        },
        "collider2": {
            "type": "Box",
            "collider2origin": [
                [
                    0.11245772059965445,
                    -0.09304951147354565,
                    0.9892901745656147,
                    0.6505046536493257
                ],
                [
                    0.010506481035699016,
                    0.9956614828363692,
                    0.09245445068967037,
                    0.871516315544956
                ],
                [
                    -0.9936009636336794,
                    -3.2583259764793974e-06,
                    0.11294744377632791,
                    0.16127846892162157
                ],
                [
                    0.0,
                    0.0,
                    0.0,
                    1.0
                ]
            ],
            "size": [
                0.15068,
                0.17726,
                0.74884
            ]
        },
        "distance": 0.0
    }
]