[
    {
        "case": 0,
        "collider1": {
            "type": "Cylinder",
            "collider2origin": [
                [
                    1.0,
                    0.0,
                    0.0,
                    0.36025
                ],
                [
                    0.0,
                    1.0,
                    0.0,
                    0.66562
                ],
                [
                    0.0,
                    0.0,
                    1.0,
                    -0.35
                ],
                [
                    0.0,
                    0.0,
                    0.0,
                    1.0
                ]
            ],
            "radius": 0.11,
            "height": 0.68
        },
        "collider2": {
            "type": "Box",
            "collider2origin": [
                [
                    0.0917608835896119,
                    -0.9657714811065524,
                    0.2426219003390036,
                    0.4103518404295355
                ],
                [
                    -0.3416600402597611,
                    -0.259394383625645,
                    -0.9033177572887461,
                    0.33395104692574523
                ],
                [
                    0.9353332866591202,
                    -4.972666721788268e-06,
                    -0.35376778095626565,
                    -0.5796146697133333
                ],
                [
                    0.0,
                    0.0,
                    0.0,
                    1.0
                ]
            ],
            "size": [
                0.1202,
                0.13634,
                0.67816
            ]
        },
        "distance": 0.0
    },
    {
        "case": 1,
        "collider1": {
            "type": "Cylinder",
            "collider2origin": [
                [
                    1.0,
                    0.0,
                    0.0,
                    0.36025
                ],
                [
                    0.0,
                    1.0,
                    0.0,
                    0.66562
                ],
                [
                    0.0,
                    0.0,
                    1.0,
                    -0.35
                ],
                [
                    0.0,
                    0.0,
                    0.0,
                    1.0
                ]
            ],
            "radius": 0.11,
            "height": 0.68
        },
        "collider2": {
            "type": "Box",
            "collider2origin": [
                [
                    0.2575500274973841,
                    -0.965772258975996,
                    0.030853316329013704,
                    0.21066262409081152
                ],
                [
                    -0.9589194497590177,
                    -0.2593914874062254,
                    -0.11484574495839653,
                    0.5903701548090188
                ],
                [
                    0.11891792215624937,
                    -7.320345466144577e-06,
                    -0.992904087883846,
                    -0.17055384149484176
                ],
                [
                    0.0,
                    0.0,
                    0.0,
                    1.0
                ]
            ],
            "size": [
                0.15068,
                0.17726,
                0.74884
            ]
        },
        "distance": 0.0
    },
    {
        "case": 2,
        "collider1": {
            "type": "Cylinder",
            "collider2origin": [
                [
                    1.0,
                    0.0,
                    0.0,
                    0.36025
                ],
                [
                    0.0,
                    1.0,
                    0.0,
                    0.66562
                ],
                [
                    0.0,
                    0.0,
                    1.0,
                    -0.35
                ],
                [
                    0.0,
                    0.0,
                    0.0,
                    1.0
                ]
            ],
            "radius": 0.11,
            "height": 0.68
        },
        "collider2": {
            "type": "Box",
            "collider2origin": [
                [
                    0.2575500274973841,
                    -0.965772258975996,
                    0.030853316329013704,
                    0.21066262409081152
                ],
                [
                    -0.9589194497590177,
                    -0.2593914874062254,
                    -0.11484574495839653,
                    0.5903701548090188
                ],
                [
                    0.11891792215624937,
                    -7.320345466144577e-06,
                    -0.992904087883846,
                    -0.17055384149484176
                ],
                [
                    0.0,
                    0.0,
                    0.0,
                    1.0
                ]
            ],
            "size": [
                0.15068,
                0.17726,
                0.74884
            ]
        },
        "distance": 0.0
    }
]