[
    {
        "case": 0,
        "collider1": {
            "type": "Box",
            "collider2origin": [
                [
                    0.9984911777768198,
                    0.05491236565527933,
                    0.0,
                    0.19949793078659855
                ],
                [
                    -0.05491236565527933,
                    0.9984911777768198,
                    0.0,
                    1.615142983721484
                ],
                [
                    0.0,
                    0.0,
                    1.0,
                    0.1860599999999999
                ],
                [
                    0.0,
                    0.0,
                    0.0,
                    1.0
                ]
            ],
            "size": [
                0.62,
                0.62,
                0.02
            ]
        },
        "collider2": {
            "type": "Box",
            "collider2origin": [
                [
                    0.470848950672647,
                    0.09282577709365616,
                    0.8773167277314537,
                    0.12577061086275698
                ],
                [
                    -0.6378644002095815,
                    -0.6511646738543054,
                    0.4112342087782661,
                    1.3931488410614457
                ],
                [
                    0.6094507958775159,
                    -0.7532383040121993,
                    -0.24738994476956286,
                    0.20993671084419185
                ],
                [
                    0.0,
                    0.0,
                    0.0,
                    1.0
                ]
            ],
            "size": [
                0.08993,
                0.0305,
                0.09007
            ]
        },
        "distance": 0.0
    },
    {
        "case": 1,
        "collider1": {
            "type": "Box",
            "collider2origin": [
                [
                    -0.05491603331779873,
                    0.9984909760657019,
                    0.0,
                    0.13095676304947051
                ],
                [
                    -0.9984909760657019,
                    -0.05491603331779873,
                    0.0,
                    1.3910085623908217
                ],
                [
                    0.0,
                    0.0,
                    1.0,
                    0.22585999999999995
                ],
                [
                    0.0,
                    0.0,
                    0.0,
                    1.0
                ]
            ],
            "size": [
                0.1,
                0.1,
                0.06
            ]
        },
        "collider2": {
            "type": "Box",
            "collider2origin": [
                [
                    0.470848950672647,
                    0.09282577709365616,
                    0.8773167277314537,
                    0.12577061086275698
                ],
                [
                    -0.6378644002095815,
                    -0.6511646738543054,
                    0.4112342087782661,
                    1.3931488410614457
                ],
                [
                    0.6094507958775159,
                    -0.7532383040121993,
                    -0.24738994476956286,
                    0.20993671084419185
                ],
                [
                    0.0,
                    0.0,
                    0.0,
                    1.0
                ]
            ],
            "size": [
                0.08993,
                0.0305,
                0.09007
            ]
        },
        "distance": 0.0
    },
    {
        "case": 2,
        "collider1": {
            "type": "Cylinder",
            "collider2origin": [
                [
                    0.999996163552453,
                    -0.002769996457679181,
                    0.0,
                    0.10432163761275043
                ],
                [
                    0.0027699964576791865,
                    0.999996163552453,
                    0.0,
                    1.362310441501493
                ],
                [
                    0.0,
                    0.0,
                    1.0,
                    0.29147999999999996
                ],
                [
                    0.0,
                    0.0,
                    0.0,
                    1.0
                ]
            ],
            "radius": 0.15,
            "height": 0.108
        },
        "collider2": {
            "type": "Box",
            "collider2origin": [
                [
                    0.470848950672647,
                    0.09282577709365616,
                    0.8773167277314537,
                    0.12577061086275698
                ],
                [
                    -0.6378644002095815,
                    -0.6511646738543054,
                    0.4112342087782661,
                    1.3931488410614457
                ],
                [
                    0.6094507958775159,
                    -0.7532383040121993,
                    -0.24738994476956286,
                    0.20993671084419185
                ],
                [
                    0.0,
                    0.0,
                    0.0,
                    1.0
                ]
            ],
            "size": [
                0.08993,
                0.0305,
                0.09007
            ]
        },
        "distance": 0.0
    },
    {
        "case": 3,
        "collider1": {
            "type": "Cylinder",
            "collider2origin": [
                [
                    0.9999999999999999,
                    9.232706511461518e-18,
                    0.0,
                    0.13445068598225568
                ],
                [
                    2.2938126075542897e-18,
                    1.0,
                    0.0,
                    1.3902555666805037
                ],
                [
                    0.0,
                    0.0,
                    1.0,
                    0.29675000000000007
                ],
                [
                    0.0,
                    0.0,
                    0.0,
                    1.0
                ]
            ],
            "radius": 0.04,
            "height": 0.08
        },
        "collider2": {
            "type": "Box",
            "collider2origin": [
                [
                    0.470848950672647,
                    0.09282577709365616,
                    0.8773167277314537,
                    0.12577061086275698
                ],
                [
                    -0.6378644002095815,
                    -0.6511646738543054,
                    0.4112342087782661,
                    1.3931488410614457
                ],
                [
                    0.6094507958775159,
                    -0.7532383040121993,
                    -0.24738994476956286,
                    0.20993671084419185
                ],
                [
                    0.0,
                    0.0,
                    0.0,
                    1.0
                ]
            ],
            "size": [
                0.08993,
                0.0305,
                0.09007
            ]
        },
        "distance": 0.0
    },
    {
        "case": 4,
        "collider1": {
            "type": "Box",
            "collider2origin": [
                [
                    0.9987652092017612,
                    0.049679541947991616,
                    0.0,
                    -0.47864210557426284
                ],
                [
                    -0.049679541947991616,
                    0.9987652092017612,
                    0.0,
                    1.3769077942590573
                ],
                [
                    0.0,
                    0.0,
                    1.0,
                    0.12009999999999998
                ],
                [
                    0.0,
                    0.0,
                    0.0,
                    1.0
                ]
            ],
            "size": [
                4.0,
                0.1,
                0.16
            ]
        },
        "collider2": {
            "type": "Box",
            "collider2origin": [
                [
                    0.470848950672647,
                    0.09282577709365616,
                    0.8773167277314537,
                    0.12577061086275698
                ],
                [
                    -0.6378644002095815,
                    -0.6511646738543054,
                    0.4112342087782661,
                    1.3931488410614457
                ],
                [
                    0.6094507958775159,
                    -0.7532383040121993,
                    -0.24738994476956286,
                    0.20993671084419185
                ],
                [
                    0.0,
                    0.0,
                    0.0,
                    1.0
                ]
            ],
            "size": [
                0.08993,
                0.0305,
                0.09007
            ]
        },
        "distance": 0.0
    },
    {
        "case": 5,
        "collider1": {
            "type": "Box",
            "collider2origin": [
                [
                    0.9987652092017612,
                    0.049679541947991616,
                    0.0,
                    -0.47864210557426284
                ],
                [
                    -0.049679541947991616,
                    0.9987652092017612,
                    0.0,
                    1.3769077942590573
                ],
                [
                    0.0,
                    0.0,
                    1.0,
                    0.12009999999999998
                ],
                [
                    0.0,
                    0.0,
                    0.0,
                    1.0
                ]
            ],
            "size": [
                4.0,
                0.1,
                0.16
            ]
        },
        "collider2": {
            "type": "Cylinder",
            "collider2origin": [
                [
                    0.8978691613322689,
                    -0.2487622110393839,
                    0.36324692908169876,
                    0.12474616852601958
                ],
                [
                    0.2731664992461441,
                    0.9618248482084101,
                    -0.01652346992839505,
                    1.251443261526243
                ],
                [
                    -0.3452695075127458,
                    0.11406280606606697,
                    0.9315463721437811,
                    0.05780940662936218
                ],
                [
                    0.0,
                    0.0,
                    0.0,
                    1.0
                ]
            ],
            "radius": 0.0076,
            "height": 0.02993
        },
        "distance": 0.03771047714228508
    },
    {
        "case": 6,
        "collider1": {
            "type": "Box",
            "collider2origin": [
                [
                    0.9984911777768198,
                    0.05491236565527933,
                    0.0,
                    0.19949793078659855
                ],
                [
                    -0.05491236565527933,
                    0.9984911777768198,
                    0.0,
                    1.615142983721484
                ],
                [
                    0.0,
                    0.0,
                    1.0,
                    0.1860599999999999
                ],
                [
                    0.0,
                    0.0,
                    0.0,
                    1.0
                ]
            ],
            "size": [
                0.62,
                0.62,
                0.02
            ]
        },
        "collider2": {
            "type": "Box",
            "collider2origin": [
                [
                    0.9920915245470909,
                    0.09282224418293161,
                    -0.08448927687389111,
                    0.1183637103054147
                ],
                [
                    0.12467936414275381,
                    -0.651163434544198,
                    0.7486262336236704,
                    1.4385743009010041
                ],
                [
                    0.01447283934780612,
                    -0.7532398107491717,
                    -0.6575867428893046,
                    0.2688994438106804
                ],
                [
                    0.0,
                    0.0,
                    0.0,
                    1.0
                ]
            ],
            "size": [
                0.09126,
                0.11887,
                0.10009
            ]
        },
        "distance": 0.0
    },
    {
        "case": 7,
        "collider1": {
            "type": "Box",
            "collider2origin": [
                [
                    -0.05491603331779873,
                    0.9984909760657019,
                    0.0,
                    0.13095676304947051
                ],
                [
                    -0.9984909760657019,
                    -0.05491603331779873,
                    0.0,
                    1.3910085623908217
                ],
                [
                    0.0,
                    0.0,
                    1.0,
                    0.22585999999999995
                ],
                [
                    0.0,
                    0.0,
                    0.0,
                    1.0
                ]
            ],
            "size": [
                0.1,
                0.1,
                0.06
            ]
        },
        "collider2": {
            "type": "Box",
            "collider2origin": [
                [
                    0.9920915245470909,
                    0.09282224418293161,
                    -0.08448927687389111,
                    0.1183637103054147
                ],
                [
                    0.12467936414275381,
                    -0.651163434544198,
                    0.7486262336236704,
                    1.4385743009010041
                ],
                [
                    0.01447283934780612,
                    -0.7532398107491717,
                    -0.6575867428893046,
                    0.2688994438106804
                ],
                [
                    0.0,
                    0.0,
                    0.0,
                    1.0
                ]
            ],
            "size": [
                0.09126,
                0.11887,
                0.10009
            ]
        },
        "distance": 0.0
    },
    {
        "case": 8,
        "collider1": {
            "type": "Cylinder",
            "collider2origin": [
                [
                    0.999996163552453,
                    -0.002769996457679181,
                    0.0,
                    0.10432163761275043
                ],
                [
                    0.0027699964576791865,
                    0.999996163552453,
                    0.0,
                    1.362310441501493
                ],
                [
                    0.0,
                    0.0,
                    1.0,
                    0.29147999999999996
                ],
                [
                    0.0,
                    0.0,
                    0.0,
                    1.0
                ]
            ],
            "radius": 0.15,
            "height": 0.108
        },
        "collider2": {
            "type": "Box",
            "collider2origin": [
                [
                    0.9920915245470909,
                    0.09282224418293161,
                    -0.08448927687389111,
                    0.1183637103054147
                ],
                [
                    0.12467936414275381,
                    -0.651163434544198,
                    0.7486262336236704,
                    1.4385743009010041
                ],
                [
                    0.01447283934780612,
                    -0.7532398107491717,
                    -0.6575867428893046,
                    0.2688994438106804
                ],
                [
                    0.0,
                    0.0,
                    0.0,
                    1.0
                ]
            ],
            "size": [
                0.09126,
                0.11887,
                0.10009
            ]
        },
        "distance": 0.0
    },
    {
        "case": 9,
        "collider1": {
            "type": "Cylinder",
            "collider2origin": [
                [
                    0.9999999999999999,
                    9.232706511461518e-18,
                    0.0,
                    0.13445068598225568
                ],
                [
                    2.2938126075542897e-18,
                    1.0,
                    0.0,
                    1.3902555666805037
                ],
                [
                    0.0,
                    0.0,
                    1.0,
                    0.29675000000000007
                ],
                [
                    0.0,
                    0.0,
                    0.0,
                    1.0
                ]
            ],
            "radius": 0.04,
            "height": 0.08
        },
        "collider2": {
            "type": "Box",
            "collider2origin": [
                [
                    0.9920915245470909,
                    0.09282224418293161,
                    -0.08448927687389111,
                    0.1183637103054147
                ],
                [
                    0.12467936414275381,
                    -0.651163434544198,
                    0.7486262336236704,
                    1.4385743009010041
                ],
                [
                    0.01447283934780612,
                    -0.7532398107491717,
                    -0.6575867428893046,
                    0.2688994438106804
                ],
                [
                    0.0,
                    0.0,
                    0.0,
                    1.0
                ]
            ],
            "size": [
                0.09126,
                0.11887,
                0.10009
            ]
        },
        "distance": 0.0
    },
    {
        "case": 10,
        "collider1": {
            "type": "Box",
            "collider2origin": [
                [
                    0.9987652092017612,
                    0.049679541947991616,
                    0.0,
                    -0.47864210557426284
                ],
                [
                    -0.049679541947991616,
                    0.9987652092017612,
                    0.0,
                    1.3769077942590573
                ],
                [
                    0.0,
                    0.0,
                    1.0,
                    0.12009999999999998
                ],
                [
                    0.0,
                    0.0,
                    0.0,
                    1.0
                ]
            ],
            "size": [
                4.0,
                0.1,
                0.16
            ]
        },
        "collider2": {
            "type": "Box",
            "collider2origin": [
                [
                    0.9920915245470909,
                    0.09282224418293161,
                    -0.08448927687389111,
                    0.1183637103054147
                ],
                [
                    0.12467936414275381,
                    -0.651163434544198,
                    0.7486262336236704,
                    1.4385743009010041
                ],
                [
                    0.01447283934780612,
                    -0.7532398107491717,
                    -0.6575867428893046,
                    0.2688994438106804
                ],
                [
                    0.0,
                    0.0,
                    0.0,
                    1.0
                ]
            ],
            "size": [
                0.09126,
                0.11887,
                0.10009
            ]
        },
        "distance": 0.014152324405241395
    },
    {
        "case": 11,
        "collider1": {
            "type": "Box",
            "collider2origin": [
                [
                    0.9987652092017612,
                    0.049679541947991616,
                    0.0,
                    -0.47864210557426284
                ],
                [
                    -0.049679541947991616,
                    0.9987652092017612,
                    0.0,
                    1.3769077942590573
                ],
                [
                    0.0,
                    0.0,
                    1.0,
                    0.12009999999999998
                ],
                [
                    0.0,
                    0.0,
                    0.0,
                    1.0
                ]
            ],
            "size": [
                4.0,
                0.1,
                0.16
            ]
        },
        "collider2": {
            "type": "Sphere",
            "collider2origin": [
                [
                    1.0,
                    0.0,
                    0.0,
                    0.1040232376422911
                ],
                [
                    0.0,
                    1.0,
                    0.0,
                    1.2334798456512923
                ],
                [
                    0.0,
                    0.0,
                    1.0,
                    0.07119441913480395
                ],
                [
                    0.0,
                    0.0,
                    0.0,
                    1.0
                ]
            ],
            "radius": 0.00484
        },
        "distance": 0.05946429773664612
    },
    {
        "case": 12,
        "collider1": {
            "type": "Box",
            "collider2origin": [
                [
                    0.9987652092017612,
                    0.049679541947991616,
                    0.0,
                    -0.47864210557426284
                ],
                [
                    -0.049679541947991616,
                    0.9987652092017612,
                    0.0,
                    1.3769077942590573
                ],
                [
                    0.0,
                    0.0,
                    1.0,
                    0.12009999999999998
                ],
                [
                    0.0,
                    0.0,
                    0.0,
                    1.0
                ]
            ],
            "size": [
                4.0,
                0.1,
                0.16
            ]
        },
        "collider2": {
            "type": "Sphere",
            "collider2origin": [
                [
                    1.0,
                    0.0,
                    0.0,
                    0.11813105438991878
                ],
                [
                    0.0,
                    1.0,
                    0.0,
                    1.2528877494769763
                ],
                [
                    0.0,
                    0.0,
                    1.0,
                    0.042739717862617876
                ],
                [
                    0.0,
                    0.0,
                    0.0,
                    1.0
                ]
            ],
            "radius": 0.00487
        },
        "distance": 0.03934948873811086
    },
    {
        "case": 13,
        "collider1": {
            "type": "Box",
            "collider2origin": [
                [
                    0.9987652092017612,
                    0.049679541947991616,
                    0.0,
                    -0.8452169757328698
                ],
                [
                    -0.049679541947991616,
                    0.9987652092017612,
                    0.0,
                    1.7355619287231678
                ],
                [
                    0.0,
                    0.0,
                    1.0,
                    -0.39990000000000003
                ],
                [
                    0.0,
                    0.0,
                    0.0,
                    1.0
                ]
            ],
            "size": [
                5.96,
                0.78,
                0.87
            ]
        },
        "collider2": {
            "type": "Sphere",
            "collider2origin": [
                [
                    1.0,
                    0.0,
                    0.0,
                    0.16317008167356406
                ],
                [
                    0.0,
                    1.0,
                    0.0,
                    1.3492496525581965
                ],
                [
                    0.0,
                    0.0,
                    1.0,
                    0.04394346963460505
                ],
                [
                    0.0,
                    0.0,
                    0.0,
                    1.0
                ]
            ],
            "radius": 0.01051
        },
        "distance": 0.0
    },
    {
        "case": 14,
        "collider1": {
            "type": "Box",
            "collider2origin": [
                [
                    0.9987652092017612,
                    0.049679541947991616,
                    0.0,
                    -0.47864210557426284
                ],
                [
                    -0.049679541947991616,
                    0.9987652092017612,
                    0.0,
                    1.3769077942590573
                ],
                [
                    0.0,
                    0.0,
                    1.0,
                    0.12009999999999998
                ],
                [
                    0.0,
                    0.0,
                    0.0,
                    1.0
                ]
            ],
            "size": [
                4.0,
                0.1,
                0.16
            ]
        },
        "collider2": {
            "type": "Sphere",
            "collider2origin": [
                [
                    1.0,
                    0.0,
                    0.0,
                    0.16317008167356406
                ],
                [
                    0.0,
                    1.0,
                    0.0,
                    1.3492496525581965
                ],
                [
                    0.0,
                    0.0,
                    1.0,
                    0.04394346963460505
                ],
                [
                    0.0,
                    0.0,
                    0.0,
                    1.0
                ]
            ],
            "radius": 0.01051
        },
        "distance": 0.0
    },
    {
        "case": 15,
        "collider1": {
            "type": "Box",
            "collider2origin": [
                [
                    0.9987652092017612,
                    0.049679541947991616,
                    0.0,
                    -0.8452169757328698
                ],
                [
                    -0.049679541947991616,
                    0.9987652092017612,
                    0.0,
                    1.7355619287231678
                ],
                [
                    0.0,
                    0.0,
                    1.0,
                    -0.39990000000000003
                ],
                [
                    0.0,
                    0.0,
                    0.0,
                    1.0
                ]
            ],
            "size": [
                5.96,
                0.78,
                0.87
            ]
        },
        "collider2": {
            "type": "Sphere",
            "collider2origin": [
                [
                    1.0,
                    0.0,
                    0.0,
                    0.13376642949179474
                ],
                [
                    0.0,
                    1.0,
                    0.0,
                    1.3210076749617872
                ],
                [
                    0.0,
                    0.0,
                    1.0,
                    0.03602940208943162
                ],
                [
                    0.0,
                    0.0,
                    0.0,
                    1.0
                ]
            ],
            "radius": 0.00663
        },
        "distance": 0.0
    },
    {
        "case": 16,
        "collider1": {
            "type": "Box",
            "collider2origin": [
                [
                    0.9987652092017612,
                    0.049679541947991616,
                    0.0,
                    -0.47864210557426284
                ],
                [
                    -0.049679541947991616,
                    0.9987652092017612,
                    0.0,
                    1.3769077942590573
                ],
                [
                    0.0,
                    0.0,
                    1.0,
                    0.12009999999999998
                ],
                [
                    0.0,
                    0.0,
                    0.0,
                    1.0
                ]
            ],
            "size": [
                4.0,
                0.1,
                0.16
            ]
        },
        "collider2": {
            "type": "Sphere",
            "collider2origin": [
                [
                    1.0,
                    0.0,
                    0.0,
                    0.13376642949179474
                ],
                [
                    0.0,
                    1.0,
                    0.0,
                    1.3210076749617872
                ],
                [
                    0.0,
                    0.0,
                    1.0,
                    0.03602940208943162
                ],
                [
                    0.0,
                    0.0,
                    0.0,
                    1.0
                ]
            ],
            "radius": 0.00663
        },
        "distance": 0.0
    },
    {
        "case": 17,
        "collider1": {
            "type": "Box",
            "collider2origin": [
                [
                    0.9987652092017612,
                    0.049679541947991616,
                    0.0,
                    -0.47864210557426284
                ],
                [
                    -0.049679541947991616,
                    0.9987652092017612,
                    0.0,
                    1.3769077942590573
                ],
                [
                    0.0,
                    0.0,
                    1.0,
                    0.12009999999999998
                ],
                [
                    0.0,
                    0.0,
                    0.0,
                    1.0
                ]
            ],
            "size": [
                4.0,
                0.1,
                0.16
            ]
        },
        "collider2": {
            "type": "Cylinder",
            "collider2origin": [
                [
                    0.9007200040782898,
                    -0.3952405512513587,
                    0.1802453353064286,
                    0.1347753059799945
                ],
                [
                    0.2670995714283004,
                    0.8311253587604521,
                    0.48773810284631985,
                    1.260126950861827
                ],
                [
                    -0.34258034560672485,
                    -0.3911720141725772,
                    0.8541798183826081,
                    0.09094875697683213
                ],
                [
                    0.0,
                    0.0,
                    0.0,
                    1.0
                ]
            ],
            "radius": 0.00783,
            "height": 0.03683
        },
        "distance": 0.020228282419238543
    },
    {
        "case": 18,
        "collider1": {
            "type": "Box",
            "collider2origin": [
                [
                    0.9987652092017612,
                    0.049679541947991616,
                    0.0,
                    -0.47864210557426284
                ],
                [
                    -0.049679541947991616,
                    0.9987652092017612,
                    0.0,
                    1.3769077942590573
                ],
                [
                    0.0,
                    0.0,
                    1.0,
                    0.12009999999999998
                ],
                [
                    0.0,
                    0.0,
                    0.0,
                    1.0
                ]
            ],
            "size": [
                4.0,
                0.1,
                0.16
            ]
        },
        "collider2": {
            "type": "Cylinder",
            "collider2origin": [
                [
                    0.8773159623157417,
                    -0.4783931247826115,
                    0.03816700704446325,
                    0.1542221057363847
                ],
                [
                    0.4112357528678646,
                    0.7903837392865907,
                    0.45406904787107677,
                    1.2647642197369597
                ],
                [
                    -0.2473900924232903,
                    -0.38266638581416346,
                    0.8901486276677174,
                    0.07749367847651545
                ],
                [
                    0.0,
                    0.0,
                    0.0,
                    1.0
                ]
            ],
            "radius": 0.00683,
            "height": 0.01183
        },
        "distance": 0.021790334853293923
    },
    {
        "case": 19,
        "collider1": {
            "type": "Box",
            "collider2origin": [
                [
                    0.9987652092017612,
                    0.049679541947991616,
                    0.0,
                    -0.8452169757328698
                ],
                [
                    -0.049679541947991616,
                    0.9987652092017612,
                    0.0,
                    1.7355619287231678
                ],
                [
                    0.0,
                    0.0,
                    1.0,
                    -0.39990000000000003
                ],
                [
                    0.0,
                    0.0,
                    0.0,
                    1.0
                ]
            ],
            "size": [
                5.96,
                0.78,
                0.87
            ]
        },
        "collider2": {
            "type": "Sphere",
            "collider2origin": [
                [
                    1.0,
                    0.0,
                    0.0,
                    0.14288869523738665
                ],
                [
                    0.0,
                    1.0,
                    0.0,
                    1.2599540205047695
                ],
                [
                    0.0,
                    0.0,
                    1.0,
                    0.029305888635023036
                ],
                [
                    0.0,
                    0.0,
                    0.0,
                    1.0
                ]
            ],
            "radius": 0.00563
        },
        "distance": 0.030301994819745288
    },
    {
        "case": 20,
        "collider1": {
            "type": "Box",
            "collider2origin": [
                [
                    0.9987652092017612,
                    0.049679541947991616,
                    0.0,
                    -0.8452169757328698
                ],
                [
                    -0.049679541947991616,
                    0.9987652092017612,
                    0.0,
                    1.7355619287231678
                ],
                [
                    0.0,
                    0.0,
                    1.0,
                    -0.39990000000000003
                ],
                [
                    0.0,
                    0.0,
                    0.0,
                    1.0
                ]
            ],
            "size": [
                5.96,
                0.78,
                0.87
            ]
        },
        "collider2": {
            "type": "Cylinder",
            "collider2origin": [
                [
                    0.8773159623157417,
                    -0.39649737806931595,
                    0.27038219514265616,
                    0.14921260621732235
                ],
                [
                    0.4112357528678646,
                    0.9115260049359765,
                    0.002344757697042537,
                    1.2582909327376444
                ],
                [
                    -0.2473900924232903,
                    0.10913373222617784,
                    0.9627502119766995,
                    0.048967915209023216
                ],
                [
                    0.0,
                    0.0,
                    0.0,
                    1.0
                ]
            ],
            "radius": 0.00813,
            "height": 0.03824
        },
        "distance": 0.029371047600944788
    },
    {
        "case": 21,
        "collider1": {
            "type": "Box",
            "collider2origin": [
                [
                    0.9987652092017612,
                    0.049679541947991616,
                    0.0,
                    -0.47864210557426284
                ],
                [
                    -0.049679541947991616,
                    0.9987652092017612,
                    0.0,
                    1.3769077942590573
                ],
                [
                    0.0,
                    0.0,
                    1.0,
                    0.12009999999999998
                ],
                [
                    0.0,
                    0.0,
                    0.0,
                    1.0
                ]
            ],
            "size": [
                4.0,
                0.1,
                0.16
            ]
        },
        "collider2": {
            "type": "Cylinder",
            "collider2origin": [
                [
                    0.8773159623157417,
                    -0.39649737806931595,
                    0.27038219514265616,
                    0.14921260621732235
                ],
                [
                    0.4112357528678646,
                    0.9115260049359765,
                    0.002344757697042537,
                    1.2582909327376444
                ],
                [
                    -0.2473900924232903,
                    0.10913373222617784,
                    0.9627502119766995,
                    0.048967915209023216
                ],
                [
                    0.0,
                    0.0,
                    0.0,
                    1.0
                ]
            ],
            "radius": 0.00813,
            "height": 0.03824
        },
        "distance": 0.02884826646142721
    },
    {
        "case": 22,
        "collider1": {
            "type": "Cylinder",
            "collider2origin": [
                [
                    0.999996163552453,
                    -0.002769996457679181,
                    0.0,
                    0.10432163761275043
                ],
                [
                    0.0027699964576791865,
                    0.999996163552453,
                    0.0,
                    1.362310441501493
                ],
                [
                    0.0,
                    0.0,
                    1.0,
                    0.29147999999999996
                ],
                [
                    0.0,
                    0.0,
                    0.0,
                    1.0
                ]
            ],
            "radius": 0.15,
            "height": 0.108
        },
        "collider2": {
            "type": "Box",
            "collider2origin": [
                [
                    0.07375449870795817,
                    -0.993691016369608,
                    -0.08448927687389111,
                    0.13129306307304817
                ],
                [
                    -0.6534375244667037,
                    -0.11215241392526289,
                    0.7486262336236704,
                    1.3586894129586438
                ],
                [
                    -0.7533788393226636,
                    -6.088656083261694e-06,
                    -0.6575867428893046,
                    0.3425835188841253
                ],
                [
                    0.0,
                    0.0,
                    0.0,
                    1.0
                ]
            ],
            "size": [
                0.09102,
                0.10007,
                0.11882
            ]
        },
        "distance": 0.0
    },
    {
        "case": 23,
        "collider1": {
            "type": "Cylinder",
            "collider2origin": [
                [
                    0.9999999999999999,
                    9.232706511461518e-18,
                    0.0,
                    0.13445068598225568
                ],
                [
                    2.2938126075542897e-18,
                    1.0,
                    0.0,
                    1.3902555666805037
                ],
                [
                    0.0,
                    0.0,
                    1.0,
                    0.29675000000000007
                ],
                [
                    0.0,
                    0.0,
                    0.0,
                    1.0
                ]
            ],
            "radius": 0.04,
            "height": 0.08
        },
        "collider2": {
            "type": "Box",
            "collider2origin": [
                [
                    0.07375449870795817,
                    -0.993691016369608,
                    -0.08448927687389111,
                    0.13129306307304817
                ],
                [
                    -0.6534375244667037,
                    -0.11215241392526289,
                    0.7486262336236704,
                    1.3586894129586438
                ],
                [
                    -0.7533788393226636,
                    -6.088656083261694e-06,
                    -0.6575867428893046,
                    0.3425835188841253
                ],
                [
                    0.0,
                    0.0,
                    0.0,
                    1.0
                ]
            ],
            "size": [
                0.09102,
                0.10007,
                0.11882
            ]
        },
        "distance": 0.0
    },
    {
        "case": 24,
        "collider1": {
            "type": "Box",
            "collider2origin": [
                [
                    0.9987652092017612,
                    0.049679541947991616,
                    0.0,
                    -0.47864210557426284
                ],
                [
                    -0.049679541947991616,
                    0.9987652092017612,
                    0.0,
                    1.3769077942590573
                ],
                [
                    0.0,
                    0.0,
                    1.0,
                    0.12009999999999998
                ],
                [
                    0.0,
                    0.0,
                    0.0,
                    1.0
                ]
            ],
            "size": [
                4.0,
                0.1,
                0.16
            ]
        },
        "collider2": {
            "type": "Cylinder",
            "collider2origin": [
                [
                    0.47684487694329125,
                    -0.8668994602216052,
                    -0.1452731537498464,
                    0.15859264939869913
                ],
                [
                    0.8741870416726291,
                    0.4849681643580097,
                    -0.024553935140412937,
                    1.3508578029988043
                ],
                [
                    0.09173864782410218,
                    -0.11528749033052733,
                    0.989086859213433,
                    0.08098620125538858
                ],
                [
                    0.0,
                    0.0,
                    0.0,
                    1.0
                ]
            ],
            "radius": 0.01271,
            "height": 0.05982
        },
        "distance": 0.0
    },
    {
        "case": 25,
        "collider1": {
            "type": "Box",
            "collider2origin": [
                [
                    0.9987652092017612,
                    0.049679541947991616,
                    0.0,
                    -0.47864210557426284
                ],
                [
                    -0.049679541947991616,
                    0.9987652092017612,
                    0.0,
                    1.3769077942590573
                ],
                [
                    0.0,
                    0.0,
                    1.0,
                    0.12009999999999998
                ],
                [
                    0.0,
                    0.0,
                    0.0,
                    1.0
                ]
            ],
            "size": [
                4.0,
                0.1,
                0.16
            ]
        },
        "collider2": {
            "type": "Cylinder",
            "collider2origin": [
                [
                    0.4422966519171342,
                    -0.8738748685698466,
                    -0.2017830165918977,
                    0.15881399915841213
                ],
                [
                    0.8951329869321116,
                    0.44411397022840116,
                    0.03872618176327557,
                    1.3506843212933786
                ],
                [
                    0.05577281962469631,
                    -0.19775109488950843,
                    0.9786643434094814,
                    0.06615808578572224
                ],
                [
                    0.0,
                    0.0,
                    0.0,
                    1.0
                ]
            ],
            "radius": 0.01169,
            "height": 0.05502
        },
        "distance": 0.0
    },
    {
        "case": 26,
        "collider1": {
            "type": "Box",
            "collider2origin": [
                [
                    0.9987652092017612,
                    0.049679541947991616,
                    0.0,
                    -0.8452169757328698
                ],
                [
                    -0.049679541947991616,
                    0.9987652092017612,
                    0.0,
                    1.7355619287231678
                ],
                [
                    0.0,
                    0.0,
                    1.0,
                    -0.39990000000000003
                ],
                [
                    0.0,
                    0.0,
                    0.0,
                    1.0
                ]
            ],
            "size": [
                5.96,
                0.78,
                0.87
            ]
        },
        "collider2": {
            "type": "Cylinder",
            "collider2origin": [
                [
                    0.8124039959114938,
                    -0.21106538662304816,
                    0.5435541831286923,
                    0.14595665963327178
                ],
                [
                    0.5280262071478341,
                    0.6617523139899,
                    -0.5322332190817146,
                    1.3100181496863987
                ],
                [
                    -0.24736222830519045,
                    0.7193992476356056,
                    0.6490582797478319,
                    0.04797909762193053
                ],
                [
                    0.0,
                    0.0,
                    0.0,
                    1.0
                ]
            ],
            "radius": 0.00796,
            "height": 0.03037
        },
        "distance": 0.0
    },
    {
        "case": 27,
        "collider1": {
            "type": "Box",
            "collider2origin": [
                [
                    0.9987652092017612,
                    0.049679541947991616,
                    0.0,
                    -0.47864210557426284
                ],
                [
                    -0.049679541947991616,
                    0.9987652092017612,
                    0.0,
                    1.3769077942590573
                ],
                [
                    0.0,
                    0.0,
                    1.0,
                    0.12009999999999998
                ],
                [
                    0.0,
                    0.0,
                    0.0,
                    1.0
                ]
            ],
            "size": [
                4.0,
                0.1,
                0.16
            ]
        },
        "collider2": {
            "type": "Cylinder",
            "collider2origin": [
                [
                    0.8124039959114938,
                    -0.21106538662304816,
                    0.5435541831286923,
                    0.14595665963327178
                ],
                [
                    0.5280262071478341,
                    0.6617523139899,
                    -0.5322332190817146,
                    1.3100181496863987
                ],
                [
                    -0.24736222830519045,
                    0.7193992476356056,
                    0.6490582797478319,
                    0.04797909762193053
                ],
                [
                    0.0,
                    0.0,
                    0.0,
                    1.0
                ]
            ],
            "radius": 0.00796,
            "height": 0.03037
        },
        "distance": 0.0
    },
    {
        "case": 28,
        "collider1": {
            "type": "Box",
            "collider2origin": [
                [
                    0.9987652092017612,
                    0.049679541947991616,
                    0.0,
                    -0.47864210557426284
                ],
                [
                    -0.049679541947991616,
                    0.9987652092017612,
                    0.0,
                    1.3769077942590573
                ],
                [
                    0.0,
                    0.0,
                    1.0,
                    0.12009999999999998
                ],
                [
                    0.0,
                    0.0,
                    0.0,
                    1.0
                ]
            ],
            "size": [
                4.0,
                0.1,
                0.16
            ]
        },
        "collider2": {
            "type": "Box",
            "collider2origin": [
                [
                    0.891889050429487,
                    0.16616311796481717,
                    -0.42062303782864546,
                    0.14752740223621494
                ],
                [
                    0.3649099668164135,
                    -0.8138166082539902,
                    0.45226457328428343,
                    1.293166878200542
                ],
                [
                    -0.26716032235725407,
                    -0.5568593595856868,
                    -0.7864686998220503,
                    0.12315754162681558
                ],
                [
                    0.0,
                    0.0,
                    0.0,
                    1.0
                ]
            ],
            "size": [
                0.07264,
                0.04753,
                0.03326
            ]
        },
        "distance": 0.0
    },
    {
        "case": 29,
        "collider1": {
            "type": "Box",
            "collider2origin": [
                [
                    0.9987652092017612,
                    0.049679541947991616,
                    0.0,
                    -0.47864210557426284
                ],
                [
                    -0.049679541947991616,
                    0.9987652092017612,
                    0.0,
                    1.3769077942590573
                ],
                [
                    0.0,
                    0.0,
                    1.0,
                    0.12009999999999998
                ],
                [
                    0.0,
                    0.0,
                    0.0,
                    1.0
                ]
            ],
            "size": [
                4.0,
                0.1,
                0.16
            ]
        },
        "collider2": {
            "type": "Cylinder",
            "collider2origin": [
                [
                    0.8962402185386134,
                    -0.39046518753751763,
                    0.21045286406972205,
                    0.11760863937843669
                ],
                [
                    0.11219777224775687,
                    0.6585825323246799,
                    0.7440972436580126,
                    1.253818965404605
                ],
                [
                    -0.42914464994509516,
                    -0.6432775337582544,
                    0.634057476878397,
                    0.10307872197064993
                ],
                [
                    0.0,
                    0.0,
                    0.0,
                    1.0
                ]
            ],
            "radius": 0.00783,
            "height": 0.03044
        },
        "distance": 0.026698454413583914
    },
    {
        "case": 30,
        "collider1": {
            "type": "Cylinder",
            "collider2origin": [
                [
                    0.999996163552453,
                    -0.002769996457679181,
                    0.0,
                    0.10432163761275043
                ],
                [
                    0.0027699964576791865,
                    0.999996163552453,
                    0.0,
                    1.362310441501493
                ],
                [
                    0.0,
                    0.0,
                    1.0,
                    0.29147999999999996
                ],
                [
                    0.0,
                    0.0,
                    0.0,
                    1.0
                ]
            ],
            "radius": 0.15,
            "height": 0.108
        },
        "collider2": {
            "type": "Box",
            "collider2origin": [
                [
                    0.06698114977886753,
                    -0.9936910364411778,
                    -0.0899535973197218,
                    0.26883618350782446
                ],
                [
                    -0.5934243016443843,
                    -0.11215223609914436,
                    0.7970379377142824,
                    1.1365331977420945
                ],
                [
                    -0.8020979514948131,
                    -5.866815623974381e-06,
                    -0.597192495074582,
                    0.5185198712877643
                ],
                [
                    0.0,
                    0.0,
                    0.0,
                    1.0
                ]
            ],
            "size": [
                0.1202,
                0.13634,
                0.67816
            ]
        },
        "distance": 0.0
    },
    {
        "case": 31,
        "collider1": {
            "type": "Cylinder",
            "collider2origin": [
                [
                    0.9999999999999999,
                    9.232706511461518e-18,
                    0.0,
                    0.13445068598225568
                ],
                [
                    2.2938126075542897e-18,
                    1.0,
                    0.0,
                    1.3902555666805037
                ],
                [
                    0.0,
                    0.0,
                    1.0,
                    0.29675000000000007
                ],
                [
                    0.0,
                    0.0,
                    0.0,
                    1.0
                ]
            ],
            "radius": 0.04,
            "height": 0.08
        },
        "collider2": {
            "type": "Box",
            "collider2origin": [
                [
                    0.06698114977886753,
                    -0.9936910364411778,
                    -0.0899535973197218,
                    0.26883618350782446
                ],
                [
                    -0.5934243016443843,
                    -0.11215223609914436,
                    0.7970379377142824,
                    1.1365331977420945
                ],
                [
                    -0.8020979514948131,
                    -5.866815623974381e-06,
                    -0.597192495074582,
                    0.5185198712877643
                ],
                [
                    0.0,
                    0.0,
                    0.0,
                    1.0
                ]
            ],
            "size": [
                0.1202,
                0.13634,
                0.67816
            ]
        },
        "distance": 0.0
    },
    {
        "case": 32,
        "collider1": {
            "type": "Box",
            "collider2origin": [
                [
                    0.9987652092017612,
                    0.049679541947991616,
                    0.0,
                    -0.47864210557426284
                ],
                [
                    -0.049679541947991616,
                    0.9987652092017612,
                    0.0,
                    1.3769077942590573
                ],
                [
                    0.0,
                    0.0,
                    1.0,
                    0.12009999999999998
                ],
                [
                    0.0,
                    0.0,
                    0.0,
                    1.0
                ]
            ],
            "size": [
                4.0,
                0.1,
                0.16
            ]
        },
        "collider2": {
            "type": "Cylinder",
            "collider2origin": [
                [
                    0.8124039959114938,
                    -0.45283673147240294,
                    0.3673399543426057,
                    0.1592424774482646
                ],
                [
                    0.5280262071478341,
                    0.8385879004255781,
                    -0.1340099168901039,
                    1.2994522764724294
                ],
                [
                    -0.24736222830519045,
                    0.30283531479867226,
                    0.9203818230053651,
                    0.06904506468288307
                ],
                [
                    0.0,
                    0.0,
                    0.0,
                    1.0
                ]
            ],
            "radius": 0.00713,
            "height": 0.01426
        },
        "distance": 0.0
    },
    {
        "case": 33,
        "collider1": {
            "type": "Box",
            "collider2origin": [
                [
                    0.9987652092017612,
                    0.049679541947991616,
                    0.0,
                    -0.47864210557426284
                ],
                [
                    -0.049679541947991616,
                    0.9987652092017612,
                    0.0,
                    1.3769077942590573
                ],
                [
                    0.0,
                    0.0,
                    1.0,
                    0.12009999999999998
                ],
                [
                    0.0,
                    0.0,
                    0.0,
                    1.0
                ]
            ],
            "size": [
                4.0,
                0.1,
                0.16
            ]
        },
        "collider2": {
            "type": "Cylinder",
            "collider2origin": [
                [
                    0.893200852111362,
                    -0.2837702270140993,
                    0.34880753439096346,
                    0.11025724776126306
                ],
                [
                    0.11609090008202401,
                    0.8949481259122739,
                    0.43080245454761934,
                    1.2386398912733156
                ],
                [
                    -0.43441355953248295,
                    -0.3442997388707612,
                    0.8323115697308567,
                    0.08322860988512826
                ],
                [
                    0.0,
                    0.0,
                    0.0,
                    1.0
                ]
            ],
            "radius": 0.0076,
            "height": 0.02993
        },
        "distance": 0.04534641942337173
    },
    {
        "case": 34,
        "collider1": {
            "type": "Box",
            "collider2origin": [
                [
                    0.9987652092017612,
                    0.049679541947991616,
                    0.0,
                    -0.47864210557426284
                ],
                [
                    -0.049679541947991616,
                    0.9987652092017612,
                    0.0,
                    1.3769077942590573
                ],
                [
                    0.0,
                    0.0,
                    1.0,
                    0.12009999999999998
                ],
                [
                    0.0,
                    0.0,
                    0.0,
                    1.0
                ]
            ],
            "size": [
                4.0,
                0.1,
                0.16
            ]
        },
        "collider2": {
            "type": "Cylinder",
            "collider2origin": [
                [
                    0.8773159623157417,
                    -0.4783931247826115,
                    0.03816700704446325,
                    0.15484250748216433
                ],
                [
                    0.4112357528678646,
                    0.7903837392865907,
                    0.45406904787107677,
                    1.2721787360309422
                ],
                [
                    -0.2473900924232903,
                    -0.38266638581416346,
                    0.8901486276677174,
                    0.09201892717662741
                ],
                [
                    0.0,
                    0.0,
                    0.0,
                    1.0
                ]
            ],
            "radius": 0.00683,
            "height": 0.01782
        },
        "distance": 0.012990216222636134
    },
    {
        "case": 35,
        "collider1": {
            "type": "Box",
            "collider2origin": [
                [
                    0.9984911777768198,
                    0.05491236565527933,
                    0.0,
                    0.19949793078659855
                ],
                [
                    -0.05491236565527933,
                    0.9984911777768198,
                    0.0,
                    1.615142983721484
                ],
                [
                    0.0,
                    0.0,
                    1.0,
                    0.1860599999999999
                ],
                [
                    0.0,
                    0.0,
                    0.0,
                    1.0
                ]
            ],
            "size": [
                0.62,
                0.62,
                0.02
            ]
        },
        "collider2": {
            "type": "Box",
            "collider2origin": [
                [
                    0.7839520911922937,
                    0.16615859270523572,
                    -0.5981725844482048,
                    0.1364988676628841
                ],
                [
                    0.4515748903757093,
                    -0.8138157518584779,
                    0.36576500708677134,
                    1.3352237598954293
                ],
                [
                    -0.42602727271548635,
                    -0.5568619614385915,
                    -0.7130256088005316,
                    0.15036022214302736
                ],
                [
                    0.0,
                    0.0,
                    0.0,
                    1.0
                ]
            ],
            "size": [
                0.06241,
                0.05638,
                0.02858
            ]
        },
        "distance": 0.0
    },
    {
        "case": 36,
        "collider1": {
            "type": "Box",
            "collider2origin": [
                [
                    0.9987652092017612,
                    0.049679541947991616,
                    0.0,
                    -0.47864210557426284
                ],
                [
                    -0.049679541947991616,
                    0.9987652092017612,
                    0.0,
                    1.3769077942590573
                ],
                [
                    0.0,
                    0.0,
                    1.0,
                    0.12009999999999998
                ],
                [
                    0.0,
                    0.0,
                    0.0,
                    1.0
                ]
            ],
            "size": [
                4.0,
                0.1,
                0.16
            ]
        },
        "collider2": {
            "type": "Box",
            "collider2origin": [
                [
                    0.7839520911922937,
                    0.16615859270523572,
                    -0.5981725844482048,
                    0.1364988676628841
                ],
                [
                    0.4515748903757093,
                    -0.8138157518584779,
                    0.36576500708677134,
                    1.3352237598954293
                ],
                [
                    -0.42602727271548635,
                    -0.5568619614385915,
                    -0.7130256088005316,
                    0.15036022214302736
                ],
                [
                    0.0,
                    0.0,
                    0.0,
                    1.0
                ]
            ],
            "size": [
                0.06241,
                0.05638,
                0.02858
            ]
        },
        "distance": 0.0
    },
    {
        "case": 37,
        "collider1": {
            "type": "Box",
            "collider2origin": [
                [
                    0.9987652092017612,
                    0.049679541947991616,
                    0.0,
                    -0.47864210557426284
                ],
                [
                    -0.049679541947991616,
                    0.9987652092017612,
                    0.0,
                    1.3769077942590573
                ],
                [
                    0.0,
                    0.0,
                    1.0,
                    0.12009999999999998
                ],
                [
                    0.0,
                    0.0,
                    0.0,
                    1.0
                ]
            ],
            "size": [
                4.0,
                0.1,
                0.16
            ]
        },
        "collider2": {
            "type": "Cylinder",
            "collider2origin": [
                [
                    0.8306474506692445,
                    -0.4293191309112498,
                    0.3545559145329456,
                    0.1650491350068485
                ],
                [
                    0.5041873385112945,
                    0.8501510655042637,
                    -0.1517837063286512,
                    1.2974345151052225
                ],
                [
                    -0.23626243963351745,
                    0.30484135161682724,
                    0.9226330852309838,
                    0.08325891449915757
                ],
                [
                    0.0,
                    0.0,
                    0.0,
                    1.0
                ]
            ],
            "radius": 0.00713,
            "height": 0.01697
        },
        "distance": 0.0
    }
]