[
    {
        "case": 0,
        "collider1": {
            "type": "Box",
            "collider2origin": [
                [
                    0.9980268447818988,
                    0.0627886701140236,
                    0.0,
                    -0.04
                ],
                [
                    -0.0627886701140236,
                    0.9980268447818988,
                    0.0,
                    0.02
                ],
                [
                    0.0,
                    0.0,
                    1.0,
                    -0.13
                ],
                [
                    0.0,
                    0.0,
                    0.0,
                    1.0
                ]
            ],
            "size": [
                0.6,
                0.4,
                0.4
            ]
        },
        "collider2": {
            "type": "Box",
            "collider2origin": [
                [
                    -0.4768736129583215,
                    0.6064532962423264,
                    -0.6362436300198958,
                    0.28504459444535796
                ],
                [
                    -0.3637195915794013,
                    -0.7951191102436511,
                    -0.4852768892360917,
                    0.3856868080710677
                ],
                [
                    -0.8001872380670604,
                    -1.4701993580021548e-06,
                    0.5997502680553364,
                    0.3072855840400237
                ],
                [
                    0.0,
                    0.0,
                    0.0,
                    1.0
                ]
            ],
            "size": [
                0.15068,
                0.17726,
                0.74884
            ]
        },
        "distance": 0.19468399769745479
    },
    {
        "case": 1,
        "collider1": {
            "type": "Box",
            "collider2origin": [
                [
                    0.9980268447818988,
                    0.0627886701140236,
                    0.0,
                    -0.04
                ],
                [
                    -0.0627886701140236,
                    0.9980268447818988,
                    0.0,
                    0.02
                ],
                [
                    0.0,
                    0.0,
                    1.0,
                    -0.13
                ],
                [
                    0.0,
                    0.0,
                    0.0,
                    1.0
                ]
            ],
            "size": [
                0.6,
                0.4,
                0.4
            ]
        },
        "collider2": {
            "type": "Box",
            "collider2origin": [
                [
                    -0.4768736129583215,
                    0.6064532962423264,
                    -0.6362436300198958,
                    0.28504459444535796
                ],
                [
                    -0.3637195915794013,
                    -0.7951191102436511,
                    -0.4852768892360917,
                    0.3856868080710677
                ],
                [
                    -0.8001872380670604,
                    -1.4701993580021548e-06,
                    0.5997502680553364,
                    0.3072855840400237
                ],
                [
                    0.0,
                    0.0,
                    0.0,
                    1.0
                ]
            ],
            "size": [
                0.15068,
                0.17726,
                0.74884
            ]
        },
        "distance": 0.19468399769745479
    },
    {
        "case": 2,
        "collider1": {
            "type": "Box",
            "collider2origin": [
                [
                    0.9987652092017612,
                    0.049679541947991616,
                    0.0,
                    0.36025
                ],
                [
                    -0.049679541947991616,
                    0.9987652092017612,
                    0.0,
                    0.66562
                ],
                [
                    0.0,
                    0.0,
                    1.0,
                    1.13
                ],
                [
                    0.0,
                    0.0,
                    0.0,
                    1.0
                ]
            ],
            "size": [
                2.0,
                2.0,
                0.05
            ]
        },
        "collider2": {
            "type": "Box",
            "collider2origin": [
                [
                    -0.7718726948513085,
                    0.6064563343223944,
                    0.19084878177033987,
                    0.06341630194336373
                ],
                [
                    -0.5887274862762046,
                    -0.7951167930312077,
                    0.1455652168021901,
                    0.37553810036177787
                ],
                [
                    0.24002601910184634,
                    -1.0738080668204406e-07,
                    0.9707664550004332,
                    0.7665218401230445
                ],
                [
                    0.0,
                    0.0,
                    0.0,
                    1.0
                ]
            ],
            "size": [
                0.1202,
                0.13634,
                0.67816
            ]
        },
        "distance": 0.0
    },
    {
        "case": 3,
        "collider1": {
            "type": "Box",
            "collider2origin": [
                [
                    0.9987652092017612,
                    0.049679541947991616,
                    0.0,
                    0.36025
                ],
                [
                    -0.049679541947991616,
                    0.9987652092017612,
                    0.0,
                    0.66562
                ],
                [
                    0.0,
                    0.0,
                    1.0,
                    1.13
                ],
                [
                    0.0,
                    0.0,
                    0.0,
                    1.0
                ]
            ],
            "size": [
                2.0,
                2.0,
                0.05
            ]
        },
        "collider2": {
            "type": "Box",
            "collider2origin": [
                [
                    0.45010551953619227,
                    -0.40697025447685875,
                    0.7948460437431234,
                    0.27738270972274215
                ],
                [
                    -0.5602861307949862,
                    0.5643903680271274,
                    0.6062532178199033,
                    0.3950151846808566
                ],
                [
                    -0.6953304774866682,
                    -0.718219134003853,
                    0.026015430592582715,
                    1.0512409572456947
                ],
                [
                    0.0,
                    0.0,
                    0.0,
                    1.0
                ]
            ],
            "size": [
                0.09126,
                0.11887,
                0.10009
            ]
        },
        "distance": 0.0
    }
]