[
    {
        "case": 0,
        "collider1": {
            "type": "Cylinder",
            "collider2origin": [
                [
                    1.0,
                    0.0,
                    0.0,
                    0.36025
                ],
                [
                    0.0,
                    1.0,
                    0.0,
                    0.66562
                ],
                [
                    0.0,
                    0.0,
                    1.0,
                    -0.35
                ],
                [
                    0.0,
                    0.0,
                    0.0,
                    1.0
                ]
            ],
            "radius": 0.11,
            "height": 0.68
        },
        "collider2": {
            "type": "Box",
            "collider2origin": [
                [
                    -0.4009290526170989,
                    0.8248827493884204,
                    -0.39852772115494767,
                    0.3944694899614471
                ],
                [
                    0.5850373772330716,
                    0.5653038561004005,
                    0.5815176846135174,
                    0.9430483860518396
                ],
                [
                    0.7049731640337836,
                    -6.278366977068218e-06,
                    -0.7092339796941329,
                    -0.08551927881541244
                ],
                [
                    0.0,
                    0.0,
                    0.0,
                    1.0
                ]
            ],
            "size": [
                0.15068,
                0.17726,
                0.74884
            ]
        },
        "distance": 0.0
    },
    {
        "case": 1,
        "collider1": {
            "type": "Box",
            "collider2origin": [
                [
                    0.9984911777768198,
                    0.05491236565527933,
                    0.0,
                    0.9683361376747499
                ],
                [
                    -0.05491236565527933,
                    0.9984911777768198,
                    0.0,
                    1.5728604621669189
                ],
                [
                    0.0,
                    0.0,
                    1.0,
                    0.1860599999999999
                ],
                [
                    0.0,
                    0.0,
                    0.0,
                    1.0
                ]
            ],
            "size": [
                0.62,
                0.62,
                0.29
            ]
        },
        "collider2": {
            "type": "Box",
            "collider2origin": [
                [
                    -0.4009290526170989,
                    0.8248827493884204,
                    -0.39852772115494767,
                    0.3944694899614471
                ],
                [
                    0.5850373772330716,
                    0.5653038561004005,
                    0.5815176846135174,
                    0.9430483860518396
                ],
                [
                    0.7049731640337836,
                    -6.278366977068218e-06,
                    -0.7092339796941329,
                    -0.08551927881541244
                ],
                [
                    0.0,
                    0.0,
                    0.0,
                    1.0
                ]
            ],
            "size": [
                0.15068,
                0.17726,
                0.74884
            ]
        },
        "distance": 0.3259262323397814
    },
    {
        "case": 2,
        "collider1": {
            "type": "Box",
            "collider2origin": [
                [
                    0.9987652092017612,
                    0.049679541947991616,
                    0.0,
                    -0.8452169757328698
                ],
                [
                    -0.049679541947991616,
                    0.9987652092017612,
                    0.0,
                    1.7355619287231678
                ],
                [
                    0.0,
                    0.0,
                    1.0,
                    -0.39990000000000003
                ],
                [
                    0.0,
                    0.0,
                    0.0,
                    1.0
                ]
            ],
            "size": [
                5.96,
                0.78,
                0.87
            ]
        },
        "collider2": {
            "type": "Box",
            "collider2origin": [
                [
                    -0.4009290526170989,
                    0.8248827493884204,
                    -0.39852772115494767,
                    0.3944694899614471
                ],
                [
                    0.5850373772330716,
                    0.5653038561004005,
                    0.5815176846135174,
                    0.9430483860518396
                ],
                [
                    0.7049731640337836,
                    -6.278366977068218e-06,
                    -0.7092339796941329,
                    -0.08551927881541244
                ],
                [
                    0.0,
                    0.0,
                    0.0,
                    1.0
                ]
            ],
            "size": [
                0.15068,
                0.17726,
                0.74884
            ]
        },
        "distance": 0.03370319593720365
    },
    {
        "case": 3,
        "collider1": {
            "type": "Box",
            "collider2origin": [
                [
                    0.9987652092017612,
                    0.049679541947991616,
                    0.0,
                    -0.47864210557426284
                ],
                [
                    -0.049679541947991616,
                    0.9987652092017612,
                    0.0,
                    1.3769077942590573
                ],
                [
                    0.0,
                    0.0,
                    1.0,
                    0.12009999999999998
                ],
                [
                    0.0,
                    0.0,
                    0.0,
                    1.0
                ]
            ],
            "size": [
                4.0,
                0.1,
                0.16
            ]
        },
        "collider2": {
            "type": "Box",
            "collider2origin": [
                [
                    -0.4009290526170989,
                    0.8248827493884204,
                    -0.39852772115494767,
                    0.3944694899614471
                ],
                [
                    0.5850373772330716,
                    0.5653038561004005,
                    0.5815176846135174,
                    0.9430483860518396
                ],
                [
                    0.7049731640337836,
                    -6.278366977068218e-06,
                    -0.7092339796941329,
                    -0.08551927881541244
                ],
                [
                    0.0,
                    0.0,
                    0.0,
                    1.0
                ]
            ],
            "size": [
                0.15068,
                0.17726,
                0.74884
            ]
        },
        "distance": 0.2361580196519727
    },
    {
        "case": 4,
        "collider1": {
            "type": "Cylinder",
            "collider2origin": [
                [
                    1.0,
                    0.0,
                    0.0,
                    0.36025
                ],
                [
                    0.0,
                    1.0,
                    0.0,
                    0.66562
                ],
                [
                    0.0,
                    0.0,
                    1.0,
                    -0.35
                ],
                [
                    0.0,
                    0.0,
                    0.0,
                    1.0
                ]
            ],
            "radius": 0.11,
            "height": 0.68
        },
        "collider2": {
            "type": "Box",
            "collider2origin": [
                [
                    -0.4009290526170989,
                    0.8248827493884204,
                    -0.39852772115494767,
                    0.3944694899614471
                ],
                [
                    0.5850373772330716,
                    0.5653038561004005,
                    0.5815176846135174,
                    0.9430483860518396
                ],
                [
                    0.7049731640337836,
                    -6.278366977068218e-06,
                    -0.7092339796941329,
                    -0.08551927881541244
                ],
                [
                    0.0,
                    0.0,
                    0.0,
                    1.0
                ]
            ],
            "size": [
                0.15068,
                0.17726,
                0.74884
            ]
        },
        "distance": 0.0
    },
    {
        "case": 5,
        "collider1": {
            "type": "Box",
            "collider2origin": [
                [
                    0.9984911777768198,
                    0.05491236565527933,
                    0.0,
                    0.9683361376747499
                ],
                [
                    -0.05491236565527933,
                    0.9984911777768198,
                    0.0,
                    1.5728604621669189
                ],
                [
                    0.0,
                    0.0,
                    1.0,
                    0.1860599999999999
                ],
                [
                    0.0,
                    0.0,
                    0.0,
                    1.0
                ]
            ],
            "size": [
                0.62,
                0.62,
                0.29
            ]
        },
        "collider2": {
            "type": "Box",
            "collider2origin": [
                [
                    -0.4009290526170989,
                    0.8248827493884204,
                    -0.39852772115494767,
                    0.3944694899614471
                ],
                [
                    0.5850373772330716,
                    0.5653038561004005,
                    0.5815176846135174,
                    0.9430483860518396
                ],
                [
                    0.7049731640337836,
                    -6.278366977068218e-06,
                    -0.7092339796941329,
                    -0.08551927881541244
                ],
                [
                    0.0,
                    0.0,
                    0.0,
                    1.0
                ]
            ],
            "size": [
                0.15068,
                0.17726,
                0.74884
            ]
        },
        "distance": 0.3259262323397814
    },
    {
        "case": 6,
        "collider1": {
            "type": "Box",
            "collider2origin": [
                [
                    0.9987652092017612,
                    0.049679541947991616,
                    0.0,
                    -0.8452169757328698
                ],
                [
                    -0.049679541947991616,
                    0.9987652092017612,
                    0.0,
                    1.7355619287231678
                ],
                [
                    0.0,
                    0.0,
                    1.0,
                    -0.39990000000000003
                ],
                [
                    0.0,
                    0.0,
                    0.0,
                    1.0
                ]
            ],
            "size": [
                5.96,
                0.78,
                0.87
            ]
        },
        "collider2": {
            "type": "Box",
            "collider2origin": [
                [
                    -0.4009290526170989,
                    0.8248827493884204,
                    -0.39852772115494767,
                    0.3944694899614471
                ],
                [
                    0.5850373772330716,
                    0.5653038561004005,
                    0.5815176846135174,
                    0.9430483860518396
                ],
                [
                    0.7049731640337836,
                    -6.278366977068218e-06,
                    -0.7092339796941329,
                    -0.08551927881541244
                ],
                [
                    0.0,
                    0.0,
                    0.0,
                    1.0
                ]
            ],
            "size": [
                0.15068,
                0.17726,
                0.74884
            ]
        },
        "distance": 0.03370319593720365
    },
    {
        "case": 7,
        "collider1": {
            "type": "Box",
            "collider2origin": [
                [
                    0.9987652092017612,
                    0.049679541947991616,
                    0.0,
                    -0.47864210557426284
                ],
                [
                    -0.049679541947991616,
                    0.9987652092017612,
                    0.0,
                    1.3769077942590573
                ],
                [
                    0.0,
                    0.0,
                    1.0,
                    0.12009999999999998
                ],
                [
                    0.0,
                    0.0,
                    0.0,
                    1.0
                ]
            ],
            "size": [
                4.0,
                0.1,
                0.16
            ]
        },
        "collider2": {
            "type": "Box",
            "collider2origin": [
                [
                    -0.4009290526170989,
                    0.8248827493884204,
                    -0.39852772115494767,
                    0.3944694899614471
                ],
                [
                    0.5850373772330716,
                    0.5653038561004005,
                    0.5815176846135174,
                    0.9430483860518396
                ],
                [
                    0.7049731640337836,
                    -6.278366977068218e-06,
                    -0.7092339796941329,
                    -0.08551927881541244
                ],
                [
                    0.0,
                    0.0,
                    0.0,
                    1.0
                ]
            ],
            "size": [
                0.15068,
                0.17726,
                0.74884
            ]
        },
        "distance": 0.2361580196519727
    },
    {
        "case": 8,
        "collider1": {
            "type": "Cylinder",
            "collider2origin": [
                [
                    1.0,
                    0.0,
                    0.0,
                    0.36025
                ],
                [
                    0.0,
                    1.0,
                    0.0,
                    0.66562
                ],
                [
                    0.0,
                    0.0,
                    1.0,
                    -0.35
                ],
                [
                    0.0,
                    0.0,
                    0.0,
                    1.0
                ]
            ],
            "radius": 0.11,
            "height": 0.68
        },
        "collider2": {
            "type": "Box",
            "collider2origin": [
                [
                    0.11054184624893139,
                    0.8248862496337723,
                    0.5543854033008151,
                    0.32129875565216887
                ],
                [
                    -0.16130824111770758,
                    0.5652987485890962,
                    -0.8089604293110467,
                    0.8263262445338917
                ],
                [
                    -0.980693709358528,
                    -2.9549094141659917e-06,
                    0.1955501174018553,
                    -0.2518518518701992
                ],
                [
                    0.0,
                    0.0,
                    0.0,
                    1.0
                ]
            ],
            "size": [
                0.1202,
                0.13634,
                0.67816
            ]
        },
        "distance": 0.0
    }
]