[
    {
        "case": 0,
        "collider1": {
            "type": "Box",
            "collider2origin": [
                [
                    0.9984911777768198,
                    0.05491236565527933,
                    0.0,
                    -0.5693402761015525
                ],
                [
                    -0.05491236565527933,
                    0.9984911777768198,
                    0.0,
                    1.657425505276049
                ],
                [
                    0.0,
                    0.0,
                    1.0,
                    0.1860599999999999
                ],
                [
                    0.0,
                    0.0,
                    0.0,
                    1.0
                ]
            ],
            "size": [
                0.62,
                0.62,
                0.29
            ]
        },
        "collider2": {
            "type": "Sphere",
            "collider2origin": [
                [
                    1.0,
                    0.0,
                    0.0,
                    -0.6333487876790199
                ],
                [
                    0.0,
                    1.0,
                    0.0,
                    1.340375563564202
                ],
                [
                    0.0,
                    0.0,
                    1.0,
                    0.29899242776798163
                ],
                [
                    0.0,
                    0.0,
                    0.0,
                    1.0
                ]
            ],
            "radius": 0.00563
        },
        "distance": 0.004456428506726242
    },
    {
        "case": 1,
        "collider1": {
            "type": "Box",
            "collider2origin": [
                [
                    0.9984911777768198,
                    0.05491236565527933,
                    0.0,
                    -0.5693402761015525
                ],
                [
                    -0.05491236565527933,
                    0.9984911777768198,
                    0.0,
                    1.657425505276049
                ],
                [
                    0.0,
                    0.0,
                    1.0,
                    0.1860599999999999
                ],
                [
                    0.0,
                    0.0,
                    0.0,
                    1.0
                ]
            ],
            "size": [
                0.62,
                0.62,
                0.29
            ]
        },
        "collider2": {
            "type": "Cylinder",
            "collider2origin": [
                [
                    -0.5480922507592942,
                    -0.3688289345921743,
                    0.7507064017744962,
                    -0.6171649887801333
                ],
                [
                    -0.2358905918431155,
                    -0.7929303203033199,
                    -0.5617981272873541,
                    1.3302713193932454
                ],
                [
                    0.802465272356078,
                    -0.4850017774722843,
                    0.3475956882805209,
                    0.30707586162582157
                ],
                [
                    0.0,
                    0.0,
                    0.0,
                    1.0
                ]
            ],
            "radius": 0.00813,
            "height": 0.03824
        },
        "distance": 0.002403828052522802
    },
    {
        "case": 2,
        "collider1": {
            "type": "Box",
            "collider2origin": [
                [
                    0.9984911777768198,
                    0.05491236565527933,
                    0.0,
                    -0.5693402761015525
                ],
                [
                    -0.05491236565527933,
                    0.9984911777768198,
                    0.0,
                    1.657425505276049
                ],
                [
                    0.0,
                    0.0,
                    1.0,
                    0.1860599999999999
                ],
                [
                    0.0,
                    0.0,
                    0.0,
                    1.0
                ]
            ],
            "size": [
                0.62,
                0.62,
                0.29
            ]
        },
        "collider2": {
            "type": "Sphere",
            "collider2origin": [
                [
                    1.0,
                    0.0,
                    0.0,
                    -0.6073199577594282
                ],
                [
                    0.0,
                    1.0,
                    0.0,
                    1.3270873187372727
                ],
                [
                    0.0,
                    0.0,
                    1.0,
                    0.26136286010725773
                ],
                [
                    0.0,
                    0.0,
                    0.0,
                    1.0
                ]
            ],
            "radius": 0.00484
        },
        "distance": 0.01708531910842988
    },
    {
        "case": 3,
        "collider1": {
            "type": "Box",
            "collider2origin": [
                [
                    0.9984911777768198,
                    0.05491236565527933,
                    0.0,
                    -0.5693402761015525
                ],
                [
                    -0.05491236565527933,
                    0.9984911777768198,
                    0.0,
                    1.657425505276049
                ],
                [
                    0.0,
                    0.0,
                    1.0,
                    0.1860599999999999
                ],
                [
                    0.0,
                    0.0,
                    0.0,
                    1.0
                ]
            ],
            "size": [
                0.62,
                0.62,
                0.29
            ]
        },
        "collider2": {
            "type": "Cylinder",
            "collider2origin": [
                [
                    -0.40661984663904543,
                    -0.5351570645226826,
                    0.7404506847931901,
                    -0.5963366549621313
                ],
                [
                    0.08363750359980598,
                    -0.8288798820408153,
                    -0.5531391408493853,
                    1.3202660708770706
                ],
                [
                    0.9097609951579761,
                    -0.16298790580736106,
                    0.3817982114281038,
                    0.2679315995063045
                ],
                [
                    0.0,
                    0.0,
                    0.0,
                    1.0
                ]
            ],
            "radius": 0.0076,
            "height": 0.02993
        },
        "distance": 0.01394649517323502
    },
    {
        "case": 4,
        "collider1": {
            "type": "Box",
            "collider2origin": [
                [
                    0.9992356923808713,
                    0.039090038016362835,
                    0.0,
                    -0.5489328608955879
                ],
                [
                    -0.039090038016362835,
                    0.9992356923808713,
                    0.0,
                    0.7114949120937263
                ],
                [
                    0.0,
                    0.0,
                    1.0,
                    0.054400000000000004
                ],
                [
                    0.0,
                    0.0,
                    0.0,
                    1.0
                ]
            ],
            "size": [
                0.02,
                0.36,
                0.03
            ]
        },
        "collider2": {
            "type": "Box",
            "collider2origin": [
                [
                    -0.5956860848339228,
                    -0.512769300114219,
                    -0.6182440725115012,
                    -0.3172786696474198
                ],
                [
                    0.3557844384113285,
                    -0.8585264380664752,
                    0.3692557224001088,
                    1.0243437363553316
                ],
                [
                    -0.7201218797672848,
                    -1.1245605944763808e-06,
                    0.6938475900939393,
                    0.09877241081887944
                ],
                [
                    0.0,
                    0.0,
                    0.0,
                    1.0
                ]
            ],
            "size": [
                0.1202,
                0.13634,
                0.67816
            ]
        },
        "distance": 0.1617905398299907
    },
    {
        "case": 5,
        "collider1": {
            "type": "Box",
            "collider2origin": [
                [
                    0.9992356923808713,
                    0.039090038016362835,
                    0.0,
                    -0.6287861898058347
                ],
                [
                    -0.039090038016362835,
                    0.9992356923808713,
                    0.0,
                    0.8447182053346305
                ],
                [
                    0.0,
                    0.0,
                    1.0,
                    0.054400000000000004
                ],
                [
                    0.0,
                    0.0,
                    0.0,
                    1.0
                ]
            ],
            "size": [
                0.15,
                0.1,
                0.03
            ]
        },
        "collider2": {
            "type": "Box",
            "collider2origin": [
                [
                    -0.5956860848339228,
                    -0.512769300114219,
                    -0.6182440725115012,
                    -0.3172786696474198
                ],
                [
                    0.3557844384113285,
                    -0.8585264380664752,
                    0.3692557224001088,
                    1.0243437363553316
                ],
                [
                    -0.7201218797672848,
                    -1.1245605944763808e-06,
                    0.6938475900939393,
                    0.09877241081887944
                ],
                [
                    0.0,
                    0.0,
                    0.0,
                    1.0
                ]
            ],
            "size": [
                0.1202,
                0.13634,
                0.67816
            ]
        },
        "distance": 0.17441765195092432
    },
    {
        "case": 6,
        "collider1": {
            "type": "Cylinder",
            "collider2origin": [
                [
                    0.999996163552453,
                    -0.002769996457679181,
                    0.0,
                    0.10432163761275043
                ],
                [
                    0.0027699964576791865,
                    0.999996163552453,
                    0.0,
                    1.362310441501493
                ],
                [
                    0.0,
                    0.0,
                    1.0,
                    0.29147999999999996
                ],
                [
                    0.0,
                    0.0,
                    0.0,
                    1.0
                ]
            ],
            "radius": 0.15,
            "height": 0.108
        },
        "collider2": {
            "type": "Box",
            "collider2origin": [
                [
                    -0.5956860848339228,
                    -0.512769300114219,
                    -0.6182440725115012,
                    -0.3172786696474198
                ],
                [
                    0.3557844384113285,
                    -0.8585264380664752,
                    0.3692557224001088,
                    1.0243437363553316
                ],
                [
                    -0.7201218797672848,
                    -1.1245605944763808e-06,
                    0.6938475900939393,
                    0.09877241081887944
                ],
                [
                    0.0,
                    0.0,
                    0.0,
                    1.0
                ]
            ],
            "size": [
                0.1202,
                0.13634,
                0.67816
            ]
        },
        "distance": 0.32636487383681795
    },
    {
        "case": 7,
        "collider1": {
            "type": "Box",
            "collider2origin": [
                [
                    0.9987652092017612,
                    0.049679541947991616,
                    0.0,
                    -0.8452169757328698
                ],
                [
                    -0.049679541947991616,
                    0.9987652092017612,
                    0.0,
                    1.7355619287231678
                ],
                [
                    0.0,
                    0.0,
                    1.0,
                    -0.39990000000000003
                ],
                [
                    0.0,
                    0.0,
                    0.0,
                    1.0
                ]
            ],
            "size": [
                5.96,
                0.78,
                0.87
            ]
        },
        "collider2": {
            "type": "Box",
            "collider2origin": [
                [
                    -0.5956860848339228,
                    -0.512769300114219,
                    -0.6182440725115012,
                    -0.3172786696474198
                ],
                [
                    0.3557844384113285,
                    -0.8585264380664752,
                    0.3692557224001088,
                    1.0243437363553316
                ],
                [
                    -0.7201218797672848,
                    -1.1245605944763808e-06,
                    0.6938475900939393,
                    0.09877241081887944
                ],
                [
                    0.0,
                    0.0,
                    0.0,
                    1.0
                ]
            ],
            "size": [
                0.1202,
                0.13634,
                0.67816
            ]
        },
        "distance": 0.20162008780390203
    },
    {
        "case": 8,
        "collider1": {
            "type": "Box",
            "collider2origin": [
                [
                    0.9987652092017612,
                    0.049679541947991616,
                    0.0,
                    -0.47864210557426284
                ],
                [
                    -0.049679541947991616,
                    0.9987652092017612,
                    0.0,
                    1.3769077942590573
                ],
                [
                    0.0,
                    0.0,
                    1.0,
                    0.12009999999999998
                ],
                [
                    0.0,
                    0.0,
                    0.0,
                    1.0
                ]
            ],
            "size": [
                4.0,
                0.1,
                0.16
            ]
        },
        "collider2": {
            "type": "Box",
            "collider2origin": [
                [
                    -0.5956860848339228,
                    -0.512769300114219,
                    -0.6182440725115012,
                    -0.3172786696474198
                ],
                [
                    0.3557844384113285,
                    -0.8585264380664752,
                    0.3692557224001088,
                    1.0243437363553316
                ],
                [
                    -0.7201218797672848,
                    -1.1245605944763808e-06,
                    0.6938475900939393,
                    0.09877241081887944
                ],
                [
                    0.0,
                    0.0,
                    0.0,
                    1.0
                ]
            ],
            "size": [
                0.1202,
                0.13634,
                0.67816
            ]
        },
        "distance": 0.12934522068554108
    },
    {
        "case": 9,
        "collider1": {
            "type": "Box",
            "collider2origin": [
                [
                    0.9992356923808713,
                    0.039090038016362835,
                    0.0,
                    -0.10710036334624623
                ],
                [
                    -0.039090038016362835,
                    0.9992356923808713,
                    0.0,
                    0.41486694795461987
                ],
                [
                    0.0,
                    0.0,
                    1.0,
                    -0.40439
                ],
                [
                    0.0,
                    0.0,
                    0.0,
                    1.0
                ]
            ],
            "size": [
                0.08,
                1.0,
                0.812
            ]
        },
        "collider2": {
            "type": "Box",
            "collider2origin": [
                [
                    -0.5956860848339228,
                    -0.512769300114219,
                    -0.6182440725115012,
                    -0.3172786696474198
                ],
                [
                    0.3557844384113285,
                    -0.8585264380664752,
                    0.3692557224001088,
                    1.0243437363553316
                ],
                [
                    -0.7201218797672848,
                    -1.1245605944763808e-06,
                    0.6938475900939393,
                    0.09877241081887944
                ],
                [
                    0.0,
                    0.0,
                    0.0,
                    1.0
                ]
            ],
            "size": [
                0.1202,
                0.13634,
                0.67816
            ]
        },
        "distance": 0.0
    },
    {
        "case": 10,
        "collider1": {
            "type": "Box",
            "collider2origin": [
                [
                    0.9992356923808713,
                    0.039090038016362835,
                    0.0,
                    -0.572693241206963
                ],
                [
                    -0.039090038016362835,
                    0.9992356923808713,
                    0.0,
                    0.9186520380330935
                ],
                [
                    0.0,
                    0.0,
                    1.0,
                    0.014610000000000012
                ],
                [
                    0.0,
                    0.0,
                    0.0,
                    1.0
                ]
            ],
            "size": [
                0.5,
                0.04,
                0.064
            ]
        },
        "collider2": {
            "type": "Box",
            "collider2origin": [
                [
                    -0.5956860848339228,
                    -0.512769300114219,
                    -0.6182440725115012,
                    -0.3172786696474198
                ],
                [
                    0.3557844384113285,
                    -0.8585264380664752,
                    0.3692557224001088,
                    1.0243437363553316
                ],
                [
                    -0.7201218797672848,
                    -1.1245605944763808e-06,
                    0.6938475900939393,
                    0.09877241081887944
                ],
                [
                    0.0,
                    0.0,
                    0.0,
                    1.0
                ]
            ],
            "size": [
                0.1202,
                0.13634,
                0.67816
            ]
        },
        "distance": 0.01627524954476091
    },
    {
        "case": 11,
        "collider1": {
            "type": "Box",
            "collider2origin": [
                [
                    0.9992356923808713,
                    0.039090038016362835,
                    0.0,
                    -0.7387332447251884
                ],
                [
                    -0.039090038016362835,
                    0.9992356923808713,
                    0.0,
                    0.6397293653589854
                ],
                [
                    0.0,
                    0.0,
                    1.0,
                    -0.40439
                ],
                [
                    0.0,
                    0.0,
                    0.0,
                    1.0
                ]
            ],
            "size": [
                1.2,
                1.4,
                0.812
            ]
        },
        "collider2": {
            "type": "Box",
            "collider2origin": [
                [
                    -0.5956860848339228,
                    -0.512769300114219,
                    -0.6182440725115012,
                    -0.3172786696474198
                ],
                [
                    0.3557844384113285,
                    -0.8585264380664752,
                    0.3692557224001088,
                    1.0243437363553316
                ],
                [
                    -0.7201218797672848,
                    -1.1245605944763808e-06,
                    0.6938475900939393,
                    0.09877241081887944
                ],
                [
                    0.0,
                    0.0,
                    0.0,
                    1.0
                ]
            ],
            "size": [
                0.1202,
                0.13634,
                0.67816
            ]
        },
        "distance": 0.0
    },
    {
        "case": 12,
        "collider1": {
            "type": "Cylinder",
            "collider2origin": [
                [
                    1.0,
                    0.0,
                    0.0,
                    0.36025
                ],
                [
                    0.0,
                    1.0,
                    0.0,
                    0.66562
                ],
                [
                    0.0,
                    0.0,
                    1.0,
                    -0.35
                ],
                [
                    0.0,
                    0.0,
                    0.0,
                    1.0
                ]
            ],
            "radius": 0.11,
            "height": 0.68
        },
        "collider2": {
            "type": "Box",
            "collider2origin": [
                [
                    0.3130037493615165,
                    -0.5127699656640412,
                    -0.7994345596723542,
                    0.04066373708512322
                ],
                [
                    -0.18694162651303012,
                    -0.8585260405414468,
                    0.47747865500867015,
                    0.6633993732923211
                ],
                [
                    -0.9311721007216096,
                    -5.012381929856959e-06,
                    -0.3645799210222366,
                    0.01802841102862529
                ],
                [
                    0.0,
                    0.0,
                    0.0,
                    1.0
                ]
            ],
            "size": [
                0.15068,
                0.17726,
                0.74884
            ]
        },
        "distance": 0.02068000875528177
    },
    {
        "case": 13,
        "collider1": {
            "type": "Box",
            "collider2origin": [
                [
                    0.9992356923808713,
                    0.039090038016362835,
                    0.0,
                    -0.10710036334624623
                ],
                [
                    -0.039090038016362835,
                    0.9992356923808713,
                    0.0,
                    0.41486694795461987
                ],
                [
                    0.0,
                    0.0,
                    1.0,
                    -0.40439
                ],
                [
                    0.0,
                    0.0,
                    0.0,
                    1.0
                ]
            ],
            "size": [
                0.08,
                1.0,
                0.812
            ]
        },
        "collider2": {
            "type": "Box",
            "collider2origin": [
                [
                    0.3130037493615165,
                    -0.5127699656640412,
                    -0.7994345596723542,
                    0.04066373708512322
                ],
                [
                    -0.18694162651303012,
                    -0.8585260405414468,
                    0.47747865500867015,
                    0.6633993732923211
                ],
                [
                    -0.9311721007216096,
                    -5.012381929856959e-06,
                    -0.3645799210222366,
                    0.01802841102862529
                ],
                [
                    0.0,
                    0.0,
                    0.0,
                    1.0
                ]
            ],
            "size": [
                0.15068,
                0.17726,
                0.74884
            ]
        },
        "distance": 0.0
    },
    {
        "case": 14,
        "collider1": {
            "type": "Box",
            "collider2origin": [
                [
                    0.9992356923808713,
                    0.039090038016362835,
                    0.0,
                    -0.572693241206963
                ],
                [
                    -0.039090038016362835,
                    0.9992356923808713,
                    0.0,
                    0.9186520380330935
                ],
                [
                    0.0,
                    0.0,
                    1.0,
                    0.014610000000000012
                ],
                [
                    0.0,
                    0.0,
                    0.0,
                    1.0
                ]
            ],
            "size": [
                0.5,
                0.04,
                0.064
            ]
        },
        "collider2": {
            "type": "Box",
            "collider2origin": [
                [
                    0.3130037493615165,
                    -0.5127699656640412,
                    -0.7994345596723542,
                    0.04066373708512322
                ],
                [
                    -0.18694162651303012,
                    -0.8585260405414468,
                    0.47747865500867015,
                    0.6633993732923211
                ],
                [
                    -0.9311721007216096,
                    -5.012381929856959e-06,
                    -0.3645799210222366,
                    0.01802841102862529
                ],
                [
                    0.0,
                    0.0,
                    0.0,
                    1.0
                ]
            ],
            "size": [
                0.15068,
                0.17726,
                0.74884
            ]
        },
        "distance": 0.060760478454553894
    },
    {
        "case": 15,
        "collider1": {
            "type": "Box",
            "collider2origin": [
                [
                    0.9992356923808713,
                    0.039090038016362835,
                    0.0,
                    -0.7387332447251884
                ],
                [
                    -0.039090038016362835,
                    0.9992356923808713,
                    0.0,
                    0.6397293653589854
                ],
                [
                    0.0,
                    0.0,
                    1.0,
                    -0.40439
                ],
                [
                    0.0,
                    0.0,
                    0.0,
                    1.0
                ]
            ],
            "size": [
                1.2,
                1.4,
                0.812
            ]
        },
        "collider2": {
            "type": "Box",
            "collider2origin": [
                [
                    0.3130037493615165,
                    -0.5127699656640412,
                    -0.7994345596723542,
                    0.04066373708512322
                ],
                [
                    -0.18694162651303012,
                    -0.8585260405414468,
                    0.47747865500867015,
                    0.6633993732923211
                ],
                [
                    -0.9311721007216096,
                    -5.012381929856959e-06,
                    -0.3645799210222366,
                    0.01802841102862529
                ],
                [
                    0.0,
                    0.0,
                    0.0,
                    1.0
                ]
            ],
            "size": [
                0.15068,
                0.17726,
                0.74884
            ]
        },
        "distance": 0.0
    },
    {
        "case": 16,
        "collider1": {
            "type": "Cylinder",
            "collider2origin": [
                [
                    1.0,
                    0.0,
                    0.0,
                    0.36025
                ],
                [
                    0.0,
                    1.0,
                    0.0,
                    0.66562
                ],
                [
                    0.0,
                    0.0,
                    1.0,
                    -0.35
                ],
                [
                    0.0,
                    0.0,
                    0.0,
                    1.0
                ]
            ],
            "radius": 0.11,
            "height": 0.68
        },
        "collider2": {
            "type": "Box",
            "collider2origin": [
                [
                    0.3130037493615165,
                    -0.5127699656640412,
                    -0.7994345596723542,
                    0.04066373708512322
                ],
                [
                    -0.18694162651303012,
                    -0.8585260405414468,
                    0.47747865500867015,
                    0.6633993732923211
                ],
                [
                    -0.9311721007216096,
                    -5.012381929856959e-06,
                    -0.3645799210222366,
                    0.01802841102862529
                ],
                [
                    0.0,
                    0.0,
                    0.0,
                    1.0
                ]
            ],
            "size": [
                0.15068,
                0.17726,
                0.74884
            ]
        },
        "distance": 0.02068000875528177
    },
    {
        "case": 17,
        "collider1": {
            "type": "Box",
            "collider2origin": [
                [
                    0.9992356923808713,
                    0.039090038016362835,
                    0.0,
                    -0.10710036334624623
                ],
                [
                    -0.039090038016362835,
                    0.9992356923808713,
                    0.0,
                    0.41486694795461987
                ],
                [
                    0.0,
                    0.0,
                    1.0,
                    -0.40439
                ],
                [
                    0.0,
                    0.0,
                    0.0,
                    1.0
                ]
            ],
            "size": [
                0.08,
                1.0,
                0.812
            ]
        },
        "collider2": {
            "type": "Box",
            "collider2origin": [
                [
                    0.3130037493615165,
                    -0.5127699656640412,
                    -0.7994345596723542,
                    0.04066373708512322
                ],
                [
                    -0.18694162651303012,
                    -0.8585260405414468,
                    0.47747865500867015,
                    0.6633993732923211
                ],
                [
                    -0.9311721007216096,
                    -5.012381929856959e-06,
                    -0.3645799210222366,
                    0.01802841102862529
                ],
                [
                    0.0,
                    0.0,
                    0.0,
                    1.0
                ]
            ],
            "size": [
                0.15068,
                0.17726,
                0.74884
            ]
        },
        "distance": 0.0
    },
    {
        "case": 18,
        "collider1": {
            "type": "Box",
            "collider2origin": [
                [
                    0.9992356923808713,
                    0.039090038016362835,
                    0.0,
                    -0.572693241206963
                ],
                [
                    -0.039090038016362835,
                    0.9992356923808713,
                    0.0,
                    0.9186520380330935
                ],
                [
                    0.0,
                    0.0,
                    1.0,
                    0.014610000000000012
                ],
                [
                    0.0,
                    0.0,
                    0.0,
                    1.0
                ]
            ],
            "size": [
                0.5,
                0.04,
                0.064
            ]
        },
        "collider2": {
            "type": "Box",
            "collider2origin": [
                [
                    0.3130037493615165,
                    -0.5127699656640412,
                    -0.7994345596723542,
                    0.04066373708512322
                ],
                [
                    -0.18694162651303012,
                    -0.8585260405414468,
                    0.47747865500867015,
                    0.6633993732923211
                ],
                [
                    -0.9311721007216096,
                    -5.012381929856959e-06,
                    -0.3645799210222366,
                    0.01802841102862529
                ],
                [
                    0.0,
                    0.0,
                    0.0,
                    1.0
                ]
            ],
            "size": [
                0.15068,
                0.17726,
                0.74884
            ]
        },
        "distance": 0.060760478454553894
    },
    {
        "case": 19,
        "collider1": {
            "type": "Box",
            "collider2origin": [
                [
                    0.9992356923808713,
                    0.039090038016362835,
                    0.0,
                    -0.7387332447251884
                ],
                [
                    -0.039090038016362835,
                    0.9992356923808713,
                    0.0,
                    0.6397293653589854
                ],
                [
                    0.0,
                    0.0,
                    1.0,
                    -0.40439
                ],
                [
                    0.0,
                    0.0,
                    0.0,
                    1.0
                ]
            ],
            "size": [
                1.2,
                1.4,
                0.812
            ]
        },
        "collider2": {
            "type": "Box",
            "collider2origin": [
                [
                    0.3130037493615165,
                    -0.5127699656640412,
                    -0.7994345596723542,
                    0.04066373708512322
                ],
                [
                    -0.18694162651303012,
                    -0.8585260405414468,
                    0.47747865500867015,
                    0.6633993732923211
                ],
                [
                    -0.9311721007216096,
                    -5.012381929856959e-06,
                    -0.3645799210222366,
                    0.01802841102862529
                ],
                [
                    0.0,
                    0.0,
                    0.0,
                    1.0
                ]
            ],
            "size": [
                0.15068,
                0.17726,
                0.74884
            ]
        },
        "distance": 0.0
    }
]