[
    {
        "case": 0,
        "collider1": {
            "type": "Box",
            "collider2origin": [
                [
                    0.9987652092017612,
                    0.049679541947991616,
                    0.0,
                    -0.47864210557426284
                ],
                [
                    -0.049679541947991616,
                    0.9987652092017612,
                    0.0,
                    1.3769077942590573
                ],
                [
                    0.0,
                    0.0,
                    1.0,
                    0.12009999999999998
                ],
                [
                    0.0,
                    0.0,
                    0.0,
                    1.0
                ]
            ],
            "size": [
                4.0,
                0.1,
                0.16
            ]
        },
        "collider2": {
            "type": "Box",
            "collider2origin": [
                [
                    -0.6967822641852257,
                    0.03737566401392,
                    -0.7163082688734151,
                    -0.6309651551109093
                ],
                [
                    -0.5521130332898738,
                    -0.6654508803426902,
                    0.5023408447683637,
                    1.1702966072920131
                ],
                [
                    -0.4578926454840315,
                    0.7455053223087392,
                    0.48430996233917983,
                    0.1666757072529581
                ],
                [
                    0.0,
                    0.0,
                    0.0,
                    1.0
                ]
            ],
            "size": [
                0.09126,
                0.11887,
                0.10009
            ]
        },
        "distance": 0.07446248775349955
    },
    {
        "case": 1,
        "collider1": {
            "type": "Box",
            "collider2origin": [
                [
                    0.9992356923808713,
                    0.039090038016362835,
                    0.0,
                    -0.5489328608955879
                ],
                [
                    -0.039090038016362835,
                    0.9992356923808713,
                    0.0,
                    0.7114949120937263
                ],
                [
                    0.0,
                    0.0,
                    1.0,
                    0.054400000000000004
                ],
                [
                    0.0,
                    0.0,
                    0.0,
                    1.0
                ]
            ],
            "size": [
                0.02,
                0.36,
                0.03
            ]
        },
        "collider2": {
            "type": "Box",
            "collider2origin": [
                [
                    0.45334277973705034,
                    -0.5741724800369197,
                    -0.6817670329581339,
                    -0.2853898128252005
                ],
                [
                    -0.3179202026889743,
                    -0.8187343666511636,
                    0.4781221408662429,
                    1.0707452586701085
                ],
                [
                    -0.8327106753143528,
                    -5.707089421547935e-06,
                    -0.5537083448756605,
                    0.27256726377434104
                ],
                [
                    0.0,
                    0.0,
                    0.0,
                    1.0
                ]
            ],
            "size": [
                0.1202,
                0.13634,
                0.67816
            ]
        },
        "distance": 0.22719268004538254
    },
    {
        "case": 2,
        "collider1": {
            "type": "Box",
            "collider2origin": [
                [
                    0.9984911777768198,
                    0.05491236565527933,
                    0.0,
                    0.19949793078659855
                ],
                [
                    -0.05491236565527933,
                    0.9984911777768198,
                    0.0,
                    1.615142983721484
                ],
                [
                    0.0,
                    0.0,
                    1.0,
                    0.1860599999999999
                ],
                [
                    0.0,
                    0.0,
                    0.0,
                    1.0
                ]
            ],
            "size": [
                0.62,
                0.62,
                0.02
            ]
        },
        "collider2": {
            "type": "Box",
            "collider2origin": [
                [
                    0.45334277973705034,
                    -0.5741724800369197,
                    -0.6817670329581339,
                    -0.2853898128252005
                ],
                [
                    -0.3179202026889743,
                    -0.8187343666511636,
                    0.4781221408662429,
                    1.0707452586701085
                ],
                [
                    -0.8327106753143528,
                    -5.707089421547935e-06,
                    -0.5537083448756605,
                    0.27256726377434104
                ],
                [
                    0.0,
                    0.0,
                    0.0,
                    1.0
                ]
            ],
            "size": [
                0.1202,
                0.13634,
                0.67816
            ]
        },
        "distance": 0.22896938100874972
    },
    {
        "case": 3,
        "collider1": {
            "type": "Box",
            "collider2origin": [
                [
                    0.9992356923808713,
                    0.039090038016362835,
                    0.0,
                    -0.6287861898058347
                ],
                [
                    -0.039090038016362835,
                    0.9992356923808713,
                    0.0,
                    0.8447182053346305
                ],
                [
                    0.0,
                    0.0,
                    1.0,
                    0.054400000000000004
                ],
                [
                    0.0,
                    0.0,
                    0.0,
                    1.0
                ]
            ],
            "size": [
                0.15,
                0.1,
                0.03
            ]
        },
        "collider2": {
            "type": "Box",
            "collider2origin": [
                [
                    0.45334277973705034,
                    -0.5741724800369197,
                    -0.6817670329581339,
                    -0.2853898128252005
                ],
                [
                    -0.3179202026889743,
                    -0.8187343666511636,
                    0.4781221408662429,
                    1.0707452586701085
                ],
                [
                    -0.8327106753143528,
                    -5.707089421547935e-06,
                    -0.5537083448756605,
                    0.27256726377434104
                ],
                [
                    0.0,
                    0.0,
                    0.0,
                    1.0
                ]
            ],
            "size": [
                0.1202,
                0.13634,
                0.67816
            ]
        },
        "distance": 0.23576630855610078
    },
    {
        "case": 4,
        "collider1": {
            "type": "Cylinder",
            "collider2origin": [
                [
                    0.999996163552453,
                    -0.002769996457679181,
                    0.0,
                    0.10432163761275043
                ],
                [
                    0.0027699964576791865,
                    0.999996163552453,
                    0.0,
                    1.362310441501493
                ],
                [
                    0.0,
                    0.0,
                    1.0,
                    0.29147999999999996
                ],
                [
                    0.0,
                    0.0,
                    0.0,
                    1.0
                ]
            ],
            "radius": 0.15,
            "height": 0.108
        },
        "collider2": {
            "type": "Box",
            "collider2origin": [
                [
                    0.45334277973705034,
                    -0.5741724800369197,
                    -0.6817670329581339,
                    -0.2853898128252005
                ],
                [
                    -0.3179202026889743,
                    -0.8187343666511636,
                    0.4781221408662429,
                    1.0707452586701085
                ],
                [
                    -0.8327106753143528,
                    -5.707089421547935e-06,
                    -0.5537083448756605,
                    0.27256726377434104
                ],
                [
                    0.0,
                    0.0,
                    0.0,
                    1.0
                ]
            ],
            "size": [
                0.1202,
                0.13634,
                0.67816
            ]
        },
        "distance": 0.24430618894421427
    },
    {
        "case": 5,
        "collider1": {
            "type": "Box",
            "collider2origin": [
                [
                    0.9987652092017612,
                    0.049679541947991616,
                    0.0,
                    -0.8452169757328698
                ],
                [
                    -0.049679541947991616,
                    0.9987652092017612,
                    0.0,
                    1.7355619287231678
                ],
                [
                    0.0,
                    0.0,
                    1.0,
                    -0.39990000000000003
                ],
                [
                    0.0,
                    0.0,
                    0.0,
                    1.0
                ]
            ],
            "size": [
                5.96,
                0.78,
                0.87
            ]
        },
        "collider2": {
            "type": "Box",
            "collider2origin": [
                [
                    0.45334277973705034,
                    -0.5741724800369197,
                    -0.6817670329581339,
                    -0.2853898128252005
                ],
                [
                    -0.3179202026889743,
                    -0.8187343666511636,
                    0.4781221408662429,
                    1.0707452586701085
                ],
                [
                    -0.8327106753143528,
                    -5.707089421547935e-06,
                    -0.5537083448756605,
                    0.27256726377434104
                ],
                [
                    0.0,
                    0.0,
                    0.0,
                    1.0
                ]
            ],
            "size": [
                0.1202,
                0.13634,
                0.67816
            ]
        },
        "distance": 0.052475504566359646
    },
    {
        "case": 6,
        "collider1": {
            "type": "Box",
            "collider2origin": [
                [
                    0.9987652092017612,
                    0.049679541947991616,
                    0.0,
                    -0.47864210557426284
                ],
                [
                    -0.049679541947991616,
                    0.9987652092017612,
                    0.0,
                    1.3769077942590573
                ],
                [
                    0.0,
                    0.0,
                    1.0,
                    0.12009999999999998
                ],
                [
                    0.0,
                    0.0,
                    0.0,
                    1.0
                ]
            ],
            "size": [
                4.0,
                0.1,
                0.16
            ]
        },
        "collider2": {
            "type": "Box",
            "collider2origin": [
                [
                    0.45334277973705034,
                    -0.5741724800369197,
                    -0.6817670329581339,
                    -0.2853898128252005
                ],
                [
                    -0.3179202026889743,
                    -0.8187343666511636,
                    0.4781221408662429,
                    1.0707452586701085
                ],
                [
                    -0.8327106753143528,
                    -5.707089421547935e-06,
                    -0.5537083448756605,
                    0.27256726377434104
                ],
                [
                    0.0,
                    0.0,
                    0.0,
                    1.0
                ]
            ],
            "size": [
                0.1202,
                0.13634,
                0.67816
            ]
        },
        "distance": 0.020328356042220132
    },
    {
        "case": 7,
        "collider1": {
            "type": "Box",
            "collider2origin": [
                [
                    0.9992356923808713,
                    0.039090038016362835,
                    0.0,
                    -0.572693241206963
                ],
                [
                    -0.039090038016362835,
                    0.9992356923808713,
                    0.0,
                    0.9186520380330935
                ],
                [
                    0.0,
                    0.0,
                    1.0,
                    0.014610000000000012
                ],
                [
                    0.0,
                    0.0,
                    0.0,
                    1.0
                ]
            ],
            "size": [
                0.5,
                0.04,
                0.064
            ]
        },
        "collider2": {
            "type": "Box",
            "collider2origin": [
                [
                    0.45334277973705034,
                    -0.5741724800369197,
                    -0.6817670329581339,
                    -0.2853898128252005
                ],
                [
                    -0.3179202026889743,
                    -0.8187343666511636,
                    0.4781221408662429,
                    1.0707452586701085
                ],
                [
                    -0.8327106753143528,
                    -5.707089421547935e-06,
                    -0.5537083448756605,
                    0.27256726377434104
                ],
                [
                    0.0,
                    0.0,
                    0.0,
                    1.0
                ]
            ],
            "size": [
                0.1202,
                0.13634,
                0.67816
            ]
        },
        "distance": 0.16373457844851988
    }
]