[
    {
        "case": 0,
        "collider1": {
            "type": "Cylinder",
            "collider2origin": [
                [
                    1.0,
                    0.0,
                    0.0,
                    0.36025
                ],
                [
                    0.0,
                    1.0,
                    0.0,
                    0.66562
                ],
                [
                    0.0,
                    0.0,
                    1.0,
                    -0.35
                ],
                [
                    0.0,
                    0.0,
                    0.0,
                    1.0
                ]
            ],
            "radius": 0.11,
            "height": 0.68
        },
        "collider2": {
            "type": "Box",
            "collider2origin": [
                [
                    0.3217905046388389,
                    0.6889219074012807,
                    0.649490166689891,
                    0.47159377460452256
                ],
                [
                    -0.30584917071898043,
                    0.7248355713528478,
                    -0.6173084150342536,
                    0.6399358271887358
                ],
                [
                    -0.8960508668009831,
                    -2.0424805612862633e-06,
                    0.4439513983546339,
                    -0.3397146114604246
                ],
                [
                    0.0,
                    0.0,
                    0.0,
                    1.0
                ]
            ],
            "size": [
                0.1202,
                0.13634,
                0.67816
            ]
        },
        "distance": 0.0
    },
    {
        "case": 1,
        "collider1": {
            "type": "Cylinder",
            "collider2origin": [
                [
                    1.0,
                    0.0,
                    0.0,
                    0.36025
                ],
                [
                    0.0,
                    1.0,
                    0.0,
                    0.66562
                ],
                [
                    0.0,
                    0.0,
                    1.0,
                    -0.35
                ],
                [
                    0.0,
                    0.0,
                    0.0,
                    1.0
                ]
            ],
            "radius": 0.11,
            "height": 0.68
        },
        "collider2": {
            "type": "Box",
            "collider2origin": [
                [
                    -0.7006242238448631,
                    0.6889188392596922,
                    -0.18578624780876912,
                    0.43458376201718474
                ],
                [
                    0.6659070771046145,
                    0.7248384874307492,
                    0.17656990627253713,
                    0.8494138129284599
                ],
                [
                    0.25630735772461155,
                    -7.223708014480591e-06,
                    -0.9665953332827786,
                    -0.16267559192831949
                ],
                [
                    0.0,
                    0.0,
                    0.0,
                    1.0
                ]
            ],
            "size": [
                0.15068,
                0.17726,
                0.74884
            ]
        },
        "distance": 0.0
    },
    {
        "case": 2,
        "collider1": {
            "type": "Cylinder",
            "collider2origin": [
                [
                    1.0,
                    0.0,
                    0.0,
                    0.36025
                ],
                [
                    0.0,
                    1.0,
                    0.0,
                    0.66562
                ],
                [
                    0.0,
                    0.0,
                    1.0,
                    -0.35
                ],
                [
                    0.0,
                    0.0,
                    0.0,
                    1.0
                ]
            ],
            "radius": 0.11,
            "height": 0.68
        },
        "collider2": {
            "type": "Box",
            "collider2origin": [
                [
                    -0.7006242238448631,
                    0.6889188392596922,
                    -0.18578624780876912,
                    0.43458376201718474
                ],
                [
                    0.6659070771046145,
                    0.7248384874307492,
                    0.17656990627253713,
                    0.8494138129284599
                ],
                [
                    0.25630735772461155,
                    -7.223708014480591e-06,
                    -0.9665953332827786,
                    -0.16267559192831949
                ],
                [
                    0.0,
                    0.0,
                    0.0,
                    1.0
                ]
            ],
            "size": [
                0.15068,
                0.17726,
                0.74884
            ]
        },
        "distance": 0.0
    }
]