[
    {
        "case": 0,
        "collider1": {
            "type": "Cylinder",
            "collider2origin": [
                [
                    1.0,
                    0.0,
                    0.0,
                    0.36025
                ],
                [
                    0.0,
                    1.0,
                    0.0,
                    0.66562
                ],
                [
                    0.0,
                    0.0,
                    1.0,
                    -0.35
                ],
                [
                    0.0,
                    0.0,
                    0.0,
                    1.0
                ]
            ],
            "radius": 0.11,
            "height": 0.68
        },
        "collider2": {
            "type": "Box",
            "collider2origin": [
                [
                    0.008109713771303043,
                    -0.9999232590867456,
                    -0.009365280555763569,
                    0.32675415999360546
                ],
                [
                    -0.6541930335159973,
                    -0.012388539075221628,
                    0.7562261559868972,
                    0.26998438302508704
                ],
                [
                    -0.7562841446451753,
                    -6.076374923149897e-06,
                    -0.6542432976511052,
                    -0.07959081203551843
                ],
                [
                    0.0,
                    0.0,
                    0.0,
                    1.0
                ]
            ],
            "size": [
                0.1202,
                0.13634,
                0.67816
            ]
        },
        "distance": 0.0
    },
    {
        "case": 1,
        "collider1": {
            "type": "Box",
            "collider2origin": [
                [
                    0.9980268447818988,
                    0.0627886701140236,
                    0.0,
                    -0.04
                ],
                [
                    -0.0627886701140236,
                    0.9980268447818988,
                    0.0,
                    0.02
                ],
                [
                    0.0,
                    0.0,
                    1.0,
                    -0.13
                ],
                [
                    0.0,
                    0.0,
                    0.0,
                    1.0
                ]
            ],
            "size": [
                0.6,
                0.4,
                0.4
            ]
        },
        "collider2": {
            "type": "Box",
            "collider2origin": [
                [
                    0.008109713771303043,
                    -0.9999232590867456,
                    -0.009365280555763569,
                    0.32675415999360546
                ],
                [
                    -0.6541930335159973,
                    -0.012388539075221628,
                    0.7562261559868972,
                    0.26998438302508704
                ],
                [
                    -0.7562841446451753,
                    -6.076374923149897e-06,
                    -0.6542432976511052,
                    -0.07959081203551843
                ],
                [
                    0.0,
                    0.0,
                    0.0,
                    1.0
                ]
            ],
            "size": [
                0.1202,
                0.13634,
                0.67816
            ]
        },
        "distance": 0.0
    },
    {
        "case": 2,
        "collider1": {
            "type": "Box",
            "collider2origin": [
                [
                    0.9980268447818988,
                    0.0627886701140236,
                    0.0,
                    -0.04
                ],
                [
                    -0.0627886701140236,
                    0.9980268447818988,
                    0.0,
                    0.02
                ],
                [
                    0.0,
                    0.0,
                    1.0,
                    -0.13
                ],
                [
                    0.0,
                    0.0,
                    0.0,
                    1.0
                ]
            ],
            "size": [
                0.6,
                0.4,
                0.4
            ]
        },
        "collider2": {
            "type": "Box",
            "collider2origin": [
                [
                    0.0004721758694425217,
                    -0.9999231791898646,
                    0.012385990827622125,
                    0.19918767757350775
                ],
                [
                    -0.03839867219049813,
                    -0.012394987062721317,
                    -0.9991856215287137,
                    0.3681152922044028
                ],
                [
                    0.9992623874758595,
                    -3.8142619645917806e-06,
                    -0.03840157498718539,
                    0.11568121321157077
                ],
                [
                    0.0,
                    0.0,
                    0.0,
                    1.0
                ]
            ],
            "size": [
                0.15068,
                0.17726,
                0.74884
            ]
        },
        "distance": 0.0
    },
    {
        "case": 3,
        "collider1": {
            "type": "Box",
            "collider2origin": [
                [
                    0.9980268447818988,
                    0.0627886701140236,
                    0.0,
                    -0.04
                ],
                [
                    -0.0627886701140236,
                    0.9980268447818988,
                    0.0,
                    0.02
                ],
                [
                    0.0,
                    0.0,
                    1.0,
                    -0.13
                ],
                [
                    0.0,
                    0.0,
                    0.0,
                    1.0
                ]
            ],
            "size": [
                0.6,
                0.4,
                0.4
            ]
        },
        "collider2": {
            "type": "Box",
            "collider2origin": [
                [
                    0.0004721758694425217,
                    -0.9999231791898646,
                    0.012385990827622125,
                    0.19918767757350775
                ],
                [
                    -0.03839867219049813,
                    -0.012394987062721317,
                    -0.9991856215287137,
                    0.3681152922044028
                ],
                [
                    0.9992623874758595,
                    -3.8142619645917806e-06,
                    -0.03840157498718539,
                    0.11568121321157077
                ],
                [
                    0.0,
                    0.0,
                    0.0,
                    1.0
                ]
            ],
            "size": [
                0.15068,
                0.17726,
                0.74884
            ]
        },
        "distance": 0.0
    },
    {
        "case": 4,
        "collider1": {
            "type": "Cylinder",
            "collider2origin": [
                [
                    1.0,
                    0.0,
                    0.0,
                    0.36025
                ],
                [
                    0.0,
                    1.0,
                    0.0,
                    0.66562
                ],
                [
                    0.0,
                    0.0,
                    1.0,
                    -0.35
                ],
                [
                    0.0,
                    0.0,
                    0.0,
                    1.0
                ]
            ],
            "radius": 0.11,
            "height": 0.68
        },
        "collider2": {
            "type": "Box",
            "collider2origin": [
                [
                    -0.9451043248697993,
                    -0.32675692939863354,
                    -0.002779244929269696,
                    0.20722414731884314
                ],
                [
                    -0.318981003378845,
                    0.9207008756610982,
                    0.22485777069141422,
                    0.5163970191848489
                ],
                [
                    -0.07091498146249334,
                    0.21340057789721129,
                    -0.9743876326992816,
                    -0.3792407009450679
                ],
                [
                    0.0,
                    0.0,
                    0.0,
                    1.0
                ]
            ],
            "size": [
                0.09126,
                0.11887,
                0.10009
            ]
        },
        "distance": 0.03655642020346677
    }
]