[
    {
        "case": 0,
        "collider1": {
            "type": "Box",
            "collider2origin": [
                [
                    0.9984911777768198,
                    0.05491236565527933,
                    0.0,
                    0.9683361376747499
                ],
                [
                    -0.05491236565527933,
                    0.9984911777768198,
                    0.0,
                    1.5728604621669189
                ],
                [
                    0.0,
                    0.0,
                    1.0,
                    0.1860599999999999
                ],
                [
                    0.0,
                    0.0,
                    0.0,
                    1.0
                ]
            ],
            "size": [
                0.62,
                0.62,
                0.29
            ]
        },
        "collider2": {
            "type": "Box",
            "collider2origin": [
                [
                    0.37598235561955035,
                    -0.6077186406291004,
                    0.6995107733943003,
                    0.47372273336881715
                ],
                [
                    0.287715278415135,
                    0.794152412215802,
                    0.5352960533558266,
                    0.9691561966866777
                ],
                [
                    -0.8808275579415503,
                    -1.9341730446334478e-06,
                    0.4734372325525143,
                    0.2694034379121879
                ],
                [
                    0.0,
                    0.0,
                    0.0,
                    1.0
                ]
            ],
            "size": [
                0.15068,
                0.17726,
                0.74884
            ]
        },
        "distance": 0.04747030452211081
    },
    {
        "case": 1,
        "collider1": {
            "type": "Cylinder",
            "collider2origin": [
                [
                    0.999996163552453,
                    -0.002769996457679181,
                    0.0,
                    0.10432163761275043
                ],
                [
                    0.0027699964576791865,
                    0.999996163552453,
                    0.0,
                    1.362310441501493
                ],
                [
                    0.0,
                    0.0,
                    1.0,
                    0.29147999999999996
                ],
                [
                    0.0,
                    0.0,
                    0.0,
                    1.0
                ]
            ],
            "radius": 0.15,
            "height": 0.108
        },
        "collider2": {
            "type": "Box",
            "collider2origin": [
                [
                    0.37598235561955035,
                    -0.6077186406291004,
                    0.6995107733943003,
                    0.47372273336881715
                ],
                [
                    0.287715278415135,
                    0.794152412215802,
                    0.5352960533558266,
                    0.9691561966866777
                ],
                [
                    -0.8808275579415503,
                    -1.9341730446334478e-06,
                    0.4734372325525143,
                    0.2694034379121879
                ],
                [
                    0.0,
                    0.0,
                    0.0,
                    1.0
                ]
            ],
            "size": [
                0.15068,
                0.17726,
                0.74884
            ]
        },
        "distance": 0.2980862148065149
    },
    {
        "case": 2,
        "collider1": {
            "type": "Box",
            "collider2origin": [
                [
                    0.9987652092017612,
                    0.049679541947991616,
                    0.0,
                    -0.8452169757328698
                ],
                [
                    -0.049679541947991616,
                    0.9987652092017612,
                    0.0,
                    1.7355619287231678
                ],
                [
                    0.0,
                    0.0,
                    1.0,
                    -0.39990000000000003
                ],
                [
                    0.0,
                    0.0,
                    0.0,
                    1.0
                ]
            ],
            "size": [
                5.96,
                0.78,
                0.87
            ]
        },
        "collider2": {
            "type": "Box",
            "collider2origin": [
                [
                    0.37598235561955035,
                    -0.6077186406291004,
                    0.6995107733943003,
                    0.47372273336881715
                ],
                [
                    0.287715278415135,
                    0.794152412215802,
                    0.5352960533558266,
                    0.9691561966866777
                ],
                [
                    -0.8808275579415503,
                    -1.9341730446334478e-06,
                    0.4734372325525143,
                    0.2694034379121879
                ],
                [
                    0.0,
                    0.0,
                    0.0,
                    1.0
                ]
            ],
            "size": [
                0.15068,
                0.17726,
                0.74884
            ]
        },
        "distance": 0.26931350324484243
    },
    {
        "case": 3,
        "collider1": {
            "type": "Box",
            "collider2origin": [
                [
                    0.9987652092017612,
                    0.049679541947991616,
                    0.0,
                    -0.47864210557426284
                ],
                [
                    -0.049679541947991616,
                    0.9987652092017612,
                    0.0,
                    1.3769077942590573
                ],
                [
                    0.0,
                    0.0,
                    1.0,
                    0.12009999999999998
                ],
                [
                    0.0,
                    0.0,
                    0.0,
                    1.0
                ]
            ],
            "size": [
                4.0,
                0.1,
                0.16
            ]
        },
        "collider2": {
            "type": "Box",
            "collider2origin": [
                [
                    0.37598235561955035,
                    -0.6077186406291004,
                    0.6995107733943003,
                    0.47372273336881715
                ],
                [
                    0.287715278415135,
                    0.794152412215802,
                    0.5352960533558266,
                    0.9691561966866777
                ],
                [
                    -0.8808275579415503,
                    -1.9341730446334478e-06,
                    0.4734372325525143,
                    0.2694034379121879
                ],
                [
                    0.0,
                    0.0,
                    0.0,
                    1.0
                ]
            ],
            "size": [
                0.15068,
                0.17726,
                0.74884
            ]
        },
        "distance": 0.14244184217840167
    },
    {
        "case": 4,
        "collider1": {
            "type": "Box",
            "collider2origin": [
                [
                    0.9987652092017612,
                    0.049679541947991616,
                    0.0,
                    0.7684804570860264
                ],
                [
                    -0.049679541947991616,
                    0.9987652092017612,
                    0.0,
                    1.2398821185496
                ],
                [
                    0.0,
                    0.0,
                    1.0,
                    -0.29858
                ],
                [
                    0.0,
                    0.0,
                    0.0,
                    1.0
                ]
            ],
            "size": [
                0.2,
                0.05,
                1.0
            ]
        },
        "collider2": {
            "type": "Box",
            "collider2origin": [
                [
                    0.37598235561955035,
                    -0.6077186406291004,
                    0.6995107733943003,
                    0.47372273336881715
                ],
                [
                    0.287715278415135,
                    0.794152412215802,
                    0.5352960533558266,
                    0.9691561966866777
                ],
                [
                    -0.8808275579415503,
                    -1.9341730446334478e-06,
                    0.4734372325525143,
                    0.2694034379121879
                ],
                [
                    0.0,
                    0.0,
                    0.0,
                    1.0
                ]
            ],
            "size": [
                0.15068,
                0.17726,
                0.74884
            ]
        },
        "distance": 0.12948395356144476
    },
    {
        "case": 5,
        "collider1": {
            "type": "Box",
            "collider2origin": [
                [
                    0.9984911777768198,
                    0.05491236565527933,
                    0.0,
                    0.9683361376747499
                ],
                [
                    -0.05491236565527933,
                    0.9984911777768198,
                    0.0,
                    1.5728604621669189
                ],
                [
                    0.0,
                    0.0,
                    1.0,
                    0.1860599999999999
                ],
                [
                    0.0,
                    0.0,
                    0.0,
                    1.0
                ]
            ],
            "size": [
                0.62,
                0.62,
                0.29
            ]
        },
        "collider2": {
            "type": "Box",
            "collider2origin": [
                [
                    0.37598235561955035,
                    -0.6077186406291004,
                    0.6995107733943003,
                    0.47372273336881715
                ],
                [
                    0.287715278415135,
                    0.794152412215802,
                    0.5352960533558266,
                    0.9691561966866777
                ],
                [
                    -0.8808275579415503,
                    -1.9341730446334478e-06,
                    0.4734372325525143,
                    0.2694034379121879
                ],
                [
                    0.0,
                    0.0,
                    0.0,
                    1.0
                ]
            ],
            "size": [
                0.15068,
                0.17726,
                0.74884
            ]
        },
        "distance": 0.04747030452211081
    },
    {
        "case": 6,
        "collider1": {
            "type": "Cylinder",
            "collider2origin": [
                [
                    0.999996163552453,
                    -0.002769996457679181,
                    0.0,
                    0.10432163761275043
                ],
                [
                    0.0027699964576791865,
                    0.999996163552453,
                    0.0,
                    1.362310441501493
                ],
                [
                    0.0,
                    0.0,
                    1.0,
                    0.29147999999999996
                ],
                [
                    0.0,
                    0.0,
                    0.0,
                    1.0
                ]
            ],
            "radius": 0.15,
            "height": 0.108
        },
        "collider2": {
            "type": "Box",
            "collider2origin": [
                [
                    0.37598235561955035,
                    -0.6077186406291004,
                    0.6995107733943003,
                    0.47372273336881715
                ],
                [
                    0.287715278415135,
                    0.794152412215802,
                    0.5352960533558266,
                    0.9691561966866777
                ],
                [
                    -0.8808275579415503,
                    -1.9341730446334478e-06,
                    0.4734372325525143,
                    0.2694034379121879
                ],
                [
                    0.0,
                    0.0,
                    0.0,
                    1.0
                ]
            ],
            "size": [
                0.15068,
                0.17726,
                0.74884
            ]
        },
        "distance": 0.2980862148065149
    },
    {
        "case": 7,
        "collider1": {
            "type": "Box",
            "collider2origin": [
                [
                    0.9987652092017612,
                    0.049679541947991616,
                    0.0,
                    -0.8452169757328698
                ],
                [
                    -0.049679541947991616,
                    0.9987652092017612,
                    0.0,
                    1.7355619287231678
                ],
                [
                    0.0,
                    0.0,
                    1.0,
                    -0.39990000000000003
                ],
                [
                    0.0,
                    0.0,
                    0.0,
                    1.0
                ]
            ],
            "size": [
                5.96,
                0.78,
                0.87
            ]
        },
        "collider2": {
            "type": "Box",
            "collider2origin": [
                [
                    0.37598235561955035,
                    -0.6077186406291004,
                    0.6995107733943003,
                    0.47372273336881715
                ],
                [
                    0.287715278415135,
                    0.794152412215802,
                    0.5352960533558266,
                    0.9691561966866777
                ],
                [
                    -0.8808275579415503,
                    -1.9341730446334478e-06,
                    0.4734372325525143,
                    0.2694034379121879
                ],
                [
                    0.0,
                    0.0,
                    0.0,
                    1.0
                ]
            ],
            "size": [
                0.15068,
                0.17726,
                0.74884
            ]
        },
        "distance": 0.26931350324484243
    },
    {
        "case": 8,
        "collider1": {
            "type": "Box",
            "collider2origin": [
                [
                    0.9987652092017612,
                    0.049679541947991616,
                    0.0,
                    -0.47864210557426284
                ],
                [
                    -0.049679541947991616,
                    0.9987652092017612,
                    0.0,
                    1.3769077942590573
                ],
                [
                    0.0,
                    0.0,
                    1.0,
                    0.12009999999999998
                ],
                [
                    0.0,
                    0.0,
                    0.0,
                    1.0
                ]
            ],
            "size": [
                4.0,
                0.1,
                0.16
            ]
        },
        "collider2": {
            "type": "Box",
            "collider2origin": [
                [
                    0.37598235561955035,
                    -0.6077186406291004,
                    0.6995107733943003,
                    0.47372273336881715
                ],
                [
                    0.287715278415135,
                    0.794152412215802,
                    0.5352960533558266,
                    0.9691561966866777
                ],
                [
                    -0.8808275579415503,
                    -1.9341730446334478e-06,
                    0.4734372325525143,
                    0.2694034379121879
                ],
                [
                    0.0,
                    0.0,
                    0.0,
                    1.0
                ]
            ],
            "size": [
                0.15068,
                0.17726,
                0.74884
            ]
        },
        "distance": 0.14244184217840167
    },
    {
        "case": 9,
        "collider1": {
            "type": "Box",
            "collider2origin": [
                [
                    0.9987652092017612,
                    0.049679541947991616,
                    0.0,
                    0.7684804570860264
                ],
                [
                    -0.049679541947991616,
                    0.9987652092017612,
                    0.0,
                    1.2398821185496
                ],
                [
                    0.0,
                    0.0,
                    1.0,
                    -0.29858
                ],
                [
                    0.0,
                    0.0,
                    0.0,
                    1.0
                ]
            ],
            "size": [
                0.2,
                0.05,
                1.0
            ]
        },
        "collider2": {
            "type": "Box",
            "collider2origin": [
                [
                    0.37598235561955035,
                    -0.6077186406291004,
                    0.6995107733943003,
                    0.47372273336881715
                ],
                [
                    0.287715278415135,
                    0.794152412215802,
                    0.5352960533558266,
                    0.9691561966866777
                ],
                [
                    -0.8808275579415503,
                    -1.9341730446334478e-06,
                    0.4734372325525143,
                    0.2694034379121879
                ],
                [
                    0.0,
                    0.0,
                    0.0,
                    1.0
                ]
            ],
            "size": [
                0.15068,
                0.17726,
                0.74884
            ]
        },
        "distance": 0.12948395356144476
    }
]