[
    {
        "case": 0,
        "collider1": {
            "type": "Cylinder",
            "collider2origin": [
                [
                    1.0,
                    0.0,
                    0.0,
                    0.36025
                ],
                [
                    0.0,
                    1.0,
                    0.0,
                    0.66562
                ],
                [
                    0.0,
                    0.0,
                    1.0,
                    -0.35
                ],
                [
                    0.0,
                    0.0,
                    0.0,
                    1.0
                ]
            ],
            "radius": 0.11,
            "height": 0.68
        },
        "collider2": {
            "type": "Box",
            "collider2origin": [
                [
                    0.7516002565672263,
                    -0.6064504604394371,
                    0.25945113867715874,
                    0.5768402792724123
                ],
                [
                    -0.5732592858331668,
                    -0.7951212731286583,
                    -0.19787863003444567,
                    0.4516236929375099
                ],
                [
                    0.32629870599517713,
                    -7.145363609272821e-06,
                    -0.9452667107302659,
                    -0.7142426476855095
                ],
                [
                    0.0,
                    0.0,
                    0.0,
                    1.0
                ]
            ],
            "size": [
                0.1202,
                0.13634,
                0.67816
            ]
        },
        "distance": 0.02454180301245933
    },
    {
        "case": 1,
        "collider1": {
            "type": "Cylinder",
            "collider2origin": [
                [
                    1.0,
                    0.0,
                    0.0,
                    0.36025
                ],
                [
                    0.0,
                    1.0,
                    0.0,
                    0.66562
                ],
                [
                    0.0,
                    0.0,
                    1.0,
                    -0.35
                ],
                [
                    0.0,
                    0.0,
                    0.0,
                    1.0
                ]
            ],
            "radius": 0.11,
            "height": 0.68
        },
        "collider2": {
            "type": "Box",
            "collider2origin": [
                [
                    0.7489682309982479,
                    -0.6064504328797282,
                    0.2669540436392477,
                    0.34415343507375284
                ],
                [
                    -0.5712518405810596,
                    -0.795121294148954,
                    -0.20360123335491867,
                    0.4702010174538051
                ],
                [
                    0.335734900759672,
                    -7.133204581832829e-06,
                    -0.9419565151115046,
                    -0.15529254086939126
                ],
                [
                    0.0,
                    0.0,
                    0.0,
                    1.0
                ]
            ],
            "size": [
                0.15068,
                0.17726,
                0.74884
            ]
        },
        "distance": 0.0
    },
    {
        "case": 2,
        "collider1": {
            "type": "Cylinder",
            "collider2origin": [
                [
                    1.0,
                    0.0,
                    0.0,
                    0.36025
                ],
                [
                    0.0,
                    1.0,
                    0.0,
                    0.66562
                ],
                [
                    0.0,
                    0.0,
                    1.0,
                    -0.35
                ],
                [
                    0.0,
                    0.0,
                    0.0,
                    1.0
                ]
            ],
            "radius": 0.11,
            "height": 0.68
        },
        "collider2": {
            "type": "Box",
            "collider2origin": [
                [
                    0.7489682309982479,
                    -0.6064504328797282,
                    0.2669540436392477,
                    0.34415343507375284
                ],
                [
                    -0.5712518405810596,
                    -0.795121294148954,
                    -0.20360123335491867,
                    0.4702010174538051
                ],
                [
                    0.335734900759672,
                    -7.133204581832829e-06,
                    -0.9419565151115046,
                    -0.15529254086939126
                ],
                [
                    0.0,
                    0.0,
                    0.0,
                    1.0
                ]
            ],
            "size": [
                0.15068,
                0.17726,
                0.74884
            ]
        },
        "distance": 0.0
    }
]