[
    {
        "case": 0,
        "collider1": {
            "type": "Box",
            "collider2origin": [
                [
                    1.0,
                    0.0,
                    0.0,
                    1.0596
                ],
                [
                    0.0,
                    1.0,
                    0.0,
                    0.84274
                ],
                [
                    0.0,
                    0.0,
                    1.0,
                    0.13693
                ],
                [
                    0.0,
                    0.0,
                    0.0,
                    1.0
                ]
            ],
            "size": [
                0.1,
                0.1,
                2.0
            ]
        },
        "collider2": {
            "type": "Box",
            "collider2origin": [
                [
                    -0.6793596357986352,
                    0.5959209275984956,
                    0.42819240219519805,
                    1.009932363342028
                ],
                [
                    -0.5041384669599098,
                    -0.8030431171797864,
                    0.3177517239630392,
                    1.084855232845093
                ],
                [
                    0.533211863501608,
                    -5.657406495102405e-07,
                    0.8459817424866934,
                    0.3879673858385815
                ],
                [
                    0.0,
                    0.0,
                    0.0,
                    1.0
                ]
            ],
            "size": [
                0.1202,
                0.13634,
                0.67816
            ]
        },
        "distance": 0.08590879240487316
    },
    {
        "case": 1,
        "collider1": {
            "type": "Box",
            "collider2origin": [
                [
                    0.9984911777768198,
                    0.05491236565527933,
                    0.0,
                    0.9683361376747499
                ],
                [
                    -0.05491236565527933,
                    0.9984911777768198,
                    0.0,
                    1.5728604621669189
                ],
                [
                    0.0,
                    0.0,
                    1.0,
                    0.1860599999999999
                ],
                [
                    0.0,
                    0.0,
                    0.0,
                    1.0
                ]
            ],
            "size": [
                0.62,
                0.62,
                0.29
            ]
        },
        "collider2": {
            "type": "Box",
            "collider2origin": [
                [
                    -0.6793596357986352,
                    0.5959209275984956,
                    0.42819240219519805,
                    1.009932363342028
                ],
                [
                    -0.5041384669599098,
                    -0.8030431171797864,
                    0.3177517239630392,
                    1.084855232845093
                ],
                [
                    0.533211863501608,
                    -5.657406495102405e-07,
                    0.8459817424866934,
                    0.3879673858385815
                ],
                [
                    0.0,
                    0.0,
                    0.0,
                    1.0
                ]
            ],
            "size": [
                0.1202,
                0.13634,
                0.67816
            ]
        },
        "distance": 0.09282602906562264
    },
    {
        "case": 2,
        "collider1": {
            "type": "Box",
            "collider2origin": [
                [
                    0.9987652092017612,
                    0.049679541947991616,
                    0.0,
                    -0.47864210557426284
                ],
                [
                    -0.049679541947991616,
                    0.9987652092017612,
                    0.0,
                    1.3769077942590573
                ],
                [
                    0.0,
                    0.0,
                    1.0,
                    0.12009999999999998
                ],
                [
                    0.0,
                    0.0,
                    0.0,
                    1.0
                ]
            ],
            "size": [
                4.0,
                0.1,
                0.16
            ]
        },
        "collider2": {
            "type": "Box",
            "collider2origin": [
                [
                    -0.6793596357986352,
                    0.5959209275984956,
                    0.42819240219519805,
                    1.009932363342028
                ],
                [
                    -0.5041384669599098,
                    -0.8030431171797864,
                    0.3177517239630392,
                    1.084855232845093
                ],
                [
                    0.533211863501608,
                    -5.657406495102405e-07,
                    0.8459817424866934,
                    0.3879673858385815
                ],
                [
                    0.0,
                    0.0,
                    0.0,
                    1.0
                ]
            ],
            "size": [
                0.1202,
                0.13634,
                0.67816
            ]
        },
        "distance": 0.13476960520419304
    },
    {
        "case": 3,
        "collider1": {
            "type": "Box",
            "collider2origin": [
                [
                    0.9987652092017612,
                    0.049679541947991616,
                    0.0,
                    0.7684804570860264
                ],
                [
                    -0.049679541947991616,
                    0.9987652092017612,
                    0.0,
                    1.2398821185496
                ],
                [
                    0.0,
                    0.0,
                    1.0,
                    -0.29858
                ],
                [
                    0.0,
                    0.0,
                    0.0,
                    1.0
                ]
            ],
            "size": [
                0.2,
                0.05,
                1.0
            ]
        },
        "collider2": {
            "type": "Box",
            "collider2origin": [
                [
                    -0.6793596357986352,
                    0.5959209275984956,
                    0.42819240219519805,
                    1.009932363342028
                ],
                [
                    -0.5041384669599098,
                    -0.8030431171797864,
                    0.3177517239630392,
                    1.084855232845093
                ],
                [
                    0.533211863501608,
                    -5.657406495102405e-07,
                    0.8459817424866934,
                    0.3879673858385815
                ],
                [
                    0.0,
                    0.0,
                    0.0,
                    1.0
                ]
            ],
            "size": [
                0.1202,
                0.13634,
                0.67816
            ]
        },
        "distance": 0.1175147407156347
    },
    {
        "case": 4,
        "collider1": {
            "type": "Box",
            "collider2origin": [
                [
                    0.9987652092017612,
                    0.049679541947991616,
                    0.0,
                    1.075258280538341
                ],
                [
                    -0.049679541947991616,
                    0.9987652092017612,
                    0.0,
                    1.2165126804335418
                ],
                [
                    0.0,
                    0.0,
                    1.0,
                    -0.3079
                ],
                [
                    0.0,
                    0.0,
                    0.0,
                    1.0
                ]
            ],
            "size": [
                0.1,
                0.044,
                1.0
            ]
        },
        "collider2": {
            "type": "Box",
            "collider2origin": [
                [
                    -0.6793596357986352,
                    0.5959209275984956,
                    0.42819240219519805,
                    1.009932363342028
                ],
                [
                    -0.5041384669599098,
                    -0.8030431171797864,
                    0.3177517239630392,
                    1.084855232845093
                ],
                [
                    0.533211863501608,
                    -5.657406495102405e-07,
                    0.8459817424866934,
                    0.3879673858385815
                ],
                [
                    0.0,
                    0.0,
                    0.0,
                    1.0
                ]
            ],
            "size": [
                0.1202,
                0.13634,
                0.67816
            ]
        },
        "distance": 0.11140587671667766
    },
    {
        "case": 5,
        "collider1": {
            "type": "Box",
            "collider2origin": [
                [
                    1.0,
                    0.0,
                    0.0,
                    1.0596
                ],
                [
                    0.0,
                    1.0,
                    0.0,
                    0.84274
                ],
                [
                    0.0,
                    0.0,
                    1.0,
                    0.13693
                ],
                [
                    0.0,
                    0.0,
                    0.0,
                    1.0
                ]
            ],
            "size": [
                0.1,
                0.1,
                2.0
            ]
        },
        "collider2": {
            "type": "Box",
            "collider2origin": [
                [
                    -0.030830082852567796,
                    0.5959223023236726,
                    0.802450070462055,
                    0.7147264177630186
                ],
                [
                    -0.022882814728427937,
                    -0.803042097016574,
                    0.5954828017745999,
                    0.7084650051106681
                ],
                [
                    0.999262669562617,
                    -3.532175207022695e-06,
                    0.03839423402173158,
                    0.1387176520402864
                ],
                [
                    0.0,
                    0.0,
                    0.0,
                    1.0
                ]
            ],
            "size": [
                0.15068,
                0.17726,
                0.74884
            ]
        },
        "distance": 0.0
    },
    {
        "case": 6,
        "collider1": {
            "type": "Box",
            "collider2origin": [
                [
                    1.0,
                    0.0,
                    0.0,
                    1.0596
                ],
                [
                    0.0,
                    1.0,
                    0.0,
                    0.84274
                ],
                [
                    0.0,
                    0.0,
                    1.0,
                    0.13693
                ],
                [
                    0.0,
                    0.0,
                    0.0,
                    1.0
                ]
            ],
            "size": [
                0.1,
                0.1,
                2.0
            ]
        },
        "collider2": {
            "type": "Box",
            "collider2origin": [
                [
                    -0.030830082852567796,
                    0.5959223023236726,
                    0.802450070462055,
                    0.7147264177630186
                ],
                [
                    -0.022882814728427937,
                    -0.803042097016574,
                    0.5954828017745999,
                    0.7084650051106681
                ],
                [
                    0.999262669562617,
                    -3.532175207022695e-06,
                    0.03839423402173158,
                    0.1387176520402864
                ],
                [
                    0.0,
                    0.0,
                    0.0,
                    1.0
                ]
            ],
            "size": [
                0.15068,
                0.17726,
                0.74884
            ]
        },
        "distance": 0.0
    }
]