[
    {
        "case": 0,
        "collider1": {
            "type": "Box",
            "collider2origin": [
                [
                    0.999131514540288,
                    0.041667933143249715,
                    0.0,
                    1.4771061177758427
                ],
                [
                    -0.041667933143249715,
                    0.999131514540288,
                    0.0,
                    0.2752134143142163
                ],
                [
                    0.0,
                    0.0,
                    1.0,
                    -0.26
                ],
                [
                    0.0,
                    0.0,
                    0.0,
                    1.0
                ]
            ],
            "size": [
                0.71,
                0.71,
                0.998
            ]
        },
        "collider2": {
            "type": "Box",
            "collider2origin": [
                [
                    -0.7319870783598789,
                    0.018387270270305203,
                    0.681070352758197,
                    1.192002895520145
                ],
                [
                    0.1585569433347591,
                    0.9767866965896214,
                    0.1440397343994805,
                    0.6783886662059662
                ],
                [
                    -0.6626119624897413,
                    0.21342365768007454,
                    -0.7179106695877641,
                    0.21232558257337186
                ],
                [
                    0.0,
                    0.0,
                    0.0,
                    1.0
                ]
            ],
            "size": [
                0.09126,
                0.11887,
                0.10009
            ]
        },
        "distance": 0.0
    },
    {
        "case": 1,
        "collider1": {
            "type": "Box",
            "collider2origin": [
                [
                    0.9993987090681281,
                    0.03467304879815252,
                    0.0,
                    1.4653901430101843
                ],
                [
                    -0.03467304879815253,
                    0.9993987090681281,
                    0.0,
                    0.5204641530190985
                ],
                [
                    0.0,
                    0.0,
                    1.0,
                    0.2489999999999999
                ],
                [
                    0.0,
                    0.0,
                    0.0,
                    1.0
                ]
            ],
            "size": [
                0.72,
                0.16,
                0.02
            ]
        },
        "collider2": {
            "type": "Box",
            "collider2origin": [
                [
                    -0.7319870783598789,
                    0.018387270270305203,
                    0.681070352758197,
                    1.192002895520145
                ],
                [
                    0.1585569433347591,
                    0.9767866965896214,
                    0.1440397343994805,
                    0.6783886662059662
                ],
                [
                    -0.6626119624897413,
                    0.21342365768007454,
                    -0.7179106695877641,
                    0.21232558257337186
                ],
                [
                    0.0,
                    0.0,
                    0.0,
                    1.0
                ]
            ],
            "size": [
                0.09126,
                0.11887,
                0.10009
            ]
        },
        "distance": 0.0
    },
    {
        "case": 2,
        "collider1": {
            "type": "Box",
            "collider2origin": [
                [
                    0.999131514540288,
                    0.041667933143249715,
                    0.0,
                    1.4771061177758427
                ],
                [
                    -0.041667933143249715,
                    0.999131514540288,
                    0.0,
                    0.2752134143142163
                ],
                [
                    0.0,
                    0.0,
                    1.0,
                    -0.26
                ],
                [
                    0.0,
                    0.0,
                    0.0,
                    1.0
                ]
            ],
            "size": [
                0.71,
                0.71,
                0.998
            ]
        },
        "collider2": {
            "type": "Box",
            "collider2origin": [
                [
                    0.7023764226981596,
                    0.20690706955433155,
                    0.681070352758197,
                    1.1165606938671706
                ],
                [
                    0.14853649513000905,
                    -0.9783606004580416,
                    0.1440397343994805,
                    0.6643847106198045
                ],
                [
                    0.6961352386226608,
                    -6.310238238665875e-06,
                    -0.7179106695877641,
                    0.2902620373640352
                ],
                [
                    0.0,
                    0.0,
                    0.0,
                    1.0
                ]
            ],
            "size": [
                0.09102,
                0.10007,
                0.11882
            ]
        },
        "distance": 0.0
    },
    {
        "case": 3,
        "collider1": {
            "type": "Box",
            "collider2origin": [
                [
                    0.9993987090681281,
                    0.03467304879815252,
                    0.0,
                    1.4653901430101843
                ],
                [
                    -0.03467304879815253,
                    0.9993987090681281,
                    0.0,
                    0.5204641530190985
                ],
                [
                    0.0,
                    0.0,
                    1.0,
                    0.2489999999999999
                ],
                [
                    0.0,
                    0.0,
                    0.0,
                    1.0
                ]
            ],
            "size": [
                0.72,
                0.16,
                0.02
            ]
        },
        "collider2": {
            "type": "Box",
            "collider2origin": [
                [
                    0.7023764226981596,
                    0.20690706955433155,
                    0.681070352758197,
                    1.1165606938671706
                ],
                [
                    0.14853649513000905,
                    -0.9783606004580416,
                    0.1440397343994805,
                    0.6643847106198045
                ],
                [
                    0.6961352386226608,
                    -6.310238238665875e-06,
                    -0.7179106695877641,
                    0.2902620373640352
                ],
                [
                    0.0,
                    0.0,
                    0.0,
                    1.0
                ]
            ],
            "size": [
                0.09102,
                0.10007,
                0.11882
            ]
        },
        "distance": 0.0
    },
    {
        "case": 4,
        "collider1": {
            "type": "Box",
            "collider2origin": [
                [
                    1.0,
                    0.0,
                    0.0,
                    1.0596
                ],
                [
                    0.0,
                    1.0,
                    0.0,
                    0.84274
                ],
                [
                    0.0,
                    0.0,
                    1.0,
                    0.13693
                ],
                [
                    0.0,
                    0.0,
                    0.0,
                    1.0
                ]
            ],
            "size": [
                0.1,
                0.1,
                2.0
            ]
        },
        "collider2": {
            "type": "Box",
            "collider2origin": [
                [
                    0.6365496502175969,
                    0.20690729689845705,
                    0.7429629286162457,
                    0.8748897693009713
                ],
                [
                    0.13461516089717568,
                    -0.9783605523800581,
                    0.15712857156868337,
                    0.727507084506916
                ],
                [
                    0.759396669247688,
                    -6.0630949232658836e-06,
                    -0.6506279264670063,
                    0.4821318893887141
                ],
                [
                    0.0,
                    0.0,
                    0.0,
                    1.0
                ]
            ],
            "size": [
                0.1202,
                0.13634,
                0.67816
            ]
        },
        "distance": 0.0
    },
    {
        "case": 5,
        "collider1": {
            "type": "Box",
            "collider2origin": [
                [
                    0.999131514540288,
                    0.041667933143249715,
                    0.0,
                    1.4771061177758427
                ],
                [
                    -0.041667933143249715,
                    0.999131514540288,
                    0.0,
                    0.2752134143142163
                ],
                [
                    0.0,
                    0.0,
                    1.0,
                    -0.26
                ],
                [
                    0.0,
                    0.0,
                    0.0,
                    1.0
                ]
            ],
            "size": [
                0.71,
                0.71,
                0.998
            ]
        },
        "collider2": {
            "type": "Box",
            "collider2origin": [
                [
                    0.6365496502175969,
                    0.20690729689845705,
                    0.7429629286162457,
                    0.8748897693009713
                ],
                [
                    0.13461516089717568,
                    -0.9783605523800581,
                    0.15712857156868337,
                    0.727507084506916
                ],
                [
                    0.759396669247688,
                    -6.0630949232658836e-06,
                    -0.6506279264670063,
                    0.4821318893887141
                ],
                [
                    0.0,
                    0.0,
                    0.0,
                    1.0
                ]
            ],
            "size": [
                0.1202,
                0.13634,
                0.67816
            ]
        },
        "distance": 0.06713191020841917
    },
    {
        "case": 6,
        "collider1": {
            "type": "Box",
            "collider2origin": [
                [
                    1.0,
                    0.0,
                    0.0,
                    1.03898
                ],
                [
                    0.0,
                    1.0,
                    0.0,
                    0.76274
                ],
                [
                    0.0,
                    0.0,
                    1.0,
                    0.6772499999999999
                ],
                [
                    0.0,
                    0.0,
                    0.0,
                    1.0
                ]
            ],
            "size": [
                0.18,
                0.1,
                0.1
            ]
        },
        "collider2": {
            "type": "Box",
            "collider2origin": [
                [
                    0.6365496502175969,
                    0.20690729689845705,
                    0.7429629286162457,
                    0.8748897693009713
                ],
                [
                    0.13461516089717568,
                    -0.9783605523800581,
                    0.15712857156868337,
                    0.727507084506916
                ],
                [
                    0.759396669247688,
                    -6.0630949232658836e-06,
                    -0.6506279264670063,
                    0.4821318893887141
                ],
                [
                    0.0,
                    0.0,
                    0.0,
                    1.0
                ]
            ],
            "size": [
                0.1202,
                0.13634,
                0.67816
            ]
        },
        "distance": 0.09527644682485509
    },
    {
        "case": 7,
        "collider1": {
            "type": "Box",
            "collider2origin": [
                [
                    0.9993987090681281,
                    0.03467304879815252,
                    0.0,
                    1.4653901430101843
                ],
                [
                    -0.03467304879815253,
                    0.9993987090681281,
                    0.0,
                    0.5204641530190985
                ],
                [
                    0.0,
                    0.0,
                    1.0,
                    0.2489999999999999
                ],
                [
                    0.0,
                    0.0,
                    0.0,
                    1.0
                ]
            ],
            "size": [
                0.72,
                0.16,
                0.02
            ]
        },
        "collider2": {
            "type": "Box",
            "collider2origin": [
                [
                    0.6365496502175969,
                    0.20690729689845705,
                    0.7429629286162457,
                    0.8748897693009713
                ],
                [
                    0.13461516089717568,
                    -0.9783605523800581,
                    0.15712857156868337,
                    0.727507084506916
                ],
                [
                    0.759396669247688,
                    -6.0630949232658836e-06,
                    -0.6506279264670063,
                    0.4821318893887141
                ],
                [
                    0.0,
                    0.0,
                    0.0,
                    1.0
                ]
            ],
            "size": [
                0.1202,
                0.13634,
                0.67816
            ]
        },
        "distance": 0.09227094623525113
    }
]