[
    {
        "case": 0,
        "collider1": {
            "type": "Box",
            "collider2origin": [
                [
                    0.9984911777768198,
                    0.05491236565527933,
                    0.0,
                    0.9683361376747499
                ],
                [
                    -0.05491236565527933,
                    0.9984911777768198,
                    0.0,
                    1.5728604621669189
                ],
                [
                    0.0,
                    0.0,
                    1.0,
                    0.1860599999999999
                ],
                [
                    0.0,
                    0.0,
                    0.0,
                    1.0
                ]
            ],
            "size": [
                0.62,
                0.62,
                0.29
            ]
        },
        "collider2": {
            "type": "Box",
            "collider2origin": [
                [
                    0.14074348576568438,
                    -0.7833307831084643,
                    -0.6054619355906731,
                    0.5266577074368622
                ],
                [
                    0.17736578244387244,
                    0.6216050870340473,
                    -0.7629865627856542,
                    0.944956836492107
                ],
                [
                    0.9740290808967652,
                    -2.841507190033725e-06,
                    0.22642294397725762,
                    0.367589252484797
                ],
                [
                    0.0,
                    0.0,
                    0.0,
                    1.0
                ]
            ],
            "size": [
                0.1202,
                0.13634,
                0.67816
            ]
        },
        "distance": 0.024166428771675436
    },
    {
        "case": 1,
        "collider1": {
            "type": "Box",
            "collider2origin": [
                [
                    0.9984911777768198,
                    0.05491236565527933,
                    0.0,
                    0.9683361376747499
                ],
                [
                    -0.05491236565527933,
                    0.9984911777768198,
                    0.0,
                    1.5728604621669189
                ],
                [
                    0.0,
                    0.0,
                    1.0,
                    0.1860599999999999
                ],
                [
                    0.0,
                    0.0,
                    0.0,
                    1.0
                ]
            ],
            "size": [
                0.62,
                0.62,
                0.29
            ]
        },
        "collider2": {
            "type": "Box",
            "collider2origin": [
                [
                    0.17965152908042772,
                    -0.7833263732565316,
                    0.5950841293967039,
                    0.41176658949013056
                ],
                [
                    0.226384927387872,
                    0.6216106441768416,
                    0.7499000411372436,
                    1.003421252541738
                ],
                [
                    -0.9573271085426611,
                    -2.6116246336470104e-06,
                    0.28900658684972425,
                    0.214087342716905
                ],
                [
                    0.0,
                    0.0,
                    0.0,
                    1.0
                ]
            ],
            "size": [
                0.15068,
                0.17726,
                0.74884
            ]
        },
        "distance": 0.0
    },
    {
        "case": 2,
        "collider1": {
            "type": "Box",
            "collider2origin": [
                [
                    0.9984911777768198,
                    0.05491236565527933,
                    0.0,
                    0.19949793078659855
                ],
                [
                    -0.05491236565527933,
                    0.9984911777768198,
                    0.0,
                    1.615142983721484
                ],
                [
                    0.0,
                    0.0,
                    1.0,
                    0.1860599999999999
                ],
                [
                    0.0,
                    0.0,
                    0.0,
                    1.0
                ]
            ],
            "size": [
                0.62,
                0.62,
                0.02
            ]
        },
        "collider2": {
            "type": "Box",
            "collider2origin": [
                [
                    0.17965152908042772,
                    -0.7833263732565316,
                    0.5950841293967039,
                    0.41176658949013056
                ],
                [
                    0.226384927387872,
                    0.6216106441768416,
                    0.7499000411372436,
                    1.003421252541738
                ],
                [
                    -0.9573271085426611,
                    -2.6116246336470104e-06,
                    0.28900658684972425,
                    0.214087342716905
                ],
                [
                    0.0,
                    0.0,
                    0.0,
                    1.0
                ]
            ],
            "size": [
                0.15068,
                0.17726,
                0.74884
            ]
        },
        "distance": 0.03318028006811597
    },
    {
        "case": 3,
        "collider1": {
            "type": "Box",
            "collider2origin": [
                [
                    -0.05491603331779873,
                    0.9984909760657019,
                    0.0,
                    0.13095676304947051
                ],
                [
                    -0.9984909760657019,
                    -0.05491603331779873,
                    0.0,
                    1.3910085623908217
                ],
                [
                    0.0,
                    0.0,
                    1.0,
                    0.22585999999999995
                ],
                [
                    0.0,
                    0.0,
                    0.0,
                    1.0
                ]
            ],
            "size": [
                0.1,
                0.1,
                0.06
            ]
        },
        "collider2": {
            "type": "Box",
            "collider2origin": [
                [
                    0.17965152908042772,
                    -0.7833263732565316,
                    0.5950841293967039,
                    0.41176658949013056
                ],
                [
                    0.226384927387872,
                    0.6216106441768416,
                    0.7499000411372436,
                    1.003421252541738
                ],
                [
                    -0.9573271085426611,
                    -2.6116246336470104e-06,
                    0.28900658684972425,
                    0.214087342716905
                ],
                [
                    0.0,
                    0.0,
                    0.0,
                    1.0
                ]
            ],
            "size": [
                0.15068,
                0.17726,
                0.74884
            ]
        },
        "distance": 0.30256722380202894
    },
    {
        "case": 4,
        "collider1": {
            "type": "Cylinder",
            "collider2origin": [
                [
                    0.999996163552453,
                    -0.002769996457679181,
                    0.0,
                    0.10432163761275043
                ],
                [
                    0.0027699964576791865,
                    0.999996163552453,
                    0.0,
                    1.362310441501493
                ],
                [
                    0.0,
                    0.0,
                    1.0,
                    0.29147999999999996
                ],
                [
                    0.0,
                    0.0,
                    0.0,
                    1.0
                ]
            ],
            "radius": 0.15,
            "height": 0.108
        },
        "collider2": {
            "type": "Box",
            "collider2origin": [
                [
                    0.17965152908042772,
                    -0.7833263732565316,
                    0.5950841293967039,
                    0.41176658949013056
                ],
                [
                    0.226384927387872,
                    0.6216106441768416,
                    0.7499000411372436,
                    1.003421252541738
                ],
                [
                    -0.9573271085426611,
                    -2.6116246336470104e-06,
                    0.28900658684972425,
                    0.214087342716905
                ],
                [
                    0.0,
                    0.0,
                    0.0,
                    1.0
                ]
            ],
            "size": [
                0.15068,
                0.17726,
                0.74884
            ]
        },
        "distance": 0.22528880256816325
    },
    {
        "case": 5,
        "collider1": {
            "type": "Cylinder",
            "collider2origin": [
                [
                    0.9999999999999999,
                    9.232706511461518e-18,
                    0.0,
                    0.13445068598225568
                ],
                [
                    2.2938126075542897e-18,
                    1.0,
                    0.0,
                    1.3902555666805037
                ],
                [
                    0.0,
                    0.0,
                    1.0,
                    0.29675000000000007
                ],
                [
                    0.0,
                    0.0,
                    0.0,
                    1.0
                ]
            ],
            "radius": 0.04,
            "height": 0.08
        },
        "collider2": {
            "type": "Box",
            "collider2origin": [
                [
                    0.17965152908042772,
                    -0.7833263732565316,
                    0.5950841293967039,
                    0.41176658949013056
                ],
                [
                    0.226384927387872,
                    0.6216106441768416,
                    0.7499000411372436,
                    1.003421252541738
                ],
                [
                    -0.9573271085426611,
                    -2.6116246336470104e-06,
                    0.28900658684972425,
                    0.214087342716905
                ],
                [
                    0.0,
                    0.0,
                    0.0,
                    1.0
                ]
            ],
            "size": [
                0.15068,
                0.17726,
                0.74884
            ]
        },
        "distance": 0.32905887961869035
    },
    {
        "case": 6,
        "collider1": {
            "type": "Box",
            "collider2origin": [
                [
                    0.9987652092017612,
                    0.049679541947991616,
                    0.0,
                    -0.8452169757328698
                ],
                [
                    -0.049679541947991616,
                    0.9987652092017612,
                    0.0,
                    1.7355619287231678
                ],
                [
                    0.0,
                    0.0,
                    1.0,
                    -0.39990000000000003
                ],
                [
                    0.0,
                    0.0,
                    0.0,
                    1.0
                ]
            ],
            "size": [
                5.96,
                0.78,
                0.87
            ]
        },
        "collider2": {
            "type": "Box",
            "collider2origin": [
                [
                    0.17965152908042772,
                    -0.7833263732565316,
                    0.5950841293967039,
                    0.41176658949013056
                ],
                [
                    0.226384927387872,
                    0.6216106441768416,
                    0.7499000411372436,
                    1.003421252541738
                ],
                [
                    -0.9573271085426611,
                    -2.6116246336470104e-06,
                    0.28900658684972425,
                    0.214087342716905
                ],
                [
                    0.0,
                    0.0,
                    0.0,
                    1.0
                ]
            ],
            "size": [
                0.15068,
                0.17726,
                0.74884
            ]
        },
        "distance": 0.17309310738677186
    },
    {
        "case": 7,
        "collider1": {
            "type": "Box",
            "collider2origin": [
                [
                    0.9987652092017612,
                    0.049679541947991616,
                    0.0,
                    -0.47864210557426284
                ],
                [
                    -0.049679541947991616,
                    0.9987652092017612,
                    0.0,
                    1.3769077942590573
                ],
                [
                    0.0,
                    0.0,
                    1.0,
                    0.12009999999999998
                ],
                [
                    0.0,
                    0.0,
                    0.0,
                    1.0
                ]
            ],
            "size": [
                4.0,
                0.1,
                0.16
            ]
        },
        "collider2": {
            "type": "Box",
            "collider2origin": [
                [
                    0.17965152908042772,
                    -0.7833263732565316,
                    0.5950841293967039,
                    0.41176658949013056
                ],
                [
                    0.226384927387872,
                    0.6216106441768416,
                    0.7499000411372436,
                    1.003421252541738
                ],
                [
                    -0.9573271085426611,
                    -2.6116246336470104e-06,
                    0.28900658684972425,
                    0.214087342716905
                ],
                [
                    0.0,
                    0.0,
                    0.0,
                    1.0
                ]
            ],
            "size": [
                0.15068,
                0.17726,
                0.74884
            ]
        },
        "distance": 0.018407271221922965
    },
    {
        "case": 8,
        "collider1": {
            "type": "Box",
            "collider2origin": [
                [
                    0.9987652092017612,
                    0.049679541947991616,
                    0.0,
                    0.7684804570860264
                ],
                [
                    -0.049679541947991616,
                    0.9987652092017612,
                    0.0,
                    1.2398821185496
                ],
                [
                    0.0,
                    0.0,
                    1.0,
                    -0.29858
                ],
                [
                    0.0,
                    0.0,
                    0.0,
                    1.0
                ]
            ],
            "size": [
                0.2,
                0.05,
                1.0
            ]
        },
        "collider2": {
            "type": "Box",
            "collider2origin": [
                [
                    0.17965152908042772,
                    -0.7833263732565316,
                    0.5950841293967039,
                    0.41176658949013056
                ],
                [
                    0.226384927387872,
                    0.6216106441768416,
                    0.7499000411372436,
                    1.003421252541738
                ],
                [
                    -0.9573271085426611,
                    -2.6116246336470104e-06,
                    0.28900658684972425,
                    0.214087342716905
                ],
                [
                    0.0,
                    0.0,
                    0.0,
                    1.0
                ]
            ],
            "size": [
                0.15068,
                0.17726,
                0.74884
            ]
        },
        "distance": 0.031708098686324494
    },
    {
        "case": 9,
        "collider1": {
            "type": "Box",
            "collider2origin": [
                [
                    0.9984911777768198,
                    0.05491236565527933,
                    0.0,
                    0.9683361376747499
                ],
                [
                    -0.05491236565527933,
                    0.9984911777768198,
                    0.0,
                    1.5728604621669189
                ],
                [
                    0.0,
                    0.0,
                    1.0,
                    0.1860599999999999
                ],
                [
                    0.0,
                    0.0,
                    0.0,
                    1.0
                ]
            ],
            "size": [
                0.62,
                0.62,
                0.29
            ]
        },
        "collider2": {
            "type": "Box",
            "collider2origin": [
                [
                    0.17965152908042772,
                    -0.7833263732565316,
                    0.5950841293967039,
                    0.41176658949013056
                ],
                [
                    0.226384927387872,
                    0.6216106441768416,
                    0.7499000411372436,
                    1.003421252541738
                ],
                [
                    -0.9573271085426611,
                    -2.6116246336470104e-06,
                    0.28900658684972425,
                    0.214087342716905
                ],
                [
                    0.0,
                    0.0,
                    0.0,
                    1.0
                ]
            ],
            "size": [
                0.15068,
                0.17726,
                0.74884
            ]
        },
        "distance": 0.0
    },
    {
        "case": 10,
        "collider1": {
            "type": "Box",
            "collider2origin": [
                [
                    0.9984911777768198,
                    0.05491236565527933,
                    0.0,
                    0.19949793078659855
                ],
                [
                    -0.05491236565527933,
                    0.9984911777768198,
                    0.0,
                    1.615142983721484
                ],
                [
                    0.0,
                    0.0,
                    1.0,
                    0.1860599999999999
                ],
                [
                    0.0,
                    0.0,
                    0.0,
                    1.0
                ]
            ],
            "size": [
                0.62,
                0.62,
                0.02
            ]
        },
        "collider2": {
            "type": "Box",
            "collider2origin": [
                [
                    0.17965152908042772,
                    -0.7833263732565316,
                    0.5950841293967039,
                    0.41176658949013056
                ],
                [
                    0.226384927387872,
                    0.6216106441768416,
                    0.7499000411372436,
                    1.003421252541738
                ],
                [
                    -0.9573271085426611,
                    -2.6116246336470104e-06,
                    0.28900658684972425,
                    0.214087342716905
                ],
                [
                    0.0,
                    0.0,
                    0.0,
                    1.0
                ]
            ],
            "size": [
                0.15068,
                0.17726,
                0.74884
            ]
        },
        "distance": 0.03318028006811597
    },
    {
        "case": 11,
        "collider1": {
            "type": "Box",
            "collider2origin": [
                [
                    -0.05491603331779873,
                    0.9984909760657019,
                    0.0,
                    0.13095676304947051
                ],
                [
                    -0.9984909760657019,
                    -0.05491603331779873,
                    0.0,
                    1.3910085623908217
                ],
                [
                    0.0,
                    0.0,
                    1.0,
                    0.22585999999999995
                ],
                [
                    0.0,
                    0.0,
                    0.0,
                    1.0
                ]
            ],
            "size": [
                0.1,
                0.1,
                0.06
            ]
        },
        "collider2": {
            "type": "Box",
            "collider2origin": [
                [
                    0.17965152908042772,
                    -0.7833263732565316,
                    0.5950841293967039,
                    0.41176658949013056
                ],
                [
                    0.226384927387872,
                    0.6216106441768416,
                    0.7499000411372436,
                    1.003421252541738
                ],
                [
                    -0.9573271085426611,
                    -2.6116246336470104e-06,
                    0.28900658684972425,
                    0.214087342716905
                ],
                [
                    0.0,
                    0.0,
                    0.0,
                    1.0
                ]
            ],
            "size": [
                0.15068,
                0.17726,
                0.74884
            ]
        },
        "distance": 0.30256722380202894
    },
    {
        "case": 12,
        "collider1": {
            "type": "Cylinder",
            "collider2origin": [
                [
                    0.999996163552453,
                    -0.002769996457679181,
                    0.0,
                    0.10432163761275043
                ],
                [
                    0.0027699964576791865,
                    0.999996163552453,
                    0.0,
                    1.362310441501493
                ],
                [
                    0.0,
                    0.0,
                    1.0,
                    0.29147999999999996
                ],
                [
                    0.0,
                    0.0,
                    0.0,
                    1.0
                ]
            ],
            "radius": 0.15,
            "height": 0.108
        },
        "collider2": {
            "type": "Box",
            "collider2origin": [
                [
                    0.17965152908042772,
                    -0.7833263732565316,
                    0.5950841293967039,
                    0.41176658949013056
                ],
                [
                    0.226384927387872,
                    0.6216106441768416,
                    0.7499000411372436,
                    1.003421252541738
                ],
                [
                    -0.9573271085426611,
                    -2.6116246336470104e-06,
                    0.28900658684972425,
                    0.214087342716905
                ],
                [
                    0.0,
                    0.0,
                    0.0,
                    1.0
                ]
            ],
            "size": [
                0.15068,
                0.17726,
                0.74884
            ]
        },
        "distance": 0.22528880256816325
    },
    {
        "case": 13,
        "collider1": {
            "type": "Cylinder",
            "collider2origin": [
                [
                    0.9999999999999999,
                    9.232706511461518e-18,
                    0.0,
                    0.13445068598225568
                ],
                [
                    2.2938126075542897e-18,
                    1.0,
                    0.0,
                    1.3902555666805037
                ],
                [
                    0.0,
                    0.0,
                    1.0,
                    0.29675000000000007
                ],
                [
                    0.0,
                    0.0,
                    0.0,
                    1.0
                ]
            ],
            "radius": 0.04,
            "height": 0.08
        },
        "collider2": {
            "type": "Box",
            "collider2origin": [
                [
                    0.17965152908042772,
                    -0.7833263732565316,
                    0.5950841293967039,
                    0.41176658949013056
                ],
                [
                    0.226384927387872,
                    0.6216106441768416,
                    0.7499000411372436,
                    1.003421252541738
                ],
                [
                    -0.9573271085426611,
                    -2.6116246336470104e-06,
                    0.28900658684972425,
                    0.214087342716905
                ],
                [
                    0.0,
                    0.0,
                    0.0,
                    1.0
                ]
            ],
            "size": [
                0.15068,
                0.17726,
                0.74884
            ]
        },
        "distance": 0.32905887961869035
    },
    {
        "case": 14,
        "collider1": {
            "type": "Box",
            "collider2origin": [
                [
                    0.9987652092017612,
                    0.049679541947991616,
                    0.0,
                    -0.8452169757328698
                ],
                [
                    -0.049679541947991616,
                    0.9987652092017612,
                    0.0,
                    1.7355619287231678
                ],
                [
                    0.0,
                    0.0,
                    1.0,
                    -0.39990000000000003
                ],
                [
                    0.0,
                    0.0,
                    0.0,
                    1.0
                ]
            ],
            "size": [
                5.96,
                0.78,
                0.87
            ]
        },
        "collider2": {
            "type": "Box",
            "collider2origin": [
                [
                    0.17965152908042772,
                    -0.7833263732565316,
                    0.5950841293967039,
                    0.41176658949013056
                ],
                [
                    0.226384927387872,
                    0.6216106441768416,
                    0.7499000411372436,
                    1.003421252541738
                ],
                [
                    -0.9573271085426611,
                    -2.6116246336470104e-06,
                    0.28900658684972425,
                    0.214087342716905
                ],
                [
                    0.0,
                    0.0,
                    0.0,
                    1.0
                ]
            ],
            "size": [
                0.15068,
                0.17726,
                0.74884
            ]
        },
        "distance": 0.17309310738677186
    },
    {
        "case": 15,
        "collider1": {
            "type": "Box",
            "collider2origin": [
                [
                    0.9987652092017612,
                    0.049679541947991616,
                    0.0,
                    -0.47864210557426284
                ],
                [
                    -0.049679541947991616,
                    0.9987652092017612,
                    0.0,
                    1.3769077942590573
                ],
                [
                    0.0,
                    0.0,
                    1.0,
                    0.12009999999999998
                ],
                [
                    0.0,
                    0.0,
                    0.0,
                    1.0
                ]
            ],
            "size": [
                4.0,
                0.1,
                0.16
            ]
        },
        "collider2": {
            "type": "Box",
            "collider2origin": [
                [
                    0.17965152908042772,
                    -0.7833263732565316,
                    0.5950841293967039,
                    0.41176658949013056
                ],
                [
                    0.226384927387872,
                    0.6216106441768416,
                    0.7499000411372436,
                    1.003421252541738
                ],
                [
                    -0.9573271085426611,
                    -2.6116246336470104e-06,
                    0.28900658684972425,
                    0.214087342716905
                ],
                [
                    0.0,
                    0.0,
                    0.0,
                    1.0
                ]
            ],
            "size": [
                0.15068,
                0.17726,
                0.74884
            ]
        },
        "distance": 0.018407271221922965
    },
    {
        "case": 16,
        "collider1": {
            "type": "Box",
            "collider2origin": [
                [
                    0.9987652092017612,
                    0.049679541947991616,
                    0.0,
                    0.7684804570860264
                ],
                [
                    -0.049679541947991616,
                    0.9987652092017612,
                    0.0,
                    1.2398821185496
                ],
                [
                    0.0,
                    0.0,
                    1.0,
                    -0.29858
                ],
                [
                    0.0,
                    0.0,
                    0.0,
                    1.0
                ]
            ],
            "size": [
                0.2,
                0.05,
                1.0
            ]
        },
        "collider2": {
            "type": "Box",
            "collider2origin": [
                [
                    0.17965152908042772,
                    -0.7833263732565316,
                    0.5950841293967039,
                    0.41176658949013056
                ],
                [
                    0.226384927387872,
                    0.6216106441768416,
                    0.7499000411372436,
                    1.003421252541738
                ],
                [
                    -0.9573271085426611,
                    -2.6116246336470104e-06,
                    0.28900658684972425,
                    0.214087342716905
                ],
                [
                    0.0,
                    0.0,
                    0.0,
                    1.0
                ]
            ],
            "size": [
                0.15068,
                0.17726,
                0.74884
            ]
        },
        "distance": 0.031708098686324494
    }
]