[
    {
        "case": 0,
        "collider1": {
            "type": "Box",
            "collider2origin": [
                [
                    0.9987652092017612,
                    0.049679541947991616,
                    0.0,
                    0.36025
                ],
                [
                    -0.049679541947991616,
                    0.9987652092017612,
                    0.0,
                    0.66562
                ],
                [
                    0.0,
                    0.0,
                    1.0,
                    1.13
                ],
                [
                    0.0,
                    0.0,
                    0.0,
                    1.0
                ]
            ],
            "size": [
                2.0,
                2.0,
                0.05
            ]
        },
        "collider2": {
            "type": "Cylinder",
            "collider2origin": [
                [
                    -0.38742646395556113,
                    -0.6592066287826913,
                    -0.6444744801742334,
                    0.6068670031230536
                ],
                [
                    -0.5025990524221249,
                    0.7370766846510499,
                    -0.4517877305197643,
                    1.6664515921102852
                ],
                [
                    0.7728485799503497,
                    0.14887774015203106,
                    -0.6168796405750087,
                    1.077940691788486
                ],
                [
                    0.0,
                    0.0,
                    0.0,
                    1.0
                ]
            ],
            "radius": 0.01271,
            "height": 0.05982
        },
        "distance": 0.013303551974182842
    },
    {
        "case": 1,
        "collider1": {
            "type": "Box",
            "collider2origin": [
                [
                    0.9987652092017612,
                    0.049679541947991616,
                    0.0,
                    0.36025
                ],
                [
                    -0.049679541947991616,
                    0.9987652092017612,
                    0.0,
                    0.66562
                ],
                [
                    0.0,
                    0.0,
                    1.0,
                    1.13
                ],
                [
                    0.0,
                    0.0,
                    0.0,
                    1.0
                ]
            ],
            "size": [
                2.0,
                2.0,
                0.05
            ]
        },
        "collider2": {
            "type": "Cylinder",
            "collider2origin": [
                [
                    -0.3960094710252142,
                    -0.5870767382076068,
                    -0.7060576480103068,
                    0.6159369609665872
                ],
                [
                    -0.4552084675531702,
                    0.7932998118580161,
                    -0.4043026831149287,
                    1.674853692226061
                ],
                [
                    0.7974720997791859,
                    0.16129572828054967,
                    -0.5813965411938933,
                    1.0861317038359073
                ],
                [
                    0.0,
                    0.0,
                    0.0,
                    1.0
                ]
            ],
            "radius": 0.01169,
            "height": 0.05502
        },
        "distance": 0.01619111087943885
    },
    {
        "case": 2,
        "collider1": {
            "type": "Box",
            "collider2origin": [
                [
                    0.9987652092017612,
                    0.049679541947991616,
                    0.0,
                    0.36025
                ],
                [
                    -0.049679541947991616,
                    0.9987652092017612,
                    0.0,
                    0.66562
                ],
                [
                    0.0,
                    0.0,
                    1.0,
                    1.13
                ],
                [
                    0.0,
                    0.0,
                    0.0,
                    1.0
                ]
            ],
            "size": [
                2.0,
                2.0,
                0.05
            ]
        },
        "collider2": {
            "type": "Sphere",
            "collider2origin": [
                [
                    1.0,
                    0.0,
                    0.0,
                    0.6322130402528452
                ],
                [
                    0.0,
                    1.0,
                    0.0,
                    1.684252521711295
                ],
                [
                    0.0,
                    0.0,
                    1.0,
                    1.0988310797014744
                ],
                [
                    0.0,
                    0.0,
                    0.0,
                    1.0
                ]
            ],
            "radius": 0.01051
        },
        "distance": 0.02098576888286745
    },
    {
        "case": 3,
        "collider1": {
            "type": "Cylinder",
            "collider2origin": [
                [
                    0.999996163552453,
                    -0.002769996457679181,
                    0.0,
                    0.10432163761275043
                ],
                [
                    0.0027699964576791865,
                    0.999996163552453,
                    0.0,
                    1.362310441501493
                ],
                [
                    0.0,
                    0.0,
                    1.0,
                    0.29147999999999996
                ],
                [
                    0.0,
                    0.0,
                    0.0,
                    1.0
                ]
            ],
            "radius": 0.15,
            "height": 0.108
        },
        "collider2": {
            "type": "Box",
            "collider2origin": [
                [
                    0.1688535513056952,
                    -0.9719030916337364,
                    0.16399042253814639,
                    0.24953836616165387
                ],
                [
                    0.6972029195342733,
                    0.2353813511553262,
                    0.6771290191102273,
                    0.9141327262943402
                ],
                [
                    -0.6967040743417111,
                    -1.038199649077971e-06,
                    0.7173586500451371,
                    0.34255433613539354
                ],
                [
                    0.0,
                    0.0,
                    0.0,
                    1.0
                ]
            ],
            "size": [
                0.15068,
                0.17726,
                0.74884
            ]
        },
        "distance": 0.14184859797396135
    },
    {
        "case": 4,
        "collider1": {
            "type": "Box",
            "collider2origin": [
                [
                    0.9987652092017612,
                    0.049679541947991616,
                    0.0,
                    -0.8452169757328698
                ],
                [
                    -0.049679541947991616,
                    0.9987652092017612,
                    0.0,
                    1.7355619287231678
                ],
                [
                    0.0,
                    0.0,
                    1.0,
                    -0.39990000000000003
                ],
                [
                    0.0,
                    0.0,
                    0.0,
                    1.0
                ]
            ],
            "size": [
                5.96,
                0.78,
                0.87
            ]
        },
        "collider2": {
            "type": "Box",
            "collider2origin": [
                [
                    0.1688535513056952,
                    -0.9719030916337364,
                    0.16399042253814639,
                    0.24953836616165387
                ],
                [
                    0.6972029195342733,
                    0.2353813511553262,
                    0.6771290191102273,
                    0.9141327262943402
                ],
                [
                    -0.6967040743417111,
                    -1.038199649077971e-06,
                    0.7173586500451371,
                    0.34255433613539354
                ],
                [
                    0.0,
                    0.0,
                    0.0,
                    1.0
                ]
            ],
            "size": [
                0.15068,
                0.17726,
                0.74884
            ]
        },
        "distance": 0.3976723965202383
    },
    {
        "case": 5,
        "collider1": {
            "type": "Box",
            "collider2origin": [
                [
                    0.9987652092017612,
                    0.049679541947991616,
                    0.0,
                    -0.47864210557426284
                ],
                [
                    -0.049679541947991616,
                    0.9987652092017612,
                    0.0,
                    1.3769077942590573
                ],
                [
                    0.0,
                    0.0,
                    1.0,
                    0.12009999999999998
                ],
                [
                    0.0,
                    0.0,
                    0.0,
                    1.0
                ]
            ],
            "size": [
                4.0,
                0.1,
                0.16
            ]
        },
        "collider2": {
            "type": "Box",
            "collider2origin": [
                [
                    0.1688535513056952,
                    -0.9719030916337364,
                    0.16399042253814639,
                    0.24953836616165387
                ],
                [
                    0.6972029195342733,
                    0.2353813511553262,
                    0.6771290191102273,
                    0.9141327262943402
                ],
                [
                    -0.6967040743417111,
                    -1.038199649077971e-06,
                    0.7173586500451371,
                    0.34255433613539354
                ],
                [
                    0.0,
                    0.0,
                    0.0,
                    1.0
                ]
            ],
            "size": [
                0.15068,
                0.17726,
                0.74884
            ]
        },
        "distance": 0.28377103086004984
    },
    {
        "case": 6,
        "collider1": {
            "type": "Cylinder",
            "collider2origin": [
                [
                    0.999996163552453,
                    -0.002769996457679181,
                    0.0,
                    0.10432163761275043
                ],
                [
                    0.0027699964576791865,
                    0.999996163552453,
                    0.0,
                    1.362310441501493
                ],
                [
                    0.0,
                    0.0,
                    1.0,
                    0.29147999999999996
                ],
                [
                    0.0,
                    0.0,
                    0.0,
                    1.0
                ]
            ],
            "radius": 0.15,
            "height": 0.108
        },
        "collider2": {
            "type": "Box",
            "collider2origin": [
                [
                    0.1688535513056952,
                    -0.9719030916337364,
                    0.16399042253814639,
                    0.24953836616165387
                ],
                [
                    0.6972029195342733,
                    0.2353813511553262,
                    0.6771290191102273,
                    0.9141327262943402
                ],
                [
                    -0.6967040743417111,
                    -1.038199649077971e-06,
                    0.7173586500451371,
                    0.34255433613539354
                ],
                [
                    0.0,
                    0.0,
                    0.0,
                    1.0
                ]
            ],
            "size": [
                0.15068,
                0.17726,
                0.74884
            ]
        },
        "distance": 0.14184859797396135
    },
    {
        "case": 7,
        "collider1": {
            "type": "Box",
            "collider2origin": [
                [
                    0.9987652092017612,
                    0.049679541947991616,
                    0.0,
                    -0.8452169757328698
                ],
                [
                    -0.049679541947991616,
                    0.9987652092017612,
                    0.0,
                    1.7355619287231678
                ],
                [
                    0.0,
                    0.0,
                    1.0,
                    -0.39990000000000003
                ],
                [
                    0.0,
                    0.0,
                    0.0,
                    1.0
                ]
            ],
            "size": [
                5.96,
                0.78,
                0.87
            ]
        },
        "collider2": {
            "type": "Box",
            "collider2origin": [
                [
                    0.1688535513056952,
                    -0.9719030916337364,
                    0.16399042253814639,
                    0.24953836616165387
                ],
                [
                    0.6972029195342733,
                    0.2353813511553262,
                    0.6771290191102273,
                    0.9141327262943402
                ],
                [
                    -0.6967040743417111,
                    -1.038199649077971e-06,
                    0.7173586500451371,
                    0.34255433613539354
                ],
                [
                    0.0,
                    0.0,
                    0.0,
                    1.0
                ]
            ],
            "size": [
                0.15068,
                0.17726,
                0.74884
            ]
        },
        "distance": 0.3976723965202383
    },
    {
        "case": 8,
        "collider1": {
            "type": "Box",
            "collider2origin": [
                [
                    0.9987652092017612,
                    0.049679541947991616,
                    0.0,
                    -0.47864210557426284
                ],
                [
                    -0.049679541947991616,
                    0.9987652092017612,
                    0.0,
                    1.3769077942590573
                ],
                [
                    0.0,
                    0.0,
                    1.0,
                    0.12009999999999998
                ],
                [
                    0.0,
                    0.0,
                    0.0,
                    1.0
                ]
            ],
            "size": [
                4.0,
                0.1,
                0.16
            ]
        },
        "collider2": {
            "type": "Box",
            "collider2origin": [
                [
                    0.1688535513056952,
                    -0.9719030916337364,
                    0.16399042253814639,
                    0.24953836616165387
                ],
                [
                    0.6972029195342733,
                    0.2353813511553262,
                    0.6771290191102273,
                    0.9141327262943402
                ],
                [
                    -0.6967040743417111,
                    -1.038199649077971e-06,
                    0.7173586500451371,
                    0.34255433613539354
                ],
                [
                    0.0,
                    0.0,
                    0.0,
                    1.0
                ]
            ],
            "size": [
                0.15068,
                0.17726,
                0.74884
            ]
        },
        "distance": 0.28377103086004984
    }
]