[
    {
        "case": 0,
        "collider1": {
            "type": "Box",
            "collider2origin": [
                [
                    1.0,
                    0.0,
                    0.0,
                    1.0596
                ],
                [
                    0.0,
                    1.0,
                    0.0,
                    0.84274
                ],
                [
                    0.0,
                    0.0,
                    1.0,
                    0.13693
                ],
                [
                    0.0,
                    0.0,
                    0.0,
                    1.0
                ]
            ],
            "size": [
                0.1,
                0.1,
                2.0
            ]
        },
        "collider2": {
            "type": "Box",
            "collider2origin": [
                [
                    -0.0391426626496363,
                    0.6766374830622823,
                    0.7352751651428439,
                    0.7086649431381733
                ],
                [
                    0.03596488246509547,
                    0.7363163155194746,
                    -0.6756809977564097,
                    0.5958303082117032
                ],
                [
                    -0.9985861901658606,
                    -3.868460082767104e-06,
                    -0.053156568691614954,
                    0.11145274127027394
                ],
                [
                    0.0,
                    0.0,
                    0.0,
                    1.0
                ]
            ],
            "size": [
                0.15068,
                0.17726,
                0.74884
            ]
        },
        "distance": 0.2599814845215271
    },
    {
        "case": 1,
        "collider1": {
            "type": "Box",
            "collider2origin": [
                [
                    1.0,
                    0.0,
                    0.0,
                    1.0596
                ],
                [
                    0.0,
                    1.0,
                    0.0,
                    0.84274
                ],
                [
                    0.0,
                    0.0,
                    1.0,
                    0.13693
                ],
                [
                    0.0,
                    0.0,
                    0.0,
                    1.0
                ]
            ],
            "size": [
                0.1,
                0.1,
                2.0
            ]
        },
        "collider2": {
            "type": "Box",
            "collider2origin": [
                [
                    -0.0391426626496363,
                    0.6766374830622823,
                    0.7352751651428439,
                    0.7086649431381733
                ],
                [
                    0.03596488246509547,
                    0.7363163155194746,
                    -0.6756809977564097,
                    0.5958303082117032
                ],
                [
                    -0.9985861901658606,
                    -3.868460082767104e-06,
                    -0.053156568691614954,
                    0.11145274127027394
                ],
                [
                    0.0,
                    0.0,
                    0.0,
                    1.0
                ]
            ],
            "size": [
                0.15068,
                0.17726,
                0.74884
            ]
        },
        "distance": 0.2599814845215271
    }
]