[
    {
        "case": 0,
        "collider1": {
            "type": "Cylinder",
            "collider2origin": [
                [
                    1.0,
                    0.0,
                    0.0,
                    0.36025
                ],
                [
                    0.0,
                    1.0,
                    0.0,
                    0.66562
                ],
                [
                    0.0,
                    0.0,
                    1.0,
                    -0.35
                ],
                [
                    0.0,
                    0.0,
                    0.0,
                    1.0
                ]
            ],
            "radius": 0.11,
            "height": 0.68
        },
        "collider2": {
            "type": "Box",
            "collider2origin": [
                [
                    0.07507730148746486,
                    -0.9494836628986415,
                    0.3047034175882161,
                    0.2956703392156239
                ],
                [
                    -0.22716810281037522,
                    -0.31381646525932555,
                    -0.9219077389835043,
                    0.3387045211365459
                ],
                [
                    0.9709572863246329,
                    -4.552030060941621e-06,
                    -0.2392528957241352,
                    0.055434641778432825
                ],
                [
                    0.0,
                    0.0,
                    0.0,
                    1.0
                ]
            ],
            "size": [
                0.15068,
                0.17726,
                0.74884
            ]
        },
        "distance": 0.03763284663302272
    },
    {
        "case": 1,
        "collider1": {
            "type": "Box",
            "collider2origin": [
                [
                    0.9980268447818988,
                    0.0627886701140236,
                    0.0,
                    -0.04
                ],
                [
                    -0.0627886701140236,
                    0.9980268447818988,
                    0.0,
                    0.02
                ],
                [
                    0.0,
                    0.0,
                    1.0,
                    -0.13
                ],
                [
                    0.0,
                    0.0,
                    0.0,
                    1.0
                ]
            ],
            "size": [
                0.6,
                0.4,
                0.4
            ]
        },
        "collider2": {
            "type": "Box",
            "collider2origin": [
                [
                    0.07507730148746486,
                    -0.9494836628986415,
                    0.3047034175882161,
                    0.2956703392156239
                ],
                [
                    -0.22716810281037522,
                    -0.31381646525932555,
                    -0.9219077389835043,
                    0.3387045211365459
                ],
                [
                    0.9709572863246329,
                    -4.552030060941621e-06,
                    -0.2392528957241352,
                    0.055434641778432825
                ],
                [
                    0.0,
                    0.0,
                    0.0,
                    1.0
                ]
            ],
            "size": [
                0.15068,
                0.17726,
                0.74884
            ]
        },
        "distance": 0.0
    },
    {
        "case": 2,
        "collider1": {
            "type": "Cylinder",
            "collider2origin": [
                [
                    1.0,
                    0.0,
                    0.0,
                    0.36025
                ],
                [
                    0.0,
                    1.0,
                    0.0,
                    0.66562
                ],
                [
                    0.0,
                    0.0,
                    1.0,
                    -0.35
                ],
                [
                    0.0,
                    0.0,
                    0.0,
                    1.0
                ]
            ],
            "radius": 0.11,
            "height": 0.68
        },
        "collider2": {
            "type": "Box",
            "collider2origin": [
                [
                    0.07507730148746486,
                    -0.9494836628986415,
                    0.3047034175882161,
                    0.2956703392156239
                ],
                [
                    -0.22716810281037522,
                    -0.31381646525932555,
                    -0.9219077389835043,
                    0.3387045211365459
                ],
                [
                    0.9709572863246329,
                    -4.552030060941621e-06,
                    -0.2392528957241352,
                    0.055434641778432825
                ],
                [
                    0.0,
                    0.0,
                    0.0,
                    1.0
                ]
            ],
            "size": [
                0.15068,
                0.17726,
                0.74884
            ]
        },
        "distance": 0.03763284663302272
    },
    {
        "case": 3,
        "collider1": {
            "type": "Box",
            "collider2origin": [
                [
                    0.9980268447818988,
                    0.0627886701140236,
                    0.0,
                    -0.04
                ],
                [
                    -0.0627886701140236,
                    0.9980268447818988,
                    0.0,
                    0.02
                ],
                [
                    0.0,
                    0.0,
                    1.0,
                    -0.13
                ],
                [
                    0.0,
                    0.0,
                    0.0,
                    1.0
                ]
            ],
            "size": [
                0.6,
                0.4,
                0.4
            ]
        },
        "collider2": {
            "type": "Box",
            "collider2origin": [
                [
                    0.07507730148746486,
                    -0.9494836628986415,
                    0.3047034175882161,
                    0.2956703392156239
                ],
                [
                    -0.22716810281037522,
                    -0.31381646525932555,
                    -0.9219077389835043,
                    0.3387045211365459
                ],
                [
                    0.9709572863246329,
                    -4.552030060941621e-06,
                    -0.2392528957241352,
                    0.055434641778432825
                ],
                [
                    0.0,
                    0.0,
                    0.0,
                    1.0
                ]
            ],
            "size": [
                0.15068,
                0.17726,
                0.74884
            ]
        },
        "distance": 0.0
    }
]