[
    {
        "case": 0,
        "collider1": {
            "type": "Box",
            "collider2origin": [
                [
                    0.9984911777768198,
                    0.05491236565527933,
                    0.0,
                    0.1444892917854393
                ],
                [
                    -0.05491236565527933,
                    0.9984911777768198,
                    0.0,
                    1.7822157212798304
                ],
                [
                    0.0,
                    0.0,
                    1.0,
                    0.21605999999999992
                ],
                [
                    0.0,
                    0.0,
                    0.0,
                    1.0
                ]
            ],
            "size": [
                0.204,
                0.204,
                0.04
            ]
        },
        "collider2": {
            "type": "Box",
            "collider2origin": [
                [
                    -0.24853256711479874,
                    0.94248709405866,
                    -0.22349416237609054,
                    0.1482326931377556
                ],
                [
                    0.7008174880396858,
                    0.33424254291134786,
                    0.6301878854483798,
                    1.4395429817465089
                ],
                [
                    0.6686452060256415,
                    -6.404532812886423e-06,
                    -0.7435815949967489,
                    -0.08638437255993936
                ],
                [
                    0.0,
                    0.0,
                    0.0,
                    1.0
                ]
            ],
            "size": [
                0.1202,
                0.13634,
                0.67816
            ]
        },
        "distance": 0.2873969915822207
    },
    {
        "case": 1,
        "collider1": {
            "type": "Box",
            "collider2origin": [
                [
                    0.9984911777768198,
                    0.05491236565527933,
                    0.0,
                    0.19949793078659855
                ],
                [
                    -0.05491236565527933,
                    0.9984911777768198,
                    0.0,
                    1.615142983721484
                ],
                [
                    0.0,
                    0.0,
                    1.0,
                    0.1860599999999999
                ],
                [
                    0.0,
                    0.0,
                    0.0,
                    1.0
                ]
            ],
            "size": [
                0.62,
                0.62,
                0.02
            ]
        },
        "collider2": {
            "type": "Box",
            "collider2origin": [
                [
                    -0.24853256711479874,
                    0.94248709405866,
                    -0.22349416237609054,
                    0.1482326931377556
                ],
                [
                    0.7008174880396858,
                    0.33424254291134786,
                    0.6301878854483798,
                    1.4395429817465089
                ],
                [
                    0.6686452060256415,
                    -6.404532812886423e-06,
                    -0.7435815949967489,
                    -0.08638437255993936
                ],
                [
                    0.0,
                    0.0,
                    0.0,
                    1.0
                ]
            ],
            "size": [
                0.1202,
                0.13634,
                0.67816
            ]
        },
        "distance": 0.0
    },
    {
        "case": 2,
        "collider1": {
            "type": "Box",
            "collider2origin": [
                [
                    -0.05491603331779873,
                    0.9984909760657019,
                    0.0,
                    0.13095676304947051
                ],
                [
                    -0.9984909760657019,
                    -0.05491603331779873,
                    0.0,
                    1.3910085623908217
                ],
                [
                    0.0,
                    0.0,
                    1.0,
                    0.22585999999999995
                ],
                [
                    0.0,
                    0.0,
                    0.0,
                    1.0
                ]
            ],
            "size": [
                0.1,
                0.1,
                0.06
            ]
        },
        "collider2": {
            "type": "Box",
            "collider2origin": [
                [
                    -0.24853256711479874,
                    0.94248709405866,
                    -0.22349416237609054,
                    0.1482326931377556
                ],
                [
                    0.7008174880396858,
                    0.33424254291134786,
                    0.6301878854483798,
                    1.4395429817465089
                ],
                [
                    0.6686452060256415,
                    -6.404532812886423e-06,
                    -0.7435815949967489,
                    -0.08638437255993936
                ],
                [
                    0.0,
                    0.0,
                    0.0,
                    1.0
                ]
            ],
            "size": [
                0.1202,
                0.13634,
                0.67816
            ]
        },
        "distance": 0.05026345018844458
    },
    {
        "case": 3,
        "collider1": {
            "type": "Box",
            "collider2origin": [
                [
                    0.8647181141315736,
                    0.05491236565527933,
                    0.4992466476511141,
                    0.3692606503366374
                ],
                [
                    -0.04755547002193942,
                    0.9984911777768198,
                    -0.027456241054658638,
                    1.6061573534723084
                ],
                [
                    -0.5000010603626028,
                    0.0,
                    0.866024791582939,
                    0.23706000000000005
                ],
                [
                    0.0,
                    0.0,
                    0.0,
                    1.0
                ]
            ],
            "size": [
                0.18,
                0.15,
                0.02
            ]
        },
        "collider2": {
            "type": "Box",
            "collider2origin": [
                [
                    -0.24853256711479874,
                    0.94248709405866,
                    -0.22349416237609054,
                    0.1482326931377556
                ],
                [
                    0.7008174880396858,
                    0.33424254291134786,
                    0.6301878854483798,
                    1.4395429817465089
                ],
                [
                    0.6686452060256415,
                    -6.404532812886423e-06,
                    -0.7435815949967489,
                    -0.08638437255993936
                ],
                [
                    0.0,
                    0.0,
                    0.0,
                    1.0
                ]
            ],
            "size": [
                0.1202,
                0.13634,
                0.67816
            ]
        },
        "distance": 0.22667272894871301
    },
    {
        "case": 4,
        "collider1": {
            "type": "Box",
            "collider2origin": [
                [
                    0.9984911777768198,
                    0.05491236565527933,
                    0.0,
                    0.30344285751587213
                ],
                [
                    -0.05491236565527933,
                    0.9984911777768198,
                    0.0,
                    1.6098271011751932
                ],
                [
                    0.0,
                    0.0,
                    1.0,
                    0.23605999999999994
                ],
                [
                    0.0,
                    0.0,
                    0.0,
                    1.0
                ]
            ],
            "size": [
                0.02,
                0.15,
                0.08
            ]
        },
        "collider2": {
            "type": "Box",
            "collider2origin": [
                [
                    -0.24853256711479874,
                    0.94248709405866,
                    -0.22349416237609054,
                    0.1482326931377556
                ],
                [
                    0.7008174880396858,
                    0.33424254291134786,
                    0.6301878854483798,
                    1.4395429817465089
                ],
                [
                    0.6686452060256415,
                    -6.404532812886423e-06,
                    -0.7435815949967489,
                    -0.08638437255993936
                ],
                [
                    0.0,
                    0.0,
                    0.0,
                    1.0
                ]
            ],
            "size": [
                0.1202,
                0.13634,
                0.67816
            ]
        },
        "distance": 0.18784236567775398
    },
    {
        "case": 5,
        "collider1": {
            "type": "Box",
            "collider2origin": [
                [
                    0.9987652092017612,
                    0.049679541947991616,
                    0.0,
                    -0.8452169757328698
                ],
                [
                    -0.049679541947991616,
                    0.9987652092017612,
                    0.0,
                    1.7355619287231678
                ],
                [
                    0.0,
                    0.0,
                    1.0,
                    -0.39990000000000003
                ],
                [
                    0.0,
                    0.0,
                    0.0,
                    1.0
                ]
            ],
            "size": [
                5.96,
                0.78,
                0.87
            ]
        },
        "collider2": {
            "type": "Box",
            "collider2origin": [
                [
                    -0.24853256711479874,
                    0.94248709405866,
                    -0.22349416237609054,
                    0.1482326931377556
                ],
                [
                    0.7008174880396858,
                    0.33424254291134786,
                    0.6301878854483798,
                    1.4395429817465089
                ],
                [
                    0.6686452060256415,
                    -6.404532812886423e-06,
                    -0.7435815949967489,
                    -0.08638437255993936
                ],
                [
                    0.0,
                    0.0,
                    0.0,
                    1.0
                ]
            ],
            "size": [
                0.1202,
                0.13634,
                0.67816
            ]
        },
        "distance": 0.0
    },
    {
        "case": 6,
        "collider1": {
            "type": "Box",
            "collider2origin": [
                [
                    0.9987652092017612,
                    0.049679541947991616,
                    0.0,
                    -0.47864210557426284
                ],
                [
                    -0.049679541947991616,
                    0.9987652092017612,
                    0.0,
                    1.3769077942590573
                ],
                [
                    0.0,
                    0.0,
                    1.0,
                    0.12009999999999998
                ],
                [
                    0.0,
                    0.0,
                    0.0,
                    1.0
                ]
            ],
            "size": [
                4.0,
                0.1,
                0.16
            ]
        },
        "collider2": {
            "type": "Box",
            "collider2origin": [
                [
                    -0.24853256711479874,
                    0.94248709405866,
                    -0.22349416237609054,
                    0.1482326931377556
                ],
                [
                    0.7008174880396858,
                    0.33424254291134786,
                    0.6301878854483798,
                    1.4395429817465089
                ],
                [
                    0.6686452060256415,
                    -6.404532812886423e-06,
                    -0.7435815949967489,
                    -0.08638437255993936
                ],
                [
                    0.0,
                    0.0,
                    0.0,
                    1.0
                ]
            ],
            "size": [
                0.1202,
                0.13634,
                0.67816
            ]
        },
        "distance": 0.0
    },
    {
        "case": 7,
        "collider1": {
            "type": "Box",
            "collider2origin": [
                [
                    0.9987652092017612,
                    0.049679541947991616,
                    0.0,
                    -0.8452169757328698
                ],
                [
                    -0.049679541947991616,
                    0.9987652092017612,
                    0.0,
                    1.7355619287231678
                ],
                [
                    0.0,
                    0.0,
                    1.0,
                    -0.39990000000000003
                ],
                [
                    0.0,
                    0.0,
                    0.0,
                    1.0
                ]
            ],
            "size": [
                5.96,
                0.78,
                0.87
            ]
        },
        "collider2": {
            "type": "Box",
            "collider2origin": [
                [
                    0.33608777592188566,
                    0.9347682820976707,
                    0.11512282857908614,
                    0.34240233541896137
                ],
                [
                    -0.8498310744024672,
                    0.24829311826272601,
                    0.4649060898754928,
                    1.7167100803504636
                ],
                [
                    0.4059952608785333,
                    -0.25408421085841054,
                    0.8778434153860414,
                    -0.19243575419252523
                ],
                [
                    0.0,
                    0.0,
                    0.0,
                    1.0
                ]
            ],
            "size": [
                0.06241,
                0.05638,
                0.02858
            ]
        },
        "distance": 0.0
    },
    {
        "case": 8,
        "collider1": {
            "type": "Box",
            "collider2origin": [
                [
                    0.9987652092017612,
                    0.049679541947991616,
                    0.0,
                    -0.8452169757328698
                ],
                [
                    -0.049679541947991616,
                    0.9987652092017612,
                    0.0,
                    1.7355619287231678
                ],
                [
                    0.0,
                    0.0,
                    1.0,
                    -0.39990000000000003
                ],
                [
                    0.0,
                    0.0,
                    0.0,
                    1.0
                ]
            ],
            "size": [
                5.96,
                0.78,
                0.87
            ]
        },
        "collider2": {
            "type": "Cylinder",
            "collider2origin": [
                [
                    0.25839490208794214,
                    -0.8275203729362549,
                    -0.49843967232795916,
                    0.4280186431345911
                ],
                [
                    -0.9366132127094783,
                    -0.08822432319163637,
                    -0.3390754467303799,
                    1.738594955340218
                ],
                [
                    0.23661733738885618,
                    0.5544605496992713,
                    -0.7978632304312498,
                    -0.17986442025025018
                ],
                [
                    0.0,
                    0.0,
                    0.0,
                    1.0
                ]
            ],
            "radius": 0.00683,
            "height": 0.01183
        },
        "distance": 0.0
    },
    {
        "case": 9,
        "collider1": {
            "type": "Box",
            "collider2origin": [
                [
                    0.9987652092017612,
                    0.049679541947991616,
                    0.0,
                    -0.8452169757328698
                ],
                [
                    -0.049679541947991616,
                    0.9987652092017612,
                    0.0,
                    1.7355619287231678
                ],
                [
                    0.0,
                    0.0,
                    1.0,
                    -0.39990000000000003
                ],
                [
                    0.0,
                    0.0,
                    0.0,
                    1.0
                ]
            ],
            "size": [
                5.96,
                0.78,
                0.87
            ]
        },
        "collider2": {
            "type": "Sphere",
            "collider2origin": [
                [
                    1.0,
                    0.0,
                    0.0,
                    0.46360036775568664
                ],
                [
                    0.0,
                    1.0,
                    0.0,
                    1.6879974271810485
                ],
                [
                    0.0,
                    0.0,
                    1.0,
                    -0.2644202913857515
                ],
                [
                    0.0,
                    0.0,
                    0.0,
                    1.0
                ]
            ],
            "radius": 0.00663
        },
        "distance": 0.0
    },
    {
        "case": 10,
        "collider1": {
            "type": "Box",
            "collider2origin": [
                [
                    0.9987652092017612,
                    0.049679541947991616,
                    0.0,
                    -0.8452169757328698
                ],
                [
                    -0.049679541947991616,
                    0.9987652092017612,
                    0.0,
                    1.7355619287231678
                ],
                [
                    0.0,
                    0.0,
                    1.0,
                    -0.39990000000000003
                ],
                [
                    0.0,
                    0.0,
                    0.0,
                    1.0
                ]
            ],
            "size": [
                5.96,
                0.78,
                0.87
            ]
        },
        "collider2": {
            "type": "Box",
            "collider2origin": [
                [
                    0.07180922678484468,
                    0.9633659897074505,
                    0.2583977647417773,
                    0.2613807461669026
                ],
                [
                    -0.22563547749235852,
                    0.26804067030427065,
                    -0.9366124227019588,
                    1.695897643364812
                ],
                [
                    -0.9715616636350767,
                    0.008953710840838727,
                    0.23661733836898025,
                    -0.18773330059807203
                ],
                [
                    0.0,
                    0.0,
                    0.0,
                    1.0
                ]
            ],
            "size": [
                0.08993,
                0.0305,
                0.09007
            ]
        },
        "distance": 0.0
    },
    {
        "case": 11,
        "collider1": {
            "type": "Box",
            "collider2origin": [
                [
                    0.9987652092017612,
                    0.049679541947991616,
                    0.0,
                    -0.8452169757328698
                ],
                [
                    -0.049679541947991616,
                    0.9987652092017612,
                    0.0,
                    1.7355619287231678
                ],
                [
                    0.0,
                    0.0,
                    1.0,
                    -0.39990000000000003
                ],
                [
                    0.0,
                    0.0,
                    0.0,
                    1.0
                ]
            ],
            "size": [
                5.96,
                0.78,
                0.87
            ]
        },
        "collider2": {
            "type": "Box",
            "collider2origin": [
                [
                    0.3045009600621799,
                    0.9347684106111669,
                    0.182995037759725,
                    0.3903895266375134
                ],
                [
                    -0.9283820998728073,
                    0.24828910750327804,
                    0.276512559806933,
                    1.7271668738683856
                ],
                [
                    0.21303953144186127,
                    -0.2540876573521392,
                    0.9434265315456913,
                    -0.20721007814584602
                ],
                [
                    0.0,
                    0.0,
                    0.0,
                    1.0
                ]
            ],
            "size": [
                0.07264,
                0.04753,
                0.03326
            ]
        },
        "distance": 0.0
    },
    {
        "case": 12,
        "collider1": {
            "type": "Box",
            "collider2origin": [
                [
                    0.9987652092017612,
                    0.049679541947991616,
                    0.0,
                    -0.8452169757328698
                ],
                [
                    -0.049679541947991616,
                    0.9987652092017612,
                    0.0,
                    1.7355619287231678
                ],
                [
                    0.0,
                    0.0,
                    1.0,
                    -0.39990000000000003
                ],
                [
                    0.0,
                    0.0,
                    0.0,
                    1.0
                ]
            ],
            "size": [
                5.96,
                0.78,
                0.87
            ]
        },
        "collider2": {
            "type": "Box",
            "collider2origin": [
                [
                    0.26475681088926445,
                    0.9633648833423092,
                    -0.04280108211955831,
                    0.18936276375172295
                ],
                [
                    -0.9558169422301152,
                    0.26804455399313737,
                    0.1206900576704336,
                    1.6762776307798415
                ],
                [
                    0.12774116029541452,
                    0.008956484660790867,
                    0.9917670983395758,
                    -0.19235203673661527
                ],
                [
                    0.0,
                    0.0,
                    0.0,
                    1.0
                ]
            ],
            "size": [
                0.09126,
                0.11887,
                0.10009
            ]
        },
        "distance": 0.0
    },
    {
        "case": 13,
        "collider1": {
            "type": "Box",
            "collider2origin": [
                [
                    0.9987652092017612,
                    0.049679541947991616,
                    0.0,
                    -0.8452169757328698
                ],
                [
                    -0.049679541947991616,
                    0.9987652092017612,
                    0.0,
                    1.7355619287231678
                ],
                [
                    0.0,
                    0.0,
                    1.0,
                    -0.39990000000000003
                ],
                [
                    0.0,
                    0.0,
                    0.0,
                    1.0
                ]
            ],
            "size": [
                5.96,
                0.78,
                0.87
            ]
        },
        "collider2": {
            "type": "Cylinder",
            "collider2origin": [
                [
                    0.25839490208794214,
                    -0.8275203729362549,
                    -0.49843967232795916,
                    0.4198798048515314
                ],
                [
                    -0.9366132127094783,
                    -0.08822432319163637,
                    -0.3390754467303799,
                    1.7330607821153867
                ],
                [
                    0.23661733738885618,
                    0.5544605496992713,
                    -0.7978632304312498,
                    -0.19288267812600912
                ],
                [
                    0.0,
                    0.0,
                    0.0,
                    1.0
                ]
            ],
            "radius": 0.00683,
            "height": 0.01782
        },
        "distance": 0.0
    },
    {
        "case": 14,
        "collider1": {
            "type": "Box",
            "collider2origin": [
                [
                    0.9987652092017612,
                    0.049679541947991616,
                    0.0,
                    -0.8452169757328698
                ],
                [
                    -0.049679541947991616,
                    0.9987652092017612,
                    0.0,
                    1.7355619287231678
                ],
                [
                    0.0,
                    0.0,
                    1.0,
                    -0.39990000000000003
                ],
                [
                    0.0,
                    0.0,
                    0.0,
                    1.0
                ]
            ],
            "size": [
                5.96,
                0.78,
                0.87
            ]
        },
        "collider2": {
            "type": "Box",
            "collider2origin": [
                [
                    0.33148890449240537,
                    0.9424877577814047,
                    -0.04280108211955831,
                    0.18813116482907288
                ],
                [
                    -0.9347283474610835,
                    0.33424067142132674,
                    0.1206900576704336,
                    1.6614055182767598
                ],
                [
                    0.12805476426551596,
                    -3.0241136394624414e-08,
                    0.9917670983395758,
                    -0.3008530983376574
                ],
                [
                    0.0,
                    0.0,
                    0.0,
                    1.0
                ]
            ],
            "size": [
                0.09102,
                0.10007,
                0.11882
            ]
        },
        "distance": 0.0
    },
    {
        "case": 15,
        "collider1": {
            "type": "Box",
            "collider2origin": [
                [
                    0.9987652092017612,
                    0.049679541947991616,
                    0.0,
                    -0.8452169757328698
                ],
                [
                    -0.049679541947991616,
                    0.9987652092017612,
                    0.0,
                    1.7355619287231678
                ],
                [
                    0.0,
                    0.0,
                    1.0,
                    -0.39990000000000003
                ],
                [
                    0.0,
                    0.0,
                    0.0,
                    1.0
                ]
            ],
            "size": [
                5.96,
                0.78,
                0.87
            ]
        },
        "collider2": {
            "type": "Cylinder",
            "collider2origin": [
                [
                    0.05198880799568636,
                    0.5739752791279947,
                    -0.817220620636268,
                    0.4464099071889596
                ],
                [
                    -0.9475596277409104,
                    0.286738038958081,
                    0.14111005949251304,
                    1.6894094932552255
                ],
                [
                    0.3153219239423326,
                    0.767029123283082,
                    0.5587829706754595,
                    -0.25371231609132894
                ],
                [
                    0.0,
                    0.0,
                    0.0,
                    1.0
                ]
            ],
            "radius": 0.00796,
            "height": 0.03037
        },
        "distance": 0.0
    },
    {
        "case": 16,
        "collider1": {
            "type": "Box",
            "collider2origin": [
                [
                    0.9987652092017612,
                    0.049679541947991616,
                    0.0,
                    -0.8452169757328698
                ],
                [
                    -0.049679541947991616,
                    0.9987652092017612,
                    0.0,
                    1.7355619287231678
                ],
                [
                    0.0,
                    0.0,
                    1.0,
                    -0.39990000000000003
                ],
                [
                    0.0,
                    0.0,
                    0.0,
                    1.0
                ]
            ],
            "size": [
                5.96,
                0.78,
                0.87
            ]
        },
        "collider2": {
            "type": "Cylinder",
            "collider2origin": [
                [
                    0.41928299772236755,
                    -0.5619899858976027,
                    -0.7130000165299835,
                    0.42499159535292125
                ],
                [
                    -0.8875668397318839,
                    -0.08864087117896981,
                    -0.4520706813817826,
                    1.7558994589112724
                ],
                [
                    0.19085825323863023,
                    0.8223807218724454,
                    -0.5359692859327422,
                    -0.19821339607320432
                ],
                [
                    0.0,
                    0.0,
                    0.0,
                    1.0
                ]
            ],
            "radius": 0.00783,
            "height": 0.03683
        },
        "distance": 0.0
    },
    {
        "case": 17,
        "collider1": {
            "type": "Box",
            "collider2origin": [
                [
                    0.9984911777768198,
                    0.05491236565527933,
                    0.0,
                    0.9683361376747499
                ],
                [
                    -0.05491236565527933,
                    0.9984911777768198,
                    0.0,
                    1.5728604621669189
                ],
                [
                    0.0,
                    0.0,
                    1.0,
                    0.1860599999999999
                ],
                [
                    0.0,
                    0.0,
                    0.0,
                    1.0
                ]
            ],
            "size": [
                0.62,
                0.62,
                0.29
            ]
        },
        "collider2": {
            "type": "Box",
            "collider2origin": [
                [
                    -0.0028078061382467664,
                    0.9424866872962507,
                    -0.3342318962846441,
                    0.43424361479986096
                ],
                [
                    0.007928418560440081,
                    0.33424368992640496,
                    0.9424533388574265,
                    1.011045601992897
                ],
                [
                    0.999964627576306,
                    -3.704100139214373e-06,
                    -0.008410920428772888,
                    0.12467744042022821
                ],
                [
                    0.0,
                    0.0,
                    0.0,
                    1.0
                ]
            ],
            "size": [
                0.15068,
                0.17726,
                0.74884
            ]
        },
        "distance": 0.19698462640662545
    },
    {
        "case": 18,
        "collider1": {
            "type": "Box",
            "collider2origin": [
                [
                    0.9984911777768198,
                    0.05491236565527933,
                    0.0,
                    0.19949793078659855
                ],
                [
                    -0.05491236565527933,
                    0.9984911777768198,
                    0.0,
                    1.615142983721484
                ],
                [
                    0.0,
                    0.0,
                    1.0,
                    0.1860599999999999
                ],
                [
                    0.0,
                    0.0,
                    0.0,
                    1.0
                ]
            ],
            "size": [
                0.62,
                0.62,
                0.02
            ]
        },
        "collider2": {
            "type": "Box",
            "collider2origin": [
                [
                    -0.0028078061382467664,
                    0.9424866872962507,
                    -0.3342318962846441,
                    0.43424361479986096
                ],
                [
                    0.007928418560440081,
                    0.33424368992640496,
                    0.9424533388574265,
                    1.011045601992897
                ],
                [
                    0.999964627576306,
                    -3.704100139214373e-06,
                    -0.008410920428772888,
                    0.12467744042022821
                ],
                [
                    0.0,
                    0.0,
                    0.0,
                    1.0
                ]
            ],
            "size": [
                0.15068,
                0.17726,
                0.74884
            ]
        },
        "distance": 0.0
    },
    {
        "case": 19,
        "collider1": {
            "type": "Box",
            "collider2origin": [
                [
                    0.9987652092017612,
                    0.049679541947991616,
                    0.0,
                    -0.47864210557426284
                ],
                [
                    -0.049679541947991616,
                    0.9987652092017612,
                    0.0,
                    1.3769077942590573
                ],
                [
                    0.0,
                    0.0,
                    1.0,
                    0.12009999999999998
                ],
                [
                    0.0,
                    0.0,
                    0.0,
                    1.0
                ]
            ],
            "size": [
                4.0,
                0.1,
                0.16
            ]
        },
        "collider2": {
            "type": "Box",
            "collider2origin": [
                [
                    -0.0028078061382467664,
                    0.9424866872962507,
                    -0.3342318962846441,
                    0.43424361479986096
                ],
                [
                    0.007928418560440081,
                    0.33424368992640496,
                    0.9424533388574265,
                    1.011045601992897
                ],
                [
                    0.999964627576306,
                    -3.704100139214373e-06,
                    -0.008410920428772888,
                    0.12467744042022821
                ],
                [
                    0.0,
                    0.0,
                    0.0,
                    1.0
                ]
            ],
            "size": [
                0.15068,
                0.17726,
                0.74884
            ]
        },
        "distance": 0.0
    },
    {
        "case": 20,
        "collider1": {
            "type": "Box",
            "collider2origin": [
                [
                    0.9984911777768198,
                    0.05491236565527933,
                    0.0,
                    0.9683361376747499
                ],
                [
                    -0.05491236565527933,
                    0.9984911777768198,
                    0.0,
                    1.5728604621669189
                ],
                [
                    0.0,
                    0.0,
                    1.0,
                    0.1860599999999999
                ],
                [
                    0.0,
                    0.0,
                    0.0,
                    1.0
                ]
            ],
            "size": [
                0.62,
                0.62,
                0.29
            ]
        },
        "collider2": {
            "type": "Box",
            "collider2origin": [
                [
                    -0.0028078061382467664,
                    0.9424866872962507,
                    -0.3342318962846441,
                    0.43424361479986096
                ],
                [
                    0.007928418560440081,
                    0.33424368992640496,
                    0.9424533388574265,
                    1.011045601992897
                ],
                [
                    0.999964627576306,
                    -3.704100139214373e-06,
                    -0.008410920428772888,
                    0.12467744042022821
                ],
                [
                    0.0,
                    0.0,
                    0.0,
                    1.0
                ]
            ],
            "size": [
                0.15068,
                0.17726,
                0.74884
            ]
        },
        "distance": 0.19698462640662545
    },
    {
        "case": 21,
        "collider1": {
            "type": "Box",
            "collider2origin": [
                [
                    0.9984911777768198,
                    0.05491236565527933,
                    0.0,
                    0.19949793078659855
                ],
                [
                    -0.05491236565527933,
                    0.9984911777768198,
                    0.0,
                    1.615142983721484
                ],
                [
                    0.0,
                    0.0,
                    1.0,
                    0.1860599999999999
                ],
                [
                    0.0,
                    0.0,
                    0.0,
                    1.0
                ]
            ],
            "size": [
                0.62,
                0.62,
                0.02
            ]
        },
        "collider2": {
            "type": "Box",
            "collider2origin": [
                [
                    -0.0028078061382467664,
                    0.9424866872962507,
                    -0.3342318962846441,
                    0.43424361479986096
                ],
                [
                    0.007928418560440081,
                    0.33424368992640496,
                    0.9424533388574265,
                    1.011045601992897
                ],
                [
                    0.999964627576306,
                    -3.704100139214373e-06,
                    -0.008410920428772888,
                    0.12467744042022821
                ],
                [
                    0.0,
                    0.0,
                    0.0,
                    1.0
                ]
            ],
            "size": [
                0.15068,
                0.17726,
                0.74884
            ]
        },
        "distance": 0.0
    },
    {
        "case": 22,
        "collider1": {
            "type": "Box",
            "collider2origin": [
                [
                    0.9987652092017612,
                    0.049679541947991616,
                    0.0,
                    -0.47864210557426284
                ],
                [
                    -0.049679541947991616,
                    0.9987652092017612,
                    0.0,
                    1.3769077942590573
                ],
                [
                    0.0,
                    0.0,
                    1.0,
                    0.12009999999999998
                ],
                [
                    0.0,
                    0.0,
                    0.0,
                    1.0
                ]
            ],
            "size": [
                4.0,
                0.1,
                0.16
            ]
        },
        "collider2": {
            "type": "Box",
            "collider2origin": [
                [
                    -0.0028078061382467664,
                    0.9424866872962507,
                    -0.3342318962846441,
                    0.43424361479986096
                ],
                [
                    0.007928418560440081,
                    0.33424368992640496,
                    0.9424533388574265,
                    1.011045601992897
                ],
                [
                    0.999964627576306,
                    -3.704100139214373e-06,
                    -0.008410920428772888,
                    0.12467744042022821
                ],
                [
                    0.0,
                    0.0,
                    0.0,
                    1.0
                ]
            ],
            "size": [
                0.15068,
                0.17726,
                0.74884
            ]
        },
        "distance": 0.0
    },
    {
        "case": 23,
        "collider1": {
            "type": "Box",
            "collider2origin": [
                [
                    0.9987652092017612,
                    0.049679541947991616,
                    0.0,
                    -0.8452169757328698
                ],
                [
                    -0.049679541947991616,
                    0.9987652092017612,
                    0.0,
                    1.7355619287231678
                ],
                [
                    0.0,
                    0.0,
                    1.0,
                    -0.39990000000000003
                ],
                [
                    0.0,
                    0.0,
                    0.0,
                    1.0
                ]
            ],
            "size": [
                5.96,
                0.78,
                0.87
            ]
        },
        "collider2": {
            "type": "Sphere",
            "collider2origin": [
                [
                    1.0,
                    0.0,
                    0.0,
                    0.44792325299776653
                ],
                [
                    0.0,
                    1.0,
                    0.0,
                    1.7761102321410376
                ],
                [
                    0.0,
                    0.0,
                    1.0,
                    -0.15675001074211226
                ],
                [
                    0.0,
                    0.0,
                    0.0,
                    1.0
                ]
            ],
            "radius": 0.00487
        },
        "distance": 0.0
    },
    {
        "case": 24,
        "collider1": {
            "type": "Box",
            "collider2origin": [
                [
                    0.9987652092017612,
                    0.049679541947991616,
                    0.0,
                    -0.8452169757328698
                ],
                [
                    -0.049679541947991616,
                    0.9987652092017612,
                    0.0,
                    1.7355619287231678
                ],
                [
                    0.0,
                    0.0,
                    1.0,
                    -0.39990000000000003
                ],
                [
                    0.0,
                    0.0,
                    0.0,
                    1.0
                ]
            ],
            "size": [
                5.96,
                0.78,
                0.87
            ]
        },
        "collider2": {
            "type": "Cylinder",
            "collider2origin": [
                [
                    0.5899719763863188,
                    -0.6634728112789134,
                    -0.46014877569377033,
                    0.40706711582715494
                ],
                [
                    -0.7938719194904884,
                    -0.3726774258376454,
                    -0.48049860740226225,
                    1.7701109835421787
                ],
                [
                    0.1473107006408834,
                    0.6487799048711983,
                    -0.7465816716957427,
                    -0.1926063219519305
                ],
                [
                    0.0,
                    0.0,
                    0.0,
                    1.0
                ]
            ],
            "radius": 0.00783,
            "height": 0.03044
        },
        "distance": 0.0
    },
    {
        "case": 25,
        "collider1": {
            "type": "Box",
            "collider2origin": [
                [
                    0.9987652092017612,
                    0.049679541947991616,
                    0.0,
                    -0.8452169757328698
                ],
                [
                    -0.049679541947991616,
                    0.9987652092017612,
                    0.0,
                    1.7355619287231678
                ],
                [
                    0.0,
                    0.0,
                    1.0,
                    -0.39990000000000003
                ],
                [
                    0.0,
                    0.0,
                    0.0,
                    1.0
                ]
            ],
            "size": [
                5.96,
                0.78,
                0.87
            ]
        },
        "collider2": {
            "type": "Cylinder",
            "collider2origin": [
                [
                    -0.3967241411096286,
                    -0.5223983925699394,
                    -0.7547912792959193,
                    0.39169914055374294
                ],
                [
                    -0.7832603680558111,
                    0.621421344075695,
                    -0.018404047387244087,
                    1.7008758648413784
                ],
                [
                    0.4786576560485608,
                    0.583896765333993,
                    -0.6557068062317158,
                    -0.13957218049459919
                ],
                [
                    0.0,
                    0.0,
                    0.0,
                    1.0
                ]
            ],
            "radius": 0.01271,
            "height": 0.05982
        },
        "distance": 0.0
    },
    {
        "case": 26,
        "collider1": {
            "type": "Box",
            "collider2origin": [
                [
                    0.9987652092017612,
                    0.049679541947991616,
                    0.0,
                    -0.8452169757328698
                ],
                [
                    -0.049679541947991616,
                    0.9987652092017612,
                    0.0,
                    1.7355619287231678
                ],
                [
                    0.0,
                    0.0,
                    1.0,
                    -0.39990000000000003
                ],
                [
                    0.0,
                    0.0,
                    0.0,
                    1.0
                ]
            ],
            "size": [
                5.96,
                0.78,
                0.87
            ]
        },
        "collider2": {
            "type": "Cylinder",
            "collider2origin": [
                [
                    0.05198880799568636,
                    0.9036920003737756,
                    -0.4250152142025403,
                    0.4278146866213517
                ],
                [
                    -0.9475596277409104,
                    0.17901859612943338,
                    0.2647321176498109,
                    1.6946847139467622
                ],
                [
                    0.3153219239423326,
                    0.3889641509191949,
                    0.8656090188884441,
                    -0.23478309479996062
                ],
                [
                    0.0,
                    0.0,
                    0.0,
                    1.0
                ]
            ],
            "radius": 0.00713,
            "height": 0.01426
        },
        "distance": 0.0
    },
    {
        "case": 27,
        "collider1": {
            "type": "Box",
            "collider2origin": [
                [
                    0.9987652092017612,
                    0.049679541947991616,
                    0.0,
                    -0.8452169757328698
                ],
                [
                    -0.049679541947991616,
                    0.9987652092017612,
                    0.0,
                    1.7355619287231678
                ],
                [
                    0.0,
                    0.0,
                    1.0,
                    -0.39990000000000003
                ],
                [
                    0.0,
                    0.0,
                    0.0,
                    1.0
                ]
            ],
            "size": [
                5.96,
                0.78,
                0.87
            ]
        },
        "collider2": {
            "type": "Sphere",
            "collider2origin": [
                [
                    1.0,
                    0.0,
                    0.0,
                    0.43410329193318414
                ],
                [
                    0.0,
                    1.0,
                    0.0,
                    1.7522567958905806
                ],
                [
                    0.0,
                    0.0,
                    1.0,
                    -0.13243048238110156
                ],
                [
                    0.0,
                    0.0,
                    0.0,
                    1.0
                ]
            ],
            "radius": 0.00563
        },
        "distance": 0.0
    },
    {
        "case": 28,
        "collider1": {
            "type": "Box",
            "collider2origin": [
                [
                    0.9987652092017612,
                    0.049679541947991616,
                    0.0,
                    -0.8452169757328698
                ],
                [
                    -0.049679541947991616,
                    0.9987652092017612,
                    0.0,
                    1.7355619287231678
                ],
                [
                    0.0,
                    0.0,
                    1.0,
                    -0.39990000000000003
                ],
                [
                    0.0,
                    0.0,
                    0.0,
                    1.0
                ]
            ],
            "size": [
                5.96,
                0.78,
                0.87
            ]
        },
        "collider2": {
            "type": "Cylinder",
            "collider2origin": [
                [
                    0.25839490208794214,
                    -0.9657782762356688,
                    -0.022458756114752305,
                    0.43545314867653434
                ],
                [
                    -0.9366132127094783,
                    -0.24476199128490336,
                    -0.25069355276966704,
                    1.7475431846576943
                ],
                [
                    0.23661733738885618,
                    0.08581310374009322,
                    -0.9678059448430244,
                    -0.15256286316226186
                ],
                [
                    0.0,
                    0.0,
                    0.0,
                    1.0
                ]
            ],
            "radius": 0.00813,
            "height": 0.03824
        },
        "distance": 0.0
    },
    {
        "case": 29,
        "collider1": {
            "type": "Box",
            "collider2origin": [
                [
                    0.9987652092017612,
                    0.049679541947991616,
                    0.0,
                    -0.8452169757328698
                ],
                [
                    -0.049679541947991616,
                    0.9987652092017612,
                    0.0,
                    1.7355619287231678
                ],
                [
                    0.0,
                    0.0,
                    1.0,
                    -0.39990000000000003
                ],
                [
                    0.0,
                    0.0,
                    0.0,
                    1.0
                ]
            ],
            "size": [
                5.96,
                0.78,
                0.87
            ]
        },
        "collider2": {
            "type": "Sphere",
            "collider2origin": [
                [
                    1.0,
                    0.0,
                    0.0,
                    0.41595182171912
                ],
                [
                    0.0,
                    1.0,
                    0.0,
                    1.7844571744415516
                ],
                [
                    0.0,
                    0.0,
                    1.0,
                    -0.15613577893579167
                ],
                [
                    0.0,
                    0.0,
                    0.0,
                    1.0
                ]
            ],
            "radius": 0.00484
        },
        "distance": 0.0
    },
    {
        "case": 30,
        "collider1": {
            "type": "Box",
            "collider2origin": [
                [
                    0.9987652092017612,
                    0.049679541947991616,
                    0.0,
                    -0.8452169757328698
                ],
                [
                    -0.049679541947991616,
                    0.9987652092017612,
                    0.0,
                    1.7355619287231678
                ],
                [
                    0.0,
                    0.0,
                    1.0,
                    -0.39990000000000003
                ],
                [
                    0.0,
                    0.0,
                    0.0,
                    1.0
                ]
            ],
            "size": [
                5.96,
                0.78,
                0.87
            ]
        },
        "collider2": {
            "type": "Cylinder",
            "collider2origin": [
                [
                    0.41510823025257704,
                    -0.8540285396246092,
                    -0.3135608564269943,
                    0.444026334451364
                ],
                [
                    -0.8882507648111837,
                    -0.3059331092903019,
                    -0.3426594686453531,
                    1.7705673796089578
                ],
                [
                    0.19671231783729534,
                    0.4207614361447882,
                    -0.8855868550653028,
                    -0.1718176121321917
                ],
                [
                    0.0,
                    0.0,
                    0.0,
                    1.0
                ]
            ],
            "radius": 0.0076,
            "height": 0.02993
        },
        "distance": 0.0
    },
    {
        "case": 31,
        "collider1": {
            "type": "Box",
            "collider2origin": [
                [
                    0.9987652092017612,
                    0.049679541947991616,
                    0.0,
                    -0.8452169757328698
                ],
                [
                    -0.049679541947991616,
                    0.9987652092017612,
                    0.0,
                    1.7355619287231678
                ],
                [
                    0.0,
                    0.0,
                    1.0,
                    -0.39990000000000003
                ],
                [
                    0.0,
                    0.0,
                    0.0,
                    1.0
                ]
            ],
            "size": [
                5.96,
                0.78,
                0.87
            ]
        },
        "collider2": {
            "type": "Cylinder",
            "collider2origin": [
                [
                    0.585717942693645,
                    -0.7936369853563131,
                    -0.16454430127253536,
                    0.41515769081950415
                ],
                [
                    -0.79599151166752,
                    -0.5249850100147697,
                    -0.30131089029945185,
                    1.7800459563237485
                ],
                [
                    0.15274817498084864,
                    0.3074590618835868,
                    -0.9392214436998786,
                    -0.16992784951389717
                ],
                [
                    0.0,
                    0.0,
                    0.0,
                    1.0
                ]
            ],
            "radius": 0.0076,
            "height": 0.02993
        },
        "distance": 0.0
    },
    {
        "case": 32,
        "collider1": {
            "type": "Box",
            "collider2origin": [
                [
                    0.9987652092017612,
                    0.049679541947991616,
                    0.0,
                    -0.8452169757328698
                ],
                [
                    -0.049679541947991616,
                    0.9987652092017612,
                    0.0,
                    1.7355619287231678
                ],
                [
                    0.0,
                    0.0,
                    1.0,
                    -0.39990000000000003
                ],
                [
                    0.0,
                    0.0,
                    0.0,
                    1.0
                ]
            ],
            "size": [
                5.96,
                0.78,
                0.87
            ]
        },
        "collider2": {
            "type": "Cylinder",
            "collider2origin": [
                [
                    -0.3958117848730931,
                    -0.4416424510808462,
                    -0.8051614598072103,
                    0.40259930209557016
                ],
                [
                    -0.7540421191449784,
                    0.6567429477372377,
                    0.010449074253435714,
                    1.703138680334912
                ],
                [
                    0.5241693557533915,
                    0.6112615201374173,
                    -0.5929636080640763,
                    -0.12977329053683861
                ],
                [
                    0.0,
                    0.0,
                    0.0,
                    1.0
                ]
            ],
            "radius": 0.01169,
            "height": 0.05502
        },
        "distance": 0.0
    },
    {
        "case": 33,
        "collider1": {
            "type": "Box",
            "collider2origin": [
                [
                    0.9987652092017612,
                    0.049679541947991616,
                    0.0,
                    -0.8452169757328698
                ],
                [
                    -0.049679541947991616,
                    0.9987652092017612,
                    0.0,
                    1.7355619287231678
                ],
                [
                    0.0,
                    0.0,
                    1.0,
                    -0.39990000000000003
                ],
                [
                    0.0,
                    0.0,
                    0.0,
                    1.0
                ]
            ],
            "size": [
                5.96,
                0.78,
                0.87
            ]
        },
        "collider2": {
            "type": "Sphere",
            "collider2origin": [
                [
                    1.0,
                    0.0,
                    0.0,
                    0.42111506456694414
                ],
                [
                    0.0,
                    1.0,
                    0.0,
                    1.7033181357002776
                ],
                [
                    0.0,
                    0.0,
                    1.0,
                    -0.11667148776487257
                ],
                [
                    0.0,
                    0.0,
                    0.0,
                    1.0
                ]
            ],
            "radius": 0.01051
        },
        "distance": 0.0
    },
    {
        "case": 34,
        "collider1": {
            "type": "Box",
            "collider2origin": [
                [
                    0.9987652092017612,
                    0.049679541947991616,
                    0.0,
                    -0.8452169757328698
                ],
                [
                    -0.049679541947991616,
                    0.9987652092017612,
                    0.0,
                    1.7355619287231678
                ],
                [
                    0.0,
                    0.0,
                    1.0,
                    -0.39990000000000003
                ],
                [
                    0.0,
                    0.0,
                    0.0,
                    1.0
                ]
            ],
            "size": [
                5.96,
                0.78,
                0.87
            ]
        },
        "collider2": {
            "type": "Cylinder",
            "collider2origin": [
                [
                    0.02092048023073131,
                    0.9008669701423554,
                    -0.4335908620040878,
                    0.4212247075246659
                ],
                [
                    -0.9462059011876434,
                    0.15790317458159966,
                    0.2824198647665067,
                    1.6986523659287758
                ],
                [
                    0.32288810146023444,
                    0.40435787313169147,
                    0.8557090535759332,
                    -0.22134240758568013
                ],
                [
                    0.0,
                    0.0,
                    0.0,
                    1.0
                ]
            ],
            "radius": 0.00713,
            "height": 0.01697
        },
        "distance": 0.0
    }
]