[
    {
        "case": 0,
        "collider1": {
            "type": "Box",
            "collider2origin": [
                [
                    0.999131514540288,
                    0.041667933143249715,
                    0.0,
                    1.4771061177758427
                ],
                [
                    -0.041667933143249715,
                    0.999131514540288,
                    0.0,
                    0.2752134143142163
                ],
                [
                    0.0,
                    0.0,
                    1.0,
                    -0.26
                ],
                [
                    0.0,
                    0.0,
                    0.0,
                    1.0
                ]
            ],
            "size": [
                0.71,
                0.71,
                0.998
            ]
        },
        "collider2": {
            "type": "Sphere",
            "collider2origin": [
                [
                    1.0,
                    0.0,
                    0.0,
                    1.3583870704150165
                ],
                [
                    0.0,
                    1.0,
                    0.0,
                    0.455889355178663
                ],
                [
                    0.0,
                    0.0,
                    1.0,
                    0.089700532065627
                ],
                [
                    0.0,
                    0.0,
                    0.0,
                    1.0
                ]
            ],
            "radius": 0.00484
        },
        "distance": 0.0
    },
    {
        "case": 1,
        "collider1": {
            "type": "Box",
            "collider2origin": [
                [
                    0.999131514540288,
                    0.041667933143249715,
                    0.0,
                    1.4771061177758427
                ],
                [
                    -0.041667933143249715,
                    0.999131514540288,
                    0.0,
                    0.2752134143142163
                ],
                [
                    0.0,
                    0.0,
                    1.0,
                    -0.26
                ],
                [
                    0.0,
                    0.0,
                    0.0,
                    1.0
                ]
            ],
            "size": [
                0.71,
                0.71,
                0.998
            ]
        },
        "collider2": {
            "type": "Cylinder",
            "collider2origin": [
                [
                    -0.7181197445319493,
                    -0.3701997210517737,
                    0.5892844805750078,
                    1.3666853595869446
                ],
                [
                    -0.22389531831517917,
                    -0.6788483192859825,
                    -0.6993109793497749,
                    0.44647812771044715
                ],
                [
                    0.6589195087033864,
                    -0.6341270581955839,
                    0.4046083972365155,
                    0.09697225086935979
                ],
                [
                    0.0,
                    0.0,
                    0.0,
                    1.0
                ]
            ],
            "radius": 0.0076,
            "height": 0.02993
        },
        "distance": 0.0
    },
    {
        "case": 2,
        "collider1": {
            "type": "Box",
            "collider2origin": [
                [
                    0.999131514540288,
                    0.041667933143249715,
                    0.0,
                    1.4771061177758427
                ],
                [
                    -0.041667933143249715,
                    0.999131514540288,
                    0.0,
                    0.2752134143142163
                ],
                [
                    0.0,
                    0.0,
                    1.0,
                    -0.26
                ],
                [
                    0.0,
                    0.0,
                    0.0,
                    1.0
                ]
            ],
            "size": [
                0.71,
                0.71,
                0.998
            ]
        },
        "collider2": {
            "type": "Sphere",
            "collider2origin": [
                [
                    1.0,
                    0.0,
                    0.0,
                    1.295279475190881
                ],
                [
                    0.0,
                    1.0,
                    0.0,
                    0.41659491107270374
                ],
                [
                    0.0,
                    0.0,
                    1.0,
                    0.09353190313362991
                ],
                [
                    0.0,
                    0.0,
                    0.0,
                    1.0
                ]
            ],
            "radius": 0.00663
        },
        "distance": 0.0
    },
    {
        "case": 3,
        "collider1": {
            "type": "Box",
            "collider2origin": [
                [
                    1.0,
                    0.0,
                    0.0,
                    1.0596
                ],
                [
                    0.0,
                    1.0,
                    0.0,
                    0.84274
                ],
                [
                    0.0,
                    0.0,
                    1.0,
                    0.13693
                ],
                [
                    0.0,
                    0.0,
                    0.0,
                    1.0
                ]
            ],
            "size": [
                0.1,
                0.1,
                2.0
            ]
        },
        "collider2": {
            "type": "Box",
            "collider2origin": [
                [
                    0.11030126091362354,
                    0.5254009663503495,
                    0.8436749708264335,
                    0.7147697953967926
                ],
                [
                    -0.06811451467571318,
                    0.8508547611360577,
                    -0.5209669743300377,
                    0.6622417344464865
                ],
                [
                    -0.9915614175286152,
                    -3.1970189305044732e-06,
                    0.12963778484077187,
                    0.16628486882951954
                ],
                [
                    0.0,
                    0.0,
                    0.0,
                    1.0
                ]
            ],
            "size": [
                0.15068,
                0.17726,
                0.74884
            ]
        },
        "distance": 0.17730882586710228
    },
    {
        "case": 4,
        "collider1": {
            "type": "Box",
            "collider2origin": [
                [
                    1.0,
                    0.0,
                    0.0,
                    1.0596
                ],
                [
                    0.0,
                    1.0,
                    0.0,
                    0.84274
                ],
                [
                    0.0,
                    0.0,
                    1.0,
                    0.13693
                ],
                [
                    0.0,
                    0.0,
                    0.0,
                    1.0
                ]
            ],
            "size": [
                0.1,
                0.1,
                2.0
            ]
        },
        "collider2": {
            "type": "Box",
            "collider2origin": [
                [
                    0.11030126091362354,
                    0.5254009663503495,
                    0.8436749708264335,
                    0.7147697953967926
                ],
                [
                    -0.06811451467571318,
                    0.8508547611360577,
                    -0.5209669743300377,
                    0.6622417344464865
                ],
                [
                    -0.9915614175286152,
                    -3.1970189305044732e-06,
                    0.12963778484077187,
                    0.16628486882951954
                ],
                [
                    0.0,
                    0.0,
                    0.0,
                    1.0
                ]
            ],
            "size": [
                0.15068,
                0.17726,
                0.74884
            ]
        },
        "distance": 0.17730882586710228
    },
    {
        "case": 5,
        "collider1": {
            "type": "Box",
            "collider2origin": [
                [
                    0.999131514540288,
                    0.041667933143249715,
                    0.0,
                    1.4771061177758427
                ],
                [
                    -0.041667933143249715,
                    0.999131514540288,
                    0.0,
                    0.2752134143142163
                ],
                [
                    0.0,
                    0.0,
                    1.0,
                    -0.26
                ],
                [
                    0.0,
                    0.0,
                    0.0,
                    1.0
                ]
            ],
            "size": [
                0.71,
                0.71,
                0.998
            ]
        },
        "collider2": {
            "type": "Sphere",
            "collider2origin": [
                [
                    1.0,
                    0.0,
                    0.0,
                    1.3071739015468573
                ],
                [
                    0.0,
                    1.0,
                    0.0,
                    0.43062610870696544
                ],
                [
                    0.0,
                    0.0,
                    1.0,
                    0.09095087966684856
                ],
                [
                    0.0,
                    0.0,
                    0.0,
                    1.0
                ]
            ],
            "radius": 0.00563
        },
        "distance": 0.0
    },
    {
        "case": 6,
        "collider1": {
            "type": "Box",
            "collider2origin": [
                [
                    0.999131514540288,
                    0.041667933143249715,
                    0.0,
                    1.4771061177758427
                ],
                [
                    -0.041667933143249715,
                    0.999131514540288,
                    0.0,
                    0.2752134143142163
                ],
                [
                    0.0,
                    0.0,
                    1.0,
                    -0.26
                ],
                [
                    0.0,
                    0.0,
                    0.0,
                    1.0
                ]
            ],
            "size": [
                0.71,
                0.71,
                0.998
            ]
        },
        "collider2": {
            "type": "Cylinder",
            "collider2origin": [
                [
                    -0.6898224131941106,
                    0.19893494769537107,
                    0.6961105694072555,
                    1.3211650719243104
                ],
                [
                    -0.5371693849142127,
                    -0.7852674463160724,
                    -0.30790272760584636,
                    0.42574677239678427
                ],
                [
                    0.4853803561805316,
                    -0.5863274889868917,
                    0.6485568483119933,
                    0.10543508584603623
                ],
                [
                    0.0,
                    0.0,
                    0.0,
                    1.0
                ]
            ],
            "radius": 0.00813,
            "height": 0.03824
        },
        "distance": 0.0
    },
    {
        "case": 7,
        "collider1": {
            "type": "Box",
            "collider2origin": [
                [
                    0.999131514540288,
                    0.041667933143249715,
                    0.0,
                    1.4771061177758427
                ],
                [
                    -0.041667933143249715,
                    0.999131514540288,
                    0.0,
                    0.2752134143142163
                ],
                [
                    0.0,
                    0.0,
                    1.0,
                    -0.26
                ],
                [
                    0.0,
                    0.0,
                    0.0,
                    1.0
                ]
            ],
            "size": [
                0.71,
                0.71,
                0.998
            ]
        },
        "collider2": {
            "type": "Box",
            "collider2origin": [
                [
                    -0.8232788871550543,
                    -0.14693468490258899,
                    -0.5482901351814676,
                    1.3837010821909455
                ],
                [
                    -0.42214206611400784,
                    0.8042316800270508,
                    0.41833895450682534,
                    0.3357235340613432
                ],
                [
                    0.3794837940963117,
                    0.5758659594154215,
                    -0.7241342740160994,
                    0.08520604135169241
                ],
                [
                    0.0,
                    0.0,
                    0.0,
                    1.0
                ]
            ],
            "size": [
                0.06241,
                0.05638,
                0.02858
            ]
        },
        "distance": 0.0
    },
    {
        "case": 8,
        "collider1": {
            "type": "Box",
            "collider2origin": [
                [
                    0.999131514540288,
                    0.041667933143249715,
                    0.0,
                    1.4771061177758427
                ],
                [
                    -0.041667933143249715,
                    0.999131514540288,
                    0.0,
                    0.2752134143142163
                ],
                [
                    0.0,
                    0.0,
                    1.0,
                    -0.26
                ],
                [
                    0.0,
                    0.0,
                    0.0,
                    1.0
                ]
            ],
            "size": [
                0.71,
                0.71,
                0.998
            ]
        },
        "collider2": {
            "type": "Cylinder",
            "collider2origin": [
                [
                    -0.7158839229984336,
                    0.30547581073570657,
                    0.6278492954903547,
                    1.306780615401848
                ],
                [
                    -0.5921419182398865,
                    -0.7420939840435626,
                    -0.31410900577592443,
                    0.4104889363615808
                ],
                [
                    0.36997048187059417,
                    -0.5966414735012268,
                    0.7121381850755685,
                    0.1091077641587801
                ],
                [
                    0.0,
                    0.0,
                    0.0,
                    1.0
                ]
            ],
            "radius": 0.00796,
            "height": 0.03037
        },
        "distance": 0.0
    },
    {
        "case": 9,
        "collider1": {
            "type": "Box",
            "collider2origin": [
                [
                    0.999131514540288,
                    0.041667933143249715,
                    0.0,
                    1.4771061177758427
                ],
                [
                    -0.041667933143249715,
                    0.999131514540288,
                    0.0,
                    0.2752134143142163
                ],
                [
                    0.0,
                    0.0,
                    1.0,
                    -0.26
                ],
                [
                    0.0,
                    0.0,
                    0.0,
                    1.0
                ]
            ],
            "size": [
                0.71,
                0.71,
                0.998
            ]
        },
        "collider2": {
            "type": "Box",
            "collider2origin": [
                [
                    -0.43745501485936333,
                    0.5254005480122176,
                    0.729785841273216,
                    1.116310053053189
                ],
                [
                    0.27012161759454306,
                    0.8508550194466321,
                    -0.45064403645291795,
                    0.2658074275574936
                ],
                [
                    -0.8577105698791998,
                    -5.56172047907142e-06,
                    -0.5141328410893098,
                    0.06253736714328317
                ],
                [
                    0.0,
                    0.0,
                    0.0,
                    1.0
                ]
            ],
            "size": [
                0.1202,
                0.13634,
                0.67816
            ]
        },
        "distance": 0.0
    },
    {
        "case": 10,
        "collider1": {
            "type": "Box",
            "collider2origin": [
                [
                    0.9993987090681281,
                    0.03467304879815252,
                    0.0,
                    1.4653901430101843
                ],
                [
                    -0.03467304879815253,
                    0.9993987090681281,
                    0.0,
                    0.5204641530190985
                ],
                [
                    0.0,
                    0.0,
                    1.0,
                    0.2489999999999999
                ],
                [
                    0.0,
                    0.0,
                    0.0,
                    1.0
                ]
            ],
            "size": [
                0.72,
                0.16,
                0.02
            ]
        },
        "collider2": {
            "type": "Box",
            "collider2origin": [
                [
                    -0.43745501485936333,
                    0.5254005480122176,
                    0.729785841273216,
                    1.116310053053189
                ],
                [
                    0.27012161759454306,
                    0.8508550194466321,
                    -0.45064403645291795,
                    0.2658074275574936
                ],
                [
                    -0.8577105698791998,
                    -5.56172047907142e-06,
                    -0.5141328410893098,
                    0.06253736714328317
                ],
                [
                    0.0,
                    0.0,
                    0.0,
                    1.0
                ]
            ],
            "size": [
                0.1202,
                0.13634,
                0.67816
            ]
        },
        "distance": 0.09093714453109139
    },
    {
        "case": 11,
        "collider1": {
            "type": "Box",
            "collider2origin": [
                [
                    0.999131514540288,
                    0.041667933143249715,
                    0.0,
                    1.4771061177758427
                ],
                [
                    -0.041667933143249715,
                    0.999131514540288,
                    0.0,
                    0.2752134143142163
                ],
                [
                    0.0,
                    0.0,
                    1.0,
                    -0.26
                ],
                [
                    0.0,
                    0.0,
                    0.0,
                    1.0
                ]
            ],
            "size": [
                0.71,
                0.71,
                0.998
            ]
        },
        "collider2": {
            "type": "Cylinder",
            "collider2origin": [
                [
                    -0.7109582017599286,
                    -0.6096480529247326,
                    0.3505248734617426,
                    1.3714574822875818
                ],
                [
                    -0.39397846737409703,
                    -0.06758002821769031,
                    -0.9166318274158133,
                    0.42240903271716035
                ],
                [
                    0.5825112896724373,
                    -0.7897861681184202,
                    -0.1921416301923543,
                    0.12673311157295974
                ],
                [
                    0.0,
                    0.0,
                    0.0,
                    1.0
                ]
            ],
            "radius": 0.00783,
            "height": 0.03683
        },
        "distance": 0.0
    },
    {
        "case": 12,
        "collider1": {
            "type": "Box",
            "collider2origin": [
                [
                    0.999131514540288,
                    0.041667933143249715,
                    0.0,
                    1.4771061177758427
                ],
                [
                    -0.041667933143249715,
                    0.999131514540288,
                    0.0,
                    0.2752134143142163
                ],
                [
                    0.0,
                    0.0,
                    1.0,
                    -0.26
                ],
                [
                    0.0,
                    0.0,
                    0.0,
                    1.0
                ]
            ],
            "size": [
                0.71,
                0.71,
                0.998
            ]
        },
        "collider2": {
            "type": "Cylinder",
            "collider2origin": [
                [
                    -0.6059137509513296,
                    -0.08670388250338336,
                    0.7907913524861847,
                    1.3128928056516471
                ],
                [
                    -0.7932864022520713,
                    0.14046049116353615,
                    -0.5924251298046557,
                    0.35898840637637225
                ],
                [
                    -0.05970938293145182,
                    -0.9862825595035826,
                    -0.15388795407375977,
                    0.09619365828300674
                ],
                [
                    0.0,
                    0.0,
                    0.0,
                    1.0
                ]
            ],
            "radius": 0.01271,
            "height": 0.05982
        },
        "distance": 0.0
    },
    {
        "case": 13,
        "collider1": {
            "type": "Box",
            "collider2origin": [
                [
                    0.999131514540288,
                    0.041667933143249715,
                    0.0,
                    1.4771061177758427
                ],
                [
                    -0.041667933143249715,
                    0.999131514540288,
                    0.0,
                    0.2752134143142163
                ],
                [
                    0.0,
                    0.0,
                    1.0,
                    -0.26
                ],
                [
                    0.0,
                    0.0,
                    0.0,
                    1.0
                ]
            ],
            "size": [
                0.71,
                0.71,
                0.998
            ]
        },
        "collider2": {
            "type": "Cylinder",
            "collider2origin": [
                [
                    -0.7135996875348356,
                    -0.5749080133221457,
                    0.40032019955051973,
                    1.380270752644622
                ],
                [
                    -0.2223425447380417,
                    -0.35602684004361707,
                    -0.9076390703181351,
                    0.42545821563832664
                ],
                [
                    0.6643337103817601,
                    -0.736699168851533,
                    0.12623413113680224,
                    0.10418852358792652
                ],
                [
                    0.0,
                    0.0,
                    0.0,
                    1.0
                ]
            ],
            "radius": 0.00783,
            "height": 0.03044
        },
        "distance": 0.0
    },
    {
        "case": 14,
        "collider1": {
            "type": "Box",
            "collider2origin": [
                [
                    0.999131514540288,
                    0.041667933143249715,
                    0.0,
                    1.4771061177758427
                ],
                [
                    -0.041667933143249715,
                    0.999131514540288,
                    0.0,
                    0.2752134143142163
                ],
                [
                    0.0,
                    0.0,
                    1.0,
                    -0.26
                ],
                [
                    0.0,
                    0.0,
                    0.0,
                    1.0
                ]
            ],
            "size": [
                0.71,
                0.71,
                0.998
            ]
        },
        "collider2": {
            "type": "Sphere",
            "collider2origin": [
                [
                    1.0,
                    0.0,
                    0.0,
                    1.3431860984522976
                ],
                [
                    0.0,
                    1.0,
                    0.0,
                    0.4649907132508294
                ],
                [
                    0.0,
                    0.0,
                    1.0,
                    0.12032390421427763
                ],
                [
                    0.0,
                    0.0,
                    0.0,
                    1.0
                ]
            ],
            "radius": 0.00487
        },
        "distance": 0.0
    },
    {
        "case": 15,
        "collider1": {
            "type": "Box",
            "collider2origin": [
                [
                    0.999131514540288,
                    0.041667933143249715,
                    0.0,
                    1.4771061177758427
                ],
                [
                    -0.041667933143249715,
                    0.999131514540288,
                    0.0,
                    0.2752134143142163
                ],
                [
                    0.0,
                    0.0,
                    1.0,
                    -0.26
                ],
                [
                    0.0,
                    0.0,
                    0.0,
                    1.0
                ]
            ],
            "size": [
                0.71,
                0.71,
                0.998
            ]
        },
        "collider2": {
            "type": "Cylinder",
            "collider2origin": [
                [
                    -0.7152900242827248,
                    -0.3327832892522504,
                    0.6145042420977026,
                    1.3534973093528015
                ],
                [
                    -0.39459202967706547,
                    -0.5334114492031452,
                    -0.7481773559620299,
                    0.4532391610829631
                ],
                [
                    0.5767645197799123,
                    -0.7776422752483642,
                    0.2502302549045458,
                    0.12566448015805376
                ],
                [
                    0.0,
                    0.0,
                    0.0,
                    1.0
                ]
            ],
            "radius": 0.0076,
            "height": 0.02993
        },
        "distance": 0.0
    },
    {
        "case": 16,
        "collider1": {
            "type": "Box",
            "collider2origin": [
                [
                    0.999131514540288,
                    0.041667933143249715,
                    0.0,
                    1.4771061177758427
                ],
                [
                    -0.041667933143249715,
                    0.999131514540288,
                    0.0,
                    0.2752134143142163
                ],
                [
                    0.0,
                    0.0,
                    1.0,
                    -0.26
                ],
                [
                    0.0,
                    0.0,
                    0.0,
                    1.0
                ]
            ],
            "size": [
                0.71,
                0.71,
                0.998
            ]
        },
        "collider2": {
            "type": "Cylinder",
            "collider2origin": [
                [
                    -0.6334332311100918,
                    -0.12100093750334263,
                    0.7642781658851319,
                    1.3020006464083351
                ],
                [
                    -0.7675040117968511,
                    0.2239595356090056,
                    -0.6006494137893896,
                    0.3690106524748862
                ],
                [
                    -0.09848824092838723,
                    -0.9670578573865735,
                    -0.23473211724372378,
                    0.09712508200997405
                ],
                [
                    0.0,
                    0.0,
                    0.0,
                    1.0
                ]
            ],
            "radius": 0.01169,
            "height": 0.05502
        },
        "distance": 0.0
    },
    {
        "case": 17,
        "collider1": {
            "type": "Box",
            "collider2origin": [
                [
                    0.999131514540288,
                    0.041667933143249715,
                    0.0,
                    1.4771061177758427
                ],
                [
                    -0.041667933143249715,
                    0.999131514540288,
                    0.0,
                    0.2752134143142163
                ],
                [
                    0.0,
                    0.0,
                    1.0,
                    -0.26
                ],
                [
                    0.0,
                    0.0,
                    0.0,
                    1.0
                ]
            ],
            "size": [
                0.71,
                0.71,
                0.998
            ]
        },
        "collider2": {
            "type": "Sphere",
            "collider2origin": [
                [
                    1.0,
                    0.0,
                    0.0,
                    1.2850544935667976
                ],
                [
                    0.0,
                    1.0,
                    0.0,
                    0.38307692822456946
                ],
                [
                    0.0,
                    0.0,
                    1.0,
                    0.10255561517027423
                ],
                [
                    0.0,
                    0.0,
                    0.0,
                    1.0
                ]
            ],
            "radius": 0.01051
        },
        "distance": 0.0
    },
    {
        "case": 18,
        "collider1": {
            "type": "Box",
            "collider2origin": [
                [
                    0.999131514540288,
                    0.041667933143249715,
                    0.0,
                    1.4771061177758427
                ],
                [
                    -0.041667933143249715,
                    0.999131514540288,
                    0.0,
                    0.2752134143142163
                ],
                [
                    0.0,
                    0.0,
                    1.0,
                    -0.26
                ],
                [
                    0.0,
                    0.0,
                    0.0,
                    1.0
                ]
            ],
            "size": [
                0.71,
                0.71,
                0.998
            ]
        },
        "collider2": {
            "type": "Cylinder",
            "collider2origin": [
                [
                    -0.7158839229984336,
                    -0.04608780590543987,
                    0.6966965788197863,
                    1.3250644544128662
                ],
                [
                    -0.5921419182398865,
                    -0.4886468403798849,
                    -0.6407746983534404,
                    0.39818066539730296
                ],
                [
                    0.36997048187059417,
                    -0.8712635534289134,
                    0.32252389525562664,
                    0.12479640007427961
                ],
                [
                    0.0,
                    0.0,
                    0.0,
                    1.0
                ]
            ],
            "radius": 0.00713,
            "height": 0.01426
        },
        "distance": 0.0
    },
    {
        "case": 19,
        "collider1": {
            "type": "Box",
            "collider2origin": [
                [
                    0.999131514540288,
                    0.041667933143249715,
                    0.0,
                    1.4771061177758427
                ],
                [
                    -0.041667933143249715,
                    0.999131514540288,
                    0.0,
                    0.2752134143142163
                ],
                [
                    0.0,
                    0.0,
                    1.0,
                    -0.26
                ],
                [
                    0.0,
                    0.0,
                    0.0,
                    1.0
                ]
            ],
            "size": [
                0.71,
                0.71,
                0.998
            ]
        },
        "collider2": {
            "type": "Box",
            "collider2origin": [
                [
                    0.8359911715668753,
                    -0.3572173269742168,
                    0.4165507680603158,
                    1.4360199858026763
                ],
                [
                    0.48525105857210765,
                    0.8356856406625582,
                    -0.25721765130927254,
                    0.2057949502591987
                ],
                [
                    -0.2562228936236812,
                    0.41716338681601145,
                    0.871965903853644,
                    0.01089159012371943
                ],
                [
                    0.0,
                    0.0,
                    0.0,
                    1.0
                ]
            ],
            "size": [
                0.09126,
                0.11887,
                0.10009
            ]
        },
        "distance": 0.0
    },
    {
        "case": 20,
        "collider1": {
            "type": "Box",
            "collider2origin": [
                [
                    0.999131514540288,
                    0.041667933143249715,
                    0.0,
                    1.4771061177758427
                ],
                [
                    -0.041667933143249715,
                    0.999131514540288,
                    0.0,
                    0.2752134143142163
                ],
                [
                    0.0,
                    0.0,
                    1.0,
                    -0.26
                ],
                [
                    0.0,
                    0.0,
                    0.0,
                    1.0
                ]
            ],
            "size": [
                0.71,
                0.71,
                0.998
            ]
        },
        "collider2": {
            "type": "Cylinder",
            "collider2origin": [
                [
                    -0.6898224131941106,
                    -0.17245654575050223,
                    0.7031385198400513,
                    1.3426339423574234
                ],
                [
                    -0.5371693849142127,
                    -0.5292153439503419,
                    -0.656795380341859,
                    0.4113506587408779
                ],
                [
                    0.4853803561805316,
                    -0.8307766604541352,
                    0.27242622905794894,
                    0.12001442787276884
                ],
                [
                    0.0,
                    0.0,
                    0.0,
                    1.0
                ]
            ],
            "radius": 0.00683,
            "height": 0.01183
        },
        "distance": 0.0
    },
    {
        "case": 21,
        "collider1": {
            "type": "Box",
            "collider2origin": [
                [
                    0.999131514540288,
                    0.041667933143249715,
                    0.0,
                    1.4771061177758427
                ],
                [
                    -0.041667933143249715,
                    0.999131514540288,
                    0.0,
                    0.2752134143142163
                ],
                [
                    0.0,
                    0.0,
                    1.0,
                    -0.26
                ],
                [
                    0.0,
                    0.0,
                    0.0,
                    1.0
                ]
            ],
            "size": [
                0.71,
                0.71,
                0.998
            ]
        },
        "collider2": {
            "type": "Box",
            "collider2origin": [
                [
                    -0.6901129040377919,
                    -0.14693370151159124,
                    -0.7086287229859004,
                    1.3765701725184263
                ],
                [
                    -0.5004317670522936,
                    0.8042287740780024,
                    0.32059963423234294,
                    0.3753003449411926
                ],
                [
                    0.5227927182023907,
                    0.5758702686413802,
                    -0.6285389466767033,
                    0.11703718754253845
                ],
                [
                    0.0,
                    0.0,
                    0.0,
                    1.0
                ]
            ],
            "size": [
                0.07264,
                0.04753,
                0.03326
            ]
        },
        "distance": 0.0
    },
    {
        "case": 22,
        "collider1": {
            "type": "Box",
            "collider2origin": [
                [
                    0.999131514540288,
                    0.041667933143249715,
                    0.0,
                    1.4771061177758427
                ],
                [
                    -0.041667933143249715,
                    0.999131514540288,
                    0.0,
                    0.2752134143142163
                ],
                [
                    0.0,
                    0.0,
                    1.0,
                    -0.26
                ],
                [
                    0.0,
                    0.0,
                    0.0,
                    1.0
                ]
            ],
            "size": [
                0.71,
                0.71,
                0.998
            ]
        },
        "collider2": {
            "type": "Box",
            "collider2origin": [
                [
                    0.6297118239076143,
                    -0.35722139091232147,
                    -0.6898230908759233,
                    1.410205219228609
                ],
                [
                    -0.11437920131407063,
                    0.8356846123503574,
                    -0.5371672244167432,
                    0.26669686088120176
                ],
                [
                    0.7683621653476315,
                    0.4171619668132497,
                    0.48538178406981847,
                    0.045802771974777556
                ],
                [
                    0.0,
                    0.0,
                    0.0,
                    1.0
                ]
            ],
            "size": [
                0.08993,
                0.0305,
                0.09007
            ]
        },
        "distance": 0.0
    },
    {
        "case": 23,
        "collider1": {
            "type": "Box",
            "collider2origin": [
                [
                    0.999131514540288,
                    0.041667933143249715,
                    0.0,
                    1.4771061177758427
                ],
                [
                    -0.041667933143249715,
                    0.999131514540288,
                    0.0,
                    0.2752134143142163
                ],
                [
                    0.0,
                    0.0,
                    1.0,
                    -0.26
                ],
                [
                    0.0,
                    0.0,
                    0.0,
                    1.0
                ]
            ],
            "size": [
                0.71,
                0.71,
                0.998
            ]
        },
        "collider2": {
            "type": "Cylinder",
            "collider2origin": [
                [
                    -0.6898224131941106,
                    -0.17245654575050223,
                    0.7031385198400513,
                    1.3541082755623557
                ],
                [
                    -0.5371693849142127,
                    -0.5292153439503419,
                    -0.656795380341859,
                    0.4006290025782464
                ],
                [
                    0.4853803561805316,
                    -0.8307766604541352,
                    0.27242622905794894,
                    0.12445611298458092
                ],
                [
                    0.0,
                    0.0,
                    0.0,
                    1.0
                ]
            ],
            "radius": 0.00683,
            "height": 0.01782
        },
        "distance": 0.0
    },
    {
        "case": 24,
        "collider1": {
            "type": "Box",
            "collider2origin": [
                [
                    0.999131514540288,
                    0.041667933143249715,
                    0.0,
                    1.4771061177758427
                ],
                [
                    -0.041667933143249715,
                    0.999131514540288,
                    0.0,
                    0.2752134143142163
                ],
                [
                    0.0,
                    0.0,
                    1.0,
                    -0.26
                ],
                [
                    0.0,
                    0.0,
                    0.0,
                    1.0
                ]
            ],
            "size": [
                0.71,
                0.71,
                0.998
            ]
        },
        "collider2": {
            "type": "Box",
            "collider2origin": [
                [
                    0.741917064639117,
                    0.5253993974355481,
                    0.4165507680603158,
                    1.3889602639673209
                ],
                [
                    -0.45813055637099753,
                    0.850855729941417,
                    -0.25721765130927254,
                    0.2287972199283549
                ],
                [
                    -0.48956660682329656,
                    -4.7029549537033317e-07,
                    0.871965903853644,
                    -0.08524821529193616
                ],
                [
                    0.0,
                    0.0,
                    0.0,
                    1.0
                ]
            ],
            "size": [
                0.09102,
                0.10007,
                0.11882
            ]
        },
        "distance": 0.0
    },
    {
        "case": 25,
        "collider1": {
            "type": "Box",
            "collider2origin": [
                [
                    0.999131514540288,
                    0.041667933143249715,
                    0.0,
                    1.4771061177758427
                ],
                [
                    -0.041667933143249715,
                    0.999131514540288,
                    0.0,
                    0.2752134143142163
                ],
                [
                    0.0,
                    0.0,
                    1.0,
                    -0.26
                ],
                [
                    0.0,
                    0.0,
                    0.0,
                    1.0
                ]
            ],
            "size": [
                0.71,
                0.71,
                0.998
            ]
        },
        "collider2": {
            "type": "Cylinder",
            "collider2origin": [
                [
                    -0.7003579817154131,
                    -0.0575396537910117,
                    0.711468822710541,
                    1.335756671351033
                ],
                [
                    -0.5925632077135636,
                    -0.5088387503625283,
                    -0.6244613446753229,
                    0.38818573823741415
                ],
                [
                    0.3979541962484188,
                    -0.8589367347896528,
                    0.3222733984013634,
                    0.12985605298262692
                ],
                [
                    0.0,
                    0.0,
                    0.0,
                    1.0
                ]
            ],
            "radius": 0.00713,
            "height": 0.01697
        },
        "distance": 0.0
    }
]