[
    {
        "case": 0,
        "collider1": {
            "type": "Box",
            "collider2origin": [
                [
                    0.9980268447818988,
                    0.0627886701140236,
                    0.0,
                    -0.04
                ],
                [
                    -0.0627886701140236,
                    0.9980268447818988,
                    0.0,
                    0.02
                ],
                [
                    0.0,
                    0.0,
                    1.0,
                    -0.13
                ],
                [
                    0.0,
                    0.0,
                    0.0,
                    1.0
                ]
            ],
            "size": [
                0.6,
                0.4,
                0.4
            ]
        },
        "collider2": {
            "type": "Box",
            "collider2origin": [
                [
                    0.23263358815076965,
                    0.9639841753972295,
                    0.12890354241765864,
                    0.30485918665468004
                ],
                [
                    0.8431797869653908,
                    -0.2659596013237813,
                    0.46724012811047533,
                    0.2526659077970803
                ],
                [
                    0.48469522435969614,
                    -6.886095559541053e-06,
                    -0.8746831080085434,
                    0.13890957552101124
                ],
                [
                    0.0,
                    0.0,
                    0.0,
                    1.0
                ]
            ],
            "size": [
                0.1202,
                0.13634,
                0.67816
            ]
        },
        "distance": 0.024710870993270514
    }
]