[
    {
        "case": 0,
        "collider1": {
            "type": "Cylinder",
            "collider2origin": [
                [
                    1.0,
                    0.0,
                    0.0,
                    0.36025
                ],
                [
                    0.0,
                    1.0,
                    0.0,
                    0.66562
                ],
                [
                    0.0,
                    0.0,
                    1.0,
                    -0.35
                ],
                [
                    0.0,
                    0.0,
                    0.0,
                    1.0
                ]
            ],
            "radius": 0.11,
            "height": 0.68
        },
        "collider2": {
            "type": "Box",
            "collider2origin": [
                [
                    -0.4805040138035911,
                    0.809429858336097,
                    -0.3375488070674285,
                    0.41007200093285484
                ],
                [
                    0.6623418895908062,
                    0.5872165736671588,
                    0.46527402345701874,
                    0.911995874094252
                ],
                [
                    0.5748209408258529,
                    -6.678912519369878e-06,
                    -0.818279222480611,
                    -0.11821670852020694
                ],
                [
                    0.0,
                    0.0,
                    0.0,
                    1.0
                ]
            ],
            "size": [
                0.15068,
                0.17726,
                0.74884
            ]
        },
        "distance": 0.0
    },
    {
        "case": 1,
        "collider1": {
            "type": "Cylinder",
            "collider2origin": [
                [
                    1.0,
                    0.0,
                    0.0,
                    0.36025
                ],
                [
                    0.0,
                    1.0,
                    0.0,
                    0.66562
                ],
                [
                    0.0,
                    0.0,
                    1.0,
                    -0.35
                ],
                [
                    0.0,
                    0.0,
                    0.0,
                    1.0
                ]
            ],
            "radius": 0.11,
            "height": 0.68
        },
        "collider2": {
            "type": "Box",
            "collider2origin": [
                [
                    -0.4805040138035911,
                    0.809429858336097,
                    -0.3375488070674285,
                    0.41007200093285484
                ],
                [
                    0.6623418895908062,
                    0.5872165736671588,
                    0.46527402345701874,
                    0.911995874094252
                ],
                [
                    0.5748209408258529,
                    -6.678912519369878e-06,
                    -0.818279222480611,
                    -0.11821670852020694
                ],
                [
                    0.0,
                    0.0,
                    0.0,
                    1.0
                ]
            ],
            "size": [
                0.15068,
                0.17726,
                0.74884
            ]
        },
        "distance": 0.0
    }
]