[
    {
        "case": 0,
        "collider1": {
            "type": "Cylinder",
            "collider2origin": [
                [
                    1.0,
                    0.0,
                    0.0,
                    0.36025
                ],
                [
                    0.0,
                    1.0,
                    0.0,
                    0.66562
                ],
                [
                    0.0,
                    0.0,
                    1.0,
                    -0.35
                ],
                [
                    0.0,
                    0.0,
                    0.0,
                    1.0
                ]
            ],
            "radius": 0.11,
            "height": 0.68
        },
        "collider2": {
            "type": "Box",
            "collider2origin": [
                [
                    -0.20349034997170806,
                    0.9589242478568492,
                    0.19762581901302273,
                    0.596673509929675
                ],
                [
                    0.6878864491951645,
                    0.283662276012132,
                    -0.6680927676462943,
                    0.519035336087055
                ],
                [
                    -0.696709344333819,
                    -6.308191757024617e-06,
                    -0.7173535317248717,
                    -0.08781627703596262
                ],
                [
                    0.0,
                    0.0,
                    0.0,
                    1.0
                ]
            ],
            "size": [
                0.15068,
                0.17726,
                0.74884
            ]
        },
        "distance": 0.0
    },
    {
        "case": 1,
        "collider1": {
            "type": "Cylinder",
            "collider2origin": [
                [
                    1.0,
                    0.0,
                    0.0,
                    0.36025
                ],
                [
                    0.0,
                    1.0,
                    0.0,
                    0.66562
                ],
                [
                    0.0,
                    0.0,
                    1.0,
                    -0.35
                ],
                [
                    0.0,
                    0.0,
                    0.0,
                    1.0
                ]
            ],
            "radius": 0.11,
            "height": 0.68
        },
        "collider2": {
            "type": "Box",
            "collider2origin": [
                [
                    -0.20349034997170806,
                    0.9589242478568492,
                    0.19762581901302273,
                    0.596673509929675
                ],
                [
                    0.6878864491951645,
                    0.283662276012132,
                    -0.6680927676462943,
                    0.519035336087055
                ],
                [
                    -0.696709344333819,
                    -6.308191757024617e-06,
                    -0.7173535317248717,
                    -0.08781627703596262
                ],
                [
                    0.0,
                    0.0,
                    0.0,
                    1.0
                ]
            ],
            "size": [
                0.15068,
                0.17726,
                0.74884
            ]
        },
        "distance": 0.0
    }
]