[
    {
        "case": 0,
        "collider1": {
            "type": "Box",
            "collider2origin": [
                [
                    0.9980268447818988,
                    0.0627886701140236,
                    0.0,
                    -0.04
                ],
                [
                    -0.0627886701140236,
                    0.9980268447818988,
                    0.0,
                    0.02
                ],
                [
                    0.0,
                    0.0,
                    1.0,
                    -0.13
                ],
                [
                    0.0,
                    0.0,
                    0.0,
                    1.0
                ]
            ],
            "size": [
                0.6,
                0.4,
                0.4
            ]
        },
        "collider2": {
            "type": "Box",
            "collider2origin": [
                [
                    0.4686903393038062,
                    0.6364181426602946,
                    -0.6126184077679212,
                    0.2296861255256298
                ],
                [
                    -0.13259293307423659,
                    -0.6349664407145177,
                    -0.761076036454379,
                    0.11084473894375946
                ],
                [
                    -0.8733547274401471,
                    0.4379378573030165,
                    -0.21321808834803102,
                    0.10301439785105337
                ],
                [
                    0.0,
                    0.0,
                    0.0,
                    1.0
                ]
            ],
            "size": [
                0.06241,
                0.05638,
                0.02858
            ]
        },
        "distance": 0.0
    },
    {
        "case": 1,
        "collider1": {
            "type": "Box",
            "collider2origin": [
                [
                    0.9980268447818988,
                    0.0627886701140236,
                    0.0,
                    -0.04
                ],
                [
                    -0.0627886701140236,
                    0.9980268447818988,
                    0.0,
                    0.02
                ],
                [
                    0.0,
                    0.0,
                    1.0,
                    -0.13
                ],
                [
                    0.0,
                    0.0,
                    0.0,
                    1.0
                ]
            ],
            "size": [
                0.6,
                0.4,
                0.4
            ]
        },
        "collider2": {
            "type": "Box",
            "collider2origin": [
                [
                    0.8577195162038133,
                    0.5116081284326827,
                    -0.05073809658140482,
                    0.14447289140305133
                ],
                [
                    0.4625956483452203,
                    -0.8110572728808668,
                    -0.35803821896428456,
                    0.23719607349502841
                ],
                [
                    -0.22432676535616883,
                    0.28362514526864374,
                    -0.9323273455799628,
                    0.06001413914866083
                ],
                [
                    0.0,
                    0.0,
                    0.0,
                    1.0
                ]
            ],
            "size": [
                0.09126,
                0.11887,
                0.10009
            ]
        },
        "distance": 0.0
    },
    {
        "case": 2,
        "collider1": {
            "type": "Box",
            "collider2origin": [
                [
                    0.9980268447818988,
                    0.0627886701140236,
                    0.0,
                    -0.04
                ],
                [
                    -0.0627886701140236,
                    0.9980268447818988,
                    0.0,
                    0.02
                ],
                [
                    0.0,
                    0.0,
                    1.0,
                    -0.13
                ],
                [
                    0.0,
                    0.0,
                    0.0,
                    1.0
                ]
            ],
            "size": [
                0.6,
                0.4,
                0.4
            ]
        },
        "collider2": {
            "type": "Box",
            "collider2origin": [
                [
                    0.6621675948977227,
                    0.511610325993604,
                    0.5475298627509585,
                    0.1829717528251526
                ],
                [
                    0.5825308450221635,
                    -0.8110557617626242,
                    0.053351344026307014,
                    0.17530815710006553
                ],
                [
                    0.4713723484307594,
                    0.28362550246472445,
                    -0.8350836386174161,
                    0.07689919862100414
                ],
                [
                    0.0,
                    0.0,
                    0.0,
                    1.0
                ]
            ],
            "size": [
                0.08993,
                0.0305,
                0.09007
            ]
        },
        "distance": 0.0
    },
    {
        "case": 3,
        "collider1": {
            "type": "Box",
            "collider2origin": [
                [
                    0.9980268447818988,
                    0.0627886701140236,
                    0.0,
                    -0.04
                ],
                [
                    -0.0627886701140236,
                    0.9980268447818988,
                    0.0,
                    0.02
                ],
                [
                    0.0,
                    0.0,
                    1.0,
                    -0.13
                ],
                [
                    0.0,
                    0.0,
                    0.0,
                    1.0
                ]
            ],
            "size": [
                0.6,
                0.4,
                0.4
            ]
        },
        "collider2": {
            "type": "Cylinder",
            "collider2origin": [
                [
                    0.22058511313599938,
                    -0.8546931986742251,
                    -0.46993802144836067,
                    0.2648319381528089
                ],
                [
                    -0.35677174379156495,
                    -0.5191205250626663,
                    0.7766774126306155,
                    0.034414942244112345
                ],
                [
                    -0.9077753745804652,
                    -0.0036628675492097616,
                    -0.4194406426499617,
                    0.09185366346417867
                ],
                [
                    0.0,
                    0.0,
                    0.0,
                    1.0
                ]
            ],
            "radius": 0.01169,
            "height": 0.05502
        },
        "distance": 0.0
    },
    {
        "case": 4,
        "collider1": {
            "type": "Box",
            "collider2origin": [
                [
                    0.9980268447818988,
                    0.0627886701140236,
                    0.0,
                    -0.04
                ],
                [
                    -0.0627886701140236,
                    0.9980268447818988,
                    0.0,
                    0.02
                ],
                [
                    0.0,
                    0.0,
                    1.0,
                    -0.13
                ],
                [
                    0.0,
                    0.0,
                    0.0,
                    1.0
                ]
            ],
            "size": [
                0.6,
                0.4,
                0.4
            ]
        },
        "collider2": {
            "type": "Cylinder",
            "collider2origin": [
                [
                    0.24721195772340773,
                    -0.8792992422734112,
                    -0.40708609715386374,
                    0.26045827416761397
                ],
                [
                    -0.3107625002333899,
                    -0.46988157077449805,
                    0.8262190858937976,
                    0.04679206484524323
                ],
                [
                    -0.917776070949364,
                    -0.07774414437046248,
                    -0.38941357399152443,
                    0.08495221438002387
                ],
                [
                    0.0,
                    0.0,
                    0.0,
                    1.0
                ]
            ],
            "radius": 0.01271,
            "height": 0.05982
        },
        "distance": 0.0
    }
]