[
    {
        "case": 0,
        "collider1": {
            "type": "Box",
            "collider2origin": [
                [
                    0.9987652092017612,
                    0.049679541947991616,
                    0.0,
                    0.36025
                ],
                [
                    -0.049679541947991616,
                    0.9987652092017612,
                    0.0,
                    0.66562
                ],
                [
                    0.0,
                    0.0,
                    1.0,
                    1.13
                ],
                [
                    0.0,
                    0.0,
                    0.0,
                    1.0
                ]
            ],
            "size": [
                2.0,
                2.0,
                0.05
            ]
        },
        "collider2": {
            "type": "Box",
            "collider2origin": [
                [
                    0.7658818837894226,
                    -0.6412705590310815,
                    -0.04687227542086186,
                    -0.08754434338197142
                ],
                [
                    0.30064392535326706,
                    0.42159537579402423,
                    -0.8554943420369735,
                    1.1228492859286054
                ],
                [
                    0.5683644695363567,
                    0.6411157533777027,
                    0.515686358690625,
                    1.1979109192132942
                ],
                [
                    0.0,
                    0.0,
                    0.0,
                    1.0
                ]
            ],
            "size": [
                0.06241,
                0.05638,
                0.02858
            ]
        },
        "distance": 0.0
    },
    {
        "case": 1,
        "collider1": {
            "type": "Box",
            "collider2origin": [
                [
                    0.9987652092017612,
                    0.049679541947991616,
                    0.0,
                    0.36025
                ],
                [
                    -0.049679541947991616,
                    0.9987652092017612,
                    0.0,
                    0.66562
                ],
                [
                    0.0,
                    0.0,
                    1.0,
                    1.13
                ],
                [
                    0.0,
                    0.0,
                    0.0,
                    1.0
                ]
            ],
            "size": [
                2.0,
                2.0,
                0.05
            ]
        },
        "collider2": {
            "type": "Box",
            "collider2origin": [
                [
                    -0.4160449935400554,
                    -0.9092962883128948,
                    0.009317908061796634,
                    0.1465366709801142
                ],
                [
                    0.90906832318636,
                    -0.41614932423397355,
                    -0.020359855567922993,
                    1.0424427805510326
                ],
                [
                    0.022390782241689944,
                    -9.208908530930193e-10,
                    0.9997492950088062,
                    0.8350500868959299
                ],
                [
                    0.0,
                    0.0,
                    0.0,
                    1.0
                ]
            ],
            "size": [
                0.1202,
                0.13634,
                0.67816
            ]
        },
        "distance": 0.0
    },
    {
        "case": 2,
        "collider1": {
            "type": "Box",
            "collider2origin": [
                [
                    0.9987652092017612,
                    0.049679541947991616,
                    0.0,
                    0.36025
                ],
                [
                    -0.049679541947991616,
                    0.9987652092017612,
                    0.0,
                    0.66562
                ],
                [
                    0.0,
                    0.0,
                    1.0,
                    1.13
                ],
                [
                    0.0,
                    0.0,
                    0.0,
                    1.0
                ]
            ],
            "size": [
                2.0,
                2.0,
                0.05
            ]
        },
        "collider2": {
            "type": "Box",
            "collider2origin": [
                [
                    -0.2576745290900126,
                    -0.5538083822703677,
                    0.7917702398962203,
                    -0.040046399822613654
                ],
                [
                    0.8673723522676972,
                    0.2284970209731757,
                    0.44210215327227925,
                    1.0986673363224015
                ],
                [
                    -0.4257570194134701,
                    0.8006780795884587,
                    0.421480216957683,
                    1.1332661421706431
                ],
                [
                    0.0,
                    0.0,
                    0.0,
                    1.0
                ]
            ],
            "size": [
                0.08993,
                0.0305,
                0.09007
            ]
        },
        "distance": 0.0
    },
    {
        "case": 3,
        "collider1": {
            "type": "Box",
            "collider2origin": [
                [
                    0.9987652092017612,
                    0.049679541947991616,
                    0.0,
                    0.36025
                ],
                [
                    -0.049679541947991616,
                    0.9987652092017612,
                    0.0,
                    0.66562
                ],
                [
                    0.0,
                    0.0,
                    1.0,
                    1.13
                ],
                [
                    0.0,
                    0.0,
                    0.0,
                    1.0
                ]
            ],
            "size": [
                2.0,
                2.0,
                0.05
            ]
        },
        "collider2": {
            "type": "Box",
            "collider2origin": [
                [
                    -0.748355767270071,
                    -0.5538126314767422,
                    -0.3650413878047658,
                    0.0018873884442879851
                ],
                [
                    -0.558178291124744,
                    0.22849832692726119,
                    0.7976374551815523,
                    1.07815159164548
                ],
                [
                    -0.3583303516459129,
                    0.8006747678104065,
                    -0.48012422900856355,
                    1.0748545043510953
                ],
                [
                    0.0,
                    0.0,
                    0.0,
                    1.0
                ]
            ],
            "size": [
                0.09126,
                0.11887,
                0.10009
            ]
        },
        "distance": 0.0
    },
    {
        "case": 4,
        "collider1": {
            "type": "Box",
            "collider2origin": [
                [
                    0.9987652092017612,
                    0.049679541947991616,
                    0.0,
                    0.36025
                ],
                [
                    -0.049679541947991616,
                    0.9987652092017612,
                    0.0,
                    0.66562
                ],
                [
                    0.0,
                    0.0,
                    1.0,
                    1.13
                ],
                [
                    0.0,
                    0.0,
                    0.0,
                    1.0
                ]
            ],
            "size": [
                2.0,
                2.0,
                0.05
            ]
        },
        "collider2": {
            "type": "Box",
            "collider2origin": [
                [
                    0.19980626742970758,
                    -0.9092976634113709,
                    -0.3650413878047658,
                    0.04661773317457507
                ],
                [
                    -0.43657385492770256,
                    -0.41614631956207715,
                    0.7976374551815523,
                    0.9922080501330606
                ],
                [
                    -0.8772005042687638,
                    -5.436799871617846e-06,
                    -0.48012422900856355,
                    1.1258200025343963
                ],
                [
                    0.0,
                    0.0,
                    0.0,
                    1.0
                ]
            ],
            "size": [
                0.09102,
                0.10007,
                0.11882
            ]
        },
        "distance": 0.0
    }
]