[
    {
        "case": 0,
        "collider1": {
            "type": "Box",
            "collider2origin": [
                [
                    0.9984911777768198,
                    0.05491236565527933,
                    0.0,
                    -0.5693402761015525
                ],
                [
                    -0.05491236565527933,
                    0.9984911777768198,
                    0.0,
                    1.657425505276049
                ],
                [
                    0.0,
                    0.0,
                    1.0,
                    0.1860599999999999
                ],
                [
                    0.0,
                    0.0,
                    0.0,
                    1.0
                ]
            ],
            "size": [
                0.62,
                0.62,
                0.29
            ]
        },
        "collider2": {
            "type": "Box",
            "collider2origin": [
                [
                    -0.484623074825152,
                    -0.8731314921893604,
                    0.05274346115108379,
                    -0.2794205114801631
                ],
                [
                    0.8680059263687,
                    -0.48748476627191156,
                    -0.09446858970914551,
                    1.5050408341767312
                ],
                [
                    0.1081951345293784,
                    -2.156290377908955e-08,
                    0.9941296760806253,
                    0.18990152161148677
                ],
                [
                    0.0,
                    0.0,
                    0.0,
                    1.0
                ]
            ],
            "size": [
                0.09102,
                0.10007,
                0.11882
            ]
        },
        "distance": 0.0
    },
    {
        "case": 1,
        "collider1": {
            "type": "Box",
            "collider2origin": [
                [
                    0.9987652092017612,
                    0.049679541947991616,
                    0.0,
                    -0.47864210557426284
                ],
                [
                    -0.049679541947991616,
                    0.9987652092017612,
                    0.0,
                    1.3769077942590573
                ],
                [
                    0.0,
                    0.0,
                    1.0,
                    0.12009999999999998
                ],
                [
                    0.0,
                    0.0,
                    0.0,
                    1.0
                ]
            ],
            "size": [
                4.0,
                0.1,
                0.16
            ]
        },
        "collider2": {
            "type": "Box",
            "collider2origin": [
                [
                    -0.484623074825152,
                    -0.8731314921893604,
                    0.05274346115108379,
                    -0.2794205114801631
                ],
                [
                    0.8680059263687,
                    -0.48748476627191156,
                    -0.09446858970914551,
                    1.5050408341767312
                ],
                [
                    0.1081951345293784,
                    -2.156290377908955e-08,
                    0.9941296760806253,
                    0.18990152161148677
                ],
                [
                    0.0,
                    0.0,
                    0.0,
                    1.0
                ]
            ],
            "size": [
                0.09102,
                0.10007,
                0.11882
            ]
        },
        "distance": 0.0214953274878489
    },
    {
        "case": 2,
        "collider1": {
            "type": "Box",
            "collider2origin": [
                [
                    0.9984911777768198,
                    0.05491236565527933,
                    0.0,
                    -0.5693402761015525
                ],
                [
                    -0.05491236565527933,
                    0.9984911777768198,
                    0.0,
                    1.657425505276049
                ],
                [
                    0.0,
                    0.0,
                    1.0,
                    0.1860599999999999
                ],
                [
                    0.0,
                    0.0,
                    0.0,
                    1.0
                ]
            ],
            "size": [
                0.62,
                0.62,
                0.29
            ]
        },
        "collider2": {
            "type": "Box",
            "collider2origin": [
                [
                    0.42995962987794994,
                    0.9013061876970669,
                    0.05274346115108379,
                    -0.2752570461467235
                ],
                [
                    -0.8963664888640291,
                    0.43313139253572636,
                    -0.09446858970914551,
                    1.4938346500338042
                ],
                [
                    -0.10798997322339124,
                    -0.0066597912160972,
                    0.9941296760806253,
                    0.2986114414499972
                ],
                [
                    0.0,
                    0.0,
                    0.0,
                    1.0
                ]
            ],
            "size": [
                0.09126,
                0.11887,
                0.10009
            ]
        },
        "distance": 0.0
    },
    {
        "case": 3,
        "collider1": {
            "type": "Box",
            "collider2origin": [
                [
                    0.9984911777768198,
                    0.05491236565527933,
                    0.0,
                    -0.5693402761015525
                ],
                [
                    -0.05491236565527933,
                    0.9984911777768198,
                    0.0,
                    1.657425505276049
                ],
                [
                    0.0,
                    0.0,
                    1.0,
                    0.1860599999999999
                ],
                [
                    0.0,
                    0.0,
                    0.0,
                    1.0
                ]
            ],
            "size": [
                0.62,
                0.62,
                0.29
            ]
        },
        "collider2": {
            "type": "Box",
            "collider2origin": [
                [
                    0.18170861674923208,
                    0.9013045495345428,
                    -0.39323286687078374,
                    -0.20814818001511415
                ],
                [
                    -0.36406514548633556,
                    0.4331347682085342,
                    0.8245306800907731,
                    1.5266620645058304
                ],
                [
                    0.9134760798406784,
                    -0.006661948459277299,
                    0.40683789155096145,
                    0.30224803576432113
                ],
                [
                    0.0,
                    0.0,
                    0.0,
                    1.0
                ]
            ],
            "size": [
                0.08993,
                0.0305,
                0.09007
            ]
        },
        "distance": 0.015687513946115856
    },
    {
        "case": 4,
        "collider1": {
            "type": "Box",
            "collider2origin": [
                [
                    0.9984911777768198,
                    0.05491236565527933,
                    0.0,
                    0.19949793078659855
                ],
                [
                    -0.05491236565527933,
                    0.9984911777768198,
                    0.0,
                    1.615142983721484
                ],
                [
                    0.0,
                    0.0,
                    1.0,
                    0.1860599999999999
                ],
                [
                    0.0,
                    0.0,
                    0.0,
                    1.0
                ]
            ],
            "size": [
                0.62,
                0.62,
                0.02
            ]
        },
        "collider2": {
            "type": "Box",
            "collider2origin": [
                [
                    -0.25894379503291853,
                    -0.8731332030385313,
                    -0.41302121103597644,
                    -0.06148847459876927
                ],
                [
                    0.46379973495539556,
                    -0.48748170196296536,
                    0.7397644193299615,
                    1.3439633003022138
                ],
                [
                    -0.8472531598461316,
                    -1.7220378187827342e-06,
                    0.5311893100654228,
                    0.03234952011849512
                ],
                [
                    0.0,
                    0.0,
                    0.0,
                    1.0
                ]
            ],
            "size": [
                0.1202,
                0.13634,
                0.67816
            ]
        },
        "distance": 0.0
    },
    {
        "case": 5,
        "collider1": {
            "type": "Box",
            "collider2origin": [
                [
                    -0.05491603331779873,
                    0.9984909760657019,
                    0.0,
                    0.13095676304947051
                ],
                [
                    -0.9984909760657019,
                    -0.05491603331779873,
                    0.0,
                    1.3910085623908217
                ],
                [
                    0.0,
                    0.0,
                    1.0,
                    0.22585999999999995
                ],
                [
                    0.0,
                    0.0,
                    0.0,
                    1.0
                ]
            ],
            "size": [
                0.1,
                0.1,
                0.06
            ]
        },
        "collider2": {
            "type": "Box",
            "collider2origin": [
                [
                    -0.25894379503291853,
                    -0.8731332030385313,
                    -0.41302121103597644,
                    -0.06148847459876927
                ],
                [
                    0.46379973495539556,
                    -0.48748170196296536,
                    0.7397644193299615,
                    1.3439633003022138
                ],
                [
                    -0.8472531598461316,
                    -1.7220378187827342e-06,
                    0.5311893100654228,
                    0.03234952011849512
                ],
                [
                    0.0,
                    0.0,
                    0.0,
                    1.0
                ]
            ],
            "size": [
                0.1202,
                0.13634,
                0.67816
            ]
        },
        "distance": 0.12243695426235059
    },
    {
        "case": 6,
        "collider1": {
            "type": "Box",
            "collider2origin": [
                [
                    0.9984911777768198,
                    0.05491236565527933,
                    0.0,
                    -0.5693402761015525
                ],
                [
                    -0.05491236565527933,
                    0.9984911777768198,
                    0.0,
                    1.657425505276049
                ],
                [
                    0.0,
                    0.0,
                    1.0,
                    0.1860599999999999
                ],
                [
                    0.0,
                    0.0,
                    0.0,
                    1.0
                ]
            ],
            "size": [
                0.62,
                0.62,
                0.29
            ]
        },
        "collider2": {
            "type": "Box",
            "collider2origin": [
                [
                    -0.25894379503291853,
                    -0.8731332030385313,
                    -0.41302121103597644,
                    -0.06148847459876927
                ],
                [
                    0.46379973495539556,
                    -0.48748170196296536,
                    0.7397644193299615,
                    1.3439633003022138
                ],
                [
                    -0.8472531598461316,
                    -1.7220378187827342e-06,
                    0.5311893100654228,
                    0.03234952011849512
                ],
                [
                    0.0,
                    0.0,
                    0.0,
                    1.0
                ]
            ],
            "size": [
                0.1202,
                0.13634,
                0.67816
            ]
        },
        "distance": 0.0
    },
    {
        "case": 7,
        "collider1": {
            "type": "Cylinder",
            "collider2origin": [
                [
                    0.999996163552453,
                    -0.002769996457679181,
                    0.0,
                    0.10432163761275043
                ],
                [
                    0.0027699964576791865,
                    0.999996163552453,
                    0.0,
                    1.362310441501493
                ],
                [
                    0.0,
                    0.0,
                    1.0,
                    0.29147999999999996
                ],
                [
                    0.0,
                    0.0,
                    0.0,
                    1.0
                ]
            ],
            "radius": 0.15,
            "height": 0.108
        },
        "collider2": {
            "type": "Box",
            "collider2origin": [
                [
                    -0.25894379503291853,
                    -0.8731332030385313,
                    -0.41302121103597644,
                    -0.06148847459876927
                ],
                [
                    0.46379973495539556,
                    -0.48748170196296536,
                    0.7397644193299615,
                    1.3439633003022138
                ],
                [
                    -0.8472531598461316,
                    -1.7220378187827342e-06,
                    0.5311893100654228,
                    0.03234952011849512
                ],
                [
                    0.0,
                    0.0,
                    0.0,
                    1.0
                ]
            ],
            "size": [
                0.1202,
                0.13634,
                0.67816
            ]
        },
        "distance": 0.07902791821437663
    },
    {
        "case": 8,
        "collider1": {
            "type": "Cylinder",
            "collider2origin": [
                [
                    0.9999999999999999,
                    9.232706511461518e-18,
                    0.0,
                    0.13445068598225568
                ],
                [
                    2.2938126075542897e-18,
                    1.0,
                    0.0,
                    1.3902555666805037
                ],
                [
                    0.0,
                    0.0,
                    1.0,
                    0.29675000000000007
                ],
                [
                    0.0,
                    0.0,
                    0.0,
                    1.0
                ]
            ],
            "radius": 0.04,
            "height": 0.08
        },
        "collider2": {
            "type": "Box",
            "collider2origin": [
                [
                    -0.25894379503291853,
                    -0.8731332030385313,
                    -0.41302121103597644,
                    -0.06148847459876927
                ],
                [
                    0.46379973495539556,
                    -0.48748170196296536,
                    0.7397644193299615,
                    1.3439633003022138
                ],
                [
                    -0.8472531598461316,
                    -1.7220378187827342e-06,
                    0.5311893100654228,
                    0.03234952011849512
                ],
                [
                    0.0,
                    0.0,
                    0.0,
                    1.0
                ]
            ],
            "size": [
                0.1202,
                0.13634,
                0.67816
            ]
        },
        "distance": 0.17378770387817014
    },
    {
        "case": 9,
        "collider1": {
            "type": "Box",
            "collider2origin": [
                [
                    0.9987652092017612,
                    0.049679541947991616,
                    0.0,
                    -0.8452169757328698
                ],
                [
                    -0.049679541947991616,
                    0.9987652092017612,
                    0.0,
                    1.7355619287231678
                ],
                [
                    0.0,
                    0.0,
                    1.0,
                    -0.39990000000000003
                ],
                [
                    0.0,
                    0.0,
                    0.0,
                    1.0
                ]
            ],
            "size": [
                5.96,
                0.78,
                0.87
            ]
        },
        "collider2": {
            "type": "Box",
            "collider2origin": [
                [
                    -0.25894379503291853,
                    -0.8731332030385313,
                    -0.41302121103597644,
                    -0.06148847459876927
                ],
                [
                    0.46379973495539556,
                    -0.48748170196296536,
                    0.7397644193299615,
                    1.3439633003022138
                ],
                [
                    -0.8472531598461316,
                    -1.7220378187827342e-06,
                    0.5311893100654228,
                    0.03234952011849512
                ],
                [
                    0.0,
                    0.0,
                    0.0,
                    1.0
                ]
            ],
            "size": [
                0.1202,
                0.13634,
                0.67816
            ]
        },
        "distance": 0.0
    },
    {
        "case": 10,
        "collider1": {
            "type": "Box",
            "collider2origin": [
                [
                    0.9987652092017612,
                    0.049679541947991616,
                    0.0,
                    -0.47864210557426284
                ],
                [
                    -0.049679541947991616,
                    0.9987652092017612,
                    0.0,
                    1.3769077942590573
                ],
                [
                    0.0,
                    0.0,
                    1.0,
                    0.12009999999999998
                ],
                [
                    0.0,
                    0.0,
                    0.0,
                    1.0
                ]
            ],
            "size": [
                4.0,
                0.1,
                0.16
            ]
        },
        "collider2": {
            "type": "Box",
            "collider2origin": [
                [
                    -0.25894379503291853,
                    -0.8731332030385313,
                    -0.41302121103597644,
                    -0.06148847459876927
                ],
                [
                    0.46379973495539556,
                    -0.48748170196296536,
                    0.7397644193299615,
                    1.3439633003022138
                ],
                [
                    -0.8472531598461316,
                    -1.7220378187827342e-06,
                    0.5311893100654228,
                    0.03234952011849512
                ],
                [
                    0.0,
                    0.0,
                    0.0,
                    1.0
                ]
            ],
            "size": [
                0.1202,
                0.13634,
                0.67816
            ]
        },
        "distance": 0.0
    },
    {
        "case": 11,
        "collider1": {
            "type": "Box",
            "collider2origin": [
                [
                    0.9992356923808713,
                    0.039090038016362835,
                    0.0,
                    -0.7387332447251884
                ],
                [
                    -0.039090038016362835,
                    0.9992356923808713,
                    0.0,
                    0.6397293653589854
                ],
                [
                    0.0,
                    0.0,
                    1.0,
                    -0.40439
                ],
                [
                    0.0,
                    0.0,
                    0.0,
                    1.0
                ]
            ],
            "size": [
                1.2,
                1.4,
                0.812
            ]
        },
        "collider2": {
            "type": "Box",
            "collider2origin": [
                [
                    -0.25894379503291853,
                    -0.8731332030385313,
                    -0.41302121103597644,
                    -0.06148847459876927
                ],
                [
                    0.46379973495539556,
                    -0.48748170196296536,
                    0.7397644193299615,
                    1.3439633003022138
                ],
                [
                    -0.8472531598461316,
                    -1.7220378187827342e-06,
                    0.5311893100654228,
                    0.03234952011849512
                ],
                [
                    0.0,
                    0.0,
                    0.0,
                    1.0
                ]
            ],
            "size": [
                0.1202,
                0.13634,
                0.67816
            ]
        },
        "distance": 0.0
    },
    {
        "case": 12,
        "collider1": {
            "type": "Cylinder",
            "collider2origin": [
                [
                    1.0,
                    0.0,
                    0.0,
                    0.36025
                ],
                [
                    0.0,
                    1.0,
                    0.0,
                    0.66562
                ],
                [
                    0.0,
                    0.0,
                    1.0,
                    -0.35
                ],
                [
                    0.0,
                    0.0,
                    0.0,
                    1.0
                ]
            ],
            "radius": 0.11,
            "height": 0.68
        },
        "collider2": {
            "type": "Box",
            "collider2origin": [
                [
                    0.1943171359292952,
                    -0.8731333281373508,
                    -0.4470783398690089,
                    0.08347332609830532
                ],
                [
                    -0.348033850957618,
                    -0.48748147787316065,
                    0.8007710330164357,
                    0.8251556392975454
                ],
                [
                    -0.9171222869780487,
                    -5.137366546902209e-06,
                    -0.3986059591899764,
                    0.007820230846381726
                ],
                [
                    0.0,
                    0.0,
                    0.0,
                    1.0
                ]
            ],
            "size": [
                0.15068,
                0.17726,
                0.74884
            ]
        },
        "distance": 0.01730526044409533
    },
    {
        "case": 13,
        "collider1": {
            "type": "Box",
            "collider2origin": [
                [
                    0.9992356923808713,
                    0.039090038016362835,
                    0.0,
                    -0.10710036334624623
                ],
                [
                    -0.039090038016362835,
                    0.9992356923808713,
                    0.0,
                    0.41486694795461987
                ],
                [
                    0.0,
                    0.0,
                    1.0,
                    -0.40439
                ],
                [
                    0.0,
                    0.0,
                    0.0,
                    1.0
                ]
            ],
            "size": [
                0.08,
                1.0,
                0.812
            ]
        },
        "collider2": {
            "type": "Box",
            "collider2origin": [
                [
                    0.1943171359292952,
                    -0.8731333281373508,
                    -0.4470783398690089,
                    0.08347332609830532
                ],
                [
                    -0.348033850957618,
                    -0.48748147787316065,
                    0.8007710330164357,
                    0.8251556392975454
                ],
                [
                    -0.9171222869780487,
                    -5.137366546902209e-06,
                    -0.3986059591899764,
                    0.007820230846381726
                ],
                [
                    0.0,
                    0.0,
                    0.0,
                    1.0
                ]
            ],
            "size": [
                0.15068,
                0.17726,
                0.74884
            ]
        },
        "distance": 0.0
    },
    {
        "case": 14,
        "collider1": {
            "type": "Box",
            "collider2origin": [
                [
                    0.9992356923808713,
                    0.039090038016362835,
                    0.0,
                    -0.7387332447251884
                ],
                [
                    -0.039090038016362835,
                    0.9992356923808713,
                    0.0,
                    0.6397293653589854
                ],
                [
                    0.0,
                    0.0,
                    1.0,
                    -0.40439
                ],
                [
                    0.0,
                    0.0,
                    0.0,
                    1.0
                ]
            ],
            "size": [
                1.2,
                1.4,
                0.812
            ]
        },
        "collider2": {
            "type": "Box",
            "collider2origin": [
                [
                    0.1943171359292952,
                    -0.8731333281373508,
                    -0.4470783398690089,
                    0.08347332609830532
                ],
                [
                    -0.348033850957618,
                    -0.48748147787316065,
                    0.8007710330164357,
                    0.8251556392975454
                ],
                [
                    -0.9171222869780487,
                    -5.137366546902209e-06,
                    -0.3986059591899764,
                    0.007820230846381726
                ],
                [
                    0.0,
                    0.0,
                    0.0,
                    1.0
                ]
            ],
            "size": [
                0.15068,
                0.17726,
                0.74884
            ]
        },
        "distance": 0.0
    },
    {
        "case": 15,
        "collider1": {
            "type": "Cylinder",
            "collider2origin": [
                [
                    1.0,
                    0.0,
                    0.0,
                    0.36025
                ],
                [
                    0.0,
                    1.0,
                    0.0,
                    0.66562
                ],
                [
                    0.0,
                    0.0,
                    1.0,
                    -0.35
                ],
                [
                    0.0,
                    0.0,
                    0.0,
                    1.0
                ]
            ],
            "radius": 0.11,
            "height": 0.68
        },
        "collider2": {
            "type": "Box",
            "collider2origin": [
                [
                    0.1943171359292952,
                    -0.8731333281373508,
                    -0.4470783398690089,
                    0.08347332609830532
                ],
                [
                    -0.348033850957618,
                    -0.48748147787316065,
                    0.8007710330164357,
                    0.8251556392975454
                ],
                [
                    -0.9171222869780487,
                    -5.137366546902209e-06,
                    -0.3986059591899764,
                    0.007820230846381726
                ],
                [
                    0.0,
                    0.0,
                    0.0,
                    1.0
                ]
            ],
            "size": [
                0.15068,
                0.17726,
                0.74884
            ]
        },
        "distance": 0.01730526044409533
    },
    {
        "case": 16,
        "collider1": {
            "type": "Box",
            "collider2origin": [
                [
                    0.9992356923808713,
                    0.039090038016362835,
                    0.0,
                    -0.10710036334624623
                ],
                [
                    -0.039090038016362835,
                    0.9992356923808713,
                    0.0,
                    0.41486694795461987
                ],
                [
                    0.0,
                    0.0,
                    1.0,
                    -0.40439
                ],
                [
                    0.0,
                    0.0,
                    0.0,
                    1.0
                ]
            ],
            "size": [
                0.08,
                1.0,
                0.812
            ]
        },
        "collider2": {
            "type": "Box",
            "collider2origin": [
                [
                    0.1943171359292952,
                    -0.8731333281373508,
                    -0.4470783398690089,
                    0.08347332609830532
                ],
                [
                    -0.348033850957618,
                    -0.48748147787316065,
                    0.8007710330164357,
                    0.8251556392975454
                ],
                [
                    -0.9171222869780487,
                    -5.137366546902209e-06,
                    -0.3986059591899764,
                    0.007820230846381726
                ],
                [
                    0.0,
                    0.0,
                    0.0,
                    1.0
                ]
            ],
            "size": [
                0.15068,
                0.17726,
                0.74884
            ]
        },
        "distance": 0.0
    },
    {
        "case": 17,
        "collider1": {
            "type": "Box",
            "collider2origin": [
                [
                    0.9992356923808713,
                    0.039090038016362835,
                    0.0,
                    -0.7387332447251884
                ],
                [
                    -0.039090038016362835,
                    0.9992356923808713,
                    0.0,
                    0.6397293653589854
                ],
                [
                    0.0,
                    0.0,
                    1.0,
                    -0.40439
                ],
                [
                    0.0,
                    0.0,
                    0.0,
                    1.0
                ]
            ],
            "size": [
                1.2,
                1.4,
                0.812
            ]
        },
        "collider2": {
            "type": "Box",
            "collider2origin": [
                [
                    0.1943171359292952,
                    -0.8731333281373508,
                    -0.4470783398690089,
                    0.08347332609830532
                ],
                [
                    -0.348033850957618,
                    -0.48748147787316065,
                    0.8007710330164357,
                    0.8251556392975454
                ],
                [
                    -0.9171222869780487,
                    -5.137366546902209e-06,
                    -0.3986059591899764,
                    0.007820230846381726
                ],
                [
                    0.0,
                    0.0,
                    0.0,
                    1.0
                ]
            ],
            "size": [
                0.15068,
                0.17726,
                0.74884
            ]
        },
        "distance": 0.0
    }
]