[
    {
        "case": 0,
        "collider1": {
            "type": "Cylinder",
            "collider2origin": [
                [
                    1.0,
                    0.0,
                    0.0,
                    0.36025
                ],
                [
                    0.0,
                    1.0,
                    0.0,
                    0.66562
                ],
                [
                    0.0,
                    0.0,
                    1.0,
                    -0.35
                ],
                [
                    0.0,
                    0.0,
                    0.0,
                    1.0
                ]
            ],
            "radius": 0.11,
            "height": 0.68
        },
        "collider2": {
            "type": "Box",
            "collider2origin": [
                [
                    0.4350940838559307,
                    0.33498758054867045,
                    -0.835749040724377,
                    0.1777269671824425
                ],
                [
                    0.1546936848001376,
                    -0.9422225431655292,
                    -0.2971305151505616,
                    0.4163980899678175
                ],
                [
                    -0.8869966189769406,
                    -5.369402759795066e-06,
                    -0.4617759174043677,
                    -0.011131840915185487
                ],
                [
                    0.0,
                    0.0,
                    0.0,
                    1.0
                ]
            ],
            "size": [
                0.15068,
                0.17726,
                0.74884
            ]
        },
        "distance": 0.008302319780155335
    },
    {
        "case": 1,
        "collider1": {
            "type": "Box",
            "collider2origin": [
                [
                    0.9992356923808713,
                    0.039090038016362835,
                    0.0,
                    -0.10710036334624623
                ],
                [
                    -0.039090038016362835,
                    0.9992356923808713,
                    0.0,
                    0.41486694795461987
                ],
                [
                    0.0,
                    0.0,
                    1.0,
                    -0.40439
                ],
                [
                    0.0,
                    0.0,
                    0.0,
                    1.0
                ]
            ],
            "size": [
                0.08,
                1.0,
                0.812
            ]
        },
        "collider2": {
            "type": "Box",
            "collider2origin": [
                [
                    0.4350940838559307,
                    0.33498758054867045,
                    -0.835749040724377,
                    0.1777269671824425
                ],
                [
                    0.1546936848001376,
                    -0.9422225431655292,
                    -0.2971305151505616,
                    0.4163980899678175
                ],
                [
                    -0.8869966189769406,
                    -5.369402759795066e-06,
                    -0.4617759174043677,
                    -0.011131840915185487
                ],
                [
                    0.0,
                    0.0,
                    0.0,
                    1.0
                ]
            ],
            "size": [
                0.15068,
                0.17726,
                0.74884
            ]
        },
        "distance": 0.0
    },
    {
        "case": 2,
        "collider1": {
            "type": "Box",
            "collider2origin": [
                [
                    0.9992356923808713,
                    0.039090038016362835,
                    0.0,
                    -0.7387332447251884
                ],
                [
                    -0.039090038016362835,
                    0.9992356923808713,
                    0.0,
                    0.6397293653589854
                ],
                [
                    0.0,
                    0.0,
                    1.0,
                    -0.40439
                ],
                [
                    0.0,
                    0.0,
                    0.0,
                    1.0
                ]
            ],
            "size": [
                1.2,
                1.4,
                0.812
            ]
        },
        "collider2": {
            "type": "Box",
            "collider2origin": [
                [
                    0.4350940838559307,
                    0.33498758054867045,
                    -0.835749040724377,
                    0.1777269671824425
                ],
                [
                    0.1546936848001376,
                    -0.9422225431655292,
                    -0.2971305151505616,
                    0.4163980899678175
                ],
                [
                    -0.8869966189769406,
                    -5.369402759795066e-06,
                    -0.4617759174043677,
                    -0.011131840915185487
                ],
                [
                    0.0,
                    0.0,
                    0.0,
                    1.0
                ]
            ],
            "size": [
                0.15068,
                0.17726,
                0.74884
            ]
        },
        "distance": 0.0
    },
    {
        "case": 3,
        "collider1": {
            "type": "Box",
            "collider2origin": [
                [
                    0.9980268447818988,
                    0.0627886701140236,
                    0.0,
                    -0.04
                ],
                [
                    -0.0627886701140236,
                    0.9980268447818988,
                    0.0,
                    0.02
                ],
                [
                    0.0,
                    0.0,
                    1.0,
                    -0.13
                ],
                [
                    0.0,
                    0.0,
                    0.0,
                    1.0
                ]
            ],
            "size": [
                0.6,
                0.4,
                0.4
            ]
        },
        "collider2": {
            "type": "Box",
            "collider2origin": [
                [
                    0.4350940838559307,
                    0.33498758054867045,
                    -0.835749040724377,
                    0.1777269671824425
                ],
                [
                    0.1546936848001376,
                    -0.9422225431655292,
                    -0.2971305151505616,
                    0.4163980899678175
                ],
                [
                    -0.8869966189769406,
                    -5.369402759795066e-06,
                    -0.4617759174043677,
                    -0.011131840915185487
                ],
                [
                    0.0,
                    0.0,
                    0.0,
                    1.0
                ]
            ],
            "size": [
                0.15068,
                0.17726,
                0.74884
            ]
        },
        "distance": 0.0
    },
    {
        "case": 4,
        "collider1": {
            "type": "Cylinder",
            "collider2origin": [
                [
                    1.0,
                    0.0,
                    0.0,
                    0.36025
                ],
                [
                    0.0,
                    1.0,
                    0.0,
                    0.66562
                ],
                [
                    0.0,
                    0.0,
                    1.0,
                    -0.35
                ],
                [
                    0.0,
                    0.0,
                    0.0,
                    1.0
                ]
            ],
            "radius": 0.11,
            "height": 0.68
        },
        "collider2": {
            "type": "Box",
            "collider2origin": [
                [
                    0.4350940838559307,
                    0.33498758054867045,
                    -0.835749040724377,
                    0.1777269671824425
                ],
                [
                    0.1546936848001376,
                    -0.9422225431655292,
                    -0.2971305151505616,
                    0.4163980899678175
                ],
                [
                    -0.8869966189769406,
                    -5.369402759795066e-06,
                    -0.4617759174043677,
                    -0.011131840915185487
                ],
                [
                    0.0,
                    0.0,
                    0.0,
                    1.0
                ]
            ],
            "size": [
                0.15068,
                0.17726,
                0.74884
            ]
        },
        "distance": 0.008302319780155335
    },
    {
        "case": 5,
        "collider1": {
            "type": "Box",
            "collider2origin": [
                [
                    0.9992356923808713,
                    0.039090038016362835,
                    0.0,
                    -0.10710036334624623
                ],
                [
                    -0.039090038016362835,
                    0.9992356923808713,
                    0.0,
                    0.41486694795461987
                ],
                [
                    0.0,
                    0.0,
                    1.0,
                    -0.40439
                ],
                [
                    0.0,
                    0.0,
                    0.0,
                    1.0
                ]
            ],
            "size": [
                0.08,
                1.0,
                0.812
            ]
        },
        "collider2": {
            "type": "Box",
            "collider2origin": [
                [
                    0.4350940838559307,
                    0.33498758054867045,
                    -0.835749040724377,
                    0.1777269671824425
                ],
                [
                    0.1546936848001376,
                    -0.9422225431655292,
                    -0.2971305151505616,
                    0.4163980899678175
                ],
                [
                    -0.8869966189769406,
                    -5.369402759795066e-06,
                    -0.4617759174043677,
                    -0.011131840915185487
                ],
                [
                    0.0,
                    0.0,
                    0.0,
                    1.0
                ]
            ],
            "size": [
                0.15068,
                0.17726,
                0.74884
            ]
        },
        "distance": 0.0
    },
    {
        "case": 6,
        "collider1": {
            "type": "Box",
            "collider2origin": [
                [
                    0.9992356923808713,
                    0.039090038016362835,
                    0.0,
                    -0.7387332447251884
                ],
                [
                    -0.039090038016362835,
                    0.9992356923808713,
                    0.0,
                    0.6397293653589854
                ],
                [
                    0.0,
                    0.0,
                    1.0,
                    -0.40439
                ],
                [
                    0.0,
                    0.0,
                    0.0,
                    1.0
                ]
            ],
            "size": [
                1.2,
                1.4,
                0.812
            ]
        },
        "collider2": {
            "type": "Box",
            "collider2origin": [
                [
                    0.4350940838559307,
                    0.33498758054867045,
                    -0.835749040724377,
                    0.1777269671824425
                ],
                [
                    0.1546936848001376,
                    -0.9422225431655292,
                    -0.2971305151505616,
                    0.4163980899678175
                ],
                [
                    -0.8869966189769406,
                    -5.369402759795066e-06,
                    -0.4617759174043677,
                    -0.011131840915185487
                ],
                [
                    0.0,
                    0.0,
                    0.0,
                    1.0
                ]
            ],
            "size": [
                0.15068,
                0.17726,
                0.74884
            ]
        },
        "distance": 0.0
    },
    {
        "case": 7,
        "collider1": {
            "type": "Box",
            "collider2origin": [
                [
                    0.9980268447818988,
                    0.0627886701140236,
                    0.0,
                    -0.04
                ],
                [
                    -0.0627886701140236,
                    0.9980268447818988,
                    0.0,
                    0.02
                ],
                [
                    0.0,
                    0.0,
                    1.0,
                    -0.13
                ],
                [
                    0.0,
                    0.0,
                    0.0,
                    1.0
                ]
            ],
            "size": [
                0.6,
                0.4,
                0.4
            ]
        },
        "collider2": {
            "type": "Box",
            "collider2origin": [
                [
                    0.4350940838559307,
                    0.33498758054867045,
                    -0.835749040724377,
                    0.1777269671824425
                ],
                [
                    0.1546936848001376,
                    -0.9422225431655292,
                    -0.2971305151505616,
                    0.4163980899678175
                ],
                [
                    -0.8869966189769406,
                    -5.369402759795066e-06,
                    -0.4617759174043677,
                    -0.011131840915185487
                ],
                [
                    0.0,
                    0.0,
                    0.0,
                    1.0
                ]
            ],
            "size": [
                0.15068,
                0.17726,
                0.74884
            ]
        },
        "distance": 0.0
    },
    {
        "case": 8,
        "collider1": {
            "type": "Box",
            "collider2origin": [
                [
                    0.9992356923808713,
                    0.039090038016362835,
                    0.0,
                    -0.10710036334624623
                ],
                [
                    -0.039090038016362835,
                    0.9992356923808713,
                    0.0,
                    0.41486694795461987
                ],
                [
                    0.0,
                    0.0,
                    1.0,
                    -0.40439
                ],
                [
                    0.0,
                    0.0,
                    0.0,
                    1.0
                ]
            ],
            "size": [
                0.08,
                1.0,
                0.812
            ]
        },
        "collider2": {
            "type": "Box",
            "collider2origin": [
                [
                    0.8880315991348896,
                    0.33498949361791996,
                    -0.3149316086129497,
                    -0.2136947088258443
                ],
                [
                    0.31572568230012793,
                    -0.942221862999739,
                    -0.11196095043103002,
                    0.4113238034257916
                ],
                [
                    -0.33424118907467,
                    -7.13515527069654e-06,
                    -0.9424875741754052,
                    -0.4195500710089143
                ],
                [
                    0.0,
                    0.0,
                    0.0,
                    1.0
                ]
            ],
            "size": [
                0.1202,
                0.13634,
                0.67816
            ]
        },
        "distance": 0.0
    },
    {
        "case": 9,
        "collider1": {
            "type": "Box",
            "collider2origin": [
                [
                    0.9992356923808713,
                    0.039090038016362835,
                    0.0,
                    -0.7387332447251884
                ],
                [
                    -0.039090038016362835,
                    0.9992356923808713,
                    0.0,
                    0.6397293653589854
                ],
                [
                    0.0,
                    0.0,
                    1.0,
                    -0.40439
                ],
                [
                    0.0,
                    0.0,
                    0.0,
                    1.0
                ]
            ],
            "size": [
                1.2,
                1.4,
                0.812
            ]
        },
        "collider2": {
            "type": "Box",
            "collider2origin": [
                [
                    0.8880315991348896,
                    0.33498949361791996,
                    -0.3149316086129497,
                    -0.2136947088258443
                ],
                [
                    0.31572568230012793,
                    -0.942221862999739,
                    -0.11196095043103002,
                    0.4113238034257916
                ],
                [
                    -0.33424118907467,
                    -7.13515527069654e-06,
                    -0.9424875741754052,
                    -0.4195500710089143
                ],
                [
                    0.0,
                    0.0,
                    0.0,
                    1.0
                ]
            ],
            "size": [
                0.1202,
                0.13634,
                0.67816
            ]
        },
        "distance": 0.0
    },
    {
        "case": 10,
        "collider1": {
            "type": "Box",
            "collider2origin": [
                [
                    0.9992356923808713,
                    0.039090038016362835,
                    0.0,
                    -0.7387332447251884
                ],
                [
                    -0.039090038016362835,
                    0.9992356923808713,
                    0.0,
                    0.6397293653589854
                ],
                [
                    0.0,
                    0.0,
                    1.0,
                    -0.40439
                ],
                [
                    0.0,
                    0.0,
                    0.0,
                    1.0
                ]
            ],
            "size": [
                1.2,
                1.4,
                0.812
            ]
        },
        "collider2": {
            "type": "Box",
            "collider2origin": [
                [
                    0.8892804512712356,
                    0.3349917942082184,
                    0.31138525462838823,
                    -0.26749573102567603
                ],
                [
                    0.316167098829582,
                    -0.942221045064362,
                    0.11071525574872937,
                    0.27358355213735813
                ],
                [
                    0.33048244220308115,
                    -7.140020672123874e-06,
                    -0.9438121398586199,
                    -0.6972063542679668
                ],
                [
                    0.0,
                    0.0,
                    0.0,
                    1.0
                ]
            ],
            "size": [
                0.09102,
                0.10007,
                0.11882
            ]
        },
        "distance": 0.0
    },
    {
        "case": 11,
        "collider1": {
            "type": "Box",
            "collider2origin": [
                [
                    0.9992356923808713,
                    0.039090038016362835,
                    0.0,
                    -0.7387332447251884
                ],
                [
                    -0.039090038016362835,
                    0.9992356923808713,
                    0.0,
                    0.6397293653589854
                ],
                [
                    0.0,
                    0.0,
                    1.0,
                    -0.40439
                ],
                [
                    0.0,
                    0.0,
                    0.0,
                    1.0
                ]
            ],
            "size": [
                1.2,
                1.4,
                0.812
            ]
        },
        "collider2": {
            "type": "Box",
            "collider2origin": [
                [
                    -0.24227758995874474,
                    -0.9496042563309474,
                    -0.19888017940943786,
                    -0.3039220446017554
                ],
                [
                    0.6376512957240509,
                    -0.0013547259684260492,
                    -0.7703239511913084,
                    0.28157600206419303
                ],
                [
                    0.7312334746612883,
                    -0.31344843447638776,
                    0.6058446042171874,
                    -0.8273991221704746
                ],
                [
                    0.0,
                    0.0,
                    0.0,
                    1.0
                ]
            ],
            "size": [
                0.08993,
                0.0305,
                0.09007
            ]
        },
        "distance": 0.0
    },
    {
        "case": 12,
        "collider1": {
            "type": "Box",
            "collider2origin": [
                [
                    0.9992356923808713,
                    0.039090038016362835,
                    0.0,
                    -0.10710036334624623
                ],
                [
                    -0.039090038016362835,
                    0.9992356923808713,
                    0.0,
                    0.41486694795461987
                ],
                [
                    0.0,
                    0.0,
                    1.0,
                    -0.40439
                ],
                [
                    0.0,
                    0.0,
                    0.0,
                    1.0
                ]
            ],
            "size": [
                0.08,
                1.0,
                0.812
            ]
        },
        "collider2": {
            "type": "Box",
            "collider2origin": [
                [
                    0.03597970621599562,
                    -0.9496023820213512,
                    0.31138525462838823,
                    -0.23398383753208496
                ],
                [
                    -0.9938512492420588,
                    -0.001351489730714923,
                    0.11071525574872937,
                    0.2819504541445192
                ],
                [
                    -0.10471463661117024,
                    -0.3134541266834484,
                    -0.9438121398586199,
                    -0.8010284265401358
                ],
                [
                    0.0,
                    0.0,
                    0.0,
                    1.0
                ]
            ],
            "size": [
                0.09126,
                0.11887,
                0.10009
            ]
        },
        "distance": 0.013540330683267859
    },
    {
        "case": 13,
        "collider1": {
            "type": "Box",
            "collider2origin": [
                [
                    0.9992356923808713,
                    0.039090038016362835,
                    0.0,
                    -0.7387332447251884
                ],
                [
                    -0.039090038016362835,
                    0.9992356923808713,
                    0.0,
                    0.6397293653589854
                ],
                [
                    0.0,
                    0.0,
                    1.0,
                    -0.40439
                ],
                [
                    0.0,
                    0.0,
                    0.0,
                    1.0
                ]
            ],
            "size": [
                1.2,
                1.4,
                0.812
            ]
        },
        "collider2": {
            "type": "Box",
            "collider2origin": [
                [
                    0.03597970621599562,
                    -0.9496023820213512,
                    0.31138525462838823,
                    -0.23398383753208496
                ],
                [
                    -0.9938512492420588,
                    -0.001351489730714923,
                    0.11071525574872937,
                    0.2819504541445192
                ],
                [
                    -0.10471463661117024,
                    -0.3134541266834484,
                    -0.9438121398586199,
                    -0.8010284265401358
                ],
                [
                    0.0,
                    0.0,
                    0.0,
                    1.0
                ]
            ],
            "size": [
                0.09126,
                0.11887,
                0.10009
            ]
        },
        "distance": 0.0
    }
]