[
    {
        "case": 0,
        "collider1": {
            "type": "Box",
            "collider2origin": [
                [
                    0.9992356923808713,
                    0.039090038016362835,
                    0.0,
                    -0.10710036334624623
                ],
                [
                    -0.039090038016362835,
                    0.9992356923808713,
                    0.0,
                    0.41486694795461987
                ],
                [
                    0.0,
                    0.0,
                    1.0,
                    -0.40439
                ],
                [
                    0.0,
                    0.0,
                    0.0,
                    1.0
                ]
            ],
            "size": [
                0.08,
                1.0,
                0.812
            ]
        },
        "collider2": {
            "type": "Box",
            "collider2origin": [
                [
                    -0.10358698464027331,
                    -0.0631422744656236,
                    0.992614119277196,
                    -0.06226872475113987
                ],
                [
                    -0.006557836307866043,
                    0.9980045356404292,
                    0.06280080910378501,
                    0.8029287126232123
                ],
                [
                    -0.9945987791044661,
                    -4.054463065955558e-06,
                    -0.10379435720436003,
                    -0.0267901865032818
                ],
                [
                    0.0,
                    0.0,
                    0.0,
                    1.0
                ]
            ],
            "size": [
                0.09102,
                0.10007,
                0.11882
            ]
        },
        "distance": 0.0
    },
    {
        "case": 1,
        "collider1": {
            "type": "Box",
            "collider2origin": [
                [
                    0.9992356923808713,
                    0.039090038016362835,
                    0.0,
                    -0.7387332447251884
                ],
                [
                    -0.039090038016362835,
                    0.9992356923808713,
                    0.0,
                    0.6397293653589854
                ],
                [
                    0.0,
                    0.0,
                    1.0,
                    -0.40439
                ],
                [
                    0.0,
                    0.0,
                    0.0,
                    1.0
                ]
            ],
            "size": [
                1.2,
                1.4,
                0.812
            ]
        },
        "collider2": {
            "type": "Box",
            "collider2origin": [
                [
                    -0.10358698464027331,
                    -0.0631422744656236,
                    0.992614119277196,
                    -0.06226872475113987
                ],
                [
                    -0.006557836307866043,
                    0.9980045356404292,
                    0.06280080910378501,
                    0.8029287126232123
                ],
                [
                    -0.9945987791044661,
                    -4.054463065955558e-06,
                    -0.10379435720436003,
                    -0.0267901865032818
                ],
                [
                    0.0,
                    0.0,
                    0.0,
                    1.0
                ]
            ],
            "size": [
                0.09102,
                0.10007,
                0.11882
            ]
        },
        "distance": 0.0009798859717997427
    },
    {
        "case": 2,
        "collider1": {
            "type": "Box",
            "collider2origin": [
                [
                    0.9992356923808713,
                    0.039090038016362835,
                    0.0,
                    -0.10710036334624623
                ],
                [
                    -0.039090038016362835,
                    0.9992356923808713,
                    0.0,
                    0.41486694795461987
                ],
                [
                    0.0,
                    0.0,
                    1.0,
                    -0.40439
                ],
                [
                    0.0,
                    0.0,
                    0.0,
                    1.0
                ]
            ],
            "size": [
                0.08,
                1.0,
                0.812
            ]
        },
        "collider2": {
            "type": "Box",
            "collider2origin": [
                [
                    -0.9972983587389948,
                    -0.06314578268093918,
                    0.037531237471191234,
                    -0.06868791961572579
                ],
                [
                    -0.06310139218576867,
                    0.9980043136558477,
                    0.002367325186320305,
                    0.690540145101827
                ],
                [
                    -0.037605823494841414,
                    -7.343811968129425e-06,
                    -0.9992926508212411,
                    0.2649863218220325
                ],
                [
                    0.0,
                    0.0,
                    0.0,
                    1.0
                ]
            ],
            "size": [
                0.1202,
                0.13634,
                0.67816
            ]
        },
        "distance": 0.0
    },
    {
        "case": 3,
        "collider1": {
            "type": "Box",
            "collider2origin": [
                [
                    0.9992356923808713,
                    0.039090038016362835,
                    0.0,
                    -0.7387332447251884
                ],
                [
                    -0.039090038016362835,
                    0.9992356923808713,
                    0.0,
                    0.6397293653589854
                ],
                [
                    0.0,
                    0.0,
                    1.0,
                    -0.40439
                ],
                [
                    0.0,
                    0.0,
                    0.0,
                    1.0
                ]
            ],
            "size": [
                1.2,
                1.4,
                0.812
            ]
        },
        "collider2": {
            "type": "Box",
            "collider2origin": [
                [
                    -0.9972983587389948,
                    -0.06314578268093918,
                    0.037531237471191234,
                    -0.06868791961572579
                ],
                [
                    -0.06310139218576867,
                    0.9980043136558477,
                    0.002367325186320305,
                    0.690540145101827
                ],
                [
                    -0.037605823494841414,
                    -7.343811968129425e-06,
                    -0.9992926508212411,
                    0.2649863218220325
                ],
                [
                    0.0,
                    0.0,
                    0.0,
                    1.0
                ]
            ],
            "size": [
                0.1202,
                0.13634,
                0.67816
            ]
        },
        "distance": 0.010610449618837324
    }
]