[
    {
        "case": 0,
        "collider1": {
            "type": "Box",
            "collider2origin": [
                [
                    0.999131514540288,
                    0.041667933143249715,
                    0.0,
                    1.4771061177758427
                ],
                [
                    -0.041667933143249715,
                    0.999131514540288,
                    0.0,
                    0.2752134143142163
                ],
                [
                    0.0,
                    0.0,
                    1.0,
                    -0.26
                ],
                [
                    0.0,
                    0.0,
                    0.0,
                    1.0
                ]
            ],
            "size": [
                0.71,
                0.71,
                0.998
            ]
        },
        "collider2": {
            "type": "Cylinder",
            "collider2origin": [
                [
                    0.42075930675507606,
                    -0.904845498282051,
                    0.06493250355326056,
                    1.322055921901387
                ],
                [
                    -0.10223139055035683,
                    -0.11841560541749671,
                    -0.9876874440731478,
                    0.5318550276932216
                ],
                [
                    0.9013935591988261,
                    0.4089405441287449,
                    -0.14232808156705323,
                    -0.1545211162793675
                ],
                [
                    0.0,
                    0.0,
                    0.0,
                    1.0
                ]
            ],
            "radius": 0.00783,
            "height": 0.03683
        },
        "distance": 0.0
    },
    {
        "case": 1,
        "collider1": {
            "type": "Cylinder",
            "collider2origin": [
                [
                    1.0,
                    0.0,
                    0.0,
                    0.36025
                ],
                [
                    0.0,
                    1.0,
                    0.0,
                    0.66562
                ],
                [
                    0.0,
                    0.0,
                    1.0,
                    -0.35
                ],
                [
                    0.0,
                    0.0,
                    0.0,
                    1.0
                ]
            ],
            "radius": 0.11,
            "height": 0.68
        },
        "collider2": {
            "type": "Box",
            "collider2origin": [
                [
                    -0.7729253023869278,
                    0.5396310405810747,
                    0.333743639597016,
                    0.5643771030180585
                ],
                [
                    0.4954161884089881,
                    0.8419016213262378,
                    -0.2139262963512483,
                    0.7527261068503548
                ],
                [
                    -0.39642058119172674,
                    -7.045460907429542e-06,
                    -0.918069018515479,
                    -0.14805459968500756
                ],
                [
                    0.0,
                    0.0,
                    0.0,
                    1.0
                ]
            ],
            "size": [
                0.15068,
                0.17726,
                0.74884
            ]
        },
        "distance": 0.0
    },
    {
        "case": 2,
        "collider1": {
            "type": "Cylinder",
            "collider2origin": [
                [
                    1.0,
                    0.0,
                    0.0,
                    0.36025
                ],
                [
                    0.0,
                    1.0,
                    0.0,
                    0.66562
                ],
                [
                    0.0,
                    0.0,
                    1.0,
                    -0.35
                ],
                [
                    0.0,
                    0.0,
                    0.0,
                    1.0
                ]
            ],
            "radius": 0.11,
            "height": 0.68
        },
        "collider2": {
            "type": "Box",
            "collider2origin": [
                [
                    -0.7729253023869278,
                    0.5396310405810747,
                    0.333743639597016,
                    0.5643771030180585
                ],
                [
                    0.4954161884089881,
                    0.8419016213262378,
                    -0.2139262963512483,
                    0.7527261068503548
                ],
                [
                    -0.39642058119172674,
                    -7.045460907429542e-06,
                    -0.918069018515479,
                    -0.14805459968500756
                ],
                [
                    0.0,
                    0.0,
                    0.0,
                    1.0
                ]
            ],
            "size": [
                0.15068,
                0.17726,
                0.74884
            ]
        },
        "distance": 0.0
    },
    {
        "case": 3,
        "collider1": {
            "type": "Box",
            "collider2origin": [
                [
                    0.999131514540288,
                    0.041667933143249715,
                    0.0,
                    1.4771061177758427
                ],
                [
                    -0.041667933143249715,
                    0.999131514540288,
                    0.0,
                    0.2752134143142163
                ],
                [
                    0.0,
                    0.0,
                    1.0,
                    -0.26
                ],
                [
                    0.0,
                    0.0,
                    0.0,
                    1.0
                ]
            ],
            "size": [
                0.71,
                0.71,
                0.998
            ]
        },
        "collider2": {
            "type": "Cylinder",
            "collider2origin": [
                [
                    0.5583087955075285,
                    -0.8150753885654028,
                    -0.15473654970267975,
                    1.3331526017589532
                ],
                [
                    -0.0071559438713199005,
                    0.18177390684229977,
                    -0.9833143135633678,
                    0.5527974214192292
                ],
                [
                    0.8296023633803381,
                    0.5501003160753903,
                    0.09565333725235385,
                    -0.18453179398418096
                ],
                [
                    0.0,
                    0.0,
                    0.0,
                    1.0
                ]
            ],
            "radius": 0.0076,
            "height": 0.02993
        },
        "distance": 0.0
    },
    {
        "case": 4,
        "collider1": {
            "type": "Box",
            "collider2origin": [
                [
                    0.999131514540288,
                    0.041667933143249715,
                    0.0,
                    1.4771061177758427
                ],
                [
                    -0.041667933143249715,
                    0.999131514540288,
                    0.0,
                    0.2752134143142163
                ],
                [
                    0.0,
                    0.0,
                    1.0,
                    -0.26
                ],
                [
                    0.0,
                    0.0,
                    0.0,
                    1.0
                ]
            ],
            "size": [
                0.71,
                0.71,
                0.998
            ]
        },
        "collider2": {
            "type": "Sphere",
            "collider2origin": [
                [
                    1.0,
                    0.0,
                    0.0,
                    1.3012135638573454
                ],
                [
                    0.0,
                    1.0,
                    0.0,
                    0.5767199631992291
                ],
                [
                    0.0,
                    0.0,
                    1.0,
                    -0.14015858609817133
                ],
                [
                    0.0,
                    0.0,
                    0.0,
                    1.0
                ]
            ],
            "radius": 0.00487
        },
        "distance": 0.0
    },
    {
        "case": 5,
        "collider1": {
            "type": "Box",
            "collider2origin": [
                [
                    0.999131514540288,
                    0.041667933143249715,
                    0.0,
                    1.4771061177758427
                ],
                [
                    -0.041667933143249715,
                    0.999131514540288,
                    0.0,
                    0.2752134143142163
                ],
                [
                    0.0,
                    0.0,
                    1.0,
                    -0.26
                ],
                [
                    0.0,
                    0.0,
                    0.0,
                    1.0
                ]
            ],
            "size": [
                0.71,
                0.71,
                0.998
            ]
        },
        "collider2": {
            "type": "Cylinder",
            "collider2origin": [
                [
                    0.41422400084604655,
                    -0.7406721036332337,
                    0.528983281420703,
                    1.311039567475873
                ],
                [
                    -0.10323017982377085,
                    -0.6156695836497775,
                    -0.7812134751411174,
                    0.564632322390761
                ],
                [
                    0.9043019446493772,
                    0.26899033192296984,
                    -0.33148483258714,
                    -0.1456613483658098
                ],
                [
                    0.0,
                    0.0,
                    0.0,
                    1.0
                ]
            ],
            "radius": 0.0076,
            "height": 0.02993
        },
        "distance": 0.0
    },
    {
        "case": 6,
        "collider1": {
            "type": "Box",
            "collider2origin": [
                [
                    0.999131514540288,
                    0.041667933143249715,
                    0.0,
                    1.4771061177758427
                ],
                [
                    -0.041667933143249715,
                    0.999131514540288,
                    0.0,
                    0.2752134143142163
                ],
                [
                    0.0,
                    0.0,
                    1.0,
                    -0.26
                ],
                [
                    0.0,
                    0.0,
                    0.0,
                    1.0
                ]
            ],
            "size": [
                0.71,
                0.71,
                0.998
            ]
        },
        "collider2": {
            "type": "Cylinder",
            "collider2origin": [
                [
                    -0.2704111949495831,
                    -0.7733715620455133,
                    -0.5733883611176822,
                    1.2919795988075768
                ],
                [
                    0.42823357878274226,
                    0.43679390552525904,
                    -0.7910923372773343,
                    0.5330929743534158
                ],
                [
                    0.8622608582377279,
                    -0.4594643741524193,
                    0.21306970980376935,
                    -0.11079703589085699
                ],
                [
                    0.0,
                    0.0,
                    0.0,
                    1.0
                ]
            ],
            "radius": 0.01271,
            "height": 0.05982
        },
        "distance": 0.0
    },
    {
        "case": 7,
        "collider1": {
            "type": "Box",
            "collider2origin": [
                [
                    0.999131514540288,
                    0.041667933143249715,
                    0.0,
                    1.4771061177758427
                ],
                [
                    -0.041667933143249715,
                    0.999131514540288,
                    0.0,
                    0.2752134143142163
                ],
                [
                    0.0,
                    0.0,
                    1.0,
                    -0.26
                ],
                [
                    0.0,
                    0.0,
                    0.0,
                    1.0
                ]
            ],
            "size": [
                0.71,
                0.71,
                0.998
            ]
        },
        "collider2": {
            "type": "Cylinder",
            "collider2origin": [
                [
                    -0.28642623690169183,
                    -0.7118637008415085,
                    -0.6412566430365982,
                    1.2996767787812775
                ],
                [
                    0.47151535462939576,
                    0.47790474756144674,
                    -0.741134483482549,
                    0.54474129411929
                ],
                [
                    0.8340463303456533,
                    -0.5146427145918429,
                    0.19877020690860012,
                    -0.11579925210813546
                ],
                [
                    0.0,
                    0.0,
                    0.0,
                    1.0
                ]
            ],
            "radius": 0.01169,
            "height": 0.05502
        },
        "distance": 0.0
    },
    {
        "case": 8,
        "collider1": {
            "type": "Box",
            "collider2origin": [
                [
                    0.999131514540288,
                    0.041667933143249715,
                    0.0,
                    1.4771061177758427
                ],
                [
                    -0.041667933143249715,
                    0.999131514540288,
                    0.0,
                    0.2752134143142163
                ],
                [
                    0.0,
                    0.0,
                    1.0,
                    -0.26
                ],
                [
                    0.0,
                    0.0,
                    0.0,
                    1.0
                ]
            ],
            "size": [
                0.71,
                0.71,
                0.998
            ]
        },
        "collider2": {
            "type": "Sphere",
            "collider2origin": [
                [
                    1.0,
                    0.0,
                    0.0,
                    1.3308718452248964
                ],
                [
                    0.0,
                    1.0,
                    0.0,
                    0.5790969467085473
                ],
                [
                    0.0,
                    0.0,
                    1.0,
                    -0.10526528299482307
                ],
                [
                    0.0,
                    0.0,
                    0.0,
                    1.0
                ]
            ],
            "radius": 0.00663
        },
        "distance": 0.0
    },
    {
        "case": 9,
        "collider1": {
            "type": "Box",
            "collider2origin": [
                [
                    0.999131514540288,
                    0.041667933143249715,
                    0.0,
                    1.4771061177758427
                ],
                [
                    -0.041667933143249715,
                    0.999131514540288,
                    0.0,
                    0.2752134143142163
                ],
                [
                    0.0,
                    0.0,
                    1.0,
                    -0.26
                ],
                [
                    0.0,
                    0.0,
                    0.0,
                    1.0
                ]
            ],
            "size": [
                0.71,
                0.71,
                0.998
            ]
        },
        "collider2": {
            "type": "Cylinder",
            "collider2origin": [
                [
                    0.2722053397343994,
                    -0.9328861027097327,
                    -0.2358554056856135,
                    1.366819607472997
                ],
                [
                    -0.1824324346891912,
                    0.19063188805880457,
                    -0.9645609830531755,
                    0.5540379319700892
                ],
                [
                    0.9447870976010697,
                    0.30558632598036967,
                    -0.1182976651517906,
                    -0.14201919942463093
                ],
                [
                    0.0,
                    0.0,
                    0.0,
                    1.0
                ]
            ],
            "radius": 0.00813,
            "height": 0.03824
        },
        "distance": 0.0
    },
    {
        "case": 10,
        "collider1": {
            "type": "Box",
            "collider2origin": [
                [
                    0.999131514540288,
                    0.041667933143249715,
                    0.0,
                    1.4771061177758427
                ],
                [
                    -0.041667933143249715,
                    0.999131514540288,
                    0.0,
                    0.2752134143142163
                ],
                [
                    0.0,
                    0.0,
                    1.0,
                    -0.26
                ],
                [
                    0.0,
                    0.0,
                    0.0,
                    1.0
                ]
            ],
            "size": [
                0.71,
                0.71,
                0.998
            ]
        },
        "collider2": {
            "type": "Sphere",
            "collider2origin": [
                [
                    1.0,
                    0.0,
                    0.0,
                    1.3338033663518012
                ],
                [
                    0.0,
                    1.0,
                    0.0,
                    0.5672125611287472
                ],
                [
                    0.0,
                    0.0,
                    1.0,
                    -0.18597780663964836
                ],
                [
                    0.0,
                    0.0,
                    0.0,
                    1.0
                ]
            ],
            "radius": 0.00484
        },
        "distance": 0.0
    },
    {
        "case": 11,
        "collider1": {
            "type": "Box",
            "collider2origin": [
                [
                    0.999131514540288,
                    0.041667933143249715,
                    0.0,
                    1.4771061177758427
                ],
                [
                    -0.041667933143249715,
                    0.999131514540288,
                    0.0,
                    0.2752134143142163
                ],
                [
                    0.0,
                    0.0,
                    1.0,
                    -0.26
                ],
                [
                    0.0,
                    0.0,
                    0.0,
                    1.0
                ]
            ],
            "size": [
                0.71,
                0.71,
                0.998
            ]
        },
        "collider2": {
            "type": "Sphere",
            "collider2origin": [
                [
                    1.0,
                    0.0,
                    0.0,
                    1.3699350752874426
                ],
                [
                    0.0,
                    1.0,
                    0.0,
                    0.5743001375016153
                ],
                [
                    0.0,
                    0.0,
                    1.0,
                    -0.1390042554292401
                ],
                [
                    0.0,
                    0.0,
                    0.0,
                    1.0
                ]
            ],
            "radius": 0.00563
        },
        "distance": 0.0
    },
    {
        "case": 12,
        "collider1": {
            "type": "Box",
            "collider2origin": [
                [
                    0.999131514540288,
                    0.041667933143249715,
                    0.0,
                    1.4771061177758427
                ],
                [
                    -0.041667933143249715,
                    0.999131514540288,
                    0.0,
                    0.2752134143142163
                ],
                [
                    0.0,
                    0.0,
                    1.0,
                    -0.26
                ],
                [
                    0.0,
                    0.0,
                    0.0,
                    1.0
                ]
            ],
            "size": [
                0.71,
                0.71,
                0.998
            ]
        },
        "collider2": {
            "type": "Sphere",
            "collider2origin": [
                [
                    1.0,
                    0.0,
                    0.0,
                    1.3144244620924432
                ],
                [
                    0.0,
                    1.0,
                    0.0,
                    0.5612410920067703
                ],
                [
                    0.0,
                    0.0,
                    1.0,
                    -0.12077774652169637
                ],
                [
                    0.0,
                    0.0,
                    0.0,
                    1.0
                ]
            ],
            "radius": 0.01051
        },
        "distance": 0.0
    },
    {
        "case": 13,
        "collider1": {
            "type": "Box",
            "collider2origin": [
                [
                    0.999131514540288,
                    0.041667933143249715,
                    0.0,
                    1.4771061177758427
                ],
                [
                    -0.041667933143249715,
                    0.999131514540288,
                    0.0,
                    0.2752134143142163
                ],
                [
                    0.0,
                    0.0,
                    1.0,
                    -0.26
                ],
                [
                    0.0,
                    0.0,
                    0.0,
                    1.0
                ]
            ],
            "size": [
                0.71,
                0.71,
                0.998
            ]
        },
        "collider2": {
            "type": "Cylinder",
            "collider2origin": [
                [
                    0.148477239776055,
                    -0.948730540914787,
                    0.2790427745060231,
                    1.337871809588329
                ],
                [
                    -0.1782994698361609,
                    -0.30322852005779055,
                    -0.9360885447860715,
                    0.5603333849540005
                ],
                [
                    0.9727095189853068,
                    0.0892346645597846,
                    -0.2141806861420396,
                    -0.10859632625392113
                ],
                [
                    0.0,
                    0.0,
                    0.0,
                    1.0
                ]
            ],
            "radius": 0.00796,
            "height": 0.03037
        },
        "distance": 0.0
    },
    {
        "case": 14,
        "collider1": {
            "type": "Box",
            "collider2origin": [
                [
                    0.999131514540288,
                    0.041667933143249715,
                    0.0,
                    1.4771061177758427
                ],
                [
                    -0.041667933143249715,
                    0.999131514540288,
                    0.0,
                    0.2752134143142163
                ],
                [
                    0.0,
                    0.0,
                    1.0,
                    -0.26
                ],
                [
                    0.0,
                    0.0,
                    0.0,
                    1.0
                ]
            ],
            "size": [
                0.71,
                0.71,
                0.998
            ]
        },
        "collider2": {
            "type": "Cylinder",
            "collider2origin": [
                [
                    0.2722053397343994,
                    -0.6931325493883407,
                    -0.66743653031468,
                    1.3534634172913513
                ],
                [
                    -0.1824324346891912,
                    0.6438733742275915,
                    -0.7430649263248461,
                    0.5275665566526595
                ],
                [
                    0.9447870976010697,
                    0.32402831194078463,
                    0.04881591203031463,
                    -0.14328259668420262
                ],
                [
                    0.0,
                    0.0,
                    0.0,
                    1.0
                ]
            ],
            "radius": 0.00683,
            "height": 0.01183
        },
        "distance": 0.0
    },
    {
        "case": 15,
        "collider1": {
            "type": "Box",
            "collider2origin": [
                [
                    0.999131514540288,
                    0.041667933143249715,
                    0.0,
                    1.4771061177758427
                ],
                [
                    -0.041667933143249715,
                    0.999131514540288,
                    0.0,
                    0.2752134143142163
                ],
                [
                    0.0,
                    0.0,
                    1.0,
                    -0.26
                ],
                [
                    0.0,
                    0.0,
                    0.0,
                    1.0
                ]
            ],
            "size": [
                0.71,
                0.71,
                0.998
            ]
        },
        "collider2": {
            "type": "Box",
            "collider2origin": [
                [
                    0.8013612599079901,
                    0.5396307627489646,
                    0.2581061235493057,
                    1.1108457697763021
                ],
                [
                    -0.5136457036166953,
                    0.8419017994368102,
                    -0.1654371519978839,
                    0.3851406576006343
                ],
                [
                    -0.30657498638145453,
                    -1.768776468995383e-07,
                    0.9518465095408919,
                    -0.22678124325017535
                ],
                [
                    0.0,
                    0.0,
                    0.0,
                    1.0
                ]
            ],
            "size": [
                0.09102,
                0.10007,
                0.11882
            ]
        },
        "distance": 0.0
    },
    {
        "case": 16,
        "collider1": {
            "type": "Box",
            "collider2origin": [
                [
                    0.999131514540288,
                    0.041667933143249715,
                    0.0,
                    1.4771061177758427
                ],
                [
                    -0.041667933143249715,
                    0.999131514540288,
                    0.0,
                    0.2752134143142163
                ],
                [
                    0.0,
                    0.0,
                    1.0,
                    -0.26
                ],
                [
                    0.0,
                    0.0,
                    0.0,
                    1.0
                ]
            ],
            "size": [
                0.71,
                0.71,
                0.998
            ]
        },
        "collider2": {
            "type": "Cylinder",
            "collider2origin": [
                [
                    0.2722053397343994,
                    -0.6931325493883407,
                    -0.66743653031468,
                    1.3425672461972933
                ],
                [
                    -0.1824324346891912,
                    0.6438733742275915,
                    -0.7430649263248461,
                    0.5154430720563659
                ],
                [
                    0.9447870976010697,
                    0.32402831194078463,
                    0.04881591203031463,
                    -0.1424842379099408
                ],
                [
                    0.0,
                    0.0,
                    0.0,
                    1.0
                ]
            ],
            "radius": 0.00683,
            "height": 0.01782
        },
        "distance": 0.0
    },
    {
        "case": 17,
        "collider1": {
            "type": "Box",
            "collider2origin": [
                [
                    0.999131514540288,
                    0.041667933143249715,
                    0.0,
                    1.4771061177758427
                ],
                [
                    -0.041667933143249715,
                    0.999131514540288,
                    0.0,
                    0.2752134143142163
                ],
                [
                    0.0,
                    0.0,
                    1.0,
                    -0.26
                ],
                [
                    0.0,
                    0.0,
                    0.0,
                    1.0
                ]
            ],
            "size": [
                0.71,
                0.71,
                0.998
            ]
        },
        "collider2": {
            "type": "Box",
            "collider2origin": [
                [
                    0.6112107612496757,
                    0.7481995952410979,
                    0.2581061235493057,
                    1.143024569168122
                ],
                [
                    -0.735039706530126,
                    0.6575311236458206,
                    -0.1654371519978839,
                    0.3716820125013227
                ],
                [
                    -0.29349281959989854,
                    -0.08860128169570514,
                    0.9518465095408919,
                    -0.12296421045875405
                ],
                [
                    0.0,
                    0.0,
                    0.0,
                    1.0
                ]
            ],
            "size": [
                0.09126,
                0.11887,
                0.10009
            ]
        },
        "distance": 0.0
    },
    {
        "case": 18,
        "collider1": {
            "type": "Box",
            "collider2origin": [
                [
                    0.999131514540288,
                    0.041667933143249715,
                    0.0,
                    1.4771061177758427
                ],
                [
                    -0.041667933143249715,
                    0.999131514540288,
                    0.0,
                    0.2752134143142163
                ],
                [
                    0.0,
                    0.0,
                    1.0,
                    -0.26
                ],
                [
                    0.0,
                    0.0,
                    0.0,
                    1.0
                ]
            ],
            "size": [
                0.71,
                0.71,
                0.998
            ]
        },
        "collider2": {
            "type": "Box",
            "collider2origin": [
                [
                    0.23295024103973166,
                    0.8640272753967406,
                    -0.44630824837775007,
                    1.2661764143453038
                ],
                [
                    0.017456213152051616,
                    0.45514509346175763,
                    0.8902461595087491,
                    0.47076876848567095
                ],
                [
                    0.9723319730534012,
                    -0.21517390935745945,
                    0.09094351494145593,
                    -0.13397008954218304
                ],
                [
                    0.0,
                    0.0,
                    0.0,
                    1.0
                ]
            ],
            "size": [
                0.06241,
                0.05638,
                0.02858
            ]
        },
        "distance": 0.0
    },
    {
        "case": 19,
        "collider1": {
            "type": "Box",
            "collider2origin": [
                [
                    0.999131514540288,
                    0.041667933143249715,
                    0.0,
                    1.4771061177758427
                ],
                [
                    -0.041667933143249715,
                    0.999131514540288,
                    0.0,
                    0.2752134143142163
                ],
                [
                    0.0,
                    0.0,
                    1.0,
                    -0.26
                ],
                [
                    0.0,
                    0.0,
                    0.0,
                    1.0
                ]
            ],
            "size": [
                0.71,
                0.71,
                0.998
            ]
        },
        "collider2": {
            "type": "Box",
            "collider2origin": [
                [
                    0.6050626905093257,
                    0.7481996470350105,
                    0.27220659200376013,
                    1.2001013689564273
                ],
                [
                    -0.7310068404196658,
                    0.6575310612155448,
                    -0.1824332831377449,
                    0.4200260021418654
                ],
                [
                    -0.31548080736119816,
                    -0.08860130762830015,
                    0.9447865729747018,
                    -0.12508028815773808
                ],
                [
                    0.0,
                    0.0,
                    0.0,
                    1.0
                ]
            ],
            "size": [
                0.08993,
                0.0305,
                0.09007
            ]
        },
        "distance": 0.0
    },
    {
        "case": 20,
        "collider1": {
            "type": "Box",
            "collider2origin": [
                [
                    0.999131514540288,
                    0.041667933143249715,
                    0.0,
                    1.4771061177758427
                ],
                [
                    -0.041667933143249715,
                    0.999131514540288,
                    0.0,
                    0.2752134143142163
                ],
                [
                    0.0,
                    0.0,
                    1.0,
                    -0.26
                ],
                [
                    0.0,
                    0.0,
                    0.0,
                    1.0
                ]
            ],
            "size": [
                0.71,
                0.71,
                0.998
            ]
        },
        "collider2": {
            "type": "Cylinder",
            "collider2origin": [
                [
                    0.148477239776055,
                    -0.9622335248999443,
                    -0.22816913206459788,
                    1.34018807465428
                ],
                [
                    -0.1782994698361609,
                    0.20089756650130092,
                    -0.9632494312637816,
                    0.5338845639468582
                ],
                [
                    0.9727095189853068,
                    0.18370305204999593,
                    -0.14173701119640086,
                    -0.11379443970751157
                ],
                [
                    0.0,
                    0.0,
                    0.0,
                    1.0
                ]
            ],
            "radius": 0.00713,
            "height": 0.01426
        },
        "distance": 0.0
    },
    {
        "case": 21,
        "collider1": {
            "type": "Box",
            "collider2origin": [
                [
                    0.999131514540288,
                    0.041667933143249715,
                    0.0,
                    1.4771061177758427
                ],
                [
                    -0.041667933143249715,
                    0.999131514540288,
                    0.0,
                    0.2752134143142163
                ],
                [
                    0.0,
                    0.0,
                    1.0,
                    -0.26
                ],
                [
                    0.0,
                    0.0,
                    0.0,
                    1.0
                ]
            ],
            "size": [
                0.71,
                0.71,
                0.998
            ]
        },
        "collider2": {
            "type": "Box",
            "collider2origin": [
                [
                    0.30194416000077756,
                    0.5396327014148241,
                    0.7858920229937216,
                    0.8205967352521364
                ],
                [
                    -0.19353965324562328,
                    0.8419005568107134,
                    -0.503731927778431,
                    0.43843262913490294
                ],
                [
                    -0.9334731527274839,
                    -2.3558200755616384e-06,
                    0.3586472823422217,
                    -0.33393381424921154
                ],
                [
                    0.0,
                    0.0,
                    0.0,
                    1.0
                ]
            ],
            "size": [
                0.1202,
                0.13634,
                0.67816
            ]
        },
        "distance": 0.0
    },
    {
        "case": 22,
        "collider1": {
            "type": "Box",
            "collider2origin": [
                [
                    0.999131514540288,
                    0.041667933143249715,
                    0.0,
                    1.4771061177758427
                ],
                [
                    -0.041667933143249715,
                    0.999131514540288,
                    0.0,
                    0.2752134143142163
                ],
                [
                    0.0,
                    0.0,
                    1.0,
                    -0.26
                ],
                [
                    0.0,
                    0.0,
                    0.0,
                    1.0
                ]
            ],
            "size": [
                0.71,
                0.71,
                0.998
            ]
        },
        "collider2": {
            "type": "Cylinder",
            "collider2origin": [
                [
                    0.5627325789592034,
                    -0.6872321451193067,
                    -0.4593952800069238,
                    1.3252214392161077
                ],
                [
                    -0.011981095826226165,
                    0.5488996844107135,
                    -0.8358023628804966,
                    0.5284500097270604
                ],
                [
                    0.826552174953721,
                    0.47583727803581677,
                    0.30064994081279633,
                    -0.17975954036445385
                ],
                [
                    0.0,
                    0.0,
                    0.0,
                    1.0
                ]
            ],
            "radius": 0.00783,
            "height": 0.03044
        },
        "distance": 0.0
    },
    {
        "case": 23,
        "collider1": {
            "type": "Box",
            "collider2origin": [
                [
                    0.999131514540288,
                    0.041667933143249715,
                    0.0,
                    1.4771061177758427
                ],
                [
                    -0.041667933143249715,
                    0.999131514540288,
                    0.0,
                    0.2752134143142163
                ],
                [
                    0.0,
                    0.0,
                    1.0,
                    -0.26
                ],
                [
                    0.0,
                    0.0,
                    0.0,
                    1.0
                ]
            ],
            "size": [
                0.71,
                0.71,
                0.998
            ]
        },
        "collider2": {
            "type": "Box",
            "collider2origin": [
                [
                    0.32129562872702344,
                    0.8640299293842786,
                    -0.38758405551454916,
                    1.3118635151749984
                ],
                [
                    -0.16947498851930365,
                    0.4551407890534137,
                    0.8741424886173976,
                    0.49179703900355876
                ],
                [
                    0.9316905855633019,
                    -0.2151723571187383,
                    0.29266620834096546,
                    -0.1440148073980445
                ],
                [
                    0.0,
                    0.0,
                    0.0,
                    1.0
                ]
            ],
            "size": [
                0.07264,
                0.04753,
                0.03326
            ]
        },
        "distance": 0.0
    },
    {
        "case": 24,
        "collider1": {
            "type": "Box",
            "collider2origin": [
                [
                    0.999131514540288,
                    0.041667933143249715,
                    0.0,
                    1.4771061177758427
                ],
                [
                    -0.041667933143249715,
                    0.999131514540288,
                    0.0,
                    0.2752134143142163
                ],
                [
                    0.0,
                    0.0,
                    1.0,
                    -0.26
                ],
                [
                    0.0,
                    0.0,
                    0.0,
                    1.0
                ]
            ],
            "size": [
                0.71,
                0.71,
                0.998
            ]
        },
        "collider2": {
            "type": "Cylinder",
            "collider2origin": [
                [
                    0.16776304788191893,
                    -0.960270366198045,
                    -0.2230165544690373,
                    1.3366913648090388
                ],
                [
                    -0.20258177237154792,
                    0.18781415991349062,
                    -0.9610860871112386,
                    0.51894040982081
                ],
                [
                    0.9647881556425588,
                    0.20641382012322237,
                    -0.16302499683780602,
                    -0.11586021734616625
                ],
                [
                    0.0,
                    0.0,
                    0.0,
                    1.0
                ]
            ],
            "radius": 0.00713,
            "height": 0.01697
        },
        "distance": 0.0
    }
]