[
    {
        "case": 0,
        "collider1": {
            "type": "Box",
            "collider2origin": [
                [
                    0.9980268447818988,
                    0.0627886701140236,
                    0.0,
                    -0.04
                ],
                [
                    -0.0627886701140236,
                    0.9980268447818988,
                    0.0,
                    0.02
                ],
                [
                    0.0,
                    0.0,
                    1.0,
                    -0.13
                ],
                [
                    0.0,
                    0.0,
                    0.0,
                    1.0
                ]
            ],
            "size": [
                0.6,
                0.4,
                0.4
            ]
        },
        "collider2": {
            "type": "Cylinder",
            "collider2origin": [
                [
                    0.2223469724642179,
                    -0.5279469140751858,
                    -0.8196547320393414,
                    0.1578257692476103
                ],
                [
                    0.9595126244174235,
                    -0.03060355947486966,
                    0.2799981173705571,
                    0.00916952096011392
                ],
                [
                    -0.17290849435347155,
                    -0.8487257967482528,
                    0.49976712028149545,
                    0.07574412905791394
                ],
                [
                    0.0,
                    0.0,
                    0.0,
                    1.0
                ]
            ],
            "radius": 0.01271,
            "height": 0.05982
        },
        "distance": 0.0
    },
    {
        "case": 1,
        "collider1": {
            "type": "Box",
            "collider2origin": [
                [
                    0.9980268447818988,
                    0.0627886701140236,
                    0.0,
                    -0.04
                ],
                [
                    -0.0627886701140236,
                    0.9980268447818988,
                    0.0,
                    0.02
                ],
                [
                    0.0,
                    0.0,
                    1.0,
                    -0.13
                ],
                [
                    0.0,
                    0.0,
                    0.0,
                    1.0
                ]
            ],
            "size": [
                0.6,
                0.4,
                0.4
            ]
        },
        "collider2": {
            "type": "Cylinder",
            "collider2origin": [
                [
                    0.829895075453003,
                    -0.5457660961947292,
                    -0.1158168035443031,
                    0.14468522412753604
                ],
                [
                    0.5128516946109508,
                    0.8279752583823271,
                    -0.22680412439237957,
                    -0.057428335537615616
                ],
                [
                    0.21967544941010256,
                    0.12882678196354674,
                    0.9670296568230913,
                    0.06664080050739773
                ],
                [
                    0.0,
                    0.0,
                    0.0,
                    1.0
                ]
            ],
            "radius": 0.0076,
            "height": 0.02993
        },
        "distance": 0.0
    },
    {
        "case": 2,
        "collider1": {
            "type": "Box",
            "collider2origin": [
                [
                    0.9980268447818988,
                    0.0627886701140236,
                    0.0,
                    -0.04
                ],
                [
                    -0.0627886701140236,
                    0.9980268447818988,
                    0.0,
                    0.02
                ],
                [
                    0.0,
                    0.0,
                    1.0,
                    -0.13
                ],
                [
                    0.0,
                    0.0,
                    0.0,
                    1.0
                ]
            ],
            "size": [
                0.6,
                0.4,
                0.4
            ]
        },
        "collider2": {
            "type": "Box",
            "collider2origin": [
                [
                    -0.4997258928014914,
                    0.6454349033310208,
                    -0.5776571800175498,
                    0.3094248870141483
                ],
                [
                    -0.42227431196647724,
                    -0.7638152823559258,
                    -0.4881297162566272,
                    0.3903006429427824
                ],
                [
                    -0.7562793382851277,
                    -1.2700148753281058e-06,
                    0.6542488536339948,
                    0.32362918236607197
                ],
                [
                    0.0,
                    0.0,
                    0.0,
                    1.0
                ]
            ],
            "size": [
                0.15068,
                0.17726,
                0.74884
            ]
        },
        "distance": 0.21758825957251665
    },
    {
        "case": 3,
        "collider1": {
            "type": "Box",
            "collider2origin": [
                [
                    0.9980268447818988,
                    0.0627886701140236,
                    0.0,
                    -0.04
                ],
                [
                    -0.0627886701140236,
                    0.9980268447818988,
                    0.0,
                    0.02
                ],
                [
                    0.0,
                    0.0,
                    1.0,
                    -0.13
                ],
                [
                    0.0,
                    0.0,
                    0.0,
                    1.0
                ]
            ],
            "size": [
                0.6,
                0.4,
                0.4
            ]
        },
        "collider2": {
            "type": "Box",
            "collider2origin": [
                [
                    -0.4997258928014914,
                    0.6454349033310208,
                    -0.5776571800175498,
                    0.3094248870141483
                ],
                [
                    -0.42227431196647724,
                    -0.7638152823559258,
                    -0.4881297162566272,
                    0.3903006429427824
                ],
                [
                    -0.7562793382851277,
                    -1.2700148753281058e-06,
                    0.6542488536339948,
                    0.32362918236607197
                ],
                [
                    0.0,
                    0.0,
                    0.0,
                    1.0
                ]
            ],
            "size": [
                0.15068,
                0.17726,
                0.74884
            ]
        },
        "distance": 0.21758825957251665
    },
    {
        "case": 4,
        "collider1": {
            "type": "Box",
            "collider2origin": [
                [
                    0.9980268447818988,
                    0.0627886701140236,
                    0.0,
                    -0.04
                ],
                [
                    -0.0627886701140236,
                    0.9980268447818988,
                    0.0,
                    0.02
                ],
                [
                    0.0,
                    0.0,
                    1.0,
                    -0.13
                ],
                [
                    0.0,
                    0.0,
                    0.0,
                    1.0
                ]
            ],
            "size": [
                0.6,
                0.4,
                0.4
            ]
        },
        "collider2": {
            "type": "Sphere",
            "collider2origin": [
                [
                    1.0,
                    0.0,
                    0.0,
                    0.14559021186314267
                ],
                [
                    0.0,
                    1.0,
                    0.0,
                    -0.05277967773242287
                ],
                [
                    0.0,
                    0.0,
                    1.0,
                    0.05081320505487796
                ],
                [
                    0.0,
                    0.0,
                    0.0,
                    1.0
                ]
            ],
            "radius": 0.00487
        },
        "distance": 0.0
    },
    {
        "case": 5,
        "collider1": {
            "type": "Box",
            "collider2origin": [
                [
                    0.9980268447818988,
                    0.0627886701140236,
                    0.0,
                    -0.04
                ],
                [
                    -0.0627886701140236,
                    0.9980268447818988,
                    0.0,
                    0.02
                ],
                [
                    0.0,
                    0.0,
                    1.0,
                    -0.13
                ],
                [
                    0.0,
                    0.0,
                    0.0,
                    1.0
                ]
            ],
            "size": [
                0.6,
                0.4,
                0.4
            ]
        },
        "collider2": {
            "type": "Cylinder",
            "collider2origin": [
                [
                    0.22412335018913182,
                    -0.4708597510087784,
                    -0.8532642139337329,
                    0.16880042078813018
                ],
                [
                    0.9480554081894147,
                    -0.09746484502754456,
                    0.3028061211180498,
                    0.003661830712374581
                ],
                [
                    -0.2257424791721797,
                    -0.8768076749571188,
                    0.4245569858493557,
                    0.0674270098631975
                ],
                [
                    0.0,
                    0.0,
                    0.0,
                    1.0
                ]
            ],
            "radius": 0.01169,
            "height": 0.05502
        },
        "distance": 0.0
    },
    {
        "case": 6,
        "collider1": {
            "type": "Box",
            "collider2origin": [
                [
                    0.9980268447818988,
                    0.0627886701140236,
                    0.0,
                    -0.04
                ],
                [
                    -0.0627886701140236,
                    0.9980268447818988,
                    0.0,
                    0.02
                ],
                [
                    0.0,
                    0.0,
                    1.0,
                    -0.13
                ],
                [
                    0.0,
                    0.0,
                    0.0,
                    1.0
                ]
            ],
            "size": [
                0.6,
                0.4,
                0.4
            ]
        },
        "collider2": {
            "type": "Sphere",
            "collider2origin": [
                [
                    1.0,
                    0.0,
                    0.0,
                    0.18803861094254803
                ],
                [
                    0.0,
                    1.0,
                    0.0,
                    -0.0037649248202658026
                ],
                [
                    0.0,
                    0.0,
                    1.0,
                    0.05797935185494718
                ],
                [
                    0.0,
                    0.0,
                    0.0,
                    1.0
                ]
            ],
            "radius": 0.01051
        },
        "distance": 0.0
    },
    {
        "case": 7,
        "collider1": {
            "type": "Box",
            "collider2origin": [
                [
                    0.9992356923808713,
                    0.039090038016362835,
                    0.0,
                    -0.10710036334624623
                ],
                [
                    -0.039090038016362835,
                    0.9992356923808713,
                    0.0,
                    0.41486694795461987
                ],
                [
                    0.0,
                    0.0,
                    1.0,
                    -0.40439
                ],
                [
                    0.0,
                    0.0,
                    0.0,
                    1.0
                ]
            ],
            "size": [
                0.08,
                1.0,
                0.812
            ]
        },
        "collider2": {
            "type": "Box",
            "collider2origin": [
                [
                    0.7110169159203412,
                    0.6454360001868872,
                    -0.27904715540187625,
                    -0.030706208104634924
                ],
                [
                    0.6008246664770717,
                    -0.7638143554637139,
                    -0.2357909042780634,
                    0.2682904998321976
                ],
                [
                    -0.3653281612849493,
                    -7.092513850772242e-06,
                    -0.9308787969020748,
                    0.2667145118525138
                ],
                [
                    0.0,
                    0.0,
                    0.0,
                    1.0
                ]
            ],
            "size": [
                0.1202,
                0.13634,
                0.67816
            ]
        },
        "distance": 0.0
    },
    {
        "case": 8,
        "collider1": {
            "type": "Box",
            "collider2origin": [
                [
                    0.9992356923808713,
                    0.039090038016362835,
                    0.0,
                    -0.7387332447251884
                ],
                [
                    -0.039090038016362835,
                    0.9992356923808713,
                    0.0,
                    0.6397293653589854
                ],
                [
                    0.0,
                    0.0,
                    1.0,
                    -0.40439
                ],
                [
                    0.0,
                    0.0,
                    0.0,
                    1.0
                ]
            ],
            "size": [
                1.2,
                1.4,
                0.812
            ]
        },
        "collider2": {
            "type": "Box",
            "collider2origin": [
                [
                    0.7110169159203412,
                    0.6454360001868872,
                    -0.27904715540187625,
                    -0.030706208104634924
                ],
                [
                    0.6008246664770717,
                    -0.7638143554637139,
                    -0.2357909042780634,
                    0.2682904998321976
                ],
                [
                    -0.3653281612849493,
                    -7.092513850772242e-06,
                    -0.9308787969020748,
                    0.2667145118525138
                ],
                [
                    0.0,
                    0.0,
                    0.0,
                    1.0
                ]
            ],
            "size": [
                0.1202,
                0.13634,
                0.67816
            ]
        },
        "distance": 0.0
    },
    {
        "case": 9,
        "collider1": {
            "type": "Box",
            "collider2origin": [
                [
                    0.9980268447818988,
                    0.0627886701140236,
                    0.0,
                    -0.04
                ],
                [
                    -0.0627886701140236,
                    0.9980268447818988,
                    0.0,
                    0.02
                ],
                [
                    0.0,
                    0.0,
                    1.0,
                    -0.13
                ],
                [
                    0.0,
                    0.0,
                    0.0,
                    1.0
                ]
            ],
            "size": [
                0.6,
                0.4,
                0.4
            ]
        },
        "collider2": {
            "type": "Box",
            "collider2origin": [
                [
                    0.7110169159203412,
                    0.6454360001868872,
                    -0.27904715540187625,
                    -0.030706208104634924
                ],
                [
                    0.6008246664770717,
                    -0.7638143554637139,
                    -0.2357909042780634,
                    0.2682904998321976
                ],
                [
                    -0.3653281612849493,
                    -7.092513850772242e-06,
                    -0.9308787969020748,
                    0.2667145118525138
                ],
                [
                    0.0,
                    0.0,
                    0.0,
                    1.0
                ]
            ],
            "size": [
                0.1202,
                0.13634,
                0.67816
            ]
        },
        "distance": 0.0
    },
    {
        "case": 10,
        "collider1": {
            "type": "Box",
            "collider2origin": [
                [
                    0.9980268447818988,
                    0.0627886701140236,
                    0.0,
                    -0.04
                ],
                [
                    -0.0627886701140236,
                    0.9980268447818988,
                    0.0,
                    0.02
                ],
                [
                    0.0,
                    0.0,
                    1.0,
                    -0.13
                ],
                [
                    0.0,
                    0.0,
                    0.0,
                    1.0
                ]
            ],
            "size": [
                0.6,
                0.4,
                0.4
            ]
        },
        "collider2": {
            "type": "Box",
            "collider2origin": [
                [
                    -0.7221038184562374,
                    0.660010897811187,
                    0.2072478953847114,
                    -0.012819634174390915
                ],
                [
                    -0.6363755162604992,
                    -0.7512364265076517,
                    0.17512862071116997,
                    0.12904797046278682
                ],
                [
                    0.2712789665180563,
                    -0.00542644068283773,
                    0.9624854679767435,
                    0.10269775877574694
                ],
                [
                    0.0,
                    0.0,
                    0.0,
                    1.0
                ]
            ],
            "size": [
                0.09126,
                0.11887,
                0.10009
            ]
        },
        "distance": 0.0
    },
    {
        "case": 11,
        "collider1": {
            "type": "Box",
            "collider2origin": [
                [
                    0.9980268447818988,
                    0.0627886701140236,
                    0.0,
                    -0.04
                ],
                [
                    -0.0627886701140236,
                    0.9980268447818988,
                    0.0,
                    0.02
                ],
                [
                    0.0,
                    0.0,
                    1.0,
                    -0.13
                ],
                [
                    0.0,
                    0.0,
                    0.0,
                    1.0
                ]
            ],
            "size": [
                0.6,
                0.4,
                0.4
            ]
        },
        "collider2": {
            "type": "Box",
            "collider2origin": [
                [
                    -0.13310349433580235,
                    0.6600128524010852,
                    0.7393689839728077,
                    0.03799514519679886
                ],
                [
                    -0.12404738947937688,
                    -0.7512346885490213,
                    0.6482736211539125,
                    0.07425828642887888
                ],
                [
                    0.9833085502317931,
                    -0.005429308062536176,
                    0.1818648334753347,
                    0.10607253812165296
                ],
                [
                    0.0,
                    0.0,
                    0.0,
                    1.0
                ]
            ],
            "size": [
                0.08993,
                0.0305,
                0.09007
            ]
        },
        "distance": 0.0
    },
    {
        "case": 12,
        "collider1": {
            "type": "Box",
            "collider2origin": [
                [
                    0.9992356923808713,
                    0.039090038016362835,
                    0.0,
                    -0.10710036334624623
                ],
                [
                    -0.039090038016362835,
                    0.9992356923808713,
                    0.0,
                    0.41486694795461987
                ],
                [
                    0.0,
                    0.0,
                    1.0,
                    -0.40439
                ],
                [
                    0.0,
                    0.0,
                    0.0,
                    1.0
                ]
            ],
            "size": [
                0.08,
                1.0,
                0.812
            ]
        },
        "collider2": {
            "type": "Box",
            "collider2origin": [
                [
                    -0.7351587404658009,
                    0.6454377864483494,
                    0.2072478953847114,
                    -0.03929378565908109
                ],
                [
                    -0.621224518498077,
                    -0.7638128460720176,
                    0.17512862071116997,
                    0.11471668518261835
                ],
                [
                    0.27133323411180216,
                    -1.3779857047841334e-07,
                    0.9624854679767435,
                    -0.002606122010635259
                ],
                [
                    0.0,
                    0.0,
                    0.0,
                    1.0
                ]
            ],
            "size": [
                0.09102,
                0.10007,
                0.11882
            ]
        },
        "distance": 0.0
    },
    {
        "case": 13,
        "collider1": {
            "type": "Box",
            "collider2origin": [
                [
                    0.9992356923808713,
                    0.039090038016362835,
                    0.0,
                    -0.7387332447251884
                ],
                [
                    -0.039090038016362835,
                    0.9992356923808713,
                    0.0,
                    0.6397293653589854
                ],
                [
                    0.0,
                    0.0,
                    1.0,
                    -0.40439
                ],
                [
                    0.0,
                    0.0,
                    0.0,
                    1.0
                ]
            ],
            "size": [
                1.2,
                1.4,
                0.812
            ]
        },
        "collider2": {
            "type": "Box",
            "collider2origin": [
                [
                    -0.7351587404658009,
                    0.6454377864483494,
                    0.2072478953847114,
                    -0.03929378565908109
                ],
                [
                    -0.621224518498077,
                    -0.7638128460720176,
                    0.17512862071116997,
                    0.11471668518261835
                ],
                [
                    0.27133323411180216,
                    -1.3779857047841334e-07,
                    0.9624854679767435,
                    -0.002606122010635259
                ],
                [
                    0.0,
                    0.0,
                    0.0,
                    1.0
                ]
            ],
            "size": [
                0.09102,
                0.10007,
                0.11882
            ]
        },
        "distance": 0.04144109153945031
    },
    {
        "case": 14,
        "collider1": {
            "type": "Box",
            "collider2origin": [
                [
                    0.9980268447818988,
                    0.0627886701140236,
                    0.0,
                    -0.04
                ],
                [
                    -0.0627886701140236,
                    0.9980268447818988,
                    0.0,
                    0.02
                ],
                [
                    0.0,
                    0.0,
                    1.0,
                    -0.13
                ],
                [
                    0.0,
                    0.0,
                    0.0,
                    1.0
                ]
            ],
            "size": [
                0.6,
                0.4,
                0.4
            ]
        },
        "collider2": {
            "type": "Box",
            "collider2origin": [
                [
                    -0.7351587404658009,
                    0.6454377864483494,
                    0.2072478953847114,
                    -0.03929378565908109
                ],
                [
                    -0.621224518498077,
                    -0.7638128460720176,
                    0.17512862071116997,
                    0.11471668518261835
                ],
                [
                    0.27133323411180216,
                    -1.3779857047841334e-07,
                    0.9624854679767435,
                    -0.002606122010635259
                ],
                [
                    0.0,
                    0.0,
                    0.0,
                    1.0
                ]
            ],
            "size": [
                0.09102,
                0.10007,
                0.11882
            ]
        },
        "distance": 0.0
    }
]