[
    {
        "case": 0,
        "collider1": {
            "type": "Box",
            "collider2origin": [
                [
                    0.9987652092017612,
                    0.049679541947991616,
                    0.0,
                    -0.8452169757328698
                ],
                [
                    -0.049679541947991616,
                    0.9987652092017612,
                    0.0,
                    1.7355619287231678
                ],
                [
                    0.0,
                    0.0,
                    1.0,
                    -0.39990000000000003
                ],
                [
                    0.0,
                    0.0,
                    0.0,
                    1.0
                ]
            ],
            "size": [
                5.96,
                0.78,
                0.87
            ]
        },
        "collider2": {
            "type": "Box",
            "collider2origin": [
                [
                    0.2428804744598901,
                    0.9560395796769104,
                    0.1643088470452356,
                    0.1897418505024672
                ],
                [
                    -0.7918618107105097,
                    0.29323765462641055,
                    -0.535692589688783,
                    1.8031801255784363
                ],
                [
                    -0.5603248592240144,
                    -6.307887375725625e-07,
                    0.8282729333590411,
                    -0.010079935959904751
                ],
                [
                    0.0,
                    0.0,
                    0.0,
                    1.0
                ]
            ],
            "size": [
                0.09102,
                0.10007,
                0.11882
            ]
        },
        "distance": 0.0
    },
    {
        "case": 1,
        "collider1": {
            "type": "Box",
            "collider2origin": [
                [
                    0.9987652092017612,
                    0.049679541947991616,
                    0.0,
                    -0.44981058340474583
                ],
                [
                    -0.049679541947991616,
                    0.9987652092017612,
                    0.0,
                    1.9565411834192994
                ],
                [
                    0.0,
                    0.0,
                    1.0,
                    0.12009999999999998
                ],
                [
                    0.0,
                    0.0,
                    0.0,
                    1.0
                ]
            ],
            "size": [
                4.0,
                0.14,
                0.16
            ]
        },
        "collider2": {
            "type": "Box",
            "collider2origin": [
                [
                    0.2428804744598901,
                    0.9560395796769104,
                    0.1643088470452356,
                    0.1897418505024672
                ],
                [
                    -0.7918618107105097,
                    0.29323765462641055,
                    -0.535692589688783,
                    1.8031801255784363
                ],
                [
                    -0.5603248592240144,
                    -6.307887375725625e-07,
                    0.8282729333590411,
                    -0.010079935959904751
                ],
                [
                    0.0,
                    0.0,
                    0.0,
                    1.0
                ]
            ],
            "size": [
                0.09102,
                0.10007,
                0.11882
            ]
        },
        "distance": 0.012338599882772703
    },
    {
        "case": 2,
        "collider1": {
            "type": "Box",
            "collider2origin": [
                [
                    0.9987652092017612,
                    0.049679541947991616,
                    0.0,
                    -0.8452169757328698
                ],
                [
                    -0.049679541947991616,
                    0.9987652092017612,
                    0.0,
                    1.7355619287231678
                ],
                [
                    0.0,
                    0.0,
                    1.0,
                    -0.39990000000000003
                ],
                [
                    0.0,
                    0.0,
                    0.0,
                    1.0
                ]
            ],
            "size": [
                5.96,
                0.78,
                0.87
            ]
        },
        "collider2": {
            "type": "Box",
            "collider2origin": [
                [
                    0.052065317578800945,
                    -0.9850339108315428,
                    0.1643088470452356,
                    0.20943796137683163
                ],
                [
                    0.8432245332940423,
                    -0.04478655829118396,
                    -0.535692589688783,
                    1.7455564063251514
                ],
                [
                    0.5350341943805677,
                    0.1664402556725578,
                    0.8282729333590411,
                    0.08076589237278298
                ],
                [
                    0.0,
                    0.0,
                    0.0,
                    1.0
                ]
            ],
            "size": [
                0.09126,
                0.11887,
                0.10009
            ]
        },
        "distance": 0.0
    },
    {
        "case": 3,
        "collider1": {
            "type": "Box",
            "collider2origin": [
                [
                    0.9987652092017612,
                    0.049679541947991616,
                    0.0,
                    -0.44981058340474583
                ],
                [
                    -0.049679541947991616,
                    0.9987652092017612,
                    0.0,
                    1.9565411834192994
                ],
                [
                    0.0,
                    0.0,
                    1.0,
                    0.12009999999999998
                ],
                [
                    0.0,
                    0.0,
                    0.0,
                    1.0
                ]
            ],
            "size": [
                4.0,
                0.14,
                0.16
            ]
        },
        "collider2": {
            "type": "Box",
            "collider2origin": [
                [
                    0.052065317578800945,
                    -0.9850339108315428,
                    0.1643088470452356,
                    0.20943796137683163
                ],
                [
                    0.8432245332940423,
                    -0.04478655829118396,
                    -0.535692589688783,
                    1.7455564063251514
                ],
                [
                    0.5350341943805677,
                    0.1664402556725578,
                    0.8282729333590411,
                    0.08076589237278298
                ],
                [
                    0.0,
                    0.0,
                    0.0,
                    1.0
                ]
            ],
            "size": [
                0.09126,
                0.11887,
                0.10009
            ]
        },
        "distance": 0.037491997273048396
    },
    {
        "case": 4,
        "collider1": {
            "type": "Box",
            "collider2origin": [
                [
                    0.9987652092017612,
                    0.049679541947991616,
                    0.0,
                    -0.8452169757328698
                ],
                [
                    -0.049679541947991616,
                    0.9987652092017612,
                    0.0,
                    1.7355619287231678
                ],
                [
                    0.0,
                    0.0,
                    1.0,
                    -0.39990000000000003
                ],
                [
                    0.0,
                    0.0,
                    0.0,
                    1.0
                ]
            ],
            "size": [
                5.96,
                0.78,
                0.87
            ]
        },
        "collider2": {
            "type": "Box",
            "collider2origin": [
                [
                    0.11749254294117376,
                    -0.9850340511482816,
                    0.12610876429344864,
                    0.13661189712543498
                ],
                [
                    0.5320455429971951,
                    -0.04478769638889079,
                    -0.8455303675380301,
                    1.7393436412532952
                ],
                [
                    0.8385243243520347,
                    0.16643911899124164,
                    0.5188207562727061,
                    0.09678132043058207
                ],
                [
                    0.0,
                    0.0,
                    0.0,
                    1.0
                ]
            ],
            "size": [
                0.08993,
                0.0305,
                0.09007
            ]
        },
        "distance": 0.0
    },
    {
        "case": 5,
        "collider1": {
            "type": "Box",
            "collider2origin": [
                [
                    0.9987652092017612,
                    0.049679541947991616,
                    0.0,
                    -0.44981058340474583
                ],
                [
                    -0.049679541947991616,
                    0.9987652092017612,
                    0.0,
                    1.9565411834192994
                ],
                [
                    0.0,
                    0.0,
                    1.0,
                    0.12009999999999998
                ],
                [
                    0.0,
                    0.0,
                    0.0,
                    1.0
                ]
            ],
            "size": [
                4.0,
                0.14,
                0.16
            ]
        },
        "collider2": {
            "type": "Box",
            "collider2origin": [
                [
                    0.11749254294117376,
                    -0.9850340511482816,
                    0.12610876429344864,
                    0.13661189712543498
                ],
                [
                    0.5320455429971951,
                    -0.04478769638889079,
                    -0.8455303675380301,
                    1.7393436412532952
                ],
                [
                    0.8385243243520347,
                    0.16643911899124164,
                    0.5188207562727061,
                    0.09678132043058207
                ],
                [
                    0.0,
                    0.0,
                    0.0,
                    1.0
                ]
            ],
            "size": [
                0.08993,
                0.0305,
                0.09007
            ]
        },
        "distance": 0.05446206204383613
    },
    {
        "case": 6,
        "collider1": {
            "type": "Box",
            "collider2origin": [
                [
                    0.9984911777768198,
                    0.05491236565527933,
                    0.0,
                    0.19949793078659855
                ],
                [
                    -0.05491236565527933,
                    0.9984911777768198,
                    0.0,
                    1.615142983721484
                ],
                [
                    0.0,
                    0.0,
                    1.0,
                    0.1860599999999999
                ],
                [
                    0.0,
                    0.0,
                    0.0,
                    1.0
                ]
            ],
            "size": [
                0.62,
                0.62,
                0.02
            ]
        },
        "collider2": {
            "type": "Sphere",
            "collider2origin": [
                [
                    1.0,
                    0.0,
                    0.0,
                    -0.07518016737628375
                ],
                [
                    0.0,
                    1.0,
                    0.0,
                    1.7198405123583784
                ],
                [
                    0.0,
                    0.0,
                    1.0,
                    0.1952293602542099
                ],
                [
                    0.0,
                    0.0,
                    0.0,
                    1.0
                ]
            ],
            "radius": 0.00663
        },
        "distance": 0.0
    },
    {
        "case": 7,
        "collider1": {
            "type": "Box",
            "collider2origin": [
                [
                    0.9987652092017612,
                    0.049679541947991616,
                    0.0,
                    -0.8452169757328698
                ],
                [
                    -0.049679541947991616,
                    0.9987652092017612,
                    0.0,
                    1.7355619287231678
                ],
                [
                    0.0,
                    0.0,
                    1.0,
                    -0.39990000000000003
                ],
                [
                    0.0,
                    0.0,
                    0.0,
                    1.0
                ]
            ],
            "size": [
                5.96,
                0.78,
                0.87
            ]
        },
        "collider2": {
            "type": "Box",
            "collider2origin": [
                [
                    0.041384388102673454,
                    0.9560379097752753,
                    -0.2903081939833761,
                    0.16725784005716562
                ],
                [
                    -0.13491168508297982,
                    0.2932430989172108,
                    0.9464709832665245,
                    1.4953616636114746
                ],
                [
                    0.9899930149498218,
                    -3.154855726949108e-06,
                    0.14111637162501278,
                    -0.053600458338966095
                ],
                [
                    0.0,
                    0.0,
                    0.0,
                    1.0
                ]
            ],
            "size": [
                0.1202,
                0.13634,
                0.67816
            ]
        },
        "distance": 0.0
    },
    {
        "case": 8,
        "collider1": {
            "type": "Box",
            "collider2origin": [
                [
                    0.9987652092017612,
                    0.049679541947991616,
                    0.0,
                    -0.44981058340474583
                ],
                [
                    -0.049679541947991616,
                    0.9987652092017612,
                    0.0,
                    1.9565411834192994
                ],
                [
                    0.0,
                    0.0,
                    1.0,
                    0.12009999999999998
                ],
                [
                    0.0,
                    0.0,
                    0.0,
                    1.0
                ]
            ],
            "size": [
                4.0,
                0.14,
                0.16
            ]
        },
        "collider2": {
            "type": "Box",
            "collider2origin": [
                [
                    0.041384388102673454,
                    0.9560379097752753,
                    -0.2903081939833761,
                    0.16725784005716562
                ],
                [
                    -0.13491168508297982,
                    0.2932430989172108,
                    0.9464709832665245,
                    1.4953616636114746
                ],
                [
                    0.9899930149498218,
                    -3.154855726949108e-06,
                    0.14111637162501278,
                    -0.053600458338966095
                ],
                [
                    0.0,
                    0.0,
                    0.0,
                    1.0
                ]
            ],
            "size": [
                0.1202,
                0.13634,
                0.67816
            ]
        },
        "distance": 0.027012028582039074
    },
    {
        "case": 9,
        "collider1": {
            "type": "Box",
            "collider2origin": [
                [
                    0.9987652092017612,
                    0.049679541947991616,
                    0.0,
                    -0.47864210557426284
                ],
                [
                    -0.049679541947991616,
                    0.9987652092017612,
                    0.0,
                    1.3769077942590573
                ],
                [
                    0.0,
                    0.0,
                    1.0,
                    0.12009999999999998
                ],
                [
                    0.0,
                    0.0,
                    0.0,
                    1.0
                ]
            ],
            "size": [
                4.0,
                0.1,
                0.16
            ]
        },
        "collider2": {
            "type": "Box",
            "collider2origin": [
                [
                    0.041384388102673454,
                    0.9560379097752753,
                    -0.2903081939833761,
                    0.16725784005716562
                ],
                [
                    -0.13491168508297982,
                    0.2932430989172108,
                    0.9464709832665245,
                    1.4953616636114746
                ],
                [
                    0.9899930149498218,
                    -3.154855726949108e-06,
                    0.14111637162501278,
                    -0.053600458338966095
                ],
                [
                    0.0,
                    0.0,
                    0.0,
                    1.0
                ]
            ],
            "size": [
                0.1202,
                0.13634,
                0.67816
            ]
        },
        "distance": 0.04418979043146332
    },
    {
        "case": 10,
        "collider1": {
            "type": "Box",
            "collider2origin": [
                [
                    0.9984911777768198,
                    0.05491236565527933,
                    0.0,
                    0.19949793078659855
                ],
                [
                    -0.05491236565527933,
                    0.9984911777768198,
                    0.0,
                    1.615142983721484
                ],
                [
                    0.0,
                    0.0,
                    1.0,
                    0.1860599999999999
                ],
                [
                    0.0,
                    0.0,
                    0.0,
                    1.0
                ]
            ],
            "size": [
                0.62,
                0.62,
                0.02
            ]
        },
        "collider2": {
            "type": "Cylinder",
            "collider2origin": [
                [
                    0.27988168205657066,
                    -0.157576516352773,
                    0.9470141950062356,
                    -0.055503886647374934
                ],
                [
                    -0.858177987818233,
                    -0.4832452364098267,
                    0.17321830940018532,
                    1.722965942003274
                ],
                [
                    0.43034496078545187,
                    -0.8611873681036747,
                    -0.27048018734323737,
                    0.19132522575191846
                ],
                [
                    0.0,
                    0.0,
                    0.0,
                    1.0
                ]
            ],
            "radius": 0.00796,
            "height": 0.03037
        },
        "distance": 0.0
    },
    {
        "case": 11,
        "collider1": {
            "type": "Cylinder",
            "collider2origin": [
                [
                    1.0,
                    0.0,
                    0.0,
                    0.36025
                ],
                [
                    0.0,
                    1.0,
                    0.0,
                    0.66562
                ],
                [
                    0.0,
                    0.0,
                    1.0,
                    -0.35
                ],
                [
                    0.0,
                    0.0,
                    0.0,
                    1.0
                ]
            ],
            "radius": 0.11,
            "height": 0.68
        },
        "collider2": {
            "type": "Box",
            "collider2origin": [
                [
                    -0.10560214312308239,
                    0.9560379712645399,
                    -0.27356824535788904,
                    0.4548162735025739
                ],
                [
                    0.34430269252532864,
                    0.2932428984228291,
                    0.891888030217015,
                    0.98868796864144
                ],
                [
                    0.9329007681889971,
                    -4.996049409674595e-06,
                    -0.360133526191909,
                    0.01917784273180101
                ],
                [
                    0.0,
                    0.0,
                    0.0,
                    1.0
                ]
            ],
            "size": [
                0.15068,
                0.17726,
                0.74884
            ]
        },
        "distance": 0.03025258153864121
    },
    {
        "case": 12,
        "collider1": {
            "type": "Box",
            "collider2origin": [
                [
                    0.9984911777768198,
                    0.05491236565527933,
                    0.0,
                    0.9683361376747499
                ],
                [
                    -0.05491236565527933,
                    0.9984911777768198,
                    0.0,
                    1.5728604621669189
                ],
                [
                    0.0,
                    0.0,
                    1.0,
                    0.1860599999999999
                ],
                [
                    0.0,
                    0.0,
                    0.0,
                    1.0
                ]
            ],
            "size": [
                0.62,
                0.62,
                0.29
            ]
        },
        "collider2": {
            "type": "Box",
            "collider2origin": [
                [
                    -0.10560214312308239,
                    0.9560379712645399,
                    -0.27356824535788904,
                    0.4548162735025739
                ],
                [
                    0.34430269252532864,
                    0.2932428984228291,
                    0.891888030217015,
                    0.98868796864144
                ],
                [
                    0.9329007681889971,
                    -4.996049409674595e-06,
                    -0.360133526191909,
                    0.01917784273180101
                ],
                [
                    0.0,
                    0.0,
                    0.0,
                    1.0
                ]
            ],
            "size": [
                0.15068,
                0.17726,
                0.74884
            ]
        },
        "distance": 0.17752097245718756
    },
    {
        "case": 13,
        "collider1": {
            "type": "Box",
            "collider2origin": [
                [
                    0.9984911777768198,
                    0.05491236565527933,
                    0.0,
                    0.19949793078659855
                ],
                [
                    -0.05491236565527933,
                    0.9984911777768198,
                    0.0,
                    1.615142983721484
                ],
                [
                    0.0,
                    0.0,
                    1.0,
                    0.1860599999999999
                ],
                [
                    0.0,
                    0.0,
                    0.0,
                    1.0
                ]
            ],
            "size": [
                0.62,
                0.62,
                0.02
            ]
        },
        "collider2": {
            "type": "Box",
            "collider2origin": [
                [
                    -0.10560214312308239,
                    0.9560379712645399,
                    -0.27356824535788904,
                    0.4548162735025739
                ],
                [
                    0.34430269252532864,
                    0.2932428984228291,
                    0.891888030217015,
                    0.98868796864144
                ],
                [
                    0.9329007681889971,
                    -4.996049409674595e-06,
                    -0.360133526191909,
                    0.01917784273180101
                ],
                [
                    0.0,
                    0.0,
                    0.0,
                    1.0
                ]
            ],
            "size": [
                0.15068,
                0.17726,
                0.74884
            ]
        },
        "distance": 0.17344855352047933
    },
    {
        "case": 14,
        "collider1": {
            "type": "Box",
            "collider2origin": [
                [
                    0.9987652092017612,
                    0.049679541947991616,
                    0.0,
                    -0.8452169757328698
                ],
                [
                    -0.049679541947991616,
                    0.9987652092017612,
                    0.0,
                    1.7355619287231678
                ],
                [
                    0.0,
                    0.0,
                    1.0,
                    -0.39990000000000003
                ],
                [
                    0.0,
                    0.0,
                    0.0,
                    1.0
                ]
            ],
            "size": [
                5.96,
                0.78,
                0.87
            ]
        },
        "collider2": {
            "type": "Box",
            "collider2origin": [
                [
                    -0.10560214312308239,
                    0.9560379712645399,
                    -0.27356824535788904,
                    0.4548162735025739
                ],
                [
                    0.34430269252532864,
                    0.2932428984228291,
                    0.891888030217015,
                    0.98868796864144
                ],
                [
                    0.9329007681889971,
                    -4.996049409674595e-06,
                    -0.360133526191909,
                    0.01917784273180101
                ],
                [
                    0.0,
                    0.0,
                    0.0,
                    1.0
                ]
            ],
            "size": [
                0.15068,
                0.17726,
                0.74884
            ]
        },
        "distance": 0.0
    },
    {
        "case": 15,
        "collider1": {
            "type": "Box",
            "collider2origin": [
                [
                    0.9987652092017612,
                    0.049679541947991616,
                    0.0,
                    -0.47864210557426284
                ],
                [
                    -0.049679541947991616,
                    0.9987652092017612,
                    0.0,
                    1.3769077942590573
                ],
                [
                    0.0,
                    0.0,
                    1.0,
                    0.12009999999999998
                ],
                [
                    0.0,
                    0.0,
                    0.0,
                    1.0
                ]
            ],
            "size": [
                4.0,
                0.1,
                0.16
            ]
        },
        "collider2": {
            "type": "Box",
            "collider2origin": [
                [
                    -0.10560214312308239,
                    0.9560379712645399,
                    -0.27356824535788904,
                    0.4548162735025739
                ],
                [
                    0.34430269252532864,
                    0.2932428984228291,
                    0.891888030217015,
                    0.98868796864144
                ],
                [
                    0.9329007681889971,
                    -4.996049409674595e-06,
                    -0.360133526191909,
                    0.01917784273180101
                ],
                [
                    0.0,
                    0.0,
                    0.0,
                    1.0
                ]
            ],
            "size": [
                0.15068,
                0.17726,
                0.74884
            ]
        },
        "distance": 0.04384771404425898
    },
    {
        "case": 16,
        "collider1": {
            "type": "Cylinder",
            "collider2origin": [
                [
                    1.0,
                    0.0,
                    0.0,
                    0.36025
                ],
                [
                    0.0,
                    1.0,
                    0.0,
                    0.66562
                ],
                [
                    0.0,
                    0.0,
                    1.0,
                    -0.35
                ],
                [
                    0.0,
                    0.0,
                    0.0,
                    1.0
                ]
            ],
            "radius": 0.11,
            "height": 0.68
        },
        "collider2": {
            "type": "Box",
            "collider2origin": [
                [
                    -0.10560214312308239,
                    0.9560379712645399,
                    -0.27356824535788904,
                    0.4548162735025739
                ],
                [
                    0.34430269252532864,
                    0.2932428984228291,
                    0.891888030217015,
                    0.98868796864144
                ],
                [
                    0.9329007681889971,
                    -4.996049409674595e-06,
                    -0.360133526191909,
                    0.01917784273180101
                ],
                [
                    0.0,
                    0.0,
                    0.0,
                    1.0
                ]
            ],
            "size": [
                0.15068,
                0.17726,
                0.74884
            ]
        },
        "distance": 0.03025258153864121
    },
    {
        "case": 17,
        "collider1": {
            "type": "Box",
            "collider2origin": [
                [
                    0.9984911777768198,
                    0.05491236565527933,
                    0.0,
                    0.9683361376747499
                ],
                [
                    -0.05491236565527933,
                    0.9984911777768198,
                    0.0,
                    1.5728604621669189
                ],
                [
                    0.0,
                    0.0,
                    1.0,
                    0.1860599999999999
                ],
                [
                    0.0,
                    0.0,
                    0.0,
                    1.0
                ]
            ],
            "size": [
                0.62,
                0.62,
                0.29
            ]
        },
        "collider2": {
            "type": "Box",
            "collider2origin": [
                [
                    -0.10560214312308239,
                    0.9560379712645399,
                    -0.27356824535788904,
                    0.4548162735025739
                ],
                [
                    0.34430269252532864,
                    0.2932428984228291,
                    0.891888030217015,
                    0.98868796864144
                ],
                [
                    0.9329007681889971,
                    -4.996049409674595e-06,
                    -0.360133526191909,
                    0.01917784273180101
                ],
                [
                    0.0,
                    0.0,
                    0.0,
                    1.0
                ]
            ],
            "size": [
                0.15068,
                0.17726,
                0.74884
            ]
        },
        "distance": 0.17752097245718756
    },
    {
        "case": 18,
        "collider1": {
            "type": "Box",
            "collider2origin": [
                [
                    0.9984911777768198,
                    0.05491236565527933,
                    0.0,
                    0.19949793078659855
                ],
                [
                    -0.05491236565527933,
                    0.9984911777768198,
                    0.0,
                    1.615142983721484
                ],
                [
                    0.0,
                    0.0,
                    1.0,
                    0.1860599999999999
                ],
                [
                    0.0,
                    0.0,
                    0.0,
                    1.0
                ]
            ],
            "size": [
                0.62,
                0.62,
                0.02
            ]
        },
        "collider2": {
            "type": "Box",
            "collider2origin": [
                [
                    -0.10560214312308239,
                    0.9560379712645399,
                    -0.27356824535788904,
                    0.4548162735025739
                ],
                [
                    0.34430269252532864,
                    0.2932428984228291,
                    0.891888030217015,
                    0.98868796864144
                ],
                [
                    0.9329007681889971,
                    -4.996049409674595e-06,
                    -0.360133526191909,
                    0.01917784273180101
                ],
                [
                    0.0,
                    0.0,
                    0.0,
                    1.0
                ]
            ],
            "size": [
                0.15068,
                0.17726,
                0.74884
            ]
        },
        "distance": 0.17344855352047933
    },
    {
        "case": 19,
        "collider1": {
            "type": "Box",
            "collider2origin": [
                [
                    0.9987652092017612,
                    0.049679541947991616,
                    0.0,
                    -0.8452169757328698
                ],
                [
                    -0.049679541947991616,
                    0.9987652092017612,
                    0.0,
                    1.7355619287231678
                ],
                [
                    0.0,
                    0.0,
                    1.0,
                    -0.39990000000000003
                ],
                [
                    0.0,
                    0.0,
                    0.0,
                    1.0
                ]
            ],
            "size": [
                5.96,
                0.78,
                0.87
            ]
        },
        "collider2": {
            "type": "Box",
            "collider2origin": [
                [
                    -0.10560214312308239,
                    0.9560379712645399,
                    -0.27356824535788904,
                    0.4548162735025739
                ],
                [
                    0.34430269252532864,
                    0.2932428984228291,
                    0.891888030217015,
                    0.98868796864144
                ],
                [
                    0.9329007681889971,
                    -4.996049409674595e-06,
                    -0.360133526191909,
                    0.01917784273180101
                ],
                [
                    0.0,
                    0.0,
                    0.0,
                    1.0
                ]
            ],
            "size": [
                0.15068,
                0.17726,
                0.74884
            ]
        },
        "distance": 0.0
    },
    {
        "case": 20,
        "collider1": {
            "type": "Box",
            "collider2origin": [
                [
                    0.9987652092017612,
                    0.049679541947991616,
                    0.0,
                    -0.47864210557426284
                ],
                [
                    -0.049679541947991616,
                    0.9987652092017612,
                    0.0,
                    1.3769077942590573
                ],
                [
                    0.0,
                    0.0,
                    1.0,
                    0.12009999999999998
                ],
                [
                    0.0,
                    0.0,
                    0.0,
                    1.0
                ]
            ],
            "size": [
                4.0,
                0.1,
                0.16
            ]
        },
        "collider2": {
            "type": "Box",
            "collider2origin": [
                [
                    -0.10560214312308239,
                    0.9560379712645399,
                    -0.27356824535788904,
                    0.4548162735025739
                ],
                [
                    0.34430269252532864,
                    0.2932428984228291,
                    0.891888030217015,
                    0.98868796864144
                ],
                [
                    0.9329007681889971,
                    -4.996049409674595e-06,
                    -0.360133526191909,
                    0.01917784273180101
                ],
                [
                    0.0,
                    0.0,
                    0.0,
                    1.0
                ]
            ],
            "size": [
                0.15068,
                0.17726,
                0.74884
            ]
        },
        "distance": 0.04384771404425898
    },
    {
        "case": 21,
        "collider1": {
            "type": "Box",
            "collider2origin": [
                [
                    0.9984911777768198,
                    0.05491236565527933,
                    0.0,
                    0.19949793078659855
                ],
                [
                    -0.05491236565527933,
                    0.9984911777768198,
                    0.0,
                    1.615142983721484
                ],
                [
                    0.0,
                    0.0,
                    1.0,
                    0.1860599999999999
                ],
                [
                    0.0,
                    0.0,
                    0.0,
                    1.0
                ]
            ],
            "size": [
                0.62,
                0.62,
                0.02
            ]
        },
        "collider2": {
            "type": "Cylinder",
            "collider2origin": [
                [
                    0.27988168205657066,
                    -0.6064673208941199,
                    0.7442201507193236,
                    -0.031234289402369442
                ],
                [
                    -0.858177987818233,
                    -0.5055384729874179,
                    -0.08922664150239752,
                    1.7249668338912523
                ],
                [
                    0.43034496078545187,
                    -0.6137004489301418,
                    -0.6619478632864593,
                    0.17953927304465567
                ],
                [
                    0.0,
                    0.0,
                    0.0,
                    1.0
                ]
            ],
            "radius": 0.00713,
            "height": 0.01426
        },
        "distance": 0.0
    },
    {
        "case": 22,
        "collider1": {
            "type": "Box",
            "collider2origin": [
                [
                    0.9984911777768198,
                    0.05491236565527933,
                    0.0,
                    0.19949793078659855
                ],
                [
                    -0.05491236565527933,
                    0.9984911777768198,
                    0.0,
                    1.615142983721484
                ],
                [
                    0.0,
                    0.0,
                    1.0,
                    0.1860599999999999
                ],
                [
                    0.0,
                    0.0,
                    0.0,
                    1.0
                ]
            ],
            "size": [
                0.62,
                0.62,
                0.02
            ]
        },
        "collider2": {
            "type": "Box",
            "collider2origin": [
                [
                    0.08308299414465303,
                    -0.9265006025845289,
                    -0.36700660688121645,
                    0.008517178041183349
                ],
                [
                    -0.833485586327192,
                    0.13726948000114436,
                    -0.5352185228904475,
                    1.7451262255082955
                ],
                [
                    0.5462590900559702,
                    0.3503622743257609,
                    -0.7608201385744882,
                    0.13626143872455132
                ],
                [
                    0.0,
                    0.0,
                    0.0,
                    1.0
                ]
            ],
            "size": [
                0.07264,
                0.04753,
                0.03326
            ]
        },
        "distance": 0.0
    },
    {
        "case": 23,
        "collider1": {
            "type": "Box",
            "collider2origin": [
                [
                    0.9987652092017612,
                    0.049679541947991616,
                    0.0,
                    -0.44981058340474583
                ],
                [
                    -0.049679541947991616,
                    0.9987652092017612,
                    0.0,
                    1.9565411834192994
                ],
                [
                    0.0,
                    0.0,
                    1.0,
                    0.12009999999999998
                ],
                [
                    0.0,
                    0.0,
                    0.0,
                    1.0
                ]
            ],
            "size": [
                4.0,
                0.14,
                0.16
            ]
        },
        "collider2": {
            "type": "Box",
            "collider2origin": [
                [
                    0.08308299414465303,
                    -0.9265006025845289,
                    -0.36700660688121645,
                    0.008517178041183349
                ],
                [
                    -0.833485586327192,
                    0.13726948000114436,
                    -0.5352185228904475,
                    1.7451262255082955
                ],
                [
                    0.5462590900559702,
                    0.3503622743257609,
                    -0.7608201385744882,
                    0.13626143872455132
                ],
                [
                    0.0,
                    0.0,
                    0.0,
                    1.0
                ]
            ],
            "size": [
                0.07264,
                0.04753,
                0.03326
            ]
        },
        "distance": 0.07694226013015978
    },
    {
        "case": 24,
        "collider1": {
            "type": "Box",
            "collider2origin": [
                [
                    0.9984911777768198,
                    0.05491236565527933,
                    0.0,
                    0.19949793078659855
                ],
                [
                    -0.05491236565527933,
                    0.9984911777768198,
                    0.0,
                    1.615142983721484
                ],
                [
                    0.0,
                    0.0,
                    1.0,
                    0.1860599999999999
                ],
                [
                    0.0,
                    0.0,
                    0.0,
                    1.0
                ]
            ],
            "size": [
                0.62,
                0.62,
                0.02
            ]
        },
        "collider2": {
            "type": "Cylinder",
            "collider2origin": [
                [
                    0.3098017793212014,
                    -0.5926903800608397,
                    0.7434655142726891,
                    -0.01966119376547415
                ],
                [
                    -0.8469497104944349,
                    -0.5273712255389768,
                    -0.06749650633114503,
                    1.7234770723830009
                ],
                [
                    0.4320868493981389,
                    -0.6087673643164969,
                    -0.6653594898401425,
                    0.1693576117084561
                ],
                [
                    0.0,
                    0.0,
                    0.0,
                    1.0
                ]
            ],
            "radius": 0.00713,
            "height": 0.01697
        },
        "distance": 0.0
    }
]