[
    {
        "case": 0,
        "collider1": {
            "type": "Box",
            "collider2origin": [
                [
                    0.9987652092017612,
                    0.049679541947991616,
                    0.0,
                    0.36025
                ],
                [
                    -0.049679541947991616,
                    0.9987652092017612,
                    0.0,
                    0.66562
                ],
                [
                    0.0,
                    0.0,
                    1.0,
                    1.13
                ],
                [
                    0.0,
                    0.0,
                    0.0,
                    1.0
                ]
            ],
            "size": [
                2.0,
                2.0,
                0.05
            ]
        },
        "collider2": {
            "type": "Box",
            "collider2origin": [
                [
                    0.6098118493889846,
                    -0.6742914010570191,
                    -0.4164860319450684,
                    0.03260248472930455
                ],
                [
                    0.5568185896107071,
                    0.7384653725532109,
                    -0.3802919297116236,
                    0.42719850901479167
                ],
                [
                    0.5639880908394516,
                    -6.399350619523275e-07,
                    0.8257829214695961,
                    0.9152922234263667
                ],
                [
                    0.0,
                    0.0,
                    0.0,
                    1.0
                ]
            ],
            "size": [
                0.1202,
                0.13634,
                0.67816
            ]
        },
        "distance": 0.0
    },
    {
        "case": 1,
        "collider1": {
            "type": "Box",
            "collider2origin": [
                [
                    0.9987652092017612,
                    0.049679541947991616,
                    0.0,
                    0.36025
                ],
                [
                    -0.049679541947991616,
                    0.9987652092017612,
                    0.0,
                    0.66562
                ],
                [
                    0.0,
                    0.0,
                    1.0,
                    1.13
                ],
                [
                    0.0,
                    0.0,
                    0.0,
                    1.0
                ]
            ],
            "size": [
                2.0,
                2.0,
                0.05
            ]
        },
        "collider2": {
            "type": "Box",
            "collider2origin": [
                [
                    0.696583508262532,
                    -0.6742907717409564,
                    -0.24515988897380492,
                    -0.16506425829137394
                ],
                [
                    0.6360481513377692,
                    0.7384659471803299,
                    -0.22385440365305379,
                    0.3980519187175571
                ],
                [
                    0.33198518821849454,
                    -2.0832730021208102e-07,
                    0.943284599049241,
                    1.158762899272701
                ],
                [
                    0.0,
                    0.0,
                    0.0,
                    1.0
                ]
            ],
            "size": [
                0.09102,
                0.10007,
                0.11882
            ]
        },
        "distance": 0.0
    }
]