[
    {
        "case": 0,
        "collider1": {
            "type": "Cylinder",
            "collider2origin": [
                [
                    1.0,
                    0.0,
                    0.0,
                    0.36025
                ],
                [
                    0.0,
                    1.0,
                    0.0,
                    0.66562
                ],
                [
                    0.0,
                    0.0,
                    1.0,
                    -0.35
                ],
                [
                    0.0,
                    0.0,
                    0.0,
                    1.0
                ]
            ],
            "radius": 0.11,
            "height": 0.68
        },
        "collider2": {
            "type": "Box",
            "collider2origin": [
                [
                    -0.857769766311252,
                    0.5082765104363633,
                    -0.07672038152260043,
                    0.43578621033184467
                ],
                [
                    0.5062563267104033,
                    0.861193932215548,
                    0.0452718762678485,
                    0.8338438457378634
                ],
                [
                    0.08908175833485418,
                    -7.331806708068732e-06,
                    -0.9960243171118941,
                    -0.17148686591616025
                ],
                [
                    0.0,
                    0.0,
                    0.0,
                    1.0
                ]
            ],
            "size": [
                0.15068,
                0.17726,
                0.74884
            ]
        },
        "distance": 0.0
    },
    {
        "case": 1,
        "collider1": {
            "type": "Cylinder",
            "collider2origin": [
                [
                    1.0,
                    0.0,
                    0.0,
                    0.36025
                ],
                [
                    0.0,
                    1.0,
                    0.0,
                    0.66562
                ],
                [
                    0.0,
                    0.0,
                    1.0,
                    -0.35
                ],
                [
                    0.0,
                    0.0,
                    0.0,
                    1.0
                ]
            ],
            "radius": 0.11,
            "height": 0.68
        },
        "collider2": {
            "type": "Box",
            "collider2origin": [
                [
                    -0.857769766311252,
                    0.5082765104363633,
                    -0.07672038152260043,
                    0.43578621033184467
                ],
                [
                    0.5062563267104033,
                    0.861193932215548,
                    0.0452718762678485,
                    0.8338438457378634
                ],
                [
                    0.08908175833485418,
                    -7.331806708068732e-06,
                    -0.9960243171118941,
                    -0.17148686591616025
                ],
                [
                    0.0,
                    0.0,
                    0.0,
                    1.0
                ]
            ],
            "size": [
                0.15068,
                0.17726,
                0.74884
            ]
        },
        "distance": 0.0
    },
    {
        "case": 2,
        "collider1": {
            "type": "Cylinder",
            "collider2origin": [
                [
                    1.0,
                    0.0,
                    0.0,
                    0.36025
                ],
                [
                    0.0,
                    1.0,
                    0.0,
                    0.66562
                ],
                [
                    0.0,
                    0.0,
                    1.0,
                    -0.35
                ],
                [
                    0.0,
                    0.0,
                    0.0,
                    1.0
                ]
            ],
            "radius": 0.11,
            "height": 0.68
        },
        "collider2": {
            "type": "Box",
            "collider2origin": [
                [
                    -0.6582344797693167,
                    0.5082788320493133,
                    0.5553197264039904,
                    0.5032973024303924
                ],
                [
                    0.38848741661986336,
                    0.8611925620025906,
                    -0.3277573771548686,
                    0.6472932037232304
                ],
                [
                    -0.644829354768253,
                    -6.480733355120714e-06,
                    -0.7643265684163795,
                    -0.6965319116661233
                ],
                [
                    0.0,
                    0.0,
                    0.0,
                    1.0
                ]
            ],
            "size": [
                0.1202,
                0.13634,
                0.67816
            ]
        },
        "distance": 0.0
    }
]