[
    {
        "case": 0,
        "collider1": {
            "type": "Box",
            "collider2origin": [
                [
                    0.9980268447818988,
                    0.0627886701140236,
                    0.0,
                    -0.04
                ],
                [
                    -0.0627886701140236,
                    0.9980268447818988,
                    0.0,
                    0.02
                ],
                [
                    0.0,
                    0.0,
                    1.0,
                    -0.13
                ],
                [
                    0.0,
                    0.0,
                    0.0,
                    1.0
                ]
            ],
            "size": [
                0.6,
                0.4,
                0.4
            ]
        },
        "collider2": {
            "type": "Box",
            "collider2origin": [
                [
                    0.3792300830831753,
                    0.9252124803098433,
                    -0.01290001409440558,
                    0.1804900050735184
                ],
                [
                    0.9246783157336547,
                    -0.37944942512141094,
                    -0.03143479261904423,
                    0.08089293711860623
                ],
                [
                    -0.033978765379271775,
                    -7.344289132833982e-06,
                    -0.9994225550033186,
                    -0.07772703898409694
                ],
                [
                    0.0,
                    0.0,
                    0.0,
                    1.0
                ]
            ],
            "size": [
                0.1202,
                0.13634,
                0.67816
            ]
        },
        "distance": 0.0
    },
    {
        "case": 1,
        "collider1": {
            "type": "Box",
            "collider2origin": [
                [
                    0.9980268447818988,
                    0.0627886701140236,
                    0.0,
                    -0.04
                ],
                [
                    -0.0627886701140236,
                    0.9980268447818988,
                    0.0,
                    0.02
                ],
                [
                    0.0,
                    0.0,
                    1.0,
                    -0.13
                ],
                [
                    0.0,
                    0.0,
                    0.0,
                    1.0
                ]
            ],
            "size": [
                0.6,
                0.4,
                0.4
            ]
        },
        "collider2": {
            "type": "Box",
            "collider2origin": [
                [
                    0.5637218817303268,
                    0.7701959840242368,
                    0.2983551344477869,
                    0.3189264810812342
                ],
                [
                    -0.6566836878089187,
                    0.19883039217563217,
                    0.7274840268438634,
                    0.10969569598151618
                ],
                [
                    0.5009832075270566,
                    -0.6060236145070766,
                    0.6178601819470809,
                    -0.30159200992686663
                ],
                [
                    0.0,
                    0.0,
                    0.0,
                    1.0
                ]
            ],
            "size": [
                0.09126,
                0.11887,
                0.10009
            ]
        },
        "distance": 0.0
    },
    {
        "case": 2,
        "collider1": {
            "type": "Box",
            "collider2origin": [
                [
                    0.9980268447818988,
                    0.0627886701140236,
                    0.0,
                    -0.04
                ],
                [
                    -0.0627886701140236,
                    0.9980268447818988,
                    0.0,
                    0.02
                ],
                [
                    0.0,
                    0.0,
                    1.0,
                    -0.13
                ],
                [
                    0.0,
                    0.0,
                    0.0,
                    1.0
                ]
            ],
            "size": [
                0.6,
                0.4,
                0.4
            ]
        },
        "collider2": {
            "type": "Box",
            "collider2origin": [
                [
                    -0.23444394730507423,
                    0.9252136236138434,
                    0.2983551344477869,
                    0.28097369623501267
                ],
                [
                    -0.5716530766204849,
                    -0.37944663745693025,
                    0.7274840268438634,
                    0.03137337470278467
                ],
                [
                    0.7862879851316243,
                    -1.4036779298733825e-06,
                    0.6178601819470809,
                    -0.3680283019524364
                ],
                [
                    0.0,
                    0.0,
                    0.0,
                    1.0
                ]
            ],
            "size": [
                0.09102,
                0.10007,
                0.11882
            ]
        },
        "distance": 0.0
    },
    {
        "case": 3,
        "collider1": {
            "type": "Box",
            "collider2origin": [
                [
                    0.9980268447818988,
                    0.0627886701140236,
                    0.0,
                    -0.04
                ],
                [
                    -0.0627886701140236,
                    0.9980268447818988,
                    0.0,
                    0.02
                ],
                [
                    0.0,
                    0.0,
                    1.0,
                    -0.13
                ],
                [
                    0.0,
                    0.0,
                    0.0,
                    1.0
                ]
            ],
            "size": [
                0.6,
                0.4,
                0.4
            ]
        },
        "collider2": {
            "type": "Box",
            "collider2origin": [
                [
                    -0.04662920859176223,
                    0.9252111444505695,
                    -0.3765767585640055,
                    0.41853049516695756
                ],
                [
                    -0.113686549109463,
                    -0.3794526823914769,
                    -0.9181998858513839,
                    0.3283493226896611
                ],
                [
                    -0.9924218283863406,
                    -3.221850327240095e-06,
                    0.12287764048813798,
                    0.1642571134186177
                ],
                [
                    0.0,
                    0.0,
                    0.0,
                    1.0
                ]
            ],
            "size": [
                0.15068,
                0.17726,
                0.74884
            ]
        },
        "distance": 0.03954120617029069
    },
    {
        "case": 4,
        "collider1": {
            "type": "Box",
            "collider2origin": [
                [
                    0.9980268447818988,
                    0.0627886701140236,
                    0.0,
                    -0.04
                ],
                [
                    -0.0627886701140236,
                    0.9980268447818988,
                    0.0,
                    0.02
                ],
                [
                    0.0,
                    0.0,
                    1.0,
                    -0.13
                ],
                [
                    0.0,
                    0.0,
                    0.0,
                    1.0
                ]
            ],
            "size": [
                0.6,
                0.4,
                0.4
            ]
        },
        "collider2": {
            "type": "Box",
            "collider2origin": [
                [
                    -0.04662920859176223,
                    0.9252111444505695,
                    -0.3765767585640055,
                    0.41853049516695756
                ],
                [
                    -0.113686549109463,
                    -0.3794526823914769,
                    -0.9181998858513839,
                    0.3283493226896611
                ],
                [
                    -0.9924218283863406,
                    -3.221850327240095e-06,
                    0.12287764048813798,
                    0.1642571134186177
                ],
                [
                    0.0,
                    0.0,
                    0.0,
                    1.0
                ]
            ],
            "size": [
                0.15068,
                0.17726,
                0.74884
            ]
        },
        "distance": 0.03954120617029069
    }
]