[
    {
        "case": 0,
        "collider1": {
            "type": "Cylinder",
            "collider2origin": [
                [
                    1.0,
                    0.0,
                    0.0,
                    0.36025
                ],
                [
                    0.0,
                    1.0,
                    0.0,
                    0.66562
                ],
                [
                    0.0,
                    0.0,
                    1.0,
                    -0.35
                ],
                [
                    0.0,
                    0.0,
                    0.0,
                    1.0
                ]
            ],
            "radius": 0.11,
            "height": 0.68
        },
        "collider2": {
            "type": "Box",
            "collider2origin": [
                [
                    -0.47338294386639657,
                    -0.8723572280016,
                    -0.12207151678318902,
                    0.1811669102432494
                ],
                [
                    -0.8447196596488533,
                    0.48886896680101394,
                    -0.21784359045341345,
                    0.6900648670929784
                ],
                [
                    0.24971440699148587,
                    -7.230041347800011e-06,
                    -0.9683195313989162,
                    -0.1631921476072289
                ],
                [
                    0.0,
                    0.0,
                    0.0,
                    1.0
                ]
            ],
            "size": [
                0.15068,
                0.17726,
                0.74884
            ]
        },
        "distance": 0.0
    },
    {
        "case": 1,
        "collider1": {
            "type": "Cylinder",
            "collider2origin": [
                [
                    1.0,
                    0.0,
                    0.0,
                    0.36025
                ],
                [
                    0.0,
                    1.0,
                    0.0,
                    0.66562
                ],
                [
                    0.0,
                    0.0,
                    1.0,
                    -0.35
                ],
                [
                    0.0,
                    0.0,
                    0.0,
                    1.0
                ]
            ],
            "radius": 0.11,
            "height": 0.68
        },
        "collider2": {
            "type": "Box",
            "collider2origin": [
                [
                    -0.47338294386639657,
                    -0.8723572280016,
                    -0.12207151678318902,
                    0.1811669102432494
                ],
                [
                    -0.8447196596488533,
                    0.48886896680101394,
                    -0.21784359045341345,
                    0.6900648670929784
                ],
                [
                    0.24971440699148587,
                    -7.230041347800011e-06,
                    -0.9683195313989162,
                    -0.1631921476072289
                ],
                [
                    0.0,
                    0.0,
                    0.0,
                    1.0
                ]
            ],
            "size": [
                0.15068,
                0.17726,
                0.74884
            ]
        },
        "distance": 0.0
    },
    {
        "case": 2,
        "collider1": {
            "type": "Cylinder",
            "collider2origin": [
                [
                    1.0,
                    0.0,
                    0.0,
                    0.36025
                ],
                [
                    0.0,
                    1.0,
                    0.0,
                    0.66562
                ],
                [
                    0.0,
                    0.0,
                    1.0,
                    -0.35
                ],
                [
                    0.0,
                    0.0,
                    0.0,
                    1.0
                ]
            ],
            "radius": 0.11,
            "height": 0.68
        },
        "collider2": {
            "type": "Box",
            "collider2origin": [
                [
                    -0.4621133622001541,
                    -0.8723573655257463,
                    -0.15951133906104797,
                    0.20854719885113027
                ],
                [
                    -0.8246092377253251,
                    0.4888687213986217,
                    -0.2846523815044145,
                    0.48048614099521897
                ],
                [
                    0.32629870599517724,
                    -7.145363609272821e-06,
                    -0.9452667107302661,
                    -0.7303770070276066
                ],
                [
                    0.0,
                    0.0,
                    0.0,
                    1.0
                ]
            ],
            "size": [
                0.1202,
                0.13634,
                0.67816
            ]
        },
        "distance": 0.0
    }
]