[
    {
        "case": 0,
        "collider1": {
            "type": "Box",
            "collider2origin": [
                [
                    0.9980268447818988,
                    0.0627886701140236,
                    0.0,
                    -0.04
                ],
                [
                    -0.0627886701140236,
                    0.9980268447818988,
                    0.0,
                    0.02
                ],
                [
                    0.0,
                    0.0,
                    1.0,
                    -0.13
                ],
                [
                    0.0,
                    0.0,
                    0.0,
                    1.0
                ]
            ],
            "size": [
                0.6,
                0.4,
                0.4
            ]
        },
        "collider2": {
            "type": "Box",
            "collider2origin": [
                [
                    -0.5849682797025987,
                    -0.7457022725179895,
                    0.3189674474037881,
                    0.33558261679922086
                ],
                [
                    0.6546983426927738,
                    -0.6662793113712184,
                    -0.35699013895908965,
                    0.44655602315998644
                ],
                [
                    0.47872976909433723,
                    -4.482694857893289e-07,
                    0.8779623045340165,
                    0.39061436620042245
                ],
                [
                    0.0,
                    0.0,
                    0.0,
                    1.0
                ]
            ],
            "size": [
                0.15068,
                0.17726,
                0.74884
            ]
        },
        "distance": 0.2322781655924601
    },
    {
        "case": 1,
        "collider1": {
            "type": "Box",
            "collider2origin": [
                [
                    0.9980268447818988,
                    0.0627886701140236,
                    0.0,
                    -0.04
                ],
                [
                    -0.0627886701140236,
                    0.9980268447818988,
                    0.0,
                    0.02
                ],
                [
                    0.0,
                    0.0,
                    1.0,
                    -0.13
                ],
                [
                    0.0,
                    0.0,
                    0.0,
                    1.0
                ]
            ],
            "size": [
                0.6,
                0.4,
                0.4
            ]
        },
        "collider2": {
            "type": "Box",
            "collider2origin": [
                [
                    -0.5849682797025987,
                    -0.7457022725179895,
                    0.3189674474037881,
                    0.33558261679922086
                ],
                [
                    0.6546983426927738,
                    -0.6662793113712184,
                    -0.35699013895908965,
                    0.44655602315998644
                ],
                [
                    0.47872976909433723,
                    -4.482694857893289e-07,
                    0.8779623045340165,
                    0.39061436620042245
                ],
                [
                    0.0,
                    0.0,
                    0.0,
                    1.0
                ]
            ],
            "size": [
                0.15068,
                0.17726,
                0.74884
            ]
        },
        "distance": 0.2322781655924601
    }
]