[
    {
        "case": 0,
        "collider1": {
            "type": "Cylinder",
            "collider2origin": [
                [
                    1.0,
                    0.0,
                    0.0,
                    0.36025
                ],
                [
                    0.0,
                    1.0,
                    0.0,
                    0.66562
                ],
                [
                    0.0,
                    0.0,
                    1.0,
                    -0.35
                ],
                [
                    0.0,
                    0.0,
                    0.0,
                    1.0
                ]
            ],
            "radius": 0.11,
            "height": 0.68
        },
        "collider2": {
            "type": "Box",
            "collider2origin": [
                [
                    -0.9169815678925348,
                    0.2626179875177319,
                    0.30029418372237077,
                    0.46074009215404116
                ],
                [
                    -0.3251794453416598,
                    -0.9281088579892086,
                    -0.1813071318212742,
                    0.8050099658999772
                ],
                [
                    0.23109117783385608,
                    -0.26390479410973744,
                    0.9364566872916535,
                    -0.279273514542855
                ],
                [
                    0.0,
                    0.0,
                    0.0,
                    1.0
                ]
            ],
            "size": [
                0.09126,
                0.11887,
                0.10009
            ]
        },
        "distance": 0.0
    },
    {
        "case": 1,
        "collider1": {
            "type": "Cylinder",
            "collider2origin": [
                [
                    1.0,
                    0.0,
                    0.0,
                    0.36025
                ],
                [
                    0.0,
                    1.0,
                    0.0,
                    0.66562
                ],
                [
                    0.0,
                    0.0,
                    1.0,
                    -0.35
                ],
                [
                    0.0,
                    0.0,
                    0.0,
                    1.0
                ]
            ],
            "radius": 0.11,
            "height": 0.68
        },
        "collider2": {
            "type": "Box",
            "collider2origin": [
                [
                    -0.6121621974452774,
                    0.2626141448179598,
                    -0.7458493513843801,
                    0.48081136116253637
                ],
                [
                    0.05115721725124354,
                    -0.9281095466001669,
                    -0.3687758243604662,
                    0.7346793022482848
                ],
                [
                    -0.7890756510893475,
                    -0.26390619631066636,
                    0.5547189706569964,
                    -0.2949398198651624
                ],
                [
                    0.0,
                    0.0,
                    0.0,
                    1.0
                ]
            ],
            "size": [
                0.08993,
                0.0305,
                0.09007
            ]
        },
        "distance": 0.0
    },
    {
        "case": 2,
        "collider1": {
            "type": "Cylinder",
            "collider2origin": [
                [
                    1.0,
                    0.0,
                    0.0,
                    0.36025
                ],
                [
                    0.0,
                    1.0,
                    0.0,
                    0.66562
                ],
                [
                    0.0,
                    0.0,
                    1.0,
                    -0.35
                ],
                [
                    0.0,
                    0.0,
                    0.0,
                    1.0
                ]
            ],
            "radius": 0.11,
            "height": 0.68
        },
        "collider2": {
            "type": "Box",
            "collider2origin": [
                [
                    0.8016699592953784,
                    0.5168642757880071,
                    0.30029418372237077,
                    0.42516385322539124
                ],
                [
                    -0.4840210775747878,
                    0.8560673574048271,
                    -0.1813071318212742,
                    0.8235461726768545
                ],
                [
                    -0.3507832276872533,
                    -2.33407620525419e-07,
                    0.9364566872916535,
                    -0.38104640223610664
                ],
                [
                    0.0,
                    0.0,
                    0.0,
                    1.0
                ]
            ],
            "size": [
                0.09102,
                0.10007,
                0.11882
            ]
        },
        "distance": 0.008712078998150134
    },
    {
        "case": 3,
        "collider1": {
            "type": "Cylinder",
            "collider2origin": [
                [
                    1.0,
                    0.0,
                    0.0,
                    0.36025
                ],
                [
                    0.0,
                    1.0,
                    0.0,
                    0.66562
                ],
                [
                    0.0,
                    0.0,
                    1.0,
                    -0.35
                ],
                [
                    0.0,
                    0.0,
                    0.0,
                    1.0
                ]
            ],
            "radius": 0.11,
            "height": 0.68
        },
        "collider2": {
            "type": "Box",
            "collider2origin": [
                [
                    -0.364632028647905,
                    0.5168660177446125,
                    0.7745276001440744,
                    0.14071480163245392
                ],
                [
                    0.2201478605902889,
                    0.8560663056524251,
                    -0.4676381077330279,
                    0.8647364590862607
                ],
                [
                    -0.9047532277707728,
                    -5.237755912794154e-06,
                    -0.42593614170546007,
                    -0.2591422493213065
                ],
                [
                    0.0,
                    0.0,
                    0.0,
                    1.0
                ]
            ],
            "size": [
                0.1202,
                0.13634,
                0.67816
            ]
        },
        "distance": 0.0
    },
    {
        "case": 4,
        "collider1": {
            "type": "Box",
            "collider2origin": [
                [
                    0.9992356923808713,
                    0.039090038016362835,
                    0.0,
                    -0.10710036334624623
                ],
                [
                    -0.039090038016362835,
                    0.9992356923808713,
                    0.0,
                    0.41486694795461987
                ],
                [
                    0.0,
                    0.0,
                    1.0,
                    -0.40439
                ],
                [
                    0.0,
                    0.0,
                    0.0,
                    1.0
                ]
            ],
            "size": [
                0.08,
                1.0,
                0.812
            ]
        },
        "collider2": {
            "type": "Box",
            "collider2origin": [
                [
                    -0.364632028647905,
                    0.5168660177446125,
                    0.7745276001440744,
                    0.14071480163245392
                ],
                [
                    0.2201478605902889,
                    0.8560663056524251,
                    -0.4676381077330279,
                    0.8647364590862607
                ],
                [
                    -0.9047532277707728,
                    -5.237755912794154e-06,
                    -0.42593614170546007,
                    -0.2591422493213065
                ],
                [
                    0.0,
                    0.0,
                    0.0,
                    1.0
                ]
            ],
            "size": [
                0.1202,
                0.13634,
                0.67816
            ]
        },
        "distance": 0.0
    },
    {
        "case": 5,
        "collider1": {
            "type": "Box",
            "collider2origin": [
                [
                    0.9992356923808713,
                    0.039090038016362835,
                    0.0,
                    -0.7387332447251884
                ],
                [
                    -0.039090038016362835,
                    0.9992356923808713,
                    0.0,
                    0.6397293653589854
                ],
                [
                    0.0,
                    0.0,
                    1.0,
                    -0.40439
                ],
                [
                    0.0,
                    0.0,
                    0.0,
                    1.0
                ]
            ],
            "size": [
                1.2,
                1.4,
                0.812
            ]
        },
        "collider2": {
            "type": "Box",
            "collider2origin": [
                [
                    -0.364632028647905,
                    0.5168660177446125,
                    0.7745276001440744,
                    0.14071480163245392
                ],
                [
                    0.2201478605902889,
                    0.8560663056524251,
                    -0.4676381077330279,
                    0.8647364590862607
                ],
                [
                    -0.9047532277707728,
                    -5.237755912794154e-06,
                    -0.42593614170546007,
                    -0.2591422493213065
                ],
                [
                    0.0,
                    0.0,
                    0.0,
                    1.0
                ]
            ],
            "size": [
                0.1202,
                0.13634,
                0.67816
            ]
        },
        "distance": 0.0
    },
    {
        "case": 6,
        "collider1": {
            "type": "Cylinder",
            "collider2origin": [
                [
                    1.0,
                    0.0,
                    0.0,
                    0.36025
                ],
                [
                    0.0,
                    1.0,
                    0.0,
                    0.66562
                ],
                [
                    0.0,
                    0.0,
                    1.0,
                    -0.35
                ],
                [
                    0.0,
                    0.0,
                    0.0,
                    1.0
                ]
            ],
            "radius": 0.11,
            "height": 0.68
        },
        "collider2": {
            "type": "Box",
            "collider2origin": [
                [
                    -0.7475492172086591,
                    0.13358987378602702,
                    0.6506334709131971,
                    0.5030869088698122
                ],
                [
                    -0.41009550281120455,
                    -0.8633884110328074,
                    -0.29390837053113794,
                    0.6130019226580462
                ],
                [
                    0.5224862164925944,
                    -0.48653283272157155,
                    0.7002099372753692,
                    -0.3468897029144936
                ],
                [
                    0.0,
                    0.0,
                    0.0,
                    1.0
                ]
            ],
            "size": [
                0.07264,
                0.04753,
                0.03326
            ]
        },
        "distance": 6.38558592390839e-05
    },
    {
        "case": 7,
        "collider1": {
            "type": "Cylinder",
            "collider2origin": [
                [
                    1.0,
                    0.0,
                    0.0,
                    0.36025
                ],
                [
                    0.0,
                    1.0,
                    0.0,
                    0.66562
                ],
                [
                    0.0,
                    0.0,
                    1.0,
                    -0.35
                ],
                [
                    0.0,
                    0.0,
                    0.0,
                    1.0
                ]
            ],
            "radius": 0.11,
            "height": 0.68
        },
        "collider2": {
            "type": "Box",
            "collider2origin": [
                [
                    -0.3735884207361439,
                    0.5168603434548441,
                    -0.7702513078571269,
                    0.2291985297791764
                ],
                [
                    0.2255631516896285,
                    0.8560697315849346,
                    0.46504395412040284,
                    0.9588959833701838
                ],
                [
                    0.8997516082184657,
                    -5.276200578848878e-06,
                    -0.4364023871158888,
                    -0.0036972491170295108
                ],
                [
                    0.0,
                    0.0,
                    0.0,
                    1.0
                ]
            ],
            "size": [
                0.15068,
                0.17726,
                0.74884
            ]
        },
        "distance": 0.017783254394594442
    },
    {
        "case": 8,
        "collider1": {
            "type": "Box",
            "collider2origin": [
                [
                    0.9987652092017612,
                    0.049679541947991616,
                    0.0,
                    -0.8452169757328698
                ],
                [
                    -0.049679541947991616,
                    0.9987652092017612,
                    0.0,
                    1.7355619287231678
                ],
                [
                    0.0,
                    0.0,
                    1.0,
                    -0.39990000000000003
                ],
                [
                    0.0,
                    0.0,
                    0.0,
                    1.0
                ]
            ],
            "size": [
                5.96,
                0.78,
                0.87
            ]
        },
        "collider2": {
            "type": "Box",
            "collider2origin": [
                [
                    -0.3735884207361439,
                    0.5168603434548441,
                    -0.7702513078571269,
                    0.2291985297791764
                ],
                [
                    0.2255631516896285,
                    0.8560697315849346,
                    0.46504395412040284,
                    0.9588959833701838
                ],
                [
                    0.8997516082184657,
                    -5.276200578848878e-06,
                    -0.4364023871158888,
                    -0.0036972491170295108
                ],
                [
                    0.0,
                    0.0,
                    0.0,
                    1.0
                ]
            ],
            "size": [
                0.15068,
                0.17726,
                0.74884
            ]
        },
        "distance": 0.07912094220670063
    },
    {
        "case": 9,
        "collider1": {
            "type": "Box",
            "collider2origin": [
                [
                    0.9992356923808713,
                    0.039090038016362835,
                    0.0,
                    -0.10710036334624623
                ],
                [
                    -0.039090038016362835,
                    0.9992356923808713,
                    0.0,
                    0.41486694795461987
                ],
                [
                    0.0,
                    0.0,
                    1.0,
                    -0.40439
                ],
                [
                    0.0,
                    0.0,
                    0.0,
                    1.0
                ]
            ],
            "size": [
                0.08,
                1.0,
                0.812
            ]
        },
        "collider2": {
            "type": "Box",
            "collider2origin": [
                [
                    -0.3735884207361439,
                    0.5168603434548441,
                    -0.7702513078571269,
                    0.2291985297791764
                ],
                [
                    0.2255631516896285,
                    0.8560697315849346,
                    0.46504395412040284,
                    0.9588959833701838
                ],
                [
                    0.8997516082184657,
                    -5.276200578848878e-06,
                    -0.4364023871158888,
                    -0.0036972491170295108
                ],
                [
                    0.0,
                    0.0,
                    0.0,
                    1.0
                ]
            ],
            "size": [
                0.15068,
                0.17726,
                0.74884
            ]
        },
        "distance": 0.09378554346103431
    },
    {
        "case": 10,
        "collider1": {
            "type": "Box",
            "collider2origin": [
                [
                    0.9992356923808713,
                    0.039090038016362835,
                    0.0,
                    -0.7387332447251884
                ],
                [
                    -0.039090038016362835,
                    0.9992356923808713,
                    0.0,
                    0.6397293653589854
                ],
                [
                    0.0,
                    0.0,
                    1.0,
                    -0.40439
                ],
                [
                    0.0,
                    0.0,
                    0.0,
                    1.0
                ]
            ],
            "size": [
                1.2,
                1.4,
                0.812
            ]
        },
        "collider2": {
            "type": "Box",
            "collider2origin": [
                [
                    -0.3735884207361439,
                    0.5168603434548441,
                    -0.7702513078571269,
                    0.2291985297791764
                ],
                [
                    0.2255631516896285,
                    0.8560697315849346,
                    0.46504395412040284,
                    0.9588959833701838
                ],
                [
                    0.8997516082184657,
                    -5.276200578848878e-06,
                    -0.4364023871158888,
                    -0.0036972491170295108
                ],
                [
                    0.0,
                    0.0,
                    0.0,
                    1.0
                ]
            ],
            "size": [
                0.15068,
                0.17726,
                0.74884
            ]
        },
        "distance": 0.0
    },
    {
        "case": 11,
        "collider1": {
            "type": "Cylinder",
            "collider2origin": [
                [
                    1.0,
                    0.0,
                    0.0,
                    0.36025
                ],
                [
                    0.0,
                    1.0,
                    0.0,
                    0.66562
                ],
                [
                    0.0,
                    0.0,
                    1.0,
                    -0.35
                ],
                [
                    0.0,
                    0.0,
                    0.0,
                    1.0
                ]
            ],
            "radius": 0.11,
            "height": 0.68
        },
        "collider2": {
            "type": "Box",
            "collider2origin": [
                [
                    -0.3735884207361439,
                    0.5168603434548441,
                    -0.7702513078571269,
                    0.2291985297791764
                ],
                [
                    0.2255631516896285,
                    0.8560697315849346,
                    0.46504395412040284,
                    0.9588959833701838
                ],
                [
                    0.8997516082184657,
                    -5.276200578848878e-06,
                    -0.4364023871158888,
                    -0.0036972491170295108
                ],
                [
                    0.0,
                    0.0,
                    0.0,
                    1.0
                ]
            ],
            "size": [
                0.15068,
                0.17726,
                0.74884
            ]
        },
        "distance": 0.017783254394594442
    },
    {
        "case": 12,
        "collider1": {
            "type": "Box",
            "collider2origin": [
                [
                    0.9987652092017612,
                    0.049679541947991616,
                    0.0,
                    -0.8452169757328698
                ],
                [
                    -0.049679541947991616,
                    0.9987652092017612,
                    0.0,
                    1.7355619287231678
                ],
                [
                    0.0,
                    0.0,
                    1.0,
                    -0.39990000000000003
                ],
                [
                    0.0,
                    0.0,
                    0.0,
                    1.0
                ]
            ],
            "size": [
                5.96,
                0.78,
                0.87
            ]
        },
        "collider2": {
            "type": "Box",
            "collider2origin": [
                [
                    -0.3735884207361439,
                    0.5168603434548441,
                    -0.7702513078571269,
                    0.2291985297791764
                ],
                [
                    0.2255631516896285,
                    0.8560697315849346,
                    0.46504395412040284,
                    0.9588959833701838
                ],
                [
                    0.8997516082184657,
                    -5.276200578848878e-06,
                    -0.4364023871158888,
                    -0.0036972491170295108
                ],
                [
                    0.0,
                    0.0,
                    0.0,
                    1.0
                ]
            ],
            "size": [
                0.15068,
                0.17726,
                0.74884
            ]
        },
        "distance": 0.07912094220670063
    },
    {
        "case": 13,
        "collider1": {
            "type": "Box",
            "collider2origin": [
                [
                    0.9992356923808713,
                    0.039090038016362835,
                    0.0,
                    -0.10710036334624623
                ],
                [
                    -0.039090038016362835,
                    0.9992356923808713,
                    0.0,
                    0.41486694795461987
                ],
                [
                    0.0,
                    0.0,
                    1.0,
                    -0.40439
                ],
                [
                    0.0,
                    0.0,
                    0.0,
                    1.0
                ]
            ],
            "size": [
                0.08,
                1.0,
                0.812
            ]
        },
        "collider2": {
            "type": "Box",
            "collider2origin": [
                [
                    -0.3735884207361439,
                    0.5168603434548441,
                    -0.7702513078571269,
                    0.2291985297791764
                ],
                [
                    0.2255631516896285,
                    0.8560697315849346,
                    0.46504395412040284,
                    0.9588959833701838
                ],
                [
                    0.8997516082184657,
                    -5.276200578848878e-06,
                    -0.4364023871158888,
                    -0.0036972491170295108
                ],
                [
                    0.0,
                    0.0,
                    0.0,
                    1.0
                ]
            ],
            "size": [
                0.15068,
                0.17726,
                0.74884
            ]
        },
        "distance": 0.09378554346103431
    },
    {
        "case": 14,
        "collider1": {
            "type": "Box",
            "collider2origin": [
                [
                    0.9992356923808713,
                    0.039090038016362835,
                    0.0,
                    -0.7387332447251884
                ],
                [
                    -0.039090038016362835,
                    0.9992356923808713,
                    0.0,
                    0.6397293653589854
                ],
                [
                    0.0,
                    0.0,
                    1.0,
                    -0.40439
                ],
                [
                    0.0,
                    0.0,
                    0.0,
                    1.0
                ]
            ],
            "size": [
                1.2,
                1.4,
                0.812
            ]
        },
        "collider2": {
            "type": "Box",
            "collider2origin": [
                [
                    -0.3735884207361439,
                    0.5168603434548441,
                    -0.7702513078571269,
                    0.2291985297791764
                ],
                [
                    0.2255631516896285,
                    0.8560697315849346,
                    0.46504395412040284,
                    0.9588959833701838
                ],
                [
                    0.8997516082184657,
                    -5.276200578848878e-06,
                    -0.4364023871158888,
                    -0.0036972491170295108
                ],
                [
                    0.0,
                    0.0,
                    0.0,
                    1.0
                ]
            ],
            "size": [
                0.15068,
                0.17726,
                0.74884
            ]
        },
        "distance": 0.0
    },
    {
        "case": 15,
        "collider1": {
            "type": "Cylinder",
            "collider2origin": [
                [
                    1.0,
                    0.0,
                    0.0,
                    0.36025
                ],
                [
                    0.0,
                    1.0,
                    0.0,
                    0.66562
                ],
                [
                    0.0,
                    0.0,
                    1.0,
                    -0.35
                ],
                [
                    0.0,
                    0.0,
                    0.0,
                    1.0
                ]
            ],
            "radius": 0.11,
            "height": 0.68
        },
        "collider2": {
            "type": "Box",
            "collider2origin": [
                [
                    -0.5946195640239015,
                    0.13359495948139855,
                    0.7928303481080854,
                    0.4990334883346947
                ],
                [
                    -0.46257877258268215,
                    -0.8633884437702293,
                    -0.20144794444203215,
                    0.6572681564330786
                ],
                [
                    0.657608130451505,
                    -0.48653137819177145,
                    0.5751858523980671,
                    -0.3213071692373993
                ],
                [
                    0.0,
                    0.0,
                    0.0,
                    1.0
                ]
            ],
            "size": [
                0.06241,
                0.05638,
                0.02858
            ]
        },
        "distance": 0.0
    },
    {
        "case": 16,
        "collider1": {
            "type": "Cylinder",
            "collider2origin": [
                [
                    1.0,
                    0.0,
                    0.0,
                    0.36025
                ],
                [
                    0.0,
                    1.0,
                    0.0,
                    0.66562
                ],
                [
                    0.0,
                    0.0,
                    1.0,
                    -0.35
                ],
                [
                    0.0,
                    0.0,
                    0.0,
                    1.0
                ]
            ],
            "radius": 0.11,
            "height": 0.68
        },
        "collider2": {
            "type": "Cylinder",
            "collider2origin": [
                [
                    -0.7382524123142209,
                    0.6017471826875557,
                    0.3047682789265024,
                    0.4738850843348019
                ],
                [
                    -0.205034158917871,
                    -0.6306406635384957,
                    0.7485007329111752,
                    0.5602241864821198
                ],
                [
                    0.6426074769165652,
                    0.4900945639560952,
                    0.588950718644277,
                    -0.3589245729093816
                ],
                [
                    0.0,
                    0.0,
                    0.0,
                    1.0
                ]
            ],
            "radius": 0.00713,
            "height": 0.01426
        },
        "distance": 0.03616675798924385
    },
    {
        "case": 17,
        "collider1": {
            "type": "Cylinder",
            "collider2origin": [
                [
                    1.0,
                    0.0,
                    0.0,
                    0.36025
                ],
                [
                    0.0,
                    1.0,
                    0.0,
                    0.66562
                ],
                [
                    0.0,
                    0.0,
                    1.0,
                    -0.35
                ],
                [
                    0.0,
                    0.0,
                    0.0,
                    1.0
                ]
            ],
            "radius": 0.11,
            "height": 0.68
        },
        "collider2": {
            "type": "Cylinder",
            "collider2origin": [
                [
                    -0.7467227565182012,
                    0.5860165756162816,
                    0.3146262830737846,
                    0.47849395412519247
                ],
                [
                    -0.17417791902203542,
                    -0.6288019292708167,
                    0.7578061666880598,
                    0.5717980574159542
                ],
                [
                    0.64192458857954,
                    0.5110701584403697,
                    0.5716118575823308,
                    -0.3497253343322264
                ],
                [
                    0.0,
                    0.0,
                    0.0,
                    1.0
                ]
            ],
            "radius": 0.00713,
            "height": 0.01697
        },
        "distance": 0.03219181315826725
    }
]