[
    {
        "case": 0,
        "collider1": {
            "type": "Box",
            "collider2origin": [
                [
                    0.9980268447818988,
                    0.0627886701140236,
                    0.0,
                    -0.04
                ],
                [
                    -0.0627886701140236,
                    0.9980268447818988,
                    0.0,
                    0.02
                ],
                [
                    0.0,
                    0.0,
                    1.0,
                    -0.13
                ],
                [
                    0.0,
                    0.0,
                    0.0,
                    1.0
                ]
            ],
            "size": [
                0.6,
                0.4,
                0.4
            ]
        },
        "collider2": {
            "type": "Box",
            "collider2origin": [
                [
                    -0.10179682055139781,
                    -0.9665928476181621,
                    0.235235359287329,
                    0.2718632868498304
                ],
                [
                    0.3838767985591544,
                    -0.25631673165930596,
                    -0.887096576816451,
                    0.35912243879540984
                ],
                [
                    0.9177559647605679,
                    -2.214410811225638e-06,
                    0.3971447961908798,
                    0.2463401191681509
                ],
                [
                    0.0,
                    0.0,
                    0.0,
                    1.0
                ]
            ],
            "size": [
                0.15068,
                0.17726,
                0.74884
            ]
        },
        "distance": 0.13969570401128417
    },
    {
        "case": 1,
        "collider1": {
            "type": "Box",
            "collider2origin": [
                [
                    0.9980268447818988,
                    0.0627886701140236,
                    0.0,
                    -0.04
                ],
                [
                    -0.0627886701140236,
                    0.9980268447818988,
                    0.0,
                    0.02
                ],
                [
                    0.0,
                    0.0,
                    1.0,
                    -0.13
                ],
                [
                    0.0,
                    0.0,
                    0.0,
                    1.0
                ]
            ],
            "size": [
                0.6,
                0.4,
                0.4
            ]
        },
        "collider2": {
            "type": "Box",
            "collider2origin": [
                [
                    -0.10179682055139781,
                    -0.9665928476181621,
                    0.235235359287329,
                    0.2718632868498304
                ],
                [
                    0.3838767985591544,
                    -0.25631673165930596,
                    -0.887096576816451,
                    0.35912243879540984
                ],
                [
                    0.9177559647605679,
                    -2.214410811225638e-06,
                    0.3971447961908798,
                    0.2463401191681509
                ],
                [
                    0.0,
                    0.0,
                    0.0,
                    1.0
                ]
            ],
            "size": [
                0.15068,
                0.17726,
                0.74884
            ]
        },
        "distance": 0.13969570401128417
    },
    {
        "case": 2,
        "collider1": {
            "type": "Box",
            "collider2origin": [
                [
                    0.9986237653362093,
                    0.052445927446576876,
                    0.0,
                    0.26740298292892656
                ],
                [
                    -0.052445927446576876,
                    0.9986237653362093,
                    0.0,
                    -0.7439576446718769
                ],
                [
                    0.0,
                    0.0,
                    1.0,
                    0.33000000000000007
                ],
                [
                    0.0,
                    0.0,
                    0.0,
                    1.0
                ]
            ],
            "size": [
                3.08,
                0.86,
                2.2
            ]
        },
        "collider2": {
            "type": "Box",
            "collider2origin": [
                [
                    -0.25625380001038806,
                    -0.9665936913581513,
                    0.005534058805147247,
                    0.4433496750167706
                ],
                [
                    0.9663683664873541,
                    -0.25631354983032556,
                    -0.020869701146392958,
                    -0.2306881692586933
                ],
                [
                    0.021590975725950486,
                    -8.562692425189583e-10,
                    0.9997668877129314,
                    -0.09640632036505292
                ],
                [
                    0.0,
                    0.0,
                    0.0,
                    1.0
                ]
            ],
            "size": [
                0.09102,
                0.10007,
                0.11882
            ]
        },
        "distance": 0.03191912780278774
    },
    {
        "case": 3,
        "collider1": {
            "type": "Box",
            "collider2origin": [
                [
                    0.9986237653362093,
                    0.052445927446576876,
                    0.0,
                    0.26740298292892656
                ],
                [
                    -0.052445927446576876,
                    0.9986237653362093,
                    0.0,
                    -0.7439576446718769
                ],
                [
                    0.0,
                    0.0,
                    1.0,
                    0.33000000000000007
                ],
                [
                    0.0,
                    0.0,
                    0.0,
                    1.0
                ]
            ],
            "size": [
                3.08,
                0.86,
                2.2
            ]
        },
        "collider2": {
            "type": "Box",
            "collider2origin": [
                [
                    0.9143914201075888,
                    -0.40479341030551386,
                    0.005534058805147247,
                    0.43922749482266665
                ],
                [
                    0.4048170526996488,
                    0.9141595098327369,
                    -0.020869701146392958,
                    -0.23180240612726755
                ],
                [
                    0.0033889050144063695,
                    0.021323357043437553,
                    0.9997668877129314,
                    0.012968720277846568
                ],
                [
                    0.0,
                    0.0,
                    0.0,
                    1.0
                ]
            ],
            "size": [
                0.09126,
                0.11887,
                0.10009
            ]
        },
        "distance": 0.01580230483782595
    },
    {
        "case": 4,
        "collider1": {
            "type": "Box",
            "collider2origin": [
                [
                    0.9986237653362093,
                    0.052445927446576876,
                    0.0,
                    0.26740298292892656
                ],
                [
                    -0.052445927446576876,
                    0.9986237653362093,
                    0.0,
                    -0.7439576446718769
                ],
                [
                    0.0,
                    0.0,
                    1.0,
                    0.33000000000000007
                ],
                [
                    0.0,
                    0.0,
                    0.0,
                    1.0
                ]
            ],
            "size": [
                3.08,
                0.86,
                2.2
            ]
        },
        "collider2": {
            "type": "Box",
            "collider2origin": [
                [
                    0.21020219827520403,
                    -0.9665931729295666,
                    0.14667199421233906,
                    0.5084816885480913
                ],
                [
                    -0.7927098890729141,
                    -0.25631550480073395,
                    -0.5530943805217633,
                    -0.04028485188099362
                ],
                [
                    0.5722115584347104,
                    -6.685622829526973e-06,
                    -0.8201060494527657,
                    0.14036550043691665
                ],
                [
                    0.0,
                    0.0,
                    0.0,
                    1.0
                ]
            ],
            "size": [
                0.1202,
                0.13634,
                0.67816
            ]
        },
        "distance": 0.03285262975765161
    }
]