[
    {
        "case": 0,
        "collider1": {
            "type": "Box",
            "collider2origin": [
                [
                    0.9992356923808713,
                    0.039090038016362835,
                    0.0,
                    -0.10710036334624623
                ],
                [
                    -0.039090038016362835,
                    0.9992356923808713,
                    0.0,
                    0.41486694795461987
                ],
                [
                    0.0,
                    0.0,
                    1.0,
                    -0.40439
                ],
                [
                    0.0,
                    0.0,
                    0.0,
                    1.0
                ]
            ],
            "size": [
                0.08,
                1.0,
                0.812
            ]
        },
        "collider2": {
            "type": "Box",
            "collider2origin": [
                [
                    0.9689812773604327,
                    -0.099836887382762,
                    -0.22607052006545575,
                    -0.22415624556917446
                ],
                [
                    0.0972258546491821,
                    0.9950038170367551,
                    -0.02268341398519293,
                    0.6588258255104757
                ],
                [
                    0.22720567183210919,
                    -9.606608125596176e-08,
                    0.9738467963120844,
                    0.09179602474065174
                ],
                [
                    0.0,
                    0.0,
                    0.0,
                    1.0
                ]
            ],
            "size": [
                0.1202,
                0.13634,
                0.67816
            ]
        },
        "distance": 0.0
    },
    {
        "case": 1,
        "collider1": {
            "type": "Box",
            "collider2origin": [
                [
                    0.9992356923808713,
                    0.039090038016362835,
                    0.0,
                    -0.7387332447251884
                ],
                [
                    -0.039090038016362835,
                    0.9992356923808713,
                    0.0,
                    0.6397293653589854
                ],
                [
                    0.0,
                    0.0,
                    1.0,
                    -0.40439
                ],
                [
                    0.0,
                    0.0,
                    0.0,
                    1.0
                ]
            ],
            "size": [
                1.2,
                1.4,
                0.812
            ]
        },
        "collider2": {
            "type": "Box",
            "collider2origin": [
                [
                    0.9689812773604327,
                    -0.099836887382762,
                    -0.22607052006545575,
                    -0.22415624556917446
                ],
                [
                    0.0972258546491821,
                    0.9950038170367551,
                    -0.02268341398519293,
                    0.6588258255104757
                ],
                [
                    0.22720567183210919,
                    -9.606608125596176e-08,
                    0.9738467963120844,
                    0.09179602474065174
                ],
                [
                    0.0,
                    0.0,
                    0.0,
                    1.0
                ]
            ],
            "size": [
                0.1202,
                0.13634,
                0.67816
            ]
        },
        "distance": 0.0
    },
    {
        "case": 2,
        "collider1": {
            "type": "Cylinder",
            "collider2origin": [
                [
                    1.0,
                    0.0,
                    0.0,
                    0.36025
                ],
                [
                    0.0,
                    1.0,
                    0.0,
                    0.66562
                ],
                [
                    0.0,
                    0.0,
                    1.0,
                    -0.35
                ],
                [
                    0.0,
                    0.0,
                    0.0,
                    1.0
                ]
            ],
            "radius": 0.11,
            "height": 0.68
        },
        "collider2": {
            "type": "Box",
            "collider2origin": [
                [
                    -0.5016431945829352,
                    -0.09983921334260484,
                    -0.8592940339649503,
                    0.09486168450957672
                ],
                [
                    -0.05033036184656724,
                    0.9950035836360607,
                    -0.086224841129401,
                    0.8178091890679685
                ],
                [
                    0.8636092635011628,
                    -5.5250945063859624e-06,
                    -0.5041617200506721,
                    -0.024019441831384825
                ],
                [
                    0.0,
                    0.0,
                    0.0,
                    1.0
                ]
            ],
            "size": [
                0.15068,
                0.17726,
                0.74884
            ]
        },
        "distance": 0.004677062030895842
    },
    {
        "case": 3,
        "collider1": {
            "type": "Box",
            "collider2origin": [
                [
                    0.9992356923808713,
                    0.039090038016362835,
                    0.0,
                    -0.10710036334624623
                ],
                [
                    -0.039090038016362835,
                    0.9992356923808713,
                    0.0,
                    0.41486694795461987
                ],
                [
                    0.0,
                    0.0,
                    1.0,
                    -0.40439
                ],
                [
                    0.0,
                    0.0,
                    0.0,
                    1.0
                ]
            ],
            "size": [
                0.08,
                1.0,
                0.812
            ]
        },
        "collider2": {
            "type": "Box",
            "collider2origin": [
                [
                    -0.5016431945829352,
                    -0.09983921334260484,
                    -0.8592940339649503,
                    0.09486168450957672
                ],
                [
                    -0.05033036184656724,
                    0.9950035836360607,
                    -0.086224841129401,
                    0.8178091890679685
                ],
                [
                    0.8636092635011628,
                    -5.5250945063859624e-06,
                    -0.5041617200506721,
                    -0.024019441831384825
                ],
                [
                    0.0,
                    0.0,
                    0.0,
                    1.0
                ]
            ],
            "size": [
                0.15068,
                0.17726,
                0.74884
            ]
        },
        "distance": 0.0
    },
    {
        "case": 4,
        "collider1": {
            "type": "Box",
            "collider2origin": [
                [
                    0.9992356923808713,
                    0.039090038016362835,
                    0.0,
                    -0.7387332447251884
                ],
                [
                    -0.039090038016362835,
                    0.9992356923808713,
                    0.0,
                    0.6397293653589854
                ],
                [
                    0.0,
                    0.0,
                    1.0,
                    -0.40439
                ],
                [
                    0.0,
                    0.0,
                    0.0,
                    1.0
                ]
            ],
            "size": [
                1.2,
                1.4,
                0.812
            ]
        },
        "collider2": {
            "type": "Box",
            "collider2origin": [
                [
                    -0.5016431945829352,
                    -0.09983921334260484,
                    -0.8592940339649503,
                    0.09486168450957672
                ],
                [
                    -0.05033036184656724,
                    0.9950035836360607,
                    -0.086224841129401,
                    0.8178091890679685
                ],
                [
                    0.8636092635011628,
                    -5.5250945063859624e-06,
                    -0.5041617200506721,
                    -0.024019441831384825
                ],
                [
                    0.0,
                    0.0,
                    0.0,
                    1.0
                ]
            ],
            "size": [
                0.15068,
                0.17726,
                0.74884
            ]
        },
        "distance": 0.0
    },
    {
        "case": 5,
        "collider1": {
            "type": "Cylinder",
            "collider2origin": [
                [
                    1.0,
                    0.0,
                    0.0,
                    0.36025
                ],
                [
                    0.0,
                    1.0,
                    0.0,
                    0.66562
                ],
                [
                    0.0,
                    0.0,
                    1.0,
                    -0.35
                ],
                [
                    0.0,
                    0.0,
                    0.0,
                    1.0
                ]
            ],
            "radius": 0.11,
            "height": 0.68
        },
        "collider2": {
            "type": "Box",
            "collider2origin": [
                [
                    -0.5016431945829352,
                    -0.09983921334260484,
                    -0.8592940339649503,
                    0.09486168450957672
                ],
                [
                    -0.05033036184656724,
                    0.9950035836360607,
                    -0.086224841129401,
                    0.8178091890679685
                ],
                [
                    0.8636092635011628,
                    -5.5250945063859624e-06,
                    -0.5041617200506721,
                    -0.024019441831384825
                ],
                [
                    0.0,
                    0.0,
                    0.0,
                    1.0
                ]
            ],
            "size": [
                0.15068,
                0.17726,
                0.74884
            ]
        },
        "distance": 0.004677062030895842
    },
    {
        "case": 6,
        "collider1": {
            "type": "Box",
            "collider2origin": [
                [
                    0.9992356923808713,
                    0.039090038016362835,
                    0.0,
                    -0.10710036334624623
                ],
                [
                    -0.039090038016362835,
                    0.9992356923808713,
                    0.0,
                    0.41486694795461987
                ],
                [
                    0.0,
                    0.0,
                    1.0,
                    -0.40439
                ],
                [
                    0.0,
                    0.0,
                    0.0,
                    1.0
                ]
            ],
            "size": [
                0.08,
                1.0,
                0.812
            ]
        },
        "collider2": {
            "type": "Box",
            "collider2origin": [
                [
                    -0.5016431945829352,
                    -0.09983921334260484,
                    -0.8592940339649503,
                    0.09486168450957672
                ],
                [
                    -0.05033036184656724,
                    0.9950035836360607,
                    -0.086224841129401,
                    0.8178091890679685
                ],
                [
                    0.8636092635011628,
                    -5.5250945063859624e-06,
                    -0.5041617200506721,
                    -0.024019441831384825
                ],
                [
                    0.0,
                    0.0,
                    0.0,
                    1.0
                ]
            ],
            "size": [
                0.15068,
                0.17726,
                0.74884
            ]
        },
        "distance": 0.0
    },
    {
        "case": 7,
        "collider1": {
            "type": "Box",
            "collider2origin": [
                [
                    0.9992356923808713,
                    0.039090038016362835,
                    0.0,
                    -0.7387332447251884
                ],
                [
                    -0.039090038016362835,
                    0.9992356923808713,
                    0.0,
                    0.6397293653589854
                ],
                [
                    0.0,
                    0.0,
                    1.0,
                    -0.40439
                ],
                [
                    0.0,
                    0.0,
                    0.0,
                    1.0
                ]
            ],
            "size": [
                1.2,
                1.4,
                0.812
            ]
        },
        "collider2": {
            "type": "Box",
            "collider2origin": [
                [
                    -0.5016431945829352,
                    -0.09983921334260484,
                    -0.8592940339649503,
                    0.09486168450957672
                ],
                [
                    -0.05033036184656724,
                    0.9950035836360607,
                    -0.086224841129401,
                    0.8178091890679685
                ],
                [
                    0.8636092635011628,
                    -5.5250945063859624e-06,
                    -0.5041617200506721,
                    -0.024019441831384825
                ],
                [
                    0.0,
                    0.0,
                    0.0,
                    1.0
                ]
            ],
            "size": [
                0.15068,
                0.17726,
                0.74884
            ]
        },
        "distance": 0.0
    }
]