[
    {
        "case": 0,
        "collider1": {
            "type": "Box",
            "collider2origin": [
                [
                    1.0,
                    0.0,
                    0.0,
                    0.20085
                ],
                [
                    0.0,
                    1.0,
                    0.0,
                    1.45633
                ],
                [
                    0.0,
                    0.0,
                    1.0,
                    1.2812099999999997
                ],
                [
                    0.0,
                    0.0,
                    0.0,
                    1.0
                ]
            ],
            "size": [
                0.1,
                0.22,
                0.5
            ]
        },
        "collider2": {
            "type": "Box",
            "collider2origin": [
                [
                    -0.27157150642021977,
                    -0.9452653107710337,
                    -0.18089336403968323,
                    0.12270561491038084
                ],
                [
                    0.7867155787378958,
                    -0.32630276163796285,
                    0.5240277720870687,
                    1.2386596578856166
                ],
                [
                    -0.5543712790826655,
                    -6.161086073769066e-07,
                    0.83226947855119,
                    0.7610966955772747
                ],
                [
                    0.0,
                    0.0,
                    0.0,
                    1.0
                ]
            ],
            "size": [
                0.1202,
                0.13634,
                0.67816
            ]
        },
        "distance": 0.0
    },
    {
        "case": 1,
        "collider1": {
            "type": "Box",
            "collider2origin": [
                [
                    0.9987652092017612,
                    0.049679541947991616,
                    0.0,
                    0.36025
                ],
                [
                    -0.049679541947991616,
                    0.9987652092017612,
                    0.0,
                    0.66562
                ],
                [
                    0.0,
                    0.0,
                    1.0,
                    1.13
                ],
                [
                    0.0,
                    0.0,
                    0.0,
                    1.0
                ]
            ],
            "size": [
                2.0,
                2.0,
                0.05
            ]
        },
        "collider2": {
            "type": "Box",
            "collider2origin": [
                [
                    0.9059560659783082,
                    -0.31172040115998123,
                    0.28648559827287523,
                    -0.008083433975889287
                ],
                [
                    0.39722797258918907,
                    0.3917435894808425,
                    -0.8299077646903585,
                    1.261883677745197
                ],
                [
                    0.14647028473307905,
                    0.8656600670016642,
                    0.47872654416575344,
                    1.059470451906611
                ],
                [
                    0.0,
                    0.0,
                    0.0,
                    1.0
                ]
            ],
            "size": [
                0.09126,
                0.11887,
                0.10009
            ]
        },
        "distance": 0.0
    },
    {
        "case": 2,
        "collider1": {
            "type": "Box",
            "collider2origin": [
                [
                    0.9987652092017612,
                    0.049679541947991616,
                    0.0,
                    0.36025
                ],
                [
                    -0.049679541947991616,
                    0.9987652092017612,
                    0.0,
                    0.66562
                ],
                [
                    0.0,
                    0.0,
                    1.0,
                    1.13
                ],
                [
                    0.0,
                    0.0,
                    0.0,
                    1.0
                ]
            ],
            "size": [
                2.0,
                2.0,
                0.05
            ]
        },
        "collider2": {
            "type": "Box",
            "collider2origin": [
                [
                    0.09208825688427968,
                    -0.311724927228142,
                    -0.9456993828318935,
                    -0.031238681831442017
                ],
                [
                    -0.8943082550121704,
                    0.3917458437086238,
                    -0.21621271691115956,
                    1.2877911647632194
                ],
                [
                    0.43787269606713514,
                    0.8656574170430402,
                    -0.24270298382440691,
                    1.1256776692002468
                ],
                [
                    0.0,
                    0.0,
                    0.0,
                    1.0
                ]
            ],
            "size": [
                0.08993,
                0.0305,
                0.09007
            ]
        },
        "distance": 0.0
    }
]