[
    {
        "case": 0,
        "collider1": {
            "type": "Cylinder",
            "collider2origin": [
                [
                    1.0,
                    0.0,
                    0.0,
                    0.36025
                ],
                [
                    0.0,
                    1.0,
                    0.0,
                    0.66562
                ],
                [
                    0.0,
                    0.0,
                    1.0,
                    -0.35
                ],
                [
                    0.0,
                    0.0,
                    0.0,
                    1.0
                ]
            ],
            "radius": 0.11,
            "height": 0.68
        },
        "collider2": {
            "type": "Box",
            "collider2origin": [
                [
                    -0.14636943110955253,
                    0.9695007711697184,
                    0.1965813936719015,
                    0.5134253159193454
                ],
                [
                    0.5789774312047838,
                    0.24508825893318845,
                    -0.7776354412503382,
                    0.2993067355078956
                ],
                [
                    -0.8020979514948132,
                    -5.866815623974381e-06,
                    -0.5971924950745819,
                    -0.6281227194380553
                ],
                [
                    0.0,
                    0.0,
                    0.0,
                    1.0
                ]
            ],
            "size": [
                0.1202,
                0.13634,
                0.67816
            ]
        },
        "distance": 0.0
    },
    {
        "case": 1,
        "collider1": {
            "type": "Cylinder",
            "collider2origin": [
                [
                    1.0,
                    0.0,
                    0.0,
                    0.36025
                ],
                [
                    0.0,
                    1.0,
                    0.0,
                    0.66562
                ],
                [
                    0.0,
                    0.0,
                    1.0,
                    -0.35
                ],
                [
                    0.0,
                    0.0,
                    0.0,
                    1.0
                ]
            ],
            "radius": 0.11,
            "height": 0.68
        },
        "collider2": {
            "type": "Box",
            "collider2origin": [
                [
                    -0.23549287495404145,
                    0.9695002985470602,
                    0.06791374649539869,
                    0.5596129831817704
                ],
                [
                    0.9315284055429787,
                    0.24509012845335978,
                    -0.2686738889458215,
                    0.6320922403259609
                ],
                [
                    -0.27712440439707986,
                    -7.2025456255546565e-06,
                    -0.9608340462513216,
                    -0.16089462324166448
                ],
                [
                    0.0,
                    0.0,
                    0.0,
                    1.0
                ]
            ],
            "size": [
                0.15068,
                0.17726,
                0.74884
            ]
        },
        "distance": 0.0
    },
    {
        "case": 2,
        "collider1": {
            "type": "Cylinder",
            "collider2origin": [
                [
                    1.0,
                    0.0,
                    0.0,
                    0.36025
                ],
                [
                    0.0,
                    1.0,
                    0.0,
                    0.66562
                ],
                [
                    0.0,
                    0.0,
                    1.0,
                    -0.35
                ],
                [
                    0.0,
                    0.0,
                    0.0,
                    1.0
                ]
            ],
            "radius": 0.11,
            "height": 0.68
        },
        "collider2": {
            "type": "Box",
            "collider2origin": [
                [
                    -0.23549287495404145,
                    0.9695002985470602,
                    0.06791374649539869,
                    0.5596129831817704
                ],
                [
                    0.9315284055429787,
                    0.24509012845335978,
                    -0.2686738889458215,
                    0.6320922403259609
                ],
                [
                    -0.27712440439707986,
                    -7.2025456255546565e-06,
                    -0.9608340462513216,
                    -0.16089462324166448
                ],
                [
                    0.0,
                    0.0,
                    0.0,
                    1.0
                ]
            ],
            "size": [
                0.15068,
                0.17726,
                0.74884
            ]
        },
        "distance": 0.0
    }
]