[
    {
        "case": 0,
        "collider1": {
            "type": "Cylinder",
            "collider2origin": [
                [
                    1.0,
                    0.0,
                    0.0,
                    0.36025
                ],
                [
                    0.0,
                    1.0,
                    0.0,
                    0.66562
                ],
                [
                    0.0,
                    0.0,
                    1.0,
                    -0.35
                ],
                [
                    0.0,
                    0.0,
                    0.0,
                    1.0
                ]
            ],
            "radius": 0.11,
            "height": 0.68
        },
        "collider2": {
            "type": "Cylinder",
            "collider2origin": [
                [
                    0.5669708941992864,
                    -0.7526042977955743,
                    0.33485933773823834,
                    0.4562538823225286
                ],
                [
                    -0.38834651233176226,
                    -0.6027143078237083,
                    -0.697081379398664,
                    0.721713140504766
                ],
                [
                    0.7264509560119097,
                    0.2651833970749641,
                    -0.6339927242683184,
                    -0.09831059178248813
                ],
                [
                    0.0,
                    0.0,
                    0.0,
                    1.0
                ]
            ],
            "radius": 0.0076,
            "height": 0.02993
        },
        "distance": 0.0
    },
    {
        "case": 1,
        "collider1": {
            "type": "Cylinder",
            "collider2origin": [
                [
                    1.0,
                    0.0,
                    0.0,
                    0.36025
                ],
                [
                    0.0,
                    1.0,
                    0.0,
                    0.66562
                ],
                [
                    0.0,
                    0.0,
                    1.0,
                    -0.35
                ],
                [
                    0.0,
                    0.0,
                    0.0,
                    1.0
                ]
            ],
            "radius": 0.11,
            "height": 0.68
        },
        "collider2": {
            "type": "Sphere",
            "collider2origin": [
                [
                    1.0,
                    0.0,
                    0.0,
                    0.4420964484210744
                ],
                [
                    0.0,
                    1.0,
                    0.0,
                    0.7333179015631692
                ],
                [
                    0.0,
                    0.0,
                    1.0,
                    -0.11168921523115483
                ],
                [
                    0.0,
                    0.0,
                    0.0,
                    1.0
                ]
            ],
            "radius": 0.00484
        },
        "distance": 0.0
    },
    {
        "case": 2,
        "collider1": {
            "type": "Cylinder",
            "collider2origin": [
                [
                    1.0,
                    0.0,
                    0.0,
                    0.36025
                ],
                [
                    0.0,
                    1.0,
                    0.0,
                    0.66562
                ],
                [
                    0.0,
                    0.0,
                    1.0,
                    -0.35
                ],
                [
                    0.0,
                    0.0,
                    0.0,
                    1.0
                ]
            ],
            "radius": 0.11,
            "height": 0.68
        },
        "collider2": {
            "type": "Cylinder",
            "collider2origin": [
                [
                    0.708115812416799,
                    -0.6851949446795853,
                    0.17052824983220893,
                    0.4461065439408426
                ],
                [
                    -0.2695259186693066,
                    -0.48551736668677614,
                    -0.8316421500928176,
                    0.721706182921805
                ],
                [
                    0.6526314238302982,
                    0.5429371735579341,
                    -0.5284803214862014,
                    -0.11939621361678643
                ],
                [
                    0.0,
                    0.0,
                    0.0,
                    1.0
                ]
            ],
            "radius": 0.0076,
            "height": 0.02993
        },
        "distance": 0.0
    },
    {
        "case": 3,
        "collider1": {
            "type": "Cylinder",
            "collider2origin": [
                [
                    1.0,
                    0.0,
                    0.0,
                    0.36025
                ],
                [
                    0.0,
                    1.0,
                    0.0,
                    0.66562
                ],
                [
                    0.0,
                    0.0,
                    1.0,
                    -0.35
                ],
                [
                    0.0,
                    0.0,
                    0.0,
                    1.0
                ]
            ],
            "radius": 0.11,
            "height": 0.68
        },
        "collider2": {
            "type": "Sphere",
            "collider2origin": [
                [
                    1.0,
                    0.0,
                    0.0,
                    0.4495561955508177
                ],
                [
                    0.0,
                    1.0,
                    0.0,
                    0.7325300620133589
                ],
                [
                    0.0,
                    0.0,
                    1.0,
                    -0.08777128435813686
                ],
                [
                    0.0,
                    0.0,
                    0.0,
                    1.0
                ]
            ],
            "radius": 0.00487
        },
        "distance": 0.0
    },
    {
        "case": 4,
        "collider1": {
            "type": "Cylinder",
            "collider2origin": [
                [
                    1.0,
                    0.0,
                    0.0,
                    0.36025
                ],
                [
                    0.0,
                    1.0,
                    0.0,
                    0.66562
                ],
                [
                    0.0,
                    0.0,
                    1.0,
                    -0.35
                ],
                [
                    0.0,
                    0.0,
                    0.0,
                    1.0
                ]
            ],
            "radius": 0.11,
            "height": 0.68
        },
        "collider2": {
            "type": "Sphere",
            "collider2origin": [
                [
                    1.0,
                    0.0,
                    0.0,
                    0.471750667789999
                ],
                [
                    0.0,
                    1.0,
                    0.0,
                    0.7020543609214934
                ],
                [
                    0.0,
                    0.0,
                    1.0,
                    -0.06724714246402952
                ],
                [
                    0.0,
                    0.0,
                    0.0,
                    1.0
                ]
            ],
            "radius": 0.01051
        },
        "distance": 0.0
    },
    {
        "case": 5,
        "collider1": {
            "type": "Cylinder",
            "collider2origin": [
                [
                    1.0,
                    0.0,
                    0.0,
                    0.36025
                ],
                [
                    0.0,
                    1.0,
                    0.0,
                    0.66562
                ],
                [
                    0.0,
                    0.0,
                    1.0,
                    -0.35
                ],
                [
                    0.0,
                    0.0,
                    0.0,
                    1.0
                ]
            ],
            "radius": 0.11,
            "height": 0.68
        },
        "collider2": {
            "type": "Box",
            "collider2origin": [
                [
                    -0.6050751829021432,
                    0.7855418752386676,
                    -0.12964561420447487,
                    0.2752541895082913
                ],
                [
                    0.784968936330445,
                    0.6158178481273875,
                    0.0677653814569308,
                    0.5367789288052621
                ],
                [
                    0.13307062798449432,
                    -0.06076462930250801,
                    -0.9892420673392034,
                    -0.08679197317385334
                ],
                [
                    0.0,
                    0.0,
                    0.0,
                    1.0
                ]
            ],
            "size": [
                0.09126,
                0.11887,
                0.10009
            ]
        },
        "distance": 0.0
    },
    {
        "case": 6,
        "collider1": {
            "type": "Cylinder",
            "collider2origin": [
                [
                    1.0,
                    0.0,
                    0.0,
                    0.36025
                ],
                [
                    0.0,
                    1.0,
                    0.0,
                    0.66562
                ],
                [
                    0.0,
                    0.0,
                    1.0,
                    -0.35
                ],
                [
                    0.0,
                    0.0,
                    0.0,
                    1.0
                ]
            ],
            "radius": 0.11,
            "height": 0.68
        },
        "collider2": {
            "type": "Cylinder",
            "collider2origin": [
                [
                    0.5728698631919896,
                    -0.8126478076642335,
                    -0.10688152574184742,
                    0.4604731853455544
                ],
                [
                    -0.3871147829990366,
                    -0.15331384253372918,
                    -0.9091958042529403,
                    0.691970904074588
                ],
                [
                    0.7224695596563216,
                    0.5622262946412744,
                    -0.40241685971631824,
                    -0.11759279741699158
                ],
                [
                    0.0,
                    0.0,
                    0.0,
                    1.0
                ]
            ],
            "radius": 0.00783,
            "height": 0.03683
        },
        "distance": 0.0
    },
    {
        "case": 7,
        "collider1": {
            "type": "Cylinder",
            "collider2origin": [
                [
                    1.0,
                    0.0,
                    0.0,
                    0.36025
                ],
                [
                    0.0,
                    1.0,
                    0.0,
                    0.66562
                ],
                [
                    0.0,
                    0.0,
                    1.0,
                    -0.35
                ],
                [
                    0.0,
                    0.0,
                    0.0,
                    1.0
                ]
            ],
            "radius": 0.11,
            "height": 0.68
        },
        "collider2": {
            "type": "Sphere",
            "collider2origin": [
                [
                    1.0,
                    0.0,
                    0.0,
                    0.4600724789110854
                ],
                [
                    0.0,
                    1.0,
                    0.0,
                    0.7283412739914843
                ],
                [
                    0.0,
                    0.0,
                    1.0,
                    -0.06924347770160788
                ],
                [
                    0.0,
                    0.0,
                    0.0,
                    1.0
                ]
            ],
            "radius": 0.00563
        },
        "distance": 0.0022618381698619526
    },
    {
        "case": 8,
        "collider1": {
            "type": "Cylinder",
            "collider2origin": [
                [
                    1.0,
                    0.0,
                    0.0,
                    0.36025
                ],
                [
                    0.0,
                    1.0,
                    0.0,
                    0.66562
                ],
                [
                    0.0,
                    0.0,
                    1.0,
                    -0.35
                ],
                [
                    0.0,
                    0.0,
                    0.0,
                    1.0
                ]
            ],
            "radius": 0.11,
            "height": 0.68
        },
        "collider2": {
            "type": "Box",
            "collider2origin": [
                [
                    0.447398537958234,
                    0.7855439217446791,
                    0.4274988833234817,
                    0.3338716373843044
                ],
                [
                    -0.6330377137036578,
                    0.6158158761919714,
                    -0.46907788229542446,
                    0.5825334463188295
                ],
                [
                    -0.6317418786669761,
                    -0.06075815698244618,
                    0.7727940508948136,
                    -0.09431425313362474
                ],
                [
                    0.0,
                    0.0,
                    0.0,
                    1.0
                ]
            ],
            "size": [
                0.08993,
                0.0305,
                0.09007
            ]
        },
        "distance": 0.0
    },
    {
        "case": 9,
        "collider1": {
            "type": "Cylinder",
            "collider2origin": [
                [
                    1.0,
                    0.0,
                    0.0,
                    0.36025
                ],
                [
                    0.0,
                    1.0,
                    0.0,
                    0.66562
                ],
                [
                    0.0,
                    0.0,
                    1.0,
                    -0.35
                ],
                [
                    0.0,
                    0.0,
                    0.0,
                    1.0
                ]
            ],
            "radius": 0.11,
            "height": 0.68
        },
        "collider2": {
            "type": "Cylinder",
            "collider2origin": [
                [
                    0.4274965701799747,
                    -0.8491878223040207,
                    0.3100431017373429,
                    0.46806479457775424
                ],
                [
                    -0.4690794688593446,
                    -0.5015463385314624,
                    -0.7269220881224605,
                    0.7142825147799479
                ],
                [
                    0.772794367460706,
                    0.16532184597396057,
                    -0.6127459121567183,
                    -0.08219829069587214
                ],
                [
                    0.0,
                    0.0,
                    0.0,
                    1.0
                ]
            ],
            "radius": 0.00813,
            "height": 0.03824
        },
        "distance": 0.00013243225818344726
    },
    {
        "case": 10,
        "collider1": {
            "type": "Cylinder",
            "collider2origin": [
                [
                    1.0,
                    0.0,
                    0.0,
                    0.36025
                ],
                [
                    0.0,
                    1.0,
                    0.0,
                    0.66562
                ],
                [
                    0.0,
                    0.0,
                    1.0,
                    -0.35
                ],
                [
                    0.0,
                    0.0,
                    0.0,
                    1.0
                ]
            ],
            "radius": 0.11,
            "height": 0.68
        },
        "collider2": {
            "type": "Box",
            "collider2origin": [
                [
                    0.8767255011037355,
                    -0.4631893893775505,
                    -0.12964561420447487,
                    0.2894327599484163
                ],
                [
                    -0.45820548181065607,
                    -0.8862593240776996,
                    0.0677653814569308,
                    0.5316186917607627
                ],
                [
                    -0.14628784007246876,
                    -7.306894113591345e-06,
                    -0.9892420673392034,
                    0.02153551714723445
                ],
                [
                    0.0,
                    0.0,
                    0.0,
                    1.0
                ]
            ],
            "size": [
                0.09102,
                0.10007,
                0.11882
            ]
        },
        "distance": 0.0
    },
    {
        "case": 11,
        "collider1": {
            "type": "Cylinder",
            "collider2origin": [
                [
                    1.0,
                    0.0,
                    0.0,
                    0.36025
                ],
                [
                    0.0,
                    1.0,
                    0.0,
                    0.66562
                ],
                [
                    0.0,
                    0.0,
                    1.0,
                    -0.35
                ],
                [
                    0.0,
                    0.0,
                    0.0,
                    1.0
                ]
            ],
            "radius": 0.11,
            "height": 0.68
        },
        "collider2": {
            "type": "Cylinder",
            "collider2origin": [
                [
                    0.0917502854436972,
                    -0.7369843302342073,
                    -0.669653628460443,
                    0.44668530546479135
                ],
                [
                    -0.06083645674936549,
                    0.667085359289254,
                    -0.7424931305757038,
                    0.6745451861874455
                ],
                [
                    0.9939219338817221,
                    0.10886331067519447,
                    0.01636975679884694,
                    -0.06397974029140341
                ],
                [
                    0.0,
                    0.0,
                    0.0,
                    1.0
                ]
            ],
            "radius": 0.01271,
            "height": 0.05982
        },
        "distance": 0.0
    },
    {
        "case": 12,
        "collider1": {
            "type": "Cylinder",
            "collider2origin": [
                [
                    1.0,
                    0.0,
                    0.0,
                    0.36025
                ],
                [
                    0.0,
                    1.0,
                    0.0,
                    0.66562
                ],
                [
                    0.0,
                    0.0,
                    1.0,
                    -0.35
                ],
                [
                    0.0,
                    0.0,
                    0.0,
                    1.0
                ]
            ],
            "radius": 0.11,
            "height": 0.68
        },
        "collider2": {
            "type": "Cylinder",
            "collider2origin": [
                [
                    0.07980655870835388,
                    -0.6848525243443989,
                    -0.7242982349048176,
                    0.4553398356806716
                ],
                [
                    -0.00815771978499206,
                    0.726142813907232,
                    -0.6874955021080473,
                    0.6864973335354806
                ],
                [
                    0.9967769884959417,
                    0.060775272191832895,
                    0.05236412412109083,
                    -0.06546209669702041
                ],
                [
                    0.0,
                    0.0,
                    0.0,
                    1.0
                ]
            ],
            "radius": 0.01169,
            "height": 0.05502
        },
        "distance": 0.0
    },
    {
        "case": 13,
        "collider1": {
            "type": "Cylinder",
            "collider2origin": [
                [
                    1.0,
                    0.0,
                    0.0,
                    0.36025
                ],
                [
                    0.0,
                    1.0,
                    0.0,
                    0.66562
                ],
                [
                    0.0,
                    0.0,
                    1.0,
                    -0.35
                ],
                [
                    0.0,
                    0.0,
                    0.0,
                    1.0
                ]
            ],
            "radius": 0.11,
            "height": 0.68
        },
        "collider2": {
            "type": "Box",
            "collider2origin": [
                [
                    -0.3261099699756734,
                    -0.46319194017228227,
                    -0.8240785848703399,
                    0.5822903380482556
                ],
                [
                    0.17043983801216755,
                    -0.8862579909676679,
                    0.43069366731394954,
                    0.5046649650658829
                ],
                [
                    -0.9298400664097302,
                    -2.321598132249962e-06,
                    0.36796392607667217,
                    -0.08327745669011632
                ],
                [
                    0.0,
                    0.0,
                    0.0,
                    1.0
                ]
            ],
            "size": [
                0.1202,
                0.13634,
                0.67816
            ]
        },
        "distance": 0.0
    },
    {
        "case": 14,
        "collider1": {
            "type": "Cylinder",
            "collider2origin": [
                [
                    1.0,
                    0.0,
                    0.0,
                    0.36025
                ],
                [
                    0.0,
                    1.0,
                    0.0,
                    0.66562
                ],
                [
                    0.0,
                    0.0,
                    1.0,
                    -0.35
                ],
                [
                    0.0,
                    0.0,
                    0.0,
                    1.0
                ]
            ],
            "radius": 0.11,
            "height": 0.68
        },
        "collider2": {
            "type": "Cylinder",
            "collider2origin": [
                [
                    0.7129612476754875,
                    -0.6926198373717076,
                    -0.10938016361388964,
                    0.44707186069082533
                ],
                [
                    -0.2696616831250701,
                    -0.1268340457231836,
                    -0.9545657135575543,
                    0.6982104428477222
                ],
                [
                    0.647278020611828,
                    0.7100640011468533,
                    -0.2772007905979977,
                    -0.13059855988635605
                ],
                [
                    0.0,
                    0.0,
                    0.0,
                    1.0
                ]
            ],
            "radius": 0.00783,
            "height": 0.03044
        },
        "distance": 0.0
    },
    {
        "case": 15,
        "collider1": {
            "type": "Cylinder",
            "collider2origin": [
                [
                    1.0,
                    0.0,
                    0.0,
                    0.36025
                ],
                [
                    0.0,
                    1.0,
                    0.0,
                    0.66562
                ],
                [
                    0.0,
                    0.0,
                    1.0,
                    -0.35
                ],
                [
                    0.0,
                    0.0,
                    0.0,
                    1.0
                ]
            ],
            "radius": 0.11,
            "height": 0.68
        },
        "collider2": {
            "type": "Cylinder",
            "collider2origin": [
                [
                    0.4274965701799747,
                    -0.8911664088020342,
                    -0.15188520108042966,
                    0.471036589887887
                ],
                [
                    -0.4690794688593446,
                    -0.07504398885658865,
                    -0.8799618466905975,
                    0.6897987126637622
                ],
                [
                    0.772794367460706,
                    0.4474269007998699,
                    -0.45010891355496385,
                    -0.0987037312101432
                ],
                [
                    0.0,
                    0.0,
                    0.0,
                    1.0
                ]
            ],
            "radius": 0.00683,
            "height": 0.01183
        },
        "distance": 0.0
    },
    {
        "case": 16,
        "collider1": {
            "type": "Cylinder",
            "collider2origin": [
                [
                    1.0,
                    0.0,
                    0.0,
                    0.36025
                ],
                [
                    0.0,
                    1.0,
                    0.0,
                    0.66562
                ],
                [
                    0.0,
                    0.0,
                    1.0,
                    -0.35
                ],
                [
                    0.0,
                    0.0,
                    0.0,
                    1.0
                ]
            ],
            "radius": 0.11,
            "height": 0.68
        },
        "collider2": {
            "type": "Box",
            "collider2origin": [
                [
                    0.4168348490611317,
                    0.8514455118021841,
                    -0.31825971947467663,
                    0.4022222882969988
                ],
                [
                    -0.2847816181868064,
                    0.4548273354705069,
                    0.843819604448547,
                    0.6302521939508611
                ],
                [
                    0.8632196351746682,
                    -0.26109889953945653,
                    0.432063914378645,
                    -0.10273317065671006
                ],
                [
                    0.0,
                    0.0,
                    0.0,
                    1.0
                ]
            ],
            "size": [
                0.06241,
                0.05638,
                0.02858
            ]
        },
        "distance": 0.0
    },
    {
        "case": 17,
        "collider1": {
            "type": "Cylinder",
            "collider2origin": [
                [
                    1.0,
                    0.0,
                    0.0,
                    0.36025
                ],
                [
                    0.0,
                    1.0,
                    0.0,
                    0.66562
                ],
                [
                    0.0,
                    0.0,
                    1.0,
                    -0.35
                ],
                [
                    0.0,
                    0.0,
                    0.0,
                    1.0
                ]
            ],
            "radius": 0.11,
            "height": 0.68
        },
        "collider2": {
            "type": "Cylinder",
            "collider2origin": [
                [
                    0.4274965701799747,
                    -0.8911664088020342,
                    -0.15188520108042966,
                    0.46855319402523293
                ],
                [
                    -0.4690794688593446,
                    -0.07504398885658865,
                    -0.8799618466905975,
                    0.6754373356178858
                ],
                [
                    0.772794367460706,
                    0.4474269007998699,
                    -0.45010891355496385,
                    -0.10604719049957367
                ],
                [
                    0.0,
                    0.0,
                    0.0,
                    1.0
                ]
            ],
            "radius": 0.00683,
            "height": 0.01782
        },
        "distance": 0.0
    },
    {
        "case": 18,
        "collider1": {
            "type": "Cylinder",
            "collider2origin": [
                [
                    1.0,
                    0.0,
                    0.0,
                    0.36025
                ],
                [
                    0.0,
                    1.0,
                    0.0,
                    0.66562
                ],
                [
                    0.0,
                    0.0,
                    1.0,
                    -0.35
                ],
                [
                    0.0,
                    0.0,
                    0.0,
                    1.0
                ]
            ],
            "radius": 0.11,
            "height": 0.68
        },
        "collider2": {
            "type": "Box",
            "collider2origin": [
                [
                    0.47426673995033336,
                    0.8514479189178944,
                    -0.22384704766261604,
                    0.4471628602134235
                ],
                [
                    -0.4552749271443418,
                    0.4548226370933412,
                    0.7654156449284092,
                    0.6510084347552194
                ],
                [
                    0.7535222625049621,
                    -0.26109923431110504,
                    0.6033501386024182,
                    -0.11614656558477154
                ],
                [
                    0.0,
                    0.0,
                    0.0,
                    1.0
                ]
            ],
            "size": [
                0.07264,
                0.04753,
                0.03326
            ]
        },
        "distance": 0.0
    },
    {
        "case": 19,
        "collider1": {
            "type": "Cylinder",
            "collider2origin": [
                [
                    1.0,
                    0.0,
                    0.0,
                    0.36025
                ],
                [
                    0.0,
                    1.0,
                    0.0,
                    0.66562
                ],
                [
                    0.0,
                    0.0,
                    1.0,
                    -0.35
                ],
                [
                    0.0,
                    0.0,
                    0.0,
                    1.0
                ]
            ],
            "radius": 0.11,
            "height": 0.68
        },
        "collider2": {
            "type": "Box",
            "collider2origin": [
                [
                    0.45444804155337687,
                    -0.46318611830102296,
                    0.7608781750987018,
                    0.5173501791256889
                ],
                [
                    -0.23751331371425474,
                    -0.8862610336590193,
                    -0.39765412864211586,
                    0.39605045811657075
                ],
                [
                    0.8585245502236812,
                    -5.556723523527644e-06,
                    -0.5127724608755315,
                    -0.026601902891051243
                ],
                [
                    0.0,
                    0.0,
                    0.0,
                    1.0
                ]
            ],
            "size": [
                0.15068,
                0.17726,
                0.74884
            ]
        },
        "distance": 0.005202785430956499
    },
    {
        "case": 20,
        "collider1": {
            "type": "Box",
            "collider2origin": [
                [
                    0.9980268447818988,
                    0.0627886701140236,
                    0.0,
                    -0.04
                ],
                [
                    -0.0627886701140236,
                    0.9980268447818988,
                    0.0,
                    0.02
                ],
                [
                    0.0,
                    0.0,
                    1.0,
                    -0.13
                ],
                [
                    0.0,
                    0.0,
                    0.0,
                    1.0
                ]
            ],
            "size": [
                0.6,
                0.4,
                0.4
            ]
        },
        "collider2": {
            "type": "Box",
            "collider2origin": [
                [
                    0.45444804155337687,
                    -0.46318611830102296,
                    0.7608781750987018,
                    0.5173501791256889
                ],
                [
                    -0.23751331371425474,
                    -0.8862610336590193,
                    -0.39765412864211586,
                    0.39605045811657075
                ],
                [
                    0.8585245502236812,
                    -5.556723523527644e-06,
                    -0.5127724608755315,
                    -0.026601902891051243
                ],
                [
                    0.0,
                    0.0,
                    0.0,
                    1.0
                ]
            ],
            "size": [
                0.15068,
                0.17726,
                0.74884
            ]
        },
        "distance": 0.19809865968480586
    },
    {
        "case": 21,
        "collider1": {
            "type": "Cylinder",
            "collider2origin": [
                [
                    1.0,
                    0.0,
                    0.0,
                    0.36025
                ],
                [
                    0.0,
                    1.0,
                    0.0,
                    0.66562
                ],
                [
                    0.0,
                    0.0,
                    1.0,
                    -0.35
                ],
                [
                    0.0,
                    0.0,
                    0.0,
                    1.0
                ]
            ],
            "radius": 0.11,
            "height": 0.68
        },
        "collider2": {
            "type": "Box",
            "collider2origin": [
                [
                    0.45444804155337687,
                    -0.46318611830102296,
                    0.7608781750987018,
                    0.5173501791256889
                ],
                [
                    -0.23751331371425474,
                    -0.8862610336590193,
                    -0.39765412864211586,
                    0.39605045811657075
                ],
                [
                    0.8585245502236812,
                    -5.556723523527644e-06,
                    -0.5127724608755315,
                    -0.026601902891051243
                ],
                [
                    0.0,
                    0.0,
                    0.0,
                    1.0
                ]
            ],
            "size": [
                0.15068,
                0.17726,
                0.74884
            ]
        },
        "distance": 0.005202785430956499
    },
    {
        "case": 22,
        "collider1": {
            "type": "Box",
            "collider2origin": [
                [
                    0.9980268447818988,
                    0.0627886701140236,
                    0.0,
                    -0.04
                ],
                [
                    -0.0627886701140236,
                    0.9980268447818988,
                    0.0,
                    0.02
                ],
                [
                    0.0,
                    0.0,
                    1.0,
                    -0.13
                ],
                [
                    0.0,
                    0.0,
                    0.0,
                    1.0
                ]
            ],
            "size": [
                0.6,
                0.4,
                0.4
            ]
        },
        "collider2": {
            "type": "Box",
            "collider2origin": [
                [
                    0.45444804155337687,
                    -0.46318611830102296,
                    0.7608781750987018,
                    0.5173501791256889
                ],
                [
                    -0.23751331371425474,
                    -0.8862610336590193,
                    -0.39765412864211586,
                    0.39605045811657075
                ],
                [
                    0.8585245502236812,
                    -5.556723523527644e-06,
                    -0.5127724608755315,
                    -0.026601902891051243
                ],
                [
                    0.0,
                    0.0,
                    0.0,
                    1.0
                ]
            ],
            "size": [
                0.15068,
                0.17726,
                0.74884
            ]
        },
        "distance": 0.19809865968480586
    }
]