[
    {
        "case": 0,
        "collider1": {
            "type": "Box",
            "collider2origin": [
                [
                    0.9980268447818988,
                    0.0627886701140236,
                    0.0,
                    -0.04
                ],
                [
                    -0.0627886701140236,
                    0.9980268447818988,
                    0.0,
                    0.02
                ],
                [
                    0.0,
                    0.0,
                    1.0,
                    -0.13
                ],
                [
                    0.0,
                    0.0,
                    0.0,
                    1.0
                ]
            ],
            "size": [
                0.6,
                0.4,
                0.4
            ]
        },
        "collider2": {
            "type": "Box",
            "collider2origin": [
                [
                    -0.2773413998850487,
                    -0.6454303572997708,
                    0.7116891187770762,
                    0.470858231759455
                ],
                [
                    0.23435179014811885,
                    -0.763819123792025,
                    -0.6013813969387105,
                    0.3562629992611387
                ],
                [
                    0.9317515690162123,
                    -2.339477463145244e-06,
                    0.3630964247005928,
                    0.2361252450203526
                ],
                [
                    0.0,
                    0.0,
                    0.0,
                    1.0
                ]
            ],
            "size": [
                0.15068,
                0.17726,
                0.74884
            ]
        },
        "distance": 0.1697453794235627
    },
    {
        "case": 1,
        "collider1": {
            "type": "Box",
            "collider2origin": [
                [
                    0.9980268447818988,
                    0.0627886701140236,
                    0.0,
                    -0.04
                ],
                [
                    -0.0627886701140236,
                    0.9980268447818988,
                    0.0,
                    0.02
                ],
                [
                    0.0,
                    0.0,
                    1.0,
                    -0.13
                ],
                [
                    0.0,
                    0.0,
                    0.0,
                    1.0
                ]
            ],
            "size": [
                0.6,
                0.4,
                0.4
            ]
        },
        "collider2": {
            "type": "Box",
            "collider2origin": [
                [
                    -0.2773413998850487,
                    -0.6454303572997708,
                    0.7116891187770762,
                    0.470858231759455
                ],
                [
                    0.23435179014811885,
                    -0.763819123792025,
                    -0.6013813969387105,
                    0.3562629992611387
                ],
                [
                    0.9317515690162123,
                    -2.339477463145244e-06,
                    0.3630964247005928,
                    0.2361252450203526
                ],
                [
                    0.0,
                    0.0,
                    0.0,
                    1.0
                ]
            ],
            "size": [
                0.15068,
                0.17726,
                0.74884
            ]
        },
        "distance": 0.1697453794235627
    }
]