[
    {
        "case": 0,
        "collider1": {
            "type": "Cylinder",
            "collider2origin": [
                [
                    1.0,
                    0.0,
                    0.0,
                    0.36025
                ],
                [
                    0.0,
                    1.0,
                    0.0,
                    0.66562
                ],
                [
                    0.0,
                    0.0,
                    1.0,
                    -0.35
                ],
                [
                    0.0,
                    0.0,
                    0.0,
                    1.0
                ]
            ],
            "radius": 0.11,
            "height": 0.68
        },
        "collider2": {
            "type": "Box",
            "collider2origin": [
                [
                    0.36407261004195296,
                    0.9239987438607458,
                    -0.11695065609479809,
                    0.4961581393828101
                ],
                [
                    0.8797300802732417,
                    -0.3823955037554033,
                    -0.2825750600638469,
                    0.5184054040505848
                ],
                [
                    -0.30582040559726464,
                    -7.17042407863689e-06,
                    -0.9520892182295255,
                    -0.1582685991953614
                ],
                [
                    0.0,
                    0.0,
                    0.0,
                    1.0
                ]
            ],
            "size": [
                0.15068,
                0.17726,
                0.74884
            ]
        },
        "distance": 0.0
    },
    {
        "case": 1,
        "collider1": {
            "type": "Cylinder",
            "collider2origin": [
                [
                    1.0,
                    0.0,
                    0.0,
                    0.36025
                ],
                [
                    0.0,
                    1.0,
                    0.0,
                    0.66562
                ],
                [
                    0.0,
                    0.0,
                    1.0,
                    -0.35
                ],
                [
                    0.0,
                    0.0,
                    0.0,
                    1.0
                ]
            ],
            "radius": 0.11,
            "height": 0.68
        },
        "collider2": {
            "type": "Box",
            "collider2origin": [
                [
                    0.36407261004195296,
                    0.9239987438607458,
                    -0.11695065609479809,
                    0.4961581393828101
                ],
                [
                    0.8797300802732417,
                    -0.3823955037554033,
                    -0.2825750600638469,
                    0.5184054040505848
                ],
                [
                    -0.30582040559726464,
                    -7.17042407863689e-06,
                    -0.9520892182295255,
                    -0.1582685991953614
                ],
                [
                    0.0,
                    0.0,
                    0.0,
                    1.0
                ]
            ],
            "size": [
                0.15068,
                0.17726,
                0.74884
            ]
        },
        "distance": 0.0
    },
    {
        "case": 2,
        "collider1": {
            "type": "Cylinder",
            "collider2origin": [
                [
                    1.0,
                    0.0,
                    0.0,
                    0.36025
                ],
                [
                    0.0,
                    1.0,
                    0.0,
                    0.66562
                ],
                [
                    0.0,
                    0.0,
                    1.0,
                    -0.35
                ],
                [
                    0.0,
                    0.0,
                    0.0,
                    1.0
                ]
            ],
            "radius": 0.11,
            "height": 0.68
        },
        "collider2": {
            "type": "Box",
            "collider2origin": [
                [
                    -0.2765398221774266,
                    0.9240001435424909,
                    0.2641012334002497,
                    0.41703722374339103
                ],
                [
                    -0.6682238549013542,
                    -0.3823921216924089,
                    0.6381638856973589,
                    0.6576142336820525
                ],
                [
                    0.6906537529694972,
                    -1.016796113848957e-06,
                    0.7231855871822355,
                    -0.25265309356346044
                ],
                [
                    0.0,
                    0.0,
                    0.0,
                    1.0
                ]
            ],
            "size": [
                0.1202,
                0.13634,
                0.67816
            ]
        },
        "distance": 0.0
    }
]