[
    {
        "case": 0,
        "collider1": {
            "type": "Cylinder",
            "collider2origin": [
                [
                    1.0,
                    0.0,
                    0.0,
                    0.36025
                ],
                [
                    0.0,
                    1.0,
                    0.0,
                    0.66562
                ],
                [
                    0.0,
                    0.0,
                    1.0,
                    -0.35
                ],
                [
                    0.0,
                    0.0,
                    0.0,
                    1.0
                ]
            ],
            "radius": 0.11,
            "height": 0.68
        },
        "collider2": {
            "type": "Box",
            "collider2origin": [
                [
                    -0.7829476131601506,
                    -0.3543365481419699,
                    -0.5113107134587113,
                    0.46695767929707327
                ],
                [
                    -0.6197787297904395,
                    0.37355656570071727,
                    0.6901665149231995,
                    0.8142144006051233
                ],
                [
                    -0.05354774641544013,
                    0.8572637300578622,
                    -0.5120854772214386,
                    0.06206992233912567
                ],
                [
                    0.0,
                    0.0,
                    0.0,
                    1.0
                ]
            ],
            "size": [
                0.09126,
                0.11887,
                0.10009
            ]
        },
        "distance": 0.029519623665120502
    },
    {
        "case": 1,
        "collider1": {
            "type": "Cylinder",
            "collider2origin": [
                [
                    1.0,
                    0.0,
                    0.0,
                    0.36025
                ],
                [
                    0.0,
                    1.0,
                    0.0,
                    0.66562
                ],
                [
                    0.0,
                    0.0,
                    1.0,
                    -0.35
                ],
                [
                    0.0,
                    0.0,
                    0.0,
                    1.0
                ]
            ],
            "radius": 0.11,
            "height": 0.68
        },
        "collider2": {
            "type": "Box",
            "collider2origin": [
                [
                    -0.23728473479933054,
                    0.8035205815769864,
                    0.545940133726577,
                    0.6740361467871885
                ],
                [
                    0.32028528745380275,
                    0.5952769733122465,
                    -0.736927852428476,
                    0.5528128475053802
                ],
                [
                    -0.9171222869780487,
                    -5.137366546902209e-06,
                    -0.3986059591899764,
                    0.007820230846381726
                ],
                [
                    0.0,
                    0.0,
                    0.0,
                    1.0
                ]
            ],
            "size": [
                0.15068,
                0.17726,
                0.74884
            ]
        },
        "distance": 0.0263312533855449
    },
    {
        "case": 2,
        "collider1": {
            "type": "Cylinder",
            "collider2origin": [
                [
                    1.0,
                    0.0,
                    0.0,
                    0.36025
                ],
                [
                    0.0,
                    1.0,
                    0.0,
                    0.66562
                ],
                [
                    0.0,
                    0.0,
                    1.0,
                    -0.35
                ],
                [
                    0.0,
                    0.0,
                    0.0,
                    1.0
                ]
            ],
            "radius": 0.11,
            "height": 0.68
        },
        "collider2": {
            "type": "Box",
            "collider2origin": [
                [
                    -0.23728473479933054,
                    0.8035205815769864,
                    0.545940133726577,
                    0.6740361467871885
                ],
                [
                    0.32028528745380275,
                    0.5952769733122465,
                    -0.736927852428476,
                    0.5528128475053802
                ],
                [
                    -0.9171222869780487,
                    -5.137366546902209e-06,
                    -0.3986059591899764,
                    0.007820230846381726
                ],
                [
                    0.0,
                    0.0,
                    0.0,
                    1.0
                ]
            ],
            "size": [
                0.15068,
                0.17726,
                0.74884
            ]
        },
        "distance": 0.0263312533855449
    },
    {
        "case": 3,
        "collider1": {
            "type": "Cylinder",
            "collider2origin": [
                [
                    1.0,
                    0.0,
                    0.0,
                    0.36025
                ],
                [
                    0.0,
                    1.0,
                    0.0,
                    0.66562
                ],
                [
                    0.0,
                    0.0,
                    1.0,
                    -0.35
                ],
                [
                    0.0,
                    0.0,
                    0.0,
                    1.0
                ]
            ],
            "radius": 0.11,
            "height": 0.68
        },
        "collider2": {
            "type": "Box",
            "collider2origin": [
                [
                    0.2435975779861252,
                    0.8035165810937596,
                    -0.5431586544525357,
                    0.5905340014733332
                ],
                [
                    -0.328806498806416,
                    0.5952823732504485,
                    0.7331610890111256,
                    0.4532890219306098
                ],
                [
                    0.9124398645072231,
                    -2.170089837957038e-06,
                    0.40921081810398247,
                    -0.001973395425041158
                ],
                [
                    0.0,
                    0.0,
                    0.0,
                    1.0
                ]
            ],
            "size": [
                0.1202,
                0.13634,
                0.67816
            ]
        },
        "distance": 0.0281230344937528
    }
]