[
    {
        "case": 0,
        "collider1": {
            "type": "Cylinder",
            "collider2origin": [
                [
                    1.0,
                    0.0,
                    0.0,
                    0.36025
                ],
                [
                    0.0,
                    1.0,
                    0.0,
                    0.66562
                ],
                [
                    0.0,
                    0.0,
                    1.0,
                    -0.35
                ],
                [
                    0.0,
                    0.0,
                    0.0,
                    1.0
                ]
            ],
            "radius": 0.11,
            "height": 0.68
        },
        "collider2": {
            "type": "Box",
            "collider2origin": [
                [
                    0.23730301670833603,
                    0.8731358371993372,
                    0.42581813965510634,
                    0.6501070167665941
                ],
                [
                    0.4250313440395883,
                    -0.4874769838345056,
                    0.7627021350537274,
                    0.813660466046497
                ],
                [
                    0.8735191096049498,
                    -5.461284091305331e-06,
                    -0.48678985725377444,
                    -0.018809384207251645
                ],
                [
                    0.0,
                    0.0,
                    0.0,
                    1.0
                ]
            ],
            "size": [
                0.15068,
                0.17726,
                0.74884
            ]
        },
        "distance": 0.0163531717049603
    },
    {
        "case": 1,
        "collider1": {
            "type": "Cylinder",
            "collider2origin": [
                [
                    1.0,
                    0.0,
                    0.0,
                    0.36025
                ],
                [
                    0.0,
                    1.0,
                    0.0,
                    0.66562
                ],
                [
                    0.0,
                    0.0,
                    1.0,
                    -0.35
                ],
                [
                    0.0,
                    0.0,
                    0.0,
                    1.0
                ]
            ],
            "radius": 0.11,
            "height": 0.68
        },
        "collider2": {
            "type": "Box",
            "collider2origin": [
                [
                    0.23730301670833603,
                    0.8731358371993372,
                    0.42581813965510634,
                    0.6501070167665941
                ],
                [
                    0.4250313440395883,
                    -0.4874769838345056,
                    0.7627021350537274,
                    0.813660466046497
                ],
                [
                    0.8735191096049498,
                    -5.461284091305331e-06,
                    -0.48678985725377444,
                    -0.018809384207251645
                ],
                [
                    0.0,
                    0.0,
                    0.0,
                    1.0
                ]
            ],
            "size": [
                0.15068,
                0.17726,
                0.74884
            ]
        },
        "distance": 0.0163531717049603
    },
    {
        "case": 2,
        "collider1": {
            "type": "Box",
            "collider2origin": [
                [
                    0.9987652092017612,
                    0.049679541947991616,
                    0.0,
                    -0.8452169757328698
                ],
                [
                    -0.049679541947991616,
                    0.9987652092017612,
                    0.0,
                    1.7355619287231678
                ],
                [
                    0.0,
                    0.0,
                    1.0,
                    -0.39990000000000003
                ],
                [
                    0.0,
                    0.0,
                    0.0,
                    1.0
                ]
            ],
            "size": [
                5.96,
                0.78,
                0.87
            ]
        },
        "collider2": {
            "type": "Box",
            "collider2origin": [
                [
                    0.48351533289322735,
                    0.8731340451696747,
                    -0.06204725636796312,
                    0.6552583906477429
                ],
                [
                    0.866034426126056,
                    -0.4874801935587829,
                    -0.11111900671084264,
                    1.0820601497674869
                ],
                [
                    -0.12726859636872034,
                    -7.316540767362905e-06,
                    -0.991868289807071,
                    -0.44871477833758266
                ],
                [
                    0.0,
                    0.0,
                    0.0,
                    1.0
                ]
            ],
            "size": [
                0.1202,
                0.13634,
                0.67816
            ]
        },
        "distance": 0.06581345826264548
    }
]