[
    {
        "case": 0,
        "collider1": {
            "type": "Cylinder",
            "collider2origin": [
                [
                    1.0,
                    0.0,
                    0.0,
                    0.36025
                ],
                [
                    0.0,
                    1.0,
                    0.0,
                    0.66562
                ],
                [
                    0.0,
                    0.0,
                    1.0,
                    -0.35
                ],
                [
                    0.0,
                    0.0,
                    0.0,
                    1.0
                ]
            ],
            "radius": 0.11,
            "height": 0.68
        },
        "collider2": {
            "type": "Box",
            "collider2origin": [
                [
                    0.7500058094810849,
                    -0.6255501736174257,
                    0.21489128886911868,
                    0.20369479393458118
                ],
                [
                    -0.0573811160199316,
                    -0.3851990393676511,
                    -0.9210478313282897,
                    0.6548107216029246
                ],
                [
                    0.6589375488382261,
                    0.6784605223279002,
                    -0.32479628442090125,
                    -0.4516809994950668
                ],
                [
                    0.0,
                    0.0,
                    0.0,
                    1.0
                ]
            ],
            "size": [
                0.09126,
                0.11887,
                0.10009
            ]
        },
        "distance": 0.0
    },
    {
        "case": 1,
        "collider1": {
            "type": "Cylinder",
            "collider2origin": [
                [
                    1.0,
                    0.0,
                    0.0,
                    0.36025
                ],
                [
                    0.0,
                    1.0,
                    0.0,
                    0.66562
                ],
                [
                    0.0,
                    0.0,
                    1.0,
                    -0.35
                ],
                [
                    0.0,
                    0.0,
                    0.0,
                    1.0
                ]
            ],
            "radius": 0.11,
            "height": 0.68
        },
        "collider2": {
            "type": "Box",
            "collider2origin": [
                [
                    0.13958654203817233,
                    -0.9738463694667249,
                    0.17927310439188704,
                    0.24132653165193477
                ],
                [
                    -0.5983100259253289,
                    -0.22720750128751188,
                    -0.768376121594052,
                    1.0093839212299804
                ],
                [
                    0.7890124904962262,
                    -5.9299384081588155e-06,
                    -0.614377155992781,
                    -0.23753454132153828
                ],
                [
                    0.0,
                    0.0,
                    0.0,
                    1.0
                ]
            ],
            "size": [
                0.1202,
                0.13634,
                0.67816
            ]
        },
        "distance": 0.0
    },
    {
        "case": 2,
        "collider1": {
            "type": "Box",
            "collider2origin": [
                [
                    0.9987652092017612,
                    0.049679541947991616,
                    0.0,
                    -0.8452169757328698
                ],
                [
                    -0.049679541947991616,
                    0.9987652092017612,
                    0.0,
                    1.7355619287231678
                ],
                [
                    0.0,
                    0.0,
                    1.0,
                    -0.39990000000000003
                ],
                [
                    0.0,
                    0.0,
                    0.0,
                    1.0
                ]
            ],
            "size": [
                5.96,
                0.78,
                0.87
            ]
        },
        "collider2": {
            "type": "Box",
            "collider2origin": [
                [
                    0.13958654203817233,
                    -0.9738463694667249,
                    0.17927310439188704,
                    0.24132653165193477
                ],
                [
                    -0.5983100259253289,
                    -0.22720750128751188,
                    -0.768376121594052,
                    1.0093839212299804
                ],
                [
                    0.7890124904962262,
                    -5.9299384081588155e-06,
                    -0.614377155992781,
                    -0.23753454132153828
                ],
                [
                    0.0,
                    0.0,
                    0.0,
                    1.0
                ]
            ],
            "size": [
                0.1202,
                0.13634,
                0.67816
            ]
        },
        "distance": 0.0
    },
    {
        "case": 3,
        "collider1": {
            "type": "Cylinder",
            "collider2origin": [
                [
                    1.0,
                    0.0,
                    0.0,
                    0.36025
                ],
                [
                    0.0,
                    1.0,
                    0.0,
                    0.66562
                ],
                [
                    0.0,
                    0.0,
                    1.0,
                    -0.35
                ],
                [
                    0.0,
                    0.0,
                    0.0,
                    1.0
                ]
            ],
            "radius": 0.11,
            "height": 0.68
        },
        "collider2": {
            "type": "Box",
            "collider2origin": [
                [
                    0.07147359774125571,
                    -0.9738478201601183,
                    -0.21566628849986408,
                    0.1353231814569664
                ],
                [
                    -0.3063355224021719,
                    -0.22720128332839473,
                    0.9244123130770807,
                    0.9076697029113251
                ],
                [
                    -0.9492365735371291,
                    -4.828659791605634e-06,
                    -0.3145630738598769,
                    0.03303375123320862
                ],
                [
                    0.0,
                    0.0,
                    0.0,
                    1.0
                ]
            ],
            "size": [
                0.15068,
                0.17726,
                0.74884
            ]
        },
        "distance": 0.029482512636255377
    },
    {
        "case": 4,
        "collider1": {
            "type": "Box",
            "collider2origin": [
                [
                    0.9984911777768198,
                    0.05491236565527933,
                    0.0,
                    0.19949793078659855
                ],
                [
                    -0.05491236565527933,
                    0.9984911777768198,
                    0.0,
                    1.615142983721484
                ],
                [
                    0.0,
                    0.0,
                    1.0,
                    0.1860599999999999
                ],
                [
                    0.0,
                    0.0,
                    0.0,
                    1.0
                ]
            ],
            "size": [
                0.62,
                0.62,
                0.02
            ]
        },
        "collider2": {
            "type": "Box",
            "collider2origin": [
                [
                    0.07147359774125571,
                    -0.9738478201601183,
                    -0.21566628849986408,
                    0.1353231814569664
                ],
                [
                    -0.3063355224021719,
                    -0.22720128332839473,
                    0.9244123130770807,
                    0.9076697029113251
                ],
                [
                    -0.9492365735371291,
                    -4.828659791605634e-06,
                    -0.3145630738598769,
                    0.03303375123320862
                ],
                [
                    0.0,
                    0.0,
                    0.0,
                    1.0
                ]
            ],
            "size": [
                0.15068,
                0.17726,
                0.74884
            ]
        },
        "distance": 0.182572688549072
    },
    {
        "case": 5,
        "collider1": {
            "type": "Box",
            "collider2origin": [
                [
                    0.9987652092017612,
                    0.049679541947991616,
                    0.0,
                    -0.8452169757328698
                ],
                [
                    -0.049679541947991616,
                    0.9987652092017612,
                    0.0,
                    1.7355619287231678
                ],
                [
                    0.0,
                    0.0,
                    1.0,
                    -0.39990000000000003
                ],
                [
                    0.0,
                    0.0,
                    0.0,
                    1.0
                ]
            ],
            "size": [
                5.96,
                0.78,
                0.87
            ]
        },
        "collider2": {
            "type": "Box",
            "collider2origin": [
                [
                    0.07147359774125571,
                    -0.9738478201601183,
                    -0.21566628849986408,
                    0.1353231814569664
                ],
                [
                    -0.3063355224021719,
                    -0.22720128332839473,
                    0.9244123130770807,
                    0.9076697029113251
                ],
                [
                    -0.9492365735371291,
                    -4.828659791605634e-06,
                    -0.3145630738598769,
                    0.03303375123320862
                ],
                [
                    0.0,
                    0.0,
                    0.0,
                    1.0
                ]
            ],
            "size": [
                0.15068,
                0.17726,
                0.74884
            ]
        },
        "distance": 0.0
    },
    {
        "case": 6,
        "collider1": {
            "type": "Box",
            "collider2origin": [
                [
                    0.9987652092017612,
                    0.049679541947991616,
                    0.0,
                    -0.47864210557426284
                ],
                [
                    -0.049679541947991616,
                    0.9987652092017612,
                    0.0,
                    1.3769077942590573
                ],
                [
                    0.0,
                    0.0,
                    1.0,
                    0.12009999999999998
                ],
                [
                    0.0,
                    0.0,
                    0.0,
                    1.0
                ]
            ],
            "size": [
                4.0,
                0.1,
                0.16
            ]
        },
        "collider2": {
            "type": "Box",
            "collider2origin": [
                [
                    0.07147359774125571,
                    -0.9738478201601183,
                    -0.21566628849986408,
                    0.1353231814569664
                ],
                [
                    -0.3063355224021719,
                    -0.22720128332839473,
                    0.9244123130770807,
                    0.9076697029113251
                ],
                [
                    -0.9492365735371291,
                    -4.828659791605634e-06,
                    -0.3145630738598769,
                    0.03303375123320862
                ],
                [
                    0.0,
                    0.0,
                    0.0,
                    1.0
                ]
            ],
            "size": [
                0.15068,
                0.17726,
                0.74884
            ]
        },
        "distance": 0.05018781294989705
    },
    {
        "case": 7,
        "collider1": {
            "type": "Cylinder",
            "collider2origin": [
                [
                    1.0,
                    0.0,
                    0.0,
                    0.36025
                ],
                [
                    0.0,
                    1.0,
                    0.0,
                    0.66562
                ],
                [
                    0.0,
                    0.0,
                    1.0,
                    -0.35
                ],
                [
                    0.0,
                    0.0,
                    0.0,
                    1.0
                ]
            ],
            "radius": 0.11,
            "height": 0.68
        },
        "collider2": {
            "type": "Box",
            "collider2origin": [
                [
                    0.07147359774125571,
                    -0.9738478201601183,
                    -0.21566628849986408,
                    0.1353231814569664
                ],
                [
                    -0.3063355224021719,
                    -0.22720128332839473,
                    0.9244123130770807,
                    0.9076697029113251
                ],
                [
                    -0.9492365735371291,
                    -4.828659791605634e-06,
                    -0.3145630738598769,
                    0.03303375123320862
                ],
                [
                    0.0,
                    0.0,
                    0.0,
                    1.0
                ]
            ],
            "size": [
                0.15068,
                0.17726,
                0.74884
            ]
        },
        "distance": 0.029482512636255377
    },
    {
        "case": 8,
        "collider1": {
            "type": "Box",
            "collider2origin": [
                [
                    0.9984911777768198,
                    0.05491236565527933,
                    0.0,
                    0.19949793078659855
                ],
                [
                    -0.05491236565527933,
                    0.9984911777768198,
                    0.0,
                    1.615142983721484
                ],
                [
                    0.0,
                    0.0,
                    1.0,
                    0.1860599999999999
                ],
                [
                    0.0,
                    0.0,
                    0.0,
                    1.0
                ]
            ],
            "size": [
                0.62,
                0.62,
                0.02
            ]
        },
        "collider2": {
            "type": "Box",
            "collider2origin": [
                [
                    0.07147359774125571,
                    -0.9738478201601183,
                    -0.21566628849986408,
                    0.1353231814569664
                ],
                [
                    -0.3063355224021719,
                    -0.22720128332839473,
                    0.9244123130770807,
                    0.9076697029113251
                ],
                [
                    -0.9492365735371291,
                    -4.828659791605634e-06,
                    -0.3145630738598769,
                    0.03303375123320862
                ],
                [
                    0.0,
                    0.0,
                    0.0,
                    1.0
                ]
            ],
            "size": [
                0.15068,
                0.17726,
                0.74884
            ]
        },
        "distance": 0.182572688549072
    },
    {
        "case": 9,
        "collider1": {
            "type": "Box",
            "collider2origin": [
                [
                    0.9987652092017612,
                    0.049679541947991616,
                    0.0,
                    -0.8452169757328698
                ],
                [
                    -0.049679541947991616,
                    0.9987652092017612,
                    0.0,
                    1.7355619287231678
                ],
                [
                    0.0,
                    0.0,
                    1.0,
                    -0.39990000000000003
                ],
                [
                    0.0,
                    0.0,
                    0.0,
                    1.0
                ]
            ],
            "size": [
                5.96,
                0.78,
                0.87
            ]
        },
        "collider2": {
            "type": "Box",
            "collider2origin": [
                [
                    0.07147359774125571,
                    -0.9738478201601183,
                    -0.21566628849986408,
                    0.1353231814569664
                ],
                [
                    -0.3063355224021719,
                    -0.22720128332839473,
                    0.9244123130770807,
                    0.9076697029113251
                ],
                [
                    -0.9492365735371291,
                    -4.828659791605634e-06,
                    -0.3145630738598769,
                    0.03303375123320862
                ],
                [
                    0.0,
                    0.0,
                    0.0,
                    1.0
                ]
            ],
            "size": [
                0.15068,
                0.17726,
                0.74884
            ]
        },
        "distance": 0.0
    },
    {
        "case": 10,
        "collider1": {
            "type": "Box",
            "collider2origin": [
                [
                    0.9987652092017612,
                    0.049679541947991616,
                    0.0,
                    -0.47864210557426284
                ],
                [
                    -0.049679541947991616,
                    0.9987652092017612,
                    0.0,
                    1.3769077942590573
                ],
                [
                    0.0,
                    0.0,
                    1.0,
                    0.12009999999999998
                ],
                [
                    0.0,
                    0.0,
                    0.0,
                    1.0
                ]
            ],
            "size": [
                4.0,
                0.1,
                0.16
            ]
        },
        "collider2": {
            "type": "Box",
            "collider2origin": [
                [
                    0.07147359774125571,
                    -0.9738478201601183,
                    -0.21566628849986408,
                    0.1353231814569664
                ],
                [
                    -0.3063355224021719,
                    -0.22720128332839473,
                    0.9244123130770807,
                    0.9076697029113251
                ],
                [
                    -0.9492365735371291,
                    -4.828659791605634e-06,
                    -0.3145630738598769,
                    0.03303375123320862
                ],
                [
                    0.0,
                    0.0,
                    0.0,
                    1.0
                ]
            ],
            "size": [
                0.15068,
                0.17726,
                0.74884
            ]
        },
        "distance": 0.05018781294989705
    }
]