[
    {
        "case": 0,
        "collider1": {
            "type": "Cylinder",
            "collider2origin": [
                [
                    1.0,
                    0.0,
                    0.0,
                    0.36025
                ],
                [
                    0.0,
                    1.0,
                    0.0,
                    0.66562
                ],
                [
                    0.0,
                    0.0,
                    1.0,
                    -0.35
                ],
                [
                    0.0,
                    0.0,
                    0.0,
                    1.0
                ]
            ],
            "radius": 0.11,
            "height": 0.68
        },
        "collider2": {
            "type": "Box",
            "collider2origin": [
                [
                    -0.2656467363419302,
                    0.8674234506456757,
                    0.42072362512798117,
                    0.6476315130644208
                ],
                [
                    0.4630969331276238,
                    0.4975706555236193,
                    -0.7334607510218832,
                    0.5367849795208295
                ],
                [
                    -0.8455607855137738,
                    -5.63425276014326e-06,
                    -0.5338791604563573,
                    -0.03276474868719381
                ],
                [
                    0.0,
                    0.0,
                    0.0,
                    1.0
                ]
            ],
            "size": [
                0.15068,
                0.17726,
                0.74884
            ]
        },
        "distance": 0.010054157355132714
    },
    {
        "case": 1,
        "collider1": {
            "type": "Cylinder",
            "collider2origin": [
                [
                    1.0,
                    0.0,
                    0.0,
                    0.36025
                ],
                [
                    0.0,
                    1.0,
                    0.0,
                    0.66562
                ],
                [
                    0.0,
                    0.0,
                    1.0,
                    -0.35
                ],
                [
                    0.0,
                    0.0,
                    0.0,
                    1.0
                ]
            ],
            "radius": 0.11,
            "height": 0.68
        },
        "collider2": {
            "type": "Box",
            "collider2origin": [
                [
                    -0.2656467363419302,
                    0.8674234506456757,
                    0.42072362512798117,
                    0.6476315130644208
                ],
                [
                    0.4630969331276238,
                    0.4975706555236193,
                    -0.7334607510218832,
                    0.5367849795208295
                ],
                [
                    -0.8455607855137738,
                    -5.63425276014326e-06,
                    -0.5338791604563573,
                    -0.03276474868719381
                ],
                [
                    0.0,
                    0.0,
                    0.0,
                    1.0
                ]
            ],
            "size": [
                0.15068,
                0.17726,
                0.74884
            ]
        },
        "distance": 0.010054157355132714
    }
]