[
    {
        "case": 0,
        "collider1": {
            "type": "Cylinder",
            "collider2origin": [
                [
                    1.0,
                    0.0,
                    0.0,
                    0.36025
                ],
                [
                    0.0,
                    1.0,
                    0.0,
                    0.66562
                ],
                [
                    0.0,
                    0.0,
                    1.0,
                    -0.35
                ],
                [
                    0.0,
                    0.0,
                    0.0,
                    1.0
                ]
            ],
            "radius": 0.11,
            "height": 0.68
        },
        "collider2": {
            "type": "Box",
            "collider2origin": [
                [
                    0.005496411396412096,
                    -0.9999710371854915,
                    0.005264432726661258,
                    0.3227098563811003
                ],
                [
                    0.7220688614068476,
                    0.007610833668532958,
                    0.6917793250723013,
                    0.7895718748457567
                ],
                [
                    -0.6917993559178703,
                    -1.020821236424266e-06,
                    0.7220897805332642,
                    -0.27760783535578204
                ],
                [
                    0.0,
                    0.0,
                    0.0,
                    1.0
                ]
            ],
            "size": [
                0.1202,
                0.13634,
                0.67816
            ]
        },
        "distance": 0.0
    },
    {
        "case": 1,
        "collider1": {
            "type": "Cylinder",
            "collider2origin": [
                [
                    1.0,
                    0.0,
                    0.0,
                    0.36025
                ],
                [
                    0.0,
                    1.0,
                    0.0,
                    0.66562
                ],
                [
                    0.0,
                    0.0,
                    1.0,
                    -0.35
                ],
                [
                    0.0,
                    0.0,
                    0.0,
                    1.0
                ]
            ],
            "radius": 0.11,
            "height": 0.68
        },
        "collider2": {
            "type": "Box",
            "collider2origin": [
                [
                    -0.007551832992785041,
                    -0.9999710599076979,
                    -0.0009215017767437569,
                    0.19518827395023114
                ],
                [
                    -0.9924915309523336,
                    0.007607844209014823,
                    -0.12207654031133273,
                    0.6348068155102449
                ],
                [
                    0.12208001804694399,
                    -7.318935592468787e-06,
                    -0.9925202613247202,
                    -0.17043901776718928
                ],
                [
                    0.0,
                    0.0,
                    0.0,
                    1.0
                ]
            ],
            "size": [
                0.15068,
                0.17726,
                0.74884
            ]
        },
        "distance": 0.0
    },
    {
        "case": 2,
        "collider1": {
            "type": "Cylinder",
            "collider2origin": [
                [
                    1.0,
                    0.0,
                    0.0,
                    0.36025
                ],
                [
                    0.0,
                    1.0,
                    0.0,
                    0.66562
                ],
                [
                    0.0,
                    0.0,
                    1.0,
                    -0.35
                ],
                [
                    0.0,
                    0.0,
                    0.0,
                    1.0
                ]
            ],
            "radius": 0.11,
            "height": 0.68
        },
        "collider2": {
            "type": "Box",
            "collider2origin": [
                [
                    -0.007551832992785041,
                    -0.9999710599076979,
                    -0.0009215017767437569,
                    0.19518827395023114
                ],
                [
                    -0.9924915309523336,
                    0.007607844209014823,
                    -0.12207654031133273,
                    0.6348068155102449
                ],
                [
                    0.12208001804694399,
                    -7.318935592468787e-06,
                    -0.9925202613247202,
                    -0.17043901776718928
                ],
                [
                    0.0,
                    0.0,
                    0.0,
                    1.0
                ]
            ],
            "size": [
                0.15068,
                0.17726,
                0.74884
            ]
        },
        "distance": 0.0
    }
]