[
    {
        "case": 0,
        "collider1": {
            "type": "Box",
            "collider2origin": [
                [
                    1.0,
                    0.0,
                    0.0,
                    1.0596
                ],
                [
                    0.0,
                    1.0,
                    0.0,
                    0.84274
                ],
                [
                    0.0,
                    0.0,
                    1.0,
                    0.13693
                ],
                [
                    0.0,
                    0.0,
                    0.0,
                    1.0
                ]
            ],
            "size": [
                0.1,
                0.1,
                2.0
            ]
        },
        "collider2": {
            "type": "Box",
            "collider2origin": [
                [
                    -0.14906349541744113,
                    0.6222384555063667,
                    0.7685046381271787,
                    0.7091487716149092
                ],
                [
                    -0.11848833555148139,
                    -0.782827761694875,
                    0.6108528545059206,
                    0.7166132375492283
                ],
                [
                    0.9817029024466486,
                    -2.9737569088058224e-06,
                    0.1904190413771236,
                    0.184322270186984
                ],
                [
                    0.0,
                    0.0,
                    0.0,
                    1.0
                ]
            ],
            "size": [
                0.15068,
                0.17726,
                0.74884
            ]
        },
        "distance": 0.0
    },
    {
        "case": 1,
        "collider1": {
            "type": "Box",
            "collider2origin": [
                [
                    1.0,
                    0.0,
                    0.0,
                    1.0596
                ],
                [
                    0.0,
                    1.0,
                    0.0,
                    0.84274
                ],
                [
                    0.0,
                    0.0,
                    1.0,
                    0.13693
                ],
                [
                    0.0,
                    0.0,
                    0.0,
                    1.0
                ]
            ],
            "size": [
                0.1,
                0.1,
                2.0
            ]
        },
        "collider2": {
            "type": "Box",
            "collider2origin": [
                [
                    -0.14906349541744113,
                    0.6222384555063667,
                    0.7685046381271787,
                    0.7091487716149092
                ],
                [
                    -0.11848833555148139,
                    -0.782827761694875,
                    0.6108528545059206,
                    0.7166132375492283
                ],
                [
                    0.9817029024466486,
                    -2.9737569088058224e-06,
                    0.1904190413771236,
                    0.184322270186984
                ],
                [
                    0.0,
                    0.0,
                    0.0,
                    1.0
                ]
            ],
            "size": [
                0.15068,
                0.17726,
                0.74884
            ]
        },
        "distance": 0.0
    }
]