[
    {
        "case": 0,
        "collider1": {
            "type": "Box",
            "collider2origin": [
                [
                    0.9980268447818988,
                    0.0627886701140236,
                    0.0,
                    -0.04
                ],
                [
                    -0.0627886701140236,
                    0.9980268447818988,
                    0.0,
                    0.02
                ],
                [
                    0.0,
                    0.0,
                    1.0,
                    -0.13
                ],
                [
                    0.0,
                    0.0,
                    0.0,
                    1.0
                ]
            ],
            "size": [
                0.6,
                0.4,
                0.4
            ]
        },
        "collider2": {
            "type": "Box",
            "collider2origin": [
                [
                    -0.22056101579218002,
                    -0.763297037944188,
                    0.6072318092609695,
                    0.41894604376979494
                ],
                [
                    0.26058647986432676,
                    -0.6460477009167173,
                    -0.7174378402705998,
                    0.34200298167183363
                ],
                [
                    0.9399188926841722,
                    -2.419180868930864e-06,
                    0.34139782537313706,
                    0.22961550843893508
                ],
                [
                    0.0,
                    0.0,
                    0.0,
                    1.0
                ]
            ],
            "size": [
                0.15068,
                0.17726,
                0.74884
            ]
        },
        "distance": 0.13939951401440856
    },
    {
        "case": 1,
        "collider1": {
            "type": "Box",
            "collider2origin": [
                [
                    0.9980268447818988,
                    0.0627886701140236,
                    0.0,
                    -0.04
                ],
                [
                    -0.0627886701140236,
                    0.9980268447818988,
                    0.0,
                    0.02
                ],
                [
                    0.0,
                    0.0,
                    1.0,
                    -0.13
                ],
                [
                    0.0,
                    0.0,
                    0.0,
                    1.0
                ]
            ],
            "size": [
                0.6,
                0.4,
                0.4
            ]
        },
        "collider2": {
            "type": "Box",
            "collider2origin": [
                [
                    -0.22056101579218002,
                    -0.763297037944188,
                    0.6072318092609695,
                    0.41894604376979494
                ],
                [
                    0.26058647986432676,
                    -0.6460477009167173,
                    -0.7174378402705998,
                    0.34200298167183363
                ],
                [
                    0.9399188926841722,
                    -2.419180868930864e-06,
                    0.34139782537313706,
                    0.22961550843893508
                ],
                [
                    0.0,
                    0.0,
                    0.0,
                    1.0
                ]
            ],
            "size": [
                0.15068,
                0.17726,
                0.74884
            ]
        },
        "distance": 0.13939951401440856
    }
]