[
    {
        "case": 0,
        "collider1": {
            "type": "Box",
            "collider2origin": [
                [
                    0.9993987090681281,
                    0.03467304879815252,
                    0.0,
                    1.4653901430101843
                ],
                [
                    -0.03467304879815253,
                    0.9993987090681281,
                    0.0,
                    0.5204641530190985
                ],
                [
                    0.0,
                    0.0,
                    1.0,
                    0.2489999999999999
                ],
                [
                    0.0,
                    0.0,
                    0.0,
                    1.0
                ]
            ],
            "size": [
                0.72,
                0.16,
                0.02
            ]
        },
        "collider2": {
            "type": "Box",
            "collider2origin": [
                [
                    0.2556191995079269,
                    0.9503628487273292,
                    -0.17739583028301975,
                    1.2040742759039462
                ],
                [
                    -0.9423815089097717,
                    0.2858992674806973,
                    0.17372017879032325,
                    0.407199132321627
                ],
                [
                    0.21581454192863816,
                    0.12276833717565779,
                    0.968685717288768,
                    0.2799720804455448
                ],
                [
                    0.0,
                    0.0,
                    0.0,
                    1.0
                ]
            ],
            "size": [
                0.06241,
                0.05638,
                0.02858
            ]
        },
        "distance": 0.007604377707287459
    },
    {
        "case": 1,
        "collider1": {
            "type": "Box",
            "collider2origin": [
                [
                    0.999131514540288,
                    0.041667933143249715,
                    0.0,
                    1.4771061177758427
                ],
                [
                    -0.041667933143249715,
                    0.999131514540288,
                    0.0,
                    0.2752134143142163
                ],
                [
                    0.0,
                    0.0,
                    1.0,
                    -0.26
                ],
                [
                    0.0,
                    0.0,
                    0.0,
                    1.0
                ]
            ],
            "size": [
                0.71,
                0.71,
                0.998
            ]
        },
        "collider2": {
            "type": "Box",
            "collider2origin": [
                [
                    -0.17605928291909345,
                    0.8992029299782145,
                    0.40054615166870444,
                    1.057843355052245
                ],
                [
                    0.9715379638206171,
                    0.2242378588584327,
                    -0.07636339116274685,
                    0.37285952612152834
                ],
                [
                    -0.1584837965007898,
                    0.37570130871901364,
                    -0.9130889402864959,
                    0.22919124431587057
                ],
                [
                    0.0,
                    0.0,
                    0.0,
                    1.0
                ]
            ],
            "size": [
                0.09126,
                0.11887,
                0.10009
            ]
        },
        "distance": 0.0
    },
    {
        "case": 2,
        "collider1": {
            "type": "Box",
            "collider2origin": [
                [
                    0.9993987090681281,
                    0.03467304879815252,
                    0.0,
                    1.4653901430101843
                ],
                [
                    -0.03467304879815253,
                    0.9993987090681281,
                    0.0,
                    0.5204641530190985
                ],
                [
                    0.0,
                    0.0,
                    1.0,
                    0.2489999999999999
                ],
                [
                    0.0,
                    0.0,
                    0.0,
                    1.0
                ]
            ],
            "size": [
                0.72,
                0.16,
                0.02
            ]
        },
        "collider2": {
            "type": "Box",
            "collider2origin": [
                [
                    -0.17605928291909345,
                    0.8992029299782145,
                    0.40054615166870444,
                    1.057843355052245
                ],
                [
                    0.9715379638206171,
                    0.2242378588584327,
                    -0.07636339116274685,
                    0.37285952612152834
                ],
                [
                    -0.1584837965007898,
                    0.37570130871901364,
                    -0.9130889402864959,
                    0.22919124431587057
                ],
                [
                    0.0,
                    0.0,
                    0.0,
                    1.0
                ]
            ],
            "size": [
                0.09126,
                0.11887,
                0.10009
            ]
        },
        "distance": 0.021999646032437436
    },
    {
        "case": 3,
        "collider1": {
            "type": "Box",
            "collider2origin": [
                [
                    0.999131514540288,
                    0.041667933143249715,
                    0.0,
                    1.4771061177758427
                ],
                [
                    -0.041667933143249715,
                    0.999131514540288,
                    0.0,
                    0.2752134143142163
                ],
                [
                    0.0,
                    0.0,
                    1.0,
                    -0.26
                ],
                [
                    0.0,
                    0.0,
                    0.0,
                    1.0
                ]
            ],
            "size": [
                0.71,
                0.71,
                0.998
            ]
        },
        "collider2": {
            "type": "Box",
            "collider2origin": [
                [
                    0.3679505341173332,
                    0.8992023282981955,
                    0.23674369521884428,
                    1.1267379860747626
                ],
                [
                    0.07707584757610127,
                    0.22423457090249926,
                    -0.9714824604348743,
                    0.388337279492383
                ],
                [
                    -0.9266454112351682,
                    0.37570471116992393,
                    0.0132004485351587,
                    0.25383595006395465
                ],
                [
                    0.0,
                    0.0,
                    0.0,
                    1.0
                ]
            ],
            "size": [
                0.08993,
                0.0305,
                0.09007
            ]
        },
        "distance": 0.0
    },
    {
        "case": 4,
        "collider1": {
            "type": "Box",
            "collider2origin": [
                [
                    0.9993987090681281,
                    0.03467304879815252,
                    0.0,
                    1.4653901430101843
                ],
                [
                    -0.03467304879815253,
                    0.9993987090681281,
                    0.0,
                    0.5204641530190985
                ],
                [
                    0.0,
                    0.0,
                    1.0,
                    0.2489999999999999
                ],
                [
                    0.0,
                    0.0,
                    0.0,
                    1.0
                ]
            ],
            "size": [
                0.72,
                0.16,
                0.02
            ]
        },
        "collider2": {
            "type": "Box",
            "collider2origin": [
                [
                    0.3679505341173332,
                    0.8992023282981955,
                    0.23674369521884428,
                    1.1267379860747626
                ],
                [
                    0.07707584757610127,
                    0.22423457090249926,
                    -0.9714824604348743,
                    0.388337279492383
                ],
                [
                    -0.9266454112351682,
                    0.37570471116992393,
                    0.0132004485351587,
                    0.25383595006395465
                ],
                [
                    0.0,
                    0.0,
                    0.0,
                    1.0
                ]
            ],
            "size": [
                0.08993,
                0.0305,
                0.09007
            ]
        },
        "distance": 0.014538632572295066
    },
    {
        "case": 5,
        "collider1": {
            "type": "Cylinder",
            "collider2origin": [
                [
                    1.0,
                    0.0,
                    0.0,
                    0.36025
                ],
                [
                    0.0,
                    1.0,
                    0.0,
                    0.66562
                ],
                [
                    0.0,
                    0.0,
                    1.0,
                    -0.35
                ],
                [
                    0.0,
                    0.0,
                    0.0,
                    1.0
                ]
            ],
            "radius": 0.11,
            "height": 0.68
        },
        "collider2": {
            "type": "Box",
            "collider2origin": [
                [
                    0.5478175227202816,
                    -0.18728906191105008,
                    0.8153641941421591,
                    0.5818404574964973
                ],
                [
                    -0.10445329657667797,
                    -0.982304844361332,
                    -0.15545642983975796,
                    0.4519255947009882
                ],
                [
                    0.8300514867373459,
                    -5.721702979513573e-06,
                    -0.5576867663235193,
                    -0.04007203117951641
                ],
                [
                    0.0,
                    0.0,
                    0.0,
                    1.0
                ]
            ],
            "size": [
                0.15068,
                0.17726,
                0.74884
            ]
        },
        "distance": 0.0010169727333030538
    },
    {
        "case": 6,
        "collider1": {
            "type": "Cylinder",
            "collider2origin": [
                [
                    1.0,
                    0.0,
                    0.0,
                    0.36025
                ],
                [
                    0.0,
                    1.0,
                    0.0,
                    0.66562
                ],
                [
                    0.0,
                    0.0,
                    1.0,
                    -0.35
                ],
                [
                    0.0,
                    0.0,
                    0.0,
                    1.0
                ]
            ],
            "radius": 0.11,
            "height": 0.68
        },
        "collider2": {
            "type": "Box",
            "collider2origin": [
                [
                    0.5478175227202816,
                    -0.18728906191105008,
                    0.8153641941421591,
                    0.5818404574964973
                ],
                [
                    -0.10445329657667797,
                    -0.982304844361332,
                    -0.15545642983975796,
                    0.4519255947009882
                ],
                [
                    0.8300514867373459,
                    -5.721702979513573e-06,
                    -0.5576867663235193,
                    -0.04007203117951641
                ],
                [
                    0.0,
                    0.0,
                    0.0,
                    1.0
                ]
            ],
            "size": [
                0.15068,
                0.17726,
                0.74884
            ]
        },
        "distance": 0.0010169727333030538
    },
    {
        "case": 7,
        "collider1": {
            "type": "Box",
            "collider2origin": [
                [
                    0.999131514540288,
                    0.041667933143249715,
                    0.0,
                    1.4771061177758427
                ],
                [
                    -0.041667933143249715,
                    0.999131514540288,
                    0.0,
                    0.2752134143142163
                ],
                [
                    0.0,
                    0.0,
                    1.0,
                    -0.26
                ],
                [
                    0.0,
                    0.0,
                    0.0,
                    1.0
                ]
            ],
            "size": [
                0.71,
                0.71,
                0.998
            ]
        },
        "collider2": {
            "type": "Box",
            "collider2origin": [
                [
                    -0.934761886208414,
                    -0.187290947978215,
                    0.30189785838509936,
                    0.9446896384190131
                ],
                [
                    0.17822618941229856,
                    -0.9823044847731226,
                    -0.05756148540631583,
                    0.5113581870455632
                ],
                [
                    0.3073363654038671,
                    -1.7777965587179867e-07,
                    0.9516009449870826,
                    0.05279558010545227
                ],
                [
                    0.0,
                    0.0,
                    0.0,
                    1.0
                ]
            ],
            "size": [
                0.1202,
                0.13634,
                0.67816
            ]
        },
        "distance": 0.05225520038755225
    },
    {
        "case": 8,
        "collider1": {
            "type": "Box",
            "collider2origin": [
                [
                    0.9993987090681281,
                    0.03467304879815252,
                    0.0,
                    1.4653901430101843
                ],
                [
                    -0.03467304879815253,
                    0.9993987090681281,
                    0.0,
                    0.5204641530190985
                ],
                [
                    0.0,
                    0.0,
                    1.0,
                    0.2489999999999999
                ],
                [
                    0.0,
                    0.0,
                    0.0,
                    1.0
                ]
            ],
            "size": [
                0.72,
                0.16,
                0.02
            ]
        },
        "collider2": {
            "type": "Box",
            "collider2origin": [
                [
                    -0.934761886208414,
                    -0.187290947978215,
                    0.30189785838509936,
                    0.9446896384190131
                ],
                [
                    0.17822618941229856,
                    -0.9823044847731226,
                    -0.05756148540631583,
                    0.5113581870455632
                ],
                [
                    0.3073363654038671,
                    -1.7777965587179867e-07,
                    0.9516009449870826,
                    0.05279558010545227
                ],
                [
                    0.0,
                    0.0,
                    0.0,
                    1.0
                ]
            ],
            "size": [
                0.1202,
                0.13634,
                0.67816
            ]
        },
        "distance": 0.020395968180008668
    }
]