[
    {
        "case": 0,
        "collider1": {
            "type": "Cylinder",
            "collider2origin": [
                [
                    1.0,
                    0.0,
                    0.0,
                    0.36025
                ],
                [
                    0.0,
                    1.0,
                    0.0,
                    0.66562
                ],
                [
                    0.0,
                    0.0,
                    1.0,
                    -0.35
                ],
                [
                    0.0,
                    0.0,
                    0.0,
                    1.0
                ]
            ],
            "radius": 0.11,
            "height": 0.68
        },
        "collider2": {
            "type": "Box",
            "collider2origin": [
                [
                    0.7687948151845753,
                    -0.4514617207229603,
                    0.4529203537788721,
                    0.42698756974865415
                ],
                [
                    -0.38898195800222435,
                    -0.8922904878317963,
                    -0.22915218016342476,
                    0.4455584720263906
                ],
                [
                    0.507589960986297,
                    -6.838034083195722e-06,
                    -0.8615987647734706,
                    -0.13120462261826926
                ],
                [
                    0.0,
                    0.0,
                    0.0,
                    1.0
                ]
            ],
            "size": [
                0.15068,
                0.17726,
                0.74884
            ]
        },
        "distance": 0.0
    },
    {
        "case": 1,
        "collider1": {
            "type": "Cylinder",
            "collider2origin": [
                [
                    1.0,
                    0.0,
                    0.0,
                    0.36025
                ],
                [
                    0.0,
                    1.0,
                    0.0,
                    0.66562
                ],
                [
                    0.0,
                    0.0,
                    1.0,
                    -0.35
                ],
                [
                    0.0,
                    0.0,
                    0.0,
                    1.0
                ]
            ],
            "radius": 0.11,
            "height": 0.68
        },
        "collider2": {
            "type": "Box",
            "collider2origin": [
                [
                    0.7687948151845753,
                    -0.4514617207229603,
                    0.4529203537788721,
                    0.42698756974865415
                ],
                [
                    -0.38898195800222435,
                    -0.8922904878317963,
                    -0.22915218016342476,
                    0.4455584720263906
                ],
                [
                    0.507589960986297,
                    -6.838034083195722e-06,
                    -0.8615987647734706,
                    -0.13120462261826926
                ],
                [
                    0.0,
                    0.0,
                    0.0,
                    1.0
                ]
            ],
            "size": [
                0.15068,
                0.17726,
                0.74884
            ]
        },
        "distance": 0.0
    }
]