[
    {
        "case": 0,
        "collider1": {
            "type": "Cylinder",
            "collider2origin": [
                [
                    1.0,
                    0.0,
                    0.0,
                    0.36025
                ],
                [
                    0.0,
                    1.0,
                    0.0,
                    0.66562
                ],
                [
                    0.0,
                    0.0,
                    1.0,
                    -0.35
                ],
                [
                    0.0,
                    0.0,
                    0.0,
                    1.0
                ]
            ],
            "radius": 0.11,
            "height": 0.68
        },
        "collider2": {
            "type": "Box",
            "collider2origin": [
                [
                    -0.43994301751182563,
                    0.8257877858902856,
                    0.35288053788358636,
                    0.2245286645925504
                ],
                [
                    -0.6441708075289065,
                    -0.5639809683613154,
                    0.5166908534644186,
                    0.37153740207639396
                ],
                [
                    0.6256949033435911,
                    -8.078558078955749e-07,
                    0.7800678739245716,
                    -0.0011884536814658064
                ],
                [
                    0.0,
                    0.0,
                    0.0,
                    1.0
                ]
            ],
            "size": [
                0.1202,
                0.13634,
                0.67816
            ]
        },
        "distance": 0.10875495191486996
    },
    {
        "case": 1,
        "collider1": {
            "type": "Box",
            "collider2origin": [
                [
                    0.9980268447818988,
                    0.0627886701140236,
                    0.0,
                    -0.04
                ],
                [
                    -0.0627886701140236,
                    0.9980268447818988,
                    0.0,
                    0.02
                ],
                [
                    0.0,
                    0.0,
                    1.0,
                    -0.13
                ],
                [
                    0.0,
                    0.0,
                    0.0,
                    1.0
                ]
            ],
            "size": [
                0.6,
                0.4,
                0.4
            ]
        },
        "collider2": {
            "type": "Box",
            "collider2origin": [
                [
                    -0.43994301751182563,
                    0.8257877858902856,
                    0.35288053788358636,
                    0.2245286645925504
                ],
                [
                    -0.6441708075289065,
                    -0.5639809683613154,
                    0.5166908534644186,
                    0.37153740207639396
                ],
                [
                    0.6256949033435911,
                    -8.078558078955749e-07,
                    0.7800678739245716,
                    -0.0011884536814658064
                ],
                [
                    0.0,
                    0.0,
                    0.0,
                    1.0
                ]
            ],
            "size": [
                0.1202,
                0.13634,
                0.67816
            ]
        },
        "distance": 0.0
    },
    {
        "case": 2,
        "collider1": {
            "type": "Cylinder",
            "collider2origin": [
                [
                    1.0,
                    0.0,
                    0.0,
                    0.36025
                ],
                [
                    0.0,
                    1.0,
                    0.0,
                    0.66562
                ],
                [
                    0.0,
                    0.0,
                    1.0,
                    -0.35
                ],
                [
                    0.0,
                    0.0,
                    0.0,
                    1.0
                ]
            ],
            "radius": 0.11,
            "height": 0.68
        },
        "collider2": {
            "type": "Box",
            "collider2origin": [
                [
                    0.3199255397953863,
                    0.8257847836148418,
                    -0.46446435830623173,
                    0.3747766700277408
                ],
                [
                    0.46844191425149223,
                    -0.5639853642755698,
                    -0.6800607927644045,
                    0.3675176448027206
                ],
                [
                    -0.8235349549102504,
                    -5.756887731742849e-06,
                    -0.5672655268988499,
                    -0.04278183535508129
                ],
                [
                    0.0,
                    0.0,
                    0.0,
                    1.0
                ]
            ],
            "size": [
                0.15068,
                0.17726,
                0.74884
            ]
        },
        "distance": 0.0
    },
    {
        "case": 3,
        "collider1": {
            "type": "Box",
            "collider2origin": [
                [
                    0.9980268447818988,
                    0.0627886701140236,
                    0.0,
                    -0.04
                ],
                [
                    -0.0627886701140236,
                    0.9980268447818988,
                    0.0,
                    0.02
                ],
                [
                    0.0,
                    0.0,
                    1.0,
                    -0.13
                ],
                [
                    0.0,
                    0.0,
                    0.0,
                    1.0
                ]
            ],
            "size": [
                0.6,
                0.4,
                0.4
            ]
        },
        "collider2": {
            "type": "Box",
            "collider2origin": [
                [
                    0.3199255397953863,
                    0.8257847836148418,
                    -0.46446435830623173,
                    0.3747766700277408
                ],
                [
                    0.46844191425149223,
                    -0.5639853642755698,
                    -0.6800607927644045,
                    0.3675176448027206
                ],
                [
                    -0.8235349549102504,
                    -5.756887731742849e-06,
                    -0.5672655268988499,
                    -0.04278183535508129
                ],
                [
                    0.0,
                    0.0,
                    0.0,
                    1.0
                ]
            ],
            "size": [
                0.15068,
                0.17726,
                0.74884
            ]
        },
        "distance": 0.0
    },
    {
        "case": 4,
        "collider1": {
            "type": "Cylinder",
            "collider2origin": [
                [
                    1.0,
                    0.0,
                    0.0,
                    0.36025
                ],
                [
                    0.0,
                    1.0,
                    0.0,
                    0.66562
                ],
                [
                    0.0,
                    0.0,
                    1.0,
                    -0.35
                ],
                [
                    0.0,
                    0.0,
                    0.0,
                    1.0
                ]
            ],
            "radius": 0.11,
            "height": 0.68
        },
        "collider2": {
            "type": "Box",
            "collider2origin": [
                [
                    0.3199255397953863,
                    0.8257847836148418,
                    -0.46446435830623173,
                    0.3747766700277408
                ],
                [
                    0.46844191425149223,
                    -0.5639853642755698,
                    -0.6800607927644045,
                    0.3675176448027206
                ],
                [
                    -0.8235349549102504,
                    -5.756887731742849e-06,
                    -0.5672655268988499,
                    -0.04278183535508129
                ],
                [
                    0.0,
                    0.0,
                    0.0,
                    1.0
                ]
            ],
            "size": [
                0.15068,
                0.17726,
                0.74884
            ]
        },
        "distance": 0.0
    },
    {
        "case": 5,
        "collider1": {
            "type": "Box",
            "collider2origin": [
                [
                    0.9980268447818988,
                    0.0627886701140236,
                    0.0,
                    -0.04
                ],
                [
                    -0.0627886701140236,
                    0.9980268447818988,
                    0.0,
                    0.02
                ],
                [
                    0.0,
                    0.0,
                    1.0,
                    -0.13
                ],
                [
                    0.0,
                    0.0,
                    0.0,
                    1.0
                ]
            ],
            "size": [
                0.6,
                0.4,
                0.4
            ]
        },
        "collider2": {
            "type": "Box",
            "collider2origin": [
                [
                    0.3199255397953863,
                    0.8257847836148418,
                    -0.46446435830623173,
                    0.3747766700277408
                ],
                [
                    0.46844191425149223,
                    -0.5639853642755698,
                    -0.6800607927644045,
                    0.3675176448027206
                ],
                [
                    -0.8235349549102504,
                    -5.756887731742849e-06,
                    -0.5672655268988499,
                    -0.04278183535508129
                ],
                [
                    0.0,
                    0.0,
                    0.0,
                    1.0
                ]
            ],
            "size": [
                0.15068,
                0.17726,
                0.74884
            ]
        },
        "distance": 0.0
    }
]