[
    {
        "case": 0,
        "collider1": {
            "type": "Cylinder",
            "collider2origin": [
                [
                    1.0,
                    0.0,
                    0.0,
                    0.36025
                ],
                [
                    0.0,
                    1.0,
                    0.0,
                    0.66562
                ],
                [
                    0.0,
                    0.0,
                    1.0,
                    -0.35
                ],
                [
                    0.0,
                    0.0,
                    0.0,
                    1.0
                ]
            ],
            "radius": 0.11,
            "height": 0.68
        },
        "collider2": {
            "type": "Box",
            "collider2origin": [
                [
                    0.9783729602297504,
                    -0.19041974557519317,
                    0.08078781582858954,
                    0.3609010378674759
                ],
                [
                    -0.18977448182432807,
                    -0.981702765831538,
                    -0.015662873523588947,
                    0.4939729037725709
                ],
                [
                    0.08229214263575349,
                    -7.333951611930139e-06,
                    -0.9966082496179879,
                    -0.17166135666980487
                ],
                [
                    0.0,
                    0.0,
                    0.0,
                    1.0
                ]
            ],
            "size": [
                0.15068,
                0.17726,
                0.74884
            ]
        },
        "distance": 0.0
    },
    {
        "case": 1,
        "collider1": {
            "type": "Cylinder",
            "collider2origin": [
                [
                    1.0,
                    0.0,
                    0.0,
                    0.36025
                ],
                [
                    0.0,
                    1.0,
                    0.0,
                    0.66562
                ],
                [
                    0.0,
                    0.0,
                    1.0,
                    -0.35
                ],
                [
                    0.0,
                    0.0,
                    0.0,
                    1.0
                ]
            ],
            "radius": 0.11,
            "height": 0.68
        },
        "collider2": {
            "type": "Box",
            "collider2origin": [
                [
                    0.9783729602297504,
                    -0.19041974557519317,
                    0.08078781582858954,
                    0.3609010378674759
                ],
                [
                    -0.18977448182432807,
                    -0.981702765831538,
                    -0.015662873523588947,
                    0.4939729037725709
                ],
                [
                    0.08229214263575349,
                    -7.333951611930139e-06,
                    -0.9966082496179879,
                    -0.17166135666980487
                ],
                [
                    0.0,
                    0.0,
                    0.0,
                    1.0
                ]
            ],
            "size": [
                0.15068,
                0.17726,
                0.74884
            ]
        },
        "distance": 0.0
    },
    {
        "case": 2,
        "collider1": {
            "type": "Box",
            "collider2origin": [
                [
                    0.9992356923808713,
                    0.039090038016362835,
                    0.0,
                    -0.10710036334624623
                ],
                [
                    -0.039090038016362835,
                    0.9992356923808713,
                    0.0,
                    0.41486694795461987
                ],
                [
                    0.0,
                    0.0,
                    1.0,
                    -0.40439
                ],
                [
                    0.0,
                    0.0,
                    0.0,
                    1.0
                ]
            ],
            "size": [
                0.08,
                1.0,
                0.812
            ]
        },
        "collider2": {
            "type": "Box",
            "collider2origin": [
                [
                    0.023975704525686342,
                    -0.19041643740302328,
                    0.9814105898956041,
                    -0.10764166281773768
                ],
                [
                    -0.004654287638560135,
                    -0.9817034075282517,
                    -0.1903595473150653,
                    0.5997076627995717
                ],
                [
                    0.9997017071102132,
                    -3.762916833704938e-06,
                    -0.024423283701540417,
                    -0.22022991234155642
                ],
                [
                    0.0,
                    0.0,
                    0.0,
                    1.0
                ]
            ],
            "size": [
                0.09102,
                0.10007,
                0.11882
            ]
        },
        "distance": 0.0
    },
    {
        "case": 3,
        "collider1": {
            "type": "Box",
            "collider2origin": [
                [
                    0.9992356923808713,
                    0.039090038016362835,
                    0.0,
                    -0.7387332447251884
                ],
                [
                    -0.039090038016362835,
                    0.9992356923808713,
                    0.0,
                    0.6397293653589854
                ],
                [
                    0.0,
                    0.0,
                    1.0,
                    -0.40439
                ],
                [
                    0.0,
                    0.0,
                    0.0,
                    1.0
                ]
            ],
            "size": [
                1.2,
                1.4,
                0.812
            ]
        },
        "collider2": {
            "type": "Box",
            "collider2origin": [
                [
                    0.023975704525686342,
                    -0.19041643740302328,
                    0.9814105898956041,
                    -0.10764166281773768
                ],
                [
                    -0.004654287638560135,
                    -0.9817034075282517,
                    -0.1903595473150653,
                    0.5997076627995717
                ],
                [
                    0.9997017071102132,
                    -3.762916833704938e-06,
                    -0.024423283701540417,
                    -0.22022991234155642
                ],
                [
                    0.0,
                    0.0,
                    0.0,
                    1.0
                ]
            ],
            "size": [
                0.09102,
                0.10007,
                0.11882
            ]
        },
        "distance": 0.0
    },
    {
        "case": 4,
        "collider1": {
            "type": "Box",
            "collider2origin": [
                [
                    0.9992356923808713,
                    0.039090038016362835,
                    0.0,
                    -0.10710036334624623
                ],
                [
                    -0.039090038016362835,
                    0.9992356923808713,
                    0.0,
                    0.41486694795461987
                ],
                [
                    0.0,
                    0.0,
                    1.0,
                    -0.40439
                ],
                [
                    0.0,
                    0.0,
                    0.0,
                    1.0
                ]
            ],
            "size": [
                0.08,
                1.0,
                0.812
            ]
        },
        "collider2": {
            "type": "Cylinder",
            "collider2origin": [
                [
                    0.794802133427157,
                    0.5589431245353457,
                    0.23637290926479848,
                    -0.0687968389656981
                ],
                [
                    0.1900261892228541,
                    -0.5991279293435734,
                    0.7777761706878925,
                    0.4371252764200481
                ],
                [
                    0.576350254714162,
                    -0.5732611166084326,
                    -0.5824019883858341,
                    0.006178547482608154
                ],
                [
                    0.0,
                    0.0,
                    0.0,
                    1.0
                ]
            ],
            "radius": 0.0076,
            "height": 0.02993
        },
        "distance": 0.0
    },
    {
        "case": 5,
        "collider1": {
            "type": "Box",
            "collider2origin": [
                [
                    0.9992356923808713,
                    0.039090038016362835,
                    0.0,
                    -0.10710036334624623
                ],
                [
                    -0.039090038016362835,
                    0.9992356923808713,
                    0.0,
                    0.41486694795461987
                ],
                [
                    0.0,
                    0.0,
                    1.0,
                    -0.40439
                ],
                [
                    0.0,
                    0.0,
                    0.0,
                    1.0
                ]
            ],
            "size": [
                0.08,
                1.0,
                0.812
            ]
        },
        "collider2": {
            "type": "Box",
            "collider2origin": [
                [
                    -0.40966688115378846,
                    -0.07867065267307301,
                    0.908836605168234,
                    -0.0025599609687607106
                ],
                [
                    0.7972409418713767,
                    -0.5150948103235979,
                    0.31477645557083317,
                    0.5349897239332707
                ],
                [
                    0.44337334954840024,
                    0.8535152399258545,
                    0.27373674967848727,
                    -0.15694568844847223
                ],
                [
                    0.0,
                    0.0,
                    0.0,
                    1.0
                ]
            ],
            "size": [
                0.08993,
                0.0305,
                0.09007
            ]
        },
        "distance": 0.0
    },
    {
        "case": 6,
        "collider1": {
            "type": "Box",
            "collider2origin": [
                [
                    0.9992356923808713,
                    0.039090038016362835,
                    0.0,
                    -0.10710036334624623
                ],
                [
                    -0.039090038016362835,
                    0.9992356923808713,
                    0.0,
                    0.41486694795461987
                ],
                [
                    0.0,
                    0.0,
                    1.0,
                    -0.40439
                ],
                [
                    0.0,
                    0.0,
                    0.0,
                    1.0
                ]
            ],
            "size": [
                0.08,
                1.0,
                0.812
            ]
        },
        "collider2": {
            "type": "Box",
            "collider2origin": [
                [
                    0.17505491821880528,
                    -0.07867038609394189,
                    0.9814105898956041,
                    -0.0012387458425026088
                ],
                [
                    0.8357264310982596,
                    -0.5150966657917416,
                    -0.1903595473150653,
                    0.5739125083132995
                ],
                [
                    0.5204969817118761,
                    0.8535141447228985,
                    -0.024423283701540417,
                    -0.22083105729211183
                ],
                [
                    0.0,
                    0.0,
                    0.0,
                    1.0
                ]
            ],
            "size": [
                0.09126,
                0.11887,
                0.10009
            ]
        },
        "distance": 0.00014761074097732627
    },
    {
        "case": 7,
        "collider1": {
            "type": "Box",
            "collider2origin": [
                [
                    0.9992356923808713,
                    0.039090038016362835,
                    0.0,
                    -0.10710036334624623
                ],
                [
                    -0.039090038016362835,
                    0.9992356923808713,
                    0.0,
                    0.41486694795461987
                ],
                [
                    0.0,
                    0.0,
                    1.0,
                    -0.40439
                ],
                [
                    0.0,
                    0.0,
                    0.0,
                    1.0
                ]
            ],
            "size": [
                0.08,
                1.0,
                0.812
            ]
        },
        "collider2": {
            "type": "Cylinder",
            "collider2origin": [
                [
                    0.7922286564125979,
                    0.429155949913093,
                    0.4338190021343928,
                    -0.06036716338734954
                ],
                [
                    0.19664322925371838,
                    -0.8525355049008799,
                    0.48426713007602595,
                    0.45420536438361625
                ],
                [
                    0.577672222239705,
                    -0.29834272831358205,
                    -0.7597936694360178,
                    -0.011588989341627665
                ],
                [
                    0.0,
                    0.0,
                    0.0,
                    1.0
                ]
            ],
            "radius": 0.00783,
            "height": 0.03044
        },
        "distance": 0.0
    },
    {
        "case": 8,
        "collider1": {
            "type": "Box",
            "collider2origin": [
                [
                    0.9992356923808713,
                    0.039090038016362835,
                    0.0,
                    -0.10710036334624623
                ],
                [
                    -0.039090038016362835,
                    0.9992356923808713,
                    0.0,
                    0.41486694795461987
                ],
                [
                    0.0,
                    0.0,
                    1.0,
                    -0.40439
                ],
                [
                    0.0,
                    0.0,
                    0.0,
                    1.0
                ]
            ],
            "size": [
                0.08,
                1.0,
                0.812
            ]
        },
        "collider2": {
            "type": "Box",
            "collider2origin": [
                [
                    0.8939564523681915,
                    -0.22804974355479787,
                    0.3857916221665112,
                    -0.022148924184655694
                ],
                [
                    0.30986011848784967,
                    -0.30739891377965334,
                    -0.8997180751645398,
                    0.48341552072366667
                ],
                [
                    0.3237724019121658,
                    0.9238502163617648,
                    -0.20413772186528115,
                    -0.03464789958102743
                ],
                [
                    0.0,
                    0.0,
                    0.0,
                    1.0
                ]
            ],
            "size": [
                0.07264,
                0.04753,
                0.03326
            ]
        },
        "distance": 0.0
    },
    {
        "case": 9,
        "collider1": {
            "type": "Cylinder",
            "collider2origin": [
                [
                    1.0,
                    0.0,
                    0.0,
                    0.36025
                ],
                [
                    0.0,
                    1.0,
                    0.0,
                    0.66562
                ],
                [
                    0.0,
                    0.0,
                    1.0,
                    -0.35
                ],
                [
                    0.0,
                    0.0,
                    0.0,
                    1.0
                ]
            ],
            "radius": 0.11,
            "height": 0.68
        },
        "collider2": {
            "type": "Box",
            "collider2origin": [
                [
                    -0.45055649950430715,
                    -0.19042324610540523,
                    -0.872202859486889,
                    0.16573958736464894
                ],
                [
                    0.08739738667808421,
                    -0.9817020868566647,
                    0.1691824738650869,
                    0.6605236523829862
                ],
                [
                    -0.8884596431781617,
                    -1.9873701738861294e-06,
                    0.45895474988258217,
                    -0.3538766412724871
                ],
                [
                    0.0,
                    0.0,
                    0.0,
                    1.0
                ]
            ],
            "size": [
                0.1202,
                0.13634,
                0.67816
            ]
        },
        "distance": 0.0
    },
    {
        "case": 10,
        "collider1": {
            "type": "Box",
            "collider2origin": [
                [
                    0.9992356923808713,
                    0.039090038016362835,
                    0.0,
                    -0.10710036334624623
                ],
                [
                    -0.039090038016362835,
                    0.9992356923808713,
                    0.0,
                    0.41486694795461987
                ],
                [
                    0.0,
                    0.0,
                    1.0,
                    -0.40439
                ],
                [
                    0.0,
                    0.0,
                    0.0,
                    1.0
                ]
            ],
            "size": [
                0.08,
                1.0,
                0.812
            ]
        },
        "collider2": {
            "type": "Box",
            "collider2origin": [
                [
                    -0.45055649950430715,
                    -0.19042324610540523,
                    -0.872202859486889,
                    0.16573958736464894
                ],
                [
                    0.08739738667808421,
                    -0.9817020868566647,
                    0.1691824738650869,
                    0.6605236523829862
                ],
                [
                    -0.8884596431781617,
                    -1.9873701738861294e-06,
                    0.45895474988258217,
                    -0.3538766412724871
                ],
                [
                    0.0,
                    0.0,
                    0.0,
                    1.0
                ]
            ],
            "size": [
                0.1202,
                0.13634,
                0.67816
            ]
        },
        "distance": 0.0
    },
    {
        "case": 11,
        "collider1": {
            "type": "Box",
            "collider2origin": [
                [
                    0.9992356923808713,
                    0.039090038016362835,
                    0.0,
                    -0.7387332447251884
                ],
                [
                    -0.039090038016362835,
                    0.9992356923808713,
                    0.0,
                    0.6397293653589854
                ],
                [
                    0.0,
                    0.0,
                    1.0,
                    -0.40439
                ],
                [
                    0.0,
                    0.0,
                    0.0,
                    1.0
                ]
            ],
            "size": [
                1.2,
                1.4,
                0.812
            ]
        },
        "collider2": {
            "type": "Box",
            "collider2origin": [
                [
                    -0.45055649950430715,
                    -0.19042324610540523,
                    -0.872202859486889,
                    0.16573958736464894
                ],
                [
                    0.08739738667808421,
                    -0.9817020868566647,
                    0.1691824738650869,
                    0.6605236523829862
                ],
                [
                    -0.8884596431781617,
                    -1.9873701738861294e-06,
                    0.45895474988258217,
                    -0.3538766412724871
                ],
                [
                    0.0,
                    0.0,
                    0.0,
                    1.0
                ]
            ],
            "size": [
                0.1202,
                0.13634,
                0.67816
            ]
        },
        "distance": 0.0
    },
    {
        "case": 12,
        "collider1": {
            "type": "Box",
            "collider2origin": [
                [
                    0.9992356923808713,
                    0.039090038016362835,
                    0.0,
                    -0.10710036334624623
                ],
                [
                    -0.039090038016362835,
                    0.9992356923808713,
                    0.0,
                    0.41486694795461987
                ],
                [
                    0.0,
                    0.0,
                    1.0,
                    -0.40439
                ],
                [
                    0.0,
                    0.0,
                    0.0,
                    1.0
                ]
            ],
            "size": [
                0.08,
                1.0,
                0.812
            ]
        },
        "collider2": {
            "type": "Box",
            "collider2origin": [
                [
                    0.9549490207185102,
                    -0.22805077763196294,
                    0.18990842701211405,
                    -0.011167514472340212
                ],
                [
                    0.11445356515437753,
                    -0.30740375425571786,
                    -0.9446710079667642,
                    0.49657378083459575
                ],
                [
                    0.2738115214015127,
                    0.9238483504834257,
                    -0.267453689555485,
                    -0.08298695761470654
                ],
                [
                    0.0,
                    0.0,
                    0.0,
                    1.0
                ]
            ],
            "size": [
                0.06241,
                0.05638,
                0.02858
            ]
        },
        "distance": 0.013704303827174757
    }
]