[
    {
        "case": 0,
        "collider1": {
            "type": "Box",
            "collider2origin": [
                [
                    0.9987652092017612,
                    0.049679541947991616,
                    0.0,
                    0.36025
                ],
                [
                    -0.049679541947991616,
                    0.9987652092017612,
                    0.0,
                    0.66562
                ],
                [
                    0.0,
                    0.0,
                    1.0,
                    1.13
                ],
                [
                    0.0,
                    0.0,
                    0.0,
                    1.0
                ]
            ],
            "size": [
                2.0,
                2.0,
                0.05
            ]
        },
        "collider2": {
            "type": "Box",
            "collider2origin": [
                [
                    -0.032426641433476046,
                    -0.9960858927010517,
                    -0.08222777685972776,
                    0.42327738112716373
                ],
                [
                    0.9702192166228338,
                    -0.011611380574545159,
                    -0.24195009307071563,
                    1.3426148308701542
                ],
                [
                    0.24004829643452938,
                    -0.0876245981622825,
                    0.9667981925799088,
                    1.1257827665763163
                ],
                [
                    0.0,
                    0.0,
                    0.0,
                    1.0
                ]
            ],
            "size": [
                0.09126,
                0.11887,
                0.10009
            ]
        },
        "distance": 0.0
    },
    {
        "case": 1,
        "collider1": {
            "type": "Box",
            "collider2origin": [
                [
                    1.0,
                    0.0,
                    0.0,
                    0.20085
                ],
                [
                    0.0,
                    1.0,
                    0.0,
                    1.45633
                ],
                [
                    0.0,
                    0.0,
                    1.0,
                    1.2812099999999997
                ],
                [
                    0.0,
                    0.0,
                    0.0,
                    1.0
                ]
            ],
            "size": [
                0.1,
                0.22,
                0.5
            ]
        },
        "collider2": {
            "type": "Sphere",
            "collider2origin": [
                [
                    1.0,
                    0.0,
                    0.0,
                    0.17590197482955702
                ],
                [
                    0.0,
                    1.0,
                    0.0,
                    1.3946510699603456
                ],
                [
                    0.0,
                    0.0,
                    1.0,
                    1.126732264037675
                ],
                [
                    0.0,
                    0.0,
                    0.0,
                    1.0
                ]
            ],
            "radius": 0.01051
        },
        "distance": 0.0
    },
    {
        "case": 2,
        "collider1": {
            "type": "Box",
            "collider2origin": [
                [
                    0.9987652092017612,
                    0.049679541947991616,
                    0.0,
                    0.36025
                ],
                [
                    -0.049679541947991616,
                    0.9987652092017612,
                    0.0,
                    0.66562
                ],
                [
                    0.0,
                    0.0,
                    1.0,
                    1.13
                ],
                [
                    0.0,
                    0.0,
                    0.0,
                    1.0
                ]
            ],
            "size": [
                2.0,
                2.0,
                0.05
            ]
        },
        "collider2": {
            "type": "Sphere",
            "collider2origin": [
                [
                    1.0,
                    0.0,
                    0.0,
                    0.17590197482955702
                ],
                [
                    0.0,
                    1.0,
                    0.0,
                    1.3946510699603456
                ],
                [
                    0.0,
                    0.0,
                    1.0,
                    1.126732264037675
                ],
                [
                    0.0,
                    0.0,
                    0.0,
                    1.0
                ]
            ],
            "radius": 0.01051
        },
        "distance": 0.0
    },
    {
        "case": 3,
        "collider1": {
            "type": "Box",
            "collider2origin": [
                [
                    0.9987652092017612,
                    0.049679541947991616,
                    0.0,
                    0.36025
                ],
                [
                    -0.049679541947991616,
                    0.9987652092017612,
                    0.0,
                    0.66562
                ],
                [
                    0.0,
                    0.0,
                    1.0,
                    1.13
                ],
                [
                    0.0,
                    0.0,
                    0.0,
                    1.0
                ]
            ],
            "size": [
                2.0,
                2.0,
                0.05
            ]
        },
        "collider2": {
            "type": "Box",
            "collider2origin": [
                [
                    0.07376381337060965,
                    -0.9960854117364136,
                    0.04871090599572894,
                    0.34862888586918106
                ],
                [
                    -0.6554310123118402,
                    -0.011607717963203722,
                    0.7551658420397224,
                    1.3415143951745616
                ],
                [
                    -0.7516442562388819,
                    -0.08763055066348487,
                    -0.6537214993049503,
                    1.1222346019736582
                ],
                [
                    0.0,
                    0.0,
                    0.0,
                    1.0
                ]
            ],
            "size": [
                0.08993,
                0.0305,
                0.09007
            ]
        },
        "distance": 0.0
    },
    {
        "case": 4,
        "collider1": {
            "type": "Box",
            "collider2origin": [
                [
                    0.9987652092017612,
                    0.049679541947991616,
                    0.0,
                    0.36025
                ],
                [
                    -0.049679541947991616,
                    0.9987652092017612,
                    0.0,
                    0.66562
                ],
                [
                    0.0,
                    0.0,
                    1.0,
                    1.13
                ],
                [
                    0.0,
                    0.0,
                    0.0,
                    1.0
                ]
            ],
            "size": [
                2.0,
                2.0,
                0.05
            ]
        },
        "collider2": {
            "type": "Sphere",
            "collider2origin": [
                [
                    1.0,
                    0.0,
                    0.0,
                    0.1541014875981817
                ],
                [
                    0.0,
                    1.0,
                    0.0,
                    1.3232647396063009
                ],
                [
                    0.0,
                    0.0,
                    1.0,
                    1.1524444659369637
                ],
                [
                    0.0,
                    0.0,
                    0.0,
                    1.0
                ]
            ],
            "radius": 0.00484
        },
        "distance": 0.0
    },
    {
        "case": 5,
        "collider1": {
            "type": "Box",
            "collider2origin": [
                [
                    1.0,
                    0.0,
                    0.0,
                    0.20085
                ],
                [
                    0.0,
                    1.0,
                    0.0,
                    1.45633
                ],
                [
                    0.0,
                    0.0,
                    1.0,
                    1.2812099999999997
                ],
                [
                    0.0,
                    0.0,
                    0.0,
                    1.0
                ]
            ],
            "size": [
                0.1,
                0.22,
                0.5
            ]
        },
        "collider2": {
            "type": "Cylinder",
            "collider2origin": [
                [
                    0.293552447000068,
                    0.2099913330803038,
                    0.9325934810470361,
                    0.21152388778279343
                ],
                [
                    0.9550768121527446,
                    -0.022905840622804003,
                    -0.2954718351273321,
                    1.386133268243811
                ],
                [
                    -0.04068468690334292,
                    0.9774348891340641,
                    -0.20728191854345926,
                    1.119368204595367
                ],
                [
                    0.0,
                    0.0,
                    0.0,
                    1.0
                ]
            ],
            "radius": 0.01271,
            "height": 0.05982
        },
        "distance": 0.0
    },
    {
        "case": 6,
        "collider1": {
            "type": "Box",
            "collider2origin": [
                [
                    0.9987652092017612,
                    0.049679541947991616,
                    0.0,
                    0.36025
                ],
                [
                    -0.049679541947991616,
                    0.9987652092017612,
                    0.0,
                    0.66562
                ],
                [
                    0.0,
                    0.0,
                    1.0,
                    1.13
                ],
                [
                    0.0,
                    0.0,
                    0.0,
                    1.0
                ]
            ],
            "size": [
                2.0,
                2.0,
                0.05
            ]
        },
        "collider2": {
            "type": "Cylinder",
            "collider2origin": [
                [
                    0.293552447000068,
                    0.2099913330803038,
                    0.9325934810470361,
                    0.21152388778279343
                ],
                [
                    0.9550768121527446,
                    -0.022905840622804003,
                    -0.2954718351273321,
                    1.386133268243811
                ],
                [
                    -0.04068468690334292,
                    0.9774348891340641,
                    -0.20728191854345926,
                    1.119368204595367
                ],
                [
                    0.0,
                    0.0,
                    0.0,
                    1.0
                ]
            ],
            "radius": 0.01271,
            "height": 0.05982
        },
        "distance": 0.0
    },
    {
        "case": 7,
        "collider1": {
            "type": "Box",
            "collider2origin": [
                [
                    1.0,
                    0.0,
                    0.0,
                    0.20085
                ],
                [
                    0.0,
                    1.0,
                    0.0,
                    1.45633
                ],
                [
                    0.0,
                    0.0,
                    1.0,
                    1.2812099999999997
                ],
                [
                    0.0,
                    0.0,
                    0.0,
                    1.0
                ]
            ],
            "size": [
                0.1,
                0.22,
                0.5
            ]
        },
        "collider2": {
            "type": "Cylinder",
            "collider2origin": [
                [
                    0.273441563609763,
                    0.1212306292673085,
                    0.9542184476408428,
                    0.1977083414837435
                ],
                [
                    0.961845848363303,
                    -0.04381615583023332,
                    -0.2700605644564535,
                    1.3890989162982836
                ],
                [
                    0.009070572028574161,
                    0.9916568353093286,
                    -0.1285863356168194,
                    1.123872392876934
                ],
                [
                    0.0,
                    0.0,
                    0.0,
                    1.0
                ]
            ],
            "radius": 0.01169,
            "height": 0.05502
        },
        "distance": 0.0
    },
    {
        "case": 8,
        "collider1": {
            "type": "Box",
            "collider2origin": [
                [
                    0.9987652092017612,
                    0.049679541947991616,
                    0.0,
                    0.36025
                ],
                [
                    -0.049679541947991616,
                    0.9987652092017612,
                    0.0,
                    0.66562
                ],
                [
                    0.0,
                    0.0,
                    1.0,
                    1.13
                ],
                [
                    0.0,
                    0.0,
                    0.0,
                    1.0
                ]
            ],
            "size": [
                2.0,
                2.0,
                0.05
            ]
        },
        "collider2": {
            "type": "Cylinder",
            "collider2origin": [
                [
                    0.273441563609763,
                    0.1212306292673085,
                    0.9542184476408428,
                    0.1977083414837435
                ],
                [
                    0.961845848363303,
                    -0.04381615583023332,
                    -0.2700605644564535,
                    1.3890989162982836
                ],
                [
                    0.009070572028574161,
                    0.9916568353093286,
                    -0.1285863356168194,
                    1.123872392876934
                ],
                [
                    0.0,
                    0.0,
                    0.0,
                    1.0
                ]
            ],
            "radius": 0.01169,
            "height": 0.05502
        },
        "distance": 0.0
    },
    {
        "case": 9,
        "collider1": {
            "type": "Box",
            "collider2origin": [
                [
                    0.9987652092017612,
                    0.049679541947991616,
                    0.0,
                    0.36025
                ],
                [
                    -0.049679541947991616,
                    0.9987652092017612,
                    0.0,
                    0.66562
                ],
                [
                    0.0,
                    0.0,
                    1.0,
                    1.13
                ],
                [
                    0.0,
                    0.0,
                    0.0,
                    1.0
                ]
            ],
            "size": [
                2.0,
                2.0,
                0.05
            ]
        },
        "collider2": {
            "type": "Sphere",
            "collider2origin": [
                [
                    1.0,
                    0.0,
                    0.0,
                    0.14042432826222695
                ],
                [
                    0.0,
                    1.0,
                    0.0,
                    1.3685296873502901
                ],
                [
                    0.0,
                    0.0,
                    1.0,
                    1.1303866698413865
                ],
                [
                    0.0,
                    0.0,
                    0.0,
                    1.0
                ]
            ],
            "radius": 0.00563
        },
        "distance": 0.0
    },
    {
        "case": 10,
        "collider1": {
            "type": "Box",
            "collider2origin": [
                [
                    0.9987652092017612,
                    0.049679541947991616,
                    0.0,
                    0.36025
                ],
                [
                    -0.049679541947991616,
                    0.9987652092017612,
                    0.0,
                    0.66562
                ],
                [
                    0.0,
                    0.0,
                    1.0,
                    1.13
                ],
                [
                    0.0,
                    0.0,
                    0.0,
                    1.0
                ]
            ],
            "size": [
                2.0,
                2.0,
                0.05
            ]
        },
        "collider2": {
            "type": "Sphere",
            "collider2origin": [
                [
                    1.0,
                    0.0,
                    0.0,
                    0.131573142324739
                ],
                [
                    0.0,
                    1.0,
                    0.0,
                    1.377864574875021
                ],
                [
                    0.0,
                    0.0,
                    1.0,
                    1.1017347177484096
                ],
                [
                    0.0,
                    0.0,
                    0.0,
                    1.0
                ]
            ],
            "radius": 0.00663
        },
        "distance": 0.0
    },
    {
        "case": 11,
        "collider1": {
            "type": "Box",
            "collider2origin": [
                [
                    1.0,
                    0.0,
                    0.0,
                    0.20085
                ],
                [
                    0.0,
                    1.0,
                    0.0,
                    1.45633
                ],
                [
                    0.0,
                    0.0,
                    1.0,
                    1.2812099999999997
                ],
                [
                    0.0,
                    0.0,
                    0.0,
                    1.0
                ]
            ],
            "size": [
                0.1,
                0.22,
                0.5
            ]
        },
        "collider2": {
            "type": "Box",
            "collider2origin": [
                [
                    -0.0647211798630181,
                    -0.9444874743386272,
                    -0.3221095771543888,
                    0.2658020333302171
                ],
                [
                    0.8550903148389961,
                    -0.21888793323215322,
                    0.4700091766698843,
                    1.3370633327490724
                ],
                [
                    -0.5144236798065237,
                    -0.24501323128108166,
                    0.8217887770902674,
                    1.1104164350349084
                ],
                [
                    0.0,
                    0.0,
                    0.0,
                    1.0
                ]
            ],
            "size": [
                0.06241,
                0.05638,
                0.02858
            ]
        },
        "distance": 0.0
    },
    {
        "case": 12,
        "collider1": {
            "type": "Box",
            "collider2origin": [
                [
                    0.9987652092017612,
                    0.049679541947991616,
                    0.0,
                    0.36025
                ],
                [
                    -0.049679541947991616,
                    0.9987652092017612,
                    0.0,
                    0.66562
                ],
                [
                    0.0,
                    0.0,
                    1.0,
                    1.13
                ],
                [
                    0.0,
                    0.0,
                    0.0,
                    1.0
                ]
            ],
            "size": [
                2.0,
                2.0,
                0.05
            ]
        },
        "collider2": {
            "type": "Box",
            "collider2origin": [
                [
                    -0.0647211798630181,
                    -0.9444874743386272,
                    -0.3221095771543888,
                    0.2658020333302171
                ],
                [
                    0.8550903148389961,
                    -0.21888793323215322,
                    0.4700091766698843,
                    1.3370633327490724
                ],
                [
                    -0.5144236798065237,
                    -0.24501323128108166,
                    0.8217887770902674,
                    1.1104164350349084
                ],
                [
                    0.0,
                    0.0,
                    0.0,
                    1.0
                ]
            ],
            "size": [
                0.06241,
                0.05638,
                0.02858
            ]
        },
        "distance": 0.0
    },
    {
        "case": 13,
        "collider1": {
            "type": "Box",
            "collider2origin": [
                [
                    1.0,
                    0.0,
                    0.0,
                    0.20085
                ],
                [
                    0.0,
                    1.0,
                    0.0,
                    1.45633
                ],
                [
                    0.0,
                    0.0,
                    1.0,
                    1.2812099999999997
                ],
                [
                    0.0,
                    0.0,
                    0.0,
                    1.0
                ]
            ],
            "size": [
                0.1,
                0.22,
                0.5
            ]
        },
        "collider2": {
            "type": "Cylinder",
            "collider2origin": [
                [
                    0.0487129195674686,
                    0.5138210141500834,
                    0.8565132905477838,
                    0.16909798685144486
                ],
                [
                    0.7551664580365932,
                    0.5423056716149696,
                    -0.36827731289166116,
                    1.3408904284546752
                ],
                [
                    -0.6537206376761245,
                    0.6647499710056524,
                    -0.3616031027581268,
                    1.1005950607742325
                ],
                [
                    0.0,
                    0.0,
                    0.0,
                    1.0
                ]
            ],
            "radius": 0.00683,
            "height": 0.01183
        },
        "distance": 0.0
    },
    {
        "case": 14,
        "collider1": {
            "type": "Box",
            "collider2origin": [
                [
                    0.9987652092017612,
                    0.049679541947991616,
                    0.0,
                    0.36025
                ],
                [
                    -0.049679541947991616,
                    0.9987652092017612,
                    0.0,
                    0.66562
                ],
                [
                    0.0,
                    0.0,
                    1.0,
                    1.13
                ],
                [
                    0.0,
                    0.0,
                    0.0,
                    1.0
                ]
            ],
            "size": [
                2.0,
                2.0,
                0.05
            ]
        },
        "collider2": {
            "type": "Cylinder",
            "collider2origin": [
                [
                    0.0487129195674686,
                    0.5138210141500834,
                    0.8565132905477838,
                    0.16909798685144486
                ],
                [
                    0.7551664580365932,
                    0.5423056716149696,
                    -0.36827731289166116,
                    1.3408904284546752
                ],
                [
                    -0.6537206376761245,
                    0.6647499710056524,
                    -0.3616031027581268,
                    1.1005950607742325
                ],
                [
                    0.0,
                    0.0,
                    0.0,
                    1.0
                ]
            ],
            "radius": 0.00683,
            "height": 0.01183
        },
        "distance": 0.0
    },
    {
        "case": 15,
        "collider1": {
            "type": "Box",
            "collider2origin": [
                [
                    1.0,
                    0.0,
                    0.0,
                    0.20085
                ],
                [
                    0.0,
                    1.0,
                    0.0,
                    1.45633
                ],
                [
                    0.0,
                    0.0,
                    1.0,
                    1.2812099999999997
                ],
                [
                    0.0,
                    0.0,
                    0.0,
                    1.0
                ]
            ],
            "size": [
                0.1,
                0.22,
                0.5
            ]
        },
        "collider2": {
            "type": "Cylinder",
            "collider2origin": [
                [
                    0.0487129195674686,
                    0.8709410762407491,
                    0.4889669653297841,
                    0.14887919557086926
                ],
                [
                    0.7551664580365932,
                    0.2882931466557415,
                    -0.58873651343177,
                    1.3558394359088148
                ],
                [
                    -0.6537206376761245,
                    0.3979305257302284,
                    -0.6436618868384114,
                    1.1163572102243746
                ],
                [
                    0.0,
                    0.0,
                    0.0,
                    1.0
                ]
            ],
            "radius": 0.00813,
            "height": 0.03824
        },
        "distance": 0.0
    },
    {
        "case": 16,
        "collider1": {
            "type": "Box",
            "collider2origin": [
                [
                    0.9987652092017612,
                    0.049679541947991616,
                    0.0,
                    0.36025
                ],
                [
                    -0.049679541947991616,
                    0.9987652092017612,
                    0.0,
                    0.66562
                ],
                [
                    0.0,
                    0.0,
                    1.0,
                    1.13
                ],
                [
                    0.0,
                    0.0,
                    0.0,
                    1.0
                ]
            ],
            "size": [
                2.0,
                2.0,
                0.05
            ]
        },
        "collider2": {
            "type": "Cylinder",
            "collider2origin": [
                [
                    0.0487129195674686,
                    0.8709410762407491,
                    0.4889669653297841,
                    0.14887919557086926
                ],
                [
                    0.7551664580365932,
                    0.2882931466557415,
                    -0.58873651343177,
                    1.3558394359088148
                ],
                [
                    -0.6537206376761245,
                    0.3979305257302284,
                    -0.6436618868384114,
                    1.1163572102243746
                ],
                [
                    0.0,
                    0.0,
                    0.0,
                    1.0
                ]
            ],
            "radius": 0.00813,
            "height": 0.03824
        },
        "distance": 0.0
    },
    {
        "case": 17,
        "collider1": {
            "type": "Box",
            "collider2origin": [
                [
                    1.0,
                    0.0,
                    0.0,
                    0.20085
                ],
                [
                    0.0,
                    1.0,
                    0.0,
                    1.45633
                ],
                [
                    0.0,
                    0.0,
                    1.0,
                    1.2812099999999997
                ],
                [
                    0.0,
                    0.0,
                    0.0,
                    1.0
                ]
            ],
            "size": [
                0.1,
                0.22,
                0.5
            ]
        },
        "collider2": {
            "type": "Cylinder",
            "collider2origin": [
                [
                    0.15015093562621903,
                    0.6987291047904998,
                    0.6994514526750495,
                    0.1450232026536897
                ],
                [
                    0.7973964473082585,
                    0.33265451481076236,
                    -0.5034877154372123,
                    1.3681758959324715
                ],
                [
                    -0.5844772043037594,
                    0.6333392549768899,
                    -0.5072157191517026,
                    1.0900132853489213
                ],
                [
                    0.0,
                    0.0,
                    0.0,
                    1.0
                ]
            ],
            "radius": 0.00796,
            "height": 0.03037
        },
        "distance": 0.0
    },
    {
        "case": 18,
        "collider1": {
            "type": "Box",
            "collider2origin": [
                [
                    0.9987652092017612,
                    0.049679541947991616,
                    0.0,
                    0.36025
                ],
                [
                    -0.049679541947991616,
                    0.9987652092017612,
                    0.0,
                    0.66562
                ],
                [
                    0.0,
                    0.0,
                    1.0,
                    1.13
                ],
                [
                    0.0,
                    0.0,
                    0.0,
                    1.0
                ]
            ],
            "size": [
                2.0,
                2.0,
                0.05
            ]
        },
        "collider2": {
            "type": "Sphere",
            "collider2origin": [
                [
                    1.0,
                    0.0,
                    0.0,
                    0.1260533196134962
                ],
                [
                    0.0,
                    1.0,
                    0.0,
                    1.323568912037198
                ],
                [
                    0.0,
                    0.0,
                    1.0,
                    1.122314368470542
                ],
                [
                    0.0,
                    0.0,
                    0.0,
                    1.0
                ]
            ],
            "radius": 0.00487
        },
        "distance": 0.0
    },
    {
        "case": 19,
        "collider1": {
            "type": "Box",
            "collider2origin": [
                [
                    0.9987652092017612,
                    0.049679541947991616,
                    0.0,
                    0.36025
                ],
                [
                    -0.049679541947991616,
                    0.9987652092017612,
                    0.0,
                    0.66562
                ],
                [
                    0.0,
                    0.0,
                    1.0,
                    1.13
                ],
                [
                    0.0,
                    0.0,
                    0.0,
                    1.0
                ]
            ],
            "size": [
                2.0,
                2.0,
                0.05
            ]
        },
        "collider2": {
            "type": "Cylinder",
            "collider2origin": [
                [
                    -0.11521092008097172,
                    0.568319595228766,
                    0.8147019587389654,
                    0.1386799927393178
                ],
                [
                    0.7173359782276322,
                    0.6149420465351308,
                    -0.3275291952534774,
                    1.3176120831365081
                ],
                [
                    -0.687135749495179,
                    0.5466800865974505,
                    -0.47852413176714703,
                    1.1134811858492237
                ],
                [
                    0.0,
                    0.0,
                    0.0,
                    1.0
                ]
            ],
            "radius": 0.0076,
            "height": 0.02993
        },
        "distance": 0.0
    },
    {
        "case": 20,
        "collider1": {
            "type": "Box",
            "collider2origin": [
                [
                    0.9987652092017612,
                    0.049679541947991616,
                    0.0,
                    0.36025
                ],
                [
                    -0.049679541947991616,
                    0.9987652092017612,
                    0.0,
                    0.66562
                ],
                [
                    0.0,
                    0.0,
                    1.0,
                    1.13
                ],
                [
                    0.0,
                    0.0,
                    0.0,
                    1.0
                ]
            ],
            "size": [
                2.0,
                2.0,
                0.05
            ]
        },
        "collider2": {
            "type": "Cylinder",
            "collider2origin": [
                [
                    -0.2933553712496655,
                    0.7234970859831746,
                    0.6248956654777061,
                    0.16189639925477953
                ],
                [
                    0.6503782685371288,
                    0.630114553810249,
                    -0.4242213536482542,
                    1.3169455299815627
                ],
                [
                    -0.7006787666067934,
                    0.281970948238228,
                    -0.6553942709362183,
                    1.1419746215262547
                ],
                [
                    0.0,
                    0.0,
                    0.0,
                    1.0
                ]
            ],
            "radius": 0.0076,
            "height": 0.02993
        },
        "distance": 0.0
    },
    {
        "case": 21,
        "collider1": {
            "type": "Box",
            "collider2origin": [
                [
                    0.9987652092017612,
                    0.049679541947991616,
                    0.0,
                    0.36025
                ],
                [
                    -0.049679541947991616,
                    0.9987652092017612,
                    0.0,
                    0.66562
                ],
                [
                    0.0,
                    0.0,
                    1.0,
                    1.13
                ],
                [
                    0.0,
                    0.0,
                    0.0,
                    1.0
                ]
            ],
            "size": [
                2.0,
                2.0,
                0.05
            ]
        },
        "collider2": {
            "type": "Cylinder",
            "collider2origin": [
                [
                    -0.11578672560033465,
                    0.05897309275157013,
                    0.9915218648653527,
                    0.17216618700168695
                ],
                [
                    0.7122889040744318,
                    0.7006581260202931,
                    0.0415055125757432,
                    1.312234471570454
                ],
                [
                    -0.6922701433018741,
                    0.7110558098862877,
                    -0.12313278978305219,
                    1.1023473326228013
                ],
                [
                    0.0,
                    0.0,
                    0.0,
                    1.0
                ]
            ],
            "radius": 0.00783,
            "height": 0.03683
        },
        "distance": 0.0
    },
    {
        "case": 22,
        "collider1": {
            "type": "Box",
            "collider2origin": [
                [
                    1.0,
                    0.0,
                    0.0,
                    0.20085
                ],
                [
                    0.0,
                    1.0,
                    0.0,
                    1.45633
                ],
                [
                    0.0,
                    0.0,
                    1.0,
                    1.2812099999999997
                ],
                [
                    0.0,
                    0.0,
                    0.0,
                    1.0
                ]
            ],
            "size": [
                0.1,
                0.22,
                0.5
            ]
        },
        "collider2": {
            "type": "Cylinder",
            "collider2origin": [
                [
                    0.15015093562621903,
                    0.2598955055960793,
                    0.95389151516382,
                    0.16731611587698045
                ],
                [
                    0.7973964473082585,
                    0.5385524312007197,
                    -0.27225022436714585,
                    1.3566097059435092
                ],
                [
                    -0.5844772043037594,
                    0.801508331222297,
                    -0.12637560140513424,
                    1.0799547134245344
                ],
                [
                    0.0,
                    0.0,
                    0.0,
                    1.0
                ]
            ],
            "radius": 0.00713,
            "height": 0.01426
        },
        "distance": 0.0
    },
    {
        "case": 23,
        "collider1": {
            "type": "Box",
            "collider2origin": [
                [
                    0.9987652092017612,
                    0.049679541947991616,
                    0.0,
                    0.36025
                ],
                [
                    -0.049679541947991616,
                    0.9987652092017612,
                    0.0,
                    0.66562
                ],
                [
                    0.0,
                    0.0,
                    1.0,
                    1.13
                ],
                [
                    0.0,
                    0.0,
                    0.0,
                    1.0
                ]
            ],
            "size": [
                2.0,
                2.0,
                0.05
            ]
        },
        "collider2": {
            "type": "Cylinder",
            "collider2origin": [
                [
                    -0.29545014795935043,
                    0.4223501226798139,
                    0.856930326189442,
                    0.1813701216421961
                ],
                [
                    0.6448807344754348,
                    0.7499570029125868,
                    -0.14728656450876088,
                    1.3088220658393557
                ],
                [
                    -0.7048673977233031,
                    0.5091020208707833,
                    -0.49394036479322323,
                    1.1267018461822609
                ],
                [
                    0.0,
                    0.0,
                    0.0,
                    1.0
                ]
            ],
            "radius": 0.00783,
            "height": 0.03044
        },
        "distance": 0.0
    },
    {
        "case": 24,
        "collider1": {
            "type": "Box",
            "collider2origin": [
                [
                    1.0,
                    0.0,
                    0.0,
                    0.20085
                ],
                [
                    0.0,
                    1.0,
                    0.0,
                    1.45633
                ],
                [
                    0.0,
                    0.0,
                    1.0,
                    1.2812099999999997
                ],
                [
                    0.0,
                    0.0,
                    0.0,
                    1.0
                ]
            ],
            "size": [
                0.1,
                0.22,
                0.5
            ]
        },
        "collider2": {
            "type": "Box",
            "collider2origin": [
                [
                    0.004213370269972274,
                    -0.9444860367739799,
                    -0.32852454071187387,
                    0.2181892747110515
                ],
                [
                    0.7376222296560939,
                    -0.21888846968405568,
                    0.6387497821185889,
                    1.3257032977340741
                ],
                [
                    -0.6752004841735089,
                    -0.24501829355856627,
                    0.6957516381536639,
                    1.0951072704224591
                ],
                [
                    0.0,
                    0.0,
                    0.0,
                    1.0
                ]
            ],
            "size": [
                0.07264,
                0.04753,
                0.03326
            ]
        },
        "distance": 0.0
    },
    {
        "case": 25,
        "collider1": {
            "type": "Box",
            "collider2origin": [
                [
                    0.9987652092017612,
                    0.049679541947991616,
                    0.0,
                    0.36025
                ],
                [
                    -0.049679541947991616,
                    0.9987652092017612,
                    0.0,
                    0.66562
                ],
                [
                    0.0,
                    0.0,
                    1.0,
                    1.13
                ],
                [
                    0.0,
                    0.0,
                    0.0,
                    1.0
                ]
            ],
            "size": [
                2.0,
                2.0,
                0.05
            ]
        },
        "collider2": {
            "type": "Box",
            "collider2origin": [
                [
                    0.004213370269972274,
                    -0.9444860367739799,
                    -0.32852454071187387,
                    0.2181892747110515
                ],
                [
                    0.7376222296560939,
                    -0.21888846968405568,
                    0.6387497821185889,
                    1.3257032977340741
                ],
                [
                    -0.6752004841735089,
                    -0.24501829355856627,
                    0.6957516381536639,
                    1.0951072704224591
                ],
                [
                    0.0,
                    0.0,
                    0.0,
                    1.0
                ]
            ],
            "size": [
                0.07264,
                0.04753,
                0.03326
            ]
        },
        "distance": 0.0
    },
    {
        "case": 26,
        "collider1": {
            "type": "Box",
            "collider2origin": [
                [
                    1.0,
                    0.0,
                    0.0,
                    0.20085
                ],
                [
                    0.0,
                    1.0,
                    0.0,
                    1.45633
                ],
                [
                    0.0,
                    0.0,
                    1.0,
                    1.2812099999999997
                ],
                [
                    0.0,
                    0.0,
                    0.0,
                    1.0
                ]
            ],
            "size": [
                0.1,
                0.22,
                0.5
            ]
        },
        "collider2": {
            "type": "Cylinder",
            "collider2origin": [
                [
                    0.16278989861404153,
                    0.27204043533682293,
                    0.9484162854205853,
                    0.18210365889538677
                ],
                [
                    0.7781074443385533,
                    0.555641503740915,
                    -0.2929357000869982,
                    1.3524929589365677
                ],
                [
                    -0.6066698063808309,
                    0.7856567449352715,
                    -0.1212238638369456,
                    1.0779045609675517
                ],
                [
                    0.0,
                    0.0,
                    0.0,
                    1.0
                ]
            ],
            "radius": 0.00713,
            "height": 0.01697
        },
        "distance": 0.0
    }
]