[
    {
        "case": 0,
        "collider1": {
            "type": "Box",
            "collider2origin": [
                [
                    0.9992356923808713,
                    0.039090038016362835,
                    0.0,
                    -0.10710036334624623
                ],
                [
                    -0.039090038016362835,
                    0.9992356923808713,
                    0.0,
                    0.41486694795461987
                ],
                [
                    0.0,
                    0.0,
                    1.0,
                    -0.40439
                ],
                [
                    0.0,
                    0.0,
                    0.0,
                    1.0
                ]
            ],
            "size": [
                0.08,
                1.0,
                0.812
            ]
        },
        "collider2": {
            "type": "Box",
            "collider2origin": [
                [
                    -0.553410098676791,
                    -0.16761282085064108,
                    -0.8158696004687487,
                    -0.06399134403565654
                ],
                [
                    0.09409107694249996,
                    -0.9858529009359838,
                    0.1387116684201649,
                    0.5815331874213946
                ],
                [
                    -0.8275772664364004,
                    -1.611244725973775e-06,
                    0.5613518220109902,
                    -0.8196440614680638
                ],
                [
                    0.0,
                    0.0,
                    0.0,
                    1.0
                ]
            ],
            "size": [
                0.09102,
                0.10007,
                0.11882
            ]
        },
        "distance": 0.0
    },
    {
        "case": 1,
        "collider1": {
            "type": "Box",
            "collider2origin": [
                [
                    0.9992356923808713,
                    0.039090038016362835,
                    0.0,
                    -0.7387332447251884
                ],
                [
                    -0.039090038016362835,
                    0.9992356923808713,
                    0.0,
                    0.6397293653589854
                ],
                [
                    0.0,
                    0.0,
                    1.0,
                    -0.40439
                ],
                [
                    0.0,
                    0.0,
                    0.0,
                    1.0
                ]
            ],
            "size": [
                1.2,
                1.4,
                0.812
            ]
        },
        "collider2": {
            "type": "Box",
            "collider2origin": [
                [
                    -0.553410098676791,
                    -0.16761282085064108,
                    -0.8158696004687487,
                    -0.06399134403565654
                ],
                [
                    0.09409107694249996,
                    -0.9858529009359838,
                    0.1387116684201649,
                    0.5815331874213946
                ],
                [
                    -0.8275772664364004,
                    -1.611244725973775e-06,
                    0.5613518220109902,
                    -0.8196440614680638
                ],
                [
                    0.0,
                    0.0,
                    0.0,
                    1.0
                ]
            ],
            "size": [
                0.09102,
                0.10007,
                0.11882
            ]
        },
        "distance": 0.004219630259843593
    },
    {
        "case": 2,
        "collider1": {
            "type": "Box",
            "collider2origin": [
                [
                    0.9992356923808713,
                    0.039090038016362835,
                    0.0,
                    -0.10710036334624623
                ],
                [
                    -0.039090038016362835,
                    0.9992356923808713,
                    0.0,
                    0.41486694795461987
                ],
                [
                    0.0,
                    0.0,
                    1.0,
                    -0.40439
                ],
                [
                    0.0,
                    0.0,
                    0.0,
                    1.0
                ]
            ],
            "size": [
                0.08,
                1.0,
                0.812
            ]
        },
        "collider2": {
            "type": "Box",
            "collider2origin": [
                [
                    0.010740372170644311,
                    0.5640895085984808,
                    0.8256437916527687,
                    -0.11291544477990106
                ],
                [
                    0.9997430120098291,
                    -0.02254258358596945,
                    0.002396218434105509,
                    0.5915877507482017
                ],
                [
                    0.01996382586455851,
                    0.8254058748363702,
                    -0.5641866601067907,
                    -0.6934321664608064
                ],
                [
                    0.0,
                    0.0,
                    0.0,
                    1.0
                ]
            ],
            "size": [
                0.08993,
                0.0305,
                0.09007
            ]
        },
        "distance": 0.0
    },
    {
        "case": 3,
        "collider1": {
            "type": "Box",
            "collider2origin": [
                [
                    0.9992356923808713,
                    0.039090038016362835,
                    0.0,
                    -0.7387332447251884
                ],
                [
                    -0.039090038016362835,
                    0.9992356923808713,
                    0.0,
                    0.6397293653589854
                ],
                [
                    0.0,
                    0.0,
                    1.0,
                    -0.40439
                ],
                [
                    0.0,
                    0.0,
                    0.0,
                    1.0
                ]
            ],
            "size": [
                1.2,
                1.4,
                0.812
            ]
        },
        "collider2": {
            "type": "Box",
            "collider2origin": [
                [
                    0.010740372170644311,
                    0.5640895085984808,
                    0.8256437916527687,
                    -0.11291544477990106
                ],
                [
                    0.9997430120098291,
                    -0.02254258358596945,
                    0.002396218434105509,
                    0.5915877507482017
                ],
                [
                    0.01996382586455851,
                    0.8254058748363702,
                    -0.5641866601067907,
                    -0.6934321664608064
                ],
                [
                    0.0,
                    0.0,
                    0.0,
                    1.0
                ]
            ],
            "size": [
                0.08993,
                0.0305,
                0.09007
            ]
        },
        "distance": 0.0
    },
    {
        "case": 4,
        "collider1": {
            "type": "Box",
            "collider2origin": [
                [
                    0.9992356923808713,
                    0.039090038016362835,
                    0.0,
                    -0.10710036334624623
                ],
                [
                    -0.039090038016362835,
                    0.9992356923808713,
                    0.0,
                    0.41486694795461987
                ],
                [
                    0.0,
                    0.0,
                    1.0,
                    -0.40439
                ],
                [
                    0.0,
                    0.0,
                    0.0,
                    1.0
                ]
            ],
            "size": [
                0.08,
                1.0,
                0.812
            ]
        },
        "collider2": {
            "type": "Cylinder",
            "collider2origin": [
                [
                    0.9640313194355815,
                    0.06990332359246211,
                    -0.25643155129199496,
                    -0.04793011255441543
                ],
                [
                    0.08360435863843099,
                    -0.995574770905462,
                    0.04290905211249603,
                    0.607281829919239
                ],
                [
                    -0.2522972975755944,
                    -0.06280446550416485,
                    -0.9656094825284117,
                    -0.5309032725978634
                ],
                [
                    0.0,
                    0.0,
                    0.0,
                    1.0
                ]
            ],
            "radius": 0.00783,
            "height": 0.03044
        },
        "distance": 0.00011299067083028507
    },
    {
        "case": 5,
        "collider1": {
            "type": "Box",
            "collider2origin": [
                [
                    0.9992356923808713,
                    0.039090038016362835,
                    0.0,
                    -0.10710036334624623
                ],
                [
                    -0.039090038016362835,
                    0.9992356923808713,
                    0.0,
                    0.41486694795461987
                ],
                [
                    0.0,
                    0.0,
                    1.0,
                    -0.40439
                ],
                [
                    0.0,
                    0.0,
                    0.0,
                    1.0
                ]
            ],
            "size": [
                0.08,
                1.0,
                0.812
            ]
        },
        "collider2": {
            "type": "Box",
            "collider2origin": [
                [
                    -0.12714803879444586,
                    0.5640834789831117,
                    -0.8158696004687487,
                    -0.15277246069199857
                ],
                [
                    -0.9900762230979565,
                    -0.022542082871362935,
                    0.1387116684201649,
                    0.5926978256962453
                ],
                [
                    0.05985356035200616,
                    0.8254100091700667,
                    0.5613518220109902,
                    -0.7566398915070784
                ],
                [
                    0.0,
                    0.0,
                    0.0,
                    1.0
                ]
            ],
            "size": [
                0.09126,
                0.11887,
                0.10009
            ]
        },
        "distance": 0.0
    },
    {
        "case": 6,
        "collider1": {
            "type": "Box",
            "collider2origin": [
                [
                    0.9992356923808713,
                    0.039090038016362835,
                    0.0,
                    -0.7387332447251884
                ],
                [
                    -0.039090038016362835,
                    0.9992356923808713,
                    0.0,
                    0.6397293653589854
                ],
                [
                    0.0,
                    0.0,
                    1.0,
                    -0.40439
                ],
                [
                    0.0,
                    0.0,
                    0.0,
                    1.0
                ]
            ],
            "size": [
                1.2,
                1.4,
                0.812
            ]
        },
        "collider2": {
            "type": "Box",
            "collider2origin": [
                [
                    -0.12714803879444586,
                    0.5640834789831117,
                    -0.8158696004687487,
                    -0.15277246069199857
                ],
                [
                    -0.9900762230979565,
                    -0.022542082871362935,
                    0.1387116684201649,
                    0.5926978256962453
                ],
                [
                    0.05985356035200616,
                    0.8254100091700667,
                    0.5613518220109902,
                    -0.7566398915070784
                ],
                [
                    0.0,
                    0.0,
                    0.0,
                    1.0
                ]
            ],
            "size": [
                0.09126,
                0.11887,
                0.10009
            ]
        },
        "distance": 0.0
    },
    {
        "case": 7,
        "collider1": {
            "type": "Cylinder",
            "collider2origin": [
                [
                    1.0,
                    0.0,
                    0.0,
                    0.36025
                ],
                [
                    0.0,
                    1.0,
                    0.0,
                    0.66562
                ],
                [
                    0.0,
                    0.0,
                    1.0,
                    -0.35
                ],
                [
                    0.0,
                    0.0,
                    0.0,
                    1.0
                ]
            ],
            "radius": 0.11,
            "height": 0.68
        },
        "collider2": {
            "type": "Box",
            "collider2origin": [
                [
                    0.5833424002443934,
                    -0.16761274325102282,
                    -0.7947437400678138,
                    0.18869551695741066
                ],
                [
                    -0.09917392874661173,
                    -0.9858529141132985,
                    0.13512425241709589,
                    0.651935714048152
                ],
                [
                    -0.806148978746529,
                    -5.846686916912012e-06,
                    -0.5917126194629823,
                    -0.6484789422057312
                ],
                [
                    0.0,
                    0.0,
                    0.0,
                    1.0
                ]
            ],
            "size": [
                0.1202,
                0.13634,
                0.67816
            ]
        },
        "distance": 0.0
    },
    {
        "case": 8,
        "collider1": {
            "type": "Box",
            "collider2origin": [
                [
                    0.9992356923808713,
                    0.039090038016362835,
                    0.0,
                    -0.10710036334624623
                ],
                [
                    -0.039090038016362835,
                    0.9992356923808713,
                    0.0,
                    0.41486694795461987
                ],
                [
                    0.0,
                    0.0,
                    1.0,
                    -0.40439
                ],
                [
                    0.0,
                    0.0,
                    0.0,
                    1.0
                ]
            ],
            "size": [
                0.08,
                1.0,
                0.812
            ]
        },
        "collider2": {
            "type": "Box",
            "collider2origin": [
                [
                    0.5833424002443934,
                    -0.16761274325102282,
                    -0.7947437400678138,
                    0.18869551695741066
                ],
                [
                    -0.09917392874661173,
                    -0.9858529141132985,
                    0.13512425241709589,
                    0.651935714048152
                ],
                [
                    -0.806148978746529,
                    -5.846686916912012e-06,
                    -0.5917126194629823,
                    -0.6484789422057312
                ],
                [
                    0.0,
                    0.0,
                    0.0,
                    1.0
                ]
            ],
            "size": [
                0.1202,
                0.13634,
                0.67816
            ]
        },
        "distance": 0.0
    },
    {
        "case": 9,
        "collider1": {
            "type": "Box",
            "collider2origin": [
                [
                    0.9992356923808713,
                    0.039090038016362835,
                    0.0,
                    -0.7387332447251884
                ],
                [
                    -0.039090038016362835,
                    0.9992356923808713,
                    0.0,
                    0.6397293653589854
                ],
                [
                    0.0,
                    0.0,
                    1.0,
                    -0.40439
                ],
                [
                    0.0,
                    0.0,
                    0.0,
                    1.0
                ]
            ],
            "size": [
                1.2,
                1.4,
                0.812
            ]
        },
        "collider2": {
            "type": "Box",
            "collider2origin": [
                [
                    0.5833424002443934,
                    -0.16761274325102282,
                    -0.7947437400678138,
                    0.18869551695741066
                ],
                [
                    -0.09917392874661173,
                    -0.9858529141132985,
                    0.13512425241709589,
                    0.651935714048152
                ],
                [
                    -0.806148978746529,
                    -5.846686916912012e-06,
                    -0.5917126194629823,
                    -0.6484789422057312
                ],
                [
                    0.0,
                    0.0,
                    0.0,
                    1.0
                ]
            ],
            "size": [
                0.1202,
                0.13634,
                0.67816
            ]
        },
        "distance": 0.011120577703706752
    },
    {
        "case": 10,
        "collider1": {
            "type": "Box",
            "collider2origin": [
                [
                    0.9992356923808713,
                    0.039090038016362835,
                    0.0,
                    -0.10710036334624623
                ],
                [
                    -0.039090038016362835,
                    0.9992356923808713,
                    0.0,
                    0.41486694795461987
                ],
                [
                    0.0,
                    0.0,
                    1.0,
                    -0.40439
                ],
                [
                    0.0,
                    0.0,
                    0.0,
                    1.0
                ]
            ],
            "size": [
                0.08,
                1.0,
                0.812
            ]
        },
        "collider2": {
            "type": "Box",
            "collider2origin": [
                [
                    0.8624773011210563,
                    0.5047873218425182,
                    -0.036368458284566134,
                    -0.06542972395587171
                ],
                [
                    -0.1784174312024088,
                    0.23602178985009684,
                    -0.9552282109313405,
                    0.5953935432912854
                ],
                [
                    -0.4736033417260395,
                    0.8303514162226822,
                    0.29362629358235837,
                    -0.6245090876775687
                ],
                [
                    0.0,
                    0.0,
                    0.0,
                    1.0
                ]
            ],
            "size": [
                0.06241,
                0.05638,
                0.02858
            ]
        },
        "distance": 0.0
    },
    {
        "case": 11,
        "collider1": {
            "type": "Box",
            "collider2origin": [
                [
                    0.9992356923808713,
                    0.039090038016362835,
                    0.0,
                    -0.10710036334624623
                ],
                [
                    -0.039090038016362835,
                    0.9992356923808713,
                    0.0,
                    0.41486694795461987
                ],
                [
                    0.0,
                    0.0,
                    1.0,
                    -0.40439
                ],
                [
                    0.0,
                    0.0,
                    0.0,
                    1.0
                ]
            ],
            "size": [
                0.08,
                1.0,
                0.812
            ]
        },
        "collider2": {
            "type": "Cylinder",
            "collider2origin": [
                [
                    0.9647831565473111,
                    -0.040981035507914286,
                    -0.2598345927148766,
                    -0.040796390351132306
                ],
                [
                    0.07644719606590522,
                    -0.9014717804335663,
                    0.4260333969251662,
                    0.6005917614164747
                ],
                [
                    -0.251692842679858,
                    -0.4308934715340142,
                    -0.8665919046085633,
                    -0.5067614584374757
                ],
                [
                    0.0,
                    0.0,
                    0.0,
                    1.0
                ]
            ],
            "radius": 0.0076,
            "height": 0.02993
        },
        "distance": 0.0075544660471811255
    },
    {
        "case": 12,
        "collider1": {
            "type": "Box",
            "collider2origin": [
                [
                    0.9992356923808713,
                    0.039090038016362835,
                    0.0,
                    -0.10710036334624623
                ],
                [
                    -0.039090038016362835,
                    0.9992356923808713,
                    0.0,
                    0.41486694795461987
                ],
                [
                    0.0,
                    0.0,
                    1.0,
                    -0.40439
                ],
                [
                    0.0,
                    0.0,
                    0.0,
                    1.0
                ]
            ],
            "size": [
                0.08,
                1.0,
                0.812
            ]
        },
        "collider2": {
            "type": "Box",
            "collider2origin": [
                [
                    0.8509494691912455,
                    0.5047892692912495,
                    0.14516471503620956,
                    -0.03841488437741558
                ],
                [
                    0.02570135616995574,
                    0.2360260806998858,
                    -0.9714067786053767,
                    0.6097257811724255
                ],
                [
                    -0.5246183767026873,
                    0.8303490126674785,
                    0.18787249928603175,
                    -0.5833365106405568
                ],
                [
                    0.0,
                    0.0,
                    0.0,
                    1.0
                ]
            ],
            "size": [
                0.07264,
                0.04753,
                0.03326
            ]
        },
        "distance": 0.0
    },
    {
        "case": 13,
        "collider1": {
            "type": "Cylinder",
            "collider2origin": [
                [
                    1.0,
                    0.0,
                    0.0,
                    0.36025
                ],
                [
                    0.0,
                    1.0,
                    0.0,
                    0.66562
                ],
                [
                    0.0,
                    0.0,
                    1.0,
                    -0.35
                ],
                [
                    0.0,
                    0.0,
                    0.0,
                    1.0
                ]
            ],
            "radius": 0.11,
            "height": 0.68
        },
        "collider2": {
            "type": "Box",
            "collider2origin": [
                [
                    0.9825095911330272,
                    -0.16760952599000073,
                    0.08112921871323116,
                    0.36498436002673074
                ],
                [
                    -0.1670416313139597,
                    -0.9858534610902475,
                    -0.013785741342080549,
                    0.4938092707495419
                ],
                [
                    0.08229214263575348,
                    -7.333951611930138e-06,
                    -0.9966082496179878,
                    -0.17166135666980487
                ],
                [
                    0.0,
                    0.0,
                    0.0,
                    1.0
                ]
            ],
            "size": [
                0.15068,
                0.17726,
                0.74884
            ]
        },
        "distance": 0.0
    },
    {
        "case": 14,
        "collider1": {
            "type": "Cylinder",
            "collider2origin": [
                [
                    1.0,
                    0.0,
                    0.0,
                    0.36025
                ],
                [
                    0.0,
                    1.0,
                    0.0,
                    0.66562
                ],
                [
                    0.0,
                    0.0,
                    1.0,
                    -0.35
                ],
                [
                    0.0,
                    0.0,
                    0.0,
                    1.0
                ]
            ],
            "radius": 0.11,
            "height": 0.68
        },
        "collider2": {
            "type": "Box",
            "collider2origin": [
                [
                    0.9825095911330272,
                    -0.16760952599000073,
                    0.08112921871323116,
                    0.36498436002673074
                ],
                [
                    -0.1670416313139597,
                    -0.9858534610902475,
                    -0.013785741342080549,
                    0.4938092707495419
                ],
                [
                    0.08229214263575348,
                    -7.333951611930138e-06,
                    -0.9966082496179878,
                    -0.17166135666980487
                ],
                [
                    0.0,
                    0.0,
                    0.0,
                    1.0
                ]
            ],
            "size": [
                0.15068,
                0.17726,
                0.74884
            ]
        },
        "distance": 0.0
    }
]