[
    {
        "case": 0,
        "collider1": {
            "type": "Box",
            "collider2origin": [
                [
                    1.0,
                    0.0,
                    0.0,
                    1.0596
                ],
                [
                    0.0,
                    1.0,
                    0.0,
                    0.84274
                ],
                [
                    0.0,
                    0.0,
                    1.0,
                    0.13693
                ],
                [
                    0.0,
                    0.0,
                    0.0,
                    1.0
                ]
            ],
            "size": [
                0.1,
                0.1,
                2.0
            ]
        },
        "collider2": {
            "type": "Cylinder",
            "collider2origin": [
                [
                    0.5854196586899236,
                    0.2914961884095589,
                    -0.7565142400259703,
                    1.098300819290065
                ],
                [
                    0.38367269346374494,
                    -0.9216322096434089,
                    -0.05821799067368779,
                    0.8223316642295107
                ],
                [
                    -0.714198213040083,
                    -0.2561718998846386,
                    -0.6513807413485956,
                    -0.8567094976345343
                ],
                [
                    0.0,
                    0.0,
                    0.0,
                    1.0
                ]
            ],
            "radius": 0.00783,
            "height": 0.03683
        },
        "distance": 0.0
    },
    {
        "case": 1,
        "collider1": {
            "type": "Box",
            "collider2origin": [
                [
                    1.0,
                    0.0,
                    0.0,
                    1.0596
                ],
                [
                    0.0,
                    1.0,
                    0.0,
                    0.84274
                ],
                [
                    0.0,
                    0.0,
                    1.0,
                    0.13693
                ],
                [
                    0.0,
                    0.0,
                    0.0,
                    1.0
                ]
            ],
            "size": [
                0.1,
                0.1,
                2.0
            ]
        },
        "collider2": {
            "type": "Box",
            "collider2origin": [
                [
                    0.5959786507564137,
                    -0.12195325779219451,
                    0.7936856120381892,
                    1.0846071986176797
                ],
                [
                    0.26795225759762703,
                    0.9619513021886912,
                    -0.05339737695632412,
                    0.8056992395211969
                ],
                [
                    -0.756974923951183,
                    0.24449354824074881,
                    0.6059800899185954,
                    -0.8898583914625819
                ],
                [
                    0.0,
                    0.0,
                    0.0,
                    1.0
                ]
            ],
            "size": [
                0.07264,
                0.04753,
                0.03326
            ]
        },
        "distance": 0.0
    },
    {
        "case": 2,
        "collider1": {
            "type": "Box",
            "collider2origin": [
                [
                    1.0,
                    0.0,
                    0.0,
                    1.0596
                ],
                [
                    0.0,
                    1.0,
                    0.0,
                    0.84274
                ],
                [
                    0.0,
                    0.0,
                    1.0,
                    0.13693
                ],
                [
                    0.0,
                    0.0,
                    0.0,
                    1.0
                ]
            ],
            "size": [
                0.1,
                0.1,
                2.0
            ]
        },
        "collider2": {
            "type": "Cylinder",
            "collider2origin": [
                [
                    0.5416569277289459,
                    0.8401019787741643,
                    0.028921236193716306,
                    1.068654272325027
                ],
                [
                    0.5422853235814249,
                    -0.3229366764601562,
                    -0.7756536152336666,
                    0.8317316763902797
                ],
                [
                    -0.6422884091056198,
                    0.4358217161370023,
                    -0.630495861423348,
                    -0.8461959132276095
                ],
                [
                    0.0,
                    0.0,
                    0.0,
                    1.0
                ]
            ],
            "radius": 0.00783,
            "height": 0.03044
        },
        "distance": 0.0
    },
    {
        "case": 3,
        "collider1": {
            "type": "Cylinder",
            "collider2origin": [
                [
                    1.0,
                    0.0,
                    0.0,
                    0.36025
                ],
                [
                    0.0,
                    1.0,
                    0.0,
                    0.66562
                ],
                [
                    0.0,
                    0.0,
                    1.0,
                    -0.35
                ],
                [
                    0.0,
                    0.0,
                    0.0,
                    1.0
                ]
            ],
            "radius": 0.11,
            "height": 0.68
        },
        "collider2": {
            "type": "Box",
            "collider2origin": [
                [
                    0.9042737231095483,
                    0.14112411523101973,
                    0.40295535459137094,
                    0.5154167870928779
                ],
                [
                    0.12890203133454803,
                    -0.9899919111037544,
                    0.05744808323141216,
                    0.5144256375575592
                ],
                [
                    0.4070298514991533,
                    -7.028365215489441e-06,
                    -0.9134148564256982,
                    -0.14673795044156324
                ],
                [
                    0.0,
                    0.0,
                    0.0,
                    1.0
                ]
            ],
            "size": [
                0.15068,
                0.17726,
                0.74884
            ]
        },
        "distance": 0.0
    },
    {
        "case": 4,
        "collider1": {
            "type": "Cylinder",
            "collider2origin": [
                [
                    1.0,
                    0.0,
                    0.0,
                    0.36025
                ],
                [
                    0.0,
                    1.0,
                    0.0,
                    0.66562
                ],
                [
                    0.0,
                    0.0,
                    1.0,
                    -0.35
                ],
                [
                    0.0,
                    0.0,
                    0.0,
                    1.0
                ]
            ],
            "radius": 0.11,
            "height": 0.68
        },
        "collider2": {
            "type": "Box",
            "collider2origin": [
                [
                    0.9042737231095483,
                    0.14112411523101973,
                    0.40295535459137094,
                    0.5154167870928779
                ],
                [
                    0.12890203133454803,
                    -0.9899919111037544,
                    0.05744808323141216,
                    0.5144256375575592
                ],
                [
                    0.4070298514991533,
                    -7.028365215489441e-06,
                    -0.9134148564256982,
                    -0.14673795044156324
                ],
                [
                    0.0,
                    0.0,
                    0.0,
                    1.0
                ]
            ],
            "size": [
                0.15068,
                0.17726,
                0.74884
            ]
        },
        "distance": 0.0
    },
    {
        "case": 5,
        "collider1": {
            "type": "Box",
            "collider2origin": [
                [
                    1.0,
                    0.0,
                    0.0,
                    1.0596
                ],
                [
                    0.0,
                    1.0,
                    0.0,
                    0.84274
                ],
                [
                    0.0,
                    0.0,
                    1.0,
                    0.13693
                ],
                [
                    0.0,
                    0.0,
                    0.0,
                    1.0
                ]
            ],
            "size": [
                0.1,
                0.1,
                2.0
            ]
        },
        "collider2": {
            "type": "Sphere",
            "collider2origin": [
                [
                    1.0,
                    0.0,
                    0.0,
                    1.0775636601810559
                ],
                [
                    0.0,
                    1.0,
                    0.0,
                    0.8569382135339848
                ],
                [
                    0.0,
                    0.0,
                    1.0,
                    -0.8161941633910774
                ],
                [
                    0.0,
                    0.0,
                    0.0,
                    1.0
                ]
            ],
            "radius": 0.00484
        },
        "distance": 0.0
    },
    {
        "case": 6,
        "collider1": {
            "type": "Box",
            "collider2origin": [
                [
                    1.0,
                    0.0,
                    0.0,
                    1.0596
                ],
                [
                    0.0,
                    1.0,
                    0.0,
                    0.84274
                ],
                [
                    0.0,
                    0.0,
                    1.0,
                    0.13693
                ],
                [
                    0.0,
                    0.0,
                    0.0,
                    1.0
                ]
            ],
            "size": [
                0.1,
                0.1,
                2.0
            ]
        },
        "collider2": {
            "type": "Cylinder",
            "collider2origin": [
                [
                    0.5476098629891707,
                    0.7821867175737783,
                    -0.29716557137080934,
                    1.07278239460852
                ],
                [
                    0.5408058613630544,
                    -0.6018629656583863,
                    -0.5876138110053716,
                    0.8497556880525251
                ],
                [
                    -0.6384766701081145,
                    0.1610742357425613,
                    -0.7525972577066724,
                    -0.8278501286978662
                ],
                [
                    0.0,
                    0.0,
                    0.0,
                    1.0
                ]
            ],
            "radius": 0.0076,
            "height": 0.02993
        },
        "distance": 0.0
    },
    {
        "case": 7,
        "collider1": {
            "type": "Box",
            "collider2origin": [
                [
                    1.0,
                    0.0,
                    0.0,
                    1.0596
                ],
                [
                    0.0,
                    1.0,
                    0.0,
                    0.84274
                ],
                [
                    0.0,
                    0.0,
                    1.0,
                    0.13693
                ],
                [
                    0.0,
                    0.0,
                    0.0,
                    1.0
                ]
            ],
            "size": [
                0.1,
                0.1,
                2.0
            ]
        },
        "collider2": {
            "type": "Cylinder",
            "collider2origin": [
                [
                    0.6105470219146233,
                    0.37289262365246445,
                    -0.6987012417741686,
                    1.1129781376679708
                ],
                [
                    0.21778074251410215,
                    -0.9272590412608609,
                    -0.3045689061443975,
                    0.8361325200376981
                ],
                [
                    -0.7614485420704342,
                    0.03378996338515269,
                    -0.6473440786422933,
                    -0.8656156007561998
                ],
                [
                    0.0,
                    0.0,
                    0.0,
                    1.0
                ]
            ],
            "radius": 0.00683,
            "height": 0.01183
        },
        "distance": 0.0
    }
]