[
    {
        "case": 0,
        "collider1": {
            "type": "Box",
            "collider2origin": [
                [
                    0.9987652092017612,
                    0.049679541947991616,
                    0.0,
                    0.36025
                ],
                [
                    -0.049679541947991616,
                    0.9987652092017612,
                    0.0,
                    0.66562
                ],
                [
                    0.0,
                    0.0,
                    1.0,
                    1.13
                ],
                [
                    0.0,
                    0.0,
                    0.0,
                    1.0
                ]
            ],
            "size": [
                2.0,
                2.0,
                0.05
            ]
        },
        "collider2": {
            "type": "Box",
            "collider2origin": [
                [
                    0.749666917550786,
                    0.6518313379730107,
                    -0.11452257230003868,
                    0.43239678169964174
                ],
                [
                    -0.6443560145746585,
                    0.7583639672586722,
                    0.09843484974921048,
                    0.8273008466616223
                ],
                [
                    0.15101271208532546,
                    -4.2124974262617596e-08,
                    0.9885318208275506,
                    1.0641383787333005
                ],
                [
                    0.0,
                    0.0,
                    0.0,
                    1.0
                ]
            ],
            "size": [
                0.09102,
                0.10007,
                0.11882
            ]
        },
        "distance": 0.0
    },
    {
        "case": 1,
        "collider1": {
            "type": "Box",
            "collider2origin": [
                [
                    0.9987652092017612,
                    0.049679541947991616,
                    0.0,
                    0.36025
                ],
                [
                    -0.049679541947991616,
                    0.9987652092017612,
                    0.0,
                    0.66562
                ],
                [
                    0.0,
                    0.0,
                    1.0,
                    1.13
                ],
                [
                    0.0,
                    0.0,
                    0.0,
                    1.0
                ]
            ],
            "size": [
                2.0,
                2.0,
                0.05
            ]
        },
        "collider2": {
            "type": "Box",
            "collider2origin": [
                [
                    -0.6807126623287295,
                    0.7235432618573095,
                    -0.11452257230003868,
                    0.42414705083451326
                ],
                [
                    -0.7325266141242238,
                    -0.6735839516753279,
                    0.09843484974921048,
                    0.8394628608451999
                ],
                [
                    -0.005918694537905575,
                    0.15089668076645743,
                    0.9885318208275506,
                    1.1725901621588104
                ],
                [
                    0.0,
                    0.0,
                    0.0,
                    1.0
                ]
            ],
            "size": [
                0.09126,
                0.11887,
                0.10009
            ]
        },
        "distance": 0.0
    },
    {
        "case": 2,
        "collider1": {
            "type": "Box",
            "collider2origin": [
                [
                    0.9987652092017612,
                    0.049679541947991616,
                    0.0,
                    0.36025
                ],
                [
                    -0.049679541947991616,
                    0.9987652092017612,
                    0.0,
                    0.66562
                ],
                [
                    0.0,
                    0.0,
                    1.0,
                    1.13
                ],
                [
                    0.0,
                    0.0,
                    0.0,
                    1.0
                ]
            ],
            "size": [
                2.0,
                2.0,
                0.05
            ]
        },
        "collider2": {
            "type": "Box",
            "collider2origin": [
                [
                    -0.6855855589504501,
                    0.723543387350795,
                    -0.08035799885223609,
                    0.47770754480246425
                ],
                [
                    -0.726691578244156,
                    -0.6735838176472113,
                    0.13492290655343012,
                    0.789695881868564
                ],
                [
                    0.043494729193504195,
                    0.15089667731512615,
                    0.9875922242037135,
                    1.1885244467002272
                ],
                [
                    0.0,
                    0.0,
                    0.0,
                    1.0
                ]
            ],
            "size": [
                0.08993,
                0.0305,
                0.09007
            ]
        },
        "distance": 0.0
    },
    {
        "case": 3,
        "collider1": {
            "type": "Box",
            "collider2origin": [
                [
                    0.9987652092017612,
                    0.049679541947991616,
                    0.0,
                    0.36025
                ],
                [
                    -0.049679541947991616,
                    0.9987652092017612,
                    0.0,
                    0.66562
                ],
                [
                    0.0,
                    0.0,
                    1.0,
                    1.13
                ],
                [
                    0.0,
                    0.0,
                    0.0,
                    1.0
                ]
            ],
            "size": [
                2.0,
                2.0,
                0.05
            ]
        },
        "collider2": {
            "type": "Box",
            "collider2origin": [
                [
                    0.6138444976910294,
                    0.6518333943824127,
                    0.44531804210288795,
                    0.2299574892132537
                ],
                [
                    -0.5276169536634777,
                    0.7583621997221459,
                    -0.38276249063807105,
                    0.8539311897255328
                ],
                [
                    -0.5872097434999858,
                    -6.999850159569722e-07,
                    0.8094348133964776,
                    0.8253683125256255
                ],
                [
                    0.0,
                    0.0,
                    0.0,
                    1.0
                ]
            ],
            "size": [
                0.1202,
                0.13634,
                0.67816
            ]
        },
        "distance": 0.0
    }
]