[
    {
        "case": 0,
        "collider1": {
            "type": "Box",
            "collider2origin": [
                [
                    0.9987652092017612,
                    0.049679541947991616,
                    0.0,
                    0.36025
                ],
                [
                    -0.049679541947991616,
                    0.9987652092017612,
                    0.0,
                    0.66562
                ],
                [
                    0.0,
                    0.0,
                    1.0,
                    1.13
                ],
                [
                    0.0,
                    0.0,
                    0.0,
                    1.0
                ]
            ],
            "size": [
                2.0,
                2.0,
                0.05
            ]
        },
        "collider2": {
            "type": "Box",
            "collider2origin": [
                [
                    -0.9167608793660218,
                    0.23769886975065488,
                    -0.3210120517726711,
                    0.8245091464523331
                ],
                [
                    0.22434537093402668,
                    0.9713388941395692,
                    0.07854875729247845,
                    0.7234590097313668
                ],
                [
                    0.33048244220308126,
                    -7.140020672123875e-06,
                    -0.94381213985862,
                    1.119976195313141
                ],
                [
                    0.0,
                    0.0,
                    0.0,
                    1.0
                ]
            ],
            "size": [
                0.09102,
                0.10007,
                0.11882
            ]
        },
        "distance": 0.0
    },
    {
        "case": 1,
        "collider1": {
            "type": "Box",
            "collider2origin": [
                [
                    0.9987652092017612,
                    0.049679541947991616,
                    0.0,
                    0.36025
                ],
                [
                    -0.049679541947991616,
                    0.9987652092017612,
                    0.0,
                    0.66562
                ],
                [
                    0.0,
                    0.0,
                    1.0,
                    1.13
                ],
                [
                    0.0,
                    0.0,
                    0.0,
                    1.0
                ]
            ],
            "size": [
                2.0,
                2.0,
                0.05
            ]
        },
        "collider2": {
            "type": "Box",
            "collider2origin": [
                [
                    0.9710951057271663,
                    0.2376999690051085,
                    -0.02174903142014301,
                    0.8048713427389219
                ],
                [
                    -0.2376403764164439,
                    0.9713386251637327,
                    0.00532228913912249,
                    0.6132058444212005
                ],
                [
                    0.022390782241690145,
                    -9.208908530934428e-10,
                    0.9997492950088062,
                    0.8306487679530787
                ],
                [
                    0.0,
                    0.0,
                    0.0,
                    1.0
                ]
            ],
            "size": [
                0.1202,
                0.13634,
                0.67816
            ]
        },
        "distance": 0.0
    },
    {
        "case": 2,
        "collider1": {
            "type": "Box",
            "collider2origin": [
                [
                    1.0,
                    0.0,
                    0.0,
                    1.03898
                ],
                [
                    0.0,
                    1.0,
                    0.0,
                    0.76274
                ],
                [
                    0.0,
                    0.0,
                    1.0,
                    0.6772499999999999
                ],
                [
                    0.0,
                    0.0,
                    0.0,
                    1.0
                ]
            ],
            "size": [
                0.18,
                0.1,
                0.1
            ]
        },
        "collider2": {
            "type": "Box",
            "collider2origin": [
                [
                    0.6714171958519961,
                    0.23770262720224766,
                    0.7019233648592926,
                    0.6219779785407754
                ],
                [
                    -0.1643078466640409,
                    0.9713379746616843,
                    -0.17177156489001058,
                    0.7880284438521367
                ],
                [
                    -0.7226353718431366,
                    -1.1341776482101382e-06,
                    0.6912294259938918,
                    0.33471891734445913
                ],
                [
                    0.0,
                    0.0,
                    0.0,
                    1.0
                ]
            ],
            "size": [
                0.15068,
                0.17726,
                0.74884
            ]
        },
        "distance": 0.054542428484803854
    },
    {
        "case": 3,
        "collider1": {
            "type": "Box",
            "collider2origin": [
                [
                    1.0,
                    0.0,
                    0.0,
                    1.03898
                ],
                [
                    0.0,
                    1.0,
                    0.0,
                    0.76274
                ],
                [
                    0.0,
                    0.0,
                    1.0,
                    0.6772499999999999
                ],
                [
                    0.0,
                    0.0,
                    0.0,
                    1.0
                ]
            ],
            "size": [
                0.18,
                0.1,
                0.1
            ]
        },
        "collider2": {
            "type": "Box",
            "collider2origin": [
                [
                    0.6714171958519961,
                    0.23770262720224766,
                    0.7019233648592926,
                    0.6219779785407754
                ],
                [
                    -0.1643078466640409,
                    0.9713379746616843,
                    -0.17177156489001058,
                    0.7880284438521367
                ],
                [
                    -0.7226353718431366,
                    -1.1341776482101382e-06,
                    0.6912294259938918,
                    0.33471891734445913
                ],
                [
                    0.0,
                    0.0,
                    0.0,
                    1.0
                ]
            ],
            "size": [
                0.15068,
                0.17726,
                0.74884
            ]
        },
        "distance": 0.054542428484803854
    }
]