[
    {
        "case": 0,
        "collider1": {
            "type": "Box",
            "collider2origin": [
                [
                    0.9987652092017612,
                    0.049679541947991616,
                    0.0,
                    0.36025
                ],
                [
                    -0.049679541947991616,
                    0.9987652092017612,
                    0.0,
                    0.66562
                ],
                [
                    0.0,
                    0.0,
                    1.0,
                    1.13
                ],
                [
                    0.0,
                    0.0,
                    0.0,
                    1.0
                ]
            ],
            "size": [
                2.0,
                2.0,
                0.05
            ]
        },
        "collider2": {
            "type": "Box",
            "collider2origin": [
                [
                    -0.8376202872277605,
                    -0.5069053125905979,
                    -0.20356634911475907,
                    0.6917897461854614
                ],
                [
                    0.49256767954442743,
                    -0.8620017424967407,
                    0.11970829963206771,
                    0.2951976535299642
                ],
                [
                    -0.23615532069530432,
                    -1.0389542830627425e-07,
                    0.9717153207124436,
                    1.1480135593477572
                ],
                [
                    0.0,
                    0.0,
                    0.0,
                    1.0
                ]
            ],
            "size": [
                0.09102,
                0.10007,
                0.11882
            ]
        },
        "distance": 0.0
    },
    {
        "case": 1,
        "collider1": {
            "type": "Box",
            "collider2origin": [
                [
                    0.9987652092017612,
                    0.049679541947991616,
                    0.0,
                    0.36025
                ],
                [
                    -0.049679541947991616,
                    0.9987652092017612,
                    0.0,
                    0.66562
                ],
                [
                    0.0,
                    0.0,
                    1.0,
                    1.13
                ],
                [
                    0.0,
                    0.0,
                    0.0,
                    1.0
                ]
            ],
            "size": [
                2.0,
                2.0,
                0.05
            ]
        },
        "collider2": {
            "type": "Cylinder",
            "collider2origin": [
                [
                    0.2893006473056364,
                    0.9173397314067092,
                    0.2734830024904775,
                    0.5251521358759129
                ],
                [
                    -0.8197289669276799,
                    0.3849512012263692,
                    -0.4240955003935486,
                    0.42061487690630983
                ],
                [
                    -0.4943172627455151,
                    -0.10149083632053742,
                    0.8633365820436074,
                    1.1572258681580379
                ],
                [
                    0.0,
                    0.0,
                    0.0,
                    1.0
                ]
            ],
            "radius": 0.01271,
            "height": 0.05982
        },
        "distance": 0.0
    },
    {
        "case": 2,
        "collider1": {
            "type": "Box",
            "collider2origin": [
                [
                    0.9987652092017612,
                    0.049679541947991616,
                    0.0,
                    0.36025
                ],
                [
                    -0.049679541947991616,
                    0.9987652092017612,
                    0.0,
                    0.66562
                ],
                [
                    0.0,
                    0.0,
                    1.0,
                    1.13
                ],
                [
                    0.0,
                    0.0,
                    0.0,
                    1.0
                ]
            ],
            "size": [
                2.0,
                2.0,
                0.05
            ]
        },
        "collider2": {
            "type": "Sphere",
            "collider2origin": [
                [
                    1.0,
                    0.0,
                    0.0,
                    0.4445894674775043
                ],
                [
                    0.0,
                    1.0,
                    0.0,
                    0.47958069108432794
                ],
                [
                    0.0,
                    0.0,
                    1.0,
                    1.1567408480915065
                ],
                [
                    0.0,
                    0.0,
                    0.0,
                    1.0
                ]
            ],
            "radius": 0.00663
        },
        "distance": 0.0
    },
    {
        "case": 3,
        "collider1": {
            "type": "Box",
            "collider2origin": [
                [
                    0.9987652092017612,
                    0.049679541947991616,
                    0.0,
                    0.36025
                ],
                [
                    -0.049679541947991616,
                    0.9987652092017612,
                    0.0,
                    0.66562
                ],
                [
                    0.0,
                    0.0,
                    1.0,
                    1.13
                ],
                [
                    0.0,
                    0.0,
                    0.0,
                    1.0
                ]
            ],
            "size": [
                2.0,
                2.0,
                0.05
            ]
        },
        "collider2": {
            "type": "Sphere",
            "collider2origin": [
                [
                    1.0,
                    0.0,
                    0.0,
                    0.47153508526083127
                ],
                [
                    0.0,
                    1.0,
                    0.0,
                    0.49631976614721995
                ],
                [
                    0.0,
                    0.0,
                    1.0,
                    1.1591787351831462
                ],
                [
                    0.0,
                    0.0,
                    0.0,
                    1.0
                ]
            ],
            "radius": 0.00563
        },
        "distance": 0.0
    },
    {
        "case": 4,
        "collider1": {
            "type": "Box",
            "collider2origin": [
                [
                    0.9987652092017612,
                    0.049679541947991616,
                    0.0,
                    0.36025
                ],
                [
                    -0.049679541947991616,
                    0.9987652092017612,
                    0.0,
                    0.66562
                ],
                [
                    0.0,
                    0.0,
                    1.0,
                    1.13
                ],
                [
                    0.0,
                    0.0,
                    0.0,
                    1.0
                ]
            ],
            "size": [
                2.0,
                2.0,
                0.05
            ]
        },
        "collider2": {
            "type": "Sphere",
            "collider2origin": [
                [
                    1.0,
                    0.0,
                    0.0,
                    0.5137646747331094
                ],
                [
                    0.0,
                    1.0,
                    0.0,
                    0.43838333638522653
                ],
                [
                    0.0,
                    0.0,
                    1.0,
                    1.1263987603393142
                ],
                [
                    0.0,
                    0.0,
                    0.0,
                    1.0
                ]
            ],
            "radius": 0.01051
        },
        "distance": 0.0
    },
    {
        "case": 5,
        "collider1": {
            "type": "Box",
            "collider2origin": [
                [
                    0.9987652092017612,
                    0.049679541947991616,
                    0.0,
                    0.36025
                ],
                [
                    -0.049679541947991616,
                    0.9987652092017612,
                    0.0,
                    0.66562
                ],
                [
                    0.0,
                    0.0,
                    1.0,
                    1.13
                ],
                [
                    0.0,
                    0.0,
                    0.0,
                    1.0
                ]
            ],
            "size": [
                2.0,
                2.0,
                0.05
            ]
        },
        "collider2": {
            "type": "Cylinder",
            "collider2origin": [
                [
                    0.32097694595590004,
                    0.8781949904302195,
                    0.3546087406538221,
                    0.5220416307657476
                ],
                [
                    -0.7883178953857524,
                    0.4552511823385623,
                    -0.4138855600210271,
                    0.42855131596378343
                ],
                [
                    -0.524908273872113,
                    -0.14669669308681632,
                    0.8384219607441059,
                    1.145089567525364
                ],
                [
                    0.0,
                    0.0,
                    0.0,
                    1.0
                ]
            ],
            "radius": 0.01169,
            "height": 0.05502
        },
        "distance": 0.0
    },
    {
        "case": 6,
        "collider1": {
            "type": "Box",
            "collider2origin": [
                [
                    0.9987652092017612,
                    0.049679541947991616,
                    0.0,
                    0.36025
                ],
                [
                    -0.049679541947991616,
                    0.9987652092017612,
                    0.0,
                    0.66562
                ],
                [
                    0.0,
                    0.0,
                    1.0,
                    1.13
                ],
                [
                    0.0,
                    0.0,
                    0.0,
                    1.0
                ]
            ],
            "size": [
                2.0,
                2.0,
                0.05
            ]
        },
        "collider2": {
            "type": "Box",
            "collider2origin": [
                [
                    -0.8585747366442231,
                    -0.506904282765915,
                    0.07679498492659789,
                    0.7264454582920814
                ],
                [
                    0.5048886592274624,
                    -0.8620023480905218,
                    -0.04515964647694088,
                    0.4044710877523178
                ],
                [
                    0.08908907553565978,
                    -1.4605902533380246e-08,
                    0.9960236626808627,
                    0.8546943972466328
                ],
                [
                    0.0,
                    0.0,
                    0.0,
                    1.0
                ]
            ],
            "size": [
                0.1202,
                0.13634,
                0.67816
            ]
        },
        "distance": 0.0
    },
    {
        "case": 7,
        "collider1": {
            "type": "Box",
            "collider2origin": [
                [
                    0.9980268447818988,
                    0.0627886701140236,
                    0.0,
                    -0.04
                ],
                [
                    -0.0627886701140236,
                    0.9980268447818988,
                    0.0,
                    0.02
                ],
                [
                    0.0,
                    0.0,
                    1.0,
                    -0.13
                ],
                [
                    0.0,
                    0.0,
                    0.0,
                    1.0
                ]
            ],
            "size": [
                0.6,
                0.4,
                0.4
            ]
        },
        "collider2": {
            "type": "Box",
            "collider2origin": [
                [
                    -0.6311842143047441,
                    -0.506902408404698,
                    0.5870744722486403,
                    0.45769147132459775
                ],
                [
                    0.37116803695793466,
                    -0.8620034503135989,
                    -0.34523085028462325,
                    0.41594958320145925
                ],
                [
                    0.6810585701342404,
                    -9.8357801541803e-07,
                    0.7322289423709885,
                    0.3468787195550038
                ],
                [
                    0.0,
                    0.0,
                    0.0,
                    1.0
                ]
            ],
            "size": [
                0.15068,
                0.17726,
                0.74884
            ]
        },
        "distance": 0.2055192479543108
    },
    {
        "case": 8,
        "collider1": {
            "type": "Box",
            "collider2origin": [
                [
                    0.9980268447818988,
                    0.0627886701140236,
                    0.0,
                    -0.04
                ],
                [
                    -0.0627886701140236,
                    0.9980268447818988,
                    0.0,
                    0.02
                ],
                [
                    0.0,
                    0.0,
                    1.0,
                    -0.13
                ],
                [
                    0.0,
                    0.0,
                    0.0,
                    1.0
                ]
            ],
            "size": [
                0.6,
                0.4,
                0.4
            ]
        },
        "collider2": {
            "type": "Box",
            "collider2origin": [
                [
                    -0.6311842143047441,
                    -0.506902408404698,
                    0.5870744722486403,
                    0.45769147132459775
                ],
                [
                    0.37116803695793466,
                    -0.8620034503135989,
                    -0.34523085028462325,
                    0.41594958320145925
                ],
                [
                    0.6810585701342404,
                    -9.8357801541803e-07,
                    0.7322289423709885,
                    0.3468787195550038
                ],
                [
                    0.0,
                    0.0,
                    0.0,
                    1.0
                ]
            ],
            "size": [
                0.15068,
                0.17726,
                0.74884
            ]
        },
        "distance": 0.2055192479543108
    }
]