[
    {
        "case": 0,
        "collider1": {
            "type": "Box",
            "collider2origin": [
                [
                    0.9984911777768198,
                    0.05491236565527933,
                    0.0,
                    0.9683361376747499
                ],
                [
                    -0.05491236565527933,
                    0.9984911777768198,
                    0.0,
                    1.5728604621669189
                ],
                [
                    0.0,
                    0.0,
                    1.0,
                    0.1860599999999999
                ],
                [
                    0.0,
                    0.0,
                    0.0,
                    1.0
                ]
            ],
            "size": [
                0.62,
                0.62,
                0.29
            ]
        },
        "collider2": {
            "type": "Box",
            "collider2origin": [
                [
                    -0.06698015658145458,
                    0.9898806411539334,
                    0.12509985968417991,
                    0.5803076067713666
                ],
                [
                    -0.46725093200944323,
                    -0.14190248857901186,
                    0.8726627356954059,
                    0.9070504752012465
                ],
                [
                    0.8815839297313843,
                    -1.9393520048348644e-06,
                    0.47202730306160084,
                    0.2688062021289648
                ],
                [
                    0.0,
                    0.0,
                    0.0,
                    1.0
                ]
            ],
            "size": [
                0.15068,
                0.17726,
                0.74884
            ]
        },
        "distance": 0.048320584703120416
    },
    {
        "case": 1,
        "collider1": {
            "type": "Box",
            "collider2origin": [
                [
                    0.9987652092017612,
                    0.049679541947991616,
                    0.0,
                    -0.8452169757328698
                ],
                [
                    -0.049679541947991616,
                    0.9987652092017612,
                    0.0,
                    1.7355619287231678
                ],
                [
                    0.0,
                    0.0,
                    1.0,
                    -0.39990000000000003
                ],
                [
                    0.0,
                    0.0,
                    0.0,
                    1.0
                ]
            ],
            "size": [
                5.96,
                0.78,
                0.87
            ]
        },
        "collider2": {
            "type": "Box",
            "collider2origin": [
                [
                    -0.06698015658145458,
                    0.9898806411539334,
                    0.12509985968417991,
                    0.5803076067713666
                ],
                [
                    -0.46725093200944323,
                    -0.14190248857901186,
                    0.8726627356954059,
                    0.9070504752012465
                ],
                [
                    0.8815839297313843,
                    -1.9393520048348644e-06,
                    0.47202730306160084,
                    0.2688062021289648
                ],
                [
                    0.0,
                    0.0,
                    0.0,
                    1.0
                ]
            ],
            "size": [
                0.15068,
                0.17726,
                0.74884
            ]
        },
        "distance": 0.30033807680526764
    },
    {
        "case": 2,
        "collider1": {
            "type": "Box",
            "collider2origin": [
                [
                    0.9987652092017612,
                    0.049679541947991616,
                    0.0,
                    -0.47864210557426284
                ],
                [
                    -0.049679541947991616,
                    0.9987652092017612,
                    0.0,
                    1.3769077942590573
                ],
                [
                    0.0,
                    0.0,
                    1.0,
                    0.12009999999999998
                ],
                [
                    0.0,
                    0.0,
                    0.0,
                    1.0
                ]
            ],
            "size": [
                4.0,
                0.1,
                0.16
            ]
        },
        "collider2": {
            "type": "Box",
            "collider2origin": [
                [
                    -0.06698015658145458,
                    0.9898806411539334,
                    0.12509985968417991,
                    0.5803076067713666
                ],
                [
                    -0.46725093200944323,
                    -0.14190248857901186,
                    0.8726627356954059,
                    0.9070504752012465
                ],
                [
                    0.8815839297313843,
                    -1.9393520048348644e-06,
                    0.47202730306160084,
                    0.2688062021289648
                ],
                [
                    0.0,
                    0.0,
                    0.0,
                    1.0
                ]
            ],
            "size": [
                0.15068,
                0.17726,
                0.74884
            ]
        },
        "distance": 0.1550165351905172
    },
    {
        "case": 3,
        "collider1": {
            "type": "Box",
            "collider2origin": [
                [
                    0.9987652092017612,
                    0.049679541947991616,
                    0.0,
                    0.7684804570860264
                ],
                [
                    -0.049679541947991616,
                    0.9987652092017612,
                    0.0,
                    1.2398821185496
                ],
                [
                    0.0,
                    0.0,
                    1.0,
                    -0.29858
                ],
                [
                    0.0,
                    0.0,
                    0.0,
                    1.0
                ]
            ],
            "size": [
                0.2,
                0.05,
                1.0
            ]
        },
        "collider2": {
            "type": "Box",
            "collider2origin": [
                [
                    -0.06698015658145458,
                    0.9898806411539334,
                    0.12509985968417991,
                    0.5803076067713666
                ],
                [
                    -0.46725093200944323,
                    -0.14190248857901186,
                    0.8726627356954059,
                    0.9070504752012465
                ],
                [
                    0.8815839297313843,
                    -1.9393520048348644e-06,
                    0.47202730306160084,
                    0.2688062021289648
                ],
                [
                    0.0,
                    0.0,
                    0.0,
                    1.0
                ]
            ],
            "size": [
                0.15068,
                0.17726,
                0.74884
            ]
        },
        "distance": 0.1360678336764718
    },
    {
        "case": 4,
        "collider1": {
            "type": "Box",
            "collider2origin": [
                [
                    0.9984911777768198,
                    0.05491236565527933,
                    0.0,
                    0.9683361376747499
                ],
                [
                    -0.05491236565527933,
                    0.9984911777768198,
                    0.0,
                    1.5728604621669189
                ],
                [
                    0.0,
                    0.0,
                    1.0,
                    0.1860599999999999
                ],
                [
                    0.0,
                    0.0,
                    0.0,
                    1.0
                ]
            ],
            "size": [
                0.62,
                0.62,
                0.29
            ]
        },
        "collider2": {
            "type": "Box",
            "collider2origin": [
                [
                    -0.06698015658145458,
                    0.9898806411539334,
                    0.12509985968417991,
                    0.5803076067713666
                ],
                [
                    -0.46725093200944323,
                    -0.14190248857901186,
                    0.8726627356954059,
                    0.9070504752012465
                ],
                [
                    0.8815839297313843,
                    -1.9393520048348644e-06,
                    0.47202730306160084,
                    0.2688062021289648
                ],
                [
                    0.0,
                    0.0,
                    0.0,
                    1.0
                ]
            ],
            "size": [
                0.15068,
                0.17726,
                0.74884
            ]
        },
        "distance": 0.048320584703120416
    },
    {
        "case": 5,
        "collider1": {
            "type": "Box",
            "collider2origin": [
                [
                    0.9987652092017612,
                    0.049679541947991616,
                    0.0,
                    -0.8452169757328698
                ],
                [
                    -0.049679541947991616,
                    0.9987652092017612,
                    0.0,
                    1.7355619287231678
                ],
                [
                    0.0,
                    0.0,
                    1.0,
                    -0.39990000000000003
                ],
                [
                    0.0,
                    0.0,
                    0.0,
                    1.0
                ]
            ],
            "size": [
                5.96,
                0.78,
                0.87
            ]
        },
        "collider2": {
            "type": "Box",
            "collider2origin": [
                [
                    -0.06698015658145458,
                    0.9898806411539334,
                    0.12509985968417991,
                    0.5803076067713666
                ],
                [
                    -0.46725093200944323,
                    -0.14190248857901186,
                    0.8726627356954059,
                    0.9070504752012465
                ],
                [
                    0.8815839297313843,
                    -1.9393520048348644e-06,
                    0.47202730306160084,
                    0.2688062021289648
                ],
                [
                    0.0,
                    0.0,
                    0.0,
                    1.0
                ]
            ],
            "size": [
                0.15068,
                0.17726,
                0.74884
            ]
        },
        "distance": 0.30033807680526764
    },
    {
        "case": 6,
        "collider1": {
            "type": "Box",
            "collider2origin": [
                [
                    0.9987652092017612,
                    0.049679541947991616,
                    0.0,
                    -0.47864210557426284
                ],
                [
                    -0.049679541947991616,
                    0.9987652092017612,
                    0.0,
                    1.3769077942590573
                ],
                [
                    0.0,
                    0.0,
                    1.0,
                    0.12009999999999998
                ],
                [
                    0.0,
                    0.0,
                    0.0,
                    1.0
                ]
            ],
            "size": [
                4.0,
                0.1,
                0.16
            ]
        },
        "collider2": {
            "type": "Box",
            "collider2origin": [
                [
                    -0.06698015658145458,
                    0.9898806411539334,
                    0.12509985968417991,
                    0.5803076067713666
                ],
                [
                    -0.46725093200944323,
                    -0.14190248857901186,
                    0.8726627356954059,
                    0.9070504752012465
                ],
                [
                    0.8815839297313843,
                    -1.9393520048348644e-06,
                    0.47202730306160084,
                    0.2688062021289648
                ],
                [
                    0.0,
                    0.0,
                    0.0,
                    1.0
                ]
            ],
            "size": [
                0.15068,
                0.17726,
                0.74884
            ]
        },
        "distance": 0.1550165351905172
    },
    {
        "case": 7,
        "collider1": {
            "type": "Box",
            "collider2origin": [
                [
                    0.9987652092017612,
                    0.049679541947991616,
                    0.0,
                    0.7684804570860264
                ],
                [
                    -0.049679541947991616,
                    0.9987652092017612,
                    0.0,
                    1.2398821185496
                ],
                [
                    0.0,
                    0.0,
                    1.0,
                    -0.29858
                ],
                [
                    0.0,
                    0.0,
                    0.0,
                    1.0
                ]
            ],
            "size": [
                0.2,
                0.05,
                1.0
            ]
        },
        "collider2": {
            "type": "Box",
            "collider2origin": [
                [
                    -0.06698015658145458,
                    0.9898806411539334,
                    0.12509985968417991,
                    0.5803076067713666
                ],
                [
                    -0.46725093200944323,
                    -0.14190248857901186,
                    0.8726627356954059,
                    0.9070504752012465
                ],
                [
                    0.8815839297313843,
                    -1.9393520048348644e-06,
                    0.47202730306160084,
                    0.2688062021289648
                ],
                [
                    0.0,
                    0.0,
                    0.0,
                    1.0
                ]
            ],
            "size": [
                0.15068,
                0.17726,
                0.74884
            ]
        },
        "distance": 0.1360678336764718
    }
]