[
    {
        "case": 0,
        "collider1": {
            "type": "Cylinder",
            "collider2origin": [
                [
                    1.0,
                    0.0,
                    0.0,
                    0.36025
                ],
                [
                    0.0,
                    1.0,
                    0.0,
                    0.66562
                ],
                [
                    0.0,
                    0.0,
                    1.0,
                    -0.35
                ],
                [
                    0.0,
                    0.0,
                    0.0,
                    1.0
                ]
            ],
            "radius": 0.11,
            "height": 0.68
        },
        "collider2": {
            "type": "Cylinder",
            "collider2origin": [
                [
                    0.8631197946785032,
                    -0.30376944905996645,
                    0.40342079997434793,
                    0.48055473192161124
                ],
                [
                    -0.13881716266291025,
                    0.6253625193370314,
                    0.7678876967100462,
                    0.7340572368764433
                ],
                [
                    -0.48554507039445616,
                    -0.718780801932164,
                    0.49759435626762977,
                    0.003498132939354859
                ],
                [
                    0.0,
                    0.0,
                    0.0,
                    1.0
                ]
            ],
            "radius": 0.0076,
            "height": 0.02993
        },
        "distance": 0.014682880090670217
    },
    {
        "case": 1,
        "collider1": {
            "type": "Cylinder",
            "collider2origin": [
                [
                    1.0,
                    0.0,
                    0.0,
                    0.36025
                ],
                [
                    0.0,
                    1.0,
                    0.0,
                    0.66562
                ],
                [
                    0.0,
                    0.0,
                    1.0,
                    -0.35
                ],
                [
                    0.0,
                    0.0,
                    0.0,
                    1.0
                ]
            ],
            "radius": 0.11,
            "height": 0.68
        },
        "collider2": {
            "type": "Box",
            "collider2origin": [
                [
                    0.4609307112108938,
                    -0.7125915473495253,
                    0.5289198106600175,
                    0.4145077311524841
                ],
                [
                    0.46816440389270414,
                    0.7015791378343725,
                    0.5372232350553793,
                    0.7839067545845293
                ],
                [
                    -0.7538998410866053,
                    -1.2599484041324758e-06,
                    0.6569893679565931,
                    -0.29238337287707017
                ],
                [
                    0.0,
                    0.0,
                    0.0,
                    1.0
                ]
            ],
            "size": [
                0.1202,
                0.13634,
                0.67816
            ]
        },
        "distance": 0.0
    },
    {
        "case": 2,
        "collider1": {
            "type": "Cylinder",
            "collider2origin": [
                [
                    1.0,
                    0.0,
                    0.0,
                    0.36025
                ],
                [
                    0.0,
                    1.0,
                    0.0,
                    0.66562
                ],
                [
                    0.0,
                    0.0,
                    1.0,
                    -0.35
                ],
                [
                    0.0,
                    0.0,
                    0.0,
                    1.0
                ]
            ],
            "radius": 0.11,
            "height": 0.68
        },
        "collider2": {
            "type": "Box",
            "collider2origin": [
                [
                    -0.6923479558753719,
                    -0.7125939067975916,
                    -0.1134205977331252,
                    0.2116688422400504
                ],
                [
                    -0.7032185159408482,
                    0.7015767413060977,
                    -0.11521195639458606,
                    0.7579634677326357
                ],
                [
                    0.1616725914716076,
                    -7.298087181939156e-06,
                    -0.9868444523396747,
                    -0.1687403609760728
                ],
                [
                    0.0,
                    0.0,
                    0.0,
                    1.0
                ]
            ],
            "size": [
                0.15068,
                0.17726,
                0.74884
            ]
        },
        "distance": 0.0
    },
    {
        "case": 3,
        "collider1": {
            "type": "Cylinder",
            "collider2origin": [
                [
                    1.0,
                    0.0,
                    0.0,
                    0.36025
                ],
                [
                    0.0,
                    1.0,
                    0.0,
                    0.66562
                ],
                [
                    0.0,
                    0.0,
                    1.0,
                    -0.35
                ],
                [
                    0.0,
                    0.0,
                    0.0,
                    1.0
                ]
            ],
            "radius": 0.11,
            "height": 0.68
        },
        "collider2": {
            "type": "Box",
            "collider2origin": [
                [
                    -0.6923479558753719,
                    -0.7125939067975916,
                    -0.1134205977331252,
                    0.2116688422400504
                ],
                [
                    -0.7032185159408482,
                    0.7015767413060977,
                    -0.11521195639458606,
                    0.7579634677326357
                ],
                [
                    0.1616725914716076,
                    -7.298087181939156e-06,
                    -0.9868444523396747,
                    -0.1687403609760728
                ],
                [
                    0.0,
                    0.0,
                    0.0,
                    1.0
                ]
            ],
            "size": [
                0.15068,
                0.17726,
                0.74884
            ]
        },
        "distance": 0.0
    }
]