[
    {
        "case": 0,
        "collider1": {
            "type": "Box",
            "collider2origin": [
                [
                    1.0,
                    0.0,
                    0.0,
                    1.0596
                ],
                [
                    0.0,
                    1.0,
                    0.0,
                    0.84274
                ],
                [
                    0.0,
                    0.0,
                    1.0,
                    0.13693
                ],
                [
                    0.0,
                    0.0,
                    0.0,
                    1.0
                ]
            ],
            "size": [
                0.1,
                0.1,
                2.0
            ]
        },
        "collider2": {
            "type": "Cylinder",
            "collider2origin": [
                [
                    -0.0352686943085698,
                    0.21362008876237626,
                    -0.9762799684920936,
                    1.0804705498342324
                ],
                [
                    0.6190533076434039,
                    -0.7622310459008041,
                    -0.18914765385995758,
                    0.8160591036186846
                ],
                [
                    -0.7845566400824918,
                    -0.6110403344641987,
                    -0.10535932877704993,
                    -0.3567789845386944
                ],
                [
                    0.0,
                    0.0,
                    0.0,
                    1.0
                ]
            ],
            "radius": 0.01271,
            "height": 0.05982
        },
        "distance": 0.0
    },
    {
        "case": 1,
        "collider1": {
            "type": "Box",
            "collider2origin": [
                [
                    1.0,
                    0.0,
                    0.0,
                    1.0596
                ],
                [
                    0.0,
                    1.0,
                    0.0,
                    0.84274
                ],
                [
                    0.0,
                    0.0,
                    1.0,
                    0.13693
                ],
                [
                    0.0,
                    0.0,
                    0.0,
                    1.0
                ]
            ],
            "size": [
                0.1,
                0.1,
                2.0
            ]
        },
        "collider2": {
            "type": "Cylinder",
            "collider2origin": [
                [
                    0.004568275632499643,
                    0.29201433401840665,
                    -0.9564030319826112,
                    1.095172015428522
                ],
                [
                    0.5902922001057767,
                    -0.7727898360559394,
                    -0.23313298304383123,
                    0.8168751888312525
                ],
                [
                    -0.8071767150705145,
                    -0.56349223421128,
                    -0.17590410066724638,
                    -0.35500331162237686
                ],
                [
                    0.0,
                    0.0,
                    0.0,
                    1.0
                ]
            ],
            "radius": 0.01169,
            "height": 0.05502
        },
        "distance": 0.0
    },
    {
        "case": 2,
        "collider1": {
            "type": "Box",
            "collider2origin": [
                [
                    1.0,
                    0.0,
                    0.0,
                    1.0596
                ],
                [
                    0.0,
                    1.0,
                    0.0,
                    0.84274
                ],
                [
                    0.0,
                    0.0,
                    1.0,
                    0.13693
                ],
                [
                    0.0,
                    0.0,
                    0.0,
                    1.0
                ]
            ],
            "size": [
                0.1,
                0.1,
                2.0
            ]
        },
        "collider2": {
            "type": "Cylinder",
            "collider2origin": [
                [
                    -0.15622352800292041,
                    0.03170154848940954,
                    -0.9872128550225092,
                    1.1075829095162866
                ],
                [
                    0.9851568547843232,
                    -0.06698104337616395,
                    -0.15804907876890498,
                    0.7939020855673169
                ],
                [
                    -0.07113494759806836,
                    -0.997250495939517,
                    -0.02076698289607838,
                    -0.29396413208793815
                ],
                [
                    0.0,
                    0.0,
                    0.0,
                    1.0
                ]
            ],
            "radius": 0.00783,
            "height": 0.03683
        },
        "distance": 0.0
    },
    {
        "case": 3,
        "collider1": {
            "type": "Cylinder",
            "collider2origin": [
                [
                    1.0,
                    0.0,
                    0.0,
                    0.36025
                ],
                [
                    0.0,
                    1.0,
                    0.0,
                    0.66562
                ],
                [
                    0.0,
                    0.0,
                    1.0,
                    -0.35
                ],
                [
                    0.0,
                    0.0,
                    0.0,
                    1.0
                ]
            ],
            "radius": 0.11,
            "height": 0.68
        },
        "collider2": {
            "type": "Box",
            "collider2origin": [
                [
                    -0.02262168610889982,
                    0.2182306171560583,
                    0.9756350019619408,
                    0.6108815972892382
                ],
                [
                    0.0050548224192671215,
                    0.975897227028318,
                    -0.21817206752641125,
                    0.665522952197797
                ],
                [
                    -0.9997313179489277,
                    -3.7583483732313015e-06,
                    -0.0231795577605513,
                    -0.48952775147482464
                ],
                [
                    0.0,
                    0.0,
                    0.0,
                    1.0
                ]
            ],
            "size": [
                0.1202,
                0.13634,
                0.67816
            ]
        },
        "distance": 0.0
    },
    {
        "case": 4,
        "collider1": {
            "type": "Box",
            "collider2origin": [
                [
                    1.0,
                    0.0,
                    0.0,
                    1.0596
                ],
                [
                    0.0,
                    1.0,
                    0.0,
                    0.84274
                ],
                [
                    0.0,
                    0.0,
                    1.0,
                    0.13693
                ],
                [
                    0.0,
                    0.0,
                    0.0,
                    1.0
                ]
            ],
            "size": [
                0.1,
                0.1,
                2.0
            ]
        },
        "collider2": {
            "type": "Sphere",
            "collider2origin": [
                [
                    1.0,
                    0.0,
                    0.0,
                    1.1094175141339475
                ],
                [
                    0.0,
                    1.0,
                    0.0,
                    0.8659894103176663
                ],
                [
                    0.0,
                    0.0,
                    1.0,
                    -0.2456983730416925
                ],
                [
                    0.0,
                    0.0,
                    0.0,
                    1.0
                ]
            ],
            "radius": 0.00663
        },
        "distance": 0.0
    },
    {
        "case": 5,
        "collider1": {
            "type": "Box",
            "collider2origin": [
                [
                    1.0,
                    0.0,
                    0.0,
                    1.0596
                ],
                [
                    0.0,
                    1.0,
                    0.0,
                    0.84274
                ],
                [
                    0.0,
                    0.0,
                    1.0,
                    0.13693
                ],
                [
                    0.0,
                    0.0,
                    0.0,
                    1.0
                ]
            ],
            "size": [
                0.1,
                0.1,
                2.0
            ]
        },
        "collider2": {
            "type": "Sphere",
            "collider2origin": [
                [
                    1.0,
                    0.0,
                    0.0,
                    1.1168410634107115
                ],
                [
                    0.0,
                    1.0,
                    0.0,
                    0.8218487156149552
                ],
                [
                    0.0,
                    0.0,
                    1.0,
                    -0.3505045016822519
                ],
                [
                    0.0,
                    0.0,
                    0.0,
                    1.0
                ]
            ],
            "radius": 0.01051
        },
        "distance": 0.0
    },
    {
        "case": 6,
        "collider1": {
            "type": "Box",
            "collider2origin": [
                [
                    1.0,
                    0.0,
                    0.0,
                    1.0596
                ],
                [
                    0.0,
                    1.0,
                    0.0,
                    0.84274
                ],
                [
                    0.0,
                    0.0,
                    1.0,
                    0.13693
                ],
                [
                    0.0,
                    0.0,
                    0.0,
                    1.0
                ]
            ],
            "size": [
                0.1,
                0.1,
                2.0
            ]
        },
        "collider2": {
            "type": "Cylinder",
            "collider2origin": [
                [
                    -0.29548795542983347,
                    -0.3037450724628629,
                    -0.9057735915505739,
                    1.1079785558560313
                ],
                [
                    0.9407930748420411,
                    -0.25737687629375455,
                    -0.22060266063337983,
                    0.8146908522117255
                ],
                [
                    -0.1661182064830757,
                    -0.9173309514585226,
                    0.3618130276414143,
                    -0.3110040898229418
                ],
                [
                    0.0,
                    0.0,
                    0.0,
                    1.0
                ]
            ],
            "radius": 0.00683,
            "height": 0.01183
        },
        "distance": 0.0
    },
    {
        "case": 7,
        "collider1": {
            "type": "Box",
            "collider2origin": [
                [
                    1.0,
                    0.0,
                    0.0,
                    1.0596
                ],
                [
                    0.0,
                    1.0,
                    0.0,
                    0.84274
                ],
                [
                    0.0,
                    0.0,
                    1.0,
                    0.13693
                ],
                [
                    0.0,
                    0.0,
                    0.0,
                    1.0
                ]
            ],
            "size": [
                0.1,
                0.1,
                2.0
            ]
        },
        "collider2": {
            "type": "Cylinder",
            "collider2origin": [
                [
                    -0.29548795542983347,
                    -0.3037450724628629,
                    -0.9057735915505739,
                    1.0931947432363303
                ],
                [
                    0.9407930748420411,
                    -0.25737687629375455,
                    -0.22060266063337983,
                    0.8110892777033719
                ],
                [
                    -0.1661182064830757,
                    -0.9173309514585226,
                    0.3618130276414143,
                    -0.30510406054451045
                ],
                [
                    0.0,
                    0.0,
                    0.0,
                    1.0
                ]
            ],
            "radius": 0.00683,
            "height": 0.01782
        },
        "distance": 0.0
    },
    {
        "case": 8,
        "collider1": {
            "type": "Box",
            "collider2origin": [
                [
                    1.0,
                    0.0,
                    0.0,
                    1.0596
                ],
                [
                    0.0,
                    1.0,
                    0.0,
                    0.84274
                ],
                [
                    0.0,
                    0.0,
                    1.0,
                    0.13693
                ],
                [
                    0.0,
                    0.0,
                    0.0,
                    1.0
                ]
            ],
            "size": [
                0.1,
                0.1,
                2.0
            ]
        },
        "collider2": {
            "type": "Cylinder",
            "collider2origin": [
                [
                    -0.42772802869062326,
                    0.5689417580493039,
                    -0.7023916353575117,
                    1.094007307586359
                ],
                [
                    0.8587642082572433,
                    0.013275964822792972,
                    -0.5121989685408721,
                    0.8565935436014205
                ],
                [
                    -0.2820864549898536,
                    -0.8222706517356619,
                    -0.4942653206583139,
                    -0.25499406144068726
                ],
                [
                    0.0,
                    0.0,
                    0.0,
                    1.0
                ]
            ],
            "radius": 0.00796,
            "height": 0.03037
        },
        "distance": 0.0
    },
    {
        "case": 9,
        "collider1": {
            "type": "Box",
            "collider2origin": [
                [
                    1.0,
                    0.0,
                    0.0,
                    1.0596
                ],
                [
                    0.0,
                    1.0,
                    0.0,
                    0.84274
                ],
                [
                    0.0,
                    0.0,
                    1.0,
                    0.13693
                ],
                [
                    0.0,
                    0.0,
                    0.0,
                    1.0
                ]
            ],
            "size": [
                0.1,
                0.1,
                2.0
            ]
        },
        "collider2": {
            "type": "Cylinder",
            "collider2origin": [
                [
                    -0.42772802869062326,
                    0.8423764184171199,
                    -0.32779674062927816,
                    1.078428497665994
                ],
                [
                    0.8587642082572433,
                    0.265532016778576,
                    -0.43819719611358904,
                    0.8430851151369517
                ],
                [
                    -0.2820864549898536,
                    -0.46892933130723097,
                    -0.8369782041074959,
                    -0.27250830255714653
                ],
                [
                    0.0,
                    0.0,
                    0.0,
                    1.0
                ]
            ],
            "radius": 0.00713,
            "height": 0.01426
        },
        "distance": 0.0
    },
    {
        "case": 10,
        "collider1": {
            "type": "Cylinder",
            "collider2origin": [
                [
                    1.0,
                    0.0,
                    0.0,
                    0.36025
                ],
                [
                    0.0,
                    1.0,
                    0.0,
                    0.66562
                ],
                [
                    0.0,
                    0.0,
                    1.0,
                    -0.35
                ],
                [
                    0.0,
                    0.0,
                    0.0,
                    1.0
                ]
            ],
            "radius": 0.11,
            "height": 0.68
        },
        "collider2": {
            "type": "Box",
            "collider2origin": [
                [
                    -0.9733424129785467,
                    0.21822677419154324,
                    -0.07058060727319711,
                    0.3870137838446019
                ],
                [
                    0.2176558275376875,
                    0.9758980863656433,
                    0.015775479921693033,
                    0.8450449621331774
                ],
                [
                    0.0723221116670726,
                    -7.336791284933897e-06,
                    -0.9973813273318217,
                    -0.1718922707743027
                ],
                [
                    0.0,
                    0.0,
                    0.0,
                    1.0
                ]
            ],
            "size": [
                0.15068,
                0.17726,
                0.74884
            ]
        },
        "distance": 0.0
    },
    {
        "case": 11,
        "collider1": {
            "type": "Cylinder",
            "collider2origin": [
                [
                    1.0,
                    0.0,
                    0.0,
                    0.36025
                ],
                [
                    0.0,
                    1.0,
                    0.0,
                    0.66562
                ],
                [
                    0.0,
                    0.0,
                    1.0,
                    -0.35
                ],
                [
                    0.0,
                    0.0,
                    0.0,
                    1.0
                ]
            ],
            "radius": 0.11,
            "height": 0.68
        },
        "collider2": {
            "type": "Box",
            "collider2origin": [
                [
                    -0.9733424129785467,
                    0.21822677419154324,
                    -0.07058060727319711,
                    0.3870137838446019
                ],
                [
                    0.2176558275376875,
                    0.9758980863656433,
                    0.015775479921693033,
                    0.8450449621331774
                ],
                [
                    0.0723221116670726,
                    -7.336791284933897e-06,
                    -0.9973813273318217,
                    -0.1718922707743027
                ],
                [
                    0.0,
                    0.0,
                    0.0,
                    1.0
                ]
            ],
            "size": [
                0.15068,
                0.17726,
                0.74884
            ]
        },
        "distance": 0.0
    },
    {
        "case": 12,
        "collider1": {
            "type": "Box",
            "collider2origin": [
                [
                    1.0,
                    0.0,
                    0.0,
                    1.0596
                ],
                [
                    0.0,
                    1.0,
                    0.0,
                    0.84274
                ],
                [
                    0.0,
                    0.0,
                    1.0,
                    0.13693
                ],
                [
                    0.0,
                    0.0,
                    0.0,
                    1.0
                ]
            ],
            "size": [
                0.1,
                0.1,
                2.0
            ]
        },
        "collider2": {
            "type": "Box",
            "collider2origin": [
                [
                    -0.13998780819983203,
                    0.7905378497691152,
                    0.5961990620906996,
                    1.0224314212550758
                ],
                [
                    0.9434408934789337,
                    0.2892550021940387,
                    -0.1620210610303404,
                    0.7787241056969558
                ],
                [
                    -0.3005373422173652,
                    0.5397976026143035,
                    -0.7863179090830704,
                    -0.33483854016227255
                ],
                [
                    0.0,
                    0.0,
                    0.0,
                    1.0
                ]
            ],
            "size": [
                0.06241,
                0.05638,
                0.02858
            ]
        },
        "distance": 0.0
    },
    {
        "case": 13,
        "collider1": {
            "type": "Box",
            "collider2origin": [
                [
                    1.0,
                    0.0,
                    0.0,
                    1.0596
                ],
                [
                    0.0,
                    1.0,
                    0.0,
                    0.84274
                ],
                [
                    0.0,
                    0.0,
                    1.0,
                    0.13693
                ],
                [
                    0.0,
                    0.0,
                    0.0,
                    1.0
                ]
            ],
            "size": [
                0.1,
                0.1,
                2.0
            ]
        },
        "collider2": {
            "type": "Box",
            "collider2origin": [
                [
                    -0.2618101087664084,
                    0.7905346557897942,
                    0.5536338365228705,
                    1.0611982179995783
                ],
                [
                    0.956445589147425,
                    0.28925772841126685,
                    0.03926578096496478,
                    0.7951274371171813
                ],
                [
                    -0.12910190528476442,
                    0.5398008193303016,
                    -0.8318339819352044,
                    -0.3055390198848229
                ],
                [
                    0.0,
                    0.0,
                    0.0,
                    1.0
                ]
            ],
            "size": [
                0.07264,
                0.04753,
                0.03326
            ]
        },
        "distance": 0.0
    },
    {
        "case": 14,
        "collider1": {
            "type": "Box",
            "collider2origin": [
                [
                    1.0,
                    0.0,
                    0.0,
                    1.0596
                ],
                [
                    0.0,
                    1.0,
                    0.0,
                    0.84274
                ],
                [
                    0.0,
                    0.0,
                    1.0,
                    0.13693
                ],
                [
                    0.0,
                    0.0,
                    0.0,
                    1.0
                ]
            ],
            "size": [
                0.1,
                0.1,
                2.0
            ]
        },
        "collider2": {
            "type": "Cylinder",
            "collider2origin": [
                [
                    -0.4550691843067215,
                    0.828584969973525,
                    -0.3261272528145838,
                    1.0732798329003033
                ],
                [
                    0.8429019299025403,
                    0.2827492584207002,
                    -0.4577872796715919,
                    0.8364115888459662
                ],
                [
                    -0.2871034204968441,
                    -0.48321817473737066,
                    -0.8270863446717612,
                    -0.28549974041103
                ],
                [
                    0.0,
                    0.0,
                    0.0,
                    1.0
                ]
            ],
            "radius": 0.00713,
            "height": 0.01697
        },
        "distance": 0.0
    }
]