[
    {
        "case": 0,
        "collider1": {
            "type": "Box",
            "collider2origin": [
                [
                    0.9987652092017612,
                    0.049679541947991616,
                    0.0,
                    0.36025
                ],
                [
                    -0.049679541947991616,
                    0.9987652092017612,
                    0.0,
                    0.66562
                ],
                [
                    0.0,
                    0.0,
                    1.0,
                    1.13
                ],
                [
                    0.0,
                    0.0,
                    0.0,
                    1.0
                ]
            ],
            "size": [
                2.0,
                2.0,
                0.05
            ]
        },
        "collider2": {
            "type": "Box",
            "collider2origin": [
                [
                    0.6482359283227855,
                    0.2942194344444302,
                    0.7022998687360661,
                    -0.1585358203828836
                ],
                [
                    -0.37435222575594207,
                    0.9263106723254076,
                    -0.04253174588025301,
                    0.7714622042743626
                ],
                [
                    -0.6630615298017739,
                    -0.2353369132355777,
                    0.7106095587350911,
                    1.187737899306026
                ],
                [
                    0.0,
                    0.0,
                    0.0,
                    1.0
                ]
            ],
            "size": [
                0.07264,
                0.04753,
                0.03326
            ]
        },
        "distance": 0.0
    },
    {
        "case": 1,
        "collider1": {
            "type": "Box",
            "collider2origin": [
                [
                    0.9987652092017612,
                    0.049679541947991616,
                    0.0,
                    0.36025
                ],
                [
                    -0.049679541947991616,
                    0.9987652092017612,
                    0.0,
                    0.66562
                ],
                [
                    0.0,
                    0.0,
                    1.0,
                    1.13
                ],
                [
                    0.0,
                    0.0,
                    0.0,
                    1.0
                ]
            ],
            "size": [
                2.0,
                2.0,
                0.05
            ]
        },
        "collider2": {
            "type": "Box",
            "collider2origin": [
                [
                    -0.7114526228766725,
                    -0.12805467059109923,
                    -0.6909682820084493,
                    -0.055447337282065245
                ],
                [
                    0.09186184299023357,
                    -0.991767110434061,
                    0.08921547210944114,
                    0.6763287143674575
                ],
                [
                    -0.6967040743417111,
                    -1.038199649077971e-06,
                    0.717358650045137,
                    0.8966498746997851
                ],
                [
                    0.0,
                    0.0,
                    0.0,
                    1.0
                ]
            ],
            "size": [
                0.1202,
                0.13634,
                0.67816
            ]
        },
        "distance": 0.0
    },
    {
        "case": 2,
        "collider1": {
            "type": "Box",
            "collider2origin": [
                [
                    0.9987652092017612,
                    0.049679541947991616,
                    0.0,
                    0.36025
                ],
                [
                    -0.049679541947991616,
                    0.9987652092017612,
                    0.0,
                    0.66562
                ],
                [
                    0.0,
                    0.0,
                    1.0,
                    1.13
                ],
                [
                    0.0,
                    0.0,
                    0.0,
                    1.0
                ]
            ],
            "size": [
                2.0,
                2.0,
                0.05
            ]
        },
        "collider2": {
            "type": "Box",
            "collider2origin": [
                [
                    -0.5866248607982878,
                    0.49574102878380527,
                    0.640399957115679,
                    -0.21146146650383613
                ],
                [
                    0.27091442603011334,
                    0.8653221930448007,
                    -0.42169049786888746,
                    0.6508549075829047
                ],
                [
                    -0.7632015765590131,
                    -0.07388054280059345,
                    -0.6419229073131181,
                    1.213294327967004
                ],
                [
                    0.0,
                    0.0,
                    0.0,
                    1.0
                ]
            ],
            "size": [
                0.08993,
                0.0305,
                0.09007
            ]
        },
        "distance": 0.0
    },
    {
        "case": 3,
        "collider1": {
            "type": "Box",
            "collider2origin": [
                [
                    0.9987652092017612,
                    0.049679541947991616,
                    0.0,
                    0.36025
                ],
                [
                    -0.049679541947991616,
                    0.9987652092017612,
                    0.0,
                    0.66562
                ],
                [
                    0.0,
                    0.0,
                    1.0,
                    1.13
                ],
                [
                    0.0,
                    0.0,
                    0.0,
                    1.0
                ]
            ],
            "size": [
                2.0,
                2.0,
                0.05
            ]
        },
        "collider2": {
            "type": "Box",
            "collider2origin": [
                [
                    0.8476887811669088,
                    0.4957393701665268,
                    0.18885498974254217,
                    -0.24976578935252403
                ],
                [
                    -0.5006200146446554,
                    0.8653236524332054,
                    -0.024383959416829283,
                    0.5867040111081175
                ],
                [
                    -0.1755087781877172,
                    -0.07387457889255233,
                    0.9817022029987009,
                    1.2157274966600018
                ],
                [
                    0.0,
                    0.0,
                    0.0,
                    1.0
                ]
            ],
            "size": [
                0.09126,
                0.11887,
                0.10009
            ]
        },
        "distance": 0.0
    },
    {
        "case": 4,
        "collider1": {
            "type": "Box",
            "collider2origin": [
                [
                    0.9987652092017612,
                    0.049679541947991616,
                    0.0,
                    0.36025
                ],
                [
                    -0.049679541947991616,
                    0.9987652092017612,
                    0.0,
                    0.66562
                ],
                [
                    0.0,
                    0.0,
                    1.0,
                    1.13
                ],
                [
                    0.0,
                    0.0,
                    0.0,
                    1.0
                ]
            ],
            "size": [
                2.0,
                2.0,
                0.05
            ]
        },
        "collider2": {
            "type": "Box",
            "collider2origin": [
                [
                    -0.9736203684524743,
                    -0.12805143881976738,
                    0.18885498974254217,
                    -0.270825839195888
                ],
                [
                    0.1257083668932803,
                    -0.9917675277080724,
                    -0.024383959416829283,
                    0.5914488337680335
                ],
                [
                    0.19042264735974238,
                    -6.721156132562428e-08,
                    0.9817022029987009,
                    1.1085086353820728
                ],
                [
                    0.0,
                    0.0,
                    0.0,
                    1.0
                ]
            ],
            "size": [
                0.09102,
                0.10007,
                0.11882
            ]
        },
        "distance": 0.0
    }
]