[
    {
        "case": 0,
        "collider1": {
            "type": "Box",
            "collider2origin": [
                [
                    0.9992356923808713,
                    0.039090038016362835,
                    0.0,
                    -0.7387332447251884
                ],
                [
                    -0.039090038016362835,
                    0.9992356923808713,
                    0.0,
                    0.6397293653589854
                ],
                [
                    0.0,
                    0.0,
                    1.0,
                    -0.40439
                ],
                [
                    0.0,
                    0.0,
                    0.0,
                    1.0
                ]
            ],
            "size": [
                1.2,
                1.4,
                0.812
            ]
        },
        "collider2": {
            "type": "Sphere",
            "collider2origin": [
                [
                    1.0,
                    0.0,
                    0.0,
                    -0.5834687069980573
                ],
                [
                    0.0,
                    1.0,
                    0.0,
                    0.79289045577782
                ],
                [
                    0.0,
                    0.0,
                    1.0,
                    -0.7325842003345588
                ],
                [
                    0.0,
                    0.0,
                    0.0,
                    1.0
                ]
            ],
            "radius": 0.00484
        },
        "distance": 0.0
    },
    {
        "case": 1,
        "collider1": {
            "type": "Box",
            "collider2origin": [
                [
                    0.9992356923808713,
                    0.039090038016362835,
                    0.0,
                    -0.7387332447251884
                ],
                [
                    -0.039090038016362835,
                    0.9992356923808713,
                    0.0,
                    0.6397293653589854
                ],
                [
                    0.0,
                    0.0,
                    1.0,
                    -0.40439
                ],
                [
                    0.0,
                    0.0,
                    0.0,
                    1.0
                ]
            ],
            "size": [
                1.2,
                1.4,
                0.812
            ]
        },
        "collider2": {
            "type": "Cylinder",
            "collider2origin": [
                [
                    0.8660523838343881,
                    -0.3920383437843934,
                    -0.31025667673325447,
                    -0.5866195618388352
                ],
                [
                    -0.20787855585433912,
                    0.2820102680714617,
                    -0.9366198346811672,
                    0.7788300374556957
                ],
                [
                    0.4546864573205228,
                    0.8756575504756707,
                    0.16273930018363758,
                    -0.730944855837751
                ],
                [
                    0.0,
                    0.0,
                    0.0,
                    1.0
                ]
            ],
            "radius": 0.0076,
            "height": 0.02993
        },
        "distance": 0.0
    },
    {
        "case": 2,
        "collider1": {
            "type": "Cylinder",
            "collider2origin": [
                [
                    1.0,
                    0.0,
                    0.0,
                    0.36025
                ],
                [
                    0.0,
                    1.0,
                    0.0,
                    0.66562
                ],
                [
                    0.0,
                    0.0,
                    1.0,
                    -0.35
                ],
                [
                    0.0,
                    0.0,
                    0.0,
                    1.0
                ]
            ],
            "radius": 0.11,
            "height": 0.68
        },
        "collider2": {
            "type": "Box",
            "collider2origin": [
                [
                    -0.5066309835640089,
                    -0.03318503323098941,
                    -0.8615241146145723,
                    0.10582711596874794
                ],
                [
                    -0.016817057110751484,
                    0.9994492250929107,
                    -0.02860826893249429,
                    0.8358650280661135
                ],
                [
                    0.8619989751055963,
                    -5.535189570386463e-06,
                    -0.5069100185301757,
                    -0.02484368967274997
                ],
                [
                    0.0,
                    0.0,
                    0.0,
                    1.0
                ]
            ],
            "size": [
                0.15068,
                0.17726,
                0.74884
            ]
        },
        "distance": 0.004785932094145429
    },
    {
        "case": 3,
        "collider1": {
            "type": "Box",
            "collider2origin": [
                [
                    0.9992356923808713,
                    0.039090038016362835,
                    0.0,
                    -0.10710036334624623
                ],
                [
                    -0.039090038016362835,
                    0.9992356923808713,
                    0.0,
                    0.41486694795461987
                ],
                [
                    0.0,
                    0.0,
                    1.0,
                    -0.40439
                ],
                [
                    0.0,
                    0.0,
                    0.0,
                    1.0
                ]
            ],
            "size": [
                0.08,
                1.0,
                0.812
            ]
        },
        "collider2": {
            "type": "Box",
            "collider2origin": [
                [
                    -0.5066309835640089,
                    -0.03318503323098941,
                    -0.8615241146145723,
                    0.10582711596874794
                ],
                [
                    -0.016817057110751484,
                    0.9994492250929107,
                    -0.02860826893249429,
                    0.8358650280661135
                ],
                [
                    0.8619989751055963,
                    -5.535189570386463e-06,
                    -0.5069100185301757,
                    -0.02484368967274997
                ],
                [
                    0.0,
                    0.0,
                    0.0,
                    1.0
                ]
            ],
            "size": [
                0.15068,
                0.17726,
                0.74884
            ]
        },
        "distance": 0.0
    },
    {
        "case": 4,
        "collider1": {
            "type": "Box",
            "collider2origin": [
                [
                    0.9992356923808713,
                    0.039090038016362835,
                    0.0,
                    -0.7387332447251884
                ],
                [
                    -0.039090038016362835,
                    0.9992356923808713,
                    0.0,
                    0.6397293653589854
                ],
                [
                    0.0,
                    0.0,
                    1.0,
                    -0.40439
                ],
                [
                    0.0,
                    0.0,
                    0.0,
                    1.0
                ]
            ],
            "size": [
                1.2,
                1.4,
                0.812
            ]
        },
        "collider2": {
            "type": "Box",
            "collider2origin": [
                [
                    -0.5066309835640089,
                    -0.03318503323098941,
                    -0.8615241146145723,
                    0.10582711596874794
                ],
                [
                    -0.016817057110751484,
                    0.9994492250929107,
                    -0.02860826893249429,
                    0.8358650280661135
                ],
                [
                    0.8619989751055963,
                    -5.535189570386463e-06,
                    -0.5069100185301757,
                    -0.02484368967274997
                ],
                [
                    0.0,
                    0.0,
                    0.0,
                    1.0
                ]
            ],
            "size": [
                0.15068,
                0.17726,
                0.74884
            ]
        },
        "distance": 0.0
    },
    {
        "case": 5,
        "collider1": {
            "type": "Cylinder",
            "collider2origin": [
                [
                    1.0,
                    0.0,
                    0.0,
                    0.36025
                ],
                [
                    0.0,
                    1.0,
                    0.0,
                    0.66562
                ],
                [
                    0.0,
                    0.0,
                    1.0,
                    -0.35
                ],
                [
                    0.0,
                    0.0,
                    0.0,
                    1.0
                ]
            ],
            "radius": 0.11,
            "height": 0.68
        },
        "collider2": {
            "type": "Box",
            "collider2origin": [
                [
                    -0.5066309835640089,
                    -0.03318503323098941,
                    -0.8615241146145723,
                    0.10582711596874794
                ],
                [
                    -0.016817057110751484,
                    0.9994492250929107,
                    -0.02860826893249429,
                    0.8358650280661135
                ],
                [
                    0.8619989751055963,
                    -5.535189570386463e-06,
                    -0.5069100185301757,
                    -0.02484368967274997
                ],
                [
                    0.0,
                    0.0,
                    0.0,
                    1.0
                ]
            ],
            "size": [
                0.15068,
                0.17726,
                0.74884
            ]
        },
        "distance": 0.004785932094145429
    },
    {
        "case": 6,
        "collider1": {
            "type": "Box",
            "collider2origin": [
                [
                    0.9992356923808713,
                    0.039090038016362835,
                    0.0,
                    -0.10710036334624623
                ],
                [
                    -0.039090038016362835,
                    0.9992356923808713,
                    0.0,
                    0.41486694795461987
                ],
                [
                    0.0,
                    0.0,
                    1.0,
                    -0.40439
                ],
                [
                    0.0,
                    0.0,
                    0.0,
                    1.0
                ]
            ],
            "size": [
                0.08,
                1.0,
                0.812
            ]
        },
        "collider2": {
            "type": "Box",
            "collider2origin": [
                [
                    -0.5066309835640089,
                    -0.03318503323098941,
                    -0.8615241146145723,
                    0.10582711596874794
                ],
                [
                    -0.016817057110751484,
                    0.9994492250929107,
                    -0.02860826893249429,
                    0.8358650280661135
                ],
                [
                    0.8619989751055963,
                    -5.535189570386463e-06,
                    -0.5069100185301757,
                    -0.02484368967274997
                ],
                [
                    0.0,
                    0.0,
                    0.0,
                    1.0
                ]
            ],
            "size": [
                0.15068,
                0.17726,
                0.74884
            ]
        },
        "distance": 0.0
    },
    {
        "case": 7,
        "collider1": {
            "type": "Box",
            "collider2origin": [
                [
                    0.9992356923808713,
                    0.039090038016362835,
                    0.0,
                    -0.7387332447251884
                ],
                [
                    -0.039090038016362835,
                    0.9992356923808713,
                    0.0,
                    0.6397293653589854
                ],
                [
                    0.0,
                    0.0,
                    1.0,
                    -0.40439
                ],
                [
                    0.0,
                    0.0,
                    0.0,
                    1.0
                ]
            ],
            "size": [
                1.2,
                1.4,
                0.812
            ]
        },
        "collider2": {
            "type": "Box",
            "collider2origin": [
                [
                    -0.5066309835640089,
                    -0.03318503323098941,
                    -0.8615241146145723,
                    0.10582711596874794
                ],
                [
                    -0.016817057110751484,
                    0.9994492250929107,
                    -0.02860826893249429,
                    0.8358650280661135
                ],
                [
                    0.8619989751055963,
                    -5.535189570386463e-06,
                    -0.5069100185301757,
                    -0.02484368967274997
                ],
                [
                    0.0,
                    0.0,
                    0.0,
                    1.0
                ]
            ],
            "size": [
                0.15068,
                0.17726,
                0.74884
            ]
        },
        "distance": 0.0
    },
    {
        "case": 8,
        "collider1": {
            "type": "Box",
            "collider2origin": [
                [
                    0.9992356923808713,
                    0.039090038016362835,
                    0.0,
                    -0.7387332447251884
                ],
                [
                    -0.039090038016362835,
                    0.9992356923808713,
                    0.0,
                    0.6397293653589854
                ],
                [
                    0.0,
                    0.0,
                    1.0,
                    -0.40439
                ],
                [
                    0.0,
                    0.0,
                    0.0,
                    1.0
                ]
            ],
            "size": [
                1.2,
                1.4,
                0.812
            ]
        },
        "collider2": {
            "type": "Sphere",
            "collider2origin": [
                [
                    1.0,
                    0.0,
                    0.0,
                    -0.5111089924828689
                ],
                [
                    0.0,
                    1.0,
                    0.0,
                    0.7682431169408244
                ],
                [
                    0.0,
                    0.0,
                    1.0,
                    -0.717240979298125
                ],
                [
                    0.0,
                    0.0,
                    0.0,
                    1.0
                ]
            ],
            "radius": 0.00663
        },
        "distance": 0.0
    },
    {
        "case": 9,
        "collider1": {
            "type": "Box",
            "collider2origin": [
                [
                    0.9992356923808713,
                    0.039090038016362835,
                    0.0,
                    -0.7387332447251884
                ],
                [
                    -0.039090038016362835,
                    0.9992356923808713,
                    0.0,
                    0.6397293653589854
                ],
                [
                    0.0,
                    0.0,
                    1.0,
                    -0.40439
                ],
                [
                    0.0,
                    0.0,
                    0.0,
                    1.0
                ]
            ],
            "size": [
                1.2,
                1.4,
                0.812
            ]
        },
        "collider2": {
            "type": "Box",
            "collider2origin": [
                [
                    0.7643174235228344,
                    0.6042358427539934,
                    0.22520639962218375,
                    -0.6295896610745175
                ],
                [
                    0.08296091962134938,
                    -0.4384816825289053,
                    0.8949029555779774,
                    0.7597864182777601
                ],
                [
                    0.639481322569311,
                    -0.6653065912930602,
                    -0.3852671510355029,
                    -0.6483620349585155
                ],
                [
                    0.0,
                    0.0,
                    0.0,
                    1.0
                ]
            ],
            "size": [
                0.06241,
                0.05638,
                0.02858
            ]
        },
        "distance": 0.0
    },
    {
        "case": 10,
        "collider1": {
            "type": "Box",
            "collider2origin": [
                [
                    0.9992356923808713,
                    0.039090038016362835,
                    0.0,
                    -0.7387332447251884
                ],
                [
                    -0.039090038016362835,
                    0.9992356923808713,
                    0.0,
                    0.6397293653589854
                ],
                [
                    0.0,
                    0.0,
                    1.0,
                    -0.40439
                ],
                [
                    0.0,
                    0.0,
                    0.0,
                    1.0
                ]
            ],
            "size": [
                1.2,
                1.4,
                0.812
            ]
        },
        "collider2": {
            "type": "Cylinder",
            "collider2origin": [
                [
                    0.6726864650969486,
                    -0.057914759250115674,
                    -0.7376576443963502,
                    -0.5551853738821388
                ],
                [
                    -0.07353899786357618,
                    0.9867633177035011,
                    -0.144534323356078,
                    0.7331204369965957
                ],
                [
                    0.7362641750544376,
                    0.1514728869988933,
                    0.6595233347165422,
                    -0.712757267722295
                ],
                [
                    0.0,
                    0.0,
                    0.0,
                    1.0
                ]
            ],
            "radius": 0.00683,
            "height": 0.01183
        },
        "distance": 0.0
    },
    {
        "case": 11,
        "collider1": {
            "type": "Box",
            "collider2origin": [
                [
                    0.9992356923808713,
                    0.039090038016362835,
                    0.0,
                    -0.10710036334624623
                ],
                [
                    -0.039090038016362835,
                    0.9992356923808713,
                    0.0,
                    0.41486694795461987
                ],
                [
                    0.0,
                    0.0,
                    1.0,
                    -0.40439
                ],
                [
                    0.0,
                    0.0,
                    0.0,
                    1.0
                ]
            ],
            "size": [
                0.08,
                1.0,
                0.812
            ]
        },
        "collider2": {
            "type": "Box",
            "collider2origin": [
                [
                    -0.4805611663091714,
                    -0.033185087627457845,
                    -0.8763331075537011,
                    -0.40453526780443594
                ],
                [
                    -0.015951480784998653,
                    0.9994492232872919,
                    -0.029099833868850473,
                    0.6925102331979701
                ],
                [
                    0.8768161242223678,
                    -5.439377016887746e-06,
                    -0.4808258356973744,
                    -0.31780640089028667
                ],
                [
                    0.0,
                    0.0,
                    0.0,
                    1.0
                ]
            ],
            "size": [
                0.1202,
                0.13634,
                0.67816
            ]
        },
        "distance": 0.0
    },
    {
        "case": 12,
        "collider1": {
            "type": "Box",
            "collider2origin": [
                [
                    0.9992356923808713,
                    0.039090038016362835,
                    0.0,
                    -0.7387332447251884
                ],
                [
                    -0.039090038016362835,
                    0.9992356923808713,
                    0.0,
                    0.6397293653589854
                ],
                [
                    0.0,
                    0.0,
                    1.0,
                    -0.40439
                ],
                [
                    0.0,
                    0.0,
                    0.0,
                    1.0
                ]
            ],
            "size": [
                1.2,
                1.4,
                0.812
            ]
        },
        "collider2": {
            "type": "Box",
            "collider2origin": [
                [
                    -0.4805611663091714,
                    -0.033185087627457845,
                    -0.8763331075537011,
                    -0.40453526780443594
                ],
                [
                    -0.015951480784998653,
                    0.9994492232872919,
                    -0.029099833868850473,
                    0.6925102331979701
                ],
                [
                    0.8768161242223678,
                    -5.439377016887746e-06,
                    -0.4808258356973744,
                    -0.31780640089028667
                ],
                [
                    0.0,
                    0.0,
                    0.0,
                    1.0
                ]
            ],
            "size": [
                0.1202,
                0.13634,
                0.67816
            ]
        },
        "distance": 0.0
    },
    {
        "case": 13,
        "collider1": {
            "type": "Box",
            "collider2origin": [
                [
                    0.9992356923808713,
                    0.039090038016362835,
                    0.0,
                    -0.7387332447251884
                ],
                [
                    -0.039090038016362835,
                    0.9992356923808713,
                    0.0,
                    0.6397293653589854
                ],
                [
                    0.0,
                    0.0,
                    1.0,
                    -0.40439
                ],
                [
                    0.0,
                    0.0,
                    0.0,
                    1.0
                ]
            ],
            "size": [
                1.2,
                1.4,
                0.812
            ]
        },
        "collider2": {
            "type": "Cylinder",
            "collider2origin": [
                [
                    0.6090753997823806,
                    -0.5589042262808473,
                    -0.5627194889332876,
                    -0.5210983024102278
                ],
                [
                    0.0218717484238327,
                    0.7210745767947156,
                    -0.6925121524718576,
                    0.7533574890885905
                ],
                [
                    0.7928106861040769,
                    0.40948445702581715,
                    0.45141299876438434,
                    -0.7077121613955748
                ],
                [
                    0.0,
                    0.0,
                    0.0,
                    1.0
                ]
            ],
            "radius": 0.00796,
            "height": 0.03037
        },
        "distance": 0.0
    },
    {
        "case": 14,
        "collider1": {
            "type": "Box",
            "collider2origin": [
                [
                    0.9992356923808713,
                    0.039090038016362835,
                    0.0,
                    -0.7387332447251884
                ],
                [
                    -0.039090038016362835,
                    0.9992356923808713,
                    0.0,
                    0.6397293653589854
                ],
                [
                    0.0,
                    0.0,
                    1.0,
                    -0.40439
                ],
                [
                    0.0,
                    0.0,
                    0.0,
                    1.0
                ]
            ],
            "size": [
                1.2,
                1.4,
                0.812
            ]
        },
        "collider2": {
            "type": "Box",
            "collider2origin": [
                [
                    0.1274149256300731,
                    0.7139156355129082,
                    -0.6885418666260484,
                    -0.7397472867594913
                ],
                [
                    0.98014035959093,
                    -0.19698228354574898,
                    -0.022866033107303535,
                    0.7967562304172611
                ],
                [
                    -0.15195496776231135,
                    -0.6719541988404436,
                    -0.7248360107176329,
                    -0.5406995401748498
                ],
                [
                    0.0,
                    0.0,
                    0.0,
                    1.0
                ]
            ],
            "size": [
                0.09126,
                0.11887,
                0.10009
            ]
        },
        "distance": 0.0
    },
    {
        "case": 15,
        "collider1": {
            "type": "Box",
            "collider2origin": [
                [
                    0.9992356923808713,
                    0.039090038016362835,
                    0.0,
                    -0.7387332447251884
                ],
                [
                    -0.039090038016362835,
                    0.9992356923808713,
                    0.0,
                    0.6397293653589854
                ],
                [
                    0.0,
                    0.0,
                    1.0,
                    -0.40439
                ],
                [
                    0.0,
                    0.0,
                    0.0,
                    1.0
                ]
            ],
            "size": [
                1.2,
                1.4,
                0.812
            ]
        },
        "collider2": {
            "type": "Box",
            "collider2origin": [
                [
                    -0.7244369493915005,
                    -0.03318439783171331,
                    -0.6885418666260484,
                    -0.6657266971489108
                ],
                [
                    -0.02404888416392564,
                    0.9994492461853205,
                    -0.022866033107303535,
                    0.7956596920473578
                ],
                [
                    0.6889214451059037,
                    -6.335676437046696e-06,
                    -0.7248360107176329,
                    -0.4601174732525788
                ],
                [
                    0.0,
                    0.0,
                    0.0,
                    1.0
                ]
            ],
            "size": [
                0.09102,
                0.10007,
                0.11882
            ]
        },
        "distance": 0.0
    },
    {
        "case": 16,
        "collider1": {
            "type": "Box",
            "collider2origin": [
                [
                    0.9992356923808713,
                    0.039090038016362835,
                    0.0,
                    -0.7387332447251884
                ],
                [
                    -0.039090038016362835,
                    0.9992356923808713,
                    0.0,
                    0.6397293653589854
                ],
                [
                    0.0,
                    0.0,
                    1.0,
                    -0.40439
                ],
                [
                    0.0,
                    0.0,
                    0.0,
                    1.0
                ]
            ],
            "size": [
                1.2,
                1.4,
                0.812
            ]
        },
        "collider2": {
            "type": "Box",
            "collider2origin": [
                [
                    -0.19444649238903272,
                    0.7139206355859676,
                    0.672687065196091,
                    -0.6883816120118712
                ],
                [
                    -0.9776449724607118,
                    -0.19698246968369207,
                    -0.07354056336204735,
                    0.781840009254028
                ],
                [
                    0.08000543368981786,
                    -0.671948831922373,
                    0.7362634704086999,
                    -0.5928920957296837
                ],
                [
                    0.0,
                    0.0,
                    0.0,
                    1.0
                ]
            ],
            "size": [
                0.08993,
                0.0305,
                0.09007
            ]
        },
        "distance": 0.0
    },
    {
        "case": 17,
        "collider1": {
            "type": "Box",
            "collider2origin": [
                [
                    0.9992356923808713,
                    0.039090038016362835,
                    0.0,
                    -0.7387332447251884
                ],
                [
                    -0.039090038016362835,
                    0.9992356923808713,
                    0.0,
                    0.6397293653589854
                ],
                [
                    0.0,
                    0.0,
                    1.0,
                    -0.40439
                ],
                [
                    0.0,
                    0.0,
                    0.0,
                    1.0
                ]
            ],
            "size": [
                1.2,
                1.4,
                0.812
            ]
        },
        "collider2": {
            "type": "Cylinder",
            "collider2origin": [
                [
                    0.8672758763227875,
                    -0.23480608349965268,
                    -0.4389745522238104,
                    -0.5966535720067835
                ],
                [
                    -0.21314003932095343,
                    0.6217402318174498,
                    -0.7536646520687073,
                    0.7562058277901411
                ],
                [
                    0.44989318508597476,
                    0.747198224898278,
                    0.48917372652469676,
                    -0.7228246355846706
                ],
                [
                    0.0,
                    0.0,
                    0.0,
                    1.0
                ]
            ],
            "radius": 0.00783,
            "height": 0.03044
        },
        "distance": 0.0
    },
    {
        "case": 18,
        "collider1": {
            "type": "Box",
            "collider2origin": [
                [
                    0.9992356923808713,
                    0.039090038016362835,
                    0.0,
                    -0.7387332447251884
                ],
                [
                    -0.039090038016362835,
                    0.9992356923808713,
                    0.0,
                    0.6397293653589854
                ],
                [
                    0.0,
                    0.0,
                    1.0,
                    -0.40439
                ],
                [
                    0.0,
                    0.0,
                    0.0,
                    1.0
                ]
            ],
            "size": [
                1.2,
                1.4,
                0.812
            ]
        },
        "collider2": {
            "type": "Box",
            "collider2origin": [
                [
                    0.700158005202362,
                    0.6042363134785986,
                    0.3803646214158746,
                    -0.598280195161025
                ],
                [
                    -0.10639756277767298,
                    -0.4384858751862473,
                    0.8924178930843562,
                    0.7351239814733351
                ],
                [
                    0.7060158117110554,
                    -0.665303400514339,
                    -0.24272012458392594,
                    -0.6806401584337051
                ],
                [
                    0.0,
                    0.0,
                    0.0,
                    1.0
                ]
            ],
            "size": [
                0.07264,
                0.04753,
                0.03326
            ]
        },
        "distance": 0.0
    },
    {
        "case": 19,
        "collider1": {
            "type": "Box",
            "collider2origin": [
                [
                    0.9992356923808713,
                    0.039090038016362835,
                    0.0,
                    -0.7387332447251884
                ],
                [
                    -0.039090038016362835,
                    0.9992356923808713,
                    0.0,
                    0.6397293653589854
                ],
                [
                    0.0,
                    0.0,
                    1.0,
                    -0.40439
                ],
                [
                    0.0,
                    0.0,
                    0.0,
                    1.0
                ]
            ],
            "size": [
                1.2,
                1.4,
                0.812
            ]
        },
        "collider2": {
            "type": "Cylinder",
            "collider2origin": [
                [
                    0.6090753997823806,
                    -0.20628151375498477,
                    -0.765816619343616,
                    -0.5390134326459569
                ],
                [
                    0.0218717484238327,
                    0.9695854630449883,
                    -0.24377378134803554,
                    0.7388574541483042
                ],
                [
                    0.7928106861040769,
                    0.13172686489394386,
                    0.5950623909006475,
                    -0.6935444976725982
                ],
                [
                    0.0,
                    0.0,
                    0.0,
                    1.0
                ]
            ],
            "radius": 0.00713,
            "height": 0.01426
        },
        "distance": 0.0
    },
    {
        "case": 20,
        "collider1": {
            "type": "Box",
            "collider2origin": [
                [
                    0.9992356923808713,
                    0.039090038016362835,
                    0.0,
                    -0.7387332447251884
                ],
                [
                    -0.039090038016362835,
                    0.9992356923808713,
                    0.0,
                    0.6397293653589854
                ],
                [
                    0.0,
                    0.0,
                    1.0,
                    -0.40439
                ],
                [
                    0.0,
                    0.0,
                    0.0,
                    1.0
                ]
            ],
            "size": [
                1.2,
                1.4,
                0.812
            ]
        },
        "collider2": {
            "type": "Sphere",
            "collider2origin": [
                [
                    1.0,
                    0.0,
                    0.0,
                    -0.5308254171356636
                ],
                [
                    0.0,
                    1.0,
                    0.0,
                    0.7664254581627974
                ],
                [
                    0.0,
                    0.0,
                    1.0,
                    -0.6909436556974171
                ],
                [
                    0.0,
                    0.0,
                    0.0,
                    1.0
                ]
            ],
            "radius": 0.01051
        },
        "distance": 0.0
    },
    {
        "case": 21,
        "collider1": {
            "type": "Box",
            "collider2origin": [
                [
                    0.9992356923808713,
                    0.039090038016362835,
                    0.0,
                    -0.7387332447251884
                ],
                [
                    -0.039090038016362835,
                    0.9992356923808713,
                    0.0,
                    0.6397293653589854
                ],
                [
                    0.0,
                    0.0,
                    1.0,
                    -0.40439
                ],
                [
                    0.0,
                    0.0,
                    0.0,
                    1.0
                ]
            ],
            "size": [
                1.2,
                1.4,
                0.812
            ]
        },
        "collider2": {
            "type": "Sphere",
            "collider2origin": [
                [
                    1.0,
                    0.0,
                    0.0,
                    -0.5455693185489755
                ],
                [
                    0.0,
                    1.0,
                    0.0,
                    0.7399217819657388
                ],
                [
                    0.0,
                    0.0,
                    1.0,
                    -0.7613919503311907
                ],
                [
                    0.0,
                    0.0,
                    0.0,
                    1.0
                ]
            ],
            "radius": 0.00487
        },
        "distance": 0.0
    },
    {
        "case": 22,
        "collider1": {
            "type": "Box",
            "collider2origin": [
                [
                    0.9992356923808713,
                    0.039090038016362835,
                    0.0,
                    -0.7387332447251884
                ],
                [
                    -0.039090038016362835,
                    0.9992356923808713,
                    0.0,
                    0.6397293653589854
                ],
                [
                    0.0,
                    0.0,
                    1.0,
                    -0.40439
                ],
                [
                    0.0,
                    0.0,
                    0.0,
                    1.0
                ]
            ],
            "size": [
                1.2,
                1.4,
                0.812
            ]
        },
        "collider2": {
            "type": "Cylinder",
            "collider2origin": [
                [
                    0.7746785844845488,
                    -0.16625685782171826,
                    -0.6101079805807037,
                    -0.5551310866922543
                ],
                [
                    -0.1422827403727187,
                    0.8942503260706487,
                    -0.4243488848984608,
                    0.7317094119452934
                ],
                [
                    0.6161401727959677,
                    0.41554182888102437,
                    0.6691010954386251,
                    -0.7507115304601616
                ],
                [
                    0.0,
                    0.0,
                    0.0,
                    1.0
                ]
            ],
            "radius": 0.0076,
            "height": 0.02993
        },
        "distance": 0.0
    },
    {
        "case": 23,
        "collider1": {
            "type": "Box",
            "collider2origin": [
                [
                    0.9992356923808713,
                    0.039090038016362835,
                    0.0,
                    -0.7387332447251884
                ],
                [
                    -0.039090038016362835,
                    0.9992356923808713,
                    0.0,
                    0.6397293653589854
                ],
                [
                    0.0,
                    0.0,
                    1.0,
                    -0.40439
                ],
                [
                    0.0,
                    0.0,
                    0.0,
                    1.0
                ]
            ],
            "size": [
                1.2,
                1.4,
                0.812
            ]
        },
        "collider2": {
            "type": "Cylinder",
            "collider2origin": [
                [
                    0.7734741171174098,
                    0.18205235307333953,
                    -0.6071200300516388,
                    -0.5777534143437286
                ],
                [
                    -0.14940216323672859,
                    0.9832392088699384,
                    0.10449713757324926,
                    0.7257517690185024
                ],
                [
                    0.6159681678217055,
                    0.009879214608297049,
                    0.7877090943673901,
                    -0.7237496428707106
                ],
                [
                    0.0,
                    0.0,
                    0.0,
                    1.0
                ]
            ],
            "radius": 0.00783,
            "height": 0.03683
        },
        "distance": 0.0
    },
    {
        "case": 24,
        "collider1": {
            "type": "Box",
            "collider2origin": [
                [
                    0.9992356923808713,
                    0.039090038016362835,
                    0.0,
                    -0.7387332447251884
                ],
                [
                    -0.039090038016362835,
                    0.9992356923808713,
                    0.0,
                    0.6397293653589854
                ],
                [
                    0.0,
                    0.0,
                    1.0,
                    -0.40439
                ],
                [
                    0.0,
                    0.0,
                    0.0,
                    1.0
                ]
            ],
            "size": [
                1.2,
                1.4,
                0.812
            ]
        },
        "collider2": {
            "type": "Cylinder",
            "collider2origin": [
                [
                    0.6726864650969486,
                    -0.057914759250115674,
                    -0.7376576443963502,
                    -0.5672242558561025
                ],
                [
                    -0.07353899786357618,
                    0.9867633177035011,
                    -0.144534323356078,
                    0.7307667592185871
                ],
                [
                    0.7362641750544376,
                    0.1514728869988933,
                    0.6595233347165422,
                    -0.7019930528538392
                ],
                [
                    0.0,
                    0.0,
                    0.0,
                    1.0
                ]
            ],
            "radius": 0.00683,
            "height": 0.01782
        },
        "distance": 0.0
    },
    {
        "case": 25,
        "collider1": {
            "type": "Box",
            "collider2origin": [
                [
                    0.9992356923808713,
                    0.039090038016362835,
                    0.0,
                    -0.7387332447251884
                ],
                [
                    -0.039090038016362835,
                    0.9992356923808713,
                    0.0,
                    0.6397293653589854
                ],
                [
                    0.0,
                    0.0,
                    1.0,
                    -0.40439
                ],
                [
                    0.0,
                    0.0,
                    0.0,
                    1.0
                ]
            ],
            "size": [
                1.2,
                1.4,
                0.812
            ]
        },
        "collider2": {
            "type": "Sphere",
            "collider2origin": [
                [
                    1.0,
                    0.0,
                    0.0,
                    -0.5227755291162509
                ],
                [
                    0.0,
                    1.0,
                    0.0,
                    0.7594925810181196
                ],
                [
                    0.0,
                    0.0,
                    1.0,
                    -0.7397342816778658
                ],
                [
                    0.0,
                    0.0,
                    0.0,
                    1.0
                ]
            ],
            "radius": 0.00563
        },
        "distance": 0.0
    },
    {
        "case": 26,
        "collider1": {
            "type": "Box",
            "collider2origin": [
                [
                    0.9992356923808713,
                    0.039090038016362835,
                    0.0,
                    -0.7387332447251884
                ],
                [
                    -0.039090038016362835,
                    0.9992356923808713,
                    0.0,
                    0.6397293653589854
                ],
                [
                    0.0,
                    0.0,
                    1.0,
                    -0.40439
                ],
                [
                    0.0,
                    0.0,
                    0.0,
                    1.0
                ]
            ],
            "size": [
                1.2,
                1.4,
                0.812
            ]
        },
        "collider2": {
            "type": "Cylinder",
            "collider2origin": [
                [
                    0.6726864650969486,
                    -0.4161019676579265,
                    -0.6118431761379485,
                    -0.5346200444466698
                ],
                [
                    -0.07353899786357618,
                    0.7852050268820323,
                    -0.6148537074397507,
                    0.7453304343690014
                ],
                [
                    0.7362641750544376,
                    0.45859810103225174,
                    0.49759707219900323,
                    -0.7303271535892117
                ],
                [
                    0.0,
                    0.0,
                    0.0,
                    1.0
                ]
            ],
            "radius": 0.00813,
            "height": 0.03824
        },
        "distance": 0.0
    },
    {
        "case": 27,
        "collider1": {
            "type": "Box",
            "collider2origin": [
                [
                    0.9992356923808713,
                    0.039090038016362835,
                    0.0,
                    -0.7387332447251884
                ],
                [
                    -0.039090038016362835,
                    0.9992356923808713,
                    0.0,
                    0.6397293653589854
                ],
                [
                    0.0,
                    0.0,
                    1.0,
                    -0.40439
                ],
                [
                    0.0,
                    0.0,
                    0.0,
                    1.0
                ]
            ],
            "size": [
                1.2,
                1.4,
                0.812
            ]
        },
        "collider2": {
            "type": "Cylinder",
            "collider2origin": [
                [
                    0.6523238158941616,
                    -0.1338680067127304,
                    -0.7460247958319081,
                    -0.5569792182504603
                ],
                [
                    0.29023355507569837,
                    0.9533752690432086,
                    0.08270477546617988,
                    0.7707234179185685
                ],
                [
                    0.7001700670018689,
                    -0.27047172339368525,
                    0.6607623809805216,
                    -0.6646147888553856
                ],
                [
                    0.0,
                    0.0,
                    0.0,
                    1.0
                ]
            ],
            "radius": 0.01271,
            "height": 0.05982
        },
        "distance": 0.0
    },
    {
        "case": 28,
        "collider1": {
            "type": "Box",
            "collider2origin": [
                [
                    0.9992356923808713,
                    0.039090038016362835,
                    0.0,
                    -0.7387332447251884
                ],
                [
                    -0.039090038016362835,
                    0.9992356923808713,
                    0.0,
                    0.6397293653589854
                ],
                [
                    0.0,
                    0.0,
                    1.0,
                    -0.40439
                ],
                [
                    0.0,
                    0.0,
                    0.0,
                    1.0
                ]
            ],
            "size": [
                1.2,
                1.4,
                0.812
            ]
        },
        "collider2": {
            "type": "Cylinder",
            "collider2origin": [
                [
                    0.6686232938983178,
                    -0.10435555772870854,
                    -0.7362423571268462,
                    -0.5471263235582247
                ],
                [
                    0.3294304509936662,
                    0.9292094478443006,
                    0.16746754908040917,
                    0.7704665884426819
                ],
                [
                    0.6666471846596771,
                    -0.35451335603615824,
                    0.6556689801853574,
                    -0.6756966030030799
                ],
                [
                    0.0,
                    0.0,
                    0.0,
                    1.0
                ]
            ],
            "radius": 0.01169,
            "height": 0.05502
        },
        "distance": 0.0
    },
    {
        "case": 29,
        "collider1": {
            "type": "Box",
            "collider2origin": [
                [
                    0.9992356923808713,
                    0.039090038016362835,
                    0.0,
                    -0.7387332447251884
                ],
                [
                    -0.039090038016362835,
                    0.9992356923808713,
                    0.0,
                    0.6397293653589854
                ],
                [
                    0.0,
                    0.0,
                    1.0,
                    -0.40439
                ],
                [
                    0.0,
                    0.0,
                    0.0,
                    1.0
                ]
            ],
            "size": [
                1.2,
                1.4,
                0.812
            ]
        },
        "collider2": {
            "type": "Cylinder",
            "collider2origin": [
                [
                    0.598495698623572,
                    -0.19799992918215642,
                    -0.7762724565337501,
                    -0.5507862236274669
                ],
                [
                    -0.007176130294156127,
                    0.9676128411317911,
                    -0.25233686379691633,
                    0.7350688848377482
                ],
                [
                    0.801093878320814,
                    0.15659315987846745,
                    0.5776912500602661,
                    -0.684224074150995
                ],
                [
                    0.0,
                    0.0,
                    0.0,
                    1.0
                ]
            ],
            "radius": 0.00713,
            "height": 0.01697
        },
        "distance": 0.0
    }
]