[
    {
        "case": 0,
        "collider1": {
            "type": "Cylinder",
            "collider2origin": [
                [
                    1.0,
                    0.0,
                    0.0,
                    0.36025
                ],
                [
                    0.0,
                    1.0,
                    0.0,
                    0.66562
                ],
                [
                    0.0,
                    0.0,
                    1.0,
                    -0.35
                ],
                [
                    0.0,
                    0.0,
                    0.0,
                    1.0
                ]
            ],
            "radius": 0.11,
            "height": 0.68
        },
        "collider2": {
            "type": "Box",
            "collider2origin": [
                [
                    -0.23877788792970842,
                    -0.9635584523203383,
                    0.12058287273846895,
                    0.23801422779695755
                ],
                [
                    -0.8601174593492966,
                    0.2674978671199134,
                    0.4343303434124862,
                    0.8470602313068657
                ],
                [
                    -0.45075833476302873,
                    -6.9520770330601985e-06,
                    -0.8926460236809044,
                    -0.140423090011911
                ],
                [
                    0.0,
                    0.0,
                    0.0,
                    1.0
                ]
            ],
            "size": [
                0.15068,
                0.17726,
                0.74884
            ]
        },
        "distance": 0.0
    },
    {
        "case": 1,
        "collider1": {
            "type": "Cylinder",
            "collider2origin": [
                [
                    1.0,
                    0.0,
                    0.0,
                    0.36025
                ],
                [
                    0.0,
                    1.0,
                    0.0,
                    0.66562
                ],
                [
                    0.0,
                    0.0,
                    1.0,
                    -0.35
                ],
                [
                    0.0,
                    0.0,
                    0.0,
                    1.0
                ]
            ],
            "radius": 0.11,
            "height": 0.68
        },
        "collider2": {
            "type": "Box",
            "collider2origin": [
                [
                    -0.23877788792970842,
                    -0.9635584523203383,
                    0.12058287273846895,
                    0.23801422779695755
                ],
                [
                    -0.8601174593492966,
                    0.2674978671199134,
                    0.4343303434124862,
                    0.8470602313068657
                ],
                [
                    -0.45075833476302873,
                    -6.9520770330601985e-06,
                    -0.8926460236809044,
                    -0.140423090011911
                ],
                [
                    0.0,
                    0.0,
                    0.0,
                    1.0
                ]
            ],
            "size": [
                0.15068,
                0.17726,
                0.74884
            ]
        },
        "distance": 0.0
    },
    {
        "case": 2,
        "collider1": {
            "type": "Cylinder",
            "collider2origin": [
                [
                    1.0,
                    0.0,
                    0.0,
                    0.36025
                ],
                [
                    0.0,
                    1.0,
                    0.0,
                    0.66562
                ],
                [
                    0.0,
                    0.0,
                    1.0,
                    -0.35
                ],
                [
                    0.0,
                    0.0,
                    0.0,
                    1.0
                ]
            ],
            "radius": 0.11,
            "height": 0.68
        },
        "collider2": {
            "type": "Box",
            "collider2origin": [
                [
                    0.22954099833277125,
                    -0.9635593997498614,
                    -0.1373470539839908,
                    0.35882291215167333
                ],
                [
                    0.8268457551250155,
                    0.2674944544348816,
                    -0.4947452011675585,
                    0.809923799062892
                ],
                [
                    0.513455964339823,
                    -5.211692400061279e-07,
                    0.8581159436134435,
                    -0.1784288403020602
                ],
                [
                    0.0,
                    0.0,
                    0.0,
                    1.0
                ]
            ],
            "size": [
                0.1202,
                0.13634,
                0.67816
            ]
        },
        "distance": 0.0
    }
]