[
    {
        "case": 0,
        "collider1": {
            "type": "Cylinder",
            "collider2origin": [
                [
                    1.0,
                    0.0,
                    0.0,
                    0.36025
                ],
                [
                    0.0,
                    1.0,
                    0.0,
                    0.66562
                ],
                [
                    0.0,
                    0.0,
                    1.0,
                    -0.35
                ],
                [
                    0.0,
                    0.0,
                    0.0,
                    1.0
                ]
            ],
            "radius": 0.11,
            "height": 0.68
        },
        "collider2": {
            "type": "Box",
            "collider2origin": [
                [
                    -0.4785230831092994,
                    0.8674224061194696,
                    0.13635992187398832,
                    0.5623519859714577
                ],
                [
                    0.8342094648676459,
                    0.49757247643934915,
                    -0.23773135976401844,
                    0.6854522228562074
                ],
                [
                    -0.27406245211047475,
                    -7.2057701503733205e-06,
                    -0.9617118967192152,
                    -0.16115825486825341
                ],
                [
                    0.0,
                    0.0,
                    0.0,
                    1.0
                ]
            ],
            "size": [
                0.15068,
                0.17726,
                0.74884
            ]
        },
        "distance": 0.0
    },
    {
        "case": 1,
        "collider1": {
            "type": "Cylinder",
            "collider2origin": [
                [
                    1.0,
                    0.0,
                    0.0,
                    0.36025
                ],
                [
                    0.0,
                    1.0,
                    0.0,
                    0.66562
                ],
                [
                    0.0,
                    0.0,
                    1.0,
                    -0.35
                ],
                [
                    0.0,
                    0.0,
                    0.0,
                    1.0
                ]
            ],
            "radius": 0.11,
            "height": 0.68
        },
        "collider2": {
            "type": "Box",
            "collider2origin": [
                [
                    -0.4785230831092994,
                    0.8674224061194696,
                    0.13635992187398832,
                    0.5623519859714577
                ],
                [
                    0.8342094648676459,
                    0.49757247643934915,
                    -0.23773135976401844,
                    0.6854522228562074
                ],
                [
                    -0.27406245211047475,
                    -7.2057701503733205e-06,
                    -0.9617118967192152,
                    -0.16115825486825341
                ],
                [
                    0.0,
                    0.0,
                    0.0,
                    1.0
                ]
            ],
            "size": [
                0.15068,
                0.17726,
                0.74884
            ]
        },
        "distance": 0.0
    },
    {
        "case": 2,
        "collider1": {
            "type": "Cylinder",
            "collider2origin": [
                [
                    1.0,
                    0.0,
                    0.0,
                    0.36025
                ],
                [
                    0.0,
                    1.0,
                    0.0,
                    0.66562
                ],
                [
                    0.0,
                    0.0,
                    1.0,
                    -0.35
                ],
                [
                    0.0,
                    0.0,
                    0.0,
                    1.0
                ]
            ],
            "radius": 0.11,
            "height": 0.68
        },
        "collider2": {
            "type": "Box",
            "collider2origin": [
                [
                    -0.496890613485098,
                    0.867421809517854,
                    -0.026059980874411946,
                    0.48799108818453707
                ],
                [
                    0.8662320746499638,
                    0.4975735164966842,
                    0.04541572997039539,
                    0.5611693220453525
                ],
                [
                    0.05236135099501204,
                    -7.341371316916181e-06,
                    -0.998628203521251,
                    -0.7412774475536359
                ],
                [
                    0.0,
                    0.0,
                    0.0,
                    1.0
                ]
            ],
            "size": [
                0.1202,
                0.13634,
                0.67816
            ]
        },
        "distance": 0.0
    }
]