[
    {
        "case": 0,
        "collider1": {
            "type": "Box",
            "collider2origin": [
                [
                    0.9986237653362093,
                    0.052445927446576876,
                    0.0,
                    0.26740298292892656
                ],
                [
                    -0.052445927446576876,
                    0.9986237653362093,
                    0.0,
                    -0.7439576446718769
                ],
                [
                    0.0,
                    0.0,
                    1.0,
                    0.33000000000000007
                ],
                [
                    0.0,
                    0.0,
                    0.0,
                    1.0
                ]
            ],
            "size": [
                3.08,
                0.86,
                2.2
            ]
        },
        "collider2": {
            "type": "Cylinder",
            "collider2origin": [
                [
                    -0.2501162072083967,
                    -0.09240513160658251,
                    0.9637962308208389,
                    0.11311687473159898
                ],
                [
                    0.9601891998416399,
                    0.10423774101676478,
                    0.2591740609227565,
                    -0.25662773825234086
                ],
                [
                    -0.12441295510981629,
                    0.9902503648070481,
                    0.06265486094750154,
                    -0.7104898995002055
                ],
                [
                    0.0,
                    0.0,
                    0.0,
                    1.0
                ]
            ],
            "radius": 0.01271,
            "height": 0.05982
        },
        "distance": 0.027227961908147913
    },
    {
        "case": 1,
        "collider1": {
            "type": "Box",
            "collider2origin": [
                [
                    0.9986237653362093,
                    0.052445927446576876,
                    0.0,
                    0.26740298292892656
                ],
                [
                    -0.052445927446576876,
                    0.9986237653362093,
                    0.0,
                    -0.7439576446718769
                ],
                [
                    0.0,
                    0.0,
                    1.0,
                    0.33000000000000007
                ],
                [
                    0.0,
                    0.0,
                    0.0,
                    1.0
                ]
            ],
            "size": [
                3.08,
                0.86,
                2.2
            ]
        },
        "collider2": {
            "type": "Cylinder",
            "collider2origin": [
                [
                    -0.37791620823993716,
                    0.42327033590535457,
                    0.8234206472345197,
                    0.11282651124853166
                ],
                [
                    0.7069900317737607,
                    0.7061736280267624,
                    -0.038521449246565316,
                    -0.32000434106426345
                ],
                [
                    -0.5977829326119009,
                    0.5675923095163349,
                    -0.5661223680935313,
                    -0.7096337555573673
                ],
                [
                    0.0,
                    0.0,
                    0.0,
                    1.0
                ]
            ],
            "radius": 0.00783,
            "height": 0.03683
        },
        "distance": 0.0
    },
    {
        "case": 2,
        "collider1": {
            "type": "Box",
            "collider2origin": [
                [
                    0.9986237653362093,
                    0.052445927446576876,
                    0.0,
                    0.26740298292892656
                ],
                [
                    -0.052445927446576876,
                    0.9986237653362093,
                    0.0,
                    -0.7439576446718769
                ],
                [
                    0.0,
                    0.0,
                    1.0,
                    0.33000000000000007
                ],
                [
                    0.0,
                    0.0,
                    0.0,
                    1.0
                ]
            ],
            "size": [
                3.08,
                0.86,
                2.2
            ]
        },
        "collider2": {
            "type": "Sphere",
            "collider2origin": [
                [
                    1.0,
                    0.0,
                    0.0,
                    0.08722972074295321
                ],
                [
                    0.0,
                    1.0,
                    0.0,
                    -0.35898492304867824
                ],
                [
                    0.0,
                    0.0,
                    1.0,
                    -0.6938050290544611
                ],
                [
                    0.0,
                    0.0,
                    0.0,
                    1.0
                ]
            ],
            "radius": 0.00484
        },
        "distance": 0.0
    },
    {
        "case": 3,
        "collider1": {
            "type": "Box",
            "collider2origin": [
                [
                    0.9986237653362093,
                    0.052445927446576876,
                    0.0,
                    0.26740298292892656
                ],
                [
                    -0.052445927446576876,
                    0.9986237653362093,
                    0.0,
                    -0.7439576446718769
                ],
                [
                    0.0,
                    0.0,
                    1.0,
                    0.33000000000000007
                ],
                [
                    0.0,
                    0.0,
                    0.0,
                    1.0
                ]
            ],
            "size": [
                3.08,
                0.86,
                2.2
            ]
        },
        "collider2": {
            "type": "Box",
            "collider2origin": [
                [
                    0.10254016841609921,
                    -0.9903260925595996,
                    0.09348659934361156,
                    0.4241219745915613
                ],
                [
                    -0.7318592572382698,
                    -0.138759613558239,
                    -0.6671789844110918,
                    -0.06363160156432757
                ],
                [
                    0.6736969210675121,
                    -6.387732151902305e-06,
                    -0.7390077526679614,
                    -0.35799209587094627
                ],
                [
                    0.0,
                    0.0,
                    0.0,
                    1.0
                ]
            ],
            "size": [
                0.1202,
                0.13634,
                0.67816
            ]
        },
        "distance": 0.0
    },
    {
        "case": 4,
        "collider1": {
            "type": "Box",
            "collider2origin": [
                [
                    0.9986237653362093,
                    0.052445927446576876,
                    0.0,
                    0.26740298292892656
                ],
                [
                    -0.052445927446576876,
                    0.9986237653362093,
                    0.0,
                    -0.7439576446718769
                ],
                [
                    0.0,
                    0.0,
                    1.0,
                    0.33000000000000007
                ],
                [
                    0.0,
                    0.0,
                    0.0,
                    1.0
                ]
            ],
            "size": [
                3.08,
                0.86,
                2.2
            ]
        },
        "collider2": {
            "type": "Cylinder",
            "collider2origin": [
                [
                    -0.5050261828337239,
                    0.06761016095956786,
                    0.8604518701167535,
                    0.09906999355796642
                ],
                [
                    0.5841975532381966,
                    0.7606299053258917,
                    0.2831172299850871,
                    -0.35533993360465954
                ],
                [
                    -0.6353438230146742,
                    0.645655491155264,
                    -0.4236357082425323,
                    -0.701343775078771
                ],
                [
                    0.0,
                    0.0,
                    0.0,
                    1.0
                ]
            ],
            "radius": 0.0076,
            "height": 0.02993
        },
        "distance": 0.0
    },
    {
        "case": 5,
        "collider1": {
            "type": "Box",
            "collider2origin": [
                [
                    0.9986237653362093,
                    0.052445927446576876,
                    0.0,
                    0.26740298292892656
                ],
                [
                    -0.052445927446576876,
                    0.9986237653362093,
                    0.0,
                    -0.7439576446718769
                ],
                [
                    0.0,
                    0.0,
                    1.0,
                    0.33000000000000007
                ],
                [
                    0.0,
                    0.0,
                    0.0,
                    1.0
                ]
            ],
            "size": [
                3.08,
                0.86,
                2.2
            ]
        },
        "collider2": {
            "type": "Box",
            "collider2origin": [
                [
                    0.11373411741469469,
                    -0.9903267279118423,
                    -0.07948284418240151,
                    0.3405103743759754
                ],
                [
                    -0.8117188082694349,
                    -0.1387550789655947,
                    0.5673267174767108,
                    -0.2723157642773262
                ],
                [
                    -0.5728674600966164,
                    -6.6839403853994005e-06,
                    -0.8196480178209279,
                    -0.5756766930049283
                ],
                [
                    0.0,
                    0.0,
                    0.0,
                    1.0
                ]
            ],
            "size": [
                0.09102,
                0.10007,
                0.11882
            ]
        },
        "distance": 0.0
    },
    {
        "case": 6,
        "collider1": {
            "type": "Box",
            "collider2origin": [
                [
                    0.9986237653362093,
                    0.052445927446576876,
                    0.0,
                    0.26740298292892656
                ],
                [
                    -0.052445927446576876,
                    0.9986237653362093,
                    0.0,
                    -0.7439576446718769
                ],
                [
                    0.0,
                    0.0,
                    1.0,
                    0.33000000000000007
                ],
                [
                    0.0,
                    0.0,
                    0.0,
                    1.0
                ]
            ],
            "size": [
                3.08,
                0.86,
                2.2
            ]
        },
        "collider2": {
            "type": "Cylinder",
            "collider2origin": [
                [
                    -0.3747278606491083,
                    0.793036410752016,
                    0.48028354299819676,
                    0.08865187072397163
                ],
                [
                    0.7120652125410624,
                    0.5779294631985387,
                    -0.39869871915507793,
                    -0.3118242458657522
                ],
                [
                    -0.5937526113982097,
                    0.19258968505246335,
                    -0.781259911725412,
                    -0.6846762036331182
                ],
                [
                    0.0,
                    0.0,
                    0.0,
                    1.0
                ]
            ],
            "radius": 0.0076,
            "height": 0.02993
        },
        "distance": 0.0
    },
    {
        "case": 7,
        "collider1": {
            "type": "Box",
            "collider2origin": [
                [
                    0.9986237653362093,
                    0.052445927446576876,
                    0.0,
                    0.26740298292892656
                ],
                [
                    -0.052445927446576876,
                    0.9986237653362093,
                    0.0,
                    -0.7439576446718769
                ],
                [
                    0.0,
                    0.0,
                    1.0,
                    0.33000000000000007
                ],
                [
                    0.0,
                    0.0,
                    0.0,
                    1.0
                ]
            ],
            "size": [
                3.08,
                0.86,
                2.2
            ]
        },
        "collider2": {
            "type": "Sphere",
            "collider2origin": [
                [
                    1.0,
                    0.0,
                    0.0,
                    0.07790176672021476
                ],
                [
                    0.0,
                    1.0,
                    0.0,
                    -0.268852358852696
                ],
                [
                    0.0,
                    0.0,
                    1.0,
                    -0.7129713948002044
                ],
                [
                    0.0,
                    0.0,
                    0.0,
                    1.0
                ]
            ],
            "radius": 0.01051
        },
        "distance": 0.024002862419566135
    },
    {
        "case": 8,
        "collider1": {
            "type": "Box",
            "collider2origin": [
                [
                    0.9986237653362093,
                    0.052445927446576876,
                    0.0,
                    0.26740298292892656
                ],
                [
                    -0.052445927446576876,
                    0.9986237653362093,
                    0.0,
                    -0.7439576446718769
                ],
                [
                    0.0,
                    0.0,
                    1.0,
                    0.33000000000000007
                ],
                [
                    0.0,
                    0.0,
                    0.0,
                    1.0
                ]
            ],
            "size": [
                3.08,
                0.86,
                2.2
            ]
        },
        "collider2": {
            "type": "Sphere",
            "collider2origin": [
                [
                    1.0,
                    0.0,
                    0.0,
                    0.0645136662850408
                ],
                [
                    0.0,
                    1.0,
                    0.0,
                    -0.2941753185888558
                ],
                [
                    0.0,
                    0.0,
                    1.0,
                    -0.6858897506521181
                ],
                [
                    0.0,
                    0.0,
                    0.0,
                    1.0
                ]
            ],
            "radius": 0.00563
        },
        "distance": 0.0028926016743143655
    },
    {
        "case": 9,
        "collider1": {
            "type": "Box",
            "collider2origin": [
                [
                    0.9986237653362093,
                    0.052445927446576876,
                    0.0,
                    0.26740298292892656
                ],
                [
                    -0.052445927446576876,
                    0.9986237653362093,
                    0.0,
                    -0.7439576446718769
                ],
                [
                    0.0,
                    0.0,
                    1.0,
                    0.33000000000000007
                ],
                [
                    0.0,
                    0.0,
                    0.0,
                    1.0
                ]
            ],
            "size": [
                3.08,
                0.86,
                2.2
            ]
        },
        "collider2": {
            "type": "Sphere",
            "collider2origin": [
                [
                    1.0,
                    0.0,
                    0.0,
                    0.08191580850195784
                ],
                [
                    0.0,
                    1.0,
                    0.0,
                    -0.3047425262900457
                ],
                [
                    0.0,
                    0.0,
                    1.0,
                    -0.671356424596204
                ],
                [
                    0.0,
                    0.0,
                    0.0,
                    1.0
                ]
            ],
            "radius": 0.00487
        },
        "distance": 0.0
    },
    {
        "case": 10,
        "collider1": {
            "type": "Box",
            "collider2origin": [
                [
                    0.9986237653362093,
                    0.052445927446576876,
                    0.0,
                    0.26740298292892656
                ],
                [
                    -0.052445927446576876,
                    0.9986237653362093,
                    0.0,
                    -0.7439576446718769
                ],
                [
                    0.0,
                    0.0,
                    1.0,
                    0.33000000000000007
                ],
                [
                    0.0,
                    0.0,
                    0.0,
                    1.0
                ]
            ],
            "size": [
                3.08,
                0.86,
                2.2
            ]
        },
        "collider2": {
            "type": "Cylinder",
            "collider2origin": [
                [
                    -0.2837835355518558,
                    -0.15702207862755216,
                    0.9459444866233804,
                    0.09917397642580794
                ],
                [
                    0.9553452863131442,
                    0.03842713173621427,
                    0.29298249003273896,
                    -0.26163709574089666
                ],
                [
                    -0.08235465298903913,
                    0.9868472132858306,
                    0.13910531535870413,
                    -0.7098160861831638
                ],
                [
                    0.0,
                    0.0,
                    0.0,
                    1.0
                ]
            ],
            "radius": 0.01169,
            "height": 0.05502
        },
        "distance": 0.02243590071794947
    },
    {
        "case": 11,
        "collider1": {
            "type": "Box",
            "collider2origin": [
                [
                    0.9986237653362093,
                    0.052445927446576876,
                    0.0,
                    0.26740298292892656
                ],
                [
                    -0.052445927446576876,
                    0.9986237653362093,
                    0.0,
                    -0.7439576446718769
                ],
                [
                    0.0,
                    0.0,
                    1.0,
                    0.33000000000000007
                ],
                [
                    0.0,
                    0.0,
                    0.0,
                    1.0
                ]
            ],
            "size": [
                3.08,
                0.86,
                2.2
            ]
        },
        "collider2": {
            "type": "Cylinder",
            "collider2origin": [
                [
                    -0.2484148654015328,
                    0.7519828397302216,
                    0.6105832157853746,
                    0.07570152269367875
                ],
                [
                    0.8063888785957792,
                    0.5097838903850934,
                    -0.2997621750336085,
                    -0.3013182799599894
                ],
                [
                    -0.5366814987723902,
                    0.41790213430312856,
                    -0.7330284953672058,
                    -0.7018008465235592
                ],
                [
                    0.0,
                    0.0,
                    0.0,
                    1.0
                ]
            ],
            "radius": 0.00813,
            "height": 0.03824
        },
        "distance": 0.0
    },
    {
        "case": 12,
        "collider1": {
            "type": "Box",
            "collider2origin": [
                [
                    0.9986237653362093,
                    0.052445927446576876,
                    0.0,
                    0.26740298292892656
                ],
                [
                    -0.052445927446576876,
                    0.9986237653362093,
                    0.0,
                    -0.7439576446718769
                ],
                [
                    0.0,
                    0.0,
                    1.0,
                    0.33000000000000007
                ],
                [
                    0.0,
                    0.0,
                    0.0,
                    1.0
                ]
            ],
            "size": [
                3.08,
                0.86,
                2.2
            ]
        },
        "collider2": {
            "type": "Box",
            "collider2origin": [
                [
                    0.3721568756944041,
                    -0.8943088392529386,
                    -0.24841690745084347,
                    0.2586437746257658
                ],
                [
                    -0.432072896979789,
                    -0.4037969920862646,
                    0.8063876244571078,
                    -0.23911375982557026
                ],
                [
                    -0.8214695804281933,
                    -0.19276848605554364,
                    -0.5366824379602719,
                    -0.6838293408145706
                ],
                [
                    0.0,
                    0.0,
                    0.0,
                    1.0
                ]
            ],
            "size": [
                0.08993,
                0.0305,
                0.09007
            ]
        },
        "distance": 0.012622278926910499
    },
    {
        "case": 13,
        "collider1": {
            "type": "Box",
            "collider2origin": [
                [
                    0.9986237653362093,
                    0.052445927446576876,
                    0.0,
                    0.26740298292892656
                ],
                [
                    -0.052445927446576876,
                    0.9986237653362093,
                    0.0,
                    -0.7439576446718769
                ],
                [
                    0.0,
                    0.0,
                    1.0,
                    0.33000000000000007
                ],
                [
                    0.0,
                    0.0,
                    0.0,
                    1.0
                ]
            ],
            "size": [
                3.08,
                0.86,
                2.2
            ]
        },
        "collider2": {
            "type": "Box",
            "collider2origin": [
                [
                    0.4403354260155777,
                    -0.8943082187234753,
                    -0.07948284418240151,
                    0.3259900725347423
                ],
                [
                    -0.7176960886435093,
                    -0.40379787020600805,
                    0.5673267174767108,
                    -0.21190133084507956
                ],
                [
                    -0.5394599493396033,
                    -0.19276952544615564,
                    -0.8196480178209279,
                    -0.6658631470396047
                ],
                [
                    0.0,
                    0.0,
                    0.0,
                    1.0
                ]
            ],
            "size": [
                0.09126,
                0.11887,
                0.10009
            ]
        },
        "distance": 0.017848557829009
    },
    {
        "case": 14,
        "collider1": {
            "type": "Box",
            "collider2origin": [
                [
                    0.9986237653362093,
                    0.052445927446576876,
                    0.0,
                    0.26740298292892656
                ],
                [
                    -0.052445927446576876,
                    0.9986237653362093,
                    0.0,
                    -0.7439576446718769
                ],
                [
                    0.0,
                    0.0,
                    1.0,
                    0.33000000000000007
                ],
                [
                    0.0,
                    0.0,
                    0.0,
                    1.0
                ]
            ],
            "size": [
                3.08,
                0.86,
                2.2
            ]
        },
        "collider2": {
            "type": "Cylinder",
            "collider2origin": [
                [
                    -0.2484148654015328,
                    0.3502101831550375,
                    0.903129493628711,
                    0.0985908933966761
                ],
                [
                    0.8063888785957792,
                    0.5913380791071468,
                    -0.007500178325239531,
                    -0.3063788247125969
                ],
                [
                    -0.5366814987723902,
                    0.7264104238048787,
                    -0.42930276619541635,
                    -0.7199993435941314
                ],
                [
                    0.0,
                    0.0,
                    0.0,
                    1.0
                ]
            ],
            "radius": 0.00683,
            "height": 0.01183
        },
        "distance": 0.0
    },
    {
        "case": 15,
        "collider1": {
            "type": "Box",
            "collider2origin": [
                [
                    0.9986237653362093,
                    0.052445927446576876,
                    0.0,
                    0.26740298292892656
                ],
                [
                    -0.052445927446576876,
                    0.9986237653362093,
                    0.0,
                    -0.7439576446718769
                ],
                [
                    0.0,
                    0.0,
                    1.0,
                    0.33000000000000007
                ],
                [
                    0.0,
                    0.0,
                    0.0,
                    1.0
                ]
            ],
            "size": [
                3.08,
                0.86,
                2.2
            ]
        },
        "collider2": {
            "type": "Box",
            "collider2origin": [
                [
                    -0.39871422425718167,
                    -0.7541268073260193,
                    -0.5218426255560752,
                    0.18592448096668243
                ],
                [
                    0.8262759091254939,
                    -0.5422745137463915,
                    0.15233671172751806,
                    -0.27505990652496726
                ],
                [
                    -0.3978631540791784,
                    -0.3704471760094535,
                    0.8393293754020456,
                    -0.7047947264587333
                ],
                [
                    0.0,
                    0.0,
                    0.0,
                    1.0
                ]
            ],
            "size": [
                0.06241,
                0.05638,
                0.02858
            ]
        },
        "distance": 0.0
    },
    {
        "case": 16,
        "collider1": {
            "type": "Cylinder",
            "collider2origin": [
                [
                    1.0,
                    0.0,
                    0.0,
                    0.36025
                ],
                [
                    0.0,
                    1.0,
                    0.0,
                    0.66562
                ],
                [
                    0.0,
                    0.0,
                    1.0,
                    -0.35
                ],
                [
                    0.0,
                    0.0,
                    0.0,
                    1.0
                ]
            ],
            "radius": 0.11,
            "height": 0.68
        },
        "collider2": {
            "type": "Box",
            "collider2origin": [
                [
                    0.06303537927269576,
                    -0.9903259818870155,
                    0.12361630377691127,
                    0.2342222812841208
                ],
                [
                    -0.4499146094879626,
                    -0.13876040346936694,
                    -0.8822258183698278,
                    0.38118438856402515
                ],
                [
                    0.8908441980106517,
                    -5.341975027879846e-06,
                    -0.4543089420672035,
                    -0.00906779748597386
                ],
                [
                    0.0,
                    0.0,
                    0.0,
                    1.0
                ]
            ],
            "size": [
                0.15068,
                0.17726,
                0.74884
            ]
        },
        "distance": 0.008535333512553556
    },
    {
        "case": 17,
        "collider1": {
            "type": "Box",
            "collider2origin": [
                [
                    0.9980268447818988,
                    0.0627886701140236,
                    0.0,
                    -0.04
                ],
                [
                    -0.0627886701140236,
                    0.9980268447818988,
                    0.0,
                    0.02
                ],
                [
                    0.0,
                    0.0,
                    1.0,
                    -0.13
                ],
                [
                    0.0,
                    0.0,
                    0.0,
                    1.0
                ]
            ],
            "size": [
                0.6,
                0.4,
                0.4
            ]
        },
        "collider2": {
            "type": "Box",
            "collider2origin": [
                [
                    0.06303537927269576,
                    -0.9903259818870155,
                    0.12361630377691127,
                    0.2342222812841208
                ],
                [
                    -0.4499146094879626,
                    -0.13876040346936694,
                    -0.8822258183698278,
                    0.38118438856402515
                ],
                [
                    0.8908441980106517,
                    -5.341975027879846e-06,
                    -0.4543089420672035,
                    -0.00906779748597386
                ],
                [
                    0.0,
                    0.0,
                    0.0,
                    1.0
                ]
            ],
            "size": [
                0.15068,
                0.17726,
                0.74884
            ]
        },
        "distance": 0.0
    },
    {
        "case": 18,
        "collider1": {
            "type": "Cylinder",
            "collider2origin": [
                [
                    1.0,
                    0.0,
                    0.0,
                    0.36025
                ],
                [
                    0.0,
                    1.0,
                    0.0,
                    0.66562
                ],
                [
                    0.0,
                    0.0,
                    1.0,
                    -0.35
                ],
                [
                    0.0,
                    0.0,
                    0.0,
                    1.0
                ]
            ],
            "radius": 0.11,
            "height": 0.68
        },
        "collider2": {
            "type": "Box",
            "collider2origin": [
                [
                    0.06303537927269576,
                    -0.9903259818870155,
                    0.12361630377691127,
                    0.2342222812841208
                ],
                [
                    -0.4499146094879626,
                    -0.13876040346936694,
                    -0.8822258183698278,
                    0.38118438856402515
                ],
                [
                    0.8908441980106517,
                    -5.341975027879846e-06,
                    -0.4543089420672035,
                    -0.00906779748597386
                ],
                [
                    0.0,
                    0.0,
                    0.0,
                    1.0
                ]
            ],
            "size": [
                0.15068,
                0.17726,
                0.74884
            ]
        },
        "distance": 0.008535333512553556
    },
    {
        "case": 19,
        "collider1": {
            "type": "Box",
            "collider2origin": [
                [
                    0.9980268447818988,
                    0.0627886701140236,
                    0.0,
                    -0.04
                ],
                [
                    -0.0627886701140236,
                    0.9980268447818988,
                    0.0,
                    0.02
                ],
                [
                    0.0,
                    0.0,
                    1.0,
                    -0.13
                ],
                [
                    0.0,
                    0.0,
                    0.0,
                    1.0
                ]
            ],
            "size": [
                0.6,
                0.4,
                0.4
            ]
        },
        "collider2": {
            "type": "Box",
            "collider2origin": [
                [
                    0.06303537927269576,
                    -0.9903259818870155,
                    0.12361630377691127,
                    0.2342222812841208
                ],
                [
                    -0.4499146094879626,
                    -0.13876040346936694,
                    -0.8822258183698278,
                    0.38118438856402515
                ],
                [
                    0.8908441980106517,
                    -5.341975027879846e-06,
                    -0.4543089420672035,
                    -0.00906779748597386
                ],
                [
                    0.0,
                    0.0,
                    0.0,
                    1.0
                ]
            ],
            "size": [
                0.15068,
                0.17726,
                0.74884
            ]
        },
        "distance": 0.0
    },
    {
        "case": 20,
        "collider1": {
            "type": "Box",
            "collider2origin": [
                [
                    0.9986237653362093,
                    0.052445927446576876,
                    0.0,
                    0.26740298292892656
                ],
                [
                    -0.052445927446576876,
                    0.9986237653362093,
                    0.0,
                    -0.7439576446718769
                ],
                [
                    0.0,
                    0.0,
                    1.0,
                    0.33000000000000007
                ],
                [
                    0.0,
                    0.0,
                    0.0,
                    1.0
                ]
            ],
            "size": [
                3.08,
                0.86,
                2.2
            ]
        },
        "collider2": {
            "type": "Cylinder",
            "collider2origin": [
                [
                    -0.2484148654015328,
                    0.3502101831550375,
                    0.903129493628711,
                    0.11333179563022372
                ],
                [
                    0.8063888785957792,
                    0.5913380791071468,
                    -0.007500178325239531,
                    -0.30649815709078554
                ],
                [
                    -0.5366814987723902,
                    0.7264104238048787,
                    -0.42930276619541635,
                    -0.7270017975300389
                ],
                [
                    0.0,
                    0.0,
                    0.0,
                    1.0
                ]
            ],
            "radius": 0.00683,
            "height": 0.01782
        },
        "distance": 0.0
    },
    {
        "case": 21,
        "collider1": {
            "type": "Box",
            "collider2origin": [
                [
                    0.9986237653362093,
                    0.052445927446576876,
                    0.0,
                    0.26740298292892656
                ],
                [
                    -0.052445927446576876,
                    0.9986237653362093,
                    0.0,
                    -0.7439576446718769
                ],
                [
                    0.0,
                    0.0,
                    1.0,
                    0.33000000000000007
                ],
                [
                    0.0,
                    0.0,
                    0.0,
                    1.0
                ]
            ],
            "size": [
                3.08,
                0.86,
                2.2
            ]
        },
        "collider2": {
            "type": "Cylinder",
            "collider2origin": [
                [
                    -0.10471865537791054,
                    -0.9426793075416139,
                    0.3168433782623599,
                    0.11636061421979654
                ],
                [
                    0.8964538483133864,
                    0.04846543107231946,
                    0.44047883017813033,
                    -0.3031605789786479
                ],
                [
                    -0.4305862295289554,
                    0.33016181657459504,
                    0.8399932581968741,
                    -0.7773468036676154
                ],
                [
                    0.0,
                    0.0,
                    0.0,
                    1.0
                ]
            ],
            "radius": 0.00713,
            "height": 0.01426
        },
        "distance": 0.0
    },
    {
        "case": 22,
        "collider1": {
            "type": "Box",
            "collider2origin": [
                [
                    0.9986237653362093,
                    0.052445927446576876,
                    0.0,
                    0.26740298292892656
                ],
                [
                    -0.052445927446576876,
                    0.9986237653362093,
                    0.0,
                    -0.7439576446718769
                ],
                [
                    0.0,
                    0.0,
                    1.0,
                    0.33000000000000007
                ],
                [
                    0.0,
                    0.0,
                    0.0,
                    1.0
                ]
            ],
            "size": [
                3.08,
                0.86,
                2.2
            ]
        },
        "collider2": {
            "type": "Cylinder",
            "collider2origin": [
                [
                    -0.5021870478830697,
                    -0.2750478609886565,
                    0.8198517201933843,
                    0.12158315302884792
                ],
                [
                    0.5805631832791825,
                    0.5954114173289303,
                    0.5553662164149851,
                    -0.344709702545949
                ],
                [
                    -0.6409013646102095,
                    0.7548734452078164,
                    -0.13932524021458545,
                    -0.7090008004984153
                ],
                [
                    0.0,
                    0.0,
                    0.0,
                    1.0
                ]
            ],
            "radius": 0.00783,
            "height": 0.03044
        },
        "distance": 0.0
    },
    {
        "case": 23,
        "collider1": {
            "type": "Box",
            "collider2origin": [
                [
                    0.9986237653362093,
                    0.052445927446576876,
                    0.0,
                    0.26740298292892656
                ],
                [
                    -0.052445927446576876,
                    0.9986237653362093,
                    0.0,
                    -0.7439576446718769
                ],
                [
                    0.0,
                    0.0,
                    1.0,
                    0.33000000000000007
                ],
                [
                    0.0,
                    0.0,
                    0.0,
                    1.0
                ]
            ],
            "size": [
                3.08,
                0.86,
                2.2
            ]
        },
        "collider2": {
            "type": "Box",
            "collider2origin": [
                [
                    -0.2805135320746688,
                    -0.7541250814900377,
                    -0.5938076454464332,
                    0.14816041887223744
                ],
                [
                    0.7760136113927112,
                    -0.5422735605795964,
                    0.3220904538007431,
                    -0.30219470561617945
                ],
                [
                    -0.5649026759152729,
                    -0.37045208457230994,
                    0.7373263997577963,
                    -0.7264274330024472
                ],
                [
                    0.0,
                    0.0,
                    0.0,
                    1.0
                ]
            ],
            "size": [
                0.07264,
                0.04753,
                0.03326
            ]
        },
        "distance": 0.0
    },
    {
        "case": 24,
        "collider1": {
            "type": "Box",
            "collider2origin": [
                [
                    0.9986237653362093,
                    0.052445927446576876,
                    0.0,
                    0.26740298292892656
                ],
                [
                    -0.052445927446576876,
                    0.9986237653362093,
                    0.0,
                    -0.7439576446718769
                ],
                [
                    0.0,
                    0.0,
                    1.0,
                    0.33000000000000007
                ],
                [
                    0.0,
                    0.0,
                    0.0,
                    1.0
                ]
            ],
            "size": [
                3.08,
                0.86,
                2.2
            ]
        },
        "collider2": {
            "type": "Cylinder",
            "collider2origin": [
                [
                    -0.07482847064024337,
                    -0.9421106317599081,
                    0.3268459231910174,
                    0.12126898631211569
                ],
                [
                    0.9036473879874708,
                    0.0745407378076037,
                    0.4217405323069135,
                    -0.2962184598016445
                ],
                [
                    -0.42168957559449205,
                    0.3269116638054449,
                    0.8457580421745288,
                    -0.7644031942686542
                ],
                [
                    0.0,
                    0.0,
                    0.0,
                    1.0
                ]
            ],
            "radius": 0.00713,
            "height": 0.01697
        },
        "distance": 0.0
    }
]