[
    {
        "case": 0,
        "collider1": {
            "type": "Cylinder",
            "collider2origin": [
                [
                    1.0,
                    0.0,
                    0.0,
                    0.36025
                ],
                [
                    0.0,
                    1.0,
                    0.0,
                    0.66562
                ],
                [
                    0.0,
                    0.0,
                    1.0,
                    -0.35
                ],
                [
                    0.0,
                    0.0,
                    0.0,
                    1.0
                ]
            ],
            "radius": 0.11,
            "height": 0.68
        },
        "collider2": {
            "type": "Box",
            "collider2origin": [
                [
                    -0.38742445409462567,
                    0.7055362653774432,
                    -0.5933977339076475,
                    0.315182254699518
                ],
                [
                    0.38571590095104596,
                    0.708673816508676,
                    0.5907661682497993,
                    0.9708663111490432
                ],
                [
                    0.8373323928542381,
                    -5.681324745024078e-06,
                    -0.5466941227457254,
                    -0.0367752879495834
                ],
                [
                    0.0,
                    0.0,
                    0.0,
                    1.0
                ]
            ],
            "size": [
                0.15068,
                0.17726,
                0.74884
            ]
        },
        "distance": 0.005928988095674469
    },
    {
        "case": 1,
        "collider1": {
            "type": "Box",
            "collider2origin": [
                [
                    0.9987652092017612,
                    0.049679541947991616,
                    0.0,
                    -0.8452169757328698
                ],
                [
                    -0.049679541947991616,
                    0.9987652092017612,
                    0.0,
                    1.7355619287231678
                ],
                [
                    0.0,
                    0.0,
                    1.0,
                    -0.39990000000000003
                ],
                [
                    0.0,
                    0.0,
                    0.0,
                    1.0
                ]
            ],
            "size": [
                5.96,
                0.78,
                0.87
            ]
        },
        "collider2": {
            "type": "Box",
            "collider2origin": [
                [
                    -0.38742445409462567,
                    0.7055362653774432,
                    -0.5933977339076475,
                    0.315182254699518
                ],
                [
                    0.38571590095104596,
                    0.708673816508676,
                    0.5907661682497993,
                    0.9708663111490432
                ],
                [
                    0.8373323928542381,
                    -5.681324745024078e-06,
                    -0.5466941227457254,
                    -0.0367752879495834
                ],
                [
                    0.0,
                    0.0,
                    0.0,
                    1.0
                ]
            ],
            "size": [
                0.15068,
                0.17726,
                0.74884
            ]
        },
        "distance": 0.012806908683396788
    },
    {
        "case": 2,
        "collider1": {
            "type": "Box",
            "collider2origin": [
                [
                    0.9987652092017612,
                    0.049679541947991616,
                    0.0,
                    -0.47864210557426284
                ],
                [
                    -0.049679541947991616,
                    0.9987652092017612,
                    0.0,
                    1.3769077942590573
                ],
                [
                    0.0,
                    0.0,
                    1.0,
                    0.12009999999999998
                ],
                [
                    0.0,
                    0.0,
                    0.0,
                    1.0
                ]
            ],
            "size": [
                4.0,
                0.1,
                0.16
            ]
        },
        "collider2": {
            "type": "Box",
            "collider2origin": [
                [
                    -0.38742445409462567,
                    0.7055362653774432,
                    -0.5933977339076475,
                    0.315182254699518
                ],
                [
                    0.38571590095104596,
                    0.708673816508676,
                    0.5907661682497993,
                    0.9708663111490432
                ],
                [
                    0.8373323928542381,
                    -5.681324745024078e-06,
                    -0.5466941227457254,
                    -0.0367752879495834
                ],
                [
                    0.0,
                    0.0,
                    0.0,
                    1.0
                ]
            ],
            "size": [
                0.15068,
                0.17726,
                0.74884
            ]
        },
        "distance": 0.16535554702172858
    },
    {
        "case": 3,
        "collider1": {
            "type": "Cylinder",
            "collider2origin": [
                [
                    1.0,
                    0.0,
                    0.0,
                    0.36025
                ],
                [
                    0.0,
                    1.0,
                    0.0,
                    0.66562
                ],
                [
                    0.0,
                    0.0,
                    1.0,
                    -0.35
                ],
                [
                    0.0,
                    0.0,
                    0.0,
                    1.0
                ]
            ],
            "radius": 0.11,
            "height": 0.68
        },
        "collider2": {
            "type": "Box",
            "collider2origin": [
                [
                    -0.38742445409462567,
                    0.7055362653774432,
                    -0.5933977339076475,
                    0.315182254699518
                ],
                [
                    0.38571590095104596,
                    0.708673816508676,
                    0.5907661682497993,
                    0.9708663111490432
                ],
                [
                    0.8373323928542381,
                    -5.681324745024078e-06,
                    -0.5466941227457254,
                    -0.0367752879495834
                ],
                [
                    0.0,
                    0.0,
                    0.0,
                    1.0
                ]
            ],
            "size": [
                0.15068,
                0.17726,
                0.74884
            ]
        },
        "distance": 0.005928988095674469
    },
    {
        "case": 4,
        "collider1": {
            "type": "Box",
            "collider2origin": [
                [
                    0.9987652092017612,
                    0.049679541947991616,
                    0.0,
                    -0.8452169757328698
                ],
                [
                    -0.049679541947991616,
                    0.9987652092017612,
                    0.0,
                    1.7355619287231678
                ],
                [
                    0.0,
                    0.0,
                    1.0,
                    -0.39990000000000003
                ],
                [
                    0.0,
                    0.0,
                    0.0,
                    1.0
                ]
            ],
            "size": [
                5.96,
                0.78,
                0.87
            ]
        },
        "collider2": {
            "type": "Box",
            "collider2origin": [
                [
                    -0.38742445409462567,
                    0.7055362653774432,
                    -0.5933977339076475,
                    0.315182254699518
                ],
                [
                    0.38571590095104596,
                    0.708673816508676,
                    0.5907661682497993,
                    0.9708663111490432
                ],
                [
                    0.8373323928542381,
                    -5.681324745024078e-06,
                    -0.5466941227457254,
                    -0.0367752879495834
                ],
                [
                    0.0,
                    0.0,
                    0.0,
                    1.0
                ]
            ],
            "size": [
                0.15068,
                0.17726,
                0.74884
            ]
        },
        "distance": 0.012806908683396788
    },
    {
        "case": 5,
        "collider1": {
            "type": "Box",
            "collider2origin": [
                [
                    0.9987652092017612,
                    0.049679541947991616,
                    0.0,
                    -0.47864210557426284
                ],
                [
                    -0.049679541947991616,
                    0.9987652092017612,
                    0.0,
                    1.3769077942590573
                ],
                [
                    0.0,
                    0.0,
                    1.0,
                    0.12009999999999998
                ],
                [
                    0.0,
                    0.0,
                    0.0,
                    1.0
                ]
            ],
            "size": [
                4.0,
                0.1,
                0.16
            ]
        },
        "collider2": {
            "type": "Box",
            "collider2origin": [
                [
                    -0.38742445409462567,
                    0.7055362653774432,
                    -0.5933977339076475,
                    0.315182254699518
                ],
                [
                    0.38571590095104596,
                    0.708673816508676,
                    0.5907661682497993,
                    0.9708663111490432
                ],
                [
                    0.8373323928542381,
                    -5.681324745024078e-06,
                    -0.5466941227457254,
                    -0.0367752879495834
                ],
                [
                    0.0,
                    0.0,
                    0.0,
                    1.0
                ]
            ],
            "size": [
                0.15068,
                0.17726,
                0.74884
            ]
        },
        "distance": 0.16535554702172858
    },
    {
        "case": 6,
        "collider1": {
            "type": "Cylinder",
            "collider2origin": [
                [
                    0.999996163552453,
                    -0.002769996457679181,
                    0.0,
                    0.10432163761275043
                ],
                [
                    0.0027699964576791865,
                    0.999996163552453,
                    0.0,
                    1.362310441501493
                ],
                [
                    0.0,
                    0.0,
                    1.0,
                    0.29147999999999996
                ],
                [
                    0.0,
                    0.0,
                    0.0,
                    1.0
                ]
            ],
            "radius": 0.15,
            "height": 0.108
        },
        "collider2": {
            "type": "Box",
            "collider2origin": [
                [
                    0.8455643815394364,
                    -0.4551159506169146,
                    -0.27908842356123015,
                    -0.09539761155806609
                ],
                [
                    -0.33290002840320904,
                    -0.8581590454935459,
                    0.39082044947360267,
                    1.264026313512003
                ],
                [
                    -0.4173708755543122,
                    -0.23755530752157103,
                    -0.8771368354523474,
                    0.3282873134520865
                ],
                [
                    0.0,
                    0.0,
                    0.0,
                    1.0
                ]
            ],
            "size": [
                0.08993,
                0.0305,
                0.09007
            ]
        },
        "distance": 0.03415302809190452
    },
    {
        "case": 7,
        "collider1": {
            "type": "Cylinder",
            "collider2origin": [
                [
                    0.999996163552453,
                    -0.002769996457679181,
                    0.0,
                    0.10432163761275043
                ],
                [
                    0.0027699964576791865,
                    0.999996163552453,
                    0.0,
                    1.362310441501493
                ],
                [
                    0.0,
                    0.0,
                    1.0,
                    0.29147999999999996
                ],
                [
                    0.0,
                    0.0,
                    0.0,
                    1.0
                ]
            ],
            "radius": 0.15,
            "height": 0.108
        },
        "collider2": {
            "type": "Box",
            "collider2origin": [
                [
                    -0.7650050955751077,
                    -0.45511325168246985,
                    0.4556743704523322,
                    -0.06289343902791378
                ],
                [
                    0.2403112113455763,
                    -0.8581621474469033,
                    -0.4536609421042783,
                    1.3294564843766656
                ],
                [
                    0.5975096028063,
                    -0.237549272430644,
                    0.7658672324377961,
                    0.34401971679256116
                ],
                [
                    0.0,
                    0.0,
                    0.0,
                    1.0
                ]
            ],
            "size": [
                0.09126,
                0.11887,
                0.10009
            ]
        },
        "distance": 0.0
    },
    {
        "case": 8,
        "collider1": {
            "type": "Box",
            "collider2origin": [
                [
                    0.9984911777768198,
                    0.05491236565527933,
                    0.0,
                    0.19949793078659855
                ],
                [
                    -0.05491236565527933,
                    0.9984911777768198,
                    0.0,
                    1.615142983721484
                ],
                [
                    0.0,
                    0.0,
                    1.0,
                    0.1860599999999999
                ],
                [
                    0.0,
                    0.0,
                    0.0,
                    1.0
                ]
            ],
            "size": [
                0.62,
                0.62,
                0.02
            ]
        },
        "collider2": {
            "type": "Box",
            "collider2origin": [
                [
                    0.542746726224986,
                    0.7055401188344507,
                    0.4556743704523322,
                    -0.11461702204978513
                ],
                [
                    -0.5403504500735882,
                    0.7086699801136841,
                    -0.4536609421042783,
                    1.3781931855747596
                ],
                [
                    -0.6429987420495712,
                    -8.600176766759461e-07,
                    0.7658672324377961,
                    0.26088398024250603
                ],
                [
                    0.0,
                    0.0,
                    0.0,
                    1.0
                ]
            ],
            "size": [
                0.09102,
                0.10007,
                0.11882
            ]
        },
        "distance": 0.0
    },
    {
        "case": 9,
        "collider1": {
            "type": "Cylinder",
            "collider2origin": [
                [
                    0.999996163552453,
                    -0.002769996457679181,
                    0.0,
                    0.10432163761275043
                ],
                [
                    0.0027699964576791865,
                    0.999996163552453,
                    0.0,
                    1.362310441501493
                ],
                [
                    0.0,
                    0.0,
                    1.0,
                    0.29147999999999996
                ],
                [
                    0.0,
                    0.0,
                    0.0,
                    1.0
                ]
            ],
            "radius": 0.15,
            "height": 0.108
        },
        "collider2": {
            "type": "Box",
            "collider2origin": [
                [
                    0.542746726224986,
                    0.7055401188344507,
                    0.4556743704523322,
                    -0.11461702204978513
                ],
                [
                    -0.5403504500735882,
                    0.7086699801136841,
                    -0.4536609421042783,
                    1.3781931855747596
                ],
                [
                    -0.6429987420495712,
                    -8.600176766759461e-07,
                    0.7658672324377961,
                    0.26088398024250603
                ],
                [
                    0.0,
                    0.0,
                    0.0,
                    1.0
                ]
            ],
            "size": [
                0.09102,
                0.10007,
                0.11882
            ]
        },
        "distance": 0.0
    },
    {
        "case": 10,
        "collider1": {
            "type": "Box",
            "collider2origin": [
                [
                    0.9987652092017612,
                    0.049679541947991616,
                    0.0,
                    -0.47864210557426284
                ],
                [
                    -0.049679541947991616,
                    0.9987652092017612,
                    0.0,
                    1.3769077942590573
                ],
                [
                    0.0,
                    0.0,
                    1.0,
                    0.12009999999999998
                ],
                [
                    0.0,
                    0.0,
                    0.0,
                    1.0
                ]
            ],
            "size": [
                4.0,
                0.1,
                0.16
            ]
        },
        "collider2": {
            "type": "Box",
            "collider2origin": [
                [
                    0.542746726224986,
                    0.7055401188344507,
                    0.4556743704523322,
                    -0.11461702204978513
                ],
                [
                    -0.5403504500735882,
                    0.7086699801136841,
                    -0.4536609421042783,
                    1.3781931855747596
                ],
                [
                    -0.6429987420495712,
                    -8.600176766759461e-07,
                    0.7658672324377961,
                    0.26088398024250603
                ],
                [
                    0.0,
                    0.0,
                    0.0,
                    1.0
                ]
            ],
            "size": [
                0.09102,
                0.10007,
                0.11882
            ]
        },
        "distance": 0.0
    },
    {
        "case": 11,
        "collider1": {
            "type": "Box",
            "collider2origin": [
                [
                    0.9984911777768198,
                    0.05491236565527933,
                    0.0,
                    0.19949793078659855
                ],
                [
                    -0.05491236565527933,
                    0.9984911777768198,
                    0.0,
                    1.615142983721484
                ],
                [
                    0.0,
                    0.0,
                    1.0,
                    0.1860599999999999
                ],
                [
                    0.0,
                    0.0,
                    0.0,
                    1.0
                ]
            ],
            "size": [
                0.62,
                0.62,
                0.02
            ]
        },
        "collider2": {
            "type": "Box",
            "collider2origin": [
                [
                    0.5771002943746631,
                    0.7055369342365728,
                    -0.41130631488069186,
                    -0.07451699870727996
                ],
                [
                    -0.5745457920440785,
                    0.7086731506326402,
                    0.40948687209341617,
                    1.180565709032227
                ],
                [
                    0.5803898543885132,
                    -6.81971812272367e-07,
                    0.8143387605428192,
                    0.021017317892675136
                ],
                [
                    0.0,
                    0.0,
                    0.0,
                    1.0
                ]
            ],
            "size": [
                0.1202,
                0.13634,
                0.67816
            ]
        },
        "distance": 0.0
    },
    {
        "case": 12,
        "collider1": {
            "type": "Box",
            "collider2origin": [
                [
                    -0.05491603331779873,
                    0.9984909760657019,
                    0.0,
                    0.13095676304947051
                ],
                [
                    -0.9984909760657019,
                    -0.05491603331779873,
                    0.0,
                    1.3910085623908217
                ],
                [
                    0.0,
                    0.0,
                    1.0,
                    0.22585999999999995
                ],
                [
                    0.0,
                    0.0,
                    0.0,
                    1.0
                ]
            ],
            "size": [
                0.1,
                0.1,
                0.06
            ]
        },
        "collider2": {
            "type": "Box",
            "collider2origin": [
                [
                    0.5771002943746631,
                    0.7055369342365728,
                    -0.41130631488069186,
                    -0.07451699870727996
                ],
                [
                    -0.5745457920440785,
                    0.7086731506326402,
                    0.40948687209341617,
                    1.180565709032227
                ],
                [
                    0.5803898543885132,
                    -6.81971812272367e-07,
                    0.8143387605428192,
                    0.021017317892675136
                ],
                [
                    0.0,
                    0.0,
                    0.0,
                    1.0
                ]
            ],
            "size": [
                0.1202,
                0.13634,
                0.67816
            ]
        },
        "distance": 0.15940151779885653
    },
    {
        "case": 13,
        "collider1": {
            "type": "Box",
            "collider2origin": [
                [
                    0.9984911777768198,
                    0.05491236565527933,
                    0.0,
                    -0.5693402761015525
                ],
                [
                    -0.05491236565527933,
                    0.9984911777768198,
                    0.0,
                    1.657425505276049
                ],
                [
                    0.0,
                    0.0,
                    1.0,
                    0.1860599999999999
                ],
                [
                    0.0,
                    0.0,
                    0.0,
                    1.0
                ]
            ],
            "size": [
                0.62,
                0.62,
                0.29
            ]
        },
        "collider2": {
            "type": "Box",
            "collider2origin": [
                [
                    0.5771002943746631,
                    0.7055369342365728,
                    -0.41130631488069186,
                    -0.07451699870727996
                ],
                [
                    -0.5745457920440785,
                    0.7086731506326402,
                    0.40948687209341617,
                    1.180565709032227
                ],
                [
                    0.5803898543885132,
                    -6.81971812272367e-07,
                    0.8143387605428192,
                    0.021017317892675136
                ],
                [
                    0.0,
                    0.0,
                    0.0,
                    1.0
                ]
            ],
            "size": [
                0.1202,
                0.13634,
                0.67816
            ]
        },
        "distance": 0.0036795547421766563
    },
    {
        "case": 14,
        "collider1": {
            "type": "Cylinder",
            "collider2origin": [
                [
                    0.999996163552453,
                    -0.002769996457679181,
                    0.0,
                    0.10432163761275043
                ],
                [
                    0.0027699964576791865,
                    0.999996163552453,
                    0.0,
                    1.362310441501493
                ],
                [
                    0.0,
                    0.0,
                    1.0,
                    0.29147999999999996
                ],
                [
                    0.0,
                    0.0,
                    0.0,
                    1.0
                ]
            ],
            "radius": 0.15,
            "height": 0.108
        },
        "collider2": {
            "type": "Box",
            "collider2origin": [
                [
                    0.5771002943746631,
                    0.7055369342365728,
                    -0.41130631488069186,
                    -0.07451699870727996
                ],
                [
                    -0.5745457920440785,
                    0.7086731506326402,
                    0.40948687209341617,
                    1.180565709032227
                ],
                [
                    0.5803898543885132,
                    -6.81971812272367e-07,
                    0.8143387605428192,
                    0.021017317892675136
                ],
                [
                    0.0,
                    0.0,
                    0.0,
                    1.0
                ]
            ],
            "size": [
                0.1202,
                0.13634,
                0.67816
            ]
        },
        "distance": 0.05106909456905287
    },
    {
        "case": 15,
        "collider1": {
            "type": "Cylinder",
            "collider2origin": [
                [
                    0.9999999999999999,
                    9.232706511461518e-18,
                    0.0,
                    0.13445068598225568
                ],
                [
                    2.2938126075542897e-18,
                    1.0,
                    0.0,
                    1.3902555666805037
                ],
                [
                    0.0,
                    0.0,
                    1.0,
                    0.29675000000000007
                ],
                [
                    0.0,
                    0.0,
                    0.0,
                    1.0
                ]
            ],
            "radius": 0.04,
            "height": 0.08
        },
        "collider2": {
            "type": "Box",
            "collider2origin": [
                [
                    0.5771002943746631,
                    0.7055369342365728,
                    -0.41130631488069186,
                    -0.07451699870727996
                ],
                [
                    -0.5745457920440785,
                    0.7086731506326402,
                    0.40948687209341617,
                    1.180565709032227
                ],
                [
                    0.5803898543885132,
                    -6.81971812272367e-07,
                    0.8143387605428192,
                    0.021017317892675136
                ],
                [
                    0.0,
                    0.0,
                    0.0,
                    1.0
                ]
            ],
            "size": [
                0.1202,
                0.13634,
                0.67816
            ]
        },
        "distance": 0.20120297781939656
    },
    {
        "case": 16,
        "collider1": {
            "type": "Box",
            "collider2origin": [
                [
                    0.9987652092017612,
                    0.049679541947991616,
                    0.0,
                    -0.8452169757328698
                ],
                [
                    -0.049679541947991616,
                    0.9987652092017612,
                    0.0,
                    1.7355619287231678
                ],
                [
                    0.0,
                    0.0,
                    1.0,
                    -0.39990000000000003
                ],
                [
                    0.0,
                    0.0,
                    0.0,
                    1.0
                ]
            ],
            "size": [
                5.96,
                0.78,
                0.87
            ]
        },
        "collider2": {
            "type": "Box",
            "collider2origin": [
                [
                    0.5771002943746631,
                    0.7055369342365728,
                    -0.41130631488069186,
                    -0.07451699870727996
                ],
                [
                    -0.5745457920440785,
                    0.7086731506326402,
                    0.40948687209341617,
                    1.180565709032227
                ],
                [
                    0.5803898543885132,
                    -6.81971812272367e-07,
                    0.8143387605428192,
                    0.021017317892675136
                ],
                [
                    0.0,
                    0.0,
                    0.0,
                    1.0
                ]
            ],
            "size": [
                0.1202,
                0.13634,
                0.67816
            ]
        },
        "distance": 0.01737911038322819
    },
    {
        "case": 17,
        "collider1": {
            "type": "Box",
            "collider2origin": [
                [
                    0.9987652092017612,
                    0.049679541947991616,
                    0.0,
                    -0.47864210557426284
                ],
                [
                    -0.049679541947991616,
                    0.9987652092017612,
                    0.0,
                    1.3769077942590573
                ],
                [
                    0.0,
                    0.0,
                    1.0,
                    0.12009999999999998
                ],
                [
                    0.0,
                    0.0,
                    0.0,
                    1.0
                ]
            ],
            "size": [
                4.0,
                0.1,
                0.16
            ]
        },
        "collider2": {
            "type": "Box",
            "collider2origin": [
                [
                    0.5771002943746631,
                    0.7055369342365728,
                    -0.41130631488069186,
                    -0.07451699870727996
                ],
                [
                    -0.5745457920440785,
                    0.7086731506326402,
                    0.40948687209341617,
                    1.180565709032227
                ],
                [
                    0.5803898543885132,
                    -6.81971812272367e-07,
                    0.8143387605428192,
                    0.021017317892675136
                ],
                [
                    0.0,
                    0.0,
                    0.0,
                    1.0
                ]
            ],
            "size": [
                0.1202,
                0.13634,
                0.67816
            ]
        },
        "distance": 0.0
    },
    {
        "case": 18,
        "collider1": {
            "type": "Box",
            "collider2origin": [
                [
                    0.9992356923808713,
                    0.039090038016362835,
                    0.0,
                    -0.7387332447251884
                ],
                [
                    -0.039090038016362835,
                    0.9992356923808713,
                    0.0,
                    0.6397293653589854
                ],
                [
                    0.0,
                    0.0,
                    1.0,
                    -0.40439
                ],
                [
                    0.0,
                    0.0,
                    0.0,
                    1.0
                ]
            ],
            "size": [
                1.2,
                1.4,
                0.812
            ]
        },
        "collider2": {
            "type": "Box",
            "collider2origin": [
                [
                    0.5771002943746631,
                    0.7055369342365728,
                    -0.41130631488069186,
                    -0.07451699870727996
                ],
                [
                    -0.5745457920440785,
                    0.7086731506326402,
                    0.40948687209341617,
                    1.180565709032227
                ],
                [
                    0.5803898543885132,
                    -6.81971812272367e-07,
                    0.8143387605428192,
                    0.021017317892675136
                ],
                [
                    0.0,
                    0.0,
                    0.0,
                    1.0
                ]
            ],
            "size": [
                0.1202,
                0.13634,
                0.67816
            ]
        },
        "distance": 0.0
    }
]