[
    {
        "case": 0,
        "collider1": {
            "type": "Box",
            "collider2origin": [
                [
                    0.9987652092017612,
                    0.049679541947991616,
                    0.0,
                    0.36025
                ],
                [
                    -0.049679541947991616,
                    0.9987652092017612,
                    0.0,
                    0.66562
                ],
                [
                    0.0,
                    0.0,
                    1.0,
                    1.13
                ],
                [
                    0.0,
                    0.0,
                    0.0,
                    1.0
                ]
            ],
            "size": [
                2.0,
                2.0,
                0.05
            ]
        },
        "collider2": {
            "type": "Box",
            "collider2origin": [
                [
                    0.29453804714738596,
                    -0.9520914553132731,
                    -0.08227514510505361,
                    0.2141946908756099
                ],
                [
                    0.9169877996138084,
                    0.30581344103789004,
                    -0.2561474470690486,
                    0.34255342137149625
                ],
                [
                    0.26903664089121826,
                    -1.354312839085386e-07,
                    0.9631299423535493,
                    0.9394974695657896
                ],
                [
                    0.0,
                    0.0,
                    0.0,
                    1.0
                ]
            ],
            "size": [
                0.1202,
                0.13634,
                0.67816
            ]
        },
        "distance": 0.0
    },
    {
        "case": 1,
        "collider1": {
            "type": "Box",
            "collider2origin": [
                [
                    0.9987652092017612,
                    0.049679541947991616,
                    0.0,
                    0.36025
                ],
                [
                    -0.049679541947991616,
                    0.9987652092017612,
                    0.0,
                    0.66562
                ],
                [
                    0.0,
                    0.0,
                    1.0,
                    1.13
                ],
                [
                    0.0,
                    0.0,
                    0.0,
                    1.0
                ]
            ],
            "size": [
                2.0,
                2.0,
                0.05
            ]
        },
        "collider2": {
            "type": "Box",
            "collider2origin": [
                [
                    0.26563499086446823,
                    -0.9520905964965145,
                    0.15153068234303158,
                    0.0841312870357892
                ],
                [
                    0.8269948035291705,
                    0.305816114785794,
                    0.47175851754162407,
                    0.3030811942855783
                ],
                [
                    -0.4954973729135026,
                    -4.826244878359603e-07,
                    0.8686094366489372,
                    1.2230122392228493
                ],
                [
                    0.0,
                    0.0,
                    0.0,
                    1.0
                ]
            ],
            "size": [
                0.09102,
                0.10007,
                0.11882
            ]
        },
        "distance": 0.0
    }
]