[
    {
        "case": 0,
        "collider1": {
            "type": "Cylinder",
            "collider2origin": [
                [
                    1.0,
                    0.0,
                    0.0,
                    0.36025
                ],
                [
                    0.0,
                    1.0,
                    0.0,
                    0.66562
                ],
                [
                    0.0,
                    0.0,
                    1.0,
                    -0.35
                ],
                [
                    0.0,
                    0.0,
                    0.0,
                    1.0
                ]
            ],
            "radius": 0.11,
            "height": 0.68
        },
        "collider2": {
            "type": "Box",
            "collider2origin": [
                [
                    -0.017505166354185496,
                    0.9998448903951599,
                    0.0019401808170675422,
                    0.41484681896919695
                ],
                [
                    0.9937137845567857,
                    0.01761235637418569,
                    -0.1105564077056535,
                    0.8606014131346424
                ],
                [
                    -0.11057343050092226,
                    -7.323885955955249e-06,
                    -0.9938679572325583,
                    -0.7221235761567458
                ],
                [
                    0.0,
                    0.0,
                    0.0,
                    1.0
                ]
            ],
            "size": [
                0.1202,
                0.13634,
                0.67816
            ]
        },
        "distance": 0.026926530282849758
    },
    {
        "case": 1,
        "collider1": {
            "type": "Cylinder",
            "collider2origin": [
                [
                    1.0,
                    0.0,
                    0.0,
                    0.36025
                ],
                [
                    0.0,
                    1.0,
                    0.0,
                    0.66562
                ],
                [
                    0.0,
                    0.0,
                    1.0,
                    -0.35
                ],
                [
                    0.0,
                    0.0,
                    0.0,
                    1.0
                ]
            ],
            "radius": 0.11,
            "height": 0.68
        },
        "collider2": {
            "type": "Box",
            "collider2origin": [
                [
                    -0.016424624723195905,
                    0.9998448598958525,
                    -0.006363005779123894,
                    0.542606941124
                ],
                [
                    0.9324716985242082,
                    0.017614087811994552,
                    0.3608133525272162,
                    0.7812151127336915
                ],
                [
                    0.36086945444866914,
                    -7.0988962012936985e-06,
                    -0.9326163395499381,
                    -0.1524932541635846
                ],
                [
                    0.0,
                    0.0,
                    0.0,
                    1.0
                ]
            ],
            "size": [
                0.15068,
                0.17726,
                0.74884
            ]
        },
        "distance": 0.0
    },
    {
        "case": 2,
        "collider1": {
            "type": "Cylinder",
            "collider2origin": [
                [
                    1.0,
                    0.0,
                    0.0,
                    0.36025
                ],
                [
                    0.0,
                    1.0,
                    0.0,
                    0.66562
                ],
                [
                    0.0,
                    0.0,
                    1.0,
                    -0.35
                ],
                [
                    0.0,
                    0.0,
                    0.0,
                    1.0
                ]
            ],
            "radius": 0.11,
            "height": 0.68
        },
        "collider2": {
            "type": "Box",
            "collider2origin": [
                [
                    -0.016424624723195905,
                    0.9998448598958525,
                    -0.006363005779123894,
                    0.542606941124
                ],
                [
                    0.9324716985242082,
                    0.017614087811994552,
                    0.3608133525272162,
                    0.7812151127336915
                ],
                [
                    0.36086945444866914,
                    -7.0988962012936985e-06,
                    -0.9326163395499381,
                    -0.1524932541635846
                ],
                [
                    0.0,
                    0.0,
                    0.0,
                    1.0
                ]
            ],
            "size": [
                0.15068,
                0.17726,
                0.74884
            ]
        },
        "distance": 0.0
    }
]