[
    {
        "case": 0,
        "collider1": {
            "type": "Box",
            "collider2origin": [
                [
                    0.9987652092017612,
                    0.049679541947991616,
                    0.0,
                    1.39818354856204
                ],
                [
                    -0.049679541947991616,
                    0.9987652092017612,
                    0.0,
                    1.1443808332935834
                ],
                [
                    0.0,
                    0.0,
                    1.0,
                    0.08009999999999995
                ],
                [
                    0.0,
                    0.0,
                    0.0,
                    1.0
                ]
            ],
            "size": [
                0.22,
                0.18,
                0.2
            ]
        },
        "collider2": {
            "type": "Sphere",
            "collider2origin": [
                [
                    1.0,
                    0.0,
                    0.0,
                    1.4050237279083766
                ],
                [
                    0.0,
                    1.0,
                    0.0,
                    1.155475853494642
                ],
                [
                    0.0,
                    0.0,
                    1.0,
                    0.09283019490678113
                ],
                [
                    0.0,
                    0.0,
                    0.0,
                    1.0
                ]
            ],
            "radius": 0.00484
        },
        "distance": 0.0
    },
    {
        "case": 1,
        "collider1": {
            "type": "Cylinder",
            "collider2origin": [
                [
                    1.0,
                    0.0,
                    0.0,
                    0.36025
                ],
                [
                    0.0,
                    1.0,
                    0.0,
                    0.66562
                ],
                [
                    0.0,
                    0.0,
                    1.0,
                    -0.35
                ],
                [
                    0.0,
                    0.0,
                    0.0,
                    1.0
                ]
            ],
            "radius": 0.11,
            "height": 0.68
        },
        "collider2": {
            "type": "Box",
            "collider2origin": [
                [
                    -0.37591529133518425,
                    -0.1494373970276498,
                    0.9145250997703585,
                    0.6182837175804324
                ],
                [
                    -0.056818495807503776,
                    0.9887711890745494,
                    0.13821430530257714,
                    0.8840468886625086
                ],
                [
                    -0.9249104563548604,
                    -5.069702650690546e-06,
                    -0.3801850177212957,
                    0.013346730901041104
                ],
                [
                    0.0,
                    0.0,
                    0.0,
                    1.0
                ]
            ],
            "size": [
                0.15068,
                0.17726,
                0.74884
            ]
        },
        "distance": 0.028301528670823625
    },
    {
        "case": 2,
        "collider1": {
            "type": "Cylinder",
            "collider2origin": [
                [
                    1.0,
                    0.0,
                    0.0,
                    0.36025
                ],
                [
                    0.0,
                    1.0,
                    0.0,
                    0.66562
                ],
                [
                    0.0,
                    0.0,
                    1.0,
                    -0.35
                ],
                [
                    0.0,
                    0.0,
                    0.0,
                    1.0
                ]
            ],
            "radius": 0.11,
            "height": 0.68
        },
        "collider2": {
            "type": "Box",
            "collider2origin": [
                [
                    -0.37591529133518425,
                    -0.1494373970276498,
                    0.9145250997703585,
                    0.6182837175804324
                ],
                [
                    -0.056818495807503776,
                    0.9887711890745494,
                    0.13821430530257714,
                    0.8840468886625086
                ],
                [
                    -0.9249104563548604,
                    -5.069702650690546e-06,
                    -0.3801850177212957,
                    0.013346730901041104
                ],
                [
                    0.0,
                    0.0,
                    0.0,
                    1.0
                ]
            ],
            "size": [
                0.15068,
                0.17726,
                0.74884
            ]
        },
        "distance": 0.028301528670823625
    },
    {
        "case": 3,
        "collider1": {
            "type": "Box",
            "collider2origin": [
                [
                    0.9987652092017612,
                    0.049679541947991616,
                    0.0,
                    1.39818354856204
                ],
                [
                    -0.049679541947991616,
                    0.9987652092017612,
                    0.0,
                    1.1443808332935834
                ],
                [
                    0.0,
                    0.0,
                    1.0,
                    0.08009999999999995
                ],
                [
                    0.0,
                    0.0,
                    0.0,
                    1.0
                ]
            ],
            "size": [
                0.22,
                0.18,
                0.2
            ]
        },
        "collider2": {
            "type": "Sphere",
            "collider2origin": [
                [
                    1.0,
                    0.0,
                    0.0,
                    1.4316267024292495
                ],
                [
                    0.0,
                    1.0,
                    0.0,
                    1.0849859861722555
                ],
                [
                    0.0,
                    0.0,
                    1.0,
                    0.03511674591549241
                ],
                [
                    0.0,
                    0.0,
                    0.0,
                    1.0
                ]
            ],
            "radius": 0.00663
        },
        "distance": 0.0
    },
    {
        "case": 4,
        "collider1": {
            "type": "Box",
            "collider2origin": [
                [
                    0.9987652092017612,
                    0.049679541947991616,
                    0.0,
                    1.39818354856204
                ],
                [
                    -0.049679541947991616,
                    0.9987652092017612,
                    0.0,
                    1.1443808332935834
                ],
                [
                    0.0,
                    0.0,
                    1.0,
                    0.08009999999999995
                ],
                [
                    0.0,
                    0.0,
                    0.0,
                    1.0
                ]
            ],
            "size": [
                0.22,
                0.18,
                0.2
            ]
        },
        "collider2": {
            "type": "Box",
            "collider2origin": [
                [
                    0.4400629101058066,
                    -0.14977074835128518,
                    0.885388817462421,
                    1.4112422354545875
                ],
                [
                    -0.8032174633226549,
                    0.3751834596612818,
                    0.46268680358327763,
                    1.077543952716897
                ],
                [
                    -0.40148018850589423,
                    -0.9147710612688219,
                    0.044805844511453065,
                    0.13842422393927367
                ],
                [
                    0.0,
                    0.0,
                    0.0,
                    1.0
                ]
            ],
            "size": [
                0.07264,
                0.04753,
                0.03326
            ]
        },
        "distance": 0.0
    },
    {
        "case": 5,
        "collider1": {
            "type": "Box",
            "collider2origin": [
                [
                    0.9987652092017612,
                    0.049679541947991616,
                    0.0,
                    1.39818354856204
                ],
                [
                    -0.049679541947991616,
                    0.9987652092017612,
                    0.0,
                    1.1443808332935834
                ],
                [
                    0.0,
                    0.0,
                    1.0,
                    0.08009999999999995
                ],
                [
                    0.0,
                    0.0,
                    0.0,
                    1.0
                ]
            ],
            "size": [
                0.22,
                0.18,
                0.2
            ]
        },
        "collider2": {
            "type": "Box",
            "collider2origin": [
                [
                    0.6158177153577006,
                    -0.1497682410897889,
                    0.773523118861028,
                    1.4201444721102696
                ],
                [
                    -0.6884338510509671,
                    0.37518789881080006,
                    0.6207196414751761,
                    1.060791178379513
                ],
                [
                    -0.38318060256066755,
                    -0.9147696510853468,
                    0.12794182769695,
                    0.18607388746932307
                ],
                [
                    0.0,
                    0.0,
                    0.0,
                    1.0
                ]
            ],
            "size": [
                0.06241,
                0.05638,
                0.02858
            ]
        },
        "distance": 0.0
    },
    {
        "case": 6,
        "collider1": {
            "type": "Box",
            "collider2origin": [
                [
                    0.9987652092017612,
                    0.049679541947991616,
                    0.0,
                    1.39818354856204
                ],
                [
                    -0.049679541947991616,
                    0.9987652092017612,
                    0.0,
                    1.1443808332935834
                ],
                [
                    0.0,
                    0.0,
                    1.0,
                    0.08009999999999995
                ],
                [
                    0.0,
                    0.0,
                    0.0,
                    1.0
                ]
            ],
            "size": [
                0.22,
                0.18,
                0.2
            ]
        },
        "collider2": {
            "type": "Cylinder",
            "collider2origin": [
                [
                    0.4573254247076982,
                    0.4403760341639681,
                    -0.7726075358485304,
                    1.4409467684431623
                ],
                [
                    -0.8159623641313692,
                    -0.13768855312091263,
                    -0.5614688617017113,
                    1.1005259713391535
                ],
                [
                    -0.353636644364055,
                    0.8871926571345621,
                    0.2963617939098183,
                    0.10828661974116605
                ],
                [
                    0.0,
                    0.0,
                    0.0,
                    1.0
                ]
            ],
            "radius": 0.00683,
            "height": 0.01183
        },
        "distance": 0.0
    },
    {
        "case": 7,
        "collider1": {
            "type": "Box",
            "collider2origin": [
                [
                    1.0,
                    0.0,
                    0.0,
                    1.0596
                ],
                [
                    0.0,
                    1.0,
                    0.0,
                    0.84274
                ],
                [
                    0.0,
                    0.0,
                    1.0,
                    0.13693
                ],
                [
                    0.0,
                    0.0,
                    0.0,
                    1.0
                ]
            ],
            "size": [
                0.1,
                0.1,
                2.0
            ]
        },
        "collider2": {
            "type": "Box",
            "collider2origin": [
                [
                    0.7161568056271411,
                    -0.1494382520460065,
                    0.681753356118885,
                    1.1135924120052203
                ],
                [
                    0.10823589735548945,
                    0.9887710598639142,
                    0.10303776831455232,
                    0.8311323099289077
                ],
                [
                    -0.6894957724870988,
                    -1.0127404551595191e-06,
                    0.7242897070381388,
                    0.0977556586082895
                ],
                [
                    0.0,
                    0.0,
                    0.0,
                    1.0
                ]
            ],
            "size": [
                0.1202,
                0.13634,
                0.67816
            ]
        },
        "distance": 0.0
    },
    {
        "case": 8,
        "collider1": {
            "type": "Box",
            "collider2origin": [
                [
                    0.9987652092017612,
                    0.049679541947991616,
                    0.0,
                    1.39818354856204
                ],
                [
                    -0.049679541947991616,
                    0.9987652092017612,
                    0.0,
                    1.1443808332935834
                ],
                [
                    0.0,
                    0.0,
                    1.0,
                    0.08009999999999995
                ],
                [
                    0.0,
                    0.0,
                    0.0,
                    1.0
                ]
            ],
            "size": [
                0.22,
                0.18,
                0.2
            ]
        },
        "collider2": {
            "type": "Cylinder",
            "collider2origin": [
                [
                    0.48843781938913117,
                    0.8086195871054478,
                    -0.3279677727152548,
                    1.4245409818413517
                ],
                [
                    -0.85020104666857,
                    0.35639776283257113,
                    -0.38747750243285844,
                    1.0757286166615467
                ],
                [
                    -0.1964349175530103,
                    0.46809720998672166,
                    0.8615673654268647,
                    0.051737825107062374
                ],
                [
                    0.0,
                    0.0,
                    0.0,
                    1.0
                ]
            ],
            "radius": 0.00796,
            "height": 0.03037
        },
        "distance": 0.0
    },
    {
        "case": 9,
        "collider1": {
            "type": "Box",
            "collider2origin": [
                [
                    0.9987652092017612,
                    0.049679541947991616,
                    0.0,
                    1.39818354856204
                ],
                [
                    -0.049679541947991616,
                    0.9987652092017612,
                    0.0,
                    1.1443808332935834
                ],
                [
                    0.0,
                    0.0,
                    1.0,
                    0.08009999999999995
                ],
                [
                    0.0,
                    0.0,
                    0.0,
                    1.0
                ]
            ],
            "size": [
                0.22,
                0.18,
                0.2
            ]
        },
        "collider2": {
            "type": "Cylinder",
            "collider2origin": [
                [
                    0.4283179557536071,
                    0.3452361504840801,
                    -0.8350782772758394,
                    1.4285940226153868
                ],
                [
                    -0.7456310935363337,
                    -0.3870264070099183,
                    -0.5424433911744189,
                    1.1103279933703336
                ],
                [
                    -0.5104684134506872,
                    0.8549985734935034,
                    0.09164844894056712,
                    0.12326998578207027
                ],
                [
                    0.0,
                    0.0,
                    0.0,
                    1.0
                ]
            ],
            "radius": 0.00783,
            "height": 0.03683
        },
        "distance": 0.0
    },
    {
        "case": 10,
        "collider1": {
            "type": "Box",
            "collider2origin": [
                [
                    0.9987652092017612,
                    0.049679541947991616,
                    0.0,
                    1.39818354856204
                ],
                [
                    -0.049679541947991616,
                    0.9987652092017612,
                    0.0,
                    1.1443808332935834
                ],
                [
                    0.0,
                    0.0,
                    1.0,
                    0.08009999999999995
                ],
                [
                    0.0,
                    0.0,
                    0.0,
                    1.0
                ]
            ],
            "size": [
                0.22,
                0.18,
                0.2
            ]
        },
        "collider2": {
            "type": "Sphere",
            "collider2origin": [
                [
                    1.0,
                    0.0,
                    0.0,
                    1.4749645130448346
                ],
                [
                    0.0,
                    1.0,
                    0.0,
                    1.128997676236266
                ],
                [
                    0.0,
                    0.0,
                    1.0,
                    0.13571061112881244
                ],
                [
                    0.0,
                    0.0,
                    0.0,
                    1.0
                ]
            ],
            "radius": 0.00487
        },
        "distance": 0.0
    },
    {
        "case": 11,
        "collider1": {
            "type": "Box",
            "collider2origin": [
                [
                    0.9987652092017612,
                    0.049679541947991616,
                    0.0,
                    1.39818354856204
                ],
                [
                    -0.049679541947991616,
                    0.9987652092017612,
                    0.0,
                    1.1443808332935834
                ],
                [
                    0.0,
                    0.0,
                    1.0,
                    0.08009999999999995
                ],
                [
                    0.0,
                    0.0,
                    0.0,
                    1.0
                ]
            ],
            "size": [
                0.22,
                0.18,
                0.2
            ]
        },
        "collider2": {
            "type": "Cylinder",
            "collider2origin": [
                [
                    0.4306760059194425,
                    -0.14382001636096323,
                    -0.8909736139859633,
                    1.4606312059620699
                ],
                [
                    -0.7484867765269037,
                    -0.6085194960007505,
                    -0.26357459731802113,
                    1.1252029390308742
                ],
                [
                    -0.5042675116340937,
                    0.7803972231376302,
                    -0.3697221265077794,
                    0.1284237683547993
                ],
                [
                    0.0,
                    0.0,
                    0.0,
                    1.0
                ]
            ],
            "radius": 0.0076,
            "height": 0.02993
        },
        "distance": 0.0
    },
    {
        "case": 12,
        "collider1": {
            "type": "Box",
            "collider2origin": [
                [
                    0.9987652092017612,
                    0.049679541947991616,
                    0.0,
                    1.39818354856204
                ],
                [
                    -0.049679541947991616,
                    0.9987652092017612,
                    0.0,
                    1.1443808332935834
                ],
                [
                    0.0,
                    0.0,
                    1.0,
                    0.08009999999999995
                ],
                [
                    0.0,
                    0.0,
                    0.0,
                    1.0
                ]
            ],
            "size": [
                0.22,
                0.18,
                0.2
            ]
        },
        "collider2": {
            "type": "Cylinder",
            "collider2origin": [
                [
                    0.3860374971918594,
                    0.9172191587453082,
                    0.09840765007047708,
                    1.3976910275713381
                ],
                [
                    -0.651735127250267,
                    0.34667608320175025,
                    -0.6745791408307633,
                    1.1248895658111897
                ],
                [
                    -0.6528524907434473,
                    0.19627712084306048,
                    0.731613912636737,
                    0.1178414366095093
                ],
                [
                    0.0,
                    0.0,
                    0.0,
                    1.0
                ]
            ],
            "radius": 0.00783,
            "height": 0.03044
        },
        "distance": 0.0
    },
    {
        "case": 13,
        "collider1": {
            "type": "Box",
            "collider2origin": [
                [
                    0.9987652092017612,
                    0.049679541947991616,
                    0.0,
                    1.39818354856204
                ],
                [
                    -0.049679541947991616,
                    0.9987652092017612,
                    0.0,
                    1.1443808332935834
                ],
                [
                    0.0,
                    0.0,
                    1.0,
                    0.08009999999999995
                ],
                [
                    0.0,
                    0.0,
                    0.0,
                    1.0
                ]
            ],
            "size": [
                0.22,
                0.18,
                0.2
            ]
        },
        "collider2": {
            "type": "Cylinder",
            "collider2origin": [
                [
                    0.8213265707205847,
                    0.38365904944985557,
                    -0.4221710530147664,
                    1.4746726650034243
                ],
                [
                    -0.5645522757234631,
                    0.6528760066603883,
                    -0.5050085622072594,
                    1.0746459525956165
                ],
                [
                    0.08187424627941625,
                    0.6531145793062788,
                    0.7528200011249433,
                    0.1375114856725559
                ],
                [
                    0.0,
                    0.0,
                    0.0,
                    1.0
                ]
            ],
            "radius": 0.01271,
            "height": 0.05982
        },
        "distance": 0.0
    },
    {
        "case": 14,
        "collider1": {
            "type": "Box",
            "collider2origin": [
                [
                    0.9987652092017612,
                    0.049679541947991616,
                    0.0,
                    1.39818354856204
                ],
                [
                    -0.049679541947991616,
                    0.9987652092017612,
                    0.0,
                    1.1443808332935834
                ],
                [
                    0.0,
                    0.0,
                    1.0,
                    0.08009999999999995
                ],
                [
                    0.0,
                    0.0,
                    0.0,
                    1.0
                ]
            ],
            "size": [
                0.22,
                0.18,
                0.2
            ]
        },
        "collider2": {
            "type": "Cylinder",
            "collider2origin": [
                [
                    0.8502199249631114,
                    0.3773292447208209,
                    -0.36708135375436207,
                    1.4802709648248737
                ],
                [
                    -0.5191438030565856,
                    0.7165786717663715,
                    -0.4658376529623675,
                    1.083796522262857
                ],
                [
                    0.08726849914869246,
                    0.5866324643658557,
                    0.8051376036482071,
                    0.12727047918519663
                ],
                [
                    0.0,
                    0.0,
                    0.0,
                    1.0
                ]
            ],
            "radius": 0.01169,
            "height": 0.05502
        },
        "distance": 0.0
    },
    {
        "case": 15,
        "collider1": {
            "type": "Box",
            "collider2origin": [
                [
                    0.9987652092017612,
                    0.049679541947991616,
                    0.0,
                    1.39818354856204
                ],
                [
                    -0.049679541947991616,
                    0.9987652092017612,
                    0.0,
                    1.1443808332935834
                ],
                [
                    0.0,
                    0.0,
                    1.0,
                    0.08009999999999995
                ],
                [
                    0.0,
                    0.0,
                    0.0,
                    1.0
                ]
            ],
            "size": [
                0.22,
                0.18,
                0.2
            ]
        },
        "collider2": {
            "type": "Cylinder",
            "collider2origin": [
                [
                    0.48843781938913117,
                    0.8648269472263528,
                    0.11620175532898495,
                    1.4201787188263197
                ],
                [
                    -0.85020104666857,
                    0.501640100045684,
                    -0.1597353757619875,
                    1.0673603152157563
                ],
                [
                    -0.1964349175530103,
                    -0.020774055388939627,
                    0.9802967723034892,
                    0.07709266275789495
                ],
                [
                    0.0,
                    0.0,
                    0.0,
                    1.0
                ]
            ],
            "radius": 0.00713,
            "height": 0.01426
        },
        "distance": 0.0
    },
    {
        "case": 16,
        "collider1": {
            "type": "Box",
            "collider2origin": [
                [
                    0.9987652092017612,
                    0.049679541947991616,
                    0.0,
                    1.39818354856204
                ],
                [
                    -0.049679541947991616,
                    0.9987652092017612,
                    0.0,
                    1.1443808332935834
                ],
                [
                    0.0,
                    0.0,
                    1.0,
                    0.08009999999999995
                ],
                [
                    0.0,
                    0.0,
                    0.0,
                    1.0
                ]
            ],
            "size": [
                0.22,
                0.18,
                0.2
            ]
        },
        "collider2": {
            "type": "Sphere",
            "collider2origin": [
                [
                    1.0,
                    0.0,
                    0.0,
                    1.4849428010942218
                ],
                [
                    0.0,
                    1.0,
                    0.0,
                    1.1233169308892257
                ],
                [
                    0.0,
                    0.0,
                    1.0,
                    0.1125957465383105
                ],
                [
                    0.0,
                    0.0,
                    0.0,
                    1.0
                ]
            ],
            "radius": 0.00563
        },
        "distance": 0.0
    },
    {
        "case": 17,
        "collider1": {
            "type": "Box",
            "collider2origin": [
                [
                    0.9987652092017612,
                    0.049679541947991616,
                    0.0,
                    1.39818354856204
                ],
                [
                    -0.049679541947991616,
                    0.9987652092017612,
                    0.0,
                    1.1443808332935834
                ],
                [
                    0.0,
                    0.0,
                    1.0,
                    0.08009999999999995
                ],
                [
                    0.0,
                    0.0,
                    0.0,
                    1.0
                ]
            ],
            "size": [
                0.22,
                0.18,
                0.2
            ]
        },
        "collider2": {
            "type": "Cylinder",
            "collider2origin": [
                [
                    0.4573254247076982,
                    -0.0007305558473492884,
                    -0.8892991185220395,
                    1.4665929375513764
                ],
                [
                    -0.8159623641313692,
                    -0.39800214340599505,
                    -0.4192847650050971,
                    1.1154120539854042
                ],
                [
                    -0.353636644364055,
                    0.9173841943986103,
                    -0.18261260534405396,
                    0.10710498802109458
                ],
                [
                    0.0,
                    0.0,
                    0.0,
                    1.0
                ]
            ],
            "radius": 0.00813,
            "height": 0.03824
        },
        "distance": 0.0
    },
    {
        "case": 18,
        "collider1": {
            "type": "Box",
            "collider2origin": [
                [
                    0.9987652092017612,
                    0.049679541947991616,
                    0.0,
                    1.39818354856204
                ],
                [
                    -0.049679541947991616,
                    0.9987652092017612,
                    0.0,
                    1.1443808332935834
                ],
                [
                    0.0,
                    0.0,
                    1.0,
                    0.08009999999999995
                ],
                [
                    0.0,
                    0.0,
                    0.0,
                    1.0
                ]
            ],
            "size": [
                0.22,
                0.18,
                0.2
            ]
        },
        "collider2": {
            "type": "Cylinder",
            "collider2origin": [
                [
                    0.39246982046460044,
                    0.881176741277533,
                    -0.2636190255956331,
                    1.4004521097901579
                ],
                [
                    -0.6485118819210017,
                    0.06186868975608544,
                    -0.7586861038895767,
                    1.1438511121822086
                ],
                [
                    -0.6522267849695874,
                    0.46872146938173426,
                    0.5957351803518599,
                    0.1001974465788893
                ],
                [
                    0.0,
                    0.0,
                    0.0,
                    1.0
                ]
            ],
            "radius": 0.0076,
            "height": 0.02993
        },
        "distance": 0.0
    },
    {
        "case": 19,
        "collider1": {
            "type": "Box",
            "collider2origin": [
                [
                    0.9987652092017612,
                    0.049679541947991616,
                    0.0,
                    1.39818354856204
                ],
                [
                    -0.049679541947991616,
                    0.9987652092017612,
                    0.0,
                    1.1443808332935834
                ],
                [
                    0.0,
                    0.0,
                    1.0,
                    0.08009999999999995
                ],
                [
                    0.0,
                    0.0,
                    0.0,
                    1.0
                ]
            ],
            "size": [
                0.22,
                0.18,
                0.2
            ]
        },
        "collider2": {
            "type": "Sphere",
            "collider2origin": [
                [
                    1.0,
                    0.0,
                    0.0,
                    1.488068249234996
                ],
                [
                    0.0,
                    1.0,
                    0.0,
                    1.0946327095588242
                ],
                [
                    0.0,
                    0.0,
                    1.0,
                    0.10893193233125031
                ],
                [
                    0.0,
                    0.0,
                    0.0,
                    1.0
                ]
            ],
            "radius": 0.01051
        },
        "distance": 0.0
    },
    {
        "case": 20,
        "collider1": {
            "type": "Box",
            "collider2origin": [
                [
                    0.9987652092017612,
                    0.049679541947991616,
                    0.0,
                    1.39818354856204
                ],
                [
                    -0.049679541947991616,
                    0.9987652092017612,
                    0.0,
                    1.1443808332935834
                ],
                [
                    0.0,
                    0.0,
                    1.0,
                    0.08009999999999995
                ],
                [
                    0.0,
                    0.0,
                    0.0,
                    1.0
                ]
            ],
            "size": [
                0.22,
                0.18,
                0.2
            ]
        },
        "collider2": {
            "type": "Cylinder",
            "collider2origin": [
                [
                    0.4573254247076982,
                    0.4403760341639681,
                    -0.7726075358485304,
                    1.4283400913618514
                ],
                [
                    -0.8159623641313692,
                    -0.13768855312091263,
                    -0.5614688617017113,
                    1.0913620781755418
                ],
                [
                    -0.353636644364055,
                    0.8871926571345621,
                    0.2963617939098183,
                    0.11312785460981889
                ],
                [
                    0.0,
                    0.0,
                    0.0,
                    1.0
                ]
            ],
            "radius": 0.00683,
            "height": 0.01782
        },
        "distance": 0.0
    },
    {
        "case": 21,
        "collider1": {
            "type": "Box",
            "collider2origin": [
                [
                    0.9987652092017612,
                    0.049679541947991616,
                    0.0,
                    1.39818354856204
                ],
                [
                    -0.049679541947991616,
                    0.9987652092017612,
                    0.0,
                    1.1443808332935834
                ],
                [
                    0.0,
                    0.0,
                    1.0,
                    0.08009999999999995
                ],
                [
                    0.0,
                    0.0,
                    0.0,
                    1.0
                ]
            ],
            "size": [
                0.22,
                0.18,
                0.2
            ]
        },
        "collider2": {
            "type": "Cylinder",
            "collider2origin": [
                [
                    0.46899843004686953,
                    0.8776384284279459,
                    0.09895080373648427,
                    1.4220298015965245
                ],
                [
                    -0.8654645095508952,
                    0.4790265710907185,
                    -0.14664490068494174,
                    1.0647625640480385
                ],
                [
                    -0.17610126439466334,
                    -0.016862180629846683,
                    0.9842276218146931,
                    0.09224678236233674
                ],
                [
                    0.0,
                    0.0,
                    0.0,
                    1.0
                ]
            ],
            "radius": 0.00713,
            "height": 0.01697
        },
        "distance": 0.0
    }
]