[
    {
        "case": 0,
        "collider1": {
            "type": "Cylinder",
            "collider2origin": [
                [
                    1.0,
                    0.0,
                    0.0,
                    0.36025
                ],
                [
                    0.0,
                    1.0,
                    0.0,
                    0.66562
                ],
                [
                    0.0,
                    0.0,
                    1.0,
                    -0.35
                ],
                [
                    0.0,
                    0.0,
                    0.0,
                    1.0
                ]
            ],
            "radius": 0.11,
            "height": 0.68
        },
        "collider2": {
            "type": "Box",
            "collider2origin": [
                [
                    -0.7048860466778054,
                    -0.707694926459956,
                    0.04799533583351725,
                    0.20394521197008478
                ],
                [
                    0.2634675651851028,
                    -0.19839734330624503,
                    0.9440462574813044,
                    0.6628523510800407
                ],
                [
                    -0.6585745996425678,
                    0.6780902485892725,
                    0.32630217816277335,
                    -0.7013292205948347
                ],
                [
                    0.0,
                    0.0,
                    0.0,
                    1.0
                ]
            ],
            "size": [
                0.09126,
                0.11887,
                0.10009
            ]
        },
        "distance": 0.0
    },
    {
        "case": 1,
        "collider1": {
            "type": "Cylinder",
            "collider2origin": [
                [
                    1.0,
                    0.0,
                    0.0,
                    0.36025
                ],
                [
                    0.0,
                    1.0,
                    0.0,
                    0.66562
                ],
                [
                    0.0,
                    0.0,
                    1.0,
                    -0.35
                ],
                [
                    0.0,
                    0.0,
                    0.0,
                    1.0
                ]
            ],
            "radius": 0.11,
            "height": 0.68
        },
        "collider2": {
            "type": "Box",
            "collider2origin": [
                [
                    0.01657042794911313,
                    -0.9987101024100091,
                    0.04799533583351725,
                    0.20423275510415723
                ],
                [
                    0.3258811629988412,
                    0.05077530244188664,
                    0.9440462574813044,
                    0.5597689884775628
                ],
                [
                    -0.9452655121816863,
                    -2.474630277302666e-06,
                    0.32630217816277335,
                    -0.738253042260835
                ],
                [
                    0.0,
                    0.0,
                    0.0,
                    1.0
                ]
            ],
            "size": [
                0.09102,
                0.10007,
                0.11882
            ]
        },
        "distance": 0.010758530534741965
    },
    {
        "case": 2,
        "collider1": {
            "type": "Cylinder",
            "collider2origin": [
                [
                    1.0,
                    0.0,
                    0.0,
                    0.36025
                ],
                [
                    0.0,
                    1.0,
                    0.0,
                    0.66562
                ],
                [
                    0.0,
                    0.0,
                    1.0,
                    -0.35
                ],
                [
                    0.0,
                    0.0,
                    0.0,
                    1.0
                ]
            ],
            "radius": 0.11,
            "height": 0.68
        },
        "collider2": {
            "type": "Box",
            "collider2origin": [
                [
                    -0.031195949916225416,
                    -0.9987104258321383,
                    -0.04005368950562498,
                    0.3274229920406752
                ],
                [
                    -0.613584633567177,
                    0.05076894029841954,
                    -0.7879951853604238,
                    0.7817820529204743
                ],
                [
                    0.7890124904962262,
                    -5.929938408158817e-06,
                    -0.6143771559927813,
                    -0.5600000489247315
                ],
                [
                    0.0,
                    0.0,
                    0.0,
                    1.0
                ]
            ],
            "size": [
                0.1202,
                0.13634,
                0.67816
            ]
        },
        "distance": 0.0
    },
    {
        "case": 3,
        "collider1": {
            "type": "Cylinder",
            "collider2origin": [
                [
                    1.0,
                    0.0,
                    0.0,
                    0.36025
                ],
                [
                    0.0,
                    1.0,
                    0.0,
                    0.66562
                ],
                [
                    0.0,
                    0.0,
                    1.0,
                    -0.35
                ],
                [
                    0.0,
                    0.0,
                    0.0,
                    1.0
                ]
            ],
            "radius": 0.11,
            "height": 0.68
        },
        "collider2": {
            "type": "Box",
            "collider2origin": [
                [
                    -0.0427209429442945,
                    -0.998710177917457,
                    0.027439051697018324,
                    0.2039191248952496
                ],
                [
                    -0.8403838404383421,
                    0.05077381685798647,
                    0.5396082099558667,
                    0.8408111593277314
                ],
                [
                    -0.5403053967563655,
                    -6.7640933290003846e-06,
                    -0.8414690001361864,
                    -0.1250626622017541
                ],
                [
                    0.0,
                    0.0,
                    0.0,
                    1.0
                ]
            ],
            "size": [
                0.15068,
                0.17726,
                0.74884
            ]
        },
        "distance": 0.0
    },
    {
        "case": 4,
        "collider1": {
            "type": "Cylinder",
            "collider2origin": [
                [
                    1.0,
                    0.0,
                    0.0,
                    0.36025
                ],
                [
                    0.0,
                    1.0,
                    0.0,
                    0.66562
                ],
                [
                    0.0,
                    0.0,
                    1.0,
                    -0.35
                ],
                [
                    0.0,
                    0.0,
                    0.0,
                    1.0
                ]
            ],
            "radius": 0.11,
            "height": 0.68
        },
        "collider2": {
            "type": "Box",
            "collider2origin": [
                [
                    -0.0427209429442945,
                    -0.998710177917457,
                    0.027439051697018324,
                    0.2039191248952496
                ],
                [
                    -0.8403838404383421,
                    0.05077381685798647,
                    0.5396082099558667,
                    0.8408111593277314
                ],
                [
                    -0.5403053967563655,
                    -6.7640933290003846e-06,
                    -0.8414690001361864,
                    -0.1250626622017541
                ],
                [
                    0.0,
                    0.0,
                    0.0,
                    1.0
                ]
            ],
            "size": [
                0.15068,
                0.17726,
                0.74884
            ]
        },
        "distance": 0.0
    }
]