[
    {
        "case": 0,
        "collider1": {
            "type": "Box",
            "collider2origin": [
                [
                    0.9992356923808713,
                    0.039090038016362835,
                    0.0,
                    -0.5887201567936717
                ],
                [
                    -0.039090038016362835,
                    0.9992356923808713,
                    0.0,
                    0.5089654041569363
                ],
                [
                    0.0,
                    0.0,
                    1.0,
                    0.014610000000000012
                ],
                [
                    0.0,
                    0.0,
                    0.0,
                    1.0
                ]
            ],
            "size": [
                0.5,
                0.04,
                0.064
            ]
        },
        "collider2": {
            "type": "Box",
            "collider2origin": [
                [
                    0.32068432557703885,
                    -0.3645890235067683,
                    -0.8742061583331363,
                    0.04409745386790104
                ],
                [
                    0.1255629259020755,
                    0.9311685368033982,
                    -0.34228512632939245,
                    0.7298397144578391
                ],
                [
                    0.9388266692889105,
                    -2.4081899288875524e-06,
                    0.34439001876664627,
                    0.23051318471115678
                ],
                [
                    0.0,
                    0.0,
                    0.0,
                    1.0
                ]
            ],
            "size": [
                0.15068,
                0.17726,
                0.74884
            ]
        },
        "distance": 0.24633873618750193
    },
    {
        "case": 1,
        "collider1": {
            "type": "Box",
            "collider2origin": [
                [
                    0.9992356923808713,
                    0.039090038016362835,
                    0.0,
                    -0.572693241206963
                ],
                [
                    -0.039090038016362835,
                    0.9992356923808713,
                    0.0,
                    0.9186520380330935
                ],
                [
                    0.0,
                    0.0,
                    1.0,
                    0.014610000000000012
                ],
                [
                    0.0,
                    0.0,
                    0.0,
                    1.0
                ]
            ],
            "size": [
                0.5,
                0.04,
                0.064
            ]
        },
        "collider2": {
            "type": "Box",
            "collider2origin": [
                [
                    0.32068432557703885,
                    -0.3645890235067683,
                    -0.8742061583331363,
                    0.04409745386790104
                ],
                [
                    0.1255629259020755,
                    0.9311685368033982,
                    -0.34228512632939245,
                    0.7298397144578391
                ],
                [
                    0.9388266692889105,
                    -2.4081899288875524e-06,
                    0.34439001876664627,
                    0.23051318471115678
                ],
                [
                    0.0,
                    0.0,
                    0.0,
                    1.0
                ]
            ],
            "size": [
                0.15068,
                0.17726,
                0.74884
            ]
        },
        "distance": 0.27495260820795564
    },
    {
        "case": 2,
        "collider1": {
            "type": "Box",
            "collider2origin": [
                [
                    0.9992356923808713,
                    0.039090038016362835,
                    0.0,
                    -0.5887201567936717
                ],
                [
                    -0.039090038016362835,
                    0.9992356923808713,
                    0.0,
                    0.5089654041569363
                ],
                [
                    0.0,
                    0.0,
                    1.0,
                    0.014610000000000012
                ],
                [
                    0.0,
                    0.0,
                    0.0,
                    1.0
                ]
            ],
            "size": [
                0.5,
                0.04,
                0.064
            ]
        },
        "collider2": {
            "type": "Box",
            "collider2origin": [
                [
                    0.32068432557703885,
                    -0.3645890235067683,
                    -0.8742061583331363,
                    0.04409745386790104
                ],
                [
                    0.1255629259020755,
                    0.9311685368033982,
                    -0.34228512632939245,
                    0.7298397144578391
                ],
                [
                    0.9388266692889105,
                    -2.4081899288875524e-06,
                    0.34439001876664627,
                    0.23051318471115678
                ],
                [
                    0.0,
                    0.0,
                    0.0,
                    1.0
                ]
            ],
            "size": [
                0.15068,
                0.17726,
                0.74884
            ]
        },
        "distance": 0.24633873618750193
    },
    {
        "case": 3,
        "collider1": {
            "type": "Box",
            "collider2origin": [
                [
                    0.9992356923808713,
                    0.039090038016362835,
                    0.0,
                    -0.572693241206963
                ],
                [
                    -0.039090038016362835,
                    0.9992356923808713,
                    0.0,
                    0.9186520380330935
                ],
                [
                    0.0,
                    0.0,
                    1.0,
                    0.014610000000000012
                ],
                [
                    0.0,
                    0.0,
                    0.0,
                    1.0
                ]
            ],
            "size": [
                0.5,
                0.04,
                0.064
            ]
        },
        "collider2": {
            "type": "Box",
            "collider2origin": [
                [
                    0.32068432557703885,
                    -0.3645890235067683,
                    -0.8742061583331363,
                    0.04409745386790104
                ],
                [
                    0.1255629259020755,
                    0.9311685368033982,
                    -0.34228512632939245,
                    0.7298397144578391
                ],
                [
                    0.9388266692889105,
                    -2.4081899288875524e-06,
                    0.34439001876664627,
                    0.23051318471115678
                ],
                [
                    0.0,
                    0.0,
                    0.0,
                    1.0
                ]
            ],
            "size": [
                0.15068,
                0.17726,
                0.74884
            ]
        },
        "distance": 0.27495260820795564
    }
]