[
    {
        "case": 0,
        "collider1": {
            "type": "Box",
            "collider2origin": [
                [
                    0.9992356923808713,
                    0.039090038016362835,
                    0.0,
                    -0.7387332447251884
                ],
                [
                    -0.039090038016362835,
                    0.9992356923808713,
                    0.0,
                    0.6397293653589854
                ],
                [
                    0.0,
                    0.0,
                    1.0,
                    -0.40439
                ],
                [
                    0.0,
                    0.0,
                    0.0,
                    1.0
                ]
            ],
            "size": [
                1.2,
                1.4,
                0.812
            ]
        },
        "collider2": {
            "type": "Cylinder",
            "collider2origin": [
                [
                    -0.25470530273858744,
                    0.9670096777681165,
                    -0.004182327061341278,
                    -0.8019741950880407
                ],
                [
                    0.41900634108609297,
                    0.11425990363002231,
                    0.9007654303713605,
                    0.699072355934804
                ],
                [
                    0.871526760855046,
                    0.22767731007999345,
                    -0.4342857902214268,
                    -0.11903819442547103
                ],
                [
                    0.0,
                    0.0,
                    0.0,
                    1.0
                ]
            ],
            "radius": 0.01271,
            "height": 0.05982
        },
        "distance": 0.0
    },
    {
        "case": 1,
        "collider1": {
            "type": "Box",
            "collider2origin": [
                [
                    0.9992356923808713,
                    0.039090038016362835,
                    0.0,
                    -0.7387332447251884
                ],
                [
                    -0.039090038016362835,
                    0.9992356923808713,
                    0.0,
                    0.6397293653589854
                ],
                [
                    0.0,
                    0.0,
                    1.0,
                    -0.40439
                ],
                [
                    0.0,
                    0.0,
                    0.0,
                    1.0
                ]
            ],
            "size": [
                1.2,
                1.4,
                0.812
            ]
        },
        "collider2": {
            "type": "Cylinder",
            "collider2origin": [
                [
                    -0.21140834950424592,
                    0.9750945581865336,
                    0.06706051263522277,
                    -0.8001683329311758
                ],
                [
                    0.3954642505764811,
                    0.022591909874302707,
                    0.918203480784196,
                    0.6854108279409156
                ],
                [
                    0.8938201923630236,
                    0.22063591775420355,
                    -0.39039115707311756,
                    -0.11355607670121459
                ],
                [
                    0.0,
                    0.0,
                    0.0,
                    1.0
                ]
            ],
            "radius": 0.01169,
            "height": 0.05502
        },
        "distance": 0.0
    },
    {
        "case": 2,
        "collider1": {
            "type": "Box",
            "collider2origin": [
                [
                    0.9992356923808713,
                    0.039090038016362835,
                    0.0,
                    -0.7387332447251884
                ],
                [
                    -0.039090038016362835,
                    0.9992356923808713,
                    0.0,
                    0.6397293653589854
                ],
                [
                    0.0,
                    0.0,
                    1.0,
                    -0.40439
                ],
                [
                    0.0,
                    0.0,
                    0.0,
                    1.0
                ]
            ],
            "size": [
                1.2,
                1.4,
                0.812
            ]
        },
        "collider2": {
            "type": "Cylinder",
            "collider2origin": [
                [
                    -0.8870817491986578,
                    0.17215913574826122,
                    -0.4283073688568298,
                    -0.7950909216980678
                ],
                [
                    0.24671684589555112,
                    0.9610317666679277,
                    -0.12469459253099731,
                    0.666535862006693
                ],
                [
                    0.390149674086753,
                    -0.21628494037619056,
                    -0.8949882995751772,
                    -0.12511414309654378
                ],
                [
                    0.0,
                    0.0,
                    0.0,
                    1.0
                ]
            ],
            "radius": 0.00813,
            "height": 0.03824
        },
        "distance": 0.0
    },
    {
        "case": 3,
        "collider1": {
            "type": "Box",
            "collider2origin": [
                [
                    0.9992356923808713,
                    0.039090038016362835,
                    0.0,
                    -0.7387332447251884
                ],
                [
                    -0.039090038016362835,
                    0.9992356923808713,
                    0.0,
                    0.6397293653589854
                ],
                [
                    0.0,
                    0.0,
                    1.0,
                    -0.40439
                ],
                [
                    0.0,
                    0.0,
                    0.0,
                    1.0
                ]
            ],
            "size": [
                1.2,
                1.4,
                0.812
            ]
        },
        "collider2": {
            "type": "Sphere",
            "collider2origin": [
                [
                    1.0,
                    0.0,
                    0.0,
                    -0.7613799267773381
                ],
                [
                    0.0,
                    1.0,
                    0.0,
                    0.6491627080466198
                ],
                [
                    0.0,
                    0.0,
                    1.0,
                    -0.14005548189043882
                ],
                [
                    0.0,
                    0.0,
                    0.0,
                    1.0
                ]
            ],
            "radius": 0.00484
        },
        "distance": 0.0
    },
    {
        "case": 4,
        "collider1": {
            "type": "Cylinder",
            "collider2origin": [
                [
                    1.0,
                    0.0,
                    0.0,
                    0.36025
                ],
                [
                    0.0,
                    1.0,
                    0.0,
                    0.66562
                ],
                [
                    0.0,
                    0.0,
                    1.0,
                    -0.35
                ],
                [
                    0.0,
                    0.0,
                    0.0,
                    1.0
                ]
            ],
            "radius": 0.11,
            "height": 0.68
        },
        "collider2": {
            "type": "Box",
            "collider2origin": [
                [
                    0.1341209515146489,
                    -0.3414022008985606,
                    -0.9302989345293393,
                    0.03133684407296211
                ],
                [
                    -0.048711768019118105,
                    -0.9399173033857825,
                    0.3379091985318696,
                    0.607313021488292
                ],
                [
                    -0.9897670099681322,
                    -4.197345420835205e-06,
                    -0.14269290788657107,
                    0.08459365336848013
                ],
                [
                    0.0,
                    0.0,
                    0.0,
                    1.0
                ]
            ],
            "size": [
                0.15068,
                0.17726,
                0.74884
            ]
        },
        "distance": 0.04812583618879776
    },
    {
        "case": 5,
        "collider1": {
            "type": "Box",
            "collider2origin": [
                [
                    0.9992356923808713,
                    0.039090038016362835,
                    0.0,
                    -0.10710036334624623
                ],
                [
                    -0.039090038016362835,
                    0.9992356923808713,
                    0.0,
                    0.41486694795461987
                ],
                [
                    0.0,
                    0.0,
                    1.0,
                    -0.40439
                ],
                [
                    0.0,
                    0.0,
                    0.0,
                    1.0
                ]
            ],
            "size": [
                0.08,
                1.0,
                0.812
            ]
        },
        "collider2": {
            "type": "Box",
            "collider2origin": [
                [
                    0.1341209515146489,
                    -0.3414022008985606,
                    -0.9302989345293393,
                    0.03133684407296211
                ],
                [
                    -0.048711768019118105,
                    -0.9399173033857825,
                    0.3379091985318696,
                    0.607313021488292
                ],
                [
                    -0.9897670099681322,
                    -4.197345420835205e-06,
                    -0.14269290788657107,
                    0.08459365336848013
                ],
                [
                    0.0,
                    0.0,
                    0.0,
                    1.0
                ]
            ],
            "size": [
                0.15068,
                0.17726,
                0.74884
            ]
        },
        "distance": 0.0
    },
    {
        "case": 6,
        "collider1": {
            "type": "Box",
            "collider2origin": [
                [
                    0.9992356923808713,
                    0.039090038016362835,
                    0.0,
                    -0.5887201567936717
                ],
                [
                    -0.039090038016362835,
                    0.9992356923808713,
                    0.0,
                    0.5089654041569363
                ],
                [
                    0.0,
                    0.0,
                    1.0,
                    0.014610000000000012
                ],
                [
                    0.0,
                    0.0,
                    0.0,
                    1.0
                ]
            ],
            "size": [
                0.5,
                0.04,
                0.064
            ]
        },
        "collider2": {
            "type": "Box",
            "collider2origin": [
                [
                    0.1341209515146489,
                    -0.3414022008985606,
                    -0.9302989345293393,
                    0.03133684407296211
                ],
                [
                    -0.048711768019118105,
                    -0.9399173033857825,
                    0.3379091985318696,
                    0.607313021488292
                ],
                [
                    -0.9897670099681322,
                    -4.197345420835205e-06,
                    -0.14269290788657107,
                    0.08459365336848013
                ],
                [
                    0.0,
                    0.0,
                    0.0,
                    1.0
                ]
            ],
            "size": [
                0.15068,
                0.17726,
                0.74884
            ]
        },
        "distance": 0.120346759268209
    },
    {
        "case": 7,
        "collider1": {
            "type": "Box",
            "collider2origin": [
                [
                    0.9992356923808713,
                    0.039090038016362835,
                    0.0,
                    -0.7387332447251884
                ],
                [
                    -0.039090038016362835,
                    0.9992356923808713,
                    0.0,
                    0.6397293653589854
                ],
                [
                    0.0,
                    0.0,
                    1.0,
                    -0.40439
                ],
                [
                    0.0,
                    0.0,
                    0.0,
                    1.0
                ]
            ],
            "size": [
                1.2,
                1.4,
                0.812
            ]
        },
        "collider2": {
            "type": "Box",
            "collider2origin": [
                [
                    0.1341209515146489,
                    -0.3414022008985606,
                    -0.9302989345293393,
                    0.03133684407296211
                ],
                [
                    -0.048711768019118105,
                    -0.9399173033857825,
                    0.3379091985318696,
                    0.607313021488292
                ],
                [
                    -0.9897670099681322,
                    -4.197345420835205e-06,
                    -0.14269290788657107,
                    0.08459365336848013
                ],
                [
                    0.0,
                    0.0,
                    0.0,
                    1.0
                ]
            ],
            "size": [
                0.15068,
                0.17726,
                0.74884
            ]
        },
        "distance": 0.0
    },
    {
        "case": 8,
        "collider1": {
            "type": "Cylinder",
            "collider2origin": [
                [
                    1.0,
                    0.0,
                    0.0,
                    0.36025
                ],
                [
                    0.0,
                    1.0,
                    0.0,
                    0.66562
                ],
                [
                    0.0,
                    0.0,
                    1.0,
                    -0.35
                ],
                [
                    0.0,
                    0.0,
                    0.0,
                    1.0
                ]
            ],
            "radius": 0.11,
            "height": 0.68
        },
        "collider2": {
            "type": "Box",
            "collider2origin": [
                [
                    0.1341209515146489,
                    -0.3414022008985606,
                    -0.9302989345293393,
                    0.03133684407296211
                ],
                [
                    -0.048711768019118105,
                    -0.9399173033857825,
                    0.3379091985318696,
                    0.607313021488292
                ],
                [
                    -0.9897670099681322,
                    -4.197345420835205e-06,
                    -0.14269290788657107,
                    0.08459365336848013
                ],
                [
                    0.0,
                    0.0,
                    0.0,
                    1.0
                ]
            ],
            "size": [
                0.15068,
                0.17726,
                0.74884
            ]
        },
        "distance": 0.04812583618879776
    },
    {
        "case": 9,
        "collider1": {
            "type": "Box",
            "collider2origin": [
                [
                    0.9992356923808713,
                    0.039090038016362835,
                    0.0,
                    -0.10710036334624623
                ],
                [
                    -0.039090038016362835,
                    0.9992356923808713,
                    0.0,
                    0.41486694795461987
                ],
                [
                    0.0,
                    0.0,
                    1.0,
                    -0.40439
                ],
                [
                    0.0,
                    0.0,
                    0.0,
                    1.0
                ]
            ],
            "size": [
                0.08,
                1.0,
                0.812
            ]
        },
        "collider2": {
            "type": "Box",
            "collider2origin": [
                [
                    0.1341209515146489,
                    -0.3414022008985606,
                    -0.9302989345293393,
                    0.03133684407296211
                ],
                [
                    -0.048711768019118105,
                    -0.9399173033857825,
                    0.3379091985318696,
                    0.607313021488292
                ],
                [
                    -0.9897670099681322,
                    -4.197345420835205e-06,
                    -0.14269290788657107,
                    0.08459365336848013
                ],
                [
                    0.0,
                    0.0,
                    0.0,
                    1.0
                ]
            ],
            "size": [
                0.15068,
                0.17726,
                0.74884
            ]
        },
        "distance": 0.0
    },
    {
        "case": 10,
        "collider1": {
            "type": "Box",
            "collider2origin": [
                [
                    0.9992356923808713,
                    0.039090038016362835,
                    0.0,
                    -0.5887201567936717
                ],
                [
                    -0.039090038016362835,
                    0.9992356923808713,
                    0.0,
                    0.5089654041569363
                ],
                [
                    0.0,
                    0.0,
                    1.0,
                    0.014610000000000012
                ],
                [
                    0.0,
                    0.0,
                    0.0,
                    1.0
                ]
            ],
            "size": [
                0.5,
                0.04,
                0.064
            ]
        },
        "collider2": {
            "type": "Box",
            "collider2origin": [
                [
                    0.1341209515146489,
                    -0.3414022008985606,
                    -0.9302989345293393,
                    0.03133684407296211
                ],
                [
                    -0.048711768019118105,
                    -0.9399173033857825,
                    0.3379091985318696,
                    0.607313021488292
                ],
                [
                    -0.9897670099681322,
                    -4.197345420835205e-06,
                    -0.14269290788657107,
                    0.08459365336848013
                ],
                [
                    0.0,
                    0.0,
                    0.0,
                    1.0
                ]
            ],
            "size": [
                0.15068,
                0.17726,
                0.74884
            ]
        },
        "distance": 0.120346759268209
    },
    {
        "case": 11,
        "collider1": {
            "type": "Box",
            "collider2origin": [
                [
                    0.9992356923808713,
                    0.039090038016362835,
                    0.0,
                    -0.7387332447251884
                ],
                [
                    -0.039090038016362835,
                    0.9992356923808713,
                    0.0,
                    0.6397293653589854
                ],
                [
                    0.0,
                    0.0,
                    1.0,
                    -0.40439
                ],
                [
                    0.0,
                    0.0,
                    0.0,
                    1.0
                ]
            ],
            "size": [
                1.2,
                1.4,
                0.812
            ]
        },
        "collider2": {
            "type": "Box",
            "collider2origin": [
                [
                    0.1341209515146489,
                    -0.3414022008985606,
                    -0.9302989345293393,
                    0.03133684407296211
                ],
                [
                    -0.048711768019118105,
                    -0.9399173033857825,
                    0.3379091985318696,
                    0.607313021488292
                ],
                [
                    -0.9897670099681322,
                    -4.197345420835205e-06,
                    -0.14269290788657107,
                    0.08459365336848013
                ],
                [
                    0.0,
                    0.0,
                    0.0,
                    1.0
                ]
            ],
            "size": [
                0.15068,
                0.17726,
                0.74884
            ]
        },
        "distance": 0.0
    },
    {
        "case": 12,
        "collider1": {
            "type": "Box",
            "collider2origin": [
                [
                    0.9992356923808713,
                    0.039090038016362835,
                    0.0,
                    -0.7387332447251884
                ],
                [
                    -0.039090038016362835,
                    0.9992356923808713,
                    0.0,
                    0.6397293653589854
                ],
                [
                    0.0,
                    0.0,
                    1.0,
                    -0.40439
                ],
                [
                    0.0,
                    0.0,
                    0.0,
                    1.0
                ]
            ],
            "size": [
                1.2,
                1.4,
                0.812
            ]
        },
        "collider2": {
            "type": "Sphere",
            "collider2origin": [
                [
                    1.0,
                    0.0,
                    0.0,
                    -0.8426189134611507
                ],
                [
                    0.0,
                    1.0,
                    0.0,
                    0.6185684553289222
                ],
                [
                    0.0,
                    0.0,
                    1.0,
                    -0.1335425158622091
                ],
                [
                    0.0,
                    0.0,
                    0.0,
                    1.0
                ]
            ],
            "radius": 0.00663
        },
        "distance": 0.0
    },
    {
        "case": 13,
        "collider1": {
            "type": "Box",
            "collider2origin": [
                [
                    0.9992356923808713,
                    0.039090038016362835,
                    0.0,
                    -0.7387332447251884
                ],
                [
                    -0.039090038016362835,
                    0.9992356923808713,
                    0.0,
                    0.6397293653589854
                ],
                [
                    0.0,
                    0.0,
                    1.0,
                    -0.40439
                ],
                [
                    0.0,
                    0.0,
                    0.0,
                    1.0
                ]
            ],
            "size": [
                1.2,
                1.4,
                0.812
            ]
        },
        "collider2": {
            "type": "Sphere",
            "collider2origin": [
                [
                    1.0,
                    0.0,
                    0.0,
                    -0.8016124319236769
                ],
                [
                    0.0,
                    1.0,
                    0.0,
                    0.6643533369410902
                ],
                [
                    0.0,
                    0.0,
                    1.0,
                    -0.1052482760962331
                ],
                [
                    0.0,
                    0.0,
                    0.0,
                    1.0
                ]
            ],
            "radius": 0.01051
        },
        "distance": 0.0
    },
    {
        "case": 14,
        "collider1": {
            "type": "Box",
            "collider2origin": [
                [
                    0.9992356923808713,
                    0.039090038016362835,
                    0.0,
                    -0.7387332447251884
                ],
                [
                    -0.039090038016362835,
                    0.9992356923808713,
                    0.0,
                    0.6397293653589854
                ],
                [
                    0.0,
                    0.0,
                    1.0,
                    -0.40439
                ],
                [
                    0.0,
                    0.0,
                    0.0,
                    1.0
                ]
            ],
            "size": [
                1.2,
                1.4,
                0.812
            ]
        },
        "collider2": {
            "type": "Cylinder",
            "collider2origin": [
                [
                    -0.9330976505590891,
                    0.3587930780612059,
                    0.0244192886152077,
                    -0.8013398772263244
                ],
                [
                    0.08350263169851622,
                    0.150113783292907,
                    0.9851361137248552,
                    0.6515038788318055
                ],
                [
                    0.349794346753245,
                    0.9212672680611497,
                    -0.1700309847604696,
                    -0.18749204368956518
                ],
                [
                    0.0,
                    0.0,
                    0.0,
                    1.0
                ]
            ],
            "radius": 0.00783,
            "height": 0.03683
        },
        "distance": 0.0
    },
    {
        "case": 15,
        "collider1": {
            "type": "Box",
            "collider2origin": [
                [
                    0.9992356923808713,
                    0.039090038016362835,
                    0.0,
                    -0.7387332447251884
                ],
                [
                    -0.039090038016362835,
                    0.9992356923808713,
                    0.0,
                    0.6397293653589854
                ],
                [
                    0.0,
                    0.0,
                    1.0,
                    -0.40439
                ],
                [
                    0.0,
                    0.0,
                    0.0,
                    1.0
                ]
            ],
            "size": [
                1.2,
                1.4,
                0.812
            ]
        },
        "collider2": {
            "type": "Sphere",
            "collider2origin": [
                [
                    1.0,
                    0.0,
                    0.0,
                    -0.7951547205143811
                ],
                [
                    0.0,
                    1.0,
                    0.0,
                    0.6073839180408569
                ],
                [
                    0.0,
                    0.0,
                    1.0,
                    -0.1616323937256957
                ],
                [
                    0.0,
                    0.0,
                    0.0,
                    1.0
                ]
            ],
            "radius": 0.00487
        },
        "distance": 0.0
    },
    {
        "case": 16,
        "collider1": {
            "type": "Box",
            "collider2origin": [
                [
                    0.9992356923808713,
                    0.039090038016362835,
                    0.0,
                    -0.7387332447251884
                ],
                [
                    -0.039090038016362835,
                    0.9992356923808713,
                    0.0,
                    0.6397293653589854
                ],
                [
                    0.0,
                    0.0,
                    1.0,
                    -0.40439
                ],
                [
                    0.0,
                    0.0,
                    0.0,
                    1.0
                ]
            ],
            "size": [
                1.2,
                1.4,
                0.812
            ]
        },
        "collider2": {
            "type": "Cylinder",
            "collider2origin": [
                [
                    -0.9304788232438304,
                    0.3246465374188732,
                    -0.16974623776894884,
                    -0.7986948784244808
                ],
                [
                    0.08473042618587895,
                    0.6414970612718812,
                    0.7624318167927533,
                    0.6191220070623931
                ],
                [
                    0.35641256203048705,
                    0.6950439886233643,
                    -0.6244068701619065,
                    -0.1727060718903367
                ],
                [
                    0.0,
                    0.0,
                    0.0,
                    1.0
                ]
            ],
            "radius": 0.0076,
            "height": 0.02993
        },
        "distance": 0.0
    },
    {
        "case": 17,
        "collider1": {
            "type": "Box",
            "collider2origin": [
                [
                    0.9992356923808713,
                    0.039090038016362835,
                    0.0,
                    -0.7387332447251884
                ],
                [
                    -0.039090038016362835,
                    0.9992356923808713,
                    0.0,
                    0.6397293653589854
                ],
                [
                    0.0,
                    0.0,
                    1.0,
                    -0.40439
                ],
                [
                    0.0,
                    0.0,
                    0.0,
                    1.0
                ]
            ],
            "size": [
                1.2,
                1.4,
                0.812
            ]
        },
        "collider2": {
            "type": "Cylinder",
            "collider2origin": [
                [
                    -0.8241491731086967,
                    0.5638669321956841,
                    -0.05321863621400598,
                    -0.845343101508485
                ],
                [
                    0.35055965382708537,
                    0.5816566051951633,
                    0.7340187482220542,
                    0.6330934495837609
                ],
                [
                    0.44484387100744105,
                    0.5862846377051548,
                    -0.677040806759865,
                    -0.14746264306635715
                ],
                [
                    0.0,
                    0.0,
                    0.0,
                    1.0
                ]
            ],
            "radius": 0.00796,
            "height": 0.03037
        },
        "distance": 0.0
    },
    {
        "case": 18,
        "collider1": {
            "type": "Box",
            "collider2origin": [
                [
                    0.9992356923808713,
                    0.039090038016362835,
                    0.0,
                    -0.7387332447251884
                ],
                [
                    -0.039090038016362835,
                    0.9992356923808713,
                    0.0,
                    0.6397293653589854
                ],
                [
                    0.0,
                    0.0,
                    1.0,
                    -0.40439
                ],
                [
                    0.0,
                    0.0,
                    0.0,
                    1.0
                ]
            ],
            "size": [
                1.2,
                1.4,
                0.812
            ]
        },
        "collider2": {
            "type": "Sphere",
            "collider2origin": [
                [
                    1.0,
                    0.0,
                    0.0,
                    -0.7859293425296502
                ],
                [
                    0.0,
                    1.0,
                    0.0,
                    0.6709134256057006
                ],
                [
                    0.0,
                    0.0,
                    1.0,
                    -0.10705160163423955
                ],
                [
                    0.0,
                    0.0,
                    0.0,
                    1.0
                ]
            ],
            "radius": 0.00563
        },
        "distance": 0.0
    },
    {
        "case": 19,
        "collider1": {
            "type": "Box",
            "collider2origin": [
                [
                    0.9992356923808713,
                    0.039090038016362835,
                    0.0,
                    -0.7387332447251884
                ],
                [
                    -0.039090038016362835,
                    0.9992356923808713,
                    0.0,
                    0.6397293653589854
                ],
                [
                    0.0,
                    0.0,
                    1.0,
                    -0.40439
                ],
                [
                    0.0,
                    0.0,
                    0.0,
                    1.0
                ]
            ],
            "size": [
                1.2,
                1.4,
                0.812
            ]
        },
        "collider2": {
            "type": "Box",
            "collider2origin": [
                [
                    -0.8614205702084939,
                    -0.34140016496469217,
                    -0.3760326163828803,
                    -0.7007750302406025
                ],
                [
                    0.31288818182021744,
                    -0.9399180428962872,
                    0.13658352138985036,
                    0.888745316858004
                ],
                [
                    -0.40006947758972056,
                    -3.067684098121726e-07,
                    0.9164848133498958,
                    -0.27749572257772637
                ],
                [
                    0.0,
                    0.0,
                    0.0,
                    1.0
                ]
            ],
            "size": [
                0.09102,
                0.10007,
                0.11882
            ]
        },
        "distance": 0.0
    },
    {
        "case": 20,
        "collider1": {
            "type": "Box",
            "collider2origin": [
                [
                    0.9992356923808713,
                    0.039090038016362835,
                    0.0,
                    -0.7387332447251884
                ],
                [
                    -0.039090038016362835,
                    0.9992356923808713,
                    0.0,
                    0.6397293653589854
                ],
                [
                    0.0,
                    0.0,
                    1.0,
                    -0.40439
                ],
                [
                    0.0,
                    0.0,
                    0.0,
                    1.0
                ]
            ],
            "size": [
                1.2,
                1.4,
                0.812
            ]
        },
        "collider2": {
            "type": "Cylinder",
            "collider2origin": [
                [
                    -0.9442910381783841,
                    -0.007224594009555227,
                    -0.3290322787469129,
                    -0.7670002299021789
                ],
                [
                    -0.10632462679031111,
                    0.9528453222516255,
                    0.28421974878796896,
                    0.6519260754773216
                ],
                [
                    0.31146349537929824,
                    0.30337039589352205,
                    -0.900531450834182,
                    -0.1531354930994494
                ],
                [
                    0.0,
                    0.0,
                    0.0,
                    1.0
                ]
            ],
            "radius": 0.0076,
            "height": 0.02993
        },
        "distance": 0.0
    },
    {
        "case": 21,
        "collider1": {
            "type": "Box",
            "collider2origin": [
                [
                    0.9992356923808713,
                    0.039090038016362835,
                    0.0,
                    -0.7387332447251884
                ],
                [
                    -0.039090038016362835,
                    0.9992356923808713,
                    0.0,
                    0.6397293653589854
                ],
                [
                    0.0,
                    0.0,
                    1.0,
                    -0.40439
                ],
                [
                    0.0,
                    0.0,
                    0.0,
                    1.0
                ]
            ],
            "size": [
                1.2,
                1.4,
                0.812
            ]
        },
        "collider2": {
            "type": "Box",
            "collider2origin": [
                [
                    -0.8920037776012439,
                    -0.25085599885463417,
                    -0.3760326163828803,
                    -0.7440118391050802
                ],
                [
                    0.2144102474530756,
                    -0.9671469316871448,
                    0.13658352138985036,
                    0.8979237193771029
                ],
                [
                    -0.39794158683432607,
                    0.04120777070874599,
                    0.9164848133498958,
                    -0.17728902504822708
                ],
                [
                    0.0,
                    0.0,
                    0.0,
                    1.0
                ]
            ],
            "size": [
                0.09126,
                0.11887,
                0.10009
            ]
        },
        "distance": 0.0
    },
    {
        "case": 22,
        "collider1": {
            "type": "Box",
            "collider2origin": [
                [
                    0.9992356923808713,
                    0.039090038016362835,
                    0.0,
                    -0.7387332447251884
                ],
                [
                    -0.039090038016362835,
                    0.9992356923808713,
                    0.0,
                    0.6397293653589854
                ],
                [
                    0.0,
                    0.0,
                    1.0,
                    -0.40439
                ],
                [
                    0.0,
                    0.0,
                    0.0,
                    1.0
                ]
            ],
            "size": [
                1.2,
                1.4,
                0.812
            ]
        },
        "collider2": {
            "type": "Cylinder",
            "collider2origin": [
                [
                    -0.8870817491986578,
                    0.3618997083167998,
                    -0.28655640170630287,
                    -0.8062303758843544
                ],
                [
                    0.24671684589555112,
                    0.8963731255527423,
                    0.3683015310016477,
                    0.6696941471438234
                ],
                [
                    0.390149674086753,
                    0.25601527475332786,
                    -0.8844429947164362,
                    -0.15243914072553177
                ],
                [
                    0.0,
                    0.0,
                    0.0,
                    1.0
                ]
            ],
            "radius": 0.00683,
            "height": 0.01183
        },
        "distance": 0.0
    },
    {
        "case": 23,
        "collider1": {
            "type": "Box",
            "collider2origin": [
                [
                    0.9992356923808713,
                    0.039090038016362835,
                    0.0,
                    -0.7387332447251884
                ],
                [
                    -0.039090038016362835,
                    0.9992356923808713,
                    0.0,
                    0.6397293653589854
                ],
                [
                    0.0,
                    0.0,
                    1.0,
                    -0.40439
                ],
                [
                    0.0,
                    0.0,
                    0.0,
                    1.0
                ]
            ],
            "size": [
                1.2,
                1.4,
                0.812
            ]
        },
        "collider2": {
            "type": "Box",
            "collider2origin": [
                [
                    -0.3874988914332657,
                    -0.2508578760447913,
                    -0.8870822595251728,
                    -0.7649666686179445
                ],
                [
                    0.06131939890575241,
                    -0.9671465271573296,
                    0.24671344982662258,
                    0.8264368692541665
                ],
                [
                    -0.9198285386178379,
                    0.0412058373754526,
                    0.39015066129683834,
                    -0.1703711522655431
                ],
                [
                    0.0,
                    0.0,
                    0.0,
                    1.0
                ]
            ],
            "size": [
                0.08993,
                0.0305,
                0.09007
            ]
        },
        "distance": 0.0
    },
    {
        "case": 24,
        "collider1": {
            "type": "Box",
            "collider2origin": [
                [
                    0.9992356923808713,
                    0.039090038016362835,
                    0.0,
                    -0.7387332447251884
                ],
                [
                    -0.039090038016362835,
                    0.9992356923808713,
                    0.0,
                    0.6397293653589854
                ],
                [
                    0.0,
                    0.0,
                    1.0,
                    -0.40439
                ],
                [
                    0.0,
                    0.0,
                    0.0,
                    1.0
                ]
            ],
            "size": [
                1.2,
                1.4,
                0.812
            ]
        },
        "collider2": {
            "type": "Cylinder",
            "collider2origin": [
                [
                    -0.8241491731086967,
                    0.5160395672335415,
                    0.23341230797383017,
                    -0.8437356393493368
                ],
                [
                    0.35055965382708537,
                    0.1410904633813373,
                    0.9258517215253601,
                    0.6556763640909389
                ],
                [
                    0.44484387100744105,
                    0.8448648685986757,
                    -0.29718224077972133,
                    -0.1622732351466354
                ],
                [
                    0.0,
                    0.0,
                    0.0,
                    1.0
                ]
            ],
            "radius": 0.00713,
            "height": 0.01426
        },
        "distance": 0.0
    },
    {
        "case": 25,
        "collider1": {
            "type": "Box",
            "collider2origin": [
                [
                    0.9992356923808713,
                    0.039090038016362835,
                    0.0,
                    -0.7188029286003361
                ],
                [
                    -0.039090038016362835,
                    0.9992356923808713,
                    0.0,
                    0.718140218556508
                ],
                [
                    0.0,
                    0.0,
                    1.0,
                    0.054400000000000004
                ],
                [
                    0.0,
                    0.0,
                    0.0,
                    1.0
                ]
            ],
            "size": [
                0.02,
                0.36,
                0.03
            ]
        },
        "collider2": {
            "type": "Box",
            "collider2origin": [
                [
                    0.5254173405583938,
                    -0.3414016464206439,
                    -0.7793468637659474,
                    -0.43435649228735373
                ],
                [
                    -0.19083972366037485,
                    -0.9399175047782014,
                    0.2830817621902748,
                    0.9108796227619887
                ],
                [
                    -0.8291663392310232,
                    -5.726533924654299e-06,
                    -0.5590019515649567,
                    -0.11671183136740981
                ],
                [
                    0.0,
                    0.0,
                    0.0,
                    1.0
                ]
            ],
            "size": [
                0.1202,
                0.13634,
                0.67816
            ]
        },
        "distance": 0.21034568920137012
    },
    {
        "case": 26,
        "collider1": {
            "type": "Box",
            "collider2origin": [
                [
                    0.9992356923808713,
                    0.039090038016362835,
                    0.0,
                    -0.5489328608955879
                ],
                [
                    -0.039090038016362835,
                    0.9992356923808713,
                    0.0,
                    0.7114949120937263
                ],
                [
                    0.0,
                    0.0,
                    1.0,
                    0.054400000000000004
                ],
                [
                    0.0,
                    0.0,
                    0.0,
                    1.0
                ]
            ],
            "size": [
                0.02,
                0.36,
                0.03
            ]
        },
        "collider2": {
            "type": "Box",
            "collider2origin": [
                [
                    0.5254173405583938,
                    -0.3414016464206439,
                    -0.7793468637659474,
                    -0.43435649228735373
                ],
                [
                    -0.19083972366037485,
                    -0.9399175047782014,
                    0.2830817621902748,
                    0.9108796227619887
                ],
                [
                    -0.8291663392310232,
                    -5.726533924654299e-06,
                    -0.5590019515649567,
                    -0.11671183136740981
                ],
                [
                    0.0,
                    0.0,
                    0.0,
                    1.0
                ]
            ],
            "size": [
                0.1202,
                0.13634,
                0.67816
            ]
        },
        "distance": 0.11213558952259983
    },
    {
        "case": 27,
        "collider1": {
            "type": "Box",
            "collider2origin": [
                [
                    0.9992356923808713,
                    0.039090038016362835,
                    0.0,
                    -0.6287861898058347
                ],
                [
                    -0.039090038016362835,
                    0.9992356923808713,
                    0.0,
                    0.8447182053346305
                ],
                [
                    0.0,
                    0.0,
                    1.0,
                    0.054400000000000004
                ],
                [
                    0.0,
                    0.0,
                    0.0,
                    1.0
                ]
            ],
            "size": [
                0.15,
                0.1,
                0.03
            ]
        },
        "collider2": {
            "type": "Box",
            "collider2origin": [
                [
                    0.5254173405583938,
                    -0.3414016464206439,
                    -0.7793468637659474,
                    -0.43435649228735373
                ],
                [
                    -0.19083972366037485,
                    -0.9399175047782014,
                    0.2830817621902748,
                    0.9108796227619887
                ],
                [
                    -0.8291663392310232,
                    -5.726533924654299e-06,
                    -0.5590019515649567,
                    -0.11671183136740981
                ],
                [
                    0.0,
                    0.0,
                    0.0,
                    1.0
                ]
            ],
            "size": [
                0.1202,
                0.13634,
                0.67816
            ]
        },
        "distance": 0.12368971889657271
    },
    {
        "case": 28,
        "collider1": {
            "type": "Box",
            "collider2origin": [
                [
                    0.9992356923808713,
                    0.039090038016362835,
                    0.0,
                    -0.10710036334624623
                ],
                [
                    -0.039090038016362835,
                    0.9992356923808713,
                    0.0,
                    0.41486694795461987
                ],
                [
                    0.0,
                    0.0,
                    1.0,
                    -0.40439
                ],
                [
                    0.0,
                    0.0,
                    0.0,
                    1.0
                ]
            ],
            "size": [
                0.08,
                1.0,
                0.812
            ]
        },
        "collider2": {
            "type": "Box",
            "collider2origin": [
                [
                    0.5254173405583938,
                    -0.3414016464206439,
                    -0.7793468637659474,
                    -0.43435649228735373
                ],
                [
                    -0.19083972366037485,
                    -0.9399175047782014,
                    0.2830817621902748,
                    0.9108796227619887
                ],
                [
                    -0.8291663392310232,
                    -5.726533924654299e-06,
                    -0.5590019515649567,
                    -0.11671183136740981
                ],
                [
                    0.0,
                    0.0,
                    0.0,
                    1.0
                ]
            ],
            "size": [
                0.1202,
                0.13634,
                0.67816
            ]
        },
        "distance": 0.009275826192060075
    },
    {
        "case": 29,
        "collider1": {
            "type": "Box",
            "collider2origin": [
                [
                    0.9992356923808713,
                    0.039090038016362835,
                    0.0,
                    -0.572693241206963
                ],
                [
                    -0.039090038016362835,
                    0.9992356923808713,
                    0.0,
                    0.9186520380330935
                ],
                [
                    0.0,
                    0.0,
                    1.0,
                    0.014610000000000012
                ],
                [
                    0.0,
                    0.0,
                    0.0,
                    1.0
                ]
            ],
            "size": [
                0.5,
                0.04,
                0.064
            ]
        },
        "collider2": {
            "type": "Box",
            "collider2origin": [
                [
                    0.5254173405583938,
                    -0.3414016464206439,
                    -0.7793468637659474,
                    -0.43435649228735373
                ],
                [
                    -0.19083972366037485,
                    -0.9399175047782014,
                    0.2830817621902748,
                    0.9108796227619887
                ],
                [
                    -0.8291663392310232,
                    -5.726533924654299e-06,
                    -0.5590019515649567,
                    -0.11671183136740981
                ],
                [
                    0.0,
                    0.0,
                    0.0,
                    1.0
                ]
            ],
            "size": [
                0.1202,
                0.13634,
                0.67816
            ]
        },
        "distance": 0.0
    },
    {
        "case": 30,
        "collider1": {
            "type": "Box",
            "collider2origin": [
                [
                    0.9992356923808713,
                    0.039090038016362835,
                    0.0,
                    -0.7387332447251884
                ],
                [
                    -0.039090038016362835,
                    0.9992356923808713,
                    0.0,
                    0.6397293653589854
                ],
                [
                    0.0,
                    0.0,
                    1.0,
                    -0.40439
                ],
                [
                    0.0,
                    0.0,
                    0.0,
                    1.0
                ]
            ],
            "size": [
                1.2,
                1.4,
                0.812
            ]
        },
        "collider2": {
            "type": "Box",
            "collider2origin": [
                [
                    0.5254173405583938,
                    -0.3414016464206439,
                    -0.7793468637659474,
                    -0.43435649228735373
                ],
                [
                    -0.19083972366037485,
                    -0.9399175047782014,
                    0.2830817621902748,
                    0.9108796227619887
                ],
                [
                    -0.8291663392310232,
                    -5.726533924654299e-06,
                    -0.5590019515649567,
                    -0.11671183136740981
                ],
                [
                    0.0,
                    0.0,
                    0.0,
                    1.0
                ]
            ],
            "size": [
                0.1202,
                0.13634,
                0.67816
            ]
        },
        "distance": 0.0
    },
    {
        "case": 31,
        "collider1": {
            "type": "Box",
            "collider2origin": [
                [
                    0.9992356923808713,
                    0.039090038016362835,
                    0.0,
                    -0.7387332447251884
                ],
                [
                    -0.039090038016362835,
                    0.9992356923808713,
                    0.0,
                    0.6397293653589854
                ],
                [
                    0.0,
                    0.0,
                    1.0,
                    -0.40439
                ],
                [
                    0.0,
                    0.0,
                    0.0,
                    1.0
                ]
            ],
            "size": [
                1.2,
                1.4,
                0.812
            ]
        },
        "collider2": {
            "type": "Box",
            "collider2origin": [
                [
                    -0.8241379308633905,
                    -0.296627918315786,
                    0.4825023823649498,
                    -0.7884337093631874
                ],
                [
                    0.13420305044452535,
                    -0.9299018358256148,
                    -0.34245016714776866,
                    0.7460235237629312
                ],
                [
                    0.5502601313593354,
                    -0.21747288061685732,
                    0.8061757463683783,
                    -0.17203259548978245
                ],
                [
                    0.0,
                    0.0,
                    0.0,
                    1.0
                ]
            ],
            "size": [
                0.06241,
                0.05638,
                0.02858
            ]
        },
        "distance": 0.0
    },
    {
        "case": 32,
        "collider1": {
            "type": "Box",
            "collider2origin": [
                [
                    0.9992356923808713,
                    0.039090038016362835,
                    0.0,
                    -0.7387332447251884
                ],
                [
                    -0.039090038016362835,
                    0.9992356923808713,
                    0.0,
                    0.6397293653589854
                ],
                [
                    0.0,
                    0.0,
                    1.0,
                    -0.40439
                ],
                [
                    0.0,
                    0.0,
                    0.0,
                    1.0
                ]
            ],
            "size": [
                1.2,
                1.4,
                0.812
            ]
        },
        "collider2": {
            "type": "Cylinder",
            "collider2origin": [
                [
                    -0.9454618163373872,
                    0.1142257900384136,
                    -0.30504823018353766,
                    -0.7751870215976714
                ],
                [
                    -0.11112101884890246,
                    0.767214463220997,
                    0.631691448885054,
                    0.6636845710225231
                ],
                [
                    0.30619286898618325,
                    0.6311374147637082,
                    -0.712679093749348,
                    -0.17488838771713378
                ],
                [
                    0.0,
                    0.0,
                    0.0,
                    1.0
                ]
            ],
            "radius": 0.00783,
            "height": 0.03044
        },
        "distance": 0.0
    },
    {
        "case": 33,
        "collider1": {
            "type": "Box",
            "collider2origin": [
                [
                    0.9992356923808713,
                    0.039090038016362835,
                    0.0,
                    -0.7387332447251884
                ],
                [
                    -0.039090038016362835,
                    0.9992356923808713,
                    0.0,
                    0.6397293653589854
                ],
                [
                    0.0,
                    0.0,
                    1.0,
                    -0.40439
                ],
                [
                    0.0,
                    0.0,
                    0.0,
                    1.0
                ]
            ],
            "size": [
                1.2,
                1.4,
                0.812
            ]
        },
        "collider2": {
            "type": "Box",
            "collider2origin": [
                [
                    -0.9069448220633146,
                    -0.29663196212245196,
                    0.29909959675654313,
                    -0.805894308040915
                ],
                [
                    0.20298361791208777,
                    -0.9298998908223873,
                    -0.3067308981955208,
                    0.6994574900627482
                ],
                [
                    0.36911887054424913,
                    -0.2174756816195676,
                    0.9035793198785823,
                    -0.18456765429494004
                ],
                [
                    0.0,
                    0.0,
                    0.0,
                    1.0
                ]
            ],
            "size": [
                0.07264,
                0.04753,
                0.03326
            ]
        },
        "distance": 0.0
    },
    {
        "case": 34,
        "collider1": {
            "type": "Box",
            "collider2origin": [
                [
                    0.9992356923808713,
                    0.039090038016362835,
                    0.0,
                    -0.7387332447251884
                ],
                [
                    -0.039090038016362835,
                    0.9992356923808713,
                    0.0,
                    0.6397293653589854
                ],
                [
                    0.0,
                    0.0,
                    1.0,
                    -0.40439
                ],
                [
                    0.0,
                    0.0,
                    0.0,
                    1.0
                ]
            ],
            "size": [
                1.2,
                1.4,
                0.812
            ]
        },
        "collider2": {
            "type": "Cylinder",
            "collider2origin": [
                [
                    -0.8870817491986578,
                    0.3618997083167998,
                    -0.28655640170630287,
                    -0.8109051003114988
                ],
                [
                    0.24671684589555112,
                    0.8963731255527423,
                    0.3683015310016477,
                    0.6757094869718672
                ],
                [
                    0.390149674086753,
                    0.25601527475332786,
                    -0.8844429947164362,
                    -0.16687193111004905
                ],
                [
                    0.0,
                    0.0,
                    0.0,
                    1.0
                ]
            ],
            "radius": 0.00683,
            "height": 0.01782
        },
        "distance": 0.0
    },
    {
        "case": 35,
        "collider1": {
            "type": "Box",
            "collider2origin": [
                [
                    0.9992356923808713,
                    0.039090038016362835,
                    0.0,
                    -0.7387332447251884
                ],
                [
                    -0.039090038016362835,
                    0.9992356923808713,
                    0.0,
                    0.6397293653589854
                ],
                [
                    0.0,
                    0.0,
                    1.0,
                    -0.40439
                ],
                [
                    0.0,
                    0.0,
                    0.0,
                    1.0
                ]
            ],
            "size": [
                1.2,
                1.4,
                0.812
            ]
        },
        "collider2": {
            "type": "Cylinder",
            "collider2origin": [
                [
                    -0.8318773142796623,
                    0.49757799059470353,
                    0.2457565406303412,
                    -0.840241972297843
                ],
                [
                    0.3654891950811643,
                    0.15797902122572557,
                    0.9173114395511938,
                    0.6700589697778649
                ],
                [
                    0.4176096050928164,
                    0.8529119369127723,
                    -0.31327854316234777,
                    -0.16682923160459762
                ],
                [
                    0.0,
                    0.0,
                    0.0,
                    1.0
                ]
            ],
            "radius": 0.00713,
            "height": 0.01697
        },
        "distance": 0.0
    }
]