[
    {
        "case": 0,
        "collider1": {
            "type": "Box",
            "collider2origin": [
                [
                    0.9987652092017612,
                    0.049679541947991616,
                    0.0,
                    -0.8452169757328698
                ],
                [
                    -0.049679541947991616,
                    0.9987652092017612,
                    0.0,
                    1.7355619287231678
                ],
                [
                    0.0,
                    0.0,
                    1.0,
                    -0.39990000000000003
                ],
                [
                    0.0,
                    0.0,
                    0.0,
                    1.0
                ]
            ],
            "size": [
                5.96,
                0.78,
                0.87
            ]
        },
        "collider2": {
            "type": "Box",
            "collider2origin": [
                [
                    0.08369653282771376,
                    0.9876041696502744,
                    -0.13278890948423022,
                    0.4511826148696927
                ],
                [
                    -0.5265989630800328,
                    0.15696497726069897,
                    0.8354971741403929,
                    1.1782907868023733
                ],
                [
                    0.8459837010697389,
                    -1.7146199795102516e-06,
                    0.5332087560434529,
                    -0.248280162146153
                ],
                [
                    0.0,
                    0.0,
                    0.0,
                    1.0
                ]
            ],
            "size": [
                0.09102,
                0.10007,
                0.11882
            ]
        },
        "distance": 0.018949172362844522
    },
    {
        "case": 1,
        "collider1": {
            "type": "Box",
            "collider2origin": [
                [
                    0.9987652092017612,
                    0.049679541947991616,
                    0.0,
                    -0.8452169757328698
                ],
                [
                    -0.049679541947991616,
                    0.9987652092017612,
                    0.0,
                    1.7355619287231678
                ],
                [
                    0.0,
                    0.0,
                    1.0,
                    -0.39990000000000003
                ],
                [
                    0.0,
                    0.0,
                    0.0,
                    1.0
                ]
            ],
            "size": [
                5.96,
                0.78,
                0.87
            ]
        },
        "collider2": {
            "type": "Sphere",
            "collider2origin": [
                [
                    1.0,
                    0.0,
                    0.0,
                    0.6206736800313752
                ],
                [
                    0.0,
                    1.0,
                    0.0,
                    1.4441260124407411
                ],
                [
                    0.0,
                    0.0,
                    1.0,
                    -0.32762137461690444
                ],
                [
                    0.0,
                    0.0,
                    0.0,
                    1.0
                ]
            ],
            "radius": 0.00484
        },
        "distance": 0.0
    },
    {
        "case": 2,
        "collider1": {
            "type": "Box",
            "collider2origin": [
                [
                    0.9987652092017612,
                    0.049679541947991616,
                    0.0,
                    -0.8452169757328698
                ],
                [
                    -0.049679541947991616,
                    0.9987652092017612,
                    0.0,
                    1.7355619287231678
                ],
                [
                    0.0,
                    0.0,
                    1.0,
                    -0.39990000000000003
                ],
                [
                    0.0,
                    0.0,
                    0.0,
                    1.0
                ]
            ],
            "size": [
                5.96,
                0.78,
                0.87
            ]
        },
        "collider2": {
            "type": "Box",
            "collider2origin": [
                [
                    -0.7765378085210355,
                    0.6100850093337298,
                    -0.15743352033036181,
                    0.4868384750401155
                ],
                [
                    0.5275125905815355,
                    0.4928761479490634,
                    -0.6919563350102734,
                    1.3105221311127466
                ],
                [
                    -0.34455696004478703,
                    -0.6203784201349652,
                    -0.7045644875492514,
                    -0.2361456200850166
                ],
                [
                    0.0,
                    0.0,
                    0.0,
                    1.0
                ]
            ],
            "size": [
                0.08993,
                0.0305,
                0.09007
            ]
        },
        "distance": 0.0
    },
    {
        "case": 3,
        "collider1": {
            "type": "Box",
            "collider2origin": [
                [
                    0.9987652092017612,
                    0.049679541947991616,
                    0.0,
                    -0.8452169757328698
                ],
                [
                    -0.049679541947991616,
                    0.9987652092017612,
                    0.0,
                    1.7355619287231678
                ],
                [
                    0.0,
                    0.0,
                    1.0,
                    -0.39990000000000003
                ],
                [
                    0.0,
                    0.0,
                    0.0,
                    1.0
                ]
            ],
            "size": [
                5.96,
                0.78,
                0.87
            ]
        },
        "collider2": {
            "type": "Cylinder",
            "collider2origin": [
                [
                    -0.005075843639268739,
                    0.33635656958419163,
                    -0.9417210276450791,
                    0.6066599093255112
                ],
                [
                    -0.43943521169570765,
                    -0.8466823383109421,
                    -0.30004285146335924,
                    1.4404844473833265
                ],
                [
                    -0.8982599459695942,
                    0.41230240854240613,
                    0.15210454752186794,
                    -0.32680655283511184
                ],
                [
                    0.0,
                    0.0,
                    0.0,
                    1.0
                ]
            ],
            "radius": 0.0076,
            "height": 0.02993
        },
        "distance": 0.0
    },
    {
        "case": 4,
        "collider1": {
            "type": "Box",
            "collider2origin": [
                [
                    0.9987652092017612,
                    0.049679541947991616,
                    0.0,
                    -0.8452169757328698
                ],
                [
                    -0.049679541947991616,
                    0.9987652092017612,
                    0.0,
                    1.7355619287231678
                ],
                [
                    0.0,
                    0.0,
                    1.0,
                    -0.39990000000000003
                ],
                [
                    0.0,
                    0.0,
                    0.0,
                    1.0
                ]
            ],
            "size": [
                5.96,
                0.78,
                0.87
            ]
        },
        "collider2": {
            "type": "Box",
            "collider2origin": [
                [
                    0.7811294876323042,
                    0.6100850998584402,
                    -0.13278890948423022,
                    0.4419668040768612
                ],
                [
                    -0.24292394703628417,
                    0.4928817585990885,
                    0.8354971741403929,
                    1.2712243350128734
                ],
                [
                    0.5751736081459289,
                    -0.6203738735399702,
                    0.5332087560434529,
                    -0.19111585143950205
                ],
                [
                    0.0,
                    0.0,
                    0.0,
                    1.0
                ]
            ],
            "size": [
                0.09126,
                0.11887,
                0.10009
            ]
        },
        "distance": 0.0
    },
    {
        "case": 5,
        "collider1": {
            "type": "Box",
            "collider2origin": [
                [
                    0.9987652092017612,
                    0.049679541947991616,
                    0.0,
                    -0.8452169757328698
                ],
                [
                    -0.049679541947991616,
                    0.9987652092017612,
                    0.0,
                    1.7355619287231678
                ],
                [
                    0.0,
                    0.0,
                    1.0,
                    -0.39990000000000003
                ],
                [
                    0.0,
                    0.0,
                    0.0,
                    1.0
                ]
            ],
            "size": [
                5.96,
                0.78,
                0.87
            ]
        },
        "collider2": {
            "type": "Sphere",
            "collider2origin": [
                [
                    1.0,
                    0.0,
                    0.0,
                    0.6244001124665162
                ],
                [
                    0.0,
                    1.0,
                    0.0,
                    1.3367181268790467
                ],
                [
                    0.0,
                    0.0,
                    1.0,
                    -0.3481959964494762
                ],
                [
                    0.0,
                    0.0,
                    0.0,
                    1.0
                ]
            ],
            "radius": 0.01051
        },
        "distance": 0.0
    },
    {
        "case": 6,
        "collider1": {
            "type": "Box",
            "collider2origin": [
                [
                    0.9987652092017612,
                    0.049679541947991616,
                    0.0,
                    -0.8452169757328698
                ],
                [
                    -0.049679541947991616,
                    0.9987652092017612,
                    0.0,
                    1.7355619287231678
                ],
                [
                    0.0,
                    0.0,
                    1.0,
                    -0.39990000000000003
                ],
                [
                    0.0,
                    0.0,
                    0.0,
                    1.0
                ]
            ],
            "size": [
                5.96,
                0.78,
                0.87
            ]
        },
        "collider2": {
            "type": "Sphere",
            "collider2origin": [
                [
                    1.0,
                    0.0,
                    0.0,
                    0.6083479177507285
                ],
                [
                    0.0,
                    1.0,
                    0.0,
                    1.4070358154796059
                ],
                [
                    0.0,
                    0.0,
                    1.0,
                    -0.41141947441791504
                ],
                [
                    0.0,
                    0.0,
                    0.0,
                    1.0
                ]
            ],
            "radius": 0.00663
        },
        "distance": 0.0
    },
    {
        "case": 7,
        "collider1": {
            "type": "Box",
            "collider2origin": [
                [
                    0.9987652092017612,
                    0.049679541947991616,
                    0.0,
                    -0.8452169757328698
                ],
                [
                    -0.049679541947991616,
                    0.9987652092017612,
                    0.0,
                    1.7355619287231678
                ],
                [
                    0.0,
                    0.0,
                    1.0,
                    -0.39990000000000003
                ],
                [
                    0.0,
                    0.0,
                    0.0,
                    1.0
                ]
            ],
            "size": [
                5.96,
                0.78,
                0.87
            ]
        },
        "collider2": {
            "type": "Cylinder",
            "collider2origin": [
                [
                    -0.08640045634037813,
                    -0.34948951112459853,
                    -0.9329480386163331,
                    0.6249535294854391
                ],
                [
                    -0.580926376077168,
                    -0.7430940016512634,
                    0.33216840651657464,
                    1.4054889805955089
                ],
                [
                    -0.809357465352623,
                    0.5706736250465766,
                    -0.13882401432812733,
                    -0.3345676333342832
                ],
                [
                    0.0,
                    0.0,
                    0.0,
                    1.0
                ]
            ],
            "radius": 0.0076,
            "height": 0.02993
        },
        "distance": 0.0
    },
    {
        "case": 8,
        "collider1": {
            "type": "Box",
            "collider2origin": [
                [
                    0.9987652092017612,
                    0.049679541947991616,
                    0.0,
                    -0.8452169757328698
                ],
                [
                    -0.049679541947991616,
                    0.9987652092017612,
                    0.0,
                    1.7355619287231678
                ],
                [
                    0.0,
                    0.0,
                    1.0,
                    -0.39990000000000003
                ],
                [
                    0.0,
                    0.0,
                    0.0,
                    1.0
                ]
            ],
            "size": [
                5.96,
                0.78,
                0.87
            ]
        },
        "collider2": {
            "type": "Sphere",
            "collider2origin": [
                [
                    1.0,
                    0.0,
                    0.0,
                    0.6420764249424038
                ],
                [
                    0.0,
                    1.0,
                    0.0,
                    1.3911819183738203
                ],
                [
                    0.0,
                    0.0,
                    1.0,
                    -0.35704684965007216
                ],
                [
                    0.0,
                    0.0,
                    0.0,
                    1.0
                ]
            ],
            "radius": 0.00563
        },
        "distance": 0.0
    },
    {
        "case": 9,
        "collider1": {
            "type": "Box",
            "collider2origin": [
                [
                    0.9987652092017612,
                    0.049679541947991616,
                    0.0,
                    -0.8452169757328698
                ],
                [
                    -0.049679541947991616,
                    0.9987652092017612,
                    0.0,
                    1.7355619287231678
                ],
                [
                    0.0,
                    0.0,
                    1.0,
                    -0.39990000000000003
                ],
                [
                    0.0,
                    0.0,
                    0.0,
                    1.0
                ]
            ],
            "size": [
                5.96,
                0.78,
                0.87
            ]
        },
        "collider2": {
            "type": "Cylinder",
            "collider2origin": [
                [
                    -0.01988672607484361,
                    0.48254348384724216,
                    -0.8756462209834465,
                    0.591948347504168
                ],
                [
                    -0.9915078988986051,
                    -0.12209838095520491,
                    -0.044766860396846894,
                    1.3323925439975945
                ],
                [
                    -0.12851694264842004,
                    0.867319878455858,
                    0.48087381285283015,
                    -0.3301994611283595
                ],
                [
                    0.0,
                    0.0,
                    0.0,
                    1.0
                ]
            ],
            "radius": 0.01271,
            "height": 0.05982
        },
        "distance": 0.0
    },
    {
        "case": 10,
        "collider1": {
            "type": "Box",
            "collider2origin": [
                [
                    0.9987652092017612,
                    0.049679541947991616,
                    0.0,
                    -0.8452169757328698
                ],
                [
                    -0.049679541947991616,
                    0.9987652092017612,
                    0.0,
                    1.7355619287231678
                ],
                [
                    0.0,
                    0.0,
                    1.0,
                    -0.39990000000000003
                ],
                [
                    0.0,
                    0.0,
                    0.0,
                    1.0
                ]
            ],
            "size": [
                5.96,
                0.78,
                0.87
            ]
        },
        "collider2": {
            "type": "Cylinder",
            "collider2origin": [
                [
                    0.028702214979184064,
                    0.5510703719678218,
                    -0.8339650040586444,
                    0.6055349431569967
                ],
                [
                    -0.9940699334896244,
                    -0.07180757182669442,
                    -0.0816617411049255,
                    1.3342698055737252
                ],
                [
                    -0.10488636797612184,
                    0.831363408966019,
                    0.5457414516464524,
                    -0.3358414827112076
                ],
                [
                    0.0,
                    0.0,
                    0.0,
                    1.0
                ]
            ],
            "radius": 0.01169,
            "height": 0.05502
        },
        "distance": 0.0
    },
    {
        "case": 11,
        "collider1": {
            "type": "Box",
            "collider2origin": [
                [
                    0.9987652092017612,
                    0.049679541947991616,
                    0.0,
                    -0.8452169757328698
                ],
                [
                    -0.049679541947991616,
                    0.9987652092017612,
                    0.0,
                    1.7355619287231678
                ],
                [
                    0.0,
                    0.0,
                    1.0,
                    -0.39990000000000003
                ],
                [
                    0.0,
                    0.0,
                    0.0,
                    1.0
                ]
            ],
            "size": [
                5.96,
                0.78,
                0.87
            ]
        },
        "collider2": {
            "type": "Sphere",
            "collider2origin": [
                [
                    1.0,
                    0.0,
                    0.0,
                    0.6398840169272404
                ],
                [
                    0.0,
                    1.0,
                    0.0,
                    1.3992404867921238
                ],
                [
                    0.0,
                    0.0,
                    1.0,
                    -0.3312542257319385
                ],
                [
                    0.0,
                    0.0,
                    0.0,
                    1.0
                ]
            ],
            "radius": 0.00487
        },
        "distance": 0.0
    },
    {
        "case": 12,
        "collider1": {
            "type": "Box",
            "collider2origin": [
                [
                    0.9987652092017612,
                    0.049679541947991616,
                    0.0,
                    -0.8452169757328698
                ],
                [
                    -0.049679541947991616,
                    0.9987652092017612,
                    0.0,
                    1.7355619287231678
                ],
                [
                    0.0,
                    0.0,
                    1.0,
                    -0.39990000000000003
                ],
                [
                    0.0,
                    0.0,
                    0.0,
                    1.0
                ]
            ],
            "size": [
                5.96,
                0.78,
                0.87
            ]
        },
        "collider2": {
            "type": "Cylinder",
            "collider2origin": [
                [
                    -0.15743392099145764,
                    -0.1751207263616735,
                    -0.971878228853705,
                    0.6223499493031693
                ],
                [
                    -0.6919578189580148,
                    -0.6825904497849564,
                    0.23508435644516545,
                    1.3973146662406317
                ],
                [
                    -0.7045629406264016,
                    0.709508991529304,
                    -0.013713264926598762,
                    -0.3586619541224857
                ],
                [
                    0.0,
                    0.0,
                    0.0,
                    1.0
                ]
            ],
            "radius": 0.00813,
            "height": 0.03824
        },
        "distance": 0.0
    },
    {
        "case": 13,
        "collider1": {
            "type": "Box",
            "collider2origin": [
                [
                    0.9987652092017612,
                    0.049679541947991616,
                    0.0,
                    -0.8452169757328698
                ],
                [
                    -0.049679541947991616,
                    0.9987652092017612,
                    0.0,
                    1.7355619287231678
                ],
                [
                    0.0,
                    0.0,
                    1.0,
                    -0.39990000000000003
                ],
                [
                    0.0,
                    0.0,
                    0.0,
                    1.0
                ]
            ],
            "size": [
                5.96,
                0.78,
                0.87
            ]
        },
        "collider2": {
            "type": "Cylinder",
            "collider2origin": [
                [
                    -0.08761492443579479,
                    0.18794367599542644,
                    -0.9782641768302852,
                    0.5895252138647439
                ],
                [
                    -0.5750665866052989,
                    -0.8114197710616159,
                    -0.10438570831509604,
                    1.409782131898941
                ],
                [
                    -0.813401528143536,
                    0.5534212950218306,
                    0.17917261015601527,
                    -0.3337866697203824
                ],
                [
                    0.0,
                    0.0,
                    0.0,
                    1.0
                ]
            ],
            "radius": 0.00783,
            "height": 0.03683
        },
        "distance": 0.0
    },
    {
        "case": 14,
        "collider1": {
            "type": "Cylinder",
            "collider2origin": [
                [
                    1.0,
                    0.0,
                    0.0,
                    0.36025
                ],
                [
                    0.0,
                    1.0,
                    0.0,
                    0.66562
                ],
                [
                    0.0,
                    0.0,
                    1.0,
                    -0.35
                ],
                [
                    0.0,
                    0.0,
                    0.0,
                    1.0
                ]
            ],
            "radius": 0.11,
            "height": 0.68
        },
        "collider2": {
            "type": "Box",
            "collider2origin": [
                [
                    0.0642338209435156,
                    0.987604131333103,
                    -0.14322044554037391,
                    0.382970427569153
                ],
                [
                    -0.40413798374445864,
                    0.15696521834176366,
                    0.9011295191735125,
                    0.8954593019450483
                ],
                [
                    0.9124398645072231,
                    -2.1700898379570385e-06,
                    0.4092108181039824,
                    -0.36900914452011335
                ],
                [
                    0.0,
                    0.0,
                    0.0,
                    1.0
                ]
            ],
            "size": [
                0.1202,
                0.13634,
                0.67816
            ]
        },
        "distance": 0.0
    },
    {
        "case": 15,
        "collider1": {
            "type": "Box",
            "collider2origin": [
                [
                    0.9987652092017612,
                    0.049679541947991616,
                    0.0,
                    -0.8452169757328698
                ],
                [
                    -0.049679541947991616,
                    0.9987652092017612,
                    0.0,
                    1.7355619287231678
                ],
                [
                    0.0,
                    0.0,
                    1.0,
                    -0.39990000000000003
                ],
                [
                    0.0,
                    0.0,
                    0.0,
                    1.0
                ]
            ],
            "size": [
                5.96,
                0.78,
                0.87
            ]
        },
        "collider2": {
            "type": "Box",
            "collider2origin": [
                [
                    0.0642338209435156,
                    0.987604131333103,
                    -0.14322044554037391,
                    0.382970427569153
                ],
                [
                    -0.40413798374445864,
                    0.15696521834176366,
                    0.9011295191735125,
                    0.8954593019450483
                ],
                [
                    0.9124398645072231,
                    -2.1700898379570385e-06,
                    0.4092108181039824,
                    -0.36900914452011335
                ],
                [
                    0.0,
                    0.0,
                    0.0,
                    1.0
                ]
            ],
            "size": [
                0.1202,
                0.13634,
                0.67816
            ]
        },
        "distance": 0.04718568828866603
    },
    {
        "case": 16,
        "collider1": {
            "type": "Box",
            "collider2origin": [
                [
                    0.9987652092017612,
                    0.049679541947991616,
                    0.0,
                    -0.8452169757328698
                ],
                [
                    -0.049679541947991616,
                    0.9987652092017612,
                    0.0,
                    1.7355619287231678
                ],
                [
                    0.0,
                    0.0,
                    1.0,
                    -0.39990000000000003
                ],
                [
                    0.0,
                    0.0,
                    0.0,
                    1.0
                ]
            ],
            "size": [
                5.96,
                0.78,
                0.87
            ]
        },
        "collider2": {
            "type": "Cylinder",
            "collider2origin": [
                [
                    -0.19481770447454685,
                    0.5470961235649235,
                    -0.8140834684499504,
                    0.5909719615176328
                ],
                [
                    -0.7850687078319523,
                    -0.5845203696361911,
                    -0.2049464843890688,
                    1.4027207096469074
                ],
                [
                    -0.5879737970405964,
                    0.5991842530145497,
                    0.543382963418121,
                    -0.40184750457685536
                ],
                [
                    0.0,
                    0.0,
                    0.0,
                    1.0
                ]
            ],
            "radius": 0.00796,
            "height": 0.03037
        },
        "distance": 0.0
    },
    {
        "case": 17,
        "collider1": {
            "type": "Box",
            "collider2origin": [
                [
                    0.9987652092017612,
                    0.049679541947991616,
                    0.0,
                    -0.8452169757328698
                ],
                [
                    -0.049679541947991616,
                    0.9987652092017612,
                    0.0,
                    1.7355619287231678
                ],
                [
                    0.0,
                    0.0,
                    1.0,
                    -0.39990000000000003
                ],
                [
                    0.0,
                    0.0,
                    0.0,
                    1.0
                ]
            ],
            "size": [
                5.96,
                0.78,
                0.87
            ]
        },
        "collider2": {
            "type": "Cylinder",
            "collider2origin": [
                [
                    -0.010696650867986952,
                    0.6752568322245232,
                    -0.7375051133343484,
                    0.5840986794712767
                ],
                [
                    -0.43533825426996964,
                    -0.6671253943902529,
                    -0.604503360229556,
                    1.4289764849404571
                ],
                [
                    -0.9002034136956951,
                    0.31459802716125107,
                    0.30110113795345433,
                    -0.3207211680586246
                ],
                [
                    0.0,
                    0.0,
                    0.0,
                    1.0
                ]
            ],
            "radius": 0.00783,
            "height": 0.03044
        },
        "distance": 0.0
    },
    {
        "case": 18,
        "collider1": {
            "type": "Cylinder",
            "collider2origin": [
                [
                    1.0,
                    0.0,
                    0.0,
                    0.36025
                ],
                [
                    0.0,
                    1.0,
                    0.0,
                    0.66562
                ],
                [
                    0.0,
                    0.0,
                    1.0,
                    -0.35
                ],
                [
                    0.0,
                    0.0,
                    0.0,
                    1.0
                ]
            ],
            "radius": 0.11,
            "height": 0.68
        },
        "collider2": {
            "type": "Box",
            "collider2origin": [
                [
                    -0.15670167543031926,
                    0.9876046905841119,
                    0.009031060490948614,
                    0.5451021498212747
                ],
                [
                    0.9859659240489597,
                    0.15696169941224536,
                    -0.05687021656281082,
                    0.6802394353368488
                ],
                [
                    -0.057582823234120305,
                    -7.340315377346168e-06,
                    -0.9983407326231398,
                    -0.17216721622232767
                ],
                [
                    0.0,
                    0.0,
                    0.0,
                    1.0
                ]
            ],
            "size": [
                0.15068,
                0.17726,
                0.74884
            ]
        },
        "distance": 0.0
    },
    {
        "case": 19,
        "collider1": {
            "type": "Cylinder",
            "collider2origin": [
                [
                    1.0,
                    0.0,
                    0.0,
                    0.36025
                ],
                [
                    0.0,
                    1.0,
                    0.0,
                    0.66562
                ],
                [
                    0.0,
                    0.0,
                    1.0,
                    -0.35
                ],
                [
                    0.0,
                    0.0,
                    0.0,
                    1.0
                ]
            ],
            "radius": 0.11,
            "height": 0.68
        },
        "collider2": {
            "type": "Box",
            "collider2origin": [
                [
                    -0.15670167543031926,
                    0.9876046905841119,
                    0.009031060490948614,
                    0.5451021498212747
                ],
                [
                    0.9859659240489597,
                    0.15696169941224536,
                    -0.05687021656281082,
                    0.6802394353368488
                ],
                [
                    -0.057582823234120305,
                    -7.340315377346168e-06,
                    -0.9983407326231398,
                    -0.17216721622232767
                ],
                [
                    0.0,
                    0.0,
                    0.0,
                    1.0
                ]
            ],
            "size": [
                0.15068,
                0.17726,
                0.74884
            ]
        },
        "distance": 0.0
    },
    {
        "case": 20,
        "collider1": {
            "type": "Box",
            "collider2origin": [
                [
                    0.9987652092017612,
                    0.049679541947991616,
                    0.0,
                    -0.8452169757328698
                ],
                [
                    -0.049679541947991616,
                    0.9987652092017612,
                    0.0,
                    1.7355619287231678
                ],
                [
                    0.0,
                    0.0,
                    1.0,
                    -0.39990000000000003
                ],
                [
                    0.0,
                    0.0,
                    0.0,
                    1.0
                ]
            ],
            "size": [
                5.96,
                0.78,
                0.87
            ]
        },
        "collider2": {
            "type": "Cylinder",
            "collider2origin": [
                [
                    -0.19481770447454685,
                    0.8787950714160042,
                    -0.4356205739840662,
                    0.5723150395157918
                ],
                [
                    -0.7850687078319523,
                    -0.4059483840950863,
                    -0.46783868313090216,
                    1.3941509388310238
                ],
                [
                    -0.5879737970405964,
                    0.250848822810727,
                    0.7690004434902074,
                    -0.3842292217552963
                ],
                [
                    0.0,
                    0.0,
                    0.0,
                    1.0
                ]
            ],
            "radius": 0.00713,
            "height": 0.01426
        },
        "distance": 0.0
    },
    {
        "case": 21,
        "collider1": {
            "type": "Box",
            "collider2origin": [
                [
                    0.9987652092017612,
                    0.049679541947991616,
                    0.0,
                    -0.8452169757328698
                ],
                [
                    -0.049679541947991616,
                    0.9987652092017612,
                    0.0,
                    1.7355619287231678
                ],
                [
                    0.0,
                    0.0,
                    1.0,
                    -0.39990000000000003
                ],
                [
                    0.0,
                    0.0,
                    0.0,
                    1.0
                ]
            ],
            "size": [
                5.96,
                0.78,
                0.87
            ]
        },
        "collider2": {
            "type": "Cylinder",
            "collider2origin": [
                [
                    -0.15743392099145764,
                    0.32989157587326073,
                    -0.930798640248852,
                    0.5930972920389771
                ],
                [
                    -0.6919578189580148,
                    -0.7093247603123554,
                    -0.13436056412015435,
                    1.399295974620808
                ],
                [
                    -0.7045629406264016,
                    0.6229204865596215,
                    0.3399428336061838,
                    -0.3540712940298255
                ],
                [
                    0.0,
                    0.0,
                    0.0,
                    1.0
                ]
            ],
            "radius": 0.00683,
            "height": 0.01183
        },
        "distance": 0.0
    },
    {
        "case": 22,
        "collider1": {
            "type": "Box",
            "collider2origin": [
                [
                    0.9987652092017612,
                    0.049679541947991616,
                    0.0,
                    -0.8452169757328698
                ],
                [
                    -0.049679541947991616,
                    0.9987652092017612,
                    0.0,
                    1.7355619287231678
                ],
                [
                    0.0,
                    0.0,
                    1.0,
                    -0.39990000000000003
                ],
                [
                    0.0,
                    0.0,
                    0.0,
                    1.0
                ]
            ],
            "size": [
                5.96,
                0.78,
                0.87
            ]
        },
        "collider2": {
            "type": "Box",
            "collider2origin": [
                [
                    0.0453312980960985,
                    0.3963455933831508,
                    0.916981594154801,
                    0.5333643703958415
                ],
                [
                    -0.7224301274028482,
                    0.646986597792674,
                    -0.2439324769221281,
                    1.3544952792839249
                ],
                [
                    -0.68995636415184,
                    -0.6513973540646434,
                    0.31566073985206755,
                    -0.29019626142517696
                ],
                [
                    0.0,
                    0.0,
                    0.0,
                    1.0
                ]
            ],
            "size": [
                0.06241,
                0.05638,
                0.02858
            ]
        },
        "distance": 0.0
    },
    {
        "case": 23,
        "collider1": {
            "type": "Box",
            "collider2origin": [
                [
                    0.9987652092017612,
                    0.049679541947991616,
                    0.0,
                    -0.8452169757328698
                ],
                [
                    -0.049679541947991616,
                    0.9987652092017612,
                    0.0,
                    1.7355619287231678
                ],
                [
                    0.0,
                    0.0,
                    1.0,
                    -0.39990000000000003
                ],
                [
                    0.0,
                    0.0,
                    0.0,
                    1.0
                ]
            ],
            "size": [
                5.96,
                0.78,
                0.87
            ]
        },
        "collider2": {
            "type": "Cylinder",
            "collider2origin": [
                [
                    -0.15743392099145764,
                    0.32989157587326073,
                    -0.930798640248852,
                    0.5779083606517512
                ],
                [
                    -0.6919578189580148,
                    -0.7093247603123554,
                    -0.13436056412015435,
                    1.3970995253760061
                ],
                [
                    -0.7045629406264016,
                    0.6229204865596215,
                    0.3399428336061838,
                    -0.34852018837156673
                ],
                [
                    0.0,
                    0.0,
                    0.0,
                    1.0
                ]
            ],
            "radius": 0.00683,
            "height": 0.01782
        },
        "distance": 0.0
    },
    {
        "case": 24,
        "collider1": {
            "type": "Box",
            "collider2origin": [
                [
                    0.9987652092017612,
                    0.049679541947991616,
                    0.0,
                    -0.8452169757328698
                ],
                [
                    -0.049679541947991616,
                    0.9987652092017612,
                    0.0,
                    1.7355619287231678
                ],
                [
                    0.0,
                    0.0,
                    1.0,
                    -0.39990000000000003
                ],
                [
                    0.0,
                    0.0,
                    0.0,
                    1.0
                ]
            ],
            "size": [
                5.96,
                0.78,
                0.87
            ]
        },
        "collider2": {
            "type": "Box",
            "collider2origin": [
                [
                    -0.14782069751264842,
                    0.39634121584282056,
                    0.9061250918118913,
                    0.5513472596974143
                ],
                [
                    -0.6552805295855731,
                    0.6469863043155347,
                    -0.38989248463413195,
                    1.3873578342108956
                ],
                [
                    -0.7407809858068206,
                    -0.6514003090668289,
                    0.16407671502902052,
                    -0.32522573296043156
                ],
                [
                    0.0,
                    0.0,
                    0.0,
                    1.0
                ]
            ],
            "size": [
                0.07264,
                0.04753,
                0.03326
            ]
        },
        "distance": 0.0
    },
    {
        "case": 25,
        "collider1": {
            "type": "Box",
            "collider2origin": [
                [
                    0.9987652092017612,
                    0.049679541947991616,
                    0.0,
                    -0.8452169757328698
                ],
                [
                    -0.049679541947991616,
                    0.9987652092017612,
                    0.0,
                    1.7355619287231678
                ],
                [
                    0.0,
                    0.0,
                    1.0,
                    -0.39990000000000003
                ],
                [
                    0.0,
                    0.0,
                    0.0,
                    1.0
                ]
            ],
            "size": [
                5.96,
                0.78,
                0.87
            ]
        },
        "collider2": {
            "type": "Cylinder",
            "collider2origin": [
                [
                    -0.22535321866388944,
                    0.8697839949187304,
                    -0.4389666604891977,
                    0.5655277018233235
                ],
                [
                    -0.7839714952843112,
                    -0.4293917847398257,
                    -0.4483429376934889,
                    1.3868063859214215
                ],
                [
                    -0.5784501892293802,
                    0.24310182512922576,
                    0.7786506798297507,
                    -0.37240501991569186
                ],
                [
                    0.0,
                    0.0,
                    0.0,
                    1.0
                ]
            ],
            "radius": 0.00713,
            "height": 0.01697
        },
        "distance": 0.0
    }
]