[
    {
        "case": 0,
        "collider1": {
            "type": "Cylinder",
            "collider2origin": [
                [
                    1.0,
                    0.0,
                    0.0,
                    0.36025
                ],
                [
                    0.0,
                    1.0,
                    0.0,
                    0.66562
                ],
                [
                    0.0,
                    0.0,
                    1.0,
                    -0.35
                ],
                [
                    0.0,
                    0.0,
                    0.0,
                    1.0
                ]
            ],
            "radius": 0.11,
            "height": 0.68
        },
        "collider2": {
            "type": "Sphere",
            "collider2origin": [
                [
                    1.0,
                    0.0,
                    0.0,
                    0.2732139624988639
                ],
                [
                    0.0,
                    1.0,
                    0.0,
                    0.6001809812965023
                ],
                [
                    0.0,
                    0.0,
                    1.0,
                    -0.12762346031163863
                ],
                [
                    0.0,
                    0.0,
                    0.0,
                    1.0
                ]
            ],
            "radius": 0.00663
        },
        "distance": 0.0
    },
    {
        "case": 1,
        "collider1": {
            "type": "Box",
            "collider2origin": [
                [
                    0.9980268447818988,
                    0.0627886701140236,
                    0.0,
                    -0.04
                ],
                [
                    -0.0627886701140236,
                    0.9980268447818988,
                    0.0,
                    0.02
                ],
                [
                    0.0,
                    0.0,
                    1.0,
                    -0.13
                ],
                [
                    0.0,
                    0.0,
                    0.0,
                    1.0
                ]
            ],
            "size": [
                0.6,
                0.4,
                0.4
            ]
        },
        "collider2": {
            "type": "Box",
            "collider2origin": [
                [
                    -0.3695435607089246,
                    -0.7653513090631809,
                    0.5269486981233038,
                    0.39451974971713827
                ],
                [
                    0.4394402794356931,
                    -0.64361275135972,
                    -0.6266217895163327,
                    0.3696523246944536
                ],
                [
                    0.8187367083184003,
                    -1.5641640845387294e-06,
                    0.5741691409763362,
                    0.29945190475961336
                ],
                [
                    0.0,
                    0.0,
                    0.0,
                    1.0
                ]
            ],
            "size": [
                0.15068,
                0.17726,
                0.74884
            ]
        },
        "distance": 0.18158106445140842
    },
    {
        "case": 2,
        "collider1": {
            "type": "Box",
            "collider2origin": [
                [
                    0.9980268447818988,
                    0.0627886701140236,
                    0.0,
                    -0.04
                ],
                [
                    -0.0627886701140236,
                    0.9980268447818988,
                    0.0,
                    0.02
                ],
                [
                    0.0,
                    0.0,
                    1.0,
                    -0.13
                ],
                [
                    0.0,
                    0.0,
                    0.0,
                    1.0
                ]
            ],
            "size": [
                0.6,
                0.4,
                0.4
            ]
        },
        "collider2": {
            "type": "Box",
            "collider2origin": [
                [
                    -0.3695435607089246,
                    -0.7653513090631809,
                    0.5269486981233038,
                    0.39451974971713827
                ],
                [
                    0.4394402794356931,
                    -0.64361275135972,
                    -0.6266217895163327,
                    0.3696523246944536
                ],
                [
                    0.8187367083184003,
                    -1.5641640845387294e-06,
                    0.5741691409763362,
                    0.29945190475961336
                ],
                [
                    0.0,
                    0.0,
                    0.0,
                    1.0
                ]
            ],
            "size": [
                0.15068,
                0.17726,
                0.74884
            ]
        },
        "distance": 0.18158106445140842
    },
    {
        "case": 3,
        "collider1": {
            "type": "Cylinder",
            "collider2origin": [
                [
                    1.0,
                    0.0,
                    0.0,
                    0.36025
                ],
                [
                    0.0,
                    1.0,
                    0.0,
                    0.66562
                ],
                [
                    0.0,
                    0.0,
                    1.0,
                    -0.35
                ],
                [
                    0.0,
                    0.0,
                    0.0,
                    1.0
                ]
            ],
            "radius": 0.11,
            "height": 0.68
        },
        "collider2": {
            "type": "Cylinder",
            "collider2origin": [
                [
                    0.22025259128014688,
                    -0.958306129387514,
                    -0.18203889258260483,
                    0.2709798625305255
                ],
                [
                    0.9745733407814211,
                    0.20831215668381103,
                    0.08253998313470928,
                    0.6027063647470234
                ],
                [
                    -0.041177657443318784,
                    -0.19558989686601874,
                    0.9798208983132684,
                    -0.10760352435371656
                ],
                [
                    0.0,
                    0.0,
                    0.0,
                    1.0
                ]
            ],
            "radius": 0.00796,
            "height": 0.03037
        },
        "distance": 0.0
    },
    {
        "case": 4,
        "collider1": {
            "type": "Cylinder",
            "collider2origin": [
                [
                    1.0,
                    0.0,
                    0.0,
                    0.36025
                ],
                [
                    0.0,
                    1.0,
                    0.0,
                    0.66562
                ],
                [
                    0.0,
                    0.0,
                    1.0,
                    -0.35
                ],
                [
                    0.0,
                    0.0,
                    0.0,
                    1.0
                ]
            ],
            "radius": 0.11,
            "height": 0.68
        },
        "collider2": {
            "type": "Cylinder",
            "collider2origin": [
                [
                    0.22025259128014688,
                    -0.7418947009651333,
                    -0.6333095994174059,
                    0.2610180493466133
                ],
                [
                    0.9745733407814211,
                    0.13996087129915855,
                    0.1749793071860759,
                    0.6060148267798151
                ],
                [
                    -0.041177657443318784,
                    -0.6557462978813035,
                    0.7538575418090908,
                    -0.08266877035319731
                ],
                [
                    0.0,
                    0.0,
                    0.0,
                    1.0
                ]
            ],
            "radius": 0.00713,
            "height": 0.01426
        },
        "distance": 0.0
    },
    {
        "case": 5,
        "collider1": {
            "type": "Cylinder",
            "collider2origin": [
                [
                    1.0,
                    0.0,
                    0.0,
                    0.36025
                ],
                [
                    0.0,
                    1.0,
                    0.0,
                    0.66562
                ],
                [
                    0.0,
                    0.0,
                    1.0,
                    -0.35
                ],
                [
                    0.0,
                    0.0,
                    0.0,
                    1.0
                ]
            ],
            "radius": 0.11,
            "height": 0.68
        },
        "collider2": {
            "type": "Box",
            "collider2origin": [
                [
                    0.3355323888850812,
                    0.36205944171118737,
                    -0.8696729136157187,
                    0.22502929869154545
                ],
                [
                    0.9140242871304003,
                    -0.3485520443316108,
                    0.2075357196436755,
                    0.5907090524788953
                ],
                [
                    -0.22798600515126843,
                    -0.8645371206952527,
                    -0.4478816231942627,
                    -0.03423170585255675
                ],
                [
                    0.0,
                    0.0,
                    0.0,
                    1.0
                ]
            ],
            "size": [
                0.07264,
                0.04753,
                0.03326
            ]
        },
        "distance": 0.0033584941302115846
    },
    {
        "case": 6,
        "collider1": {
            "type": "Cylinder",
            "collider2origin": [
                [
                    1.0,
                    0.0,
                    0.0,
                    0.36025
                ],
                [
                    0.0,
                    1.0,
                    0.0,
                    0.66562
                ],
                [
                    0.0,
                    0.0,
                    1.0,
                    -0.35
                ],
                [
                    0.0,
                    0.0,
                    0.0,
                    1.0
                ]
            ],
            "radius": 0.11,
            "height": 0.68
        },
        "collider2": {
            "type": "Cylinder",
            "collider2origin": [
                [
                    0.2258689288681662,
                    -0.7418539157615147,
                    -0.6313762702551103,
                    0.2512534958431058
                ],
                [
                    0.9741096785562968,
                    0.16556289342350874,
                    0.15394564775979755,
                    0.6088545876527052
                ],
                [
                    -0.009672699462669297,
                    -0.6498012742297006,
                    0.7600425928160615,
                    -0.07098924071372992
                ],
                [
                    0.0,
                    0.0,
                    0.0,
                    1.0
                ]
            ],
            "radius": 0.00713,
            "height": 0.01697
        },
        "distance": 0.0025400087764750777
    }
]