[
    {
        "case": 0,
        "collider1": {
            "type": "Cylinder",
            "collider2origin": [
                [
                    1.0,
                    0.0,
                    0.0,
                    0.36025
                ],
                [
                    0.0,
                    1.0,
                    0.0,
                    0.66562
                ],
                [
                    0.0,
                    0.0,
                    1.0,
                    -0.35
                ],
                [
                    0.0,
                    0.0,
                    0.0,
                    1.0
                ]
            ],
            "radius": 0.11,
            "height": 0.68
        },
        "collider2": {
            "type": "Box",
            "collider2origin": [
                [
                    0.9308069058516925,
                    -0.34439142576934334,
                    -0.12244611008667038,
                    0.2730674048143382
                ],
                [
                    -0.3414486934270896,
                    -0.9388261531311581,
                    0.04492487010425527,
                    0.5196461019295917
                ],
                [
                    -0.1304273505662501,
                    -7.315033207872415e-06,
                    -0.9914578690850955,
                    -0.17009535945539878
                ],
                [
                    0.0,
                    0.0,
                    0.0,
                    1.0
                ]
            ],
            "size": [
                0.15068,
                0.17726,
                0.74884
            ]
        },
        "distance": 0.0
    },
    {
        "case": 1,
        "collider1": {
            "type": "Cylinder",
            "collider2origin": [
                [
                    1.0,
                    0.0,
                    0.0,
                    0.36025
                ],
                [
                    0.0,
                    1.0,
                    0.0,
                    0.66562
                ],
                [
                    0.0,
                    0.0,
                    1.0,
                    -0.35
                ],
                [
                    0.0,
                    0.0,
                    0.0,
                    1.0
                ]
            ],
            "radius": 0.11,
            "height": 0.68
        },
        "collider2": {
            "type": "Box",
            "collider2origin": [
                [
                    0.9308069058516925,
                    -0.34439142576934334,
                    -0.12244611008667038,
                    0.2730674048143382
                ],
                [
                    -0.3414486934270896,
                    -0.9388261531311581,
                    0.04492487010425527,
                    0.5196461019295917
                ],
                [
                    -0.1304273505662501,
                    -7.315033207872415e-06,
                    -0.9914578690850955,
                    -0.17009535945539878
                ],
                [
                    0.0,
                    0.0,
                    0.0,
                    1.0
                ]
            ],
            "size": [
                0.15068,
                0.17726,
                0.74884
            ]
        },
        "distance": 0.0
    },
    {
        "case": 2,
        "collider1": {
            "type": "Box",
            "collider2origin": [
                [
                    0.9992356923808713,
                    0.039090038016362835,
                    0.0,
                    -0.10710036334624623
                ],
                [
                    -0.039090038016362835,
                    0.9992356923808713,
                    0.0,
                    0.41486694795461987
                ],
                [
                    0.0,
                    0.0,
                    1.0,
                    -0.40439
                ],
                [
                    0.0,
                    0.0,
                    0.0,
                    1.0
                ]
            ],
            "size": [
                0.08,
                1.0,
                0.812
            ]
        },
        "collider2": {
            "type": "Box",
            "collider2origin": [
                [
                    -0.9216476238720056,
                    -0.3443916326723903,
                    -0.17877376976595727,
                    -0.0728364510683232
                ],
                [
                    0.3380900365044692,
                    -0.9388260772609804,
                    0.06557990447664476,
                    0.6620639069391832
                ],
                [
                    -0.19042264735974243,
                    -6.72115613256247e-08,
                    0.9817022029987009,
                    -0.011374710032068025
                ],
                [
                    0.0,
                    0.0,
                    0.0,
                    1.0
                ]
            ],
            "size": [
                0.09102,
                0.10007,
                0.11882
            ]
        },
        "distance": 0.0
    },
    {
        "case": 3,
        "collider1": {
            "type": "Box",
            "collider2origin": [
                [
                    0.9992356923808713,
                    0.039090038016362835,
                    0.0,
                    -0.7387332447251884
                ],
                [
                    -0.039090038016362835,
                    0.9992356923808713,
                    0.0,
                    0.6397293653589854
                ],
                [
                    0.0,
                    0.0,
                    1.0,
                    -0.40439
                ],
                [
                    0.0,
                    0.0,
                    0.0,
                    1.0
                ]
            ],
            "size": [
                1.2,
                1.4,
                0.812
            ]
        },
        "collider2": {
            "type": "Box",
            "collider2origin": [
                [
                    -0.9216476238720056,
                    -0.3443916326723903,
                    -0.17877376976595727,
                    -0.0728364510683232
                ],
                [
                    0.3380900365044692,
                    -0.9388260772609804,
                    0.06557990447664476,
                    0.6620639069391832
                ],
                [
                    -0.19042264735974243,
                    -6.72115613256247e-08,
                    0.9817022029987009,
                    -0.011374710032068025
                ],
                [
                    0.0,
                    0.0,
                    0.0,
                    1.0
                ]
            ],
            "size": [
                0.09102,
                0.10007,
                0.11882
            ]
        },
        "distance": 0.0025791223123816398
    },
    {
        "case": 4,
        "collider1": {
            "type": "Cylinder",
            "collider2origin": [
                [
                    1.0,
                    0.0,
                    0.0,
                    0.36025
                ],
                [
                    0.0,
                    1.0,
                    0.0,
                    0.66562
                ],
                [
                    0.0,
                    0.0,
                    1.0,
                    -0.35
                ],
                [
                    0.0,
                    0.0,
                    0.0,
                    1.0
                ]
            ],
            "radius": 0.11,
            "height": 0.68
        },
        "collider2": {
            "type": "Box",
            "collider2origin": [
                [
                    -0.7636571535807858,
                    -0.34439298192357437,
                    -0.5460963521089299,
                    0.125397012328315
                ],
                [
                    0.28013570135053895,
                    -0.9388255823108563,
                    0.2003260213440151,
                    0.7083888391809801
                ],
                [
                    -0.5816801016140516,
                    -6.853552717068489e-07,
                    0.8134176414276963,
                    -0.2513583949350886
                ],
                [
                    0.0,
                    0.0,
                    0.0,
                    1.0
                ]
            ],
            "size": [
                0.1202,
                0.13634,
                0.67816
            ]
        },
        "distance": 0.0
    },
    {
        "case": 5,
        "collider1": {
            "type": "Box",
            "collider2origin": [
                [
                    0.9992356923808713,
                    0.039090038016362835,
                    0.0,
                    -0.10710036334624623
                ],
                [
                    -0.039090038016362835,
                    0.9992356923808713,
                    0.0,
                    0.41486694795461987
                ],
                [
                    0.0,
                    0.0,
                    1.0,
                    -0.40439
                ],
                [
                    0.0,
                    0.0,
                    0.0,
                    1.0
                ]
            ],
            "size": [
                0.08,
                1.0,
                0.812
            ]
        },
        "collider2": {
            "type": "Box",
            "collider2origin": [
                [
                    -0.7636571535807858,
                    -0.34439298192357437,
                    -0.5460963521089299,
                    0.125397012328315
                ],
                [
                    0.28013570135053895,
                    -0.9388255823108563,
                    0.2003260213440151,
                    0.7083888391809801
                ],
                [
                    -0.5816801016140516,
                    -6.853552717068489e-07,
                    0.8134176414276963,
                    -0.2513583949350886
                ],
                [
                    0.0,
                    0.0,
                    0.0,
                    1.0
                ]
            ],
            "size": [
                0.1202,
                0.13634,
                0.67816
            ]
        },
        "distance": 0.0
    },
    {
        "case": 6,
        "collider1": {
            "type": "Box",
            "collider2origin": [
                [
                    0.9992356923808713,
                    0.039090038016362835,
                    0.0,
                    -0.7387332447251884
                ],
                [
                    -0.039090038016362835,
                    0.9992356923808713,
                    0.0,
                    0.6397293653589854
                ],
                [
                    0.0,
                    0.0,
                    1.0,
                    -0.40439
                ],
                [
                    0.0,
                    0.0,
                    0.0,
                    1.0
                ]
            ],
            "size": [
                1.2,
                1.4,
                0.812
            ]
        },
        "collider2": {
            "type": "Box",
            "collider2origin": [
                [
                    -0.7636571535807858,
                    -0.34439298192357437,
                    -0.5460963521089299,
                    0.125397012328315
                ],
                [
                    0.28013570135053895,
                    -0.9388255823108563,
                    0.2003260213440151,
                    0.7083888391809801
                ],
                [
                    -0.5816801016140516,
                    -6.853552717068489e-07,
                    0.8134176414276963,
                    -0.2513583949350886
                ],
                [
                    0.0,
                    0.0,
                    0.0,
                    1.0
                ]
            ],
            "size": [
                0.1202,
                0.13634,
                0.67816
            ]
        },
        "distance": 0.005625403149252379
    }
]