[
    {
        "case": 0,
        "collider1": {
            "type": "Cylinder",
            "collider2origin": [
                [
                    1.0,
                    0.0,
                    0.0,
                    0.36025
                ],
                [
                    0.0,
                    1.0,
                    0.0,
                    0.66562
                ],
                [
                    0.0,
                    0.0,
                    1.0,
                    -0.35
                ],
                [
                    0.0,
                    0.0,
                    0.0,
                    1.0
                ]
            ],
            "radius": 0.11,
            "height": 0.68
        },
        "collider2": {
            "type": "Box",
            "collider2origin": [
                [
                    0.4239768655646516,
                    -0.8991830514049929,
                    0.10822872784976831,
                    0.2844803485746032
                ],
                [
                    0.90566531818332,
                    0.4204423090700522,
                    -0.05475943922054364,
                    0.5295220898548647
                ],
                [
                    0.0037348234066838216,
                    0.12123574064544054,
                    0.9926167167060367,
                    -0.028171408817674104
                ],
                [
                    0.0,
                    0.0,
                    0.0,
                    1.0
                ]
            ],
            "size": [
                0.09126,
                0.11887,
                0.10009
            ]
        },
        "distance": 0.0
    },
    {
        "case": 1,
        "collider1": {
            "type": "Cylinder",
            "collider2origin": [
                [
                    1.0,
                    0.0,
                    0.0,
                    0.36025
                ],
                [
                    0.0,
                    1.0,
                    0.0,
                    0.66562
                ],
                [
                    0.0,
                    0.0,
                    1.0,
                    -0.35
                ],
                [
                    0.0,
                    0.0,
                    0.0,
                    1.0
                ]
            ],
            "radius": 0.11,
            "height": 0.68
        },
        "collider2": {
            "type": "Box",
            "collider2origin": [
                [
                    -0.1741305002955653,
                    -0.8991849234814457,
                    -0.4014287511507897,
                    0.21732973080345624
                ],
                [
                    -0.5979937789308141,
                    0.42044000371474627,
                    -0.6823735367351145,
                    0.5600144625366569
                ],
                [
                    0.7823567020399713,
                    0.12122985053199828,
                    -0.6109184185414025,
                    -0.015971896843059108
                ],
                [
                    0.0,
                    0.0,
                    0.0,
                    1.0
                ]
            ],
            "size": [
                0.08993,
                0.0305,
                0.09007
            ]
        },
        "distance": 0.00674724631536847
    },
    {
        "case": 2,
        "collider1": {
            "type": "Cylinder",
            "collider2origin": [
                [
                    1.0,
                    0.0,
                    0.0,
                    0.36025
                ],
                [
                    0.0,
                    1.0,
                    0.0,
                    0.66562
                ],
                [
                    0.0,
                    0.0,
                    1.0,
                    -0.35
                ],
                [
                    0.0,
                    0.0,
                    0.0,
                    1.0
                ]
            ],
            "radius": 0.11,
            "height": 0.68
        },
        "collider2": {
            "type": "Box",
            "collider2origin": [
                [
                    -0.8857018200139988,
                    -0.4514629868459997,
                    0.10822872784976831,
                    0.27654072593808154
                ],
                [
                    0.44812970478217995,
                    -0.8922898472514903,
                    -0.05475943922054364,
                    0.5380186534558429
                ],
                [
                    0.12129325502981154,
                    -2.7120313875022682e-08,
                    0.9926167167060367,
                    -0.13700034676132467
                ],
                [
                    0.0,
                    0.0,
                    0.0,
                    1.0
                ]
            ],
            "size": [
                0.09102,
                0.10007,
                0.11882
            ]
        },
        "distance": 0.0
    },
    {
        "case": 3,
        "collider1": {
            "type": "Cylinder",
            "collider2origin": [
                [
                    1.0,
                    0.0,
                    0.0,
                    0.36025
                ],
                [
                    0.0,
                    1.0,
                    0.0,
                    0.66562
                ],
                [
                    0.0,
                    0.0,
                    1.0,
                    -0.35
                ],
                [
                    0.0,
                    0.0,
                    0.0,
                    1.0
                ]
            ],
            "radius": 0.11,
            "height": 0.68
        },
        "collider2": {
            "type": "Box",
            "collider2origin": [
                [
                    -0.008924366911204146,
                    -0.45146666178516937,
                    -0.8922433574825814,
                    0.5869947019109429
                ],
                [
                    0.004519494233948329,
                    -0.8922879878622886,
                    0.4514440395979746,
                    0.50619201174153
                ],
                [
                    -0.9999499636717346,
                    -3.6364601727254983e-06,
                    0.010003506368901108,
                    -0.1423956097376956
                ],
                [
                    0.0,
                    0.0,
                    0.0,
                    1.0
                ]
            ],
            "size": [
                0.1202,
                0.13634,
                0.67816
            ]
        },
        "distance": 0.0
    },
    {
        "case": 4,
        "collider1": {
            "type": "Cylinder",
            "collider2origin": [
                [
                    1.0,
                    0.0,
                    0.0,
                    0.36025
                ],
                [
                    0.0,
                    1.0,
                    0.0,
                    0.66562
                ],
                [
                    0.0,
                    0.0,
                    1.0,
                    -0.35
                ],
                [
                    0.0,
                    0.0,
                    0.0,
                    1.0
                ]
            ],
            "radius": 0.11,
            "height": 0.68
        },
        "collider2": {
            "type": "Box",
            "collider2origin": [
                [
                    0.397404633746184,
                    -0.45146044984160966,
                    0.798907390944578,
                    0.5308100312157156
                ],
                [
                    -0.20107476365316948,
                    -0.8922911308539517,
                    -0.4042096946155521,
                    0.39302788567824193
                ],
                [
                    0.8953426698749943,
                    -5.309169600907591e-06,
                    -0.4453779333026383,
                    -0.006389207674125874
                ],
                [
                    0.0,
                    0.0,
                    0.0,
                    1.0
                ]
            ],
            "size": [
                0.15068,
                0.17726,
                0.74884
            ]
        },
        "distance": 0.01456156208314036
    },
    {
        "case": 5,
        "collider1": {
            "type": "Box",
            "collider2origin": [
                [
                    0.9980268447818988,
                    0.0627886701140236,
                    0.0,
                    -0.04
                ],
                [
                    -0.0627886701140236,
                    0.9980268447818988,
                    0.0,
                    0.02
                ],
                [
                    0.0,
                    0.0,
                    1.0,
                    -0.13
                ],
                [
                    0.0,
                    0.0,
                    0.0,
                    1.0
                ]
            ],
            "size": [
                0.6,
                0.4,
                0.4
            ]
        },
        "collider2": {
            "type": "Box",
            "collider2origin": [
                [
                    0.397404633746184,
                    -0.45146044984160966,
                    0.798907390944578,
                    0.5308100312157156
                ],
                [
                    -0.20107476365316948,
                    -0.8922911308539517,
                    -0.4042096946155521,
                    0.39302788567824193
                ],
                [
                    0.8953426698749943,
                    -5.309169600907591e-06,
                    -0.4453779333026383,
                    -0.006389207674125874
                ],
                [
                    0.0,
                    0.0,
                    0.0,
                    1.0
                ]
            ],
            "size": [
                0.15068,
                0.17726,
                0.74884
            ]
        },
        "distance": 0.1997786387623388
    },
    {
        "case": 6,
        "collider1": {
            "type": "Cylinder",
            "collider2origin": [
                [
                    1.0,
                    0.0,
                    0.0,
                    0.36025
                ],
                [
                    0.0,
                    1.0,
                    0.0,
                    0.66562
                ],
                [
                    0.0,
                    0.0,
                    1.0,
                    -0.35
                ],
                [
                    0.0,
                    0.0,
                    0.0,
                    1.0
                ]
            ],
            "radius": 0.11,
            "height": 0.68
        },
        "collider2": {
            "type": "Box",
            "collider2origin": [
                [
                    0.397404633746184,
                    -0.45146044984160966,
                    0.798907390944578,
                    0.5308100312157156
                ],
                [
                    -0.20107476365316948,
                    -0.8922911308539517,
                    -0.4042096946155521,
                    0.39302788567824193
                ],
                [
                    0.8953426698749943,
                    -5.309169600907591e-06,
                    -0.4453779333026383,
                    -0.006389207674125874
                ],
                [
                    0.0,
                    0.0,
                    0.0,
                    1.0
                ]
            ],
            "size": [
                0.15068,
                0.17726,
                0.74884
            ]
        },
        "distance": 0.01456156208314036
    },
    {
        "case": 7,
        "collider1": {
            "type": "Box",
            "collider2origin": [
                [
                    0.9980268447818988,
                    0.0627886701140236,
                    0.0,
                    -0.04
                ],
                [
                    -0.0627886701140236,
                    0.9980268447818988,
                    0.0,
                    0.02
                ],
                [
                    0.0,
                    0.0,
                    1.0,
                    -0.13
                ],
                [
                    0.0,
                    0.0,
                    0.0,
                    1.0
                ]
            ],
            "size": [
                0.6,
                0.4,
                0.4
            ]
        },
        "collider2": {
            "type": "Box",
            "collider2origin": [
                [
                    0.397404633746184,
                    -0.45146044984160966,
                    0.798907390944578,
                    0.5308100312157156
                ],
                [
                    -0.20107476365316948,
                    -0.8922911308539517,
                    -0.4042096946155521,
                    0.39302788567824193
                ],
                [
                    0.8953426698749943,
                    -5.309169600907591e-06,
                    -0.4453779333026383,
                    -0.006389207674125874
                ],
                [
                    0.0,
                    0.0,
                    0.0,
                    1.0
                ]
            ],
            "size": [
                0.15068,
                0.17726,
                0.74884
            ]
        },
        "distance": 0.1997786387623388
    }
]