[
    {
        "case": 0,
        "collider1": {
            "type": "Cylinder",
            "collider2origin": [
                [
                    1.0,
                    0.0,
                    0.0,
                    0.36025
                ],
                [
                    0.0,
                    1.0,
                    0.0,
                    0.66562
                ],
                [
                    0.0,
                    0.0,
                    1.0,
                    -0.35
                ],
                [
                    0.0,
                    0.0,
                    0.0,
                    1.0
                ]
            ],
            "radius": 0.11,
            "height": 0.68
        },
        "collider2": {
            "type": "Box",
            "collider2origin": [
                [
                    0.3067862225440319,
                    0.9252133479175231,
                    0.22329906961833115,
                    0.5984402954353111
                ],
                [
                    0.7480321811770493,
                    -0.3794473096374769,
                    0.5444883792445775,
                    0.7670266997206773
                ],
                [
                    0.588498147474289,
                    -6.642986160142697e-06,
                    -0.8084985654750418,
                    -0.11528415748507015
                ],
                [
                    0.0,
                    0.0,
                    0.0,
                    1.0
                ]
            ],
            "size": [
                0.15068,
                0.17726,
                0.74884
            ]
        },
        "distance": 0.0
    },
    {
        "case": 1,
        "collider1": {
            "type": "Cylinder",
            "collider2origin": [
                [
                    1.0,
                    0.0,
                    0.0,
                    0.36025
                ],
                [
                    0.0,
                    1.0,
                    0.0,
                    0.66562
                ],
                [
                    0.0,
                    0.0,
                    1.0,
                    -0.35
                ],
                [
                    0.0,
                    0.0,
                    0.0,
                    1.0
                ]
            ],
            "radius": 0.11,
            "height": 0.68
        },
        "collider2": {
            "type": "Box",
            "collider2origin": [
                [
                    0.3067862225440319,
                    0.9252133479175231,
                    0.22329906961833115,
                    0.5984402954353111
                ],
                [
                    0.7480321811770493,
                    -0.3794473096374769,
                    0.5444883792445775,
                    0.7670266997206773
                ],
                [
                    0.588498147474289,
                    -6.642986160142697e-06,
                    -0.8084985654750418,
                    -0.11528415748507015
                ],
                [
                    0.0,
                    0.0,
                    0.0,
                    1.0
                ]
            ],
            "size": [
                0.15068,
                0.17726,
                0.74884
            ]
        },
        "distance": 0.0
    },
    {
        "case": 2,
        "collider1": {
            "type": "Cylinder",
            "collider2origin": [
                [
                    1.0,
                    0.0,
                    0.0,
                    0.36025
                ],
                [
                    0.0,
                    1.0,
                    0.0,
                    0.66562
                ],
                [
                    0.0,
                    0.0,
                    1.0,
                    -0.35
                ],
                [
                    0.0,
                    0.0,
                    0.0,
                    1.0
                ]
            ],
            "radius": 0.11,
            "height": 0.68
        },
        "collider2": {
            "type": "Box",
            "collider2origin": [
                [
                    -0.1407499664808024,
                    0.9252112333200304,
                    -0.3523827757908735,
                    0.4524630978206018
                ],
                [
                    -0.34318212677291954,
                    -0.3794524657095913,
                    -0.8592100174756618,
                    0.7440476414154609
                ],
                [
                    -0.9286632730970191,
                    -2.31072561220879e-06,
                    0.37092388059464676,
                    -0.26343257924024266
                ],
                [
                    0.0,
                    0.0,
                    0.0,
                    1.0
                ]
            ],
            "size": [
                0.1202,
                0.13634,
                0.67816
            ]
        },
        "distance": 0.0
    },
    {
        "case": 3,
        "collider1": {
            "type": "Cylinder",
            "collider2origin": [
                [
                    1.0,
                    0.0,
                    0.0,
                    0.36025
                ],
                [
                    0.0,
                    1.0,
                    0.0,
                    0.66562
                ],
                [
                    0.0,
                    0.0,
                    1.0,
                    -0.35
                ],
                [
                    0.0,
                    0.0,
                    0.0,
                    1.0
                ]
            ],
            "radius": 0.11,
            "height": 0.68
        },
        "collider2": {
            "type": "Box",
            "collider2origin": [
                [
                    -0.8033424692789174,
                    0.47254772381350557,
                    0.3624079548954823,
                    0.4982230040605159
                ],
                [
                    0.45734485935006947,
                    0.09978757963101417,
                    0.8836730835424654,
                    0.548449996874164
                ],
                [
                    0.38141389156520794,
                    0.8756375321273402,
                    -0.2962808729078287,
                    -0.1864778498269991
                ],
                [
                    0.0,
                    0.0,
                    0.0,
                    1.0
                ]
            ],
            "size": [
                0.09126,
                0.11887,
                0.10009
            ]
        },
        "distance": 0.0
    }
]