[
    {
        "case": 0,
        "collider1": {
            "type": "Box",
            "collider2origin": [
                [
                    0.9992356923808713,
                    0.039090038016362835,
                    0.0,
                    -0.10710036334624623
                ],
                [
                    -0.039090038016362835,
                    0.9992356923808713,
                    0.0,
                    0.41486694795461987
                ],
                [
                    0.0,
                    0.0,
                    1.0,
                    -0.40439
                ],
                [
                    0.0,
                    0.0,
                    0.0,
                    1.0
                ]
            ],
            "size": [
                0.08,
                1.0,
                0.812
            ]
        },
        "collider2": {
            "type": "Box",
            "collider2origin": [
                [
                    -0.07841176296237919,
                    0.3035475291142373,
                    0.949584379082645,
                    -0.12619390937545016
                ],
                [
                    -0.02498388874584372,
                    -0.9528162979070405,
                    0.3025176155959469,
                    0.3440455016151051
                ],
                [
                    0.9966079473555619,
                    -3.3709157383561006e-06,
                    0.08229580339464442,
                    -0.30387092849414443
                ],
                [
                    0.0,
                    0.0,
                    0.0,
                    1.0
                ]
            ],
            "size": [
                0.09102,
                0.10007,
                0.11882
            ]
        },
        "distance": 0.0
    },
    {
        "case": 1,
        "collider1": {
            "type": "Box",
            "collider2origin": [
                [
                    0.9992356923808713,
                    0.039090038016362835,
                    0.0,
                    -0.7387332447251884
                ],
                [
                    -0.039090038016362835,
                    0.9992356923808713,
                    0.0,
                    0.6397293653589854
                ],
                [
                    0.0,
                    0.0,
                    1.0,
                    -0.40439
                ],
                [
                    0.0,
                    0.0,
                    0.0,
                    1.0
                ]
            ],
            "size": [
                1.2,
                1.4,
                0.812
            ]
        },
        "collider2": {
            "type": "Box",
            "collider2origin": [
                [
                    -0.07841176296237919,
                    0.3035475291142373,
                    0.949584379082645,
                    -0.12619390937545016
                ],
                [
                    -0.02498388874584372,
                    -0.9528162979070405,
                    0.3025176155959469,
                    0.3440455016151051
                ],
                [
                    0.9966079473555619,
                    -3.3709157383561006e-06,
                    0.08229580339464442,
                    -0.30387092849414443
                ],
                [
                    0.0,
                    0.0,
                    0.0,
                    1.0
                ]
            ],
            "size": [
                0.09102,
                0.10007,
                0.11882
            ]
        },
        "distance": 0.0
    },
    {
        "case": 2,
        "collider1": {
            "type": "Box",
            "collider2origin": [
                [
                    0.9980268447818988,
                    0.0627886701140236,
                    0.0,
                    -0.04
                ],
                [
                    -0.0627886701140236,
                    0.9980268447818988,
                    0.0,
                    0.02
                ],
                [
                    0.0,
                    0.0,
                    1.0,
                    -0.13
                ],
                [
                    0.0,
                    0.0,
                    0.0,
                    1.0
                ]
            ],
            "size": [
                0.6,
                0.4,
                0.4
            ]
        },
        "collider2": {
            "type": "Cylinder",
            "collider2origin": [
                [
                    -0.5007676771547886,
                    -0.8036609528233258,
                    -0.32149775492855376,
                    0.06409736912091912
                ],
                [
                    -0.8198246327276001,
                    0.32120265541738785,
                    0.47404264125273965,
                    0.2069113665912512
                ],
                [
                    -0.277703628154283,
                    0.500957011189505,
                    -0.8197089531352121,
                    -0.12691649587072495
                ],
                [
                    0.0,
                    0.0,
                    0.0,
                    1.0
                ]
            ],
            "radius": 0.00783,
            "height": 0.03044
        },
        "distance": 0.0
    },
    {
        "case": 3,
        "collider1": {
            "type": "Box",
            "collider2origin": [
                [
                    0.9992356923808713,
                    0.039090038016362835,
                    0.0,
                    -0.10710036334624623
                ],
                [
                    -0.039090038016362835,
                    0.9992356923808713,
                    0.0,
                    0.41486694795461987
                ],
                [
                    0.0,
                    0.0,
                    1.0,
                    -0.40439
                ],
                [
                    0.0,
                    0.0,
                    0.0,
                    1.0
                ]
            ],
            "size": [
                0.08,
                1.0,
                0.812
            ]
        },
        "collider2": {
            "type": "Box",
            "collider2origin": [
                [
                    0.7234908406940426,
                    0.17908150153779753,
                    -0.6667014468551835,
                    -0.004472771618548144
                ],
                [
                    -0.3485487851137602,
                    -0.738868127132844,
                    -0.5767041139986128,
                    0.31713766296024837
                ],
                [
                    -0.5958814880725435,
                    0.6496181236035297,
                    -0.47214568266402696,
                    -0.24489958301661907
                ],
                [
                    0.0,
                    0.0,
                    0.0,
                    1.0
                ]
            ],
            "size": [
                0.08993,
                0.0305,
                0.09007
            ]
        },
        "distance": 0.0010937823524703348
    },
    {
        "case": 4,
        "collider1": {
            "type": "Box",
            "collider2origin": [
                [
                    0.9992356923808713,
                    0.039090038016362835,
                    0.0,
                    -0.10710036334624623
                ],
                [
                    -0.039090038016362835,
                    0.9992356923808713,
                    0.0,
                    0.41486694795461987
                ],
                [
                    0.0,
                    0.0,
                    1.0,
                    -0.40439
                ],
                [
                    0.0,
                    0.0,
                    0.0,
                    1.0
                ]
            ],
            "size": [
                0.08,
                1.0,
                0.812
            ]
        },
        "collider2": {
            "type": "Box",
            "collider2origin": [
                [
                    -0.2573270222466759,
                    0.17908743848714193,
                    0.949584379082645,
                    -0.020790345959723233
                ],
                [
                    0.6021310118166897,
                    -0.7388648975711,
                    0.3025176155959469,
                    0.37176235531359925
                ],
                [
                    0.755791669860331,
                    0.6496201601808259,
                    0.08229580339464442,
                    -0.29323160629480505
                ],
                [
                    0.0,
                    0.0,
                    0.0,
                    1.0
                ]
            ],
            "size": [
                0.09126,
                0.11887,
                0.10009
            ]
        },
        "distance": 0.0
    },
    {
        "case": 5,
        "collider1": {
            "type": "Box",
            "collider2origin": [
                [
                    0.9980268447818988,
                    0.0627886701140236,
                    0.0,
                    -0.04
                ],
                [
                    -0.0627886701140236,
                    0.9980268447818988,
                    0.0,
                    0.02
                ],
                [
                    0.0,
                    0.0,
                    1.0,
                    -0.13
                ],
                [
                    0.0,
                    0.0,
                    0.0,
                    1.0
                ]
            ],
            "size": [
                0.6,
                0.4,
                0.4
            ]
        },
        "collider2": {
            "type": "Sphere",
            "collider2origin": [
                [
                    1.0,
                    0.0,
                    0.0,
                    0.029285129978086633
                ],
                [
                    0.0,
                    1.0,
                    0.0,
                    0.1158741592228073
                ],
                [
                    0.0,
                    0.0,
                    1.0,
                    -0.1285828250452974
                ],
                [
                    0.0,
                    0.0,
                    0.0,
                    1.0
                ]
            ],
            "radius": 0.00663
        },
        "distance": 0.0
    },
    {
        "case": 6,
        "collider1": {
            "type": "Box",
            "collider2origin": [
                [
                    0.9980268447818988,
                    0.0627886701140236,
                    0.0,
                    -0.04
                ],
                [
                    -0.0627886701140236,
                    0.9980268447818988,
                    0.0,
                    0.02
                ],
                [
                    0.0,
                    0.0,
                    1.0,
                    -0.13
                ],
                [
                    0.0,
                    0.0,
                    0.0,
                    1.0
                ]
            ],
            "size": [
                0.6,
                0.4,
                0.4
            ]
        },
        "collider2": {
            "type": "Cylinder",
            "collider2origin": [
                [
                    -0.6667026571878031,
                    -0.7446784497819191,
                    0.03100924586505999,
                    0.03582049688915234
                ],
                [
                    -0.5767028779138367,
                    0.541778041939292,
                    0.611465734018125,
                    0.1719808470765386
                ],
                [
                    -0.47214548341016693,
                    0.38978270831685696,
                    -0.7906630652765786,
                    -0.13493552959945443
                ],
                [
                    0.0,
                    0.0,
                    0.0,
                    1.0
                ]
            ],
            "radius": 0.00683,
            "height": 0.01183
        },
        "distance": 0.0
    },
    {
        "case": 7,
        "collider1": {
            "type": "Cylinder",
            "collider2origin": [
                [
                    1.0,
                    0.0,
                    0.0,
                    0.36025
                ],
                [
                    0.0,
                    1.0,
                    0.0,
                    0.66562
                ],
                [
                    0.0,
                    0.0,
                    1.0,
                    -0.35
                ],
                [
                    0.0,
                    0.0,
                    0.0,
                    1.0
                ]
            ],
            "radius": 0.11,
            "height": 0.68
        },
        "collider2": {
            "type": "Box",
            "collider2origin": [
                [
                    -0.29972887587873875,
                    0.303540718874161,
                    -0.9044476949773408,
                    0.10144520314845273
                ],
                [
                    -0.09548254116142772,
                    -0.9528184674842414,
                    -0.2881320050850611,
                    0.5338602882626714
                ],
                [
                    -0.9492342626021374,
                    -2.517724800042208e-06,
                    0.31457004735962574,
                    -0.3956430207475957
                ],
                [
                    0.0,
                    0.0,
                    0.0,
                    1.0
                ]
            ],
            "size": [
                0.1202,
                0.13634,
                0.67816
            ]
        },
        "distance": 0.0
    },
    {
        "case": 8,
        "collider1": {
            "type": "Box",
            "collider2origin": [
                [
                    0.9992356923808713,
                    0.039090038016362835,
                    0.0,
                    -0.10710036334624623
                ],
                [
                    -0.039090038016362835,
                    0.9992356923808713,
                    0.0,
                    0.41486694795461987
                ],
                [
                    0.0,
                    0.0,
                    1.0,
                    -0.40439
                ],
                [
                    0.0,
                    0.0,
                    0.0,
                    1.0
                ]
            ],
            "size": [
                0.08,
                1.0,
                0.812
            ]
        },
        "collider2": {
            "type": "Box",
            "collider2origin": [
                [
                    -0.29972887587873875,
                    0.303540718874161,
                    -0.9044476949773408,
                    0.10144520314845273
                ],
                [
                    -0.09548254116142772,
                    -0.9528184674842414,
                    -0.2881320050850611,
                    0.5338602882626714
                ],
                [
                    -0.9492342626021374,
                    -2.517724800042208e-06,
                    0.31457004735962574,
                    -0.3956430207475957
                ],
                [
                    0.0,
                    0.0,
                    0.0,
                    1.0
                ]
            ],
            "size": [
                0.1202,
                0.13634,
                0.67816
            ]
        },
        "distance": 0.0
    },
    {
        "case": 9,
        "collider1": {
            "type": "Box",
            "collider2origin": [
                [
                    0.9992356923808713,
                    0.039090038016362835,
                    0.0,
                    -0.7387332447251884
                ],
                [
                    -0.039090038016362835,
                    0.9992356923808713,
                    0.0,
                    0.6397293653589854
                ],
                [
                    0.0,
                    0.0,
                    1.0,
                    -0.40439
                ],
                [
                    0.0,
                    0.0,
                    0.0,
                    1.0
                ]
            ],
            "size": [
                1.2,
                1.4,
                0.812
            ]
        },
        "collider2": {
            "type": "Box",
            "collider2origin": [
                [
                    -0.29972887587873875,
                    0.303540718874161,
                    -0.9044476949773408,
                    0.10144520314845273
                ],
                [
                    -0.09548254116142772,
                    -0.9528184674842414,
                    -0.2881320050850611,
                    0.5338602882626714
                ],
                [
                    -0.9492342626021374,
                    -2.517724800042208e-06,
                    0.31457004735962574,
                    -0.3956430207475957
                ],
                [
                    0.0,
                    0.0,
                    0.0,
                    1.0
                ]
            ],
            "size": [
                0.1202,
                0.13634,
                0.67816
            ]
        },
        "distance": 0.0
    },
    {
        "case": 10,
        "collider1": {
            "type": "Box",
            "collider2origin": [
                [
                    0.9980268447818988,
                    0.0627886701140236,
                    0.0,
                    -0.04
                ],
                [
                    -0.0627886701140236,
                    0.9980268447818988,
                    0.0,
                    0.02
                ],
                [
                    0.0,
                    0.0,
                    1.0,
                    -0.13
                ],
                [
                    0.0,
                    0.0,
                    0.0,
                    1.0
                ]
            ],
            "size": [
                0.6,
                0.4,
                0.4
            ]
        },
        "collider2": {
            "type": "Box",
            "collider2origin": [
                [
                    -0.7639639846990924,
                    0.3935001472935238,
                    -0.5113870003848937,
                    0.014393912356104988
                ],
                [
                    -0.5758887185620319,
                    -0.7732840455242694,
                    0.2652997715238359,
                    0.2532019447607914
                ],
                [
                    -0.2910519093145842,
                    0.49718147493404635,
                    0.8173734563017937,
                    -0.19414487188416152
                ],
                [
                    0.0,
                    0.0,
                    0.0,
                    1.0
                ]
            ],
            "size": [
                0.06241,
                0.05638,
                0.02858
            ]
        },
        "distance": 0.0
    },
    {
        "case": 11,
        "collider1": {
            "type": "Box",
            "collider2origin": [
                [
                    0.9980268447818988,
                    0.0627886701140236,
                    0.0,
                    -0.04
                ],
                [
                    -0.0627886701140236,
                    0.9980268447818988,
                    0.0,
                    0.02
                ],
                [
                    0.0,
                    0.0,
                    1.0,
                    -0.13
                ],
                [
                    0.0,
                    0.0,
                    0.0,
                    1.0
                ]
            ],
            "size": [
                0.6,
                0.4,
                0.4
            ]
        },
        "collider2": {
            "type": "Cylinder",
            "collider2origin": [
                [
                    -0.6667026571878031,
                    -0.7446784497819191,
                    0.03100924586505999,
                    0.036322701248183764
                ],
                [
                    -0.5767028779138367,
                    0.541778041939292,
                    0.611465734018125,
                    0.1819627882100165
                ],
                [
                    -0.47214548341016693,
                    0.38978270831685696,
                    -0.7906630652765786,
                    -0.14783713577812652
                ],
                [
                    0.0,
                    0.0,
                    0.0,
                    1.0
                ]
            ],
            "radius": 0.00683,
            "height": 0.01782
        },
        "distance": 0.0
    },
    {
        "case": 12,
        "collider1": {
            "type": "Box",
            "collider2origin": [
                [
                    0.9980268447818988,
                    0.0627886701140236,
                    0.0,
                    -0.04
                ],
                [
                    -0.0627886701140236,
                    0.9980268447818988,
                    0.0,
                    0.02
                ],
                [
                    0.0,
                    0.0,
                    1.0,
                    -0.13
                ],
                [
                    0.0,
                    0.0,
                    0.0,
                    1.0
                ]
            ],
            "size": [
                0.6,
                0.4,
                0.4
            ]
        },
        "collider2": {
            "type": "Cylinder",
            "collider2origin": [
                [
                    -0.7280763839463851,
                    -0.6796941775616255,
                    0.08899777597435303,
                    0.031100919148473904
                ],
                [
                    -0.4392099712667392,
                    0.5622239084187595,
                    0.7007131210004589,
                    0.12884553572796498
                ],
                [
                    -0.5263073059339246,
                    0.47108396469330044,
                    -0.7078704104067456,
                    -0.14409452711986503
                ],
                [
                    0.0,
                    0.0,
                    0.0,
                    1.0
                ]
            ],
            "radius": 0.00796,
            "height": 0.03037
        },
        "distance": 0.0
    },
    {
        "case": 13,
        "collider1": {
            "type": "Box",
            "collider2origin": [
                [
                    0.9980268447818988,
                    0.0627886701140236,
                    0.0,
                    -0.04
                ],
                [
                    -0.0627886701140236,
                    0.9980268447818988,
                    0.0,
                    0.02
                ],
                [
                    0.0,
                    0.0,
                    1.0,
                    -0.13
                ],
                [
                    0.0,
                    0.0,
                    0.0,
                    1.0
                ]
            ],
            "size": [
                0.6,
                0.4,
                0.4
            ]
        },
        "collider2": {
            "type": "Sphere",
            "collider2origin": [
                [
                    1.0,
                    0.0,
                    0.0,
                    0.0037779861146182703
                ],
                [
                    0.0,
                    1.0,
                    0.0,
                    0.18607073034597515
                ],
                [
                    0.0,
                    0.0,
                    1.0,
                    -0.11787870542513035
                ],
                [
                    0.0,
                    0.0,
                    0.0,
                    1.0
                ]
            ],
            "radius": 0.01051
        },
        "distance": 0.0
    },
    {
        "case": 14,
        "collider1": {
            "type": "Box",
            "collider2origin": [
                [
                    0.9980268447818988,
                    0.0627886701140236,
                    0.0,
                    -0.04
                ],
                [
                    -0.0627886701140236,
                    0.9980268447818988,
                    0.0,
                    0.02
                ],
                [
                    0.0,
                    0.0,
                    1.0,
                    -0.13
                ],
                [
                    0.0,
                    0.0,
                    0.0,
                    1.0
                ]
            ],
            "size": [
                0.6,
                0.4,
                0.4
            ]
        },
        "collider2": {
            "type": "Sphere",
            "collider2origin": [
                [
                    1.0,
                    0.0,
                    0.0,
                    0.008386561971076512
                ],
                [
                    0.0,
                    1.0,
                    0.0,
                    0.2032217590777895
                ],
                [
                    0.0,
                    0.0,
                    1.0,
                    -0.08808609254845168
                ],
                [
                    0.0,
                    0.0,
                    0.0,
                    1.0
                ]
            ],
            "radius": 0.00487
        },
        "distance": 0.0
    },
    {
        "case": 15,
        "collider1": {
            "type": "Box",
            "collider2origin": [
                [
                    0.9980268447818988,
                    0.0627886701140236,
                    0.0,
                    -0.04
                ],
                [
                    -0.0627886701140236,
                    0.9980268447818988,
                    0.0,
                    0.02
                ],
                [
                    0.0,
                    0.0,
                    1.0,
                    -0.13
                ],
                [
                    0.0,
                    0.0,
                    0.0,
                    1.0
                ]
            ],
            "size": [
                0.6,
                0.4,
                0.4
            ]
        },
        "collider2": {
            "type": "Sphere",
            "collider2origin": [
                [
                    1.0,
                    0.0,
                    0.0,
                    0.019471106917754777
                ],
                [
                    0.0,
                    1.0,
                    0.0,
                    0.15502031801626714
                ],
                [
                    0.0,
                    0.0,
                    1.0,
                    -0.09113273058433613
                ],
                [
                    0.0,
                    0.0,
                    0.0,
                    1.0
                ]
            ],
            "radius": 0.00563
        },
        "distance": 0.0
    },
    {
        "case": 16,
        "collider1": {
            "type": "Box",
            "collider2origin": [
                [
                    0.9980268447818988,
                    0.0627886701140236,
                    0.0,
                    -0.04
                ],
                [
                    -0.0627886701140236,
                    0.9980268447818988,
                    0.0,
                    0.02
                ],
                [
                    0.0,
                    0.0,
                    1.0,
                    -0.13
                ],
                [
                    0.0,
                    0.0,
                    0.0,
                    1.0
                ]
            ],
            "size": [
                0.6,
                0.4,
                0.4
            ]
        },
        "collider2": {
            "type": "Cylinder",
            "collider2origin": [
                [
                    -0.5991763454698763,
                    -0.4301387186373436,
                    0.6752543148758009,
                    0.019865830521693273
                ],
                [
                    -0.7025937765776534,
                    0.686882008073032,
                    -0.18588999999975522,
                    0.19901697298960952
                ],
                [
                    -0.3838615533544793,
                    -0.5858103700981936,
                    -0.713776238145893,
                    -0.09919860655273849
                ],
                [
                    0.0,
                    0.0,
                    0.0,
                    1.0
                ]
            ],
            "radius": 0.0076,
            "height": 0.02993
        },
        "distance": 0.0
    },
    {
        "case": 17,
        "collider1": {
            "type": "Box",
            "collider2origin": [
                [
                    0.9980268447818988,
                    0.0627886701140236,
                    0.0,
                    -0.04
                ],
                [
                    -0.0627886701140236,
                    0.9980268447818988,
                    0.0,
                    0.02
                ],
                [
                    0.0,
                    0.0,
                    1.0,
                    -0.13
                ],
                [
                    0.0,
                    0.0,
                    0.0,
                    1.0
                ]
            ],
            "size": [
                0.6,
                0.4,
                0.4
            ]
        },
        "collider2": {
            "type": "Sphere",
            "collider2origin": [
                [
                    1.0,
                    0.0,
                    0.0,
                    0.06678820579729522
                ],
                [
                    0.0,
                    1.0,
                    0.0,
                    0.19342284295382417
                ],
                [
                    0.0,
                    0.0,
                    1.0,
                    -0.08915843940506918
                ],
                [
                    0.0,
                    0.0,
                    0.0,
                    1.0
                ]
            ],
            "radius": 0.00484
        },
        "distance": 0.0
    },
    {
        "case": 18,
        "collider1": {
            "type": "Box",
            "collider2origin": [
                [
                    0.9980268447818988,
                    0.0627886701140236,
                    0.0,
                    -0.04
                ],
                [
                    -0.0627886701140236,
                    0.9980268447818988,
                    0.0,
                    0.02
                ],
                [
                    0.0,
                    0.0,
                    1.0,
                    -0.13
                ],
                [
                    0.0,
                    0.0,
                    0.0,
                    1.0
                ]
            ],
            "size": [
                0.6,
                0.4,
                0.4
            ]
        },
        "collider2": {
            "type": "Cylinder",
            "collider2origin": [
                [
                    -0.9373751475504823,
                    -0.07722556672100002,
                    -0.33965282951762854,
                    -0.0044867900890134815
                ],
                [
                    -0.28766653114962637,
                    0.7214688969296933,
                    0.6298655393172359,
                    0.20021815440712898
                ],
                [
                    0.19640722901933075,
                    0.68812705411695,
                    -0.6985022246072492,
                    -0.13356522086794842
                ],
                [
                    0.0,
                    0.0,
                    0.0,
                    1.0
                ]
            ],
            "radius": 0.01169,
            "height": 0.05502
        },
        "distance": 0.0
    },
    {
        "case": 19,
        "collider1": {
            "type": "Box",
            "collider2origin": [
                [
                    0.9980268447818988,
                    0.0627886701140236,
                    0.0,
                    -0.04
                ],
                [
                    -0.0627886701140236,
                    0.9980268447818988,
                    0.0,
                    0.02
                ],
                [
                    0.0,
                    0.0,
                    1.0,
                    -0.13
                ],
                [
                    0.0,
                    0.0,
                    0.0,
                    1.0
                ]
            ],
            "size": [
                0.6,
                0.4,
                0.4
            ]
        },
        "collider2": {
            "type": "Cylinder",
            "collider2origin": [
                [
                    -0.6667026571878031,
                    -0.6312825248097621,
                    0.3962195613148524,
                    0.028832639992366238
                ],
                [
                    -0.5767028779138367,
                    0.773697252646399,
                    0.2623096487994899,
                    0.15898058659301073
                ],
                [
                    -0.47214548341016693,
                    -0.05361842143541386,
                    -0.8798884630327599,
                    -0.10918905831987002
                ],
                [
                    0.0,
                    0.0,
                    0.0,
                    1.0
                ]
            ],
            "radius": 0.00813,
            "height": 0.03824
        },
        "distance": 0.0
    },
    {
        "case": 20,
        "collider1": {
            "type": "Box",
            "collider2origin": [
                [
                    0.9980268447818988,
                    0.0627886701140236,
                    0.0,
                    -0.04
                ],
                [
                    -0.0627886701140236,
                    0.9980268447818988,
                    0.0,
                    0.02
                ],
                [
                    0.0,
                    0.0,
                    1.0,
                    -0.13
                ],
                [
                    0.0,
                    0.0,
                    0.0,
                    1.0
                ]
            ],
            "size": [
                0.6,
                0.4,
                0.4
            ]
        },
        "collider2": {
            "type": "Cylinder",
            "collider2origin": [
                [
                    -0.9417166472204304,
                    -0.14585031796096806,
                    -0.3031459072766702,
                    -0.010056647562123655
                ],
                [
                    -0.3036016717328975,
                    0.7566084404778907,
                    0.579111122944987,
                    0.20721615367028406
                ],
                [
                    0.1448992107255969,
                    0.637394189295995,
                    -0.7567911641812423,
                    -0.14539555450830355
                ],
                [
                    0.0,
                    0.0,
                    0.0,
                    1.0
                ]
            ],
            "radius": 0.01271,
            "height": 0.05982
        },
        "distance": 0.0
    },
    {
        "case": 21,
        "collider1": {
            "type": "Box",
            "collider2origin": [
                [
                    0.9980268447818988,
                    0.0627886701140236,
                    0.0,
                    -0.04
                ],
                [
                    -0.0627886701140236,
                    0.9980268447818988,
                    0.0,
                    0.02
                ],
                [
                    0.0,
                    0.0,
                    1.0,
                    -0.13
                ],
                [
                    0.0,
                    0.0,
                    0.0,
                    1.0
                ]
            ],
            "size": [
                0.6,
                0.4,
                0.4
            ]
        },
        "collider2": {
            "type": "Cylinder",
            "collider2origin": [
                [
                    -0.5940190866778564,
                    -0.7235566641174229,
                    0.35157798348826,
                    0.038968211894891525
                ],
                [
                    -0.7075368672077914,
                    0.6778838107306502,
                    0.1996625169907323,
                    0.19929324653472313
                ],
                [
                    -0.3827961679591222,
                    -0.13015103902987898,
                    -0.914618937500888,
                    -0.12935203585690136
                ],
                [
                    0.0,
                    0.0,
                    0.0,
                    1.0
                ]
            ],
            "radius": 0.00783,
            "height": 0.03683
        },
        "distance": 0.0
    },
    {
        "case": 22,
        "collider1": {
            "type": "Box",
            "collider2origin": [
                [
                    0.9980268447818988,
                    0.0627886701140236,
                    0.0,
                    -0.04
                ],
                [
                    -0.0627886701140236,
                    0.9980268447818988,
                    0.0,
                    0.02
                ],
                [
                    0.0,
                    0.0,
                    1.0,
                    -0.13
                ],
                [
                    0.0,
                    0.0,
                    0.0,
                    1.0
                ]
            ],
            "size": [
                0.6,
                0.4,
                0.4
            ]
        },
        "collider2": {
            "type": "Cylinder",
            "collider2origin": [
                [
                    -0.7280763839463851,
                    -0.6343642247125318,
                    -0.2597822348514695,
                    0.029816187167839403
                ],
                [
                    -0.4392099712667392,
                    0.14073211519632642,
                    0.8872931155442587,
                    0.15043837475382882
                ],
                [
                    -0.5263073059339246,
                    0.7601161109707092,
                    -0.38108282244590563,
                    -0.1603433537403035
                ],
                [
                    0.0,
                    0.0,
                    0.0,
                    1.0
                ]
            ],
            "radius": 0.00713,
            "height": 0.01426
        },
        "distance": 0.0
    },
    {
        "case": 23,
        "collider1": {
            "type": "Cylinder",
            "collider2origin": [
                [
                    1.0,
                    0.0,
                    0.0,
                    0.36025
                ],
                [
                    0.0,
                    1.0,
                    0.0,
                    0.66562
                ],
                [
                    0.0,
                    0.0,
                    1.0,
                    -0.35
                ],
                [
                    0.0,
                    0.0,
                    0.0,
                    1.0
                ]
            ],
            "radius": 0.11,
            "height": 0.68
        },
        "collider2": {
            "type": "Box",
            "collider2origin": [
                [
                    0.9515881775126476,
                    0.30354386336972145,
                    -0.04838453708305556,
                    0.4083728914773306
                ],
                [
                    0.3031526340895531,
                    -0.9528174657071959,
                    -0.015406410609931401,
                    0.49904275732023495
                ],
                [
                    -0.050778153400091695,
                    -7.341671615815924e-06,
                    -0.9987099574367807,
                    -0.17227864555906003
                ],
                [
                    0.0,
                    0.0,
                    0.0,
                    1.0
                ]
            ],
            "size": [
                0.15068,
                0.17726,
                0.74884
            ]
        },
        "distance": 0.0
    },
    {
        "case": 24,
        "collider1": {
            "type": "Cylinder",
            "collider2origin": [
                [
                    1.0,
                    0.0,
                    0.0,
                    0.36025
                ],
                [
                    0.0,
                    1.0,
                    0.0,
                    0.66562
                ],
                [
                    0.0,
                    0.0,
                    1.0,
                    -0.35
                ],
                [
                    0.0,
                    0.0,
                    0.0,
                    1.0
                ]
            ],
            "radius": 0.11,
            "height": 0.68
        },
        "collider2": {
            "type": "Box",
            "collider2origin": [
                [
                    0.9515881775126476,
                    0.30354386336972145,
                    -0.04838453708305556,
                    0.4083728914773306
                ],
                [
                    0.3031526340895531,
                    -0.9528174657071959,
                    -0.015406410609931401,
                    0.49904275732023495
                ],
                [
                    -0.050778153400091695,
                    -7.341671615815924e-06,
                    -0.9987099574367807,
                    -0.17227864555906003
                ],
                [
                    0.0,
                    0.0,
                    0.0,
                    1.0
                ]
            ],
            "size": [
                0.15068,
                0.17726,
                0.74884
            ]
        },
        "distance": 0.0
    },
    {
        "case": 25,
        "collider1": {
            "type": "Box",
            "collider2origin": [
                [
                    0.9980268447818988,
                    0.0627886701140236,
                    0.0,
                    -0.04
                ],
                [
                    -0.0627886701140236,
                    0.9980268447818988,
                    0.0,
                    0.02
                ],
                [
                    0.0,
                    0.0,
                    1.0,
                    -0.13
                ],
                [
                    0.0,
                    0.0,
                    0.0,
                    1.0
                ]
            ],
            "size": [
                0.6,
                0.4,
                0.4
            ]
        },
        "collider2": {
            "type": "Cylinder",
            "collider2origin": [
                [
                    -0.5061444598290822,
                    -0.8623427839662232,
                    0.013516979163613968,
                    0.06762377670021391
                ],
                [
                    -0.8180234975891914,
                    0.48497898698089864,
                    0.30924575919311664,
                    0.19648394273583952
                ],
                [
                    -0.27323129977415206,
                    0.14546582116897458,
                    -0.9508860876547531,
                    -0.10330913512615447
                ],
                [
                    0.0,
                    0.0,
                    0.0,
                    1.0
                ]
            ],
            "radius": 0.0076,
            "height": 0.02993
        },
        "distance": 0.0
    },
    {
        "case": 26,
        "collider1": {
            "type": "Box",
            "collider2origin": [
                [
                    0.9980268447818988,
                    0.0627886701140236,
                    0.0,
                    -0.04
                ],
                [
                    -0.0627886701140236,
                    0.9980268447818988,
                    0.0,
                    0.02
                ],
                [
                    0.0,
                    0.0,
                    1.0,
                    -0.13
                ],
                [
                    0.0,
                    0.0,
                    0.0,
                    1.0
                ]
            ],
            "size": [
                0.6,
                0.4,
                0.4
            ]
        },
        "collider2": {
            "type": "Box",
            "collider2origin": [
                [
                    -0.639849113901089,
                    0.39350107250049843,
                    -0.660113639747694,
                    0.03491553219016563
                ],
                [
                    -0.6186926234918266,
                    -0.7732865208868398,
                    0.13873497847164343,
                    0.21220291415880754
                ],
                [
                    -0.4558646170485182,
                    0.497176892620407,
                    0.7382429060732811,
                    -0.17115926097029022
                ],
                [
                    0.0,
                    0.0,
                    0.0,
                    1.0
                ]
            ],
            "size": [
                0.07264,
                0.04753,
                0.03326
            ]
        },
        "distance": 0.0
    },
    {
        "case": 27,
        "collider1": {
            "type": "Box",
            "collider2origin": [
                [
                    0.9980268447818988,
                    0.0627886701140236,
                    0.0,
                    -0.04
                ],
                [
                    -0.0627886701140236,
                    0.9980268447818988,
                    0.0,
                    0.02
                ],
                [
                    0.0,
                    0.0,
                    1.0,
                    -0.13
                ],
                [
                    0.0,
                    0.0,
                    0.0,
                    1.0
                ]
            ],
            "size": [
                0.6,
                0.4,
                0.4
            ]
        },
        "collider2": {
            "type": "Cylinder",
            "collider2origin": [
                [
                    -0.717138407248987,
                    -0.6544610221736219,
                    -0.23956893643342775,
                    0.025705160434034036
                ],
                [
                    -0.4246425216327724,
                    0.13775691161400497,
                    0.8948194019599324,
                    0.16411651368589475
                ],
                [
                    -0.5526221436657656,
                    0.7434405179690091,
                    -0.3767027509485753,
                    -0.16632918150981812
                ],
                [
                    0.0,
                    0.0,
                    0.0,
                    1.0
                ]
            ],
            "radius": 0.00713,
            "height": 0.01697
        },
        "distance": 0.0
    }
]